05:11:57.743 [AMR-01] INITIALIZED at pos=(2.0, 10.0) port=5001
05:11:57.744 [AMR-01] P2P Network Node listening on UDP 127.0.0.1:5001
05:11:57.744 [AMR-01] STATE_TRANSITION IDLE -> PLANNING (intent=MOVE)
05:11:57.744 [AMR-01] GOAL_SET goal=(22.0, 10.0)
05:11:57.744 [AMR-01] CONTROL_LOOP STARTED at 10.0 Hz
05:11:57.744 [AMR-01] STATE_TRANSITION PLANNING -> MOVING (intent=MOVE)
05:11:57.744 [AMR-01] PATH_PLANNED length=23 waypoints=[(2, 10), (3, 10), (3, 9), (4, 9), (5, 9)]...
05:11:57.744 WebSocket Server listening on ws://127.0.0.1:8001
05:11:57.744 [AMR-01] FRONTEND_CONNECTED ws://127.0.0.1:8001
05:11:57.744 [AMR-01] STATE_TRANSITION MOVING -> PLANNING (intent=MOVE)
05:11:57.744 [AMR-01] GOAL_SET goal=(22.0, 10.0)
05:11:57.845 [AMR-01] P2P: AMR-01 ↔ AMR-04 connected
05:11:57.845 [AMR-01] P2P: AMR-01 ↔ AMR-02 connected
05:11:57.845 [AMR-01] P2P: AMR-01 ↔ AMR-03 connected
05:11:57.846 [AMR-01] STATE_TRANSITION PLANNING -> MOVING (intent=MOVE)
05:11:57.846 [AMR-01] PATH_PLANNED length=23 waypoints=[(2, 10), (3, 10), (3, 9), (4, 9), (5, 9)]...
05:11:58.449 [AMR-01] STATE_TRANSITION MOVING -> EMERGENCY_STOP (intent=STOP)
05:11:58.449 [AMR-01] SAFETY_STOP min_obstacle_distance=1.10m <= 1.2m
05:11:58.551 [AMR-01] STATE_TRANSITION EMERGENCY_STOP -> MOVING (intent=MOVE)
05:11:58.650 [AMR-01] STATE_TRANSITION MOVING -> EMERGENCY_STOP (intent=STOP)
05:11:58.651 [AMR-01] SAFETY_STOP min_obstacle_distance=1.00m <= 1.2m
05:11:58.751 [AMR-01] STATE_TRANSITION EMERGENCY_STOP -> MOVING (intent=MOVE)
05:11:58.852 [AMR-01] STATE_TRANSITION MOVING -> EMERGENCY_STOP (intent=STOP)
05:11:58.852 [AMR-01] SAFETY_STOP min_obstacle_distance=1.15m <= 1.2m
05:11:58.953 [AMR-01] STATE_TRANSITION EMERGENCY_STOP -> MOVING (intent=MOVE)
05:12:00.163 [AMR-01] STATE_TRANSITION MOVING -> EMERGENCY_STOP (intent=STOP)
05:12:00.164 [AMR-01] SAFETY_STOP min_obstacle_distance=1.09m <= 1.2m
05:12:00.264 [AMR-01] STATE_TRANSITION EMERGENCY_STOP -> MOVING (intent=MOVE)
05:12:00.365 [AMR-01] STATE_TRANSITION MOVING -> EMERGENCY_STOP (intent=STOP)
05:12:00.366 [AMR-01] SAFETY_STOP min_obstacle_distance=1.00m <= 1.2m
05:12:00.466 [AMR-01] STATE_TRANSITION EMERGENCY_STOP -> MOVING (intent=MOVE)
05:12:00.567 [AMR-01] STATE_TRANSITION MOVING -> EMERGENCY_STOP (intent=STOP)
05:12:00.567 [AMR-01] SAFETY_STOP min_obstacle_distance=1.01m <= 1.2m
05:12:00.669 [AMR-01] STATE_TRANSITION EMERGENCY_STOP -> MOVING (intent=MOVE)
05:12:00.769 [AMR-01] STATE_TRANSITION MOVING -> EMERGENCY_STOP (intent=STOP)
05:12:00.769 [AMR-01] SAFETY_STOP min_obstacle_distance=1.04m <= 1.2m
05:12:00.869 [AMR-01] STATE_TRANSITION EMERGENCY_STOP -> MOVING (intent=MOVE)
05:12:00.971 [AMR-01] STATE_TRANSITION MOVING -> EMERGENCY_STOP (intent=STOP)
05:12:00.971 [AMR-01] SAFETY_STOP min_obstacle_distance=1.10m <= 1.2m
05:12:01.071 [AMR-01] STATE_TRANSITION EMERGENCY_STOP -> MOVING (intent=MOVE)
05:12:01.171 [AMR-01] STATE_TRANSITION MOVING -> EMERGENCY_STOP (intent=STOP)
05:12:01.171 [AMR-01] SAFETY_STOP min_obstacle_distance=1.17m <= 1.2m
05:12:01.273 [AMR-01] STATE_TRANSITION EMERGENCY_STOP -> MOVING (intent=MOVE)
05:12:01.876 [AMR-01] STATE_TRANSITION MOVING -> EMERGENCY_STOP (intent=STOP)
05:12:01.876 [AMR-01] SAFETY_STOP min_obstacle_distance=1.14m <= 1.2m
05:12:01.977 [AMR-01] STATE_TRANSITION EMERGENCY_STOP -> MOVING (intent=MOVE)
05:12:02.078 [AMR-01] STATE_TRANSITION MOVING -> EMERGENCY_STOP (intent=STOP)
05:12:02.079 [AMR-01] SAFETY_STOP min_obstacle_distance=1.08m <= 1.2m
05:12:02.179 [AMR-01] STATE_TRANSITION EMERGENCY_STOP -> MOVING (intent=MOVE)
05:12:02.280 [AMR-01] STATE_TRANSITION MOVING -> EMERGENCY_STOP (intent=STOP)
05:12:02.280 [AMR-01] SAFETY_STOP min_obstacle_distance=1.03m <= 1.2m
05:12:02.380 [AMR-01] STATE_TRANSITION EMERGENCY_STOP -> MOVING (intent=MOVE)
05:12:02.481 [AMR-01] STATE_TRANSITION MOVING -> EMERGENCY_STOP (intent=STOP)
05:12:02.481 [AMR-01] SAFETY_STOP min_obstacle_distance=1.00m <= 1.2m
05:12:02.582 [AMR-01] STATE_TRANSITION EMERGENCY_STOP -> MOVING (intent=MOVE)
05:12:02.682 [AMR-01] STATE_TRANSITION MOVING -> EMERGENCY_STOP (intent=STOP)
05:12:02.682 [AMR-01] SAFETY_STOP min_obstacle_distance=1.00m <= 1.2m
05:12:02.782 [AMR-01] STATE_TRANSITION EMERGENCY_STOP -> MOVING (intent=MOVE)
05:12:02.883 [AMR-01] STATE_TRANSITION MOVING -> EMERGENCY_STOP (intent=STOP)
05:12:02.883 [AMR-01] SAFETY_STOP min_obstacle_distance=1.01m <= 1.2m
05:12:02.984 [AMR-01] STATE_TRANSITION EMERGENCY_STOP -> MOVING (intent=MOVE)
05:12:03.085 [AMR-01] STATE_TRANSITION MOVING -> EMERGENCY_STOP (intent=STOP)
05:12:03.085 [AMR-01] SAFETY_STOP min_obstacle_distance=1.04m <= 1.2m
05:12:03.185 [AMR-01] STATE_TRANSITION EMERGENCY_STOP -> MOVING (intent=MOVE)
05:12:03.286 [AMR-01] STATE_TRANSITION MOVING -> EMERGENCY_STOP (intent=STOP)
05:12:03.286 [AMR-01] SAFETY_STOP min_obstacle_distance=1.10m <= 1.2m
05:12:03.387 [AMR-01] STATE_TRANSITION EMERGENCY_STOP -> MOVING (intent=MOVE)
05:12:03.487 [AMR-01] STATE_TRANSITION MOVING -> EMERGENCY_STOP (intent=STOP)
05:12:03.487 [AMR-01] SAFETY_STOP min_obstacle_distance=1.08m <= 1.2m
05:12:03.588 [AMR-01] STATE_TRANSITION EMERGENCY_STOP -> MOVING (intent=MOVE)
05:12:03.688 [AMR-01] STATE_TRANSITION MOVING -> EMERGENCY_STOP (intent=STOP)
05:12:03.689 [AMR-01] SAFETY_STOP min_obstacle_distance=1.03m <= 1.2m
05:12:03.789 [AMR-01] STATE_TRANSITION EMERGENCY_STOP -> MOVING (intent=MOVE)
05:12:03.889 [AMR-01] STATE_TRANSITION MOVING -> EMERGENCY_STOP (intent=STOP)
05:12:03.889 [AMR-01] SAFETY_STOP min_obstacle_distance=1.00m <= 1.2m
05:12:03.990 [AMR-01] STATE_TRANSITION EMERGENCY_STOP -> MOVING (intent=MOVE)
05:12:04.090 [AMR-01] STATE_TRANSITION MOVING -> EMERGENCY_STOP (intent=STOP)
05:12:04.090 [AMR-01] SAFETY_STOP min_obstacle_distance=1.00m <= 1.2m
05:12:04.192 [AMR-01] STATE_TRANSITION EMERGENCY_STOP -> MOVING (intent=MOVE)
05:12:04.292 [AMR-01] STATE_TRANSITION MOVING -> EMERGENCY_STOP (intent=STOP)
05:12:04.292 [AMR-01] SAFETY_STOP min_obstacle_distance=1.01m <= 1.2m
05:12:04.393 [AMR-01] STATE_TRANSITION EMERGENCY_STOP -> MOVING (intent=MOVE)
05:12:04.494 [AMR-01] STATE_TRANSITION MOVING -> EMERGENCY_STOP (intent=STOP)
05:12:04.494 [AMR-01] SAFETY_STOP min_obstacle_distance=1.04m <= 1.2m
05:12:04.595 [AMR-01] STATE_TRANSITION EMERGENCY_STOP -> MOVING (intent=MOVE)
05:12:04.696 [AMR-01] STATE_TRANSITION MOVING -> EMERGENCY_STOP (intent=STOP)
05:12:04.696 [AMR-01] SAFETY_STOP min_obstacle_distance=1.10m <= 1.2m
05:12:04.797 [AMR-01] STATE_TRANSITION EMERGENCY_STOP -> MOVING (intent=MOVE)
05:12:04.898 [AMR-01] STATE_TRANSITION MOVING -> EMERGENCY_STOP (intent=STOP)
05:12:04.898 [AMR-01] SAFETY_STOP min_obstacle_distance=1.07m <= 1.2m
05:12:04.998 [AMR-01] STATE_TRANSITION EMERGENCY_STOP -> MOVING (intent=MOVE)
05:12:05.099 [AMR-01] STATE_TRANSITION MOVING -> EMERGENCY_STOP (intent=STOP)
05:12:05.099 [AMR-01] SAFETY_STOP min_obstacle_distance=1.03m <= 1.2m
05:12:05.199 [AMR-01] STATE_TRANSITION EMERGENCY_STOP -> MOVING (intent=MOVE)
05:12:05.300 [AMR-01] STATE_TRANSITION MOVING -> EMERGENCY_STOP (intent=STOP)
05:12:05.300 [AMR-01] SAFETY_STOP min_obstacle_distance=1.00m <= 1.2m
05:12:05.401 [AMR-01] STATE_TRANSITION EMERGENCY_STOP -> MOVING (intent=MOVE)
05:12:05.501 [AMR-01] STATE_TRANSITION MOVING -> EMERGENCY_STOP (intent=STOP)
05:12:05.501 [AMR-01] SAFETY_STOP min_obstacle_distance=1.00m <= 1.2m
05:12:05.603 [AMR-01] STATE_TRANSITION EMERGENCY_STOP -> MOVING (intent=MOVE)
05:12:05.703 [AMR-01] STATE_TRANSITION MOVING -> EMERGENCY_STOP (intent=STOP)
05:12:05.703 [AMR-01] SAFETY_STOP min_obstacle_distance=1.01m <= 1.2m
05:12:05.804 [AMR-01] STATE_TRANSITION EMERGENCY_STOP -> MOVING (intent=MOVE)
05:12:05.905 [AMR-01] STATE_TRANSITION MOVING -> EMERGENCY_STOP (intent=STOP)
05:12:05.905 [AMR-01] SAFETY_STOP min_obstacle_distance=1.04m <= 1.2m
05:12:06.006 [AMR-01] STATE_TRANSITION EMERGENCY_STOP -> MOVING (intent=MOVE)
05:12:06.107 [AMR-01] STATE_TRANSITION MOVING -> EMERGENCY_STOP (intent=STOP)
05:12:06.107 [AMR-01] SAFETY_STOP min_obstacle_distance=1.10m <= 1.2m
05:12:06.208 [AMR-01] STATE_TRANSITION EMERGENCY_STOP -> MOVING (intent=MOVE)
05:12:06.309 [AMR-01] STATE_TRANSITION MOVING -> EMERGENCY_STOP (intent=STOP)
05:12:06.309 [AMR-01] SAFETY_STOP min_obstacle_distance=1.08m <= 1.2m
05:12:06.410 [AMR-01] STATE_TRANSITION EMERGENCY_STOP -> MOVING (intent=MOVE)
05:12:06.510 [AMR-01] STATE_TRANSITION MOVING -> EMERGENCY_STOP (intent=STOP)
05:12:06.510 [AMR-01] SAFETY_STOP min_obstacle_distance=1.03m <= 1.2m
05:12:06.611 [AMR-01] STATE_TRANSITION EMERGENCY_STOP -> MOVING (intent=MOVE)
05:12:06.711 [AMR-01] STATE_TRANSITION MOVING -> EMERGENCY_STOP (intent=STOP)
05:12:06.711 [AMR-01] SAFETY_STOP min_obstacle_distance=1.00m <= 1.2m
05:12:06.811 [AMR-01] CONFLICT_DETECTED peer=AMR-02 type=INTERSECTION node=(12, 9) safe_wait=(11, 9) DECISION=PROCEED (Higher precedence (52.4 vs 52.0) -> Proceed through (12, 9))
05:12:06.811 [AMR-01] STATE_TRANSITION EMERGENCY_STOP -> MOVING (intent=MOVE)
05:12:06.912 [AMR-01] STATE_TRANSITION MOVING -> EMERGENCY_STOP (intent=STOP)
05:12:06.912 [AMR-01] SAFETY_STOP min_obstacle_distance=1.00m <= 1.2m
05:12:07.013 [AMR-01] CONFLICT_DETECTED peer=AMR-02 type=INTERSECTION node=(12, 9) safe_wait=(11, 9) DECISION=PROCEED (Higher precedence (52.5 vs 52.4) -> Proceed through (12, 9))
05:12:07.013 [AMR-01] STATE_TRANSITION EMERGENCY_STOP -> MOVING (intent=MOVE)
05:12:07.114 [AMR-01] STATE_TRANSITION MOVING -> EMERGENCY_STOP (intent=STOP)
05:12:07.114 [AMR-01] SAFETY_STOP min_obstacle_distance=1.01m <= 1.2m
05:12:07.215 [AMR-01] CONFLICT_DETECTED peer=AMR-02 type=INTERSECTION node=(12, 9) safe_wait=(11, 9) DECISION=PROCEED (Higher precedence (52.6 vs 52.5) -> Proceed through (12, 9))
05:12:07.215 [AMR-01] STATE_TRANSITION EMERGENCY_STOP -> MOVING (intent=MOVE)
05:12:07.315 [AMR-01] STATE_TRANSITION MOVING -> EMERGENCY_STOP (intent=STOP)
05:12:07.315 [AMR-01] SAFETY_STOP min_obstacle_distance=1.04m <= 1.2m
05:12:07.416 [AMR-01] CONFLICT_DETECTED peer=AMR-02 type=INTERSECTION node=(12, 9) safe_wait=(11, 9) DECISION=YIELD (Lower precedence at intersection (52.6 vs 52.7) -> Safe wait at (11, 9) for AMR-02)
05:12:07.416 [AMR-01] STATE_TRANSITION EMERGENCY_STOP -> YIELDING (intent=YIELD)
05:12:07.516 [AMR-01] CONFLICT_DETECTED peer=AMR-02 type=INTERSECTION node=(12, 9) safe_wait=(11, 9) DECISION=PROCEED (Higher precedence (52.8 vs 52.5) -> Proceed through (12, 9))
05:12:07.517 [AMR-01] STATE_TRANSITION YIELDING -> MOVING (intent=MOVE)
05:12:07.618 [AMR-01] STATE_TRANSITION MOVING -> EMERGENCY_STOP (intent=STOP)
05:12:07.618 [AMR-01] SAFETY_STOP min_obstacle_distance=1.10m <= 1.2m
05:12:07.718 [AMR-01] CONFLICT_DETECTED peer=AMR-02 type=INTERSECTION node=(12, 9) safe_wait=(11, 9) DECISION=YIELD (Lower precedence at intersection (52.7 vs 52.7) -> Safe wait at (11, 9) for AMR-02)
05:12:07.718 [AMR-01] STATE_TRANSITION EMERGENCY_STOP -> YIELDING (intent=YIELD)
05:12:07.819 [AMR-01] CONFLICT_DETECTED peer=AMR-02 type=INTERSECTION node=(12, 9) safe_wait=(11, 9) DECISION=YIELD (Lower precedence at intersection (52.9 vs 52.9) -> Safe wait at (11, 9) for AMR-02)
05:12:07.919 [AMR-01] CONFLICT_DETECTED peer=AMR-02 type=INTERSECTION node=(12, 9) safe_wait=(11, 9) DECISION=PROCEED (Higher precedence (53.1 vs 52.8) -> Proceed through (12, 9))
05:12:07.919 [AMR-01] STATE_TRANSITION YIELDING -> MOVING (intent=MOVE)
05:12:08.020 [AMR-01] STATE_TRANSITION MOVING -> EMERGENCY_STOP (intent=STOP)
05:12:08.020 [AMR-01] SAFETY_STOP min_obstacle_distance=1.17m <= 1.2m
05:12:08.121 [AMR-01] CONFLICT_DETECTED peer=AMR-02 type=INTERSECTION node=(12, 9) safe_wait=(11, 9) DECISION=YIELD (Lower precedence at intersection (53.0 vs 53.0) -> Safe wait at (11, 9) for AMR-02)
05:12:08.121 [AMR-01] STATE_TRANSITION EMERGENCY_STOP -> YIELDING (intent=YIELD)
05:12:08.222 [AMR-01] CONFLICT_DETECTED peer=AMR-02 type=INTERSECTION node=(12, 9) safe_wait=(11, 9) DECISION=YIELD (Lower precedence at intersection (53.2 vs 53.2) -> Safe wait at (11, 9) for AMR-02)
05:12:08.323 [AMR-01] CONFLICT_DETECTED peer=AMR-02 type=INTERSECTION node=(12, 9) safe_wait=(11, 9) DECISION=PROCEED (Higher precedence (53.4 vs 53.1) -> Proceed through (12, 9))
05:12:08.323 [AMR-01] STATE_TRANSITION YIELDING -> MOVING (intent=MOVE)
05:12:08.424 [AMR-01] CONFLICT_DETECTED peer=AMR-02 type=INTERSECTION node=(12, 9) safe_wait=(11, 9) DECISION=PROCEED (Higher precedence (53.3 vs 53.1) -> Proceed through (12, 9))
05:12:08.525 [AMR-01] CONFLICT_DETECTED peer=AMR-02 type=INTERSECTION node=(12, 9) safe_wait=(11, 9) DECISION=YIELD (Lower precedence at intersection (53.1 vs 53.3) -> Safe wait at (11, 9) for AMR-02)
05:12:08.525 [AMR-01] STATE_TRANSITION MOVING -> YIELDING (intent=YIELD)
05:12:08.627 [AMR-01] CONFLICT_DETECTED peer=AMR-02 type=INTERSECTION node=(12, 9) safe_wait=(11, 9) DECISION=YIELD (Lower precedence at intersection (53.3 vs 53.5) -> Safe wait at (11, 9) for AMR-02)
05:12:08.727 [AMR-01] CONFLICT_DETECTED peer=AMR-02 type=INTERSECTION node=(12, 9) safe_wait=(11, 9) DECISION=PROCEED (Higher precedence (53.5 vs 53.4) -> Proceed through (12, 9))
05:12:08.727 [AMR-01] STATE_TRANSITION YIELDING -> MOVING (intent=MOVE)
05:12:08.827 [AMR-01] CONFLICT_DETECTED peer=AMR-02 type=INTERSECTION node=(12, 9) safe_wait=(11, 9) DECISION=PROCEED (Higher precedence (53.4 vs 53.2) -> Proceed through (12, 9))
05:12:08.927 [AMR-01] CONFLICT_DETECTED peer=AMR-02 type=INTERSECTION node=(12, 9) safe_wait=(11, 9) DECISION=YIELD (Lower precedence at intersection (53.3 vs 53.4) -> Safe wait at (11, 9) for AMR-02)
05:12:08.927 [AMR-01] STATE_TRANSITION MOVING -> YIELDING (intent=YIELD)
05:12:09.028 [AMR-01] CONFLICT_DETECTED peer=AMR-02 type=INTERSECTION node=(12, 9) safe_wait=(11, 9) DECISION=YIELD (Lower precedence at intersection (53.5 vs 53.6) -> Safe wait at (11, 9) for AMR-02)
05:12:09.129 [AMR-01] CONFLICT_DETECTED peer=AMR-02 type=INTERSECTION node=(12, 9) safe_wait=(11, 9) DECISION=PROCEED (Higher precedence (53.7 vs 53.5) -> Proceed through (12, 9))
05:12:09.130 [AMR-01] STATE_TRANSITION YIELDING -> MOVING (intent=MOVE)
05:12:09.230 [AMR-01] CONFLICT_DETECTED peer=AMR-02 type=INTERSECTION node=(12, 9) safe_wait=(11, 9) DECISION=PROCEED (Higher precedence (53.5 vs 53.4) -> Proceed through (12, 9))
05:12:09.331 [AMR-01] STATE_TRANSITION MOVING -> EMERGENCY_STOP (intent=STOP)
05:12:09.331 [AMR-01] SAFETY_STOP min_obstacle_distance=1.14m <= 1.2m
05:12:09.432 [AMR-01] CONFLICT_DETECTED peer=AMR-02 type=INTERSECTION node=(12, 9) safe_wait=(11, 9) DECISION=YIELD (Lower precedence at intersection (53.4 vs 53.8) -> Safe wait at (11, 9) for AMR-02)
05:12:09.432 [AMR-01] STATE_TRANSITION EMERGENCY_STOP -> YIELDING (intent=YIELD)
05:12:09.533 [AMR-01] CONFLICT_DETECTED peer=AMR-02 type=INTERSECTION node=(12, 9) safe_wait=(11, 9) DECISION=YIELD (Lower precedence at intersection (53.6 vs 53.6) -> Safe wait at (11, 9) for AMR-02)
05:12:09.634 [AMR-01] CONFLICT_DETECTED peer=AMR-02 type=INTERSECTION node=(12, 9) safe_wait=(11, 9) DECISION=PROCEED (Higher precedence (53.8 vs 53.5) -> Proceed through (12, 9))
05:12:09.635 [AMR-01] STATE_TRANSITION YIELDING -> MOVING (intent=MOVE)
05:12:09.735 [AMR-01] STATE_TRANSITION MOVING -> EMERGENCY_STOP (intent=STOP)
05:12:09.735 [AMR-01] SAFETY_STOP min_obstacle_distance=1.08m <= 1.2m
05:12:09.836 [AMR-01] CONFLICT_DETECTED peer=AMR-02 type=INTERSECTION node=(12, 9) safe_wait=(11, 9) DECISION=YIELD (Lower precedence at intersection (53.7 vs 53.7) -> Safe wait at (11, 9) for AMR-02)
05:12:09.836 [AMR-01] STATE_TRANSITION EMERGENCY_STOP -> YIELDING (intent=YIELD)
05:12:09.936 [AMR-01] CONFLICT_DETECTED peer=AMR-02 type=INTERSECTION node=(12, 9) safe_wait=(11, 9) DECISION=YIELD (Lower precedence at intersection (53.9 vs 53.9) -> Safe wait at (11, 9) for AMR-02)
05:12:10.038 [AMR-01] CONFLICT_DETECTED peer=AMR-02 type=INTERSECTION node=(12, 9) safe_wait=(11, 9) DECISION=PROCEED (Higher precedence (54.1 vs 53.8) -> Proceed through (12, 9))
05:12:10.038 [AMR-01] STATE_TRANSITION YIELDING -> MOVING (intent=MOVE)
05:12:10.139 [AMR-01] STATE_TRANSITION MOVING -> EMERGENCY_STOP (intent=STOP)
05:12:10.140 [AMR-01] SAFETY_STOP min_obstacle_distance=1.03m <= 1.2m
05:12:10.240 [AMR-01] CONFLICT_DETECTED peer=AMR-02 type=INTERSECTION node=(12, 9) safe_wait=(11, 9) DECISION=YIELD (Lower precedence at intersection (54.0 vs 54.0) -> Safe wait at (11, 9) for AMR-02)
05:12:10.240 [AMR-01] STATE_TRANSITION EMERGENCY_STOP -> YIELDING (intent=YIELD)
05:12:10.341 [AMR-01] CONFLICT_DETECTED peer=AMR-02 type=INTERSECTION node=(12, 9) safe_wait=(11, 9) DECISION=YIELD (Lower precedence at intersection (54.2 vs 54.2) -> Safe wait at (11, 9) for AMR-02)
05:12:10.444 [AMR-01] CONFLICT_DETECTED peer=AMR-02 type=INTERSECTION node=(12, 9) safe_wait=(11, 9) DECISION=PROCEED (Higher precedence (54.4 vs 54.1) -> Proceed through (12, 9))
05:12:10.444 [AMR-01] STATE_TRANSITION YIELDING -> MOVING (intent=MOVE)
05:12:10.544 [AMR-01] STATE_TRANSITION MOVING -> EMERGENCY_STOP (intent=STOP)
05:12:10.544 [AMR-01] SAFETY_STOP min_obstacle_distance=1.00m <= 1.2m
05:12:10.646 [AMR-01] CONFLICT_DETECTED peer=AMR-02 type=INTERSECTION node=(12, 9) safe_wait=(11, 9) DECISION=YIELD (Lower precedence at intersection (54.2 vs 54.3) -> Safe wait at (11, 9) for AMR-02)
05:12:10.646 [AMR-01] STATE_TRANSITION EMERGENCY_STOP -> YIELDING (intent=YIELD)
05:12:10.747 [AMR-01] CONFLICT_DETECTED peer=AMR-02 type=INTERSECTION node=(12, 9) safe_wait=(11, 9) DECISION=YIELD (Lower precedence at intersection (54.4 vs 54.5) -> Safe wait at (11, 9) for AMR-02)
05:12:10.846 [AMR-01] CONFLICT_DETECTED peer=AMR-02 type=INTERSECTION node=(12, 9) safe_wait=(11, 9) DECISION=PROCEED (Higher precedence (54.6 vs 54.4) -> Proceed through (12, 9))
05:12:10.846 [AMR-01] STATE_TRANSITION YIELDING -> MOVING (intent=MOVE)
05:12:10.946 [AMR-01] STATE_TRANSITION MOVING -> EMERGENCY_STOP (intent=STOP)
05:12:10.946 [AMR-01] SAFETY_STOP min_obstacle_distance=1.00m <= 1.2m
05:12:11.047 [AMR-01] CONFLICT_DETECTED peer=AMR-02 type=INTERSECTION node=(12, 9) safe_wait=(11, 9) DECISION=YIELD (Lower precedence at intersection (54.5 vs 54.6) -> Safe wait at (11, 9) for AMR-02)
05:12:11.047 [AMR-01] STATE_TRANSITION EMERGENCY_STOP -> YIELDING (intent=YIELD)
05:12:11.148 [AMR-01] CONFLICT_DETECTED peer=AMR-02 type=INTERSECTION node=(12, 9) safe_wait=(11, 9) DECISION=PROCEED (Higher precedence (54.7 vs 54.4) -> Proceed through (12, 9))
05:12:11.148 [AMR-01] STATE_TRANSITION YIELDING -> MOVING (intent=MOVE)
05:12:11.248 [AMR-01] STATE_TRANSITION MOVING -> EMERGENCY_STOP (intent=STOP)
05:12:11.248 [AMR-01] SAFETY_STOP min_obstacle_distance=1.01m <= 1.2m
05:12:11.336 Frontend simulation connected from 127.0.0.1:56578
05:12:11.339 [AMR-01] STATE_TRANSITION EMERGENCY_STOP -> PLANNING (intent=MOVE)
05:12:11.340 [AMR-01] GOAL_SET goal=(22.0, 10.0)
05:12:11.350 [AMR-01] STATE_TRANSITION PLANNING -> MOVING (intent=MOVE)
05:12:11.350 [AMR-01] PATH_PLANNED length=15 waypoints=[(9, 9), (10, 9), (11, 9), (12, 9), (13, 9)]...
05:12:11.450 [AMR-01] STATE_TRANSITION MOVING -> EMERGENCY_STOP (intent=STOP)
05:12:11.450 [AMR-01] SAFETY_STOP min_obstacle_distance=1.04m <= 1.2m
05:12:11.550 [AMR-01] CONFLICT_DETECTED peer=AMR-02 type=INTERSECTION node=(12, 9) safe_wait=(11, 9) DECISION=YIELD (Lower precedence at intersection (54.4 vs 54.7) -> Safe wait at (11, 9) for AMR-02)
05:12:11.550 [AMR-01] STATE_TRANSITION EMERGENCY_STOP -> YIELDING (intent=YIELD)
05:12:11.650 [AMR-01] CONFLICT_DETECTED peer=AMR-02 type=INTERSECTION node=(12, 9) safe_wait=(11, 9) DECISION=YIELD (Lower precedence at intersection (54.6 vs 54.7) -> Safe wait at (11, 9) for AMR-02)
05:12:11.752 [AMR-01] CONFLICT_DETECTED peer=AMR-02 type=INTERSECTION node=(12, 9) safe_wait=(11, 9) DECISION=PROCEED (Higher precedence (54.8 vs 54.5) -> Proceed through (12, 9))
05:12:11.752 [AMR-01] STATE_TRANSITION YIELDING -> MOVING (intent=MOVE)
05:12:11.852 [AMR-01] STATE_TRANSITION MOVING -> EMERGENCY_STOP (intent=STOP)
05:12:11.852 [AMR-01] SAFETY_STOP min_obstacle_distance=1.10m <= 1.2m
05:12:11.956 [AMR-01] CONFLICT_DETECTED peer=AMR-02 type=INTERSECTION node=(12, 9) safe_wait=(11, 9) DECISION=YIELD (Lower precedence at intersection (54.7 vs 54.8) -> Safe wait at (11, 9) for AMR-02)
05:12:11.958 [AMR-01] STATE_TRANSITION EMERGENCY_STOP -> YIELDING (intent=YIELD)
05:12:12.055 [AMR-01] CONFLICT_DETECTED peer=AMR-02 type=INTERSECTION node=(12, 9) safe_wait=(11, 9) DECISION=YIELD (Lower precedence at intersection (54.9 vs 55.0) -> Safe wait at (11, 9) for AMR-02)
05:12:12.158 [AMR-01] CONFLICT_DETECTED peer=AMR-02 type=INTERSECTION node=(12, 9) safe_wait=(11, 9) DECISION=PROCEED (Higher precedence (55.1 vs 54.8) -> Proceed through (12, 9))
05:12:12.158 [AMR-01] STATE_TRANSITION YIELDING -> MOVING (intent=MOVE)
05:12:12.258 [AMR-01] STATE_TRANSITION MOVING -> EMERGENCY_STOP (intent=STOP)
05:12:12.258 [AMR-01] SAFETY_STOP min_obstacle_distance=1.07m <= 1.2m
05:12:12.361 [AMR-01] CONFLICT_DETECTED peer=AMR-02 type=INTERSECTION node=(12, 9) safe_wait=(11, 9) DECISION=PROCEED (Higher precedence (55.2 vs 55.0) -> Proceed through (12, 9))
05:12:12.361 [AMR-01] STATE_TRANSITION EMERGENCY_STOP -> MOVING (intent=MOVE)
05:12:12.461 [AMR-01] STATE_TRANSITION MOVING -> EMERGENCY_STOP (intent=STOP)
05:12:12.461 [AMR-01] SAFETY_STOP min_obstacle_distance=0.00m <= 1.2m
05:12:12.562 [AMR-01] CONFLICT_DETECTED peer=AMR-02 type=INTERSECTION node=(12, 9) safe_wait=(11, 9) DECISION=YIELD (Lower precedence at intersection (55.0 vs 57.8) -> Safe wait at (11, 9) for AMR-02)
05:12:12.562 [AMR-01] STATE_TRANSITION EMERGENCY_STOP -> YIELDING (intent=YIELD)
05:12:12.663 [AMR-01] CONFLICT_DETECTED peer=AMR-02 type=INTERSECTION node=(12, 9) safe_wait=(11, 9) DECISION=YIELD (Lower precedence at intersection (55.2 vs 57.8) -> Safe wait at (11, 9) for AMR-02)
05:12:12.763 [AMR-01] CONFLICT_DETECTED peer=AMR-02 type=INTERSECTION node=(12, 9) safe_wait=(11, 9) DECISION=YIELD (Lower precedence at intersection (55.4 vs 57.5) -> Safe wait at (11, 9) for AMR-02)
05:12:12.863 [AMR-01] CONFLICT_DETECTED peer=AMR-02 type=INTERSECTION node=(12, 9) safe_wait=(11, 9) DECISION=YIELD (Lower precedence at intersection (55.6 vs 57.5) -> Safe wait at (11, 9) for AMR-02)
05:12:12.965 [AMR-01] CONFLICT_DETECTED peer=AMR-02 type=INTERSECTION node=(12, 9) safe_wait=(11, 9) DECISION=YIELD (Lower precedence at intersection (55.8 vs 57.2) -> Safe wait at (11, 9) for AMR-02)
05:12:13.066 [AMR-01] CONFLICT_DETECTED peer=AMR-02 type=INTERSECTION node=(12, 9) safe_wait=(11, 9) DECISION=YIELD (Lower precedence at intersection (56.0 vs 57.2) -> Safe wait at (11, 9) for AMR-02)
05:12:13.167 [AMR-01] CONFLICT_DETECTED peer=AMR-02 type=INTERSECTION node=(12, 9) safe_wait=(11, 9) DECISION=YIELD (Lower precedence at intersection (56.2 vs 57.0) -> Safe wait at (11, 9) for AMR-02)
05:12:13.269 [AMR-01] CONFLICT_DETECTED peer=AMR-02 type=INTERSECTION node=(12, 9) safe_wait=(11, 9) DECISION=YIELD (Lower precedence at intersection (56.4 vs 57.0) -> Safe wait at (11, 9) for AMR-02)
05:12:13.370 [AMR-01] CONFLICT_DETECTED peer=AMR-02 type=INTERSECTION node=(12, 9) safe_wait=(11, 9) DECISION=YIELD (Lower precedence at intersection (56.6 vs 56.7) -> Safe wait at (11, 9) for AMR-02)
05:12:13.470 [AMR-01] CONFLICT_DETECTED peer=AMR-02 type=INTERSECTION node=(12, 9) safe_wait=(11, 9) DECISION=YIELD (Lower precedence at intersection (56.8 vs 57.0) -> Safe wait at (11, 9) for AMR-02)
05:12:13.570 [AMR-01] CONFLICT_DETECTED peer=AMR-02 type=INTERSECTION node=(12, 9) safe_wait=(11, 9) DECISION=PROCEED (Higher precedence (57.0 vs 56.7) -> Proceed through (12, 9))
05:12:13.570 [AMR-01] STATE_TRANSITION YIELDING -> MOVING (intent=MOVE)
05:12:13.671 [AMR-01] STATE_TRANSITION MOVING -> EMERGENCY_STOP (intent=STOP)
05:12:13.671 [AMR-01] SAFETY_STOP min_obstacle_distance=0.30m <= 1.2m
05:12:13.771 [AMR-01] CONFLICT_DETECTED peer=AMR-02 type=INTERSECTION node=(12, 9) safe_wait=(11, 9) DECISION=YIELD (Lower precedence at intersection (56.7 vs 56.9) -> Safe wait at (11, 9) for AMR-02)
05:12:13.772 [AMR-01] STATE_TRANSITION EMERGENCY_STOP -> YIELDING (intent=YIELD)
05:12:13.873 [AMR-01] CONFLICT_DETECTED peer=AMR-02 type=INTERSECTION node=(12, 9) safe_wait=(11, 9) DECISION=YIELD (Lower precedence at intersection (56.9 vs 57.1) -> Safe wait at (11, 9) for AMR-02)
05:12:13.974 [AMR-01] CONFLICT_DETECTED peer=AMR-02 type=INTERSECTION node=(12, 9) safe_wait=(11, 9) DECISION=PROCEED (Higher precedence (57.1 vs 56.8) -> Proceed through (12, 9))
05:12:13.975 [AMR-01] STATE_TRANSITION YIELDING -> MOVING (intent=MOVE)
05:12:14.074 [AMR-01] STATE_TRANSITION MOVING -> EMERGENCY_STOP (intent=STOP)
05:12:14.075 [AMR-01] SAFETY_STOP min_obstacle_distance=0.60m <= 1.2m
05:12:14.176 [AMR-01] CONFLICT_DETECTED peer=AMR-02 type=INTERSECTION node=(12, 9) safe_wait=(11, 9) DECISION=YIELD (Lower precedence at intersection (56.9 vs 57.0) -> Safe wait at (11, 9) for AMR-02)
05:12:14.176 [AMR-01] STATE_TRANSITION EMERGENCY_STOP -> YIELDING (intent=YIELD)
05:12:14.277 [AMR-01] CONFLICT_DETECTED peer=AMR-02 type=INTERSECTION node=(12, 9) safe_wait=(11, 9) DECISION=YIELD (Lower precedence at intersection (57.0 vs 57.2) -> Safe wait at (11, 9) for AMR-02)
05:12:14.379 [AMR-01] CONFLICT_DETECTED peer=AMR-02 type=INTERSECTION node=(12, 9) safe_wait=(11, 9) DECISION=PROCEED (Higher precedence (57.4 vs 57.0) -> Proceed through (12, 9))
05:12:14.379 [AMR-01] STATE_TRANSITION YIELDING -> MOVING (intent=MOVE)
05:12:14.479 [AMR-01] STATE_TRANSITION MOVING -> EMERGENCY_STOP (intent=STOP)
05:12:14.479 [AMR-01] SAFETY_STOP min_obstacle_distance=0.15m <= 1.2m
05:12:14.580 [AMR-01] CONFLICT_DETECTED peer=AMR-02 type=INTERSECTION node=(12, 9) safe_wait=(11, 9) DECISION=PROCEED (Higher precedence (57.1 vs 56.9) -> Proceed through (12, 9))
05:12:14.580 [AMR-01] STATE_TRANSITION EMERGENCY_STOP -> MOVING (intent=MOVE)
05:12:14.683 [AMR-01] STATE_TRANSITION MOVING -> EMERGENCY_STOP (intent=STOP)
05:12:14.683 [AMR-01] SAFETY_STOP min_obstacle_distance=0.45m <= 1.2m
05:12:14.783 [AMR-01] CONFLICT_DETECTED peer=AMR-02 type=INTERSECTION node=(12, 9) safe_wait=(11, 9) DECISION=YIELD (Lower precedence at intersection (56.9 vs 57.3) -> Safe wait at (11, 9) for AMR-02)
05:12:14.783 [AMR-01] STATE_TRANSITION EMERGENCY_STOP -> YIELDING (intent=YIELD)
05:12:14.885 [AMR-01] CONFLICT_DETECTED peer=AMR-02 type=INTERSECTION node=(12, 9) safe_wait=(11, 9) DECISION=YIELD (Lower precedence at intersection (57.0 vs 57.3) -> Safe wait at (11, 9) for AMR-02)
05:12:14.985 [AMR-01] CONFLICT_DETECTED peer=AMR-02 type=INTERSECTION node=(12, 9) safe_wait=(11, 9) DECISION=PROCEED (Higher precedence (57.2 vs 57.0) -> Proceed through (12, 9))
05:12:14.986 [AMR-01] STATE_TRANSITION YIELDING -> MOVING (intent=MOVE)
05:12:15.086 [AMR-01] STATE_TRANSITION MOVING -> EMERGENCY_STOP (intent=STOP)
05:12:15.086 [AMR-01] SAFETY_STOP min_obstacle_distance=0.75m <= 1.2m
05:12:15.187 [AMR-01] CONFLICT_DETECTED peer=AMR-02 type=INTERSECTION node=(12, 9) safe_wait=(11, 9) DECISION=YIELD (Lower precedence at intersection (57.0 vs 57.2) -> Safe wait at (11, 9) for AMR-02)
05:12:15.187 [AMR-01] STATE_TRANSITION EMERGENCY_STOP -> YIELDING (intent=YIELD)
05:12:15.290 [AMR-01] CONFLICT_DETECTED peer=AMR-02 type=INTERSECTION node=(12, 9) safe_wait=(11, 9) DECISION=YIELD (Lower precedence at intersection (57.2 vs 57.4) -> Safe wait at (11, 9) for AMR-02)
05:12:15.389 [AMR-01] CONFLICT_DETECTED peer=AMR-02 type=INTERSECTION node=(12, 9) safe_wait=(11, 9) DECISION=PROCEED (Higher precedence (57.6 vs 57.1) -> Proceed through (12, 9))
05:12:15.389 [AMR-01] STATE_TRANSITION YIELDING -> MOVING (intent=MOVE)
05:12:15.490 [AMR-01] STATE_TRANSITION MOVING -> EMERGENCY_STOP (intent=STOP)
05:12:15.490 [AMR-01] SAFETY_STOP min_obstacle_distance=0.15m <= 1.2m
05:12:15.590 [AMR-01] CONFLICT_DETECTED peer=AMR-02 type=INTERSECTION node=(12, 9) safe_wait=(11, 9) DECISION=PROCEED (Higher precedence (57.3 vs 57.1) -> Proceed through (12, 9))
05:12:15.590 [AMR-01] STATE_TRANSITION EMERGENCY_STOP -> MOVING (intent=MOVE)
05:12:15.690 [AMR-01] STATE_TRANSITION MOVING -> EMERGENCY_STOP (intent=STOP)
05:12:15.691 [AMR-01] SAFETY_STOP min_obstacle_distance=0.45m <= 1.2m
05:12:15.790 [AMR-01] CONFLICT_DETECTED peer=AMR-02 type=INTERSECTION node=(12, 9) safe_wait=(11, 9) DECISION=YIELD (Lower precedence at intersection (57.1 vs 57.3) -> Safe wait at (11, 9) for AMR-02)
05:12:15.791 [AMR-01] STATE_TRANSITION EMERGENCY_STOP -> YIELDING (intent=YIELD)
05:12:15.891 [AMR-01] CONFLICT_DETECTED peer=AMR-02 type=INTERSECTION node=(12, 9) safe_wait=(11, 9) DECISION=YIELD (Lower precedence at intersection (57.3 vs 57.5) -> Safe wait at (11, 9) for AMR-02)
05:12:15.992 [AMR-01] CONFLICT_DETECTED peer=AMR-02 type=INTERSECTION node=(12, 9) safe_wait=(11, 9) DECISION=PROCEED (Higher precedence (57.5 vs 57.2) -> Proceed through (12, 9))
05:12:15.993 [AMR-01] STATE_TRANSITION YIELDING -> MOVING (intent=MOVE)
05:12:16.092 [AMR-01] STATE_TRANSITION MOVING -> EMERGENCY_STOP (intent=STOP)
05:12:16.092 [AMR-01] SAFETY_STOP min_obstacle_distance=0.75m <= 1.2m
05:12:16.192 [AMR-01] CONFLICT_DETECTED peer=AMR-02 type=INTERSECTION node=(12, 9) safe_wait=(11, 9) DECISION=YIELD (Lower precedence at intersection (57.2 vs 57.4) -> Safe wait at (11, 9) for AMR-02)
05:12:16.193 [AMR-01] STATE_TRANSITION EMERGENCY_STOP -> YIELDING (intent=YIELD)
05:12:16.293 [AMR-01] CONFLICT_DETECTED peer=AMR-02 type=INTERSECTION node=(12, 9) safe_wait=(11, 9) DECISION=YIELD (Lower precedence at intersection (57.4 vs 57.6) -> Safe wait at (11, 9) for AMR-02)
05:12:16.395 [AMR-01] CONFLICT_DETECTED peer=AMR-02 type=INTERSECTION node=(12, 9) safe_wait=(11, 9) DECISION=PROCEED (Higher precedence (57.8 vs 57.4) -> Proceed through (12, 9))
05:12:16.395 [AMR-01] STATE_TRANSITION YIELDING -> MOVING (intent=MOVE)
05:12:16.496 [AMR-01] STATE_TRANSITION MOVING -> EMERGENCY_STOP (intent=STOP)
05:12:16.496 [AMR-01] SAFETY_STOP min_obstacle_distance=0.15m <= 1.2m
05:12:16.597 [AMR-01] CONFLICT_DETECTED peer=AMR-02 type=INTERSECTION node=(12, 9) safe_wait=(11, 9) DECISION=PROCEED (Higher precedence (57.5 vs 57.3) -> Proceed through (12, 9))
05:12:16.597 [AMR-01] STATE_TRANSITION EMERGENCY_STOP -> MOVING (intent=MOVE)
05:12:16.698 [AMR-01] STATE_TRANSITION MOVING -> EMERGENCY_STOP (intent=STOP)
05:12:16.698 [AMR-01] SAFETY_STOP min_obstacle_distance=0.45m <= 1.2m
05:12:16.799 [AMR-01] CONFLICT_DETECTED peer=AMR-02 type=INTERSECTION node=(12, 9) safe_wait=(11, 9) DECISION=YIELD (Lower precedence at intersection (57.3 vs 57.5) -> Safe wait at (11, 9) for AMR-02)
05:12:16.799 [AMR-01] STATE_TRANSITION EMERGENCY_STOP -> YIELDING (intent=YIELD)
05:12:16.900 [AMR-01] CONFLICT_DETECTED peer=AMR-02 type=INTERSECTION node=(12, 9) safe_wait=(11, 9) DECISION=YIELD (Lower precedence at intersection (57.5 vs 57.7) -> Safe wait at (11, 9) for AMR-02)
05:12:17.000 [AMR-01] CONFLICT_DETECTED peer=AMR-02 type=INTERSECTION node=(12, 9) safe_wait=(11, 9) DECISION=PROCEED (Higher precedence (57.7 vs 57.4) -> Proceed through (12, 9))
05:12:17.001 [AMR-01] STATE_TRANSITION YIELDING -> MOVING (intent=MOVE)
05:12:17.101 [AMR-01] STATE_TRANSITION MOVING -> EMERGENCY_STOP (intent=STOP)
05:12:17.101 [AMR-01] SAFETY_STOP min_obstacle_distance=0.75m <= 1.2m
05:12:17.202 [AMR-01] CONFLICT_DETECTED peer=AMR-02 type=INTERSECTION node=(12, 9) safe_wait=(11, 9) DECISION=YIELD (Lower precedence at intersection (57.4 vs 57.6) -> Safe wait at (11, 9) for AMR-02)
05:12:17.202 [AMR-01] STATE_TRANSITION EMERGENCY_STOP -> YIELDING (intent=YIELD)
05:12:17.303 [AMR-01] CONFLICT_DETECTED peer=AMR-02 type=INTERSECTION node=(12, 9) safe_wait=(11, 9) DECISION=YIELD (Lower precedence at intersection (57.6 vs 57.8) -> Safe wait at (11, 9) for AMR-02)
05:12:17.404 [AMR-01] CONFLICT_DETECTED peer=AMR-02 type=INTERSECTION node=(12, 9) safe_wait=(11, 9) DECISION=PROCEED (Higher precedence (58.0 vs 57.5) -> Proceed through (12, 9))
05:12:17.404 [AMR-01] STATE_TRANSITION YIELDING -> MOVING (intent=MOVE)
05:12:17.505 [AMR-01] STATE_TRANSITION MOVING -> EMERGENCY_STOP (intent=STOP)
05:12:17.505 [AMR-01] SAFETY_STOP min_obstacle_distance=0.15m <= 1.2m
05:12:17.606 [AMR-01] CONFLICT_DETECTED peer=AMR-02 type=INTERSECTION node=(12, 9) safe_wait=(11, 9) DECISION=PROCEED (Higher precedence (57.7 vs 57.5) -> Proceed through (12, 9))
05:12:17.606 [AMR-01] STATE_TRANSITION EMERGENCY_STOP -> MOVING (intent=MOVE)
05:12:17.707 [AMR-01] STATE_TRANSITION MOVING -> EMERGENCY_STOP (intent=STOP)
05:12:17.707 [AMR-01] SAFETY_STOP min_obstacle_distance=0.45m <= 1.2m
05:12:17.808 [AMR-01] CONFLICT_DETECTED peer=AMR-02 type=INTERSECTION node=(12, 9) safe_wait=(11, 9) DECISION=YIELD (Lower precedence at intersection (57.5 vs 57.7) -> Safe wait at (11, 9) for AMR-02)
05:12:17.808 [AMR-01] STATE_TRANSITION EMERGENCY_STOP -> YIELDING (intent=YIELD)
05:12:17.908 [AMR-01] CONFLICT_DETECTED peer=AMR-02 type=INTERSECTION node=(12, 9) safe_wait=(11, 9) DECISION=YIELD (Lower precedence at intersection (57.7 vs 57.9) -> Safe wait at (11, 9) for AMR-02)
05:12:18.009 [AMR-01] CONFLICT_DETECTED peer=AMR-02 type=INTERSECTION node=(12, 9) safe_wait=(11, 9) DECISION=PROCEED (Higher precedence (57.9 vs 57.6) -> Proceed through (12, 9))
05:12:18.009 [AMR-01] STATE_TRANSITION YIELDING -> MOVING (intent=MOVE)
05:12:18.109 [AMR-01] STATE_TRANSITION MOVING -> EMERGENCY_STOP (intent=STOP)
05:12:18.109 [AMR-01] SAFETY_STOP min_obstacle_distance=0.75m <= 1.2m
05:12:18.210 [AMR-01] CONFLICT_DETECTED peer=AMR-02 type=INTERSECTION node=(12, 9) safe_wait=(11, 9) DECISION=YIELD (Lower precedence at intersection (57.6 vs 57.8) -> Safe wait at (11, 9) for AMR-02)
05:12:18.210 [AMR-01] STATE_TRANSITION EMERGENCY_STOP -> YIELDING (intent=YIELD)
05:12:18.310 [AMR-01] CONFLICT_DETECTED peer=AMR-02 type=INTERSECTION node=(12, 9) safe_wait=(11, 9) DECISION=YIELD (Lower precedence at intersection (57.8 vs 58.0) -> Safe wait at (11, 9) for AMR-02)
05:12:18.410 [AMR-01] CONFLICT_DETECTED peer=AMR-02 type=INTERSECTION node=(12, 9) safe_wait=(11, 9) DECISION=PROCEED (Higher precedence (58.2 vs 57.7) -> Proceed through (12, 9))
05:12:18.411 [AMR-01] STATE_TRANSITION YIELDING -> MOVING (intent=MOVE)
05:12:18.511 [AMR-01] STATE_TRANSITION MOVING -> EMERGENCY_STOP (intent=STOP)
05:12:18.511 [AMR-01] SAFETY_STOP min_obstacle_distance=0.15m <= 1.2m
05:12:18.612 [AMR-01] CONFLICT_DETECTED peer=AMR-02 type=INTERSECTION node=(12, 9) safe_wait=(11, 9) DECISION=PROCEED (Higher precedence (57.9 vs 57.7) -> Proceed through (12, 9))
05:12:18.612 [AMR-01] STATE_TRANSITION EMERGENCY_STOP -> MOVING (intent=MOVE)
05:12:18.712 [AMR-01] STATE_TRANSITION MOVING -> EMERGENCY_STOP (intent=STOP)
05:12:18.712 [AMR-01] SAFETY_STOP min_obstacle_distance=0.45m <= 1.2m
05:12:18.813 [AMR-01] CONFLICT_DETECTED peer=AMR-02 type=INTERSECTION node=(12, 9) safe_wait=(11, 9) DECISION=YIELD (Lower precedence at intersection (57.7 vs 57.9) -> Safe wait at (11, 9) for AMR-02)
05:12:18.813 [AMR-01] STATE_TRANSITION EMERGENCY_STOP -> YIELDING (intent=YIELD)
05:12:18.913 [AMR-01] CONFLICT_DETECTED peer=AMR-02 type=INTERSECTION node=(12, 9) safe_wait=(11, 9) DECISION=YIELD (Lower precedence at intersection (57.9 vs 58.1) -> Safe wait at (11, 9) for AMR-02)
05:12:19.015 [AMR-01] CONFLICT_DETECTED peer=AMR-02 type=INTERSECTION node=(12, 9) safe_wait=(11, 9) DECISION=PROCEED (Higher precedence (58.1 vs 57.8) -> Proceed through (12, 9))
05:12:19.015 [AMR-01] STATE_TRANSITION YIELDING -> MOVING (intent=MOVE)
05:12:19.115 [AMR-01] STATE_TRANSITION MOVING -> EMERGENCY_STOP (intent=STOP)
05:12:19.115 [AMR-01] SAFETY_STOP min_obstacle_distance=0.76m <= 1.2m
05:12:19.216 [AMR-01] CONFLICT_DETECTED peer=AMR-02 type=INTERSECTION node=(12, 9) safe_wait=(11, 9) DECISION=YIELD (Lower precedence at intersection (57.8 vs 58.0) -> Safe wait at (11, 9) for AMR-02)
05:12:19.217 [AMR-01] STATE_TRANSITION EMERGENCY_STOP -> YIELDING (intent=YIELD)
05:12:19.316 [AMR-01] CONFLICT_DETECTED peer=AMR-02 type=INTERSECTION node=(12, 9) safe_wait=(11, 9) DECISION=YIELD (Lower precedence at intersection (58.0 vs 58.2) -> Safe wait at (11, 9) for AMR-02)
05:12:19.418 [AMR-01] CONFLICT_DETECTED peer=AMR-02 type=INTERSECTION node=(12, 9) safe_wait=(11, 9) DECISION=PROCEED (Higher precedence (58.4 vs 58.0) -> Proceed through (12, 9))
05:12:19.418 [AMR-01] STATE_TRANSITION YIELDING -> MOVING (intent=MOVE)
05:12:19.518 [AMR-01] STATE_TRANSITION MOVING -> EMERGENCY_STOP (intent=STOP)
05:12:19.518 [AMR-01] SAFETY_STOP min_obstacle_distance=0.15m <= 1.2m
05:12:19.619 [AMR-01] CONFLICT_DETECTED peer=AMR-02 type=INTERSECTION node=(12, 9) safe_wait=(11, 9) DECISION=PROCEED (Higher precedence (58.1 vs 57.9) -> Proceed through (12, 9))
05:12:19.619 [AMR-01] STATE_TRANSITION EMERGENCY_STOP -> MOVING (intent=MOVE)
05:12:19.719 [AMR-01] STATE_TRANSITION MOVING -> EMERGENCY_STOP (intent=STOP)
05:12:19.720 [AMR-01] SAFETY_STOP min_obstacle_distance=0.45m <= 1.2m
05:12:19.820 [AMR-01] CONFLICT_DETECTED peer=AMR-02 type=INTERSECTION node=(12, 9) safe_wait=(11, 9) DECISION=YIELD (Lower precedence at intersection (57.9 vs 58.1) -> Safe wait at (11, 9) for AMR-02)
05:12:19.820 [AMR-01] STATE_TRANSITION EMERGENCY_STOP -> YIELDING (intent=YIELD)
05:12:19.921 [AMR-01] CONFLICT_DETECTED peer=AMR-02 type=INTERSECTION node=(12, 9) safe_wait=(11, 9) DECISION=YIELD (Lower precedence at intersection (58.1 vs 58.3) -> Safe wait at (11, 9) for AMR-02)
05:12:20.021 [AMR-01] CONFLICT_DETECTED peer=AMR-02 type=INTERSECTION node=(12, 9) safe_wait=(11, 9) DECISION=PROCEED (Higher precedence (58.3 vs 58.0) -> Proceed through (12, 9))
05:12:20.021 [AMR-01] STATE_TRANSITION YIELDING -> MOVING (intent=MOVE)
05:12:20.122 [AMR-01] STATE_TRANSITION MOVING -> EMERGENCY_STOP (intent=STOP)
05:12:20.122 [AMR-01] SAFETY_STOP min_obstacle_distance=0.75m <= 1.2m
05:12:20.222 [AMR-01] CONFLICT_DETECTED peer=AMR-02 type=INTERSECTION node=(12, 9) safe_wait=(11, 9) DECISION=YIELD (Lower precedence at intersection (58.0 vs 58.2) -> Safe wait at (11, 9) for AMR-02)
05:12:20.222 [AMR-01] STATE_TRANSITION EMERGENCY_STOP -> YIELDING (intent=YIELD)
05:12:20.323 [AMR-01] CONFLICT_DETECTED peer=AMR-02 type=INTERSECTION node=(12, 9) safe_wait=(11, 9) DECISION=YIELD (Lower precedence at intersection (58.2 vs 58.4) -> Safe wait at (11, 9) for AMR-02)
05:12:20.423 [AMR-01] CONFLICT_DETECTED peer=AMR-02 type=INTERSECTION node=(12, 9) safe_wait=(11, 9) DECISION=PROCEED (Higher precedence (58.6 vs 58.1) -> Proceed through (12, 9))
05:12:20.423 [AMR-01] STATE_TRANSITION YIELDING -> MOVING (intent=MOVE)
05:12:20.524 [AMR-01] STATE_TRANSITION MOVING -> EMERGENCY_STOP (intent=STOP)
05:12:20.524 [AMR-01] SAFETY_STOP min_obstacle_distance=0.15m <= 1.2m
05:12:20.625 [AMR-01] CONFLICT_DETECTED peer=AMR-02 type=INTERSECTION node=(12, 9) safe_wait=(11, 9) DECISION=PROCEED (Higher precedence (58.3 vs 58.1) -> Proceed through (12, 9))
05:12:20.625 [AMR-01] STATE_TRANSITION EMERGENCY_STOP -> MOVING (intent=MOVE)
05:12:20.725 [AMR-01] STATE_TRANSITION MOVING -> EMERGENCY_STOP (intent=STOP)
05:12:20.725 [AMR-01] SAFETY_STOP min_obstacle_distance=0.45m <= 1.2m
05:12:20.826 [AMR-01] CONFLICT_DETECTED peer=AMR-02 type=INTERSECTION node=(12, 9) safe_wait=(11, 9) DECISION=YIELD (Lower precedence at intersection (58.1 vs 58.3) -> Safe wait at (11, 9) for AMR-02)
05:12:20.826 [AMR-01] STATE_TRANSITION EMERGENCY_STOP -> YIELDING (intent=YIELD)
05:12:20.927 [AMR-01] CONFLICT_DETECTED peer=AMR-02 type=INTERSECTION node=(12, 9) safe_wait=(11, 9) DECISION=YIELD (Lower precedence at intersection (58.3 vs 58.5) -> Safe wait at (11, 9) for AMR-02)
05:12:21.028 [AMR-01] CONFLICT_DETECTED peer=AMR-02 type=INTERSECTION node=(12, 9) safe_wait=(11, 9) DECISION=PROCEED (Higher precedence (58.5 vs 58.2) -> Proceed through (12, 9))
05:12:21.028 [AMR-01] STATE_TRANSITION YIELDING -> MOVING (intent=MOVE)
05:12:21.128 [AMR-01] STATE_TRANSITION MOVING -> EMERGENCY_STOP (intent=STOP)
05:12:21.129 [AMR-01] SAFETY_STOP min_obstacle_distance=0.75m <= 1.2m
05:12:21.229 [AMR-01] CONFLICT_DETECTED peer=AMR-02 type=INTERSECTION node=(12, 9) safe_wait=(11, 9) DECISION=YIELD (Lower precedence at intersection (58.2 vs 58.4) -> Safe wait at (11, 9) for AMR-02)
05:12:21.229 [AMR-01] STATE_TRANSITION EMERGENCY_STOP -> YIELDING (intent=YIELD)
05:12:21.330 [AMR-01] CONFLICT_DETECTED peer=AMR-02 type=INTERSECTION node=(12, 9) safe_wait=(11, 9) DECISION=YIELD (Lower precedence at intersection (58.4 vs 58.6) -> Safe wait at (11, 9) for AMR-02)
05:12:21.431 [AMR-01] CONFLICT_DETECTED peer=AMR-02 type=INTERSECTION node=(12, 9) safe_wait=(11, 9) DECISION=PROCEED (Higher precedence (58.8 vs 58.4) -> Proceed through (12, 9))
05:12:21.431 [AMR-01] STATE_TRANSITION YIELDING -> MOVING (intent=MOVE)
05:12:21.531 [AMR-01] STATE_TRANSITION MOVING -> EMERGENCY_STOP (intent=STOP)
05:12:21.531 [AMR-01] SAFETY_STOP min_obstacle_distance=0.15m <= 1.2m
05:12:21.632 [AMR-01] CONFLICT_DETECTED peer=AMR-02 type=INTERSECTION node=(12, 9) safe_wait=(11, 9) DECISION=PROCEED (Higher precedence (58.5 vs 58.3) -> Proceed through (12, 9))
05:12:21.633 [AMR-01] STATE_TRANSITION EMERGENCY_STOP -> MOVING (intent=MOVE)
05:12:21.733 [AMR-01] STATE_TRANSITION MOVING -> EMERGENCY_STOP (intent=STOP)
05:12:21.734 [AMR-01] SAFETY_STOP min_obstacle_distance=0.45m <= 1.2m
05:12:21.834 [AMR-01] CONFLICT_DETECTED peer=AMR-02 type=INTERSECTION node=(12, 9) safe_wait=(11, 9) DECISION=YIELD (Lower precedence at intersection (58.3 vs 58.5) -> Safe wait at (11, 9) for AMR-02)
05:12:21.834 [AMR-01] STATE_TRANSITION EMERGENCY_STOP -> YIELDING (intent=YIELD)
05:12:21.935 [AMR-01] CONFLICT_DETECTED peer=AMR-02 type=INTERSECTION node=(12, 9) safe_wait=(11, 9) DECISION=YIELD (Lower precedence at intersection (58.5 vs 58.7) -> Safe wait at (11, 9) for AMR-02)
05:12:22.036 [AMR-01] CONFLICT_DETECTED peer=AMR-02 type=INTERSECTION node=(12, 9) safe_wait=(11, 9) DECISION=PROCEED (Higher precedence (58.7 vs 58.4) -> Proceed through (12, 9))
05:12:22.036 [AMR-01] STATE_TRANSITION YIELDING -> MOVING (intent=MOVE)
05:12:22.136 [AMR-01] STATE_TRANSITION MOVING -> EMERGENCY_STOP (intent=STOP)
05:12:22.137 [AMR-01] SAFETY_STOP min_obstacle_distance=0.75m <= 1.2m
05:12:22.238 [AMR-01] CONFLICT_DETECTED peer=AMR-02 type=INTERSECTION node=(12, 9) safe_wait=(11, 9) DECISION=YIELD (Lower precedence at intersection (58.4 vs 58.6) -> Safe wait at (11, 9) for AMR-02)
05:12:22.238 [AMR-01] STATE_TRANSITION EMERGENCY_STOP -> YIELDING (intent=YIELD)
05:12:22.338 [AMR-01] CONFLICT_DETECTED peer=AMR-02 type=INTERSECTION node=(12, 9) safe_wait=(11, 9) DECISION=YIELD (Lower precedence at intersection (58.6 vs 58.8) -> Safe wait at (11, 9) for AMR-02)
05:12:22.439 [AMR-01] CONFLICT_DETECTED peer=AMR-02 type=INTERSECTION node=(12, 9) safe_wait=(11, 9) DECISION=PROCEED (Higher precedence (59.0 vs 58.5) -> Proceed through (12, 9))
05:12:22.439 [AMR-01] STATE_TRANSITION YIELDING -> MOVING (intent=MOVE)
05:12:22.539 [AMR-01] STATE_TRANSITION MOVING -> EMERGENCY_STOP (intent=STOP)
05:12:22.539 [AMR-01] SAFETY_STOP min_obstacle_distance=0.15m <= 1.2m
05:12:22.640 [AMR-01] CONFLICT_DETECTED peer=AMR-02 type=INTERSECTION node=(12, 9) safe_wait=(11, 9) DECISION=PROCEED (Higher precedence (58.7 vs 58.5) -> Proceed through (12, 9))
05:12:22.641 [AMR-01] STATE_TRANSITION EMERGENCY_STOP -> MOVING (intent=MOVE)
05:12:22.741 [AMR-01] STATE_TRANSITION MOVING -> EMERGENCY_STOP (intent=STOP)
05:12:22.741 [AMR-01] SAFETY_STOP min_obstacle_distance=0.45m <= 1.2m
05:12:22.842 [AMR-01] CONFLICT_DETECTED peer=AMR-02 type=INTERSECTION node=(12, 9) safe_wait=(11, 9) DECISION=YIELD (Lower precedence at intersection (58.5 vs 58.7) -> Safe wait at (11, 9) for AMR-02)
05:12:22.842 [AMR-01] STATE_TRANSITION EMERGENCY_STOP -> YIELDING (intent=YIELD)
05:12:22.942 [AMR-01] CONFLICT_DETECTED peer=AMR-02 type=INTERSECTION node=(12, 9) safe_wait=(11, 9) DECISION=YIELD (Lower precedence at intersection (58.7 vs 58.9) -> Safe wait at (11, 9) for AMR-02)
05:12:23.043 [AMR-01] CONFLICT_DETECTED peer=AMR-02 type=INTERSECTION node=(12, 9) safe_wait=(11, 9) DECISION=PROCEED (Higher precedence (58.9 vs 58.6) -> Proceed through (12, 9))
05:12:23.043 [AMR-01] STATE_TRANSITION YIELDING -> MOVING (intent=MOVE)
05:12:23.144 [AMR-01] STATE_TRANSITION MOVING -> EMERGENCY_STOP (intent=STOP)
05:12:23.144 [AMR-01] SAFETY_STOP min_obstacle_distance=0.75m <= 1.2m
05:12:23.244 [AMR-01] CONFLICT_DETECTED peer=AMR-02 type=INTERSECTION node=(12, 9) safe_wait=(11, 9) DECISION=YIELD (Lower precedence at intersection (58.6 vs 58.8) -> Safe wait at (11, 9) for AMR-02)
05:12:23.244 [AMR-01] STATE_TRANSITION EMERGENCY_STOP -> YIELDING (intent=YIELD)
05:12:23.344 [AMR-01] CONFLICT_DETECTED peer=AMR-02 type=INTERSECTION node=(12, 9) safe_wait=(11, 9) DECISION=YIELD (Lower precedence at intersection (59.0 vs 59.0) -> Safe wait at (11, 9) for AMR-02)
05:12:23.445 [AMR-01] CONFLICT_DETECTED peer=AMR-02 type=INTERSECTION node=(12, 9) safe_wait=(11, 9) DECISION=PROCEED (Higher precedence (59.2 vs 58.5) -> Proceed through (12, 9))
05:12:23.445 [AMR-01] STATE_TRANSITION YIELDING -> MOVING (intent=MOVE)
05:12:23.547 [AMR-01] STATE_TRANSITION MOVING -> EMERGENCY_STOP (intent=STOP)
05:12:23.547 [AMR-01] SAFETY_STOP min_obstacle_distance=1.01m <= 1.2m
05:12:23.647 [AMR-01] CONFLICT_DETECTED peer=AMR-02 type=INTERSECTION node=(12, 9) safe_wait=(11, 9) DECISION=PROCEED (Higher precedence (58.9 vs 58.7) -> Proceed through (12, 9))
05:12:23.647 [AMR-01] STATE_TRANSITION EMERGENCY_STOP -> MOVING (intent=MOVE)
05:12:23.748 [AMR-01] STATE_TRANSITION MOVING -> EMERGENCY_STOP (intent=STOP)
05:12:23.748 [AMR-01] SAFETY_STOP min_obstacle_distance=1.04m <= 1.2m
05:12:23.849 [AMR-01] CONFLICT_DETECTED peer=AMR-02 type=INTERSECTION node=(12, 9) safe_wait=(11, 9) DECISION=YIELD (Lower precedence at intersection (58.7 vs 59.1) -> Safe wait at (11, 9) for AMR-02)
05:12:23.849 [AMR-01] STATE_TRANSITION EMERGENCY_STOP -> YIELDING (intent=YIELD)
05:12:23.950 [AMR-01] CONFLICT_DETECTED peer=AMR-02 type=INTERSECTION node=(12, 9) safe_wait=(11, 9) DECISION=PROCEED (Higher precedence (59.0 vs 58.8) -> Proceed through (12, 9))
05:12:23.950 [AMR-01] STATE_TRANSITION YIELDING -> MOVING (intent=MOVE)
05:12:24.051 [AMR-01] STATE_TRANSITION MOVING -> EMERGENCY_STOP (intent=STOP)
05:12:24.051 [AMR-01] SAFETY_STOP min_obstacle_distance=1.00m <= 1.2m
05:12:24.152 [AMR-01] CONFLICT_DETECTED peer=AMR-02 type=INTERSECTION node=(12, 9) safe_wait=(11, 9) DECISION=PROCEED (Higher precedence (58.8 vs 58.7) -> Proceed through (12, 9))
05:12:24.152 [AMR-01] STATE_TRANSITION EMERGENCY_STOP -> MOVING (intent=MOVE)
05:12:24.253 [AMR-01] STATE_TRANSITION MOVING -> EMERGENCY_STOP (intent=STOP)
05:12:24.253 [AMR-01] SAFETY_STOP min_obstacle_distance=1.00m <= 1.2m
05:12:24.354 [AMR-01] CONFLICT_DETECTED peer=AMR-02 type=INTERSECTION node=(12, 9) safe_wait=(11, 9) DECISION=YIELD (Lower precedence at intersection (58.6 vs 58.9) -> Safe wait at (11, 9) for AMR-02)
05:12:24.354 [AMR-01] STATE_TRANSITION EMERGENCY_STOP -> YIELDING (intent=YIELD)
05:12:24.454 [AMR-01] CONFLICT_DETECTED peer=AMR-02 type=INTERSECTION node=(12, 9) safe_wait=(11, 9) DECISION=PROCEED (Higher precedence (58.8 vs 58.6) -> Proceed through (12, 9))
05:12:24.454 [AMR-01] STATE_TRANSITION YIELDING -> MOVING (intent=MOVE)
05:12:24.555 [AMR-01] STATE_TRANSITION MOVING -> EMERGENCY_STOP (intent=STOP)
05:12:24.555 [AMR-01] SAFETY_STOP min_obstacle_distance=1.00m <= 1.2m
05:12:24.655 [AMR-01] CONFLICT_DETECTED peer=AMR-02 type=INTERSECTION node=(12, 9) safe_wait=(11, 9) DECISION=YIELD (Lower precedence at intersection (58.1 vs 58.5) -> Safe wait at (11, 9) for AMR-02)
05:12:24.655 [AMR-01] STATE_TRANSITION EMERGENCY_STOP -> YIELDING (intent=YIELD)
05:12:24.756 [AMR-01] CONFLICT_DETECTED peer=AMR-02 type=INTERSECTION node=(12, 9) safe_wait=(11, 9) DECISION=YIELD (Lower precedence at intersection (58.3 vs 58.5) -> Safe wait at (11, 9) for AMR-02)
05:12:24.856 [AMR-01] CONFLICT_DETECTED peer=AMR-02 type=INTERSECTION node=(12, 9) safe_wait=(11, 9) DECISION=PROCEED (Higher precedence (58.5 vs 58.3) -> Proceed through (12, 9))
05:12:24.856 [AMR-01] STATE_TRANSITION YIELDING -> MOVING (intent=MOVE)
05:12:24.956 [AMR-01] STATE_TRANSITION MOVING -> EMERGENCY_STOP (intent=STOP)
05:12:24.957 [AMR-01] SAFETY_STOP min_obstacle_distance=1.00m <= 1.2m
05:12:25.058 [AMR-01] CONFLICT_DETECTED peer=AMR-02 type=INTERSECTION node=(12, 9) safe_wait=(11, 9) DECISION=YIELD (Lower precedence at intersection (58.3 vs 58.5) -> Safe wait at (11, 9) for AMR-02)
05:12:25.058 [AMR-01] STATE_TRANSITION EMERGENCY_STOP -> YIELDING (intent=YIELD)
05:12:25.158 [AMR-01] CONFLICT_DETECTED peer=AMR-02 type=INTERSECTION node=(12, 9) safe_wait=(11, 9) DECISION=YIELD (Lower precedence at intersection (58.5 vs 58.7) -> Safe wait at (11, 9) for AMR-02)
05:12:25.259 [AMR-01] CONFLICT_DETECTED peer=AMR-02 type=INTERSECTION node=(12, 9) safe_wait=(11, 9) DECISION=PROCEED (Higher precedence (58.7 vs 58.5) -> Proceed through (12, 9))
05:12:25.259 [AMR-01] STATE_TRANSITION YIELDING -> MOVING (intent=MOVE)
05:12:25.359 [AMR-01] STATE_TRANSITION MOVING -> EMERGENCY_STOP (intent=STOP)
05:12:25.359 [AMR-01] SAFETY_STOP min_obstacle_distance=1.00m <= 1.2m
05:12:25.459 [AMR-01] CONFLICT_DETECTED peer=AMR-02 type=INTERSECTION node=(13, 9) safe_wait=(12, 9) DECISION=PROCEED (Higher precedence (59.0 vs 58.7) -> Proceed through (13, 9))
05:12:25.459 [AMR-01] STATE_TRANSITION EMERGENCY_STOP -> MOVING (intent=MOVE)
05:12:25.560 [AMR-01] STATE_TRANSITION MOVING -> EMERGENCY_STOP (intent=STOP)
05:12:25.560 [AMR-01] SAFETY_STOP min_obstacle_distance=1.00m <= 1.2m
05:12:25.661 [AMR-01] CONFLICT_DETECTED peer=AMR-02 type=INTERSECTION node=(13, 9) safe_wait=(12, 9) DECISION=YIELD (Lower precedence at intersection (58.8 vs 59.1) -> Safe wait at (12, 9) for AMR-02)
05:12:25.661 [AMR-01] STATE_TRANSITION EMERGENCY_STOP -> YIELDING (intent=YIELD)
05:12:25.761 [AMR-01] CONFLICT_DETECTED peer=AMR-02 type=INTERSECTION node=(13, 9) safe_wait=(12, 9) DECISION=PROCEED (Higher precedence (59.0 vs 58.8) -> Proceed through (13, 9))
05:12:25.761 [AMR-01] STATE_TRANSITION YIELDING -> MOVING (intent=MOVE)
05:12:25.862 [AMR-01] STATE_TRANSITION MOVING -> EMERGENCY_STOP (intent=STOP)
05:12:25.862 [AMR-01] SAFETY_STOP min_obstacle_distance=1.01m <= 1.2m
05:12:25.962 [AMR-01] CONFLICT_DETECTED peer=AMR-02 type=INTERSECTION node=(13, 9) safe_wait=(12, 9) DECISION=PROCEED (Higher precedence (58.8 vs 58.6) -> Proceed through (13, 9))
05:12:25.962 [AMR-01] STATE_TRANSITION EMERGENCY_STOP -> MOVING (intent=MOVE)
05:12:26.063 [AMR-01] STATE_TRANSITION MOVING -> EMERGENCY_STOP (intent=STOP)
05:12:26.063 [AMR-01] SAFETY_STOP min_obstacle_distance=1.00m <= 1.2m
05:12:26.164 [AMR-01] CONFLICT_DETECTED peer=AMR-02 type=INTERSECTION node=(13, 9) safe_wait=(12, 9) DECISION=YIELD (Lower precedence at intersection (58.6 vs 59.0) -> Safe wait at (12, 9) for AMR-02)
05:12:26.164 [AMR-01] STATE_TRANSITION EMERGENCY_STOP -> YIELDING (intent=YIELD)
05:12:26.265 [AMR-01] CONFLICT_DETECTED peer=AMR-02 type=INTERSECTION node=(13, 9) safe_wait=(12, 9) DECISION=PROCEED (Higher precedence (58.8 vs 58.8) -> Proceed through (13, 9))
05:12:26.265 [AMR-01] STATE_TRANSITION YIELDING -> MOVING (intent=MOVE)
05:12:26.365 [AMR-01] STATE_TRANSITION MOVING -> EMERGENCY_STOP (intent=STOP)
05:12:26.366 [AMR-01] SAFETY_STOP min_obstacle_distance=1.00m <= 1.2m
05:12:26.466 [AMR-01] CONFLICT_DETECTED peer=AMR-02 type=INTERSECTION node=(13, 9) safe_wait=(12, 9) DECISION=PROCEED (Higher precedence (58.6 vs 58.6) -> Proceed through (13, 9))
05:12:26.466 [AMR-01] STATE_TRANSITION EMERGENCY_STOP -> MOVING (intent=MOVE)
05:12:26.567 [AMR-01] STATE_TRANSITION MOVING -> EMERGENCY_STOP (intent=STOP)
05:12:26.567 [AMR-01] SAFETY_STOP min_obstacle_distance=1.00m <= 1.2m
05:12:26.668 [AMR-01] CONFLICT_DETECTED peer=AMR-02 type=INTERSECTION node=(13, 9) safe_wait=(12, 9) DECISION=YIELD (Lower precedence at intersection (58.4 vs 58.8) -> Safe wait at (12, 9) for AMR-02)
05:12:26.668 [AMR-01] STATE_TRANSITION EMERGENCY_STOP -> YIELDING (intent=YIELD)
05:12:26.768 [AMR-01] CONFLICT_DETECTED peer=AMR-02 type=INTERSECTION node=(13, 9) safe_wait=(12, 9) DECISION=PROCEED (Higher precedence (58.6 vs 58.6) -> Proceed through (13, 9))
05:12:26.768 [AMR-01] STATE_TRANSITION YIELDING -> MOVING (intent=MOVE)
05:12:26.868 [AMR-01] STATE_TRANSITION MOVING -> EMERGENCY_STOP (intent=STOP)
05:12:26.869 [AMR-01] SAFETY_STOP min_obstacle_distance=1.00m <= 1.2m
05:12:26.969 [AMR-01] CONFLICT_DETECTED peer=AMR-02 type=INTERSECTION node=(13, 9) safe_wait=(12, 9) DECISION=PROCEED (Higher precedence (58.4 vs 58.4) -> Proceed through (13, 9))
05:12:26.969 [AMR-01] STATE_TRANSITION EMERGENCY_STOP -> MOVING (intent=MOVE)
05:12:27.070 [AMR-01] STATE_TRANSITION MOVING -> EMERGENCY_STOP (intent=STOP)
05:12:27.070 [AMR-01] SAFETY_STOP min_obstacle_distance=1.00m <= 1.2m
05:12:27.170 [AMR-01] CONFLICT_DETECTED peer=AMR-02 type=INTERSECTION node=(13, 9) safe_wait=(12, 9) DECISION=PROCEED (Higher precedence (58.7 vs 58.6) -> Proceed through (13, 9))
05:12:27.170 [AMR-01] STATE_TRANSITION EMERGENCY_STOP -> MOVING (intent=MOVE)
05:12:27.271 [AMR-01] STATE_TRANSITION MOVING -> EMERGENCY_STOP (intent=STOP)
05:12:27.271 [AMR-01] SAFETY_STOP min_obstacle_distance=0.85m <= 1.2m
05:12:27.371 [AMR-01] CONFLICT_DETECTED peer=AMR-02 type=INTERSECTION node=(13, 9) safe_wait=(12, 9) DECISION=PROCEED (Higher precedence (58.5 vs 58.4) -> Proceed through (13, 9))
05:12:27.371 [AMR-01] STATE_TRANSITION EMERGENCY_STOP -> MOVING (intent=MOVE)
05:12:27.472 [AMR-01] STATE_TRANSITION MOVING -> EMERGENCY_STOP (intent=STOP)
05:12:27.472 [AMR-01] SAFETY_STOP min_obstacle_distance=1.00m <= 1.2m
05:12:27.573 [AMR-01] CONFLICT_DETECTED peer=AMR-02 type=INTERSECTION node=(13, 9) safe_wait=(12, 9) DECISION=YIELD (Lower precedence at intersection (58.3 vs 58.4) -> Safe wait at (12, 9) for AMR-02)
05:12:27.573 [AMR-01] STATE_TRANSITION EMERGENCY_STOP -> YIELDING (intent=YIELD)
05:12:27.673 [AMR-01] CONFLICT_DETECTED peer=AMR-02 type=INTERSECTION node=(13, 9) safe_wait=(12, 9) DECISION=PROCEED (Higher precedence (58.5 vs 58.4) -> Proceed through (13, 9))
05:12:27.673 [AMR-01] STATE_TRANSITION YIELDING -> MOVING (intent=MOVE)
05:12:27.773 [AMR-01] STATE_TRANSITION MOVING -> EMERGENCY_STOP (intent=STOP)
05:12:27.774 [AMR-01] SAFETY_STOP min_obstacle_distance=1.00m <= 1.2m
05:12:27.876 [AMR-01] CONFLICT_DETECTED peer=AMR-02 type=INTERSECTION node=(13, 9) safe_wait=(12, 9) DECISION=PROCEED (Higher precedence (58.3 vs 57.7) -> Proceed through (13, 9))
05:12:27.876 [AMR-01] STATE_TRANSITION EMERGENCY_STOP -> MOVING (intent=MOVE)
05:12:27.977 [AMR-01] STATE_TRANSITION MOVING -> EMERGENCY_STOP (intent=STOP)
05:12:27.978 [AMR-01] SAFETY_STOP min_obstacle_distance=1.01m <= 1.2m
05:12:28.077 [AMR-01] CONFLICT_DETECTED peer=AMR-02 type=INTERSECTION node=(13, 9) safe_wait=(12, 9) DECISION=PROCEED (Higher precedence (58.1 vs 58.1) -> Proceed through (13, 9))
05:12:28.078 [AMR-01] STATE_TRANSITION EMERGENCY_STOP -> MOVING (intent=MOVE)
05:12:28.178 [AMR-01] STATE_TRANSITION MOVING -> EMERGENCY_STOP (intent=STOP)
05:12:28.179 [AMR-01] SAFETY_STOP min_obstacle_distance=1.00m <= 1.2m
05:12:28.279 [AMR-01] CONFLICT_DETECTED peer=AMR-02 type=INTERSECTION node=(13, 9) safe_wait=(12, 9) DECISION=YIELD (Lower precedence at intersection (57.9 vs 58.1) -> Safe wait at (12, 9) for AMR-02)
05:12:28.279 [AMR-01] STATE_TRANSITION EMERGENCY_STOP -> YIELDING (intent=YIELD)
05:12:28.379 [AMR-01] CONFLICT_DETECTED peer=AMR-02 type=INTERSECTION node=(13, 9) safe_wait=(12, 9) DECISION=PROCEED (Higher precedence (58.1 vs 58.1) -> Proceed through (13, 9))
05:12:28.379 [AMR-01] STATE_TRANSITION YIELDING -> MOVING (intent=MOVE)
05:12:28.480 [AMR-01] STATE_TRANSITION MOVING -> EMERGENCY_STOP (intent=STOP)
05:12:28.480 [AMR-01] SAFETY_STOP min_obstacle_distance=1.00m <= 1.2m
05:12:28.581 [AMR-01] CONFLICT_DETECTED peer=AMR-02 type=INTERSECTION node=(14, 9) safe_wait=(13, 9) DECISION=PROCEED (Higher precedence (58.4 vs 57.9) -> Proceed through (14, 9))
05:12:28.581 [AMR-01] STATE_TRANSITION EMERGENCY_STOP -> MOVING (intent=MOVE)
05:12:28.681 [AMR-01] STATE_TRANSITION MOVING -> EMERGENCY_STOP (intent=STOP)
05:12:28.681 [AMR-01] SAFETY_STOP min_obstacle_distance=1.00m <= 1.2m
05:12:28.781 [AMR-01] CONFLICT_DETECTED peer=AMR-02 type=INTERSECTION node=(14, 9) safe_wait=(13, 9) DECISION=YIELD (Lower precedence at intersection (58.2 vs 58.3) -> Safe wait at (13, 9) for AMR-02)
05:12:28.782 [AMR-01] STATE_TRANSITION EMERGENCY_STOP -> YIELDING (intent=YIELD)
05:12:28.882 [AMR-01] CONFLICT_DETECTED peer=AMR-02 type=INTERSECTION node=(14, 9) safe_wait=(13, 9) DECISION=YIELD (Lower precedence at intersection (58.4 vs 58.5) -> Safe wait at (13, 9) for AMR-02)
05:12:28.982 [AMR-01] CONFLICT_DETECTED peer=AMR-02 type=INTERSECTION node=(14, 9) safe_wait=(13, 9) DECISION=PROCEED (Higher precedence (58.6 vs 58.3) -> Proceed through (14, 9))
05:12:28.983 [AMR-01] STATE_TRANSITION YIELDING -> MOVING (intent=MOVE)
05:12:29.084 [AMR-01] STATE_TRANSITION MOVING -> EMERGENCY_STOP (intent=STOP)
05:12:29.084 [AMR-01] SAFETY_STOP min_obstacle_distance=1.00m <= 1.2m
05:12:29.185 [AMR-01] CONFLICT_DETECTED peer=AMR-02 type=INTERSECTION node=(14, 9) safe_wait=(13, 9) DECISION=YIELD (Lower precedence at intersection (58.4 vs 58.5) -> Safe wait at (13, 9) for AMR-02)
05:12:29.185 [AMR-01] STATE_TRANSITION EMERGENCY_STOP -> YIELDING (intent=YIELD)
05:12:29.286 [AMR-01] CONFLICT_DETECTED peer=AMR-02 type=INTERSECTION node=(14, 9) safe_wait=(13, 9) DECISION=YIELD (Lower precedence at intersection (58.6 vs 58.7) -> Safe wait at (13, 9) for AMR-02)
05:12:29.386 [AMR-01] CONFLICT_DETECTED peer=AMR-02 type=INTERSECTION node=(14, 9) safe_wait=(13, 9) DECISION=PROCEED (Higher precedence (58.8 vs 58.5) -> Proceed through (14, 9))
05:12:29.386 [AMR-01] STATE_TRANSITION YIELDING -> MOVING (intent=MOVE)
05:12:29.486 [AMR-01] STATE_TRANSITION MOVING -> EMERGENCY_STOP (intent=STOP)
05:12:29.486 [AMR-01] SAFETY_STOP min_obstacle_distance=1.00m <= 1.2m
05:12:29.587 [AMR-01] CONFLICT_DETECTED peer=AMR-02 type=INTERSECTION node=(14, 9) safe_wait=(13, 9) DECISION=YIELD (Lower precedence at intersection (58.6 vs 58.7) -> Safe wait at (13, 9) for AMR-02)
05:12:29.587 [AMR-01] STATE_TRANSITION EMERGENCY_STOP -> YIELDING (intent=YIELD)
05:12:29.687 [AMR-01] CONFLICT_DETECTED peer=AMR-02 type=INTERSECTION node=(14, 9) safe_wait=(13, 9) DECISION=YIELD (Lower precedence at intersection (58.8 vs 58.9) -> Safe wait at (13, 9) for AMR-02)
05:12:29.787 [AMR-01] CONFLICT_DETECTED peer=AMR-02 type=INTERSECTION node=(14, 9) safe_wait=(13, 9) DECISION=PROCEED (Higher precedence (59.0 vs 58.7) -> Proceed through (14, 9))
05:12:29.788 [AMR-01] STATE_TRANSITION YIELDING -> MOVING (intent=MOVE)
05:12:29.888 [AMR-01] STATE_TRANSITION MOVING -> EMERGENCY_STOP (intent=STOP)
05:12:29.888 [AMR-01] SAFETY_STOP min_obstacle_distance=1.00m <= 1.2m
05:12:29.988 [AMR-01] CONFLICT_DETECTED peer=AMR-02 type=INTERSECTION node=(14, 9) safe_wait=(13, 9) DECISION=YIELD (Lower precedence at intersection (58.8 vs 58.9) -> Safe wait at (13, 9) for AMR-02)
05:12:29.989 [AMR-01] STATE_TRANSITION EMERGENCY_STOP -> YIELDING (intent=YIELD)
05:12:30.089 [AMR-01] CONFLICT_DETECTED peer=AMR-02 type=INTERSECTION node=(14, 9) safe_wait=(13, 9) DECISION=YIELD (Lower precedence at intersection (59.0 vs 59.1) -> Safe wait at (13, 9) for AMR-02)
05:12:30.190 [AMR-01] CONFLICT_DETECTED peer=AMR-02 type=INTERSECTION node=(14, 9) safe_wait=(13, 9) DECISION=PROCEED (Higher precedence (59.2 vs 58.4) -> Proceed through (14, 9))
05:12:30.190 [AMR-01] STATE_TRANSITION YIELDING -> MOVING (intent=MOVE)
05:12:30.291 [AMR-01] STATE_TRANSITION MOVING -> EMERGENCY_STOP (intent=STOP)
05:12:30.291 [AMR-01] SAFETY_STOP min_obstacle_distance=1.00m <= 1.2m
05:12:30.392 [AMR-01] CONFLICT_DETECTED peer=AMR-02 type=INTERSECTION node=(14, 9) safe_wait=(13, 9) DECISION=PROCEED (Higher precedence (59.0 vs 58.6) -> Proceed through (14, 9))
05:12:30.392 [AMR-01] STATE_TRANSITION EMERGENCY_STOP -> MOVING (intent=MOVE)
05:12:30.492 [AMR-01] STATE_TRANSITION MOVING -> EMERGENCY_STOP (intent=STOP)
05:12:30.492 [AMR-01] SAFETY_STOP min_obstacle_distance=1.00m <= 1.2m
05:12:30.594 [AMR-01] CONFLICT_DETECTED peer=AMR-02 type=INTERSECTION node=(14, 9) safe_wait=(13, 9) DECISION=PROCEED (Higher precedence (59.3 vs 59.0) -> Proceed through (14, 9))
05:12:30.594 [AMR-01] STATE_TRANSITION EMERGENCY_STOP -> MOVING (intent=MOVE)
05:12:30.694 [AMR-01] STATE_TRANSITION MOVING -> EMERGENCY_STOP (intent=STOP)
05:12:30.694 [AMR-01] SAFETY_STOP min_obstacle_distance=1.00m <= 1.2m
05:12:30.795 [AMR-01] CONFLICT_DETECTED peer=AMR-02 type=INTERSECTION node=(14, 9) safe_wait=(13, 9) DECISION=PROCEED (Higher precedence (59.1 vs 58.8) -> Proceed through (14, 9))
05:12:30.795 [AMR-01] STATE_TRANSITION EMERGENCY_STOP -> MOVING (intent=MOVE)
05:12:30.895 [AMR-01] STATE_TRANSITION MOVING -> EMERGENCY_STOP (intent=STOP)
05:12:30.895 [AMR-01] SAFETY_STOP min_obstacle_distance=0.85m <= 1.2m
05:12:30.995 [AMR-01] CONFLICT_DETECTED peer=AMR-02 type=INTERSECTION node=(14, 9) safe_wait=(13, 9) DECISION=YIELD (Lower precedence at intersection (58.9 vs 59.2) -> Safe wait at (13, 9) for AMR-02)
05:12:30.996 [AMR-01] STATE_TRANSITION EMERGENCY_STOP -> YIELDING (intent=YIELD)
05:12:31.096 [AMR-01] CONFLICT_DETECTED peer=AMR-02 type=INTERSECTION node=(14, 9) safe_wait=(13, 9) DECISION=PROCEED (Higher precedence (59.1 vs 59.0) -> Proceed through (14, 9))
05:12:31.097 [AMR-01] STATE_TRANSITION YIELDING -> MOVING (intent=MOVE)
05:12:31.197 [AMR-01] STATE_TRANSITION MOVING -> EMERGENCY_STOP (intent=STOP)
05:12:31.197 [AMR-01] SAFETY_STOP min_obstacle_distance=1.00m <= 1.2m
05:12:31.297 [AMR-01] CONFLICT_DETECTED peer=AMR-02 type=INTERSECTION node=(14, 9) safe_wait=(13, 9) DECISION=PROCEED (Higher precedence (58.9 vs 58.8) -> Proceed through (14, 9))
05:12:31.297 [AMR-01] STATE_TRANSITION EMERGENCY_STOP -> MOVING (intent=MOVE)
05:12:31.398 [AMR-01] STATE_TRANSITION MOVING -> EMERGENCY_STOP (intent=STOP)
05:12:31.398 [AMR-01] SAFETY_STOP min_obstacle_distance=1.00m <= 1.2m
05:12:31.499 [AMR-01] CONFLICT_DETECTED peer=AMR-02 type=INTERSECTION node=(14, 9) safe_wait=(13, 9) DECISION=YIELD (Lower precedence at intersection (58.7 vs 59.0) -> Safe wait at (13, 9) for AMR-02)
05:12:31.499 [AMR-01] STATE_TRANSITION EMERGENCY_STOP -> YIELDING (intent=YIELD)
05:12:31.600 [AMR-01] CONFLICT_DETECTED peer=AMR-02 type=INTERSECTION node=(14, 9) safe_wait=(13, 9) DECISION=PROCEED (Higher precedence (58.9 vs 58.8) -> Proceed through (14, 9))
05:12:31.600 [AMR-01] STATE_TRANSITION YIELDING -> MOVING (intent=MOVE)
05:12:31.700 [AMR-01] STATE_TRANSITION MOVING -> EMERGENCY_STOP (intent=STOP)
05:12:31.700 [AMR-01] SAFETY_STOP min_obstacle_distance=0.85m <= 1.2m
05:12:31.801 [AMR-01] CONFLICT_DETECTED peer=AMR-02 type=INTERSECTION node=(14, 9) safe_wait=(13, 9) DECISION=PROCEED (Higher precedence (58.7 vs 58.5) -> Proceed through (14, 9))
05:12:31.801 [AMR-01] STATE_TRANSITION EMERGENCY_STOP -> MOVING (intent=MOVE)
05:12:31.902 [AMR-01] STATE_TRANSITION MOVING -> EMERGENCY_STOP (intent=STOP)
05:12:31.902 [AMR-01] SAFETY_STOP min_obstacle_distance=1.00m <= 1.2m
05:12:32.002 [AMR-01] RESERVATION_WAIT: Zone (15, 9) reserved by AMR-02 (priority 59.0 >= 59.0)
05:12:32.003 [AMR-01] STATE_TRANSITION EMERGENCY_STOP -> WAITING (intent=WAIT)
05:12:32.103 [AMR-01] CONFLICT_DETECTED peer=AMR-02 type=SAME_NEXT_NODE node=(15, 9) safe_wait=(14, 9) DECISION=PROCEED (Higher precedence (59.2 vs 58.6) -> Proceed through (15, 9))
05:12:32.103 [AMR-01] STATE_TRANSITION WAITING -> MOVING (intent=MOVE)
05:12:32.205 [AMR-01] STATE_TRANSITION MOVING -> EMERGENCY_STOP (intent=STOP)
05:12:32.205 [AMR-01] SAFETY_STOP min_obstacle_distance=1.00m <= 1.2m
05:12:32.307 [AMR-01] DEADLOCK_DETECTED cycle=['AMR-01', 'AMR-02'] -> Victim is AMR-02 -> WAITING
05:12:32.307 [AMR-01] STATE_TRANSITION EMERGENCY_STOP -> WAITING (intent=WAIT)
05:12:32.408 [AMR-01] DEADLOCK_DETECTED cycle=['AMR-01', 'AMR-02'] -> Victim is AMR-02 -> WAITING
05:12:32.508 [AMR-01] CONFLICT_DETECTED peer=AMR-02 type=SAME_NEXT_NODE node=(15, 9) safe_wait=(14, 9) DECISION=PROCEED (Higher precedence (59.4 vs 58.1) -> Proceed through (15, 9))
05:12:32.508 [AMR-01] STATE_TRANSITION WAITING -> MOVING (intent=MOVE)
05:12:32.608 [AMR-01] STATE_TRANSITION MOVING -> EMERGENCY_STOP (intent=STOP)
05:12:32.608 [AMR-01] SAFETY_STOP min_obstacle_distance=1.00m <= 1.2m
05:12:32.709 [AMR-01] CONFLICT_DETECTED peer=AMR-02 type=FOLLOWING node=(14, 9) safe_wait=(14, 9) DECISION=PROCEED (Higher precedence (59.2 vs 58.3) -> Proceed through (14, 9))
05:12:32.709 [AMR-01] STATE_TRANSITION EMERGENCY_STOP -> MOVING (intent=MOVE)
05:12:32.809 [AMR-01] STATE_TRANSITION MOVING -> EMERGENCY_STOP (intent=STOP)
05:12:32.809 [AMR-01] SAFETY_STOP min_obstacle_distance=1.00m <= 1.2m
05:12:32.910 [AMR-01] RESERVATION_WAIT: Zone (15, 9) reserved by AMR-02 (priority 59.0 >= 59.0)
05:12:32.911 [AMR-01] STATE_TRANSITION EMERGENCY_STOP -> WAITING (intent=WAIT)
05:12:33.011 [AMR-01] CONFLICT_DETECTED peer=AMR-02 type=FOLLOWING node=(14, 9) safe_wait=(14, 9) DECISION=PROCEED (Higher precedence (59.2 vs 58.9) -> Proceed through (14, 9))
05:12:33.011 [AMR-01] STATE_TRANSITION WAITING -> MOVING (intent=MOVE)
05:12:33.111 [AMR-01] STATE_TRANSITION MOVING -> EMERGENCY_STOP (intent=STOP)
05:12:33.111 [AMR-01] SAFETY_STOP min_obstacle_distance=0.85m <= 1.2m
05:12:33.212 [AMR-01] RESERVATION_WAIT: Zone (15, 9) reserved by AMR-02 (priority 59.1 >= 59.0)
05:12:33.212 [AMR-01] STATE_TRANSITION EMERGENCY_STOP -> WAITING (intent=WAIT)
05:12:33.313 [AMR-01] CONFLICT_DETECTED peer=AMR-02 type=FOLLOWING node=(14, 9) safe_wait=(14, 9) DECISION=PROCEED (Higher precedence (59.2 vs 58.9) -> Proceed through (14, 9))
05:12:33.313 [AMR-01] STATE_TRANSITION WAITING -> MOVING (intent=MOVE)
05:12:33.413 [AMR-01] STATE_TRANSITION MOVING -> EMERGENCY_STOP (intent=STOP)
05:12:33.414 [AMR-01] SAFETY_STOP min_obstacle_distance=1.00m <= 1.2m
05:12:33.515 [AMR-01] CONFLICT_DETECTED peer=AMR-02 type=PROXIMITY node=(15, 9) safe_wait=(15, 9) DECISION=PROCEED (Higher precedence (59.5 vs 58.9) -> Proceed through (15, 9))
05:12:33.515 [AMR-01] STATE_TRANSITION EMERGENCY_STOP -> MOVING (intent=MOVE)
05:12:33.615 [AMR-01] STATE_TRANSITION MOVING -> EMERGENCY_STOP (intent=STOP)
05:12:33.615 [AMR-01] SAFETY_STOP min_obstacle_distance=0.00m <= 1.2m
05:12:33.715 [AMR-01] CONFLICT_DETECTED peer=AMR-02 type=PROXIMITY node=(15, 9) safe_wait=(15, 9) DECISION=PROCEED (Higher precedence (59.3 vs 59.1) -> Proceed through (15, 9))
05:12:33.715 [AMR-01] STATE_TRANSITION EMERGENCY_STOP -> MOVING (intent=MOVE)
05:12:33.816 [AMR-01] STATE_TRANSITION MOVING -> EMERGENCY_STOP (intent=STOP)
05:12:33.816 [AMR-01] SAFETY_STOP min_obstacle_distance=0.15m <= 1.2m
05:12:33.916 [AMR-01] CONFLICT_DETECTED peer=AMR-02 type=PROXIMITY node=(15, 9) safe_wait=(15, 9) DECISION=YIELD (Lower precedence (59.1 vs 59.1) -> Safe wait at (15, 9) for AMR-02)
05:12:33.916 [AMR-01] STATE_TRANSITION EMERGENCY_STOP -> YIELDING (intent=YIELD)
05:12:34.017 [AMR-01] CONFLICT_DETECTED peer=AMR-02 type=PROXIMITY node=(15, 9) safe_wait=(15, 9) DECISION=PROCEED (Higher precedence (59.3 vs 59.1) -> Proceed through (15, 9))
05:12:34.017 [AMR-01] STATE_TRANSITION YIELDING -> MOVING (intent=MOVE)
05:12:34.117 [AMR-01] STATE_TRANSITION MOVING -> EMERGENCY_STOP (intent=STOP)
05:12:34.117 [AMR-01] SAFETY_STOP min_obstacle_distance=0.00m <= 1.2m
05:12:34.217 [AMR-01] CONFLICT_DETECTED peer=AMR-02 type=PROXIMITY node=(15, 9) safe_wait=(15, 9) DECISION=YIELD (Lower precedence (59.1 vs 59.1) -> Safe wait at (15, 9) for AMR-02)
05:12:34.217 [AMR-01] STATE_TRANSITION EMERGENCY_STOP -> YIELDING (intent=YIELD)
05:12:34.318 [AMR-01] CONFLICT_DETECTED peer=AMR-02 type=PROXIMITY node=(15, 9) safe_wait=(15, 9) DECISION=PROCEED (Higher precedence (59.3 vs 59.1) -> Proceed through (15, 9))
05:12:34.318 [AMR-01] STATE_TRANSITION YIELDING -> MOVING (intent=MOVE)
05:12:34.418 [AMR-01] STATE_TRANSITION MOVING -> EMERGENCY_STOP (intent=STOP)
05:12:34.418 [AMR-01] SAFETY_STOP min_obstacle_distance=1.00m <= 1.2m
05:12:34.519 [AMR-01] CONFLICT_DETECTED peer=AMR-02 type=PROXIMITY node=(15, 9) safe_wait=(15, 9) DECISION=PROCEED (Higher precedence (59.1 vs 58.9) -> Proceed through (15, 9))
05:12:34.519 [AMR-01] STATE_TRANSITION EMERGENCY_STOP -> MOVING (intent=MOVE)
05:12:34.620 [AMR-01] STATE_TRANSITION MOVING -> EMERGENCY_STOP (intent=STOP)
05:12:34.620 [AMR-01] SAFETY_STOP min_obstacle_distance=1.01m <= 1.2m
05:12:34.721 [AMR-01] CONFLICT_DETECTED peer=AMR-02 type=PROXIMITY node=(15, 9) safe_wait=(15, 9) DECISION=YIELD (Lower precedence (58.9 vs 59.3) -> Safe wait at (15, 9) for AMR-02)
05:12:34.721 [AMR-01] STATE_TRANSITION EMERGENCY_STOP -> YIELDING (intent=YIELD)
05:12:34.823 [AMR-01] CONFLICT_DETECTED peer=AMR-02 type=PROXIMITY node=(15, 9) safe_wait=(15, 9) DECISION=PROCEED (Higher precedence (59.1 vs 59.0) -> Proceed through (15, 9))
05:12:34.823 [AMR-01] STATE_TRANSITION YIELDING -> MOVING (intent=MOVE)
05:12:34.923 [AMR-01] STATE_TRANSITION MOVING -> EMERGENCY_STOP (intent=STOP)
05:12:34.923 [AMR-01] SAFETY_STOP min_obstacle_distance=1.00m <= 1.2m
05:12:35.023 [AMR-01] CONFLICT_DETECTED peer=AMR-02 type=PROXIMITY node=(15, 9) safe_wait=(15, 9) DECISION=PROCEED (Higher precedence (58.9 vs 58.9) -> Proceed through (15, 9))
05:12:35.023 [AMR-01] STATE_TRANSITION EMERGENCY_STOP -> MOVING (intent=MOVE)
05:12:35.123 [AMR-01] STATE_TRANSITION MOVING -> EMERGENCY_STOP (intent=STOP)
05:12:35.124 [AMR-01] SAFETY_STOP min_obstacle_distance=1.00m <= 1.2m
05:12:35.224 [AMR-01] CONFLICT_DETECTED peer=AMR-02 type=PROXIMITY node=(15, 9) safe_wait=(15, 9) DECISION=YIELD (Lower precedence (58.7 vs 59.0) -> Safe wait at (15, 9) for AMR-02)
05:12:35.224 [AMR-01] STATE_TRANSITION EMERGENCY_STOP -> YIELDING (intent=YIELD)
05:12:35.324 [AMR-01] CONFLICT_DETECTED peer=AMR-02 type=PROXIMITY node=(15, 9) safe_wait=(15, 9) DECISION=PROCEED (Higher precedence (58.9 vs 58.9) -> Proceed through (15, 9))
05:12:35.325 [AMR-01] STATE_TRANSITION YIELDING -> MOVING (intent=MOVE)
05:12:35.426 [AMR-01] STATE_TRANSITION MOVING -> EMERGENCY_STOP (intent=STOP)
05:12:35.426 [AMR-01] SAFETY_STOP min_obstacle_distance=1.00m <= 1.2m
05:12:35.526 [AMR-01] CONFLICT_DETECTED peer=AMR-04 type=INTERSECTION node=(22, 9) safe_wait=(21, 9) DECISION=PROCEED (Higher precedence (59.2 vs 53.5) -> Proceed through (22, 9))
05:12:35.527 [AMR-01] STATE_TRANSITION EMERGENCY_STOP -> MOVING (intent=MOVE)
05:12:35.627 [AMR-01] STATE_TRANSITION MOVING -> EMERGENCY_STOP (intent=STOP)
05:12:35.627 [AMR-01] SAFETY_STOP min_obstacle_distance=1.00m <= 1.2m
05:12:35.728 [AMR-01] CONFLICT_DETECTED peer=AMR-04 type=INTERSECTION node=(22, 9) safe_wait=(21, 9) DECISION=PROCEED (Higher precedence (59.0 vs 53.5) -> Proceed through (22, 9))
05:12:35.728 [AMR-01] STATE_TRANSITION EMERGENCY_STOP -> MOVING (intent=MOVE)
05:12:35.828 [AMR-01] STATE_TRANSITION MOVING -> EMERGENCY_STOP (intent=STOP)
05:12:35.828 [AMR-01] SAFETY_STOP min_obstacle_distance=1.00m <= 1.2m
05:12:35.929 [AMR-01] CONFLICT_DETECTED peer=AMR-04 type=INTERSECTION node=(22, 9) safe_wait=(21, 9) DECISION=PROCEED (Higher precedence (58.8 vs 53.7) -> Proceed through (22, 9))
05:12:35.929 [AMR-01] STATE_TRANSITION EMERGENCY_STOP -> MOVING (intent=MOVE)
05:12:36.030 [AMR-01] STATE_TRANSITION MOVING -> EMERGENCY_STOP (intent=STOP)
05:12:36.030 [AMR-01] SAFETY_STOP min_obstacle_distance=1.01m <= 1.2m
05:12:36.130 [AMR-01] CONFLICT_DETECTED peer=AMR-04 type=INTERSECTION node=(22, 9) safe_wait=(21, 9) DECISION=PROCEED (Higher precedence (58.6 vs 54.1) -> Proceed through (22, 9))
05:12:36.131 [AMR-01] STATE_TRANSITION EMERGENCY_STOP -> MOVING (intent=MOVE)
05:12:36.231 [AMR-01] STATE_TRANSITION MOVING -> EMERGENCY_STOP (intent=STOP)
05:12:36.231 [AMR-01] SAFETY_STOP min_obstacle_distance=1.00m <= 1.2m
05:12:36.333 [AMR-01] CONFLICT_DETECTED peer=AMR-04 type=INTERSECTION node=(22, 9) safe_wait=(21, 9) DECISION=PROCEED (Higher precedence (58.4 vs 54.5) -> Proceed through (22, 9))
05:12:36.333 [AMR-01] STATE_TRANSITION EMERGENCY_STOP -> MOVING (intent=MOVE)
05:12:36.434 [AMR-01] STATE_TRANSITION MOVING -> EMERGENCY_STOP (intent=STOP)
05:12:36.434 [AMR-01] SAFETY_STOP min_obstacle_distance=1.00m <= 1.2m
05:12:36.534 [AMR-01] CONFLICT_DETECTED peer=AMR-04 type=INTERSECTION node=(22, 9) safe_wait=(21, 9) DECISION=PROCEED (Higher precedence (58.2 vs 54.9) -> Proceed through (22, 9))
05:12:36.535 [AMR-01] STATE_TRANSITION EMERGENCY_STOP -> MOVING (intent=MOVE)
05:12:36.635 [AMR-01] CONFLICT_DETECTED peer=AMR-04 type=INTERSECTION node=(22, 9) safe_wait=(21, 9) DECISION=PROCEED (Higher precedence (58.5 vs 55.1) -> Proceed through (22, 9))
05:12:36.736 [AMR-01] CONFLICT_DETECTED peer=AMR-04 type=INTERSECTION node=(22, 9) safe_wait=(21, 9) DECISION=PROCEED (Higher precedence (58.2 vs 55.3) -> Proceed through (22, 9))
05:12:36.837 [AMR-01] CONFLICT_DETECTED peer=AMR-04 type=INTERSECTION node=(22, 9) safe_wait=(21, 9) DECISION=PROCEED (Higher precedence (58.1 vs 55.5) -> Proceed through (22, 9))
05:12:36.937 [AMR-01] CONFLICT_DETECTED peer=AMR-04 type=INTERSECTION node=(22, 9) safe_wait=(21, 9) DECISION=PROCEED (Higher precedence (57.9 vs 55.7) -> Proceed through (22, 9))
05:12:37.038 [AMR-01] CONFLICT_DETECTED peer=AMR-04 type=INTERSECTION node=(22, 9) safe_wait=(21, 9) DECISION=PROCEED (Higher precedence (57.6 vs 55.9) -> Proceed through (22, 9))
05:12:37.139 [AMR-01] CONFLICT_DETECTED peer=AMR-04 type=INTERSECTION node=(22, 9) safe_wait=(21, 9) DECISION=PROCEED (Higher precedence (57.5 vs 56.1) -> Proceed through (22, 9))
05:12:37.240 [AMR-01] STATE_TRANSITION MOVING -> EMERGENCY_STOP (intent=STOP)
05:12:37.240 [AMR-01] SAFETY_STOP min_obstacle_distance=1.00m <= 1.2m
05:12:37.342 [AMR-01] CONFLICT_DETECTED peer=AMR-04 type=INTERSECTION node=(22, 9) safe_wait=(21, 9) DECISION=PROCEED (Higher precedence (57.9 vs 56.5) -> Proceed through (22, 9))
05:12:37.342 [AMR-01] STATE_TRANSITION EMERGENCY_STOP -> MOVING (intent=MOVE)
05:12:37.442 [AMR-01] STATE_TRANSITION MOVING -> EMERGENCY_STOP (intent=STOP)
05:12:37.442 [AMR-01] SAFETY_STOP min_obstacle_distance=1.00m <= 1.2m
05:12:37.543 [AMR-01] CONFLICT_DETECTED peer=AMR-04 type=INTERSECTION node=(22, 9) safe_wait=(21, 9) DECISION=PROCEED (Higher precedence (57.9 vs 56.9) -> Proceed through (22, 9))
05:12:37.543 [AMR-01] STATE_TRANSITION EMERGENCY_STOP -> MOVING (intent=MOVE)
05:12:37.643 [AMR-01] STATE_TRANSITION MOVING -> EMERGENCY_STOP (intent=STOP)
05:12:37.643 [AMR-01] SAFETY_STOP min_obstacle_distance=1.00m <= 1.2m
05:12:37.744 [AMR-01] CONFLICT_DETECTED peer=AMR-04 type=INTERSECTION node=(22, 9) safe_wait=(21, 9) DECISION=PROCEED (Higher precedence (57.9 vs 57.3) -> Proceed through (22, 9))
05:12:37.745 [AMR-01] STATE_TRANSITION EMERGENCY_STOP -> MOVING (intent=MOVE)
05:12:37.845 [AMR-01] STATE_TRANSITION MOVING -> EMERGENCY_STOP (intent=STOP)
05:12:37.845 [AMR-01] SAFETY_STOP min_obstacle_distance=1.00m <= 1.2m
05:12:37.946 [AMR-01] CONFLICT_DETECTED peer=AMR-04 type=INTERSECTION node=(22, 9) safe_wait=(21, 9) DECISION=PROCEED (Higher precedence (57.9 vs 57.7) -> Proceed through (22, 9))
05:12:37.946 [AMR-01] STATE_TRANSITION EMERGENCY_STOP -> MOVING (intent=MOVE)
05:12:38.046 [AMR-01] STATE_TRANSITION MOVING -> EMERGENCY_STOP (intent=STOP)
05:12:38.047 [AMR-01] SAFETY_STOP min_obstacle_distance=1.00m <= 1.2m
05:12:38.147 [AMR-01] CONFLICT_DETECTED peer=AMR-04 type=INTERSECTION node=(22, 9) safe_wait=(21, 9) DECISION=YIELD (Lower precedence at intersection (57.9 vs 58.1) -> Safe wait at (21, 9) for AMR-04)
05:12:38.147 [AMR-01] STATE_TRANSITION EMERGENCY_STOP -> YIELDING (intent=YIELD)
05:12:38.247 [AMR-01] CONFLICT_DETECTED peer=AMR-04 type=INTERSECTION node=(22, 9) safe_wait=(21, 9) DECISION=PROCEED (Higher precedence (58.1 vs 57.9) -> Proceed through (22, 9))
05:12:38.247 [AMR-01] STATE_TRANSITION YIELDING -> MOVING (intent=MOVE)
05:12:38.348 [AMR-01] STATE_TRANSITION MOVING -> EMERGENCY_STOP (intent=STOP)
05:12:38.348 [AMR-01] SAFETY_STOP min_obstacle_distance=1.00m <= 1.2m
05:12:38.448 [AMR-01] CONFLICT_DETECTED peer=AMR-04 type=INTERSECTION node=(22, 9) safe_wait=(21, 9) DECISION=YIELD (Lower precedence at intersection (57.9 vs 58.1) -> Safe wait at (21, 9) for AMR-04)
05:12:38.449 [AMR-01] STATE_TRANSITION EMERGENCY_STOP -> YIELDING (intent=YIELD)
05:12:38.549 [AMR-01] CONFLICT_DETECTED peer=AMR-04 type=INTERSECTION node=(22, 9) safe_wait=(21, 9) DECISION=YIELD (Lower precedence at intersection (58.1 vs 58.3) -> Safe wait at (21, 9) for AMR-04)
05:12:38.650 [AMR-01] CONFLICT_DETECTED peer=AMR-04 type=INTERSECTION node=(22, 9) safe_wait=(21, 9) DECISION=PROCEED (Higher precedence (58.3 vs 58.1) -> Proceed through (22, 9))
05:12:38.650 [AMR-01] STATE_TRANSITION YIELDING -> MOVING (intent=MOVE)
05:12:38.751 [AMR-01] STATE_TRANSITION MOVING -> EMERGENCY_STOP (intent=STOP)
05:12:38.751 [AMR-01] SAFETY_STOP min_obstacle_distance=1.00m <= 1.2m
05:12:38.851 [AMR-01] CONFLICT_DETECTED peer=AMR-04 type=INTERSECTION node=(22, 9) safe_wait=(21, 9) DECISION=YIELD (Lower precedence at intersection (58.1 vs 58.3) -> Safe wait at (21, 9) for AMR-04)
05:12:38.851 [AMR-01] STATE_TRANSITION EMERGENCY_STOP -> YIELDING (intent=YIELD)
05:12:38.952 [AMR-01] CONFLICT_DETECTED peer=AMR-04 type=INTERSECTION node=(22, 9) safe_wait=(21, 9) DECISION=YIELD (Lower precedence at intersection (58.3 vs 58.5) -> Safe wait at (21, 9) for AMR-04)
05:12:39.053 [AMR-01] CONFLICT_DETECTED peer=AMR-04 type=INTERSECTION node=(22, 9) safe_wait=(21, 9) DECISION=PROCEED (Higher precedence (58.5 vs 58.3) -> Proceed through (22, 9))
05:12:39.053 [AMR-01] STATE_TRANSITION YIELDING -> MOVING (intent=MOVE)
05:12:39.154 [AMR-01] STATE_TRANSITION MOVING -> EMERGENCY_STOP (intent=STOP)
05:12:39.154 [AMR-01] SAFETY_STOP min_obstacle_distance=1.00m <= 1.2m
05:12:39.255 [AMR-01] CONFLICT_DETECTED peer=AMR-04 type=INTERSECTION node=(22, 9) safe_wait=(21, 9) DECISION=PROCEED (Higher precedence (58.8 vs 58.5) -> Proceed through (22, 9))
05:12:39.255 [AMR-01] STATE_TRANSITION EMERGENCY_STOP -> MOVING (intent=MOVE)
05:12:39.355 [AMR-01] STATE_TRANSITION MOVING -> EMERGENCY_STOP (intent=STOP)
05:12:39.355 [AMR-01] SAFETY_STOP min_obstacle_distance=1.00m <= 1.2m
05:12:39.455 [AMR-01] CONFLICT_DETECTED peer=AMR-04 type=INTERSECTION node=(22, 9) safe_wait=(21, 9) DECISION=PROCEED (Higher precedence (58.6 vs 58.5) -> Proceed through (22, 9))
05:12:39.455 [AMR-01] STATE_TRANSITION EMERGENCY_STOP -> MOVING (intent=MOVE)
05:12:39.556 [AMR-01] STATE_TRANSITION MOVING -> EMERGENCY_STOP (intent=STOP)
05:12:39.556 [AMR-01] SAFETY_STOP min_obstacle_distance=1.00m <= 1.2m
05:12:39.656 [AMR-01] CONFLICT_DETECTED peer=AMR-04 type=INTERSECTION node=(22, 9) safe_wait=(21, 9) DECISION=YIELD (Lower precedence at intersection (58.4 vs 58.7) -> Safe wait at (21, 9) for AMR-04)
05:12:39.657 [AMR-01] STATE_TRANSITION EMERGENCY_STOP -> YIELDING (intent=YIELD)
05:12:39.758 [AMR-01] CONFLICT_DETECTED peer=AMR-04 type=INTERSECTION node=(22, 9) safe_wait=(21, 9) DECISION=YIELD (Lower precedence at intersection (58.6 vs 59.0) -> Safe wait at (21, 9) for AMR-04)
05:12:39.858 [AMR-01] CONFLICT_DETECTED peer=AMR-04 type=INTERSECTION node=(22, 9) safe_wait=(21, 9) DECISION=YIELD (Lower precedence at intersection (58.8 vs 58.9) -> Safe wait at (21, 9) for AMR-04)
05:12:39.959 [AMR-01] CONFLICT_DETECTED peer=AMR-04 type=INTERSECTION node=(22, 9) safe_wait=(21, 9) DECISION=PROCEED (Higher precedence (59.0 vs 58.6) -> Proceed through (22, 9))
05:12:39.959 [AMR-01] STATE_TRANSITION YIELDING -> MOVING (intent=MOVE)
05:12:40.059 [AMR-01] STATE_TRANSITION MOVING -> EMERGENCY_STOP (intent=STOP)
05:12:40.059 [AMR-01] SAFETY_STOP min_obstacle_distance=1.00m <= 1.2m
05:12:40.160 [AMR-01] CONFLICT_DETECTED peer=AMR-04 type=INTERSECTION node=(22, 9) safe_wait=(21, 9) DECISION=PROCEED (Higher precedence (58.8 vs 58.6) -> Proceed through (22, 9))
05:12:40.161 [AMR-01] STATE_TRANSITION EMERGENCY_STOP -> MOVING (intent=MOVE)
05:12:40.261 [AMR-01] STATE_TRANSITION MOVING -> EMERGENCY_STOP (intent=STOP)
05:12:40.262 [AMR-01] SAFETY_STOP min_obstacle_distance=1.00m <= 1.2m
05:12:40.362 [AMR-01] CONFLICT_DETECTED peer=AMR-04 type=INTERSECTION node=(22, 9) safe_wait=(21, 9) DECISION=YIELD (Lower precedence at intersection (58.6 vs 58.6) -> Safe wait at (21, 9) for AMR-04)
05:12:40.362 [AMR-01] STATE_TRANSITION EMERGENCY_STOP -> YIELDING (intent=YIELD)
05:12:40.462 [AMR-01] CONFLICT_DETECTED peer=AMR-04 type=INTERSECTION node=(22, 9) safe_wait=(21, 9) DECISION=YIELD (Lower precedence at intersection (58.8 vs 58.8) -> Safe wait at (21, 9) for AMR-04)
05:12:40.563 [AMR-01] CONFLICT_DETECTED peer=AMR-04 type=INTERSECTION node=(22, 9) safe_wait=(21, 9) DECISION=PROCEED (Higher precedence (59.0 vs 58.6) -> Proceed through (22, 9))
05:12:40.563 [AMR-01] STATE_TRANSITION YIELDING -> MOVING (intent=MOVE)
05:12:40.663 [AMR-01] STATE_TRANSITION MOVING -> EMERGENCY_STOP (intent=STOP)
05:12:40.663 [AMR-01] SAFETY_STOP min_obstacle_distance=1.00m <= 1.2m
05:12:40.763 [AMR-01] CONFLICT_DETECTED peer=AMR-04 type=INTERSECTION node=(22, 9) safe_wait=(21, 9) DECISION=YIELD (Lower precedence at intersection (58.8 vs 58.9) -> Safe wait at (21, 9) for AMR-04)
05:12:40.764 [AMR-01] STATE_TRANSITION EMERGENCY_STOP -> YIELDING (intent=YIELD)
05:12:40.864 [AMR-01] CONFLICT_DETECTED peer=AMR-04 type=INTERSECTION node=(22, 9) safe_wait=(21, 9) DECISION=PROCEED (Higher precedence (59.0 vs 58.9) -> Proceed through (22, 9))
05:12:40.864 [AMR-01] STATE_TRANSITION YIELDING -> MOVING (intent=MOVE)
05:12:40.964 [AMR-01] STATE_TRANSITION MOVING -> EMERGENCY_STOP (intent=STOP)
05:12:40.964 [AMR-01] SAFETY_STOP min_obstacle_distance=1.00m <= 1.2m
05:12:41.065 [AMR-01] CONFLICT_DETECTED peer=AMR-04 type=INTERSECTION node=(22, 9) safe_wait=(21, 9) DECISION=PROCEED (Higher precedence (59.3 vs 58.7) -> Proceed through (22, 9))
05:12:41.065 [AMR-01] STATE_TRANSITION EMERGENCY_STOP -> MOVING (intent=MOVE)
05:12:41.165 [AMR-01] STATE_TRANSITION MOVING -> EMERGENCY_STOP (intent=STOP)
05:12:41.165 [AMR-01] SAFETY_STOP min_obstacle_distance=1.01m <= 1.2m
05:12:41.266 [AMR-01] CONFLICT_DETECTED peer=AMR-04 type=INTERSECTION node=(22, 9) safe_wait=(21, 9) DECISION=PROCEED (Higher precedence (59.1 vs 58.9) -> Proceed through (22, 9))
05:12:41.266 [AMR-01] STATE_TRANSITION EMERGENCY_STOP -> MOVING (intent=MOVE)
05:12:41.366 [AMR-01] STATE_TRANSITION MOVING -> EMERGENCY_STOP (intent=STOP)
05:12:41.366 [AMR-01] SAFETY_STOP min_obstacle_distance=1.00m <= 1.2m
05:12:41.467 [AMR-01] CONFLICT_DETECTED peer=AMR-04 type=INTERSECTION node=(22, 9) safe_wait=(21, 9) DECISION=YIELD (Lower precedence at intersection (58.9 vs 59.3) -> Safe wait at (21, 9) for AMR-04)
05:12:41.467 [AMR-01] STATE_TRANSITION EMERGENCY_STOP -> YIELDING (intent=YIELD)
05:12:41.567 [AMR-01] CONFLICT_DETECTED peer=AMR-04 type=INTERSECTION node=(22, 9) safe_wait=(21, 9) DECISION=YIELD (Lower precedence at intersection (59.1 vs 59.1) -> Safe wait at (21, 9) for AMR-04)
05:12:41.667 [AMR-01] CONFLICT_DETECTED peer=AMR-04 type=INTERSECTION node=(22, 9) safe_wait=(21, 9) DECISION=PROCEED (Higher precedence (59.3 vs 59.1) -> Proceed through (22, 9))
05:12:41.667 [AMR-01] STATE_TRANSITION YIELDING -> MOVING (intent=MOVE)
05:12:41.768 [AMR-01] STATE_TRANSITION MOVING -> EMERGENCY_STOP (intent=STOP)
05:12:41.768 [AMR-01] SAFETY_STOP min_obstacle_distance=1.00m <= 1.2m
05:12:41.869 [AMR-01] CONFLICT_DETECTED peer=AMR-04 type=INTERSECTION node=(22, 9) safe_wait=(21, 9) DECISION=PROCEED (Higher precedence (59.1 vs 58.9) -> Proceed through (22, 9))
05:12:41.869 [AMR-01] STATE_TRANSITION EMERGENCY_STOP -> MOVING (intent=MOVE)
05:12:41.969 [AMR-01] STATE_TRANSITION MOVING -> EMERGENCY_STOP (intent=STOP)
05:12:41.969 [AMR-01] SAFETY_STOP min_obstacle_distance=1.01m <= 1.2m
05:12:42.070 [AMR-01] CONFLICT_DETECTED peer=AMR-04 type=INTERSECTION node=(22, 9) safe_wait=(21, 9) DECISION=YIELD (Lower precedence at intersection (58.9 vs 59.0) -> Safe wait at (21, 9) for AMR-04)
05:12:42.070 [AMR-01] STATE_TRANSITION EMERGENCY_STOP -> YIELDING (intent=YIELD)
05:12:42.172 [AMR-01] CONFLICT_DETECTED peer=AMR-04 type=INTERSECTION node=(22, 9) safe_wait=(21, 9) DECISION=PROCEED (Higher precedence (59.1 vs 58.9) -> Proceed through (22, 9))
05:12:42.172 [AMR-01] STATE_TRANSITION YIELDING -> MOVING (intent=MOVE)
05:12:42.272 [AMR-01] STATE_TRANSITION MOVING -> EMERGENCY_STOP (intent=STOP)
05:12:42.273 [AMR-01] SAFETY_STOP min_obstacle_distance=1.00m <= 1.2m
05:12:42.374 [AMR-01] CONFLICT_DETECTED peer=AMR-04 type=INTERSECTION node=(22, 9) safe_wait=(21, 9) DECISION=YIELD (Lower precedence at intersection (58.9 vs 59.4) -> Safe wait at (21, 9) for AMR-04)
05:12:42.374 [AMR-01] STATE_TRANSITION EMERGENCY_STOP -> YIELDING (intent=YIELD)
05:12:42.474 [AMR-01] CONFLICT_DETECTED peer=AMR-04 type=INTERSECTION node=(22, 9) safe_wait=(21, 9) DECISION=YIELD (Lower precedence at intersection (59.1 vs 59.4) -> Safe wait at (21, 9) for AMR-04)
05:12:42.574 [AMR-01] CONFLICT_DETECTED peer=AMR-04 type=INTERSECTION node=(22, 9) safe_wait=(21, 9) DECISION=PROCEED (Higher precedence (59.3 vs 59.2) -> Proceed through (22, 9))
05:12:42.575 [AMR-01] STATE_TRANSITION YIELDING -> MOVING (intent=MOVE)
05:12:42.675 [AMR-01] STATE_TRANSITION MOVING -> EMERGENCY_STOP (intent=STOP)
05:12:42.675 [AMR-01] SAFETY_STOP min_obstacle_distance=1.00m <= 1.2m
05:12:42.775 [AMR-01] CONFLICT_DETECTED peer=AMR-04 type=INTERSECTION node=(22, 9) safe_wait=(21, 9) DECISION=PROCEED (Higher precedence (59.5 vs 59.0) -> Proceed through (22, 9))
05:12:42.775 [AMR-01] STATE_TRANSITION EMERGENCY_STOP -> MOVING (intent=MOVE)
05:12:42.876 [AMR-01] STATE_TRANSITION MOVING -> EMERGENCY_STOP (intent=STOP)
05:12:42.876 [AMR-01] SAFETY_STOP min_obstacle_distance=1.00m <= 1.2m
05:12:42.976 [AMR-01] CONFLICT_DETECTED peer=AMR-04 type=INTERSECTION node=(22, 9) safe_wait=(21, 9) DECISION=PROCEED (Higher precedence (59.3 vs 59.2) -> Proceed through (22, 9))
05:12:42.976 [AMR-01] STATE_TRANSITION EMERGENCY_STOP -> MOVING (intent=MOVE)
05:12:43.077 [AMR-01] STATE_TRANSITION MOVING -> EMERGENCY_STOP (intent=STOP)
05:12:43.078 [AMR-01] SAFETY_STOP min_obstacle_distance=1.00m <= 1.2m
05:12:43.177 [AMR-01] RESERVATION_WAIT: Zone (22, 9) reserved by AMR-04 (priority 59.4 >= 59.3)
05:12:43.177 [AMR-01] STATE_TRANSITION EMERGENCY_STOP -> WAITING (intent=WAIT)
05:12:43.277 [AMR-01] CONFLICT_DETECTED peer=AMR-04 type=INTERSECTION node=(22, 9) safe_wait=(21, 9) DECISION=PROCEED (Higher precedence (59.5 vs 59.2) -> Proceed through (22, 9))
05:12:43.277 [AMR-01] STATE_TRANSITION WAITING -> MOVING (intent=MOVE)
05:12:43.378 [AMR-01] STATE_TRANSITION MOVING -> EMERGENCY_STOP (intent=STOP)
05:12:43.378 [AMR-01] SAFETY_STOP min_obstacle_distance=1.00m <= 1.2m
05:12:43.478 [AMR-01] RESERVATION_WAIT: Zone (22, 9) reserved by AMR-04 (priority 59.4 >= 59.3)
05:12:43.479 [AMR-01] STATE_TRANSITION EMERGENCY_STOP -> WAITING (intent=WAIT)
05:12:43.579 [AMR-01] CONFLICT_DETECTED peer=AMR-04 type=INTERSECTION node=(22, 9) safe_wait=(21, 9) DECISION=PROCEED (Higher precedence (59.5 vs 59.2) -> Proceed through (22, 9))
05:12:43.579 [AMR-01] STATE_TRANSITION WAITING -> MOVING (intent=MOVE)
05:12:43.679 [AMR-01] STATE_TRANSITION MOVING -> EMERGENCY_STOP (intent=STOP)
05:12:43.679 [AMR-01] SAFETY_STOP min_obstacle_distance=1.00m <= 1.2m
05:12:43.779 [AMR-01] RESERVATION_WAIT: Zone (22, 9) reserved by AMR-04 (priority 59.4 >= 59.3)
05:12:43.780 [AMR-01] STATE_TRANSITION EMERGENCY_STOP -> WAITING (intent=WAIT)
05:12:43.880 [AMR-01] CONFLICT_DETECTED peer=AMR-04 type=INTERSECTION node=(22, 9) safe_wait=(21, 9) DECISION=PROCEED (Higher precedence (59.5 vs 59.2) -> Proceed through (22, 9))
05:12:43.880 [AMR-01] STATE_TRANSITION WAITING -> MOVING (intent=MOVE)
05:12:43.981 [AMR-01] STATE_TRANSITION MOVING -> EMERGENCY_STOP (intent=STOP)
05:12:43.981 [AMR-01] SAFETY_STOP min_obstacle_distance=1.00m <= 1.2m
05:12:44.081 [AMR-01] RESERVATION_WAIT: Zone (22, 9) reserved by AMR-04 (priority 59.7 >= 59.3)
05:12:44.081 [AMR-01] STATE_TRANSITION EMERGENCY_STOP -> WAITING (intent=WAIT)
05:12:44.181 [AMR-01] RESERVATION_WAIT: Zone (22, 9) reserved by AMR-04 (priority 59.5 >= 59.5)
05:12:44.282 [AMR-01] CONFLICT_DETECTED peer=AMR-04 type=SAME_NEXT_NODE node=(22, 9) safe_wait=(21, 9) DECISION=PROCEED (Higher precedence (59.7 vs 59.4) -> Proceed through (22, 9))
05:12:44.282 [AMR-01] STATE_TRANSITION WAITING -> MOVING (intent=MOVE)
05:12:44.384 [AMR-01] STATE_TRANSITION MOVING -> EMERGENCY_STOP (intent=STOP)
05:12:44.384 [AMR-01] SAFETY_STOP min_obstacle_distance=1.00m <= 1.2m
05:12:44.486 [AMR-01] CONFLICT_DETECTED peer=AMR-04 type=INTERSECTION node=(22, 10) safe_wait=(22, 9) DECISION=PROCEED (Higher precedence (59.7 vs 59.3) -> Proceed through (22, 10))
05:12:44.486 [AMR-01] STATE_TRANSITION EMERGENCY_STOP -> MOVING (intent=MOVE)
05:12:44.587 [AMR-01] STATE_TRANSITION MOVING -> EMERGENCY_STOP (intent=STOP)
05:12:44.587 [AMR-01] SAFETY_STOP min_obstacle_distance=1.00m <= 1.2m
05:12:44.687 [AMR-01] RESERVATION_WAIT: Zone (22, 10) reserved by AMR-04 (priority 59.7 >= 59.5)
05:12:44.687 [AMR-01] STATE_TRANSITION EMERGENCY_STOP -> WAITING (intent=WAIT)
05:12:44.788 [AMR-01] RESERVATION_WAIT: Zone (22, 10) reserved by AMR-04 (priority 59.7 >= 59.7)
05:12:44.889 [AMR-01] CONFLICT_DETECTED peer=AMR-04 type=INTERSECTION node=(22, 10) safe_wait=(22, 9) DECISION=PROCEED (Higher precedence (59.9 vs 59.5) -> Proceed through (22, 10))
05:12:44.889 [AMR-01] STATE_TRANSITION WAITING -> MOVING (intent=MOVE)
05:12:44.989 [AMR-01] STATE_TRANSITION MOVING -> EMERGENCY_STOP (intent=STOP)
05:12:44.989 [AMR-01] SAFETY_STOP min_obstacle_distance=1.00m <= 1.2m
05:12:45.090 [AMR-01] RESERVATION_WAIT: Zone (22, 10) reserved by AMR-04 (priority 59.7 >= 59.7)
05:12:45.090 [AMR-01] STATE_TRANSITION EMERGENCY_STOP -> WAITING (intent=WAIT)
05:12:45.191 [AMR-01] CONFLICT_DETECTED peer=AMR-04 type=INTERSECTION node=(22, 10) safe_wait=(22, 9) DECISION=PROCEED (Higher precedence (59.9 vs 59.5) -> Proceed through (22, 10))
05:12:45.191 [AMR-01] STATE_TRANSITION WAITING -> MOVING (intent=MOVE)
05:12:45.291 [AMR-01] STATE_TRANSITION MOVING -> EMERGENCY_STOP (intent=STOP)
05:12:45.291 [AMR-01] SAFETY_STOP min_obstacle_distance=1.00m <= 1.2m
05:12:45.392 [AMR-01] RESERVATION_WAIT: Zone (22, 10) reserved by AMR-04 (priority 59.7 >= 59.7)
05:12:45.392 [AMR-01] STATE_TRANSITION EMERGENCY_STOP -> WAITING (intent=WAIT)
05:12:45.493 [AMR-01] CONFLICT_DETECTED peer=AMR-04 type=INTERSECTION node=(22, 10) safe_wait=(22, 9) DECISION=PROCEED (Higher precedence (59.9 vs 59.5) -> Proceed through (22, 10))
05:12:45.493 [AMR-01] STATE_TRANSITION WAITING -> MOVING (intent=MOVE)
05:12:45.593 [AMR-01] STATE_TRANSITION MOVING -> EMERGENCY_STOP (intent=STOP)
05:12:45.593 [AMR-01] SAFETY_STOP min_obstacle_distance=1.00m <= 1.2m
05:12:45.693 [AMR-01] RESERVATION_WAIT: Zone (22, 10) reserved by AMR-04 (priority 59.7 >= 59.7)
05:12:45.693 [AMR-01] STATE_TRANSITION EMERGENCY_STOP -> WAITING (intent=WAIT)
05:12:45.794 [AMR-01] RESERVATION_WAIT: Zone (22, 10) reserved by AMR-04 (priority 60.0 >= 59.9)
05:12:45.894 [AMR-01] CONFLICT_DETECTED peer=AMR-04 type=SAME_NEXT_NODE node=(22, 10) safe_wait=(22, 9) DECISION=PROCEED (Higher precedence (60.1 vs 59.8) -> Proceed through (22, 10))
05:12:45.894 [AMR-01] STATE_TRANSITION WAITING -> MOVING (intent=MOVE)
05:12:45.958 [AMR-01] GOAL_REACHED at pos=(22.0, 10.0) travel_time=34.61s reroutes=0 obstacles=0
05:12:45.959 [AMR-01] STATE_TRANSITION MOVING -> PLANNING (intent=MOVE)
05:12:45.959 [AMR-01] GOAL_SET goal=(2.0, 10.0)
05:12:45.996 [AMR-01] CONFLICT_DETECTED peer=AMR-04 type=PROXIMITY node=(22, 10) safe_wait=(22, 10) DECISION=YIELD (Lower precedence (50.4 vs 59.8) -> Safe wait at (22, 10) for AMR-04)
05:12:45.996 [AMR-01] STATE_TRANSITION PLANNING -> MOVING (intent=MOVE)
05:12:45.996 [AMR-01] PATH_PLANNED length=23 waypoints=[(22, 10), (22, 9), (21, 9), (20, 9), (19, 9)]...
05:12:45.996 [AMR-01] STATE_TRANSITION MOVING -> YIELDING (intent=YIELD)
05:12:46.097 [AMR-01] DEADLOCK_DETECTED cycle=['AMR-01', 'AMR-04'] -> Self is lowest priority victim -> REROUTING
05:12:46.097 [AMR-01] STATE_TRANSITION YIELDING -> REROUTING (intent=REROUTE)
05:12:46.097 [AMR-01] STATE_TRANSITION REROUTING -> MOVING (intent=MOVE)
05:12:46.097 [AMR-01] REROUTE_SUCCESS new_path_len=25
05:12:46.197 [AMR-01] STATE_TRANSITION MOVING -> EMERGENCY_STOP (intent=STOP)
05:12:46.197 [AMR-01] SAFETY_STOP min_obstacle_distance=1.00m <= 1.2m
05:12:46.298 [AMR-01] CONFLICT_DETECTED peer=AMR-04 type=INTERSECTION node=(22, 11) safe_wait=(22, 10) DECISION=YIELD (Lower precedence at intersection (50.6 vs 60.0) -> Safe wait at (22, 10) for AMR-04)
05:12:46.298 [AMR-01] STATE_TRANSITION EMERGENCY_STOP -> YIELDING (intent=YIELD)
05:12:46.399 [AMR-01] CONFLICT_DETECTED peer=AMR-04 type=INTERSECTION node=(22, 11) safe_wait=(22, 10) DECISION=YIELD (Lower precedence at intersection (50.8 vs 60.0) -> Safe wait at (22, 10) for AMR-04)
05:12:46.499 [AMR-01] RESERVATION_WAIT: Zone (22, 11) reserved by AMR-04 (priority 60.2 >= 51.0)
05:12:46.499 [AMR-01] STATE_TRANSITION YIELDING -> WAITING (intent=WAIT)
05:12:46.599 [AMR-01] RESERVATION_WAIT: Zone (22, 11) reserved by AMR-04 (priority 60.2 >= 51.2)
05:12:46.699 [AMR-01] RESERVATION_WAIT: Zone (22, 11) reserved by AMR-04 (priority 60.2 >= 51.4)
05:12:46.800 [AMR-01] RESERVATION_WAIT: Zone (22, 11) reserved by AMR-04 (priority 60.2 >= 51.6)
05:12:46.901 [AMR-01] RESERVATION_WAIT: Zone (22, 11) reserved by AMR-04 (priority 60.2 >= 51.8)
05:12:47.001 [AMR-01] RESERVATION_WAIT: Zone (22, 11) reserved by AMR-04 (priority 60.2 >= 52.0)
05:12:47.102 [AMR-01] RESERVATION_WAIT: Zone (22, 11) reserved by AMR-04 (priority 60.2 >= 52.2)
05:12:47.202 [AMR-01] RESERVATION_WAIT: Zone (22, 11) reserved by AMR-04 (priority 60.2 >= 52.4)
05:12:47.303 [AMR-01] RESERVATION_WAIT: Zone (22, 11) reserved by AMR-04 (priority 60.2 >= 52.6)
05:12:47.404 [AMR-01] RESERVATION_WAIT: Zone (22, 11) reserved by AMR-04 (priority 60.2 >= 52.8)
05:12:47.504 [AMR-01] RESERVATION_WAIT: Zone (22, 11) reserved by AMR-04 (priority 60.2 >= 53.0)
05:12:47.604 [AMR-01] RESERVATION_WAIT: Zone (22, 11) reserved by AMR-04 (priority 60.2 >= 53.2)
05:12:47.705 [AMR-01] RESERVATION_WAIT: Zone (22, 11) reserved by AMR-04 (priority 60.2 >= 53.4)
05:12:47.805 [AMR-01] RESERVATION_WAIT: Zone (22, 11) reserved by AMR-04 (priority 60.2 >= 53.6)
05:12:47.906 [AMR-01] RESERVATION_WAIT: Zone (22, 11) reserved by AMR-04 (priority 60.2 >= 53.8)
05:12:48.006 [AMR-01] RESERVATION_WAIT: Zone (22, 11) reserved by AMR-04 (priority 60.2 >= 54.0)
05:12:48.107 [AMR-01] RESERVATION_WAIT: Zone (22, 11) reserved by AMR-04 (priority 60.2 >= 54.2)
05:12:48.208 [AMR-01] RESERVATION_WAIT: Zone (22, 11) reserved by AMR-04 (priority 60.2 >= 54.4)
05:12:48.308 [AMR-01] RESERVATION_WAIT: Zone (22, 11) reserved by AMR-04 (priority 60.2 >= 54.6)
05:12:48.410 [AMR-01] RESERVATION_WAIT: Zone (22, 11) reserved by AMR-04 (priority 60.2 >= 54.8)
05:12:48.511 [AMR-01] RESERVATION_WAIT: Zone (22, 11) reserved by AMR-04 (priority 60.2 >= 55.0)
05:12:48.612 [AMR-01] RESERVATION_WAIT: Zone (22, 11) reserved by AMR-04 (priority 60.2 >= 55.2)
05:12:48.712 [AMR-01] RESERVATION_WAIT: Zone (22, 11) reserved by AMR-04 (priority 60.2 >= 55.4)
05:12:48.813 [AMR-01] RESERVATION_WAIT: Zone (22, 11) reserved by AMR-04 (priority 60.2 >= 55.6)
05:12:48.913 [AMR-01] RESERVATION_WAIT: Zone (22, 11) reserved by AMR-04 (priority 60.2 >= 55.8)
05:12:49.014 [AMR-01] RESERVATION_WAIT: Zone (22, 11) reserved by AMR-04 (priority 60.2 >= 56.0)
05:12:49.114 [AMR-01] RESERVATION_WAIT: Zone (22, 11) reserved by AMR-04 (priority 60.0 >= 56.2)
05:12:49.215 [AMR-01] RESERVATION_WAIT: Zone (22, 11) reserved by AMR-04 (priority 60.0 >= 56.4)
05:12:49.316 [AMR-01] RESERVATION_WAIT: Zone (22, 11) reserved by AMR-04 (priority 59.8 >= 56.6)
05:12:49.416 [AMR-01] RESERVATION_WAIT: Zone (22, 11) reserved by AMR-04 (priority 59.8 >= 56.8)
05:12:49.516 [AMR-01] RESERVATION_WAIT: Zone (22, 11) reserved by AMR-04 (priority 59.6 >= 57.0)
05:12:49.616 [AMR-01] RESERVATION_WAIT: Zone (22, 11) reserved by AMR-04 (priority 59.6 >= 57.2)
05:12:49.718 [AMR-01] RESERVATION_WAIT: Zone (22, 11) reserved by AMR-04 (priority 59.4 >= 57.4)
05:12:49.819 [AMR-01] RESERVATION_WAIT: Zone (22, 11) reserved by AMR-04 (priority 59.4 >= 57.6)
05:12:49.920 [AMR-01] RESERVATION_WAIT: Zone (22, 11) reserved by AMR-04 (priority 59.2 >= 57.9)
05:12:50.021 [AMR-01] RESERVATION_WAIT: Zone (22, 11) reserved by AMR-04 (priority 59.2 >= 58.0)
05:12:50.122 [AMR-01] RESERVATION_WAIT: Zone (22, 11) reserved by AMR-04 (priority 59.0 >= 58.2)
05:12:50.222 [AMR-01] RESERVATION_WAIT: Zone (22, 11) reserved by AMR-04 (priority 59.0 >= 58.5)
05:12:50.323 [AMR-01] RESERVATION_WAIT: Zone (22, 11) reserved by AMR-04 (priority 58.8 >= 58.7)
05:12:50.424 [AMR-01] CONFLICT_DETECTED peer=AMR-04 type=INTERSECTION node=(22, 11) safe_wait=(22, 10) DECISION=PROCEED (Higher precedence (58.9 vs 58.6) -> Proceed through (22, 11))
05:12:50.424 [AMR-01] STATE_TRANSITION WAITING -> MOVING (intent=MOVE)
05:12:50.524 [AMR-01] STATE_TRANSITION MOVING -> EMERGENCY_STOP (intent=STOP)
05:12:50.525 [AMR-01] SAFETY_STOP min_obstacle_distance=1.00m <= 1.2m
05:12:50.625 [AMR-01] RESERVATION_WAIT: Zone (22, 11) reserved by AMR-04 (priority 58.8 >= 58.7)
05:12:50.625 [AMR-01] STATE_TRANSITION EMERGENCY_STOP -> WAITING (intent=WAIT)
05:12:50.725 [AMR-01] RESERVATION_WAIT: Zone (22, 11) reserved by AMR-04 (priority 59.0 >= 58.9)
05:12:50.827 [AMR-01] CONFLICT_DETECTED peer=AMR-04 type=INTERSECTION node=(22, 11) safe_wait=(22, 10) DECISION=PROCEED (Higher precedence (59.1 vs 58.8) -> Proceed through (22, 11))
05:12:50.827 [AMR-01] STATE_TRANSITION WAITING -> MOVING (intent=MOVE)
05:12:50.927 [AMR-01] STATE_TRANSITION MOVING -> EMERGENCY_STOP (intent=STOP)
05:12:50.927 [AMR-01] SAFETY_STOP min_obstacle_distance=1.00m <= 1.2m
05:12:51.028 [AMR-01] RESERVATION_WAIT: Zone (22, 11) reserved by AMR-04 (priority 59.0 >= 58.9)
05:12:51.028 [AMR-01] STATE_TRANSITION EMERGENCY_STOP -> WAITING (intent=WAIT)
05:12:51.129 [AMR-01] RESERVATION_WAIT: Zone (22, 11) reserved by AMR-04 (priority 59.2 >= 59.1)
05:12:51.230 [AMR-01] CONFLICT_DETECTED peer=AMR-04 type=SAME_NEXT_NODE node=(22, 11) safe_wait=(22, 10) DECISION=YIELD (Lower precedence (59.3 vs 59.5) -> Safe wait at (22, 10) for AMR-04)
05:12:51.230 [AMR-01] STATE_TRANSITION WAITING -> YIELDING (intent=YIELD)
05:12:51.331 [AMR-01] RESERVATION_WAIT: Zone (22, 11) reserved by AMR-04 (priority 59.5 >= 59.5)
05:12:51.331 [AMR-01] STATE_TRANSITION YIELDING -> WAITING (intent=WAIT)
05:12:51.432 [AMR-01] CONFLICT_DETECTED peer=AMR-04 type=SAME_NEXT_NODE node=(22, 11) safe_wait=(22, 10) DECISION=PROCEED (Higher precedence (59.7 vs 59.3) -> Proceed through (22, 11))
05:12:51.432 [AMR-01] STATE_TRANSITION WAITING -> MOVING (intent=MOVE)
05:12:51.532 [AMR-01] STATE_TRANSITION MOVING -> EMERGENCY_STOP (intent=STOP)
05:12:51.532 [AMR-01] SAFETY_STOP min_obstacle_distance=0.00m <= 1.2m
05:12:51.633 [AMR-01] RESERVATION_WAIT: Zone (22, 11) reserved by AMR-04 (priority 59.5 >= 59.5)
05:12:51.633 [AMR-01] STATE_TRANSITION EMERGENCY_STOP -> WAITING (intent=WAIT)
05:12:51.734 [AMR-01] RESERVATION_WAIT: Zone (22, 11) reserved by AMR-04 (priority 59.7 >= 59.7)
05:12:51.834 [AMR-01] CONFLICT_DETECTED peer=AMR-04 type=SAME_NEXT_NODE node=(22, 11) safe_wait=(22, 10) DECISION=PROCEED (Higher precedence (59.9 vs 59.5) -> Proceed through (22, 11))
05:12:51.835 [AMR-01] STATE_TRANSITION WAITING -> MOVING (intent=MOVE)
05:12:51.935 [AMR-01] STATE_TRANSITION MOVING -> EMERGENCY_STOP (intent=STOP)
05:12:51.935 [AMR-01] SAFETY_STOP min_obstacle_distance=0.00m <= 1.2m
05:12:52.036 [AMR-01] RESERVATION_WAIT: Zone (22, 11) reserved by AMR-04 (priority 59.7 >= 59.7)
05:12:52.036 [AMR-01] STATE_TRANSITION EMERGENCY_STOP -> WAITING (intent=WAIT)
05:12:52.137 [AMR-01] RESERVATION_WAIT: Zone (22, 11) reserved by AMR-04 (priority 59.9 >= 59.9)
05:12:52.237 [AMR-01] CONFLICT_DETECTED peer=AMR-04 type=SAME_NEXT_NODE node=(22, 11) safe_wait=(22, 10) DECISION=PROCEED (Higher precedence (60.1 vs 59.7) -> Proceed through (22, 11))
05:12:52.237 [AMR-01] STATE_TRANSITION WAITING -> MOVING (intent=MOVE)
05:12:52.339 [AMR-01] STATE_TRANSITION MOVING -> EMERGENCY_STOP (intent=STOP)
05:12:52.340 [AMR-01] SAFETY_STOP min_obstacle_distance=0.00m <= 1.2m
05:12:52.439 [AMR-01] RESERVATION_WAIT: Zone (22, 11) reserved by AMR-04 (priority 59.9 >= 59.9)
05:12:52.439 [AMR-01] STATE_TRANSITION EMERGENCY_STOP -> WAITING (intent=WAIT)
05:12:52.540 [AMR-01] RESERVATION_WAIT: Zone (22, 11) reserved by AMR-04 (priority 60.1 >= 60.1)
05:12:52.640 [AMR-01] CONFLICT_DETECTED peer=AMR-04 type=SAME_NEXT_NODE node=(22, 11) safe_wait=(22, 10) DECISION=PROCEED (Higher precedence (60.3 vs 59.9) -> Proceed through (22, 11))
05:12:52.640 [AMR-01] STATE_TRANSITION WAITING -> MOVING (intent=MOVE)
05:12:52.741 [AMR-01] STATE_TRANSITION MOVING -> EMERGENCY_STOP (intent=STOP)
05:12:52.741 [AMR-01] SAFETY_STOP min_obstacle_distance=1.00m <= 1.2m
05:12:52.841 [AMR-01] CONFLICT_DETECTED peer=AMR-04 type=INTERSECTION node=(22, 12) safe_wait=(22, 11) DECISION=YIELD (Lower precedence at intersection (60.1 vs 60.1) -> Safe wait at (22, 11) for AMR-04)
05:12:52.841 [AMR-01] STATE_TRANSITION EMERGENCY_STOP -> YIELDING (intent=YIELD)
05:12:52.942 [AMR-01] RESERVATION_WAIT: Zone (22, 12) reserved by AMR-04 (priority 60.3 >= 60.3)
05:12:52.942 [AMR-01] STATE_TRANSITION YIELDING -> WAITING (intent=WAIT)
05:12:53.042 [AMR-01] CONFLICT_DETECTED peer=AMR-04 type=INTERSECTION node=(22, 12) safe_wait=(22, 11) DECISION=PROCEED (Higher precedence (60.5 vs 60.2) -> Proceed through (22, 12))
05:12:53.042 [AMR-01] STATE_TRANSITION WAITING -> MOVING (intent=MOVE)
05:12:53.143 [AMR-01] STATE_TRANSITION MOVING -> EMERGENCY_STOP (intent=STOP)
05:12:53.143 [AMR-01] SAFETY_STOP min_obstacle_distance=1.00m <= 1.2m
05:12:53.243 [AMR-01] RESERVATION_WAIT: Zone (22, 12) reserved by AMR-04 (priority 60.3 >= 60.3)
05:12:53.243 [AMR-01] STATE_TRANSITION EMERGENCY_STOP -> WAITING (intent=WAIT)
05:12:53.344 [AMR-01] RESERVATION_WAIT: Zone (22, 12) reserved by AMR-04 (priority 60.5 >= 60.5)
05:12:53.444 [AMR-01] CONFLICT_DETECTED peer=AMR-04 type=INTERSECTION node=(22, 12) safe_wait=(22, 11) DECISION=PROCEED (Higher precedence (60.7 vs 60.3) -> Proceed through (22, 12))
05:12:53.444 [AMR-01] STATE_TRANSITION WAITING -> MOVING (intent=MOVE)
05:12:53.545 [AMR-01] STATE_TRANSITION MOVING -> EMERGENCY_STOP (intent=STOP)
05:12:53.545 [AMR-01] SAFETY_STOP min_obstacle_distance=1.00m <= 1.2m
05:12:53.646 [AMR-01] RESERVATION_WAIT: Zone (22, 12) reserved by AMR-04 (priority 60.5 >= 60.5)
05:12:53.646 [AMR-01] STATE_TRANSITION EMERGENCY_STOP -> WAITING (intent=WAIT)
05:12:53.747 [AMR-01] RESERVATION_WAIT: Zone (22, 12) reserved by AMR-04 (priority 60.7 >= 60.7)
05:12:53.849 [AMR-01] CONFLICT_DETECTED peer=AMR-04 type=INTERSECTION node=(22, 12) safe_wait=(22, 11) DECISION=PROCEED (Higher precedence (60.9 vs 60.5) -> Proceed through (22, 12))
05:12:53.849 [AMR-01] STATE_TRANSITION WAITING -> MOVING (intent=MOVE)
05:12:53.950 [AMR-01] STATE_TRANSITION MOVING -> EMERGENCY_STOP (intent=STOP)
05:12:53.950 [AMR-01] SAFETY_STOP min_obstacle_distance=0.00m <= 1.2m
05:12:54.050 [AMR-01] RESERVATION_WAIT: Zone (22, 12) reserved by AMR-04 (priority 61.0 >= 60.7)
05:12:54.050 [AMR-01] STATE_TRANSITION EMERGENCY_STOP -> WAITING (intent=WAIT)
05:12:54.150 [AMR-01] RESERVATION_WAIT: Zone (22, 12) reserved by AMR-04 (priority 61.0 >= 60.9)
05:12:54.251 [AMR-01] CONFLICT_DETECTED peer=AMR-04 type=SAME_NEXT_NODE node=(22, 12) safe_wait=(22, 11) DECISION=PROCEED (Higher precedence (61.1 vs 61.0) -> Proceed through (22, 12))
05:12:54.251 [AMR-01] STATE_TRANSITION WAITING -> MOVING (intent=MOVE)
05:12:54.351 [AMR-01] STATE_TRANSITION MOVING -> EMERGENCY_STOP (intent=STOP)
05:12:54.351 [AMR-01] SAFETY_STOP min_obstacle_distance=0.15m <= 1.2m
05:12:54.452 [AMR-01] RESERVATION_WAIT: Zone (22, 12) reserved by AMR-04 (priority 61.0 >= 60.9)
05:12:54.452 [AMR-01] STATE_TRANSITION EMERGENCY_STOP -> WAITING (intent=WAIT)
05:12:54.552 [AMR-01] CONFLICT_DETECTED peer=AMR-04 type=SAME_NEXT_NODE node=(22, 12) safe_wait=(22, 11) DECISION=PROCEED (Higher precedence (61.1 vs 61.0) -> Proceed through (22, 12))
05:12:54.552 [AMR-01] STATE_TRANSITION WAITING -> MOVING (intent=MOVE)
05:12:54.654 [AMR-01] STATE_TRANSITION MOVING -> EMERGENCY_STOP (intent=STOP)
05:12:54.654 [AMR-01] SAFETY_STOP min_obstacle_distance=0.00m <= 1.2m
05:12:54.755 [AMR-01] RESERVATION_WAIT: Zone (22, 12) reserved by AMR-04 (priority 61.2 >= 60.9)
05:12:54.755 [AMR-01] STATE_TRANSITION EMERGENCY_STOP -> WAITING (intent=WAIT)
05:12:54.856 [AMR-01] RESERVATION_WAIT: Zone (22, 12) reserved by AMR-04 (priority 61.2 >= 61.1)
05:12:54.956 [AMR-01] CONFLICT_DETECTED peer=AMR-04 type=SAME_NEXT_NODE node=(22, 12) safe_wait=(22, 11) DECISION=PROCEED (Higher precedence (61.3 vs 61.2) -> Proceed through (22, 12))
05:12:54.956 [AMR-01] STATE_TRANSITION WAITING -> MOVING (intent=MOVE)
05:12:55.057 [AMR-01] STATE_TRANSITION MOVING -> EMERGENCY_STOP (intent=STOP)
05:12:55.057 [AMR-01] SAFETY_STOP min_obstacle_distance=1.00m <= 1.2m
05:12:55.158 [AMR-01] CONFLICT_DETECTED peer=AMR-04 type=PROXIMITY node=(22, 12) safe_wait=(22, 12) DECISION=PROCEED (Higher precedence (61.1 vs 61.0) -> Proceed through (22, 12))
05:12:55.158 [AMR-01] STATE_TRANSITION EMERGENCY_STOP -> MOVING (intent=MOVE)
05:12:55.258 [AMR-01] STATE_TRANSITION MOVING -> EMERGENCY_STOP (intent=STOP)
05:12:55.258 [AMR-01] SAFETY_STOP min_obstacle_distance=1.00m <= 1.2m
05:12:55.358 [AMR-01] CONFLICT_DETECTED peer=AMR-04 type=PROXIMITY node=(22, 12) safe_wait=(22, 12) DECISION=YIELD (Lower precedence (60.9 vs 61.4) -> Safe wait at (22, 12) for AMR-04)
05:12:55.358 [AMR-01] STATE_TRANSITION EMERGENCY_STOP -> YIELDING (intent=YIELD)
05:12:55.459 [AMR-01] CONFLICT_DETECTED peer=AMR-04 type=PROXIMITY node=(22, 12) safe_wait=(22, 12) DECISION=YIELD (Lower precedence (61.1 vs 61.2) -> Safe wait at (22, 12) for AMR-04)
05:12:55.560 [AMR-01] CONFLICT_DETECTED peer=AMR-04 type=PROXIMITY node=(22, 12) safe_wait=(22, 12) DECISION=PROCEED (Higher precedence (61.3 vs 61.2) -> Proceed through (22, 12))
05:12:55.560 [AMR-01] STATE_TRANSITION YIELDING -> MOVING (intent=MOVE)
05:12:55.660 [AMR-01] STATE_TRANSITION MOVING -> EMERGENCY_STOP (intent=STOP)
05:12:55.660 [AMR-01] SAFETY_STOP min_obstacle_distance=1.00m <= 1.2m
05:12:55.761 [AMR-01] CONFLICT_DETECTED peer=AMR-04 type=PROXIMITY node=(22, 12) safe_wait=(22, 12) DECISION=PROCEED (Higher precedence (61.1 vs 61.0) -> Proceed through (22, 12))
05:12:55.761 [AMR-01] STATE_TRANSITION EMERGENCY_STOP -> MOVING (intent=MOVE)
05:12:55.862 [AMR-01] STATE_TRANSITION MOVING -> EMERGENCY_STOP (intent=STOP)
05:12:55.862 [AMR-01] SAFETY_STOP min_obstacle_distance=1.01m <= 1.2m
05:12:55.962 [AMR-01] CONFLICT_DETECTED peer=AMR-04 type=PROXIMITY node=(22, 12) safe_wait=(22, 12) DECISION=YIELD (Lower precedence (60.9 vs 61.4) -> Safe wait at (22, 12) for AMR-04)
05:12:55.962 [AMR-01] STATE_TRANSITION EMERGENCY_STOP -> YIELDING (intent=YIELD)
05:12:56.063 [AMR-01] CONFLICT_DETECTED peer=AMR-04 type=PROXIMITY node=(22, 12) safe_wait=(22, 12) DECISION=YIELD (Lower precedence (61.1 vs 61.2) -> Safe wait at (22, 12) for AMR-04)
05:12:56.163 [AMR-01] CONFLICT_DETECTED peer=AMR-04 type=PROXIMITY node=(22, 12) safe_wait=(22, 12) DECISION=PROCEED (Higher precedence (61.3 vs 61.2) -> Proceed through (22, 12))
05:12:56.163 [AMR-01] STATE_TRANSITION YIELDING -> MOVING (intent=MOVE)
05:12:56.263 [AMR-01] STATE_TRANSITION MOVING -> EMERGENCY_STOP (intent=STOP)
05:12:56.263 [AMR-01] SAFETY_STOP min_obstacle_distance=1.00m <= 1.2m
05:12:56.364 [AMR-01] CONFLICT_DETECTED peer=AMR-04 type=PROXIMITY node=(22, 12) safe_wait=(22, 12) DECISION=PROCEED (Higher precedence (61.1 vs 61.0) -> Proceed through (22, 12))
05:12:56.364 [AMR-01] STATE_TRANSITION EMERGENCY_STOP -> MOVING (intent=MOVE)
05:12:56.465 [AMR-01] STATE_TRANSITION MOVING -> EMERGENCY_STOP (intent=STOP)
05:12:56.465 [AMR-01] SAFETY_STOP min_obstacle_distance=1.00m <= 1.2m
05:12:56.565 [AMR-01] STATE_TRANSITION EMERGENCY_STOP -> MOVING (intent=MOVE)
05:12:56.666 [AMR-01] STATE_TRANSITION MOVING -> EMERGENCY_STOP (intent=STOP)
05:12:56.666 [AMR-01] SAFETY_STOP min_obstacle_distance=1.01m <= 1.2m
05:12:56.766 [AMR-01] STATE_TRANSITION EMERGENCY_STOP -> MOVING (intent=MOVE)
05:12:56.866 [AMR-01] STATE_TRANSITION MOVING -> EMERGENCY_STOP (intent=STOP)
05:12:56.866 [AMR-01] SAFETY_STOP min_obstacle_distance=1.01m <= 1.2m
05:12:56.967 [AMR-01] CONFLICT_DETECTED peer=AMR-04 type=PROXIMITY node=(21, 12) safe_wait=(21, 12) DECISION=YIELD (Lower precedence (61.0 vs 61.5) -> Safe wait at (21, 12) for AMR-04)
05:12:56.967 [AMR-01] STATE_TRANSITION EMERGENCY_STOP -> YIELDING (intent=YIELD)
05:12:57.067 [AMR-01] CONFLICT_DETECTED peer=AMR-04 type=PROXIMITY node=(21, 12) safe_wait=(21, 12) DECISION=YIELD (Lower precedence (61.2 vs 61.4) -> Safe wait at (21, 12) for AMR-04)
05:12:57.168 [AMR-01] CONFLICT_DETECTED peer=AMR-04 type=PROXIMITY node=(21, 12) safe_wait=(21, 12) DECISION=YIELD (Lower precedence (61.4 vs 61.4) -> Safe wait at (21, 12) for AMR-04)
05:12:57.268 [AMR-01] CONFLICT_DETECTED peer=AMR-04 type=PROXIMITY node=(21, 12) safe_wait=(21, 12) DECISION=PROCEED (Higher precedence (61.6 vs 61.3) -> Proceed through (21, 12))
05:12:57.268 [AMR-01] STATE_TRANSITION YIELDING -> MOVING (intent=MOVE)
05:12:57.369 [AMR-01] STATE_TRANSITION MOVING -> EMERGENCY_STOP (intent=STOP)
05:12:57.369 [AMR-01] SAFETY_STOP min_obstacle_distance=1.00m <= 1.2m
05:12:57.469 [AMR-01] CONFLICT_DETECTED peer=AMR-04 type=PROXIMITY node=(21, 12) safe_wait=(21, 12) DECISION=YIELD (Lower precedence (61.3 vs 61.3) -> Safe wait at (21, 12) for AMR-04)
05:12:57.470 [AMR-01] STATE_TRANSITION EMERGENCY_STOP -> YIELDING (intent=YIELD)
05:12:57.570 [AMR-01] CONFLICT_DETECTED peer=AMR-04 type=PROXIMITY node=(21, 12) safe_wait=(21, 12) DECISION=YIELD (Lower precedence (61.5 vs 61.5) -> Safe wait at (21, 12) for AMR-04)
05:12:57.671 [AMR-01] CONFLICT_DETECTED peer=AMR-04 type=PROXIMITY node=(21, 12) safe_wait=(21, 12) DECISION=PROCEED (Higher precedence (61.7 vs 61.4) -> Proceed through (21, 12))
05:12:57.671 [AMR-01] STATE_TRANSITION YIELDING -> MOVING (intent=MOVE)
05:12:57.771 [AMR-01] STATE_TRANSITION MOVING -> EMERGENCY_STOP (intent=STOP)
05:12:57.771 [AMR-01] SAFETY_STOP min_obstacle_distance=1.01m <= 1.2m
05:12:57.871 [AMR-01] CONFLICT_DETECTED peer=AMR-04 type=PROXIMITY node=(21, 12) safe_wait=(21, 12) DECISION=YIELD (Lower precedence (61.6 vs 61.6) -> Safe wait at (21, 12) for AMR-04)
05:12:57.871 [AMR-01] STATE_TRANSITION EMERGENCY_STOP -> YIELDING (intent=YIELD)
05:12:57.972 [AMR-01] CONFLICT_DETECTED peer=AMR-04 type=PROXIMITY node=(21, 12) safe_wait=(21, 12) DECISION=YIELD (Lower precedence (61.8 vs 61.8) -> Safe wait at (21, 12) for AMR-04)
05:12:58.073 [AMR-01] CONFLICT_DETECTED peer=AMR-04 type=PROXIMITY node=(21, 12) safe_wait=(21, 12) DECISION=PROCEED (Higher precedence (62.0 vs 61.7) -> Proceed through (21, 12))
05:12:58.073 [AMR-01] STATE_TRANSITION YIELDING -> MOVING (intent=MOVE)
05:12:58.173 [AMR-01] STATE_TRANSITION MOVING -> EMERGENCY_STOP (intent=STOP)
05:12:58.173 [AMR-01] SAFETY_STOP min_obstacle_distance=1.04m <= 1.2m
05:12:58.273 [AMR-01] STATE_TRANSITION EMERGENCY_STOP -> MOVING (intent=MOVE)
05:12:58.374 [AMR-01] STATE_TRANSITION MOVING -> EMERGENCY_STOP (intent=STOP)
05:12:58.374 [AMR-01] SAFETY_STOP min_obstacle_distance=1.00m <= 1.2m
05:12:58.475 [AMR-01] CONFLICT_DETECTED peer=AMR-04 type=PROXIMITY node=(21, 12) safe_wait=(21, 12) DECISION=YIELD (Lower precedence (61.5 vs 61.7) -> Safe wait at (21, 12) for AMR-04)
05:12:58.475 [AMR-01] STATE_TRANSITION EMERGENCY_STOP -> YIELDING (intent=YIELD)
05:12:58.575 [AMR-01] CONFLICT_DETECTED peer=AMR-04 type=PROXIMITY node=(21, 12) safe_wait=(21, 12) DECISION=PROCEED (Higher precedence (61.7 vs 61.6) -> Proceed through (21, 12))
05:12:58.575 [AMR-01] STATE_TRANSITION YIELDING -> MOVING (intent=MOVE)
05:12:58.675 [AMR-01] STATE_TRANSITION MOVING -> EMERGENCY_STOP (intent=STOP)
05:12:58.675 [AMR-01] SAFETY_STOP min_obstacle_distance=1.01m <= 1.2m
05:12:58.775 [AMR-01] CONFLICT_DETECTED peer=AMR-04 type=PROXIMITY node=(21, 12) safe_wait=(21, 12) DECISION=PROCEED (Higher precedence (61.6 vs 61.5) -> Proceed through (21, 12))
05:12:58.775 [AMR-01] STATE_TRANSITION EMERGENCY_STOP -> MOVING (intent=MOVE)
05:12:58.876 [AMR-01] STATE_TRANSITION MOVING -> EMERGENCY_STOP (intent=STOP)
05:12:58.876 [AMR-01] SAFETY_STOP min_obstacle_distance=1.04m <= 1.2m
05:12:58.976 [AMR-01] STATE_TRANSITION EMERGENCY_STOP -> MOVING (intent=MOVE)
05:12:59.076 [AMR-01] STATE_TRANSITION MOVING -> EMERGENCY_STOP (intent=STOP)
05:12:59.076 [AMR-01] SAFETY_STOP min_obstacle_distance=1.10m <= 1.2m
05:12:59.177 [AMR-01] STATE_TRANSITION EMERGENCY_STOP -> MOVING (intent=MOVE)
05:12:59.277 [AMR-01] STATE_TRANSITION MOVING -> EMERGENCY_STOP (intent=STOP)
05:12:59.277 [AMR-01] SAFETY_STOP min_obstacle_distance=1.08m <= 1.2m
05:12:59.378 [AMR-01] CONFLICT_DETECTED peer=AMR-04 type=PROXIMITY node=(21, 12) safe_wait=(21, 12) DECISION=YIELD (Lower precedence (60.9 vs 61.4) -> Safe wait at (21, 12) for AMR-04)
05:12:59.378 [AMR-01] STATE_TRANSITION EMERGENCY_STOP -> YIELDING (intent=YIELD)
05:12:59.478 [AMR-01] CONFLICT_DETECTED peer=AMR-04 type=PROXIMITY node=(21, 12) safe_wait=(21, 12) DECISION=PROCEED (Higher precedence (61.1 vs 60.9) -> Proceed through (21, 12))
05:12:59.479 [AMR-01] STATE_TRANSITION YIELDING -> MOVING (intent=MOVE)
05:12:59.580 [AMR-01] STATE_TRANSITION MOVING -> EMERGENCY_STOP (intent=STOP)
05:12:59.580 [AMR-01] SAFETY_STOP min_obstacle_distance=1.01m <= 1.2m
05:12:59.680 [AMR-01] CONFLICT_DETECTED peer=AMR-04 type=PROXIMITY node=(21, 12) safe_wait=(21, 12) DECISION=PROCEED (Higher precedence (61.0 vs 60.8) -> Proceed through (21, 12))
05:12:59.680 [AMR-01] STATE_TRANSITION EMERGENCY_STOP -> MOVING (intent=MOVE)
05:12:59.780 [AMR-01] STATE_TRANSITION MOVING -> EMERGENCY_STOP (intent=STOP)
05:12:59.780 [AMR-01] SAFETY_STOP min_obstacle_distance=1.04m <= 1.2m
05:12:59.881 [AMR-01] STATE_TRANSITION EMERGENCY_STOP -> MOVING (intent=MOVE)
05:12:59.982 [AMR-01] STATE_TRANSITION MOVING -> EMERGENCY_STOP (intent=STOP)
05:12:59.982 [AMR-01] SAFETY_STOP min_obstacle_distance=1.10m <= 1.2m
05:13:00.083 [AMR-01] STATE_TRANSITION EMERGENCY_STOP -> MOVING (intent=MOVE)
05:13:00.183 [AMR-01] STATE_TRANSITION MOVING -> EMERGENCY_STOP (intent=STOP)
05:13:00.184 [AMR-01] SAFETY_STOP min_obstacle_distance=1.08m <= 1.2m
05:13:00.284 [AMR-01] STATE_TRANSITION EMERGENCY_STOP -> MOVING (intent=MOVE)
05:13:00.385 [AMR-01] STATE_TRANSITION MOVING -> EMERGENCY_STOP (intent=STOP)
05:13:00.385 [AMR-01] SAFETY_STOP min_obstacle_distance=1.00m <= 1.2m
05:13:00.486 [AMR-01] CONFLICT_DETECTED peer=AMR-04 type=PROXIMITY node=(21, 12) safe_wait=(21, 12) DECISION=YIELD (Lower precedence (60.1 vs 60.1) -> Safe wait at (21, 12) for AMR-04)
05:13:00.486 [AMR-01] STATE_TRANSITION EMERGENCY_STOP -> YIELDING (intent=YIELD)
05:13:00.587 [AMR-01] CONFLICT_DETECTED peer=AMR-04 type=PROXIMITY node=(21, 12) safe_wait=(21, 12) DECISION=PROCEED (Higher precedence (60.3 vs 60.0) -> Proceed through (21, 12))
05:13:00.587 [AMR-01] STATE_TRANSITION YIELDING -> MOVING (intent=MOVE)
05:13:00.687 [AMR-01] STATE_TRANSITION MOVING -> EMERGENCY_STOP (intent=STOP)
05:13:00.687 [AMR-01] SAFETY_STOP min_obstacle_distance=1.01m <= 1.2m
05:13:00.788 [AMR-01] CONFLICT_DETECTED peer=AMR-04 type=PROXIMITY node=(21, 12) safe_wait=(21, 12) DECISION=YIELD (Lower precedence (60.2 vs 60.2) -> Safe wait at (21, 12) for AMR-04)
05:13:00.788 [AMR-01] STATE_TRANSITION EMERGENCY_STOP -> YIELDING (intent=YIELD)
05:13:00.889 [AMR-01] CONFLICT_DETECTED peer=AMR-04 type=PROXIMITY node=(21, 12) safe_wait=(21, 12) DECISION=YIELD (Lower precedence (60.4 vs 60.4) -> Safe wait at (21, 12) for AMR-04)
05:13:00.990 [AMR-01] CONFLICT_DETECTED peer=AMR-04 type=PROXIMITY node=(21, 12) safe_wait=(21, 12) DECISION=PROCEED (Higher precedence (60.6 vs 60.3) -> Proceed through (21, 12))
05:13:00.990 [AMR-01] STATE_TRANSITION YIELDING -> MOVING (intent=MOVE)
05:13:01.090 [AMR-01] STATE_TRANSITION MOVING -> EMERGENCY_STOP (intent=STOP)
05:13:01.090 [AMR-01] SAFETY_STOP min_obstacle_distance=1.04m <= 1.2m
05:13:01.190 [AMR-01] STATE_TRANSITION EMERGENCY_STOP -> MOVING (intent=MOVE)
05:13:01.291 [AMR-01] STATE_TRANSITION MOVING -> EMERGENCY_STOP (intent=STOP)
05:13:01.291 [AMR-01] SAFETY_STOP min_obstacle_distance=1.10m <= 1.2m
05:13:01.391 [AMR-01] CONFLICT_DETECTED peer=AMR-04 type=PROXIMITY node=(21, 12) safe_wait=(21, 12) DECISION=YIELD (Lower precedence (60.1 vs 60.6) -> Safe wait at (21, 12) for AMR-04)
05:13:01.391 [AMR-01] STATE_TRANSITION EMERGENCY_STOP -> YIELDING (intent=YIELD)
05:13:01.491 [AMR-01] CONFLICT_DETECTED peer=AMR-04 type=PROXIMITY node=(21, 12) safe_wait=(21, 12) DECISION=YIELD (Lower precedence (60.3 vs 60.3) -> Safe wait at (21, 12) for AMR-04)
05:13:01.592 [AMR-01] CONFLICT_DETECTED peer=AMR-04 type=PROXIMITY node=(21, 12) safe_wait=(21, 12) DECISION=PROCEED (Higher precedence (60.5 vs 60.2) -> Proceed through (21, 12))
05:13:01.592 [AMR-01] STATE_TRANSITION YIELDING -> MOVING (intent=MOVE)
05:13:01.692 [AMR-01] STATE_TRANSITION MOVING -> EMERGENCY_STOP (intent=STOP)
05:13:01.692 [AMR-01] SAFETY_STOP min_obstacle_distance=1.01m <= 1.2m
05:13:01.793 [AMR-01] CONFLICT_DETECTED peer=AMR-04 type=PROXIMITY node=(21, 12) safe_wait=(21, 12) DECISION=YIELD (Lower precedence (60.4 vs 60.4) -> Safe wait at (21, 12) for AMR-04)
05:13:01.793 [AMR-01] STATE_TRANSITION EMERGENCY_STOP -> YIELDING (intent=YIELD)
05:13:01.893 [AMR-01] CONFLICT_DETECTED peer=AMR-04 type=PROXIMITY node=(21, 12) safe_wait=(21, 12) DECISION=YIELD (Lower precedence (60.6 vs 60.6) -> Safe wait at (21, 12) for AMR-04)
05:13:01.993 [AMR-01] CONFLICT_DETECTED peer=AMR-04 type=PROXIMITY node=(21, 12) safe_wait=(21, 12) DECISION=PROCEED (Higher precedence (60.8 vs 60.5) -> Proceed through (21, 12))
05:13:01.993 [AMR-01] STATE_TRANSITION YIELDING -> MOVING (intent=MOVE)
05:13:02.094 [AMR-01] STATE_TRANSITION MOVING -> EMERGENCY_STOP (intent=STOP)
05:13:02.094 [AMR-01] SAFETY_STOP min_obstacle_distance=1.04m <= 1.2m
05:13:02.195 [AMR-01] STATE_TRANSITION EMERGENCY_STOP -> MOVING (intent=MOVE)
05:13:02.296 [AMR-01] STATE_TRANSITION MOVING -> EMERGENCY_STOP (intent=STOP)
05:13:02.296 [AMR-01] SAFETY_STOP min_obstacle_distance=1.10m <= 1.2m
05:13:02.397 [AMR-01] CONFLICT_DETECTED peer=AMR-04 type=PROXIMITY node=(21, 12) safe_wait=(21, 12) DECISION=YIELD (Lower precedence (60.3 vs 60.8) -> Safe wait at (21, 12) for AMR-04)
05:13:02.397 [AMR-01] STATE_TRANSITION EMERGENCY_STOP -> YIELDING (intent=YIELD)
05:13:02.498 [AMR-01] CONFLICT_DETECTED peer=AMR-04 type=PROXIMITY node=(21, 12) safe_wait=(21, 12) DECISION=YIELD (Lower precedence (60.5 vs 60.5) -> Safe wait at (21, 12) for AMR-04)
05:13:02.598 [AMR-01] CONFLICT_DETECTED peer=AMR-04 type=PROXIMITY node=(21, 12) safe_wait=(21, 12) DECISION=PROCEED (Higher precedence (60.7 vs 60.4) -> Proceed through (21, 12))
05:13:02.598 [AMR-01] STATE_TRANSITION YIELDING -> MOVING (intent=MOVE)
05:13:02.698 [AMR-01] STATE_TRANSITION MOVING -> EMERGENCY_STOP (intent=STOP)
05:13:02.698 [AMR-01] SAFETY_STOP min_obstacle_distance=1.01m <= 1.2m
05:13:02.799 [AMR-01] CONFLICT_DETECTED peer=AMR-04 type=PROXIMITY node=(21, 12) safe_wait=(21, 12) DECISION=YIELD (Lower precedence (60.6 vs 60.6) -> Safe wait at (21, 12) for AMR-04)
05:13:02.799 [AMR-01] STATE_TRANSITION EMERGENCY_STOP -> YIELDING (intent=YIELD)
05:13:02.900 [AMR-01] CONFLICT_DETECTED peer=AMR-04 type=PROXIMITY node=(21, 12) safe_wait=(21, 12) DECISION=YIELD (Lower precedence (60.8 vs 60.8) -> Safe wait at (21, 12) for AMR-04)
05:13:03.000 [AMR-01] CONFLICT_DETECTED peer=AMR-04 type=PROXIMITY node=(21, 12) safe_wait=(21, 12) DECISION=PROCEED (Higher precedence (61.0 vs 60.7) -> Proceed through (21, 12))
05:13:03.001 [AMR-01] STATE_TRANSITION YIELDING -> MOVING (intent=MOVE)
05:13:03.101 [AMR-01] STATE_TRANSITION MOVING -> EMERGENCY_STOP (intent=STOP)
05:13:03.101 [AMR-01] SAFETY_STOP min_obstacle_distance=1.04m <= 1.2m
05:13:03.201 [AMR-01] STATE_TRANSITION EMERGENCY_STOP -> MOVING (intent=MOVE)
05:13:03.302 [AMR-01] STATE_TRANSITION MOVING -> EMERGENCY_STOP (intent=STOP)
05:13:03.302 [AMR-01] SAFETY_STOP min_obstacle_distance=1.10m <= 1.2m
05:13:03.404 [AMR-01] CONFLICT_DETECTED peer=AMR-04 type=PROXIMITY node=(21, 12) safe_wait=(21, 12) DECISION=YIELD (Lower precedence (60.5 vs 61.0) -> Safe wait at (21, 12) for AMR-04)
05:13:03.404 [AMR-01] STATE_TRANSITION EMERGENCY_STOP -> YIELDING (intent=YIELD)
05:13:03.504 [AMR-01] CONFLICT_DETECTED peer=AMR-04 type=PROXIMITY node=(21, 12) safe_wait=(21, 12) DECISION=YIELD (Lower precedence (60.7 vs 60.7) -> Safe wait at (21, 12) for AMR-04)
05:13:03.605 [AMR-01] CONFLICT_DETECTED peer=AMR-04 type=PROXIMITY node=(21, 12) safe_wait=(21, 12) DECISION=PROCEED (Higher precedence (60.9 vs 60.9) -> Proceed through (21, 12))
05:13:03.605 [AMR-01] STATE_TRANSITION YIELDING -> MOVING (intent=MOVE)
05:13:03.705 [AMR-01] STATE_TRANSITION MOVING -> EMERGENCY_STOP (intent=STOP)
05:13:03.705 [AMR-01] SAFETY_STOP min_obstacle_distance=1.01m <= 1.2m
05:13:03.806 [AMR-01] CONFLICT_DETECTED peer=AMR-04 type=PROXIMITY node=(21, 12) safe_wait=(21, 12) DECISION=YIELD (Lower precedence (60.8 vs 60.8) -> Safe wait at (21, 12) for AMR-04)
05:13:03.806 [AMR-01] STATE_TRANSITION EMERGENCY_STOP -> YIELDING (intent=YIELD)
05:13:03.906 [AMR-01] CONFLICT_DETECTED peer=AMR-04 type=PROXIMITY node=(21, 12) safe_wait=(21, 12) DECISION=YIELD (Lower precedence (61.0 vs 61.0) -> Safe wait at (21, 12) for AMR-04)
05:13:04.008 [AMR-01] CONFLICT_DETECTED peer=AMR-04 type=PROXIMITY node=(21, 12) safe_wait=(21, 12) DECISION=PROCEED (Higher precedence (61.2 vs 60.9) -> Proceed through (21, 12))
05:13:04.008 [AMR-01] STATE_TRANSITION YIELDING -> MOVING (intent=MOVE)
05:13:04.108 [AMR-01] STATE_TRANSITION MOVING -> EMERGENCY_STOP (intent=STOP)
05:13:04.108 [AMR-01] SAFETY_STOP min_obstacle_distance=1.04m <= 1.2m
05:13:04.208 [AMR-01] STATE_TRANSITION EMERGENCY_STOP -> MOVING (intent=MOVE)
05:13:04.309 [AMR-01] STATE_TRANSITION MOVING -> EMERGENCY_STOP (intent=STOP)
05:13:04.309 [AMR-01] SAFETY_STOP min_obstacle_distance=1.10m <= 1.2m
05:13:04.409 [AMR-01] CONFLICT_DETECTED peer=AMR-04 type=PROXIMITY node=(21, 12) safe_wait=(21, 12) DECISION=YIELD (Lower precedence (60.7 vs 61.2) -> Safe wait at (21, 12) for AMR-04)
05:13:04.409 [AMR-01] STATE_TRANSITION EMERGENCY_STOP -> YIELDING (intent=YIELD)
05:13:04.510 [AMR-01] CONFLICT_DETECTED peer=AMR-04 type=PROXIMITY node=(21, 12) safe_wait=(21, 12) DECISION=YIELD (Lower precedence (60.9 vs 60.9) -> Safe wait at (21, 12) for AMR-04)
05:13:04.611 [AMR-01] CONFLICT_DETECTED peer=AMR-04 type=PROXIMITY node=(21, 12) safe_wait=(21, 12) DECISION=PROCEED (Higher precedence (61.1 vs 60.8) -> Proceed through (21, 12))
05:13:04.611 [AMR-01] STATE_TRANSITION YIELDING -> MOVING (intent=MOVE)
05:13:04.711 [AMR-01] STATE_TRANSITION MOVING -> EMERGENCY_STOP (intent=STOP)
05:13:04.711 [AMR-01] SAFETY_STOP min_obstacle_distance=1.01m <= 1.2m
05:13:04.811 [AMR-01] CONFLICT_DETECTED peer=AMR-04 type=PROXIMITY node=(21, 12) safe_wait=(21, 12) DECISION=YIELD (Lower precedence (61.0 vs 61.0) -> Safe wait at (21, 12) for AMR-04)
05:13:04.811 [AMR-01] STATE_TRANSITION EMERGENCY_STOP -> YIELDING (intent=YIELD)
05:13:04.912 [AMR-01] CONFLICT_DETECTED peer=AMR-04 type=PROXIMITY node=(21, 12) safe_wait=(21, 12) DECISION=YIELD (Lower precedence (61.2 vs 61.2) -> Safe wait at (21, 12) for AMR-04)
05:13:05.013 [AMR-01] CONFLICT_DETECTED peer=AMR-04 type=PROXIMITY node=(21, 12) safe_wait=(21, 12) DECISION=PROCEED (Higher precedence (61.4 vs 61.1) -> Proceed through (21, 12))
05:13:05.013 [AMR-01] STATE_TRANSITION YIELDING -> MOVING (intent=MOVE)
05:13:05.113 [AMR-01] STATE_TRANSITION MOVING -> EMERGENCY_STOP (intent=STOP)
05:13:05.113 [AMR-01] SAFETY_STOP min_obstacle_distance=1.04m <= 1.2m
05:13:05.213 [AMR-01] STATE_TRANSITION EMERGENCY_STOP -> MOVING (intent=MOVE)
05:13:05.314 [AMR-01] STATE_TRANSITION MOVING -> EMERGENCY_STOP (intent=STOP)
05:13:05.314 [AMR-01] SAFETY_STOP min_obstacle_distance=1.10m <= 1.2m
05:13:05.414 [AMR-01] CONFLICT_DETECTED peer=AMR-04 type=PROXIMITY node=(21, 12) safe_wait=(21, 12) DECISION=YIELD (Lower precedence (60.9 vs 61.4) -> Safe wait at (21, 12) for AMR-04)
05:13:05.415 [AMR-01] STATE_TRANSITION EMERGENCY_STOP -> YIELDING (intent=YIELD)
05:13:05.515 [AMR-01] CONFLICT_DETECTED peer=AMR-04 type=PROXIMITY node=(21, 12) safe_wait=(21, 12) DECISION=YIELD (Lower precedence (61.1 vs 61.1) -> Safe wait at (21, 12) for AMR-04)
05:13:05.616 [AMR-01] CONFLICT_DETECTED peer=AMR-04 type=PROXIMITY node=(21, 12) safe_wait=(21, 12) DECISION=PROCEED (Higher precedence (61.3 vs 61.0) -> Proceed through (21, 12))
05:13:05.616 [AMR-01] STATE_TRANSITION YIELDING -> MOVING (intent=MOVE)
05:13:05.716 [AMR-01] STATE_TRANSITION MOVING -> EMERGENCY_STOP (intent=STOP)
05:13:05.716 [AMR-01] SAFETY_STOP min_obstacle_distance=1.01m <= 1.2m
05:13:05.816 [AMR-01] CONFLICT_DETECTED peer=AMR-04 type=PROXIMITY node=(21, 12) safe_wait=(21, 12) DECISION=PROCEED (Higher precedence (61.2 vs 61.2) -> Proceed through (21, 12))
05:13:05.816 [AMR-01] STATE_TRANSITION EMERGENCY_STOP -> MOVING (intent=MOVE)
05:13:05.917 [AMR-01] STATE_TRANSITION MOVING -> EMERGENCY_STOP (intent=STOP)
05:13:05.917 [AMR-01] SAFETY_STOP min_obstacle_distance=1.04m <= 1.2m
05:13:06.017 [AMR-01] STATE_TRANSITION EMERGENCY_STOP -> MOVING (intent=MOVE)
05:13:06.118 [AMR-01] STATE_TRANSITION MOVING -> EMERGENCY_STOP (intent=STOP)
05:13:06.118 [AMR-01] SAFETY_STOP min_obstacle_distance=1.10m <= 1.2m
05:13:06.219 [AMR-01] STATE_TRANSITION EMERGENCY_STOP -> MOVING (intent=MOVE)
05:13:06.319 [AMR-01] STATE_TRANSITION MOVING -> EMERGENCY_STOP (intent=STOP)
05:13:06.320 [AMR-01] SAFETY_STOP min_obstacle_distance=1.00m <= 1.2m
05:13:06.421 [AMR-01] CONFLICT_DETECTED peer=AMR-04 type=PROXIMITY node=(21, 12) safe_wait=(21, 12) DECISION=YIELD (Lower precedence (60.5 vs 60.7) -> Safe wait at (21, 12) for AMR-04)
05:13:06.421 [AMR-01] STATE_TRANSITION EMERGENCY_STOP -> YIELDING (intent=YIELD)
05:13:06.521 [AMR-01] CONFLICT_DETECTED peer=AMR-04 type=PROXIMITY node=(21, 12) safe_wait=(21, 12) DECISION=PROCEED (Higher precedence (60.7 vs 60.6) -> Proceed through (21, 12))
05:13:06.522 [AMR-01] STATE_TRANSITION YIELDING -> MOVING (intent=MOVE)
05:13:06.622 [AMR-01] STATE_TRANSITION MOVING -> EMERGENCY_STOP (intent=STOP)
05:13:06.622 [AMR-01] SAFETY_STOP min_obstacle_distance=1.01m <= 1.2m
05:13:06.722 [AMR-01] CONFLICT_DETECTED peer=AMR-04 type=PROXIMITY node=(21, 12) safe_wait=(21, 12) DECISION=PROCEED (Higher precedence (60.6 vs 60.5) -> Proceed through (21, 12))
05:13:06.722 [AMR-01] STATE_TRANSITION EMERGENCY_STOP -> MOVING (intent=MOVE)
05:13:06.823 [AMR-01] STATE_TRANSITION MOVING -> EMERGENCY_STOP (intent=STOP)
05:13:06.823 [AMR-01] SAFETY_STOP min_obstacle_distance=1.04m <= 1.2m
05:13:06.925 [AMR-01] STATE_TRANSITION EMERGENCY_STOP -> MOVING (intent=MOVE)
05:13:07.025 [AMR-01] STATE_TRANSITION MOVING -> EMERGENCY_STOP (intent=STOP)
05:13:07.025 [AMR-01] SAFETY_STOP min_obstacle_distance=1.10m <= 1.2m
05:13:07.126 [AMR-01] STATE_TRANSITION EMERGENCY_STOP -> MOVING (intent=MOVE)
05:13:07.227 [AMR-01] STATE_TRANSITION MOVING -> EMERGENCY_STOP (intent=STOP)
05:13:07.227 [AMR-01] SAFETY_STOP min_obstacle_distance=1.08m <= 1.2m
05:13:07.327 [AMR-01] STATE_TRANSITION EMERGENCY_STOP -> MOVING (intent=MOVE)
05:13:07.428 [AMR-01] STATE_TRANSITION MOVING -> EMERGENCY_STOP (intent=STOP)
05:13:07.428 [AMR-01] SAFETY_STOP min_obstacle_distance=1.00m <= 1.2m
05:13:07.529 [AMR-01] STATE_TRANSITION EMERGENCY_STOP -> MOVING (intent=MOVE)
05:13:07.630 [AMR-01] STATE_TRANSITION MOVING -> EMERGENCY_STOP (intent=STOP)
05:13:07.630 [AMR-01] SAFETY_STOP min_obstacle_distance=1.01m <= 1.2m
05:13:07.730 [AMR-01] STATE_TRANSITION EMERGENCY_STOP -> MOVING (intent=MOVE)
05:13:07.830 [AMR-01] STATE_TRANSITION MOVING -> EMERGENCY_STOP (intent=STOP)
05:13:07.830 [AMR-01] SAFETY_STOP min_obstacle_distance=1.04m <= 1.2m
05:13:07.932 [AMR-01] STATE_TRANSITION EMERGENCY_STOP -> MOVING (intent=MOVE)
05:13:08.032 [AMR-01] STATE_TRANSITION MOVING -> EMERGENCY_STOP (intent=STOP)
05:13:08.032 [AMR-01] SAFETY_STOP min_obstacle_distance=1.10m <= 1.2m
05:13:08.132 [AMR-01] STATE_TRANSITION EMERGENCY_STOP -> MOVING (intent=MOVE)
05:13:08.233 [AMR-01] STATE_TRANSITION MOVING -> EMERGENCY_STOP (intent=STOP)
05:13:08.233 [AMR-01] SAFETY_STOP min_obstacle_distance=1.08m <= 1.2m
05:13:08.334 [AMR-01] STATE_TRANSITION EMERGENCY_STOP -> MOVING (intent=MOVE)
05:13:08.435 [AMR-01] STATE_TRANSITION MOVING -> EMERGENCY_STOP (intent=STOP)
05:13:08.435 [AMR-01] SAFETY_STOP min_obstacle_distance=1.01m <= 1.2m
05:13:08.536 [AMR-01] STATE_TRANSITION EMERGENCY_STOP -> MOVING (intent=MOVE)
05:13:08.636 [AMR-01] STATE_TRANSITION MOVING -> EMERGENCY_STOP (intent=STOP)
05:13:08.636 [AMR-01] SAFETY_STOP min_obstacle_distance=1.04m <= 1.2m
05:13:08.737 [AMR-01] STATE_TRANSITION EMERGENCY_STOP -> MOVING (intent=MOVE)
05:13:08.837 [AMR-01] STATE_TRANSITION MOVING -> EMERGENCY_STOP (intent=STOP)
05:13:08.837 [AMR-01] SAFETY_STOP min_obstacle_distance=1.10m <= 1.2m
05:13:08.938 [AMR-01] STATE_TRANSITION EMERGENCY_STOP -> MOVING (intent=MOVE)
05:13:09.038 [AMR-01] STATE_TRANSITION MOVING -> EMERGENCY_STOP (intent=STOP)
05:13:09.038 [AMR-01] SAFETY_STOP min_obstacle_distance=1.08m <= 1.2m
05:13:09.139 [AMR-01] STATE_TRANSITION EMERGENCY_STOP -> MOVING (intent=MOVE)
05:13:09.239 [AMR-01] STATE_TRANSITION MOVING -> EMERGENCY_STOP (intent=STOP)
05:13:09.239 [AMR-01] SAFETY_STOP min_obstacle_distance=1.03m <= 1.2m
05:13:09.340 [AMR-01] STATE_TRANSITION EMERGENCY_STOP -> MOVING (intent=MOVE)
05:13:09.440 [AMR-01] STATE_TRANSITION MOVING -> EMERGENCY_STOP (intent=STOP)
05:13:09.440 [AMR-01] SAFETY_STOP min_obstacle_distance=1.01m <= 1.2m
05:13:09.541 [AMR-01] STATE_TRANSITION EMERGENCY_STOP -> MOVING (intent=MOVE)
05:13:09.641 [AMR-01] STATE_TRANSITION MOVING -> EMERGENCY_STOP (intent=STOP)
05:13:09.641 [AMR-01] SAFETY_STOP min_obstacle_distance=1.04m <= 1.2m
05:13:09.741 [AMR-01] STATE_TRANSITION EMERGENCY_STOP -> MOVING (intent=MOVE)
05:13:09.842 [AMR-01] STATE_TRANSITION MOVING -> EMERGENCY_STOP (intent=STOP)
05:13:09.842 [AMR-01] SAFETY_STOP min_obstacle_distance=1.10m <= 1.2m
05:13:09.942 [AMR-01] STATE_TRANSITION EMERGENCY_STOP -> MOVING (intent=MOVE)
05:13:10.043 [AMR-01] STATE_TRANSITION MOVING -> EMERGENCY_STOP (intent=STOP)
05:13:10.043 [AMR-01] SAFETY_STOP min_obstacle_distance=1.08m <= 1.2m
05:13:10.143 [AMR-01] STATE_TRANSITION EMERGENCY_STOP -> MOVING (intent=MOVE)
05:13:10.244 [AMR-01] STATE_TRANSITION MOVING -> EMERGENCY_STOP (intent=STOP)
05:13:10.244 [AMR-01] SAFETY_STOP min_obstacle_distance=1.03m <= 1.2m
05:13:10.345 [AMR-01] STATE_TRANSITION EMERGENCY_STOP -> MOVING (intent=MOVE)
05:13:10.445 [AMR-01] STATE_TRANSITION MOVING -> EMERGENCY_STOP (intent=STOP)
05:13:10.445 [AMR-01] SAFETY_STOP min_obstacle_distance=1.01m <= 1.2m
05:13:10.546 [AMR-01] STATE_TRANSITION EMERGENCY_STOP -> MOVING (intent=MOVE)
05:13:10.647 [AMR-01] STATE_TRANSITION MOVING -> EMERGENCY_STOP (intent=STOP)
05:13:10.647 [AMR-01] SAFETY_STOP min_obstacle_distance=1.04m <= 1.2m
05:13:10.747 [AMR-01] STATE_TRANSITION EMERGENCY_STOP -> MOVING (intent=MOVE)
05:13:10.849 [AMR-01] STATE_TRANSITION MOVING -> EMERGENCY_STOP (intent=STOP)
05:13:10.849 [AMR-01] SAFETY_STOP min_obstacle_distance=1.10m <= 1.2m
05:13:10.949 [AMR-01] STATE_TRANSITION EMERGENCY_STOP -> MOVING (intent=MOVE)
05:13:11.049 [AMR-01] STATE_TRANSITION MOVING -> EMERGENCY_STOP (intent=STOP)
05:13:11.049 [AMR-01] SAFETY_STOP min_obstacle_distance=1.08m <= 1.2m
05:13:11.150 [AMR-01] STATE_TRANSITION EMERGENCY_STOP -> MOVING (intent=MOVE)
05:13:11.250 [AMR-01] STATE_TRANSITION MOVING -> EMERGENCY_STOP (intent=STOP)
05:13:11.250 [AMR-01] SAFETY_STOP min_obstacle_distance=1.03m <= 1.2m
05:13:11.350 [AMR-01] STATE_TRANSITION EMERGENCY_STOP -> MOVING (intent=MOVE)
05:13:11.451 [AMR-01] STATE_TRANSITION MOVING -> EMERGENCY_STOP (intent=STOP)
05:13:11.451 [AMR-01] SAFETY_STOP min_obstacle_distance=1.01m <= 1.2m
05:13:11.551 [AMR-01] STATE_TRANSITION EMERGENCY_STOP -> MOVING (intent=MOVE)
05:13:11.652 [AMR-01] STATE_TRANSITION MOVING -> EMERGENCY_STOP (intent=STOP)
05:13:11.652 [AMR-01] SAFETY_STOP min_obstacle_distance=1.04m <= 1.2m
05:13:11.752 [AMR-01] STATE_TRANSITION EMERGENCY_STOP -> MOVING (intent=MOVE)
05:13:11.853 [AMR-01] STATE_TRANSITION MOVING -> EMERGENCY_STOP (intent=STOP)
05:13:11.854 [AMR-01] SAFETY_STOP min_obstacle_distance=1.10m <= 1.2m
05:13:11.953 [AMR-01] STATE_TRANSITION EMERGENCY_STOP -> MOVING (intent=MOVE)
05:13:12.054 [AMR-01] STATE_TRANSITION MOVING -> EMERGENCY_STOP (intent=STOP)
05:13:12.054 [AMR-01] SAFETY_STOP min_obstacle_distance=1.08m <= 1.2m
05:13:12.155 [AMR-01] STATE_TRANSITION EMERGENCY_STOP -> MOVING (intent=MOVE)
05:13:12.256 [AMR-01] STATE_TRANSITION MOVING -> EMERGENCY_STOP (intent=STOP)
05:13:12.256 [AMR-01] SAFETY_STOP min_obstacle_distance=1.03m <= 1.2m
05:13:12.356 [AMR-01] STATE_TRANSITION EMERGENCY_STOP -> MOVING (intent=MOVE)
05:13:12.457 [AMR-01] STATE_TRANSITION MOVING -> EMERGENCY_STOP (intent=STOP)
05:13:12.457 [AMR-01] SAFETY_STOP min_obstacle_distance=1.01m <= 1.2m
05:13:12.558 [AMR-01] STATE_TRANSITION EMERGENCY_STOP -> MOVING (intent=MOVE)
05:13:12.659 [AMR-01] STATE_TRANSITION MOVING -> EMERGENCY_STOP (intent=STOP)
05:13:12.659 [AMR-01] SAFETY_STOP min_obstacle_distance=1.04m <= 1.2m
05:13:12.759 [AMR-01] STATE_TRANSITION EMERGENCY_STOP -> MOVING (intent=MOVE)
05:13:12.859 [AMR-01] STATE_TRANSITION MOVING -> EMERGENCY_STOP (intent=STOP)
05:13:12.860 [AMR-01] SAFETY_STOP min_obstacle_distance=1.10m <= 1.2m
05:13:12.960 [AMR-01] STATE_TRANSITION EMERGENCY_STOP -> MOVING (intent=MOVE)
05:13:13.061 [AMR-01] STATE_TRANSITION MOVING -> EMERGENCY_STOP (intent=STOP)
05:13:13.061 [AMR-01] SAFETY_STOP min_obstacle_distance=1.08m <= 1.2m
05:13:13.161 [AMR-01] STATE_TRANSITION EMERGENCY_STOP -> MOVING (intent=MOVE)
05:13:13.262 [AMR-01] STATE_TRANSITION MOVING -> EMERGENCY_STOP (intent=STOP)
05:13:13.264 [AMR-01] SAFETY_STOP min_obstacle_distance=1.03m <= 1.2m
05:13:13.362 [AMR-01] STATE_TRANSITION EMERGENCY_STOP -> MOVING (intent=MOVE)
05:13:13.462 [AMR-01] STATE_TRANSITION MOVING -> EMERGENCY_STOP (intent=STOP)
05:13:13.463 [AMR-01] SAFETY_STOP min_obstacle_distance=1.01m <= 1.2m
05:13:13.563 [AMR-01] STATE_TRANSITION EMERGENCY_STOP -> MOVING (intent=MOVE)
05:13:13.663 [AMR-01] STATE_TRANSITION MOVING -> EMERGENCY_STOP (intent=STOP)
05:13:13.663 [AMR-01] SAFETY_STOP min_obstacle_distance=1.04m <= 1.2m
05:13:13.764 [AMR-01] STATE_TRANSITION EMERGENCY_STOP -> MOVING (intent=MOVE)
05:13:13.864 [AMR-01] STATE_TRANSITION MOVING -> EMERGENCY_STOP (intent=STOP)
05:13:13.864 [AMR-01] SAFETY_STOP min_obstacle_distance=1.10m <= 1.2m
05:13:13.964 [AMR-01] STATE_TRANSITION EMERGENCY_STOP -> MOVING (intent=MOVE)
05:13:14.065 [AMR-01] STATE_TRANSITION MOVING -> EMERGENCY_STOP (intent=STOP)
05:13:14.065 [AMR-01] SAFETY_STOP min_obstacle_distance=1.08m <= 1.2m
05:13:14.165 [AMR-01] STATE_TRANSITION EMERGENCY_STOP -> MOVING (intent=MOVE)
05:13:14.266 [AMR-01] STATE_TRANSITION MOVING -> EMERGENCY_STOP (intent=STOP)
05:13:14.266 [AMR-01] SAFETY_STOP min_obstacle_distance=1.03m <= 1.2m
05:13:14.366 [AMR-01] STATE_TRANSITION EMERGENCY_STOP -> MOVING (intent=MOVE)
05:13:14.466 [AMR-01] STATE_TRANSITION MOVING -> EMERGENCY_STOP (intent=STOP)
05:13:14.466 [AMR-01] SAFETY_STOP min_obstacle_distance=1.01m <= 1.2m
05:13:14.567 [AMR-01] STATE_TRANSITION EMERGENCY_STOP -> MOVING (intent=MOVE)
05:13:14.667 [AMR-01] STATE_TRANSITION MOVING -> EMERGENCY_STOP (intent=STOP)
05:13:14.667 [AMR-01] SAFETY_STOP min_obstacle_distance=1.04m <= 1.2m
05:13:14.768 [AMR-01] STATE_TRANSITION EMERGENCY_STOP -> MOVING (intent=MOVE)
05:13:14.869 [AMR-01] STATE_TRANSITION MOVING -> EMERGENCY_STOP (intent=STOP)
05:13:14.869 [AMR-01] SAFETY_STOP min_obstacle_distance=1.10m <= 1.2m
05:13:14.970 [AMR-01] STATE_TRANSITION EMERGENCY_STOP -> MOVING (intent=MOVE)
05:13:15.071 [AMR-01] STATE_TRANSITION MOVING -> EMERGENCY_STOP (intent=STOP)
05:13:15.071 [AMR-01] SAFETY_STOP min_obstacle_distance=1.08m <= 1.2m
05:13:15.172 [AMR-01] STATE_TRANSITION EMERGENCY_STOP -> MOVING (intent=MOVE)
05:13:15.273 [AMR-01] STATE_TRANSITION MOVING -> EMERGENCY_STOP (intent=STOP)
05:13:15.273 [AMR-01] SAFETY_STOP min_obstacle_distance=1.03m <= 1.2m
05:13:15.375 [AMR-01] STATE_TRANSITION EMERGENCY_STOP -> MOVING (intent=MOVE)
05:13:15.476 [AMR-01] STATE_TRANSITION MOVING -> EMERGENCY_STOP (intent=STOP)
05:13:15.476 [AMR-01] SAFETY_STOP min_obstacle_distance=1.01m <= 1.2m
05:13:15.577 [AMR-01] STATE_TRANSITION EMERGENCY_STOP -> MOVING (intent=MOVE)
05:13:15.677 [AMR-01] STATE_TRANSITION MOVING -> EMERGENCY_STOP (intent=STOP)
05:13:15.677 [AMR-01] SAFETY_STOP min_obstacle_distance=1.05m <= 1.2m
05:13:15.778 [AMR-01] STATE_TRANSITION EMERGENCY_STOP -> MOVING (intent=MOVE)
05:13:15.879 [AMR-01] STATE_TRANSITION MOVING -> EMERGENCY_STOP (intent=STOP)
05:13:15.880 [AMR-01] SAFETY_STOP min_obstacle_distance=1.10m <= 1.2m
05:13:15.980 [AMR-01] STATE_TRANSITION EMERGENCY_STOP -> MOVING (intent=MOVE)
05:13:16.080 [AMR-01] STATE_TRANSITION MOVING -> EMERGENCY_STOP (intent=STOP)
05:13:16.080 [AMR-01] SAFETY_STOP min_obstacle_distance=1.07m <= 1.2m
05:13:16.181 [AMR-01] STATE_TRANSITION EMERGENCY_STOP -> MOVING (intent=MOVE)
05:13:16.281 [AMR-01] STATE_TRANSITION MOVING -> EMERGENCY_STOP (intent=STOP)
05:13:16.281 [AMR-01] SAFETY_STOP min_obstacle_distance=1.03m <= 1.2m
05:13:16.381 [AMR-01] STATE_TRANSITION EMERGENCY_STOP -> MOVING (intent=MOVE)
05:13:16.482 [AMR-01] STATE_TRANSITION MOVING -> EMERGENCY_STOP (intent=STOP)
05:13:16.482 [AMR-01] SAFETY_STOP min_obstacle_distance=1.01m <= 1.2m
05:13:16.583 [AMR-01] STATE_TRANSITION EMERGENCY_STOP -> MOVING (intent=MOVE)
05:13:16.685 [AMR-01] STATE_TRANSITION MOVING -> EMERGENCY_STOP (intent=STOP)
05:13:16.685 [AMR-01] SAFETY_STOP min_obstacle_distance=1.04m <= 1.2m
05:13:16.785 [AMR-01] STATE_TRANSITION EMERGENCY_STOP -> MOVING (intent=MOVE)
05:13:16.886 [AMR-01] STATE_TRANSITION MOVING -> EMERGENCY_STOP (intent=STOP)
05:13:16.886 [AMR-01] SAFETY_STOP min_obstacle_distance=1.10m <= 1.2m
05:13:16.988 [AMR-01] STATE_TRANSITION EMERGENCY_STOP -> MOVING (intent=MOVE)
05:13:17.088 [AMR-01] STATE_TRANSITION MOVING -> EMERGENCY_STOP (intent=STOP)
05:13:17.089 [AMR-01] SAFETY_STOP min_obstacle_distance=1.08m <= 1.2m
05:13:17.192 [AMR-01] STATE_TRANSITION EMERGENCY_STOP -> MOVING (intent=MOVE)
05:13:17.290 [AMR-01] STATE_TRANSITION MOVING -> EMERGENCY_STOP (intent=STOP)
05:13:17.290 [AMR-01] SAFETY_STOP min_obstacle_distance=1.03m <= 1.2m
05:13:17.391 [AMR-01] STATE_TRANSITION EMERGENCY_STOP -> MOVING (intent=MOVE)
05:13:17.491 [AMR-01] STATE_TRANSITION MOVING -> EMERGENCY_STOP (intent=STOP)
05:13:17.491 [AMR-01] SAFETY_STOP min_obstacle_distance=1.01m <= 1.2m
05:13:17.592 [AMR-01] STATE_TRANSITION EMERGENCY_STOP -> MOVING (intent=MOVE)
05:13:17.694 [AMR-01] STATE_TRANSITION MOVING -> EMERGENCY_STOP (intent=STOP)
05:13:17.694 [AMR-01] SAFETY_STOP min_obstacle_distance=1.04m <= 1.2m
05:13:17.794 [AMR-01] STATE_TRANSITION EMERGENCY_STOP -> MOVING (intent=MOVE)
05:13:17.895 [AMR-01] STATE_TRANSITION MOVING -> EMERGENCY_STOP (intent=STOP)
05:13:17.896 [AMR-01] SAFETY_STOP min_obstacle_distance=1.10m <= 1.2m
05:13:17.996 [AMR-01] STATE_TRANSITION EMERGENCY_STOP -> MOVING (intent=MOVE)
05:13:18.097 [AMR-01] STATE_TRANSITION MOVING -> EMERGENCY_STOP (intent=STOP)
05:13:18.097 [AMR-01] SAFETY_STOP min_obstacle_distance=1.08m <= 1.2m
05:13:18.198 [AMR-01] STATE_TRANSITION EMERGENCY_STOP -> MOVING (intent=MOVE)
05:13:18.299 [AMR-01] STATE_TRANSITION MOVING -> EMERGENCY_STOP (intent=STOP)
05:13:18.299 [AMR-01] SAFETY_STOP min_obstacle_distance=1.03m <= 1.2m
05:13:18.399 [AMR-01] STATE_TRANSITION EMERGENCY_STOP -> MOVING (intent=MOVE)
05:13:18.499 [AMR-01] STATE_TRANSITION MOVING -> EMERGENCY_STOP (intent=STOP)
05:13:18.499 [AMR-01] SAFETY_STOP min_obstacle_distance=1.01m <= 1.2m
05:13:18.601 [AMR-01] STATE_TRANSITION EMERGENCY_STOP -> MOVING (intent=MOVE)
05:13:18.701 [AMR-01] STATE_TRANSITION MOVING -> EMERGENCY_STOP (intent=STOP)
05:13:18.701 [AMR-01] SAFETY_STOP min_obstacle_distance=1.04m <= 1.2m
05:13:18.802 [AMR-01] STATE_TRANSITION EMERGENCY_STOP -> MOVING (intent=MOVE)
05:13:18.903 [AMR-01] STATE_TRANSITION MOVING -> EMERGENCY_STOP (intent=STOP)
05:13:18.904 [AMR-01] SAFETY_STOP min_obstacle_distance=1.10m <= 1.2m
05:13:19.004 [AMR-01] STATE_TRANSITION EMERGENCY_STOP -> MOVING (intent=MOVE)
05:13:19.105 [AMR-01] STATE_TRANSITION MOVING -> EMERGENCY_STOP (intent=STOP)
05:13:19.105 [AMR-01] SAFETY_STOP min_obstacle_distance=1.08m <= 1.2m
05:13:19.206 [AMR-01] STATE_TRANSITION EMERGENCY_STOP -> MOVING (intent=MOVE)
05:13:19.306 [AMR-01] STATE_TRANSITION MOVING -> EMERGENCY_STOP (intent=STOP)
05:13:19.306 [AMR-01] SAFETY_STOP min_obstacle_distance=1.03m <= 1.2m
05:13:19.407 [AMR-01] STATE_TRANSITION EMERGENCY_STOP -> MOVING (intent=MOVE)
05:13:19.508 [AMR-01] STATE_TRANSITION MOVING -> EMERGENCY_STOP (intent=STOP)
05:13:19.508 [AMR-01] SAFETY_STOP min_obstacle_distance=1.01m <= 1.2m
05:13:19.609 [AMR-01] STATE_TRANSITION EMERGENCY_STOP -> MOVING (intent=MOVE)
05:13:19.710 [AMR-01] STATE_TRANSITION MOVING -> EMERGENCY_STOP (intent=STOP)
05:13:19.710 [AMR-01] SAFETY_STOP min_obstacle_distance=1.04m <= 1.2m
05:13:19.812 [AMR-01] STATE_TRANSITION EMERGENCY_STOP -> MOVING (intent=MOVE)
05:13:19.913 [AMR-01] STATE_TRANSITION MOVING -> EMERGENCY_STOP (intent=STOP)
05:13:19.913 [AMR-01] SAFETY_STOP min_obstacle_distance=1.10m <= 1.2m
05:13:20.014 [AMR-01] STATE_TRANSITION EMERGENCY_STOP -> MOVING (intent=MOVE)
05:13:20.114 [AMR-01] STATE_TRANSITION MOVING -> EMERGENCY_STOP (intent=STOP)
05:13:20.114 [AMR-01] SAFETY_STOP min_obstacle_distance=1.07m <= 1.2m
05:13:20.214 [AMR-01] STATE_TRANSITION EMERGENCY_STOP -> MOVING (intent=MOVE)
05:13:20.315 [AMR-01] STATE_TRANSITION MOVING -> EMERGENCY_STOP (intent=STOP)
05:13:20.315 [AMR-01] SAFETY_STOP min_obstacle_distance=1.03m <= 1.2m
05:13:20.416 [AMR-01] STATE_TRANSITION EMERGENCY_STOP -> MOVING (intent=MOVE)
05:13:20.517 [AMR-01] STATE_TRANSITION MOVING -> EMERGENCY_STOP (intent=STOP)
05:13:20.517 [AMR-01] SAFETY_STOP min_obstacle_distance=1.01m <= 1.2m
05:13:20.618 [AMR-01] STATE_TRANSITION EMERGENCY_STOP -> MOVING (intent=MOVE)
05:13:20.719 [AMR-01] STATE_TRANSITION MOVING -> EMERGENCY_STOP (intent=STOP)
05:13:20.719 [AMR-01] SAFETY_STOP min_obstacle_distance=1.04m <= 1.2m
05:13:20.819 [AMR-01] STATE_TRANSITION EMERGENCY_STOP -> MOVING (intent=MOVE)
05:13:20.919 [AMR-01] STATE_TRANSITION MOVING -> EMERGENCY_STOP (intent=STOP)
05:13:20.919 [AMR-01] SAFETY_STOP min_obstacle_distance=1.10m <= 1.2m
05:13:21.020 [AMR-01] STATE_TRANSITION EMERGENCY_STOP -> MOVING (intent=MOVE)
05:13:21.121 [AMR-01] STATE_TRANSITION MOVING -> EMERGENCY_STOP (intent=STOP)
05:13:21.121 [AMR-01] SAFETY_STOP min_obstacle_distance=1.08m <= 1.2m
05:13:21.221 [AMR-01] STATE_TRANSITION EMERGENCY_STOP -> MOVING (intent=MOVE)
05:13:21.323 [AMR-01] STATE_TRANSITION MOVING -> EMERGENCY_STOP (intent=STOP)
05:13:21.323 [AMR-01] SAFETY_STOP min_obstacle_distance=1.03m <= 1.2m
05:13:21.423 [AMR-01] STATE_TRANSITION EMERGENCY_STOP -> MOVING (intent=MOVE)
05:13:21.524 [AMR-01] STATE_TRANSITION MOVING -> EMERGENCY_STOP (intent=STOP)
05:13:21.524 [AMR-01] SAFETY_STOP min_obstacle_distance=1.01m <= 1.2m
05:13:21.625 [AMR-01] STATE_TRANSITION EMERGENCY_STOP -> MOVING (intent=MOVE)
05:13:21.726 [AMR-01] STATE_TRANSITION MOVING -> EMERGENCY_STOP (intent=STOP)
05:13:21.726 [AMR-01] SAFETY_STOP min_obstacle_distance=1.04m <= 1.2m
05:13:21.827 [AMR-01] STATE_TRANSITION EMERGENCY_STOP -> MOVING (intent=MOVE)
05:13:21.928 [AMR-01] STATE_TRANSITION MOVING -> EMERGENCY_STOP (intent=STOP)
05:13:21.928 [AMR-01] SAFETY_STOP min_obstacle_distance=1.10m <= 1.2m
05:13:22.029 [AMR-01] STATE_TRANSITION EMERGENCY_STOP -> MOVING (intent=MOVE)
05:13:22.130 [AMR-01] STATE_TRANSITION MOVING -> EMERGENCY_STOP (intent=STOP)
05:13:22.130 [AMR-01] SAFETY_STOP min_obstacle_distance=1.07m <= 1.2m
05:13:22.231 [AMR-01] STATE_TRANSITION EMERGENCY_STOP -> MOVING (intent=MOVE)
05:13:22.331 [AMR-01] STATE_TRANSITION MOVING -> EMERGENCY_STOP (intent=STOP)
05:13:22.331 [AMR-01] SAFETY_STOP min_obstacle_distance=1.00m <= 1.2m
05:13:22.432 [AMR-01] STATE_TRANSITION EMERGENCY_STOP -> MOVING (intent=MOVE)
05:13:22.532 [AMR-01] STATE_TRANSITION MOVING -> EMERGENCY_STOP (intent=STOP)
05:13:22.532 [AMR-01] SAFETY_STOP min_obstacle_distance=1.01m <= 1.2m
05:13:22.633 [AMR-01] STATE_TRANSITION EMERGENCY_STOP -> MOVING (intent=MOVE)
05:13:22.734 [AMR-01] STATE_TRANSITION MOVING -> EMERGENCY_STOP (intent=STOP)
05:13:22.734 [AMR-01] SAFETY_STOP min_obstacle_distance=1.04m <= 1.2m
05:13:22.835 [AMR-01] STATE_TRANSITION EMERGENCY_STOP -> MOVING (intent=MOVE)
05:13:22.936 [AMR-01] STATE_TRANSITION MOVING -> EMERGENCY_STOP (intent=STOP)
05:13:22.936 [AMR-01] SAFETY_STOP min_obstacle_distance=1.10m <= 1.2m
05:13:23.037 [AMR-01] STATE_TRANSITION EMERGENCY_STOP -> MOVING (intent=MOVE)
05:13:23.137 [AMR-01] STATE_TRANSITION MOVING -> EMERGENCY_STOP (intent=STOP)
05:13:23.137 [AMR-01] SAFETY_STOP min_obstacle_distance=1.08m <= 1.2m
05:13:23.238 [AMR-01] STATE_TRANSITION EMERGENCY_STOP -> MOVING (intent=MOVE)
05:13:23.339 [AMR-01] STATE_TRANSITION MOVING -> EMERGENCY_STOP (intent=STOP)
05:13:23.339 [AMR-01] SAFETY_STOP min_obstacle_distance=1.00m <= 1.2m
05:13:23.439 [AMR-01] STATE_TRANSITION EMERGENCY_STOP -> MOVING (intent=MOVE)
05:13:23.539 [AMR-01] STATE_TRANSITION MOVING -> EMERGENCY_STOP (intent=STOP)
05:13:23.539 [AMR-01] SAFETY_STOP min_obstacle_distance=1.01m <= 1.2m
05:13:23.640 [AMR-01] STATE_TRANSITION EMERGENCY_STOP -> MOVING (intent=MOVE)
05:13:23.741 [AMR-01] STATE_TRANSITION MOVING -> EMERGENCY_STOP (intent=STOP)
05:13:23.741 [AMR-01] SAFETY_STOP min_obstacle_distance=1.04m <= 1.2m
05:13:23.843 [AMR-01] STATE_TRANSITION EMERGENCY_STOP -> MOVING (intent=MOVE)
05:13:23.943 [AMR-01] STATE_TRANSITION MOVING -> EMERGENCY_STOP (intent=STOP)
05:13:23.943 [AMR-01] SAFETY_STOP min_obstacle_distance=1.10m <= 1.2m
05:13:24.044 [AMR-01] STATE_TRANSITION EMERGENCY_STOP -> MOVING (intent=MOVE)
05:13:24.145 [AMR-01] STATE_TRANSITION MOVING -> EMERGENCY_STOP (intent=STOP)
05:13:24.145 [AMR-01] SAFETY_STOP min_obstacle_distance=1.08m <= 1.2m
05:13:24.245 [AMR-01] STATE_TRANSITION EMERGENCY_STOP -> MOVING (intent=MOVE)
05:13:24.346 [AMR-01] STATE_TRANSITION MOVING -> EMERGENCY_STOP (intent=STOP)
05:13:24.346 [AMR-01] SAFETY_STOP min_obstacle_distance=1.00m <= 1.2m
05:13:24.446 [AMR-01] STATE_TRANSITION EMERGENCY_STOP -> MOVING (intent=MOVE)
05:13:24.546 [AMR-01] STATE_TRANSITION MOVING -> EMERGENCY_STOP (intent=STOP)
05:13:24.546 [AMR-01] SAFETY_STOP min_obstacle_distance=1.01m <= 1.2m
05:13:24.647 [AMR-01] STATE_TRANSITION EMERGENCY_STOP -> MOVING (intent=MOVE)
05:13:24.747 [AMR-01] STATE_TRANSITION MOVING -> EMERGENCY_STOP (intent=STOP)
05:13:24.748 [AMR-01] SAFETY_STOP min_obstacle_distance=1.04m <= 1.2m
05:13:24.849 [AMR-01] STATE_TRANSITION EMERGENCY_STOP -> MOVING (intent=MOVE)
05:13:24.949 [AMR-01] STATE_TRANSITION MOVING -> EMERGENCY_STOP (intent=STOP)
05:13:24.950 [AMR-01] SAFETY_STOP min_obstacle_distance=1.10m <= 1.2m
05:13:25.051 [AMR-01] STATE_TRANSITION EMERGENCY_STOP -> MOVING (intent=MOVE)
05:13:25.151 [AMR-01] STATE_TRANSITION MOVING -> EMERGENCY_STOP (intent=STOP)
05:13:25.151 [AMR-01] SAFETY_STOP min_obstacle_distance=1.08m <= 1.2m
05:13:25.252 [AMR-01] STATE_TRANSITION EMERGENCY_STOP -> MOVING (intent=MOVE)
05:13:25.352 [AMR-01] STATE_TRANSITION MOVING -> EMERGENCY_STOP (intent=STOP)
05:13:25.352 [AMR-01] SAFETY_STOP min_obstacle_distance=1.00m <= 1.2m
05:13:25.453 [AMR-01] STATE_TRANSITION EMERGENCY_STOP -> MOVING (intent=MOVE)
05:13:25.554 [AMR-01] STATE_TRANSITION MOVING -> EMERGENCY_STOP (intent=STOP)
05:13:25.554 [AMR-01] SAFETY_STOP min_obstacle_distance=1.01m <= 1.2m
05:13:25.656 [AMR-01] STATE_TRANSITION EMERGENCY_STOP -> MOVING (intent=MOVE)
05:13:25.756 [AMR-01] STATE_TRANSITION MOVING -> EMERGENCY_STOP (intent=STOP)
05:13:25.756 [AMR-01] SAFETY_STOP min_obstacle_distance=1.04m <= 1.2m
05:13:25.857 [AMR-01] STATE_TRANSITION EMERGENCY_STOP -> MOVING (intent=MOVE)
05:13:25.958 [AMR-01] STATE_TRANSITION MOVING -> EMERGENCY_STOP (intent=STOP)
05:13:25.958 [AMR-01] SAFETY_STOP min_obstacle_distance=1.10m <= 1.2m
05:13:26.059 [AMR-01] STATE_TRANSITION EMERGENCY_STOP -> MOVING (intent=MOVE)
05:13:26.159 [AMR-01] STATE_TRANSITION MOVING -> EMERGENCY_STOP (intent=STOP)
05:13:26.159 [AMR-01] SAFETY_STOP min_obstacle_distance=1.08m <= 1.2m
05:13:26.260 [AMR-01] STATE_TRANSITION EMERGENCY_STOP -> MOVING (intent=MOVE)
05:13:26.360 [AMR-01] STATE_TRANSITION MOVING -> EMERGENCY_STOP (intent=STOP)
05:13:26.360 [AMR-01] SAFETY_STOP min_obstacle_distance=1.00m <= 1.2m
05:13:26.462 [AMR-01] STATE_TRANSITION EMERGENCY_STOP -> MOVING (intent=MOVE)
05:13:26.561 [AMR-01] STATE_TRANSITION MOVING -> EMERGENCY_STOP (intent=STOP)
05:13:26.561 [AMR-01] SAFETY_STOP min_obstacle_distance=1.01m <= 1.2m
05:13:26.662 [AMR-01] STATE_TRANSITION EMERGENCY_STOP -> MOVING (intent=MOVE)
05:13:26.763 [AMR-01] STATE_TRANSITION MOVING -> EMERGENCY_STOP (intent=STOP)
05:13:26.763 [AMR-01] SAFETY_STOP min_obstacle_distance=1.04m <= 1.2m
05:13:26.863 [AMR-01] STATE_TRANSITION EMERGENCY_STOP -> MOVING (intent=MOVE)
05:13:26.964 [AMR-01] STATE_TRANSITION MOVING -> EMERGENCY_STOP (intent=STOP)
05:13:26.964 [AMR-01] SAFETY_STOP min_obstacle_distance=1.10m <= 1.2m
05:13:27.065 [AMR-01] STATE_TRANSITION EMERGENCY_STOP -> MOVING (intent=MOVE)
05:13:27.165 [AMR-01] STATE_TRANSITION MOVING -> EMERGENCY_STOP (intent=STOP)
05:13:27.165 [AMR-01] SAFETY_STOP min_obstacle_distance=1.08m <= 1.2m
05:13:27.266 [AMR-01] STATE_TRANSITION EMERGENCY_STOP -> MOVING (intent=MOVE)
05:13:27.366 [AMR-01] STATE_TRANSITION MOVING -> EMERGENCY_STOP (intent=STOP)
05:13:27.366 [AMR-01] SAFETY_STOP min_obstacle_distance=1.00m <= 1.2m
05:13:27.467 [AMR-01] STATE_TRANSITION EMERGENCY_STOP -> MOVING (intent=MOVE)
05:13:27.567 [AMR-01] STATE_TRANSITION MOVING -> EMERGENCY_STOP (intent=STOP)
05:13:27.567 [AMR-01] SAFETY_STOP min_obstacle_distance=1.01m <= 1.2m
05:13:27.668 [AMR-01] STATE_TRANSITION EMERGENCY_STOP -> MOVING (intent=MOVE)
05:13:27.769 [AMR-01] STATE_TRANSITION MOVING -> EMERGENCY_STOP (intent=STOP)
05:13:27.769 [AMR-01] SAFETY_STOP min_obstacle_distance=1.04m <= 1.2m
05:13:27.870 [AMR-01] STATE_TRANSITION EMERGENCY_STOP -> MOVING (intent=MOVE)
05:13:27.971 [AMR-01] STATE_TRANSITION MOVING -> EMERGENCY_STOP (intent=STOP)
05:13:27.971 [AMR-01] SAFETY_STOP min_obstacle_distance=1.10m <= 1.2m
05:13:28.072 [AMR-01] STATE_TRANSITION EMERGENCY_STOP -> MOVING (intent=MOVE)
05:13:28.173 [AMR-01] STATE_TRANSITION MOVING -> EMERGENCY_STOP (intent=STOP)
05:13:28.173 [AMR-01] SAFETY_STOP min_obstacle_distance=1.08m <= 1.2m
05:13:28.274 [AMR-01] STATE_TRANSITION EMERGENCY_STOP -> MOVING (intent=MOVE)
05:13:28.374 [AMR-01] STATE_TRANSITION MOVING -> EMERGENCY_STOP (intent=STOP)
05:13:28.374 [AMR-01] SAFETY_STOP min_obstacle_distance=1.00m <= 1.2m
05:13:28.474 [AMR-01] STATE_TRANSITION EMERGENCY_STOP -> MOVING (intent=MOVE)
05:13:28.575 [AMR-01] STATE_TRANSITION MOVING -> EMERGENCY_STOP (intent=STOP)
05:13:28.575 [AMR-01] SAFETY_STOP min_obstacle_distance=1.01m <= 1.2m
05:13:28.676 [AMR-01] STATE_TRANSITION EMERGENCY_STOP -> MOVING (intent=MOVE)
05:13:28.777 [AMR-01] STATE_TRANSITION MOVING -> EMERGENCY_STOP (intent=STOP)
05:13:28.777 [AMR-01] SAFETY_STOP min_obstacle_distance=1.04m <= 1.2m
05:13:28.878 [AMR-01] STATE_TRANSITION EMERGENCY_STOP -> MOVING (intent=MOVE)
05:13:28.979 [AMR-01] STATE_TRANSITION MOVING -> EMERGENCY_STOP (intent=STOP)
05:13:28.979 [AMR-01] SAFETY_STOP min_obstacle_distance=1.10m <= 1.2m
05:13:29.079 [AMR-01] STATE_TRANSITION EMERGENCY_STOP -> MOVING (intent=MOVE)
05:13:29.180 [AMR-01] STATE_TRANSITION MOVING -> EMERGENCY_STOP (intent=STOP)
05:13:29.180 [AMR-01] SAFETY_STOP min_obstacle_distance=1.08m <= 1.2m
05:13:29.281 [AMR-01] STATE_TRANSITION EMERGENCY_STOP -> MOVING (intent=MOVE)
05:13:29.381 [AMR-01] STATE_TRANSITION MOVING -> EMERGENCY_STOP (intent=STOP)
05:13:29.381 [AMR-01] SAFETY_STOP min_obstacle_distance=1.00m <= 1.2m
05:13:29.482 [AMR-01] STATE_TRANSITION EMERGENCY_STOP -> MOVING (intent=MOVE)
05:13:29.583 [AMR-01] STATE_TRANSITION MOVING -> EMERGENCY_STOP (intent=STOP)
05:13:29.583 [AMR-01] SAFETY_STOP min_obstacle_distance=1.01m <= 1.2m
05:13:29.684 [AMR-01] STATE_TRANSITION EMERGENCY_STOP -> MOVING (intent=MOVE)
05:13:29.785 [AMR-01] STATE_TRANSITION MOVING -> EMERGENCY_STOP (intent=STOP)
05:13:29.785 [AMR-01] SAFETY_STOP min_obstacle_distance=1.04m <= 1.2m
05:13:29.886 [AMR-01] STATE_TRANSITION EMERGENCY_STOP -> MOVING (intent=MOVE)
05:13:29.987 [AMR-01] STATE_TRANSITION MOVING -> EMERGENCY_STOP (intent=STOP)
05:13:29.987 [AMR-01] SAFETY_STOP min_obstacle_distance=1.10m <= 1.2m
05:13:30.088 [AMR-01] STATE_TRANSITION EMERGENCY_STOP -> MOVING (intent=MOVE)
05:13:30.188 [AMR-01] STATE_TRANSITION MOVING -> EMERGENCY_STOP (intent=STOP)
05:13:30.188 [AMR-01] SAFETY_STOP min_obstacle_distance=1.17m <= 1.2m
05:13:30.289 [AMR-01] STATE_TRANSITION EMERGENCY_STOP -> MOVING (intent=MOVE)
05:13:30.389 [AMR-01] STATE_TRANSITION MOVING -> EMERGENCY_STOP (intent=STOP)
05:13:30.389 [AMR-01] SAFETY_STOP min_obstacle_distance=1.00m <= 1.2m
05:13:30.490 [AMR-01] STATE_TRANSITION EMERGENCY_STOP -> MOVING (intent=MOVE)
05:13:30.590 [AMR-01] STATE_TRANSITION MOVING -> EMERGENCY_STOP (intent=STOP)
05:13:30.590 [AMR-01] SAFETY_STOP min_obstacle_distance=1.01m <= 1.2m
05:13:30.690 [AMR-01] STATE_TRANSITION EMERGENCY_STOP -> MOVING (intent=MOVE)
05:13:30.791 [AMR-01] STATE_TRANSITION MOVING -> EMERGENCY_STOP (intent=STOP)
05:13:30.791 [AMR-01] SAFETY_STOP min_obstacle_distance=1.04m <= 1.2m
05:13:30.892 [AMR-01] STATE_TRANSITION EMERGENCY_STOP -> MOVING (intent=MOVE)
05:13:30.993 [AMR-01] STATE_TRANSITION MOVING -> EMERGENCY_STOP (intent=STOP)
05:13:30.993 [AMR-01] SAFETY_STOP min_obstacle_distance=1.10m <= 1.2m
05:13:31.094 [AMR-01] STATE_TRANSITION EMERGENCY_STOP -> MOVING (intent=MOVE)
05:13:31.195 [AMR-01] STATE_TRANSITION MOVING -> EMERGENCY_STOP (intent=STOP)
05:13:31.195 [AMR-01] SAFETY_STOP min_obstacle_distance=1.17m <= 1.2m
05:13:31.295 [AMR-01] STATE_TRANSITION EMERGENCY_STOP -> MOVING (intent=MOVE)
05:13:31.395 [AMR-01] STATE_TRANSITION MOVING -> EMERGENCY_STOP (intent=STOP)
05:13:31.395 [AMR-01] SAFETY_STOP min_obstacle_distance=1.00m <= 1.2m
05:13:31.496 [AMR-01] STATE_TRANSITION EMERGENCY_STOP -> MOVING (intent=MOVE)
05:13:31.597 [AMR-01] STATE_TRANSITION MOVING -> EMERGENCY_STOP (intent=STOP)
05:13:31.597 [AMR-01] SAFETY_STOP min_obstacle_distance=1.01m <= 1.2m
05:13:31.697 [AMR-01] STATE_TRANSITION EMERGENCY_STOP -> MOVING (intent=MOVE)
05:13:31.798 [AMR-01] STATE_TRANSITION MOVING -> EMERGENCY_STOP (intent=STOP)
05:13:31.798 [AMR-01] SAFETY_STOP min_obstacle_distance=1.04m <= 1.2m
05:13:31.898 [AMR-01] STATE_TRANSITION EMERGENCY_STOP -> MOVING (intent=MOVE)
05:13:31.999 [AMR-01] STATE_TRANSITION MOVING -> EMERGENCY_STOP (intent=STOP)
05:13:31.999 [AMR-01] SAFETY_STOP min_obstacle_distance=1.10m <= 1.2m
05:13:32.100 [AMR-01] STATE_TRANSITION EMERGENCY_STOP -> MOVING (intent=MOVE)
05:13:32.200 [AMR-01] STATE_TRANSITION MOVING -> EMERGENCY_STOP (intent=STOP)
05:13:32.200 [AMR-01] SAFETY_STOP min_obstacle_distance=1.17m <= 1.2m
05:13:32.301 [AMR-01] STATE_TRANSITION EMERGENCY_STOP -> MOVING (intent=MOVE)
05:13:32.403 [AMR-01] STATE_TRANSITION MOVING -> EMERGENCY_STOP (intent=STOP)
05:13:32.403 [AMR-01] SAFETY_STOP min_obstacle_distance=1.00m <= 1.2m
05:13:32.504 [AMR-01] STATE_TRANSITION EMERGENCY_STOP -> MOVING (intent=MOVE)
05:13:32.604 [AMR-01] STATE_TRANSITION MOVING -> EMERGENCY_STOP (intent=STOP)
05:13:32.604 [AMR-01] SAFETY_STOP min_obstacle_distance=1.01m <= 1.2m
05:13:32.705 [AMR-01] STATE_TRANSITION EMERGENCY_STOP -> MOVING (intent=MOVE)
05:13:32.806 [AMR-01] STATE_TRANSITION MOVING -> EMERGENCY_STOP (intent=STOP)
05:13:32.806 [AMR-01] SAFETY_STOP min_obstacle_distance=1.04m <= 1.2m
05:13:32.907 [AMR-01] STATE_TRANSITION EMERGENCY_STOP -> MOVING (intent=MOVE)
05:13:33.007 [AMR-01] STATE_TRANSITION MOVING -> EMERGENCY_STOP (intent=STOP)
05:13:33.007 [AMR-01] SAFETY_STOP min_obstacle_distance=1.10m <= 1.2m
05:13:33.108 [AMR-01] STATE_TRANSITION EMERGENCY_STOP -> MOVING (intent=MOVE)
05:13:33.209 [AMR-01] STATE_TRANSITION MOVING -> EMERGENCY_STOP (intent=STOP)
05:13:33.209 [AMR-01] SAFETY_STOP min_obstacle_distance=1.17m <= 1.2m
05:13:33.311 [AMR-01] STATE_TRANSITION EMERGENCY_STOP -> MOVING (intent=MOVE)
05:13:33.410 [AMR-01] STATE_TRANSITION MOVING -> EMERGENCY_STOP (intent=STOP)
05:13:33.413 [AMR-01] SAFETY_STOP min_obstacle_distance=1.00m <= 1.2m
05:13:33.511 [AMR-01] STATE_TRANSITION EMERGENCY_STOP -> MOVING (intent=MOVE)
05:13:33.612 [AMR-01] STATE_TRANSITION MOVING -> EMERGENCY_STOP (intent=STOP)
05:13:33.612 [AMR-01] SAFETY_STOP min_obstacle_distance=1.01m <= 1.2m
05:13:33.713 [AMR-01] STATE_TRANSITION EMERGENCY_STOP -> MOVING (intent=MOVE)
05:13:33.814 [AMR-01] STATE_TRANSITION MOVING -> EMERGENCY_STOP (intent=STOP)
05:13:33.814 [AMR-01] SAFETY_STOP min_obstacle_distance=1.04m <= 1.2m
05:13:33.914 [AMR-01] STATE_TRANSITION EMERGENCY_STOP -> MOVING (intent=MOVE)
05:13:34.015 [AMR-01] STATE_TRANSITION MOVING -> EMERGENCY_STOP (intent=STOP)
05:13:34.015 [AMR-01] SAFETY_STOP min_obstacle_distance=1.00m <= 1.2m
05:13:34.117 [AMR-01] STATE_TRANSITION EMERGENCY_STOP -> MOVING (intent=MOVE)
05:13:34.218 [AMR-01] STATE_TRANSITION MOVING -> EMERGENCY_STOP (intent=STOP)
05:13:34.218 [AMR-01] SAFETY_STOP min_obstacle_distance=1.00m <= 1.2m
05:13:34.318 [AMR-01] STATE_TRANSITION EMERGENCY_STOP -> MOVING (intent=MOVE)
05:13:34.821 [AMR-01] STATE_TRANSITION MOVING -> EMERGENCY_STOP (intent=STOP)
05:13:34.821 [AMR-01] SAFETY_STOP min_obstacle_distance=1.00m <= 1.2m
05:13:34.922 [AMR-01] STATE_TRANSITION EMERGENCY_STOP -> MOVING (intent=MOVE)
05:13:35.023 [AMR-01] STATE_TRANSITION MOVING -> EMERGENCY_STOP (intent=STOP)
05:13:35.023 [AMR-01] SAFETY_STOP min_obstacle_distance=1.00m <= 1.2m
05:13:35.124 [AMR-01] STATE_TRANSITION EMERGENCY_STOP -> MOVING (intent=MOVE)
05:13:35.224 [AMR-01] STATE_TRANSITION MOVING -> EMERGENCY_STOP (intent=STOP)
05:13:35.224 [AMR-01] SAFETY_STOP min_obstacle_distance=1.00m <= 1.2m
05:13:35.325 [AMR-01] STATE_TRANSITION EMERGENCY_STOP -> MOVING (intent=MOVE)
05:13:35.425 [AMR-01] STATE_TRANSITION MOVING -> EMERGENCY_STOP (intent=STOP)
05:13:35.426 [AMR-01] SAFETY_STOP min_obstacle_distance=1.00m <= 1.2m
05:13:35.526 [AMR-01] STATE_TRANSITION EMERGENCY_STOP -> MOVING (intent=MOVE)
05:13:35.628 [AMR-01] STATE_TRANSITION MOVING -> EMERGENCY_STOP (intent=STOP)
05:13:35.628 [AMR-01] SAFETY_STOP min_obstacle_distance=1.00m <= 1.2m
05:13:35.729 [AMR-01] STATE_TRANSITION EMERGENCY_STOP -> MOVING (intent=MOVE)
05:13:35.829 [AMR-01] STATE_TRANSITION MOVING -> EMERGENCY_STOP (intent=STOP)
05:13:35.829 [AMR-01] SAFETY_STOP min_obstacle_distance=1.00m <= 1.2m
05:13:35.930 [AMR-01] STATE_TRANSITION EMERGENCY_STOP -> MOVING (intent=MOVE)
05:13:36.030 [AMR-01] STATE_TRANSITION MOVING -> EMERGENCY_STOP (intent=STOP)
05:13:36.030 [AMR-01] SAFETY_STOP min_obstacle_distance=1.00m <= 1.2m
05:13:36.130 [AMR-01] STATE_TRANSITION EMERGENCY_STOP -> MOVING (intent=MOVE)
05:13:36.230 [AMR-01] STATE_TRANSITION MOVING -> EMERGENCY_STOP (intent=STOP)
05:13:36.231 [AMR-01] SAFETY_STOP min_obstacle_distance=1.00m <= 1.2m
05:13:36.331 [AMR-01] STATE_TRANSITION EMERGENCY_STOP -> MOVING (intent=MOVE)
05:13:36.432 [AMR-01] STATE_TRANSITION MOVING -> EMERGENCY_STOP (intent=STOP)
05:13:36.432 [AMR-01] SAFETY_STOP min_obstacle_distance=1.00m <= 1.2m
05:13:36.532 [AMR-01] STATE_TRANSITION EMERGENCY_STOP -> MOVING (intent=MOVE)
05:13:36.633 [AMR-01] STATE_TRANSITION MOVING -> EMERGENCY_STOP (intent=STOP)
05:13:36.633 [AMR-01] SAFETY_STOP min_obstacle_distance=1.00m <= 1.2m
05:13:36.735 [AMR-01] STATE_TRANSITION EMERGENCY_STOP -> MOVING (intent=MOVE)
05:13:36.835 [AMR-01] STATE_TRANSITION MOVING -> EMERGENCY_STOP (intent=STOP)
05:13:36.835 [AMR-01] SAFETY_STOP min_obstacle_distance=1.00m <= 1.2m
05:13:36.936 [AMR-01] STATE_TRANSITION EMERGENCY_STOP -> MOVING (intent=MOVE)
05:13:37.036 [AMR-01] STATE_TRANSITION MOVING -> EMERGENCY_STOP (intent=STOP)
05:13:37.036 [AMR-01] SAFETY_STOP min_obstacle_distance=1.00m <= 1.2m
05:13:37.136 [AMR-01] STATE_TRANSITION EMERGENCY_STOP -> MOVING (intent=MOVE)
05:13:37.237 [AMR-01] STATE_TRANSITION MOVING -> EMERGENCY_STOP (intent=STOP)
05:13:37.237 [AMR-01] SAFETY_STOP min_obstacle_distance=1.00m <= 1.2m
05:13:37.338 [AMR-01] STATE_TRANSITION EMERGENCY_STOP -> MOVING (intent=MOVE)
05:13:37.438 [AMR-01] STATE_TRANSITION MOVING -> EMERGENCY_STOP (intent=STOP)
05:13:37.438 [AMR-01] SAFETY_STOP min_obstacle_distance=1.00m <= 1.2m
05:13:37.539 [AMR-01] STATE_TRANSITION EMERGENCY_STOP -> MOVING (intent=MOVE)
05:13:37.639 [AMR-01] STATE_TRANSITION MOVING -> EMERGENCY_STOP (intent=STOP)
05:13:37.639 [AMR-01] SAFETY_STOP min_obstacle_distance=1.00m <= 1.2m
05:13:37.740 [AMR-01] STATE_TRANSITION EMERGENCY_STOP -> MOVING (intent=MOVE)
05:13:37.840 [AMR-01] STATE_TRANSITION MOVING -> EMERGENCY_STOP (intent=STOP)
05:13:37.840 [AMR-01] SAFETY_STOP min_obstacle_distance=1.00m <= 1.2m
05:13:37.940 [AMR-01] STATE_TRANSITION EMERGENCY_STOP -> MOVING (intent=MOVE)
05:13:38.041 [AMR-01] STATE_TRANSITION MOVING -> EMERGENCY_STOP (intent=STOP)
05:13:38.041 [AMR-01] SAFETY_STOP min_obstacle_distance=1.00m <= 1.2m
05:13:38.141 [AMR-01] STATE_TRANSITION EMERGENCY_STOP -> MOVING (intent=MOVE)
05:13:38.242 [AMR-01] STATE_TRANSITION MOVING -> EMERGENCY_STOP (intent=STOP)
05:13:38.242 [AMR-01] SAFETY_STOP min_obstacle_distance=1.00m <= 1.2m
05:13:38.342 [AMR-01] STATE_TRANSITION EMERGENCY_STOP -> MOVING (intent=MOVE)
05:13:38.443 [AMR-01] STATE_TRANSITION MOVING -> EMERGENCY_STOP (intent=STOP)
05:13:38.443 [AMR-01] SAFETY_STOP min_obstacle_distance=1.01m <= 1.2m
05:13:38.543 [AMR-01] STATE_TRANSITION EMERGENCY_STOP -> MOVING (intent=MOVE)
05:13:38.644 [AMR-01] STATE_TRANSITION MOVING -> EMERGENCY_STOP (intent=STOP)
05:13:38.644 [AMR-01] SAFETY_STOP min_obstacle_distance=1.04m <= 1.2m
05:13:38.744 [AMR-01] STATE_TRANSITION EMERGENCY_STOP -> MOVING (intent=MOVE)
05:13:38.846 [AMR-01] STATE_TRANSITION MOVING -> EMERGENCY_STOP (intent=STOP)
05:13:38.846 [AMR-01] SAFETY_STOP min_obstacle_distance=1.10m <= 1.2m
05:13:38.946 [AMR-01] STATE_TRANSITION EMERGENCY_STOP -> MOVING (intent=MOVE)
05:13:39.046 [AMR-01] STATE_TRANSITION MOVING -> EMERGENCY_STOP (intent=STOP)
05:13:39.046 [AMR-01] SAFETY_STOP min_obstacle_distance=1.08m <= 1.2m
05:13:39.147 [AMR-01] STATE_TRANSITION EMERGENCY_STOP -> MOVING (intent=MOVE)
05:13:39.249 [AMR-01] STATE_TRANSITION MOVING -> EMERGENCY_STOP (intent=STOP)
05:13:39.249 [AMR-01] SAFETY_STOP min_obstacle_distance=1.01m <= 1.2m
05:13:39.348 [AMR-01] STATE_TRANSITION EMERGENCY_STOP -> MOVING (intent=MOVE)
05:13:39.449 [AMR-01] STATE_TRANSITION MOVING -> EMERGENCY_STOP (intent=STOP)
05:13:39.449 [AMR-01] SAFETY_STOP min_obstacle_distance=1.00m <= 1.2m
05:13:39.550 [AMR-01] STATE_TRANSITION EMERGENCY_STOP -> MOVING (intent=MOVE)
05:13:39.650 [AMR-01] STATE_TRANSITION MOVING -> EMERGENCY_STOP (intent=STOP)
05:13:39.650 [AMR-01] SAFETY_STOP min_obstacle_distance=1.00m <= 1.2m
05:13:39.751 [AMR-01] STATE_TRANSITION EMERGENCY_STOP -> MOVING (intent=MOVE)
05:13:39.851 [AMR-01] STATE_TRANSITION MOVING -> EMERGENCY_STOP (intent=STOP)
05:13:39.851 [AMR-01] SAFETY_STOP min_obstacle_distance=1.01m <= 1.2m
05:13:39.953 [AMR-01] STATE_TRANSITION EMERGENCY_STOP -> MOVING (intent=MOVE)
05:13:40.053 [AMR-01] STATE_TRANSITION MOVING -> EMERGENCY_STOP (intent=STOP)
05:13:40.054 [AMR-01] SAFETY_STOP min_obstacle_distance=1.00m <= 1.2m
05:13:40.155 [AMR-01] STATE_TRANSITION EMERGENCY_STOP -> MOVING (intent=MOVE)
05:13:40.255 [AMR-01] STATE_TRANSITION MOVING -> EMERGENCY_STOP (intent=STOP)
05:13:40.255 [AMR-01] SAFETY_STOP min_obstacle_distance=1.00m <= 1.2m
05:13:40.356 [AMR-01] STATE_TRANSITION EMERGENCY_STOP -> MOVING (intent=MOVE)
05:13:40.456 [AMR-01] STATE_TRANSITION MOVING -> EMERGENCY_STOP (intent=STOP)
05:13:40.456 [AMR-01] SAFETY_STOP min_obstacle_distance=1.00m <= 1.2m
05:13:40.558 [AMR-01] STATE_TRANSITION EMERGENCY_STOP -> MOVING (intent=MOVE)
05:13:40.658 [AMR-01] STATE_TRANSITION MOVING -> EMERGENCY_STOP (intent=STOP)
05:13:40.658 [AMR-01] SAFETY_STOP min_obstacle_distance=1.01m <= 1.2m
05:13:40.759 [AMR-01] STATE_TRANSITION EMERGENCY_STOP -> MOVING (intent=MOVE)
05:13:40.860 [AMR-01] STATE_TRANSITION MOVING -> EMERGENCY_STOP (intent=STOP)
05:13:40.860 [AMR-01] SAFETY_STOP min_obstacle_distance=1.00m <= 1.2m
05:13:40.961 [AMR-01] STATE_TRANSITION EMERGENCY_STOP -> MOVING (intent=MOVE)
05:13:41.061 [AMR-01] STATE_TRANSITION MOVING -> EMERGENCY_STOP (intent=STOP)
05:13:41.061 [AMR-01] SAFETY_STOP min_obstacle_distance=1.00m <= 1.2m
05:13:41.162 [AMR-01] STATE_TRANSITION EMERGENCY_STOP -> MOVING (intent=MOVE)
05:13:41.263 [AMR-01] STATE_TRANSITION MOVING -> EMERGENCY_STOP (intent=STOP)
05:13:41.263 [AMR-01] SAFETY_STOP min_obstacle_distance=1.01m <= 1.2m
05:13:41.363 [AMR-01] STATE_TRANSITION EMERGENCY_STOP -> MOVING (intent=MOVE)
05:13:41.463 [AMR-01] STATE_TRANSITION MOVING -> EMERGENCY_STOP (intent=STOP)
05:13:41.464 [AMR-01] SAFETY_STOP min_obstacle_distance=1.00m <= 1.2m
05:13:41.564 [AMR-01] STATE_TRANSITION EMERGENCY_STOP -> MOVING (intent=MOVE)
05:13:41.664 [AMR-01] STATE_TRANSITION MOVING -> EMERGENCY_STOP (intent=STOP)
05:13:41.665 [AMR-01] SAFETY_STOP min_obstacle_distance=1.01m <= 1.2m
05:13:41.766 [AMR-01] STATE_TRANSITION EMERGENCY_STOP -> MOVING (intent=MOVE)
05:13:41.866 [AMR-01] STATE_TRANSITION MOVING -> EMERGENCY_STOP (intent=STOP)
05:13:41.867 [AMR-01] SAFETY_STOP min_obstacle_distance=1.04m <= 1.2m
05:13:41.968 [AMR-01] STATE_TRANSITION EMERGENCY_STOP -> MOVING (intent=MOVE)
05:13:42.068 [AMR-01] STATE_TRANSITION MOVING -> EMERGENCY_STOP (intent=STOP)
05:13:42.068 [AMR-01] SAFETY_STOP min_obstacle_distance=1.10m <= 1.2m
05:13:42.169 [AMR-01] STATE_TRANSITION EMERGENCY_STOP -> MOVING (intent=MOVE)
05:13:42.269 [AMR-01] STATE_TRANSITION MOVING -> EMERGENCY_STOP (intent=STOP)
05:13:42.269 [AMR-01] SAFETY_STOP min_obstacle_distance=1.08m <= 1.2m
05:13:42.369 [AMR-01] STATE_TRANSITION EMERGENCY_STOP -> MOVING (intent=MOVE)
05:13:42.470 [AMR-01] STATE_TRANSITION MOVING -> EMERGENCY_STOP (intent=STOP)
05:13:42.470 [AMR-01] SAFETY_STOP min_obstacle_distance=1.01m <= 1.2m
05:13:42.571 [AMR-01] STATE_TRANSITION EMERGENCY_STOP -> MOVING (intent=MOVE)
05:13:42.672 [AMR-01] STATE_TRANSITION MOVING -> EMERGENCY_STOP (intent=STOP)
05:13:42.672 [AMR-01] SAFETY_STOP min_obstacle_distance=1.04m <= 1.2m
05:13:42.772 [AMR-01] STATE_TRANSITION EMERGENCY_STOP -> MOVING (intent=MOVE)
05:13:42.872 [AMR-01] STATE_TRANSITION MOVING -> EMERGENCY_STOP (intent=STOP)
05:13:42.872 [AMR-01] SAFETY_STOP min_obstacle_distance=1.10m <= 1.2m
05:13:42.973 [AMR-01] STATE_TRANSITION EMERGENCY_STOP -> MOVING (intent=MOVE)
05:13:43.074 [AMR-01] STATE_TRANSITION MOVING -> EMERGENCY_STOP (intent=STOP)
05:13:43.074 [AMR-01] SAFETY_STOP min_obstacle_distance=1.08m <= 1.2m
05:13:43.175 [AMR-01] STATE_TRANSITION EMERGENCY_STOP -> MOVING (intent=MOVE)
05:13:43.276 [AMR-01] STATE_TRANSITION MOVING -> EMERGENCY_STOP (intent=STOP)
05:13:43.276 [AMR-01] SAFETY_STOP min_obstacle_distance=1.03m <= 1.2m
05:13:43.376 [AMR-01] STATE_TRANSITION EMERGENCY_STOP -> MOVING (intent=MOVE)
05:13:43.476 [AMR-01] STATE_TRANSITION MOVING -> EMERGENCY_STOP (intent=STOP)
05:13:43.477 [AMR-01] SAFETY_STOP min_obstacle_distance=1.01m <= 1.2m
05:13:43.576 [AMR-01] STATE_TRANSITION EMERGENCY_STOP -> MOVING (intent=MOVE)
05:13:43.677 [AMR-01] STATE_TRANSITION MOVING -> EMERGENCY_STOP (intent=STOP)
05:13:43.677 [AMR-01] SAFETY_STOP min_obstacle_distance=1.04m <= 1.2m
05:13:43.778 [AMR-01] STATE_TRANSITION EMERGENCY_STOP -> MOVING (intent=MOVE)
05:13:43.878 [AMR-01] STATE_TRANSITION MOVING -> EMERGENCY_STOP (intent=STOP)
05:13:43.878 [AMR-01] SAFETY_STOP min_obstacle_distance=1.10m <= 1.2m
05:13:43.978 [AMR-01] STATE_TRANSITION EMERGENCY_STOP -> MOVING (intent=MOVE)
05:13:44.079 [AMR-01] STATE_TRANSITION MOVING -> EMERGENCY_STOP (intent=STOP)
05:13:44.079 [AMR-01] SAFETY_STOP min_obstacle_distance=1.08m <= 1.2m
05:13:44.179 [AMR-01] STATE_TRANSITION EMERGENCY_STOP -> MOVING (intent=MOVE)
05:13:44.281 [AMR-01] STATE_TRANSITION MOVING -> EMERGENCY_STOP (intent=STOP)
05:13:44.281 [AMR-01] SAFETY_STOP min_obstacle_distance=1.03m <= 1.2m
05:13:44.381 [AMR-01] STATE_TRANSITION EMERGENCY_STOP -> MOVING (intent=MOVE)
05:13:44.482 [AMR-01] STATE_TRANSITION MOVING -> EMERGENCY_STOP (intent=STOP)
05:13:44.482 [AMR-01] SAFETY_STOP min_obstacle_distance=1.01m <= 1.2m
05:13:44.582 [AMR-01] STATE_TRANSITION EMERGENCY_STOP -> MOVING (intent=MOVE)
05:13:44.682 [AMR-01] STATE_TRANSITION MOVING -> EMERGENCY_STOP (intent=STOP)
05:13:44.682 [AMR-01] SAFETY_STOP min_obstacle_distance=1.04m <= 1.2m
05:13:44.783 [AMR-01] STATE_TRANSITION EMERGENCY_STOP -> MOVING (intent=MOVE)
05:13:44.883 [AMR-01] STATE_TRANSITION MOVING -> EMERGENCY_STOP (intent=STOP)
05:13:44.883 [AMR-01] SAFETY_STOP min_obstacle_distance=1.10m <= 1.2m
05:13:44.984 [AMR-01] STATE_TRANSITION EMERGENCY_STOP -> MOVING (intent=MOVE)
05:13:45.084 [AMR-01] STATE_TRANSITION MOVING -> EMERGENCY_STOP (intent=STOP)
05:13:45.084 [AMR-01] SAFETY_STOP min_obstacle_distance=1.08m <= 1.2m
05:13:45.185 [AMR-01] STATE_TRANSITION EMERGENCY_STOP -> MOVING (intent=MOVE)
05:13:45.286 [AMR-01] STATE_TRANSITION MOVING -> EMERGENCY_STOP (intent=STOP)
05:13:45.286 [AMR-01] SAFETY_STOP min_obstacle_distance=1.03m <= 1.2m
05:13:45.387 [AMR-01] STATE_TRANSITION EMERGENCY_STOP -> MOVING (intent=MOVE)
05:13:45.486 [AMR-01] STATE_TRANSITION MOVING -> EMERGENCY_STOP (intent=STOP)
05:13:45.486 [AMR-01] SAFETY_STOP min_obstacle_distance=1.01m <= 1.2m
05:13:45.587 [AMR-01] STATE_TRANSITION EMERGENCY_STOP -> MOVING (intent=MOVE)
05:13:45.688 [AMR-01] STATE_TRANSITION MOVING -> EMERGENCY_STOP (intent=STOP)
05:13:45.689 [AMR-01] SAFETY_STOP min_obstacle_distance=1.04m <= 1.2m
05:13:45.790 [AMR-01] STATE_TRANSITION EMERGENCY_STOP -> MOVING (intent=MOVE)
05:13:45.889 [AMR-01] STATE_TRANSITION MOVING -> EMERGENCY_STOP (intent=STOP)
05:13:45.890 [AMR-01] SAFETY_STOP min_obstacle_distance=1.10m <= 1.2m
05:13:45.991 [AMR-01] STATE_TRANSITION EMERGENCY_STOP -> MOVING (intent=MOVE)
05:13:46.091 [AMR-01] STATE_TRANSITION MOVING -> EMERGENCY_STOP (intent=STOP)
05:13:46.091 [AMR-01] SAFETY_STOP min_obstacle_distance=1.08m <= 1.2m
05:13:46.192 [AMR-01] STATE_TRANSITION EMERGENCY_STOP -> MOVING (intent=MOVE)
05:13:46.293 [AMR-01] STATE_TRANSITION MOVING -> EMERGENCY_STOP (intent=STOP)
05:13:46.293 [AMR-01] SAFETY_STOP min_obstacle_distance=1.03m <= 1.2m
05:13:46.394 [AMR-01] STATE_TRANSITION EMERGENCY_STOP -> MOVING (intent=MOVE)
05:13:46.495 [AMR-01] STATE_TRANSITION MOVING -> EMERGENCY_STOP (intent=STOP)
05:13:46.495 [AMR-01] SAFETY_STOP min_obstacle_distance=1.00m <= 1.2m
05:13:46.595 [AMR-01] STATE_TRANSITION EMERGENCY_STOP -> MOVING (intent=MOVE)
05:13:46.696 [AMR-01] STATE_TRANSITION MOVING -> EMERGENCY_STOP (intent=STOP)
05:13:46.696 [AMR-01] SAFETY_STOP min_obstacle_distance=1.01m <= 1.2m
05:13:46.797 [AMR-01] STATE_TRANSITION EMERGENCY_STOP -> MOVING (intent=MOVE)
05:13:46.897 [AMR-01] STATE_TRANSITION MOVING -> EMERGENCY_STOP (intent=STOP)
05:13:46.898 [AMR-01] SAFETY_STOP min_obstacle_distance=1.04m <= 1.2m
05:13:46.999 [AMR-01] STATE_TRANSITION EMERGENCY_STOP -> MOVING (intent=MOVE)
05:13:47.099 [AMR-01] STATE_TRANSITION MOVING -> EMERGENCY_STOP (intent=STOP)
05:13:47.099 [AMR-01] SAFETY_STOP min_obstacle_distance=1.10m <= 1.2m
05:13:47.200 [AMR-01] STATE_TRANSITION EMERGENCY_STOP -> MOVING (intent=MOVE)
05:13:47.300 [AMR-01] STATE_TRANSITION MOVING -> EMERGENCY_STOP (intent=STOP)
05:13:47.301 [AMR-01] SAFETY_STOP min_obstacle_distance=1.08m <= 1.2m
05:13:47.401 [AMR-01] STATE_TRANSITION EMERGENCY_STOP -> MOVING (intent=MOVE)
05:13:47.501 [AMR-01] STATE_TRANSITION MOVING -> EMERGENCY_STOP (intent=STOP)
05:13:47.501 [AMR-01] SAFETY_STOP min_obstacle_distance=1.00m <= 1.2m
05:13:47.602 [AMR-01] STATE_TRANSITION EMERGENCY_STOP -> MOVING (intent=MOVE)
05:13:47.702 [AMR-01] STATE_TRANSITION MOVING -> EMERGENCY_STOP (intent=STOP)
05:13:47.702 [AMR-01] SAFETY_STOP min_obstacle_distance=1.01m <= 1.2m
05:13:47.802 [AMR-01] STATE_TRANSITION EMERGENCY_STOP -> MOVING (intent=MOVE)
05:13:47.903 [AMR-01] STATE_TRANSITION MOVING -> EMERGENCY_STOP (intent=STOP)
05:13:47.903 [AMR-01] SAFETY_STOP min_obstacle_distance=1.04m <= 1.2m
05:13:48.003 [AMR-01] STATE_TRANSITION EMERGENCY_STOP -> MOVING (intent=MOVE)
05:13:48.105 [AMR-01] STATE_TRANSITION MOVING -> EMERGENCY_STOP (intent=STOP)
05:13:48.105 [AMR-01] SAFETY_STOP min_obstacle_distance=1.10m <= 1.2m
05:13:48.204 [AMR-01] STATE_TRANSITION EMERGENCY_STOP -> MOVING (intent=MOVE)
05:13:48.305 [AMR-01] STATE_TRANSITION MOVING -> EMERGENCY_STOP (intent=STOP)
05:13:48.305 [AMR-01] SAFETY_STOP min_obstacle_distance=1.08m <= 1.2m
05:13:48.406 [AMR-01] STATE_TRANSITION EMERGENCY_STOP -> MOVING (intent=MOVE)
05:13:48.507 [AMR-01] STATE_TRANSITION MOVING -> EMERGENCY_STOP (intent=STOP)
05:13:48.508 [AMR-01] SAFETY_STOP min_obstacle_distance=1.00m <= 1.2m
05:13:48.608 [AMR-01] STATE_TRANSITION EMERGENCY_STOP -> MOVING (intent=MOVE)
05:13:48.709 [AMR-01] STATE_TRANSITION MOVING -> EMERGENCY_STOP (intent=STOP)
05:13:48.709 [AMR-01] SAFETY_STOP min_obstacle_distance=1.01m <= 1.2m
05:13:48.810 [AMR-01] STATE_TRANSITION EMERGENCY_STOP -> MOVING (intent=MOVE)
05:13:48.911 [AMR-01] STATE_TRANSITION MOVING -> EMERGENCY_STOP (intent=STOP)
05:13:48.911 [AMR-01] SAFETY_STOP min_obstacle_distance=1.04m <= 1.2m
05:13:49.012 [AMR-01] STATE_TRANSITION EMERGENCY_STOP -> MOVING (intent=MOVE)
05:13:49.112 [AMR-01] STATE_TRANSITION MOVING -> EMERGENCY_STOP (intent=STOP)
05:13:49.112 [AMR-01] SAFETY_STOP min_obstacle_distance=1.10m <= 1.2m
05:13:49.213 [AMR-01] STATE_TRANSITION EMERGENCY_STOP -> MOVING (intent=MOVE)
05:13:49.313 [AMR-01] STATE_TRANSITION MOVING -> EMERGENCY_STOP (intent=STOP)
05:13:49.313 [AMR-01] SAFETY_STOP min_obstacle_distance=1.08m <= 1.2m
05:13:49.414 [AMR-01] STATE_TRANSITION EMERGENCY_STOP -> MOVING (intent=MOVE)
05:13:49.515 [AMR-01] STATE_TRANSITION MOVING -> EMERGENCY_STOP (intent=STOP)
05:13:49.515 [AMR-01] SAFETY_STOP min_obstacle_distance=1.00m <= 1.2m
05:13:49.616 [AMR-01] STATE_TRANSITION EMERGENCY_STOP -> MOVING (intent=MOVE)
05:13:49.717 [AMR-01] STATE_TRANSITION MOVING -> EMERGENCY_STOP (intent=STOP)
05:13:49.717 [AMR-01] SAFETY_STOP min_obstacle_distance=1.01m <= 1.2m
05:13:49.818 [AMR-01] STATE_TRANSITION EMERGENCY_STOP -> MOVING (intent=MOVE)
05:13:49.919 [AMR-01] STATE_TRANSITION MOVING -> EMERGENCY_STOP (intent=STOP)
05:13:49.919 [AMR-01] SAFETY_STOP min_obstacle_distance=1.04m <= 1.2m
05:13:50.020 [AMR-01] STATE_TRANSITION EMERGENCY_STOP -> MOVING (intent=MOVE)
05:13:50.120 [AMR-01] STATE_TRANSITION MOVING -> EMERGENCY_STOP (intent=STOP)
05:13:50.120 [AMR-01] SAFETY_STOP min_obstacle_distance=1.10m <= 1.2m
05:13:50.220 [AMR-01] STATE_TRANSITION EMERGENCY_STOP -> MOVING (intent=MOVE)
05:13:50.321 [AMR-01] STATE_TRANSITION MOVING -> EMERGENCY_STOP (intent=STOP)
05:13:50.322 [AMR-01] SAFETY_STOP min_obstacle_distance=1.08m <= 1.2m
05:13:50.425 [AMR-01] STATE_TRANSITION EMERGENCY_STOP -> MOVING (intent=MOVE)
05:13:50.525 [AMR-01] STATE_TRANSITION MOVING -> EMERGENCY_STOP (intent=STOP)
05:13:50.525 [AMR-01] SAFETY_STOP min_obstacle_distance=1.00m <= 1.2m
05:13:50.625 [AMR-01] STATE_TRANSITION EMERGENCY_STOP -> MOVING (intent=MOVE)
05:13:50.726 [AMR-01] STATE_TRANSITION MOVING -> EMERGENCY_STOP (intent=STOP)
05:13:50.726 [AMR-01] SAFETY_STOP min_obstacle_distance=1.01m <= 1.2m
05:13:50.826 [AMR-01] STATE_TRANSITION EMERGENCY_STOP -> MOVING (intent=MOVE)
05:13:50.926 [AMR-01] STATE_TRANSITION MOVING -> EMERGENCY_STOP (intent=STOP)
05:13:50.926 [AMR-01] SAFETY_STOP min_obstacle_distance=1.04m <= 1.2m
05:13:51.027 [AMR-01] STATE_TRANSITION EMERGENCY_STOP -> MOVING (intent=MOVE)
05:13:51.129 [AMR-01] STATE_TRANSITION MOVING -> EMERGENCY_STOP (intent=STOP)
05:13:51.129 [AMR-01] SAFETY_STOP min_obstacle_distance=1.10m <= 1.2m
05:13:51.230 [AMR-01] STATE_TRANSITION EMERGENCY_STOP -> MOVING (intent=MOVE)
05:13:51.331 [AMR-01] STATE_TRANSITION MOVING -> EMERGENCY_STOP (intent=STOP)
05:13:51.331 [AMR-01] SAFETY_STOP min_obstacle_distance=1.08m <= 1.2m
05:13:51.432 [AMR-01] STATE_TRANSITION EMERGENCY_STOP -> MOVING (intent=MOVE)
05:13:51.531 [AMR-01] STATE_TRANSITION MOVING -> EMERGENCY_STOP (intent=STOP)
05:13:51.532 [AMR-01] SAFETY_STOP min_obstacle_distance=1.00m <= 1.2m
05:13:51.632 [AMR-01] STATE_TRANSITION EMERGENCY_STOP -> MOVING (intent=MOVE)
05:13:51.733 [AMR-01] STATE_TRANSITION MOVING -> EMERGENCY_STOP (intent=STOP)
05:13:51.733 [AMR-01] SAFETY_STOP min_obstacle_distance=1.01m <= 1.2m
05:13:51.834 [AMR-01] STATE_TRANSITION EMERGENCY_STOP -> MOVING (intent=MOVE)
05:13:51.935 [AMR-01] STATE_TRANSITION MOVING -> EMERGENCY_STOP (intent=STOP)
05:13:51.935 [AMR-01] SAFETY_STOP min_obstacle_distance=1.04m <= 1.2m
05:13:52.037 [AMR-01] STATE_TRANSITION EMERGENCY_STOP -> MOVING (intent=MOVE)
05:13:52.137 [AMR-01] STATE_TRANSITION MOVING -> EMERGENCY_STOP (intent=STOP)
05:13:52.137 [AMR-01] SAFETY_STOP min_obstacle_distance=1.10m <= 1.2m
05:13:52.238 [AMR-01] STATE_TRANSITION EMERGENCY_STOP -> MOVING (intent=MOVE)
05:13:52.337 [AMR-01] STATE_TRANSITION MOVING -> EMERGENCY_STOP (intent=STOP)
05:13:52.338 [AMR-01] SAFETY_STOP min_obstacle_distance=1.08m <= 1.2m
05:13:52.438 [AMR-01] STATE_TRANSITION EMERGENCY_STOP -> MOVING (intent=MOVE)
05:13:52.538 [AMR-01] STATE_TRANSITION MOVING -> EMERGENCY_STOP (intent=STOP)
05:13:52.539 [AMR-01] SAFETY_STOP min_obstacle_distance=1.01m <= 1.2m
05:13:52.639 [AMR-01] STATE_TRANSITION EMERGENCY_STOP -> MOVING (intent=MOVE)
05:13:52.740 [AMR-01] STATE_TRANSITION MOVING -> EMERGENCY_STOP (intent=STOP)
05:13:52.740 [AMR-01] SAFETY_STOP min_obstacle_distance=1.04m <= 1.2m
05:13:52.841 [AMR-01] STATE_TRANSITION EMERGENCY_STOP -> MOVING (intent=MOVE)
05:13:52.942 [AMR-01] STATE_TRANSITION MOVING -> EMERGENCY_STOP (intent=STOP)
05:13:52.942 [AMR-01] SAFETY_STOP min_obstacle_distance=1.10m <= 1.2m
05:13:53.044 [AMR-01] STATE_TRANSITION EMERGENCY_STOP -> MOVING (intent=MOVE)
05:13:53.144 [AMR-01] STATE_TRANSITION MOVING -> EMERGENCY_STOP (intent=STOP)
05:13:53.144 [AMR-01] SAFETY_STOP min_obstacle_distance=1.08m <= 1.2m
05:13:53.245 [AMR-01] STATE_TRANSITION EMERGENCY_STOP -> MOVING (intent=MOVE)
05:13:53.346 [AMR-01] STATE_TRANSITION MOVING -> EMERGENCY_STOP (intent=STOP)
05:13:53.346 [AMR-01] SAFETY_STOP min_obstacle_distance=1.03m <= 1.2m
05:13:53.447 [AMR-01] STATE_TRANSITION EMERGENCY_STOP -> MOVING (intent=MOVE)
05:13:53.548 [AMR-01] STATE_TRANSITION MOVING -> EMERGENCY_STOP (intent=STOP)
05:13:53.548 [AMR-01] SAFETY_STOP min_obstacle_distance=1.01m <= 1.2m
05:13:53.648 [AMR-01] STATE_TRANSITION EMERGENCY_STOP -> MOVING (intent=MOVE)
05:13:53.749 [AMR-01] STATE_TRANSITION MOVING -> EMERGENCY_STOP (intent=STOP)
05:13:53.749 [AMR-01] SAFETY_STOP min_obstacle_distance=1.04m <= 1.2m
05:13:53.851 [AMR-01] STATE_TRANSITION EMERGENCY_STOP -> MOVING (intent=MOVE)
05:13:53.952 [AMR-01] STATE_TRANSITION MOVING -> EMERGENCY_STOP (intent=STOP)
05:13:53.952 [AMR-01] SAFETY_STOP min_obstacle_distance=1.10m <= 1.2m
05:13:54.051 [AMR-01] STATE_TRANSITION EMERGENCY_STOP -> MOVING (intent=MOVE)
05:13:54.152 [AMR-01] STATE_TRANSITION MOVING -> EMERGENCY_STOP (intent=STOP)
05:13:54.152 [AMR-01] SAFETY_STOP min_obstacle_distance=1.08m <= 1.2m
05:13:54.252 [AMR-01] STATE_TRANSITION EMERGENCY_STOP -> MOVING (intent=MOVE)
05:13:54.352 [AMR-01] STATE_TRANSITION MOVING -> EMERGENCY_STOP (intent=STOP)
05:13:54.352 [AMR-01] SAFETY_STOP min_obstacle_distance=1.03m <= 1.2m
05:13:54.454 [AMR-01] STATE_TRANSITION EMERGENCY_STOP -> MOVING (intent=MOVE)
05:13:54.553 [AMR-01] STATE_TRANSITION MOVING -> EMERGENCY_STOP (intent=STOP)
05:13:54.553 [AMR-01] SAFETY_STOP min_obstacle_distance=1.00m <= 1.2m
05:13:54.654 [AMR-01] STATE_TRANSITION EMERGENCY_STOP -> MOVING (intent=MOVE)
05:13:54.754 [AMR-01] STATE_TRANSITION MOVING -> EMERGENCY_STOP (intent=STOP)
05:13:54.755 [AMR-01] SAFETY_STOP min_obstacle_distance=1.01m <= 1.2m
05:13:54.855 [AMR-01] STATE_TRANSITION EMERGENCY_STOP -> MOVING (intent=MOVE)
05:13:54.955 [AMR-01] STATE_TRANSITION MOVING -> EMERGENCY_STOP (intent=STOP)
05:13:54.955 [AMR-01] SAFETY_STOP min_obstacle_distance=1.04m <= 1.2m
05:13:55.056 [AMR-01] STATE_TRANSITION EMERGENCY_STOP -> MOVING (intent=MOVE)
05:13:55.156 [AMR-01] STATE_TRANSITION MOVING -> EMERGENCY_STOP (intent=STOP)
05:13:55.156 [AMR-01] SAFETY_STOP min_obstacle_distance=1.10m <= 1.2m
05:13:55.256 [AMR-01] STATE_TRANSITION EMERGENCY_STOP -> MOVING (intent=MOVE)
05:13:55.357 [AMR-01] STATE_TRANSITION MOVING -> EMERGENCY_STOP (intent=STOP)
05:13:55.357 [AMR-01] SAFETY_STOP min_obstacle_distance=1.08m <= 1.2m
05:13:55.457 [AMR-01] STATE_TRANSITION EMERGENCY_STOP -> MOVING (intent=MOVE)
05:13:55.558 [AMR-01] STATE_TRANSITION MOVING -> EMERGENCY_STOP (intent=STOP)
05:13:55.558 [AMR-01] SAFETY_STOP min_obstacle_distance=1.01m <= 1.2m
05:13:55.658 [AMR-01] STATE_TRANSITION EMERGENCY_STOP -> MOVING (intent=MOVE)
05:13:55.759 [AMR-01] STATE_TRANSITION MOVING -> EMERGENCY_STOP (intent=STOP)
05:13:55.759 [AMR-01] SAFETY_STOP min_obstacle_distance=1.04m <= 1.2m
05:13:55.860 [AMR-01] STATE_TRANSITION EMERGENCY_STOP -> MOVING (intent=MOVE)
05:13:55.961 [AMR-01] STATE_TRANSITION MOVING -> EMERGENCY_STOP (intent=STOP)
05:13:55.962 [AMR-01] SAFETY_STOP min_obstacle_distance=1.10m <= 1.2m
05:13:56.062 [AMR-01] STATE_TRANSITION EMERGENCY_STOP -> MOVING (intent=MOVE)
05:13:56.162 [AMR-01] STATE_TRANSITION MOVING -> EMERGENCY_STOP (intent=STOP)
05:13:56.162 [AMR-01] SAFETY_STOP min_obstacle_distance=1.08m <= 1.2m
05:13:56.263 [AMR-01] STATE_TRANSITION EMERGENCY_STOP -> MOVING (intent=MOVE)
05:13:56.364 [AMR-01] STATE_TRANSITION MOVING -> EMERGENCY_STOP (intent=STOP)
05:13:56.364 [AMR-01] SAFETY_STOP min_obstacle_distance=1.03m <= 1.2m
05:13:56.465 [AMR-01] STATE_TRANSITION EMERGENCY_STOP -> MOVING (intent=MOVE)
05:13:56.566 [AMR-01] STATE_TRANSITION MOVING -> EMERGENCY_STOP (intent=STOP)
05:13:56.566 [AMR-01] SAFETY_STOP min_obstacle_distance=1.01m <= 1.2m
05:13:56.666 [AMR-01] STATE_TRANSITION EMERGENCY_STOP -> MOVING (intent=MOVE)
05:13:56.767 [AMR-01] STATE_TRANSITION MOVING -> EMERGENCY_STOP (intent=STOP)
05:13:56.767 [AMR-01] SAFETY_STOP min_obstacle_distance=1.04m <= 1.2m
05:13:56.868 [AMR-01] STATE_TRANSITION EMERGENCY_STOP -> MOVING (intent=MOVE)
05:13:56.968 [AMR-01] STATE_TRANSITION MOVING -> EMERGENCY_STOP (intent=STOP)
05:13:56.968 [AMR-01] SAFETY_STOP min_obstacle_distance=1.10m <= 1.2m
05:13:57.070 [AMR-01] STATE_TRANSITION EMERGENCY_STOP -> MOVING (intent=MOVE)
05:13:57.171 [AMR-01] STATE_TRANSITION MOVING -> EMERGENCY_STOP (intent=STOP)
05:13:57.171 [AMR-01] SAFETY_STOP min_obstacle_distance=1.07m <= 1.2m
05:13:57.272 [AMR-01] STATE_TRANSITION EMERGENCY_STOP -> MOVING (intent=MOVE)
05:13:57.372 [AMR-01] STATE_TRANSITION MOVING -> EMERGENCY_STOP (intent=STOP)
05:13:57.372 [AMR-01] SAFETY_STOP min_obstacle_distance=1.03m <= 1.2m
05:13:57.472 [AMR-01] STATE_TRANSITION EMERGENCY_STOP -> MOVING (intent=MOVE)
05:13:57.573 [AMR-01] STATE_TRANSITION MOVING -> EMERGENCY_STOP (intent=STOP)
05:13:57.573 [AMR-01] SAFETY_STOP min_obstacle_distance=1.01m <= 1.2m
05:13:57.673 [AMR-01] STATE_TRANSITION EMERGENCY_STOP -> MOVING (intent=MOVE)
05:13:57.773 [AMR-01] STATE_TRANSITION MOVING -> EMERGENCY_STOP (intent=STOP)
05:13:57.773 [AMR-01] SAFETY_STOP min_obstacle_distance=1.04m <= 1.2m
05:13:57.874 [AMR-01] STATE_TRANSITION EMERGENCY_STOP -> MOVING (intent=MOVE)
05:13:57.975 [AMR-01] STATE_TRANSITION MOVING -> EMERGENCY_STOP (intent=STOP)
05:13:57.975 [AMR-01] SAFETY_STOP min_obstacle_distance=1.10m <= 1.2m
05:13:58.075 [AMR-01] STATE_TRANSITION EMERGENCY_STOP -> MOVING (intent=MOVE)
05:13:58.176 [AMR-01] STATE_TRANSITION MOVING -> EMERGENCY_STOP (intent=STOP)
05:13:58.176 [AMR-01] SAFETY_STOP min_obstacle_distance=1.08m <= 1.2m
05:13:58.276 [AMR-01] STATE_TRANSITION EMERGENCY_STOP -> MOVING (intent=MOVE)
05:13:58.377 [AMR-01] STATE_TRANSITION MOVING -> EMERGENCY_STOP (intent=STOP)
05:13:58.377 [AMR-01] SAFETY_STOP min_obstacle_distance=1.03m <= 1.2m
05:13:58.477 [AMR-01] STATE_TRANSITION EMERGENCY_STOP -> MOVING (intent=MOVE)
05:13:58.578 [AMR-01] STATE_TRANSITION MOVING -> EMERGENCY_STOP (intent=STOP)
05:13:58.578 [AMR-01] SAFETY_STOP min_obstacle_distance=1.01m <= 1.2m
05:13:58.679 [AMR-01] STATE_TRANSITION EMERGENCY_STOP -> MOVING (intent=MOVE)
05:13:58.779 [AMR-01] STATE_TRANSITION MOVING -> EMERGENCY_STOP (intent=STOP)
05:13:58.779 [AMR-01] SAFETY_STOP min_obstacle_distance=1.04m <= 1.2m
05:13:58.879 [AMR-01] STATE_TRANSITION EMERGENCY_STOP -> MOVING (intent=MOVE)
05:13:58.980 [AMR-01] STATE_TRANSITION MOVING -> EMERGENCY_STOP (intent=STOP)
05:13:58.980 [AMR-01] SAFETY_STOP min_obstacle_distance=1.10m <= 1.2m
05:13:59.082 [AMR-01] STATE_TRANSITION EMERGENCY_STOP -> MOVING (intent=MOVE)
05:13:59.182 [AMR-01] STATE_TRANSITION MOVING -> EMERGENCY_STOP (intent=STOP)
05:13:59.182 [AMR-01] SAFETY_STOP min_obstacle_distance=1.08m <= 1.2m
05:13:59.282 [AMR-01] STATE_TRANSITION EMERGENCY_STOP -> MOVING (intent=MOVE)
05:13:59.382 [AMR-01] STATE_TRANSITION MOVING -> EMERGENCY_STOP (intent=STOP)
05:13:59.382 [AMR-01] SAFETY_STOP min_obstacle_distance=1.03m <= 1.2m
05:13:59.484 [AMR-01] STATE_TRANSITION EMERGENCY_STOP -> MOVING (intent=MOVE)
05:13:59.584 [AMR-01] STATE_TRANSITION MOVING -> EMERGENCY_STOP (intent=STOP)
05:13:59.584 [AMR-01] SAFETY_STOP min_obstacle_distance=1.01m <= 1.2m
05:13:59.685 [AMR-01] STATE_TRANSITION EMERGENCY_STOP -> MOVING (intent=MOVE)
05:13:59.786 [AMR-01] STATE_TRANSITION MOVING -> EMERGENCY_STOP (intent=STOP)
05:13:59.786 [AMR-01] SAFETY_STOP min_obstacle_distance=1.04m <= 1.2m
05:13:59.888 [AMR-01] STATE_TRANSITION EMERGENCY_STOP -> MOVING (intent=MOVE)
05:13:59.988 [AMR-01] STATE_TRANSITION MOVING -> EMERGENCY_STOP (intent=STOP)
05:13:59.988 [AMR-01] SAFETY_STOP min_obstacle_distance=1.10m <= 1.2m
05:14:00.088 [AMR-01] STATE_TRANSITION EMERGENCY_STOP -> MOVING (intent=MOVE)
05:14:00.188 [AMR-01] STATE_TRANSITION MOVING -> EMERGENCY_STOP (intent=STOP)
05:14:00.188 [AMR-01] SAFETY_STOP min_obstacle_distance=1.08m <= 1.2m
05:14:00.290 [AMR-01] STATE_TRANSITION EMERGENCY_STOP -> MOVING (intent=MOVE)
05:14:00.390 [AMR-01] STATE_TRANSITION MOVING -> EMERGENCY_STOP (intent=STOP)
05:14:00.390 [AMR-01] SAFETY_STOP min_obstacle_distance=1.03m <= 1.2m
05:14:00.491 [AMR-01] STATE_TRANSITION EMERGENCY_STOP -> MOVING (intent=MOVE)
05:14:00.592 [AMR-01] STATE_TRANSITION MOVING -> EMERGENCY_STOP (intent=STOP)
05:14:00.592 [AMR-01] SAFETY_STOP min_obstacle_distance=1.01m <= 1.2m
05:14:00.693 [AMR-01] STATE_TRANSITION EMERGENCY_STOP -> MOVING (intent=MOVE)
05:14:00.793 [AMR-01] STATE_TRANSITION MOVING -> EMERGENCY_STOP (intent=STOP)
05:14:00.793 [AMR-01] SAFETY_STOP min_obstacle_distance=1.04m <= 1.2m
05:14:00.894 [AMR-01] STATE_TRANSITION EMERGENCY_STOP -> MOVING (intent=MOVE)
05:14:00.996 [AMR-01] STATE_TRANSITION MOVING -> EMERGENCY_STOP (intent=STOP)
05:14:00.996 [AMR-01] SAFETY_STOP min_obstacle_distance=1.10m <= 1.2m
05:14:01.096 [AMR-01] STATE_TRANSITION EMERGENCY_STOP -> MOVING (intent=MOVE)
05:14:01.196 [AMR-01] STATE_TRANSITION MOVING -> EMERGENCY_STOP (intent=STOP)
05:14:01.196 [AMR-01] SAFETY_STOP min_obstacle_distance=1.08m <= 1.2m
05:14:01.296 [AMR-01] STATE_TRANSITION EMERGENCY_STOP -> MOVING (intent=MOVE)
05:14:01.397 [AMR-01] STATE_TRANSITION MOVING -> EMERGENCY_STOP (intent=STOP)
05:14:01.397 [AMR-01] SAFETY_STOP min_obstacle_distance=1.03m <= 1.2m
05:14:01.497 [AMR-01] STATE_TRANSITION EMERGENCY_STOP -> MOVING (intent=MOVE)
05:14:01.598 [AMR-01] STATE_TRANSITION MOVING -> EMERGENCY_STOP (intent=STOP)
05:14:01.598 [AMR-01] SAFETY_STOP min_obstacle_distance=1.01m <= 1.2m
05:14:01.700 [AMR-01] STATE_TRANSITION EMERGENCY_STOP -> MOVING (intent=MOVE)
05:14:01.799 [AMR-01] STATE_TRANSITION MOVING -> EMERGENCY_STOP (intent=STOP)
05:14:01.800 [AMR-01] SAFETY_STOP min_obstacle_distance=1.04m <= 1.2m
05:14:01.900 [AMR-01] STATE_TRANSITION EMERGENCY_STOP -> MOVING (intent=MOVE)
05:14:02.001 [AMR-01] STATE_TRANSITION MOVING -> EMERGENCY_STOP (intent=STOP)
05:14:02.001 [AMR-01] SAFETY_STOP min_obstacle_distance=1.10m <= 1.2m
05:14:02.102 [AMR-01] STATE_TRANSITION EMERGENCY_STOP -> MOVING (intent=MOVE)
05:14:02.203 [AMR-01] STATE_TRANSITION MOVING -> EMERGENCY_STOP (intent=STOP)
05:14:02.203 [AMR-01] SAFETY_STOP min_obstacle_distance=1.08m <= 1.2m
05:14:02.304 [AMR-01] STATE_TRANSITION EMERGENCY_STOP -> MOVING (intent=MOVE)
05:14:02.404 [AMR-01] STATE_TRANSITION MOVING -> EMERGENCY_STOP (intent=STOP)
05:14:02.404 [AMR-01] SAFETY_STOP min_obstacle_distance=1.03m <= 1.2m
05:14:02.504 [AMR-01] STATE_TRANSITION EMERGENCY_STOP -> MOVING (intent=MOVE)
05:14:02.605 [AMR-01] STATE_TRANSITION MOVING -> EMERGENCY_STOP (intent=STOP)
05:14:02.605 [AMR-01] SAFETY_STOP min_obstacle_distance=1.01m <= 1.2m
05:14:02.706 [AMR-01] STATE_TRANSITION EMERGENCY_STOP -> MOVING (intent=MOVE)
05:14:02.806 [AMR-01] STATE_TRANSITION MOVING -> EMERGENCY_STOP (intent=STOP)
05:14:02.806 [AMR-01] SAFETY_STOP min_obstacle_distance=1.04m <= 1.2m
05:14:02.906 [AMR-01] STATE_TRANSITION EMERGENCY_STOP -> MOVING (intent=MOVE)
05:14:03.007 [AMR-01] STATE_TRANSITION MOVING -> EMERGENCY_STOP (intent=STOP)
05:14:03.007 [AMR-01] SAFETY_STOP min_obstacle_distance=1.10m <= 1.2m
05:14:03.109 [AMR-01] STATE_TRANSITION EMERGENCY_STOP -> MOVING (intent=MOVE)
05:14:03.210 [AMR-01] STATE_TRANSITION MOVING -> EMERGENCY_STOP (intent=STOP)
05:14:03.210 [AMR-01] SAFETY_STOP min_obstacle_distance=1.08m <= 1.2m
05:14:03.310 [AMR-01] STATE_TRANSITION EMERGENCY_STOP -> MOVING (intent=MOVE)
05:14:03.411 [AMR-01] STATE_TRANSITION MOVING -> EMERGENCY_STOP (intent=STOP)
05:14:03.411 [AMR-01] SAFETY_STOP min_obstacle_distance=1.03m <= 1.2m
05:14:03.511 [AMR-01] STATE_TRANSITION EMERGENCY_STOP -> MOVING (intent=MOVE)
05:14:03.612 [AMR-01] STATE_TRANSITION MOVING -> EMERGENCY_STOP (intent=STOP)
05:14:03.612 [AMR-01] SAFETY_STOP min_obstacle_distance=1.01m <= 1.2m
05:14:03.712 [AMR-01] STATE_TRANSITION EMERGENCY_STOP -> MOVING (intent=MOVE)
05:14:03.812 [AMR-01] STATE_TRANSITION MOVING -> EMERGENCY_STOP (intent=STOP)
05:14:03.813 [AMR-01] SAFETY_STOP min_obstacle_distance=1.04m <= 1.2m
05:14:03.914 [AMR-01] STATE_TRANSITION EMERGENCY_STOP -> MOVING (intent=MOVE)
05:14:04.014 [AMR-01] STATE_TRANSITION MOVING -> EMERGENCY_STOP (intent=STOP)
05:14:04.014 [AMR-01] SAFETY_STOP min_obstacle_distance=1.10m <= 1.2m
05:14:04.115 [AMR-01] STATE_TRANSITION EMERGENCY_STOP -> MOVING (intent=MOVE)
05:14:04.215 [AMR-01] STATE_TRANSITION MOVING -> EMERGENCY_STOP (intent=STOP)
05:14:04.215 [AMR-01] SAFETY_STOP min_obstacle_distance=1.08m <= 1.2m
05:14:04.316 [AMR-01] STATE_TRANSITION EMERGENCY_STOP -> MOVING (intent=MOVE)
05:14:04.418 [AMR-01] STATE_TRANSITION MOVING -> EMERGENCY_STOP (intent=STOP)
05:14:04.418 [AMR-01] SAFETY_STOP min_obstacle_distance=1.03m <= 1.2m
05:14:04.519 [AMR-01] STATE_TRANSITION EMERGENCY_STOP -> MOVING (intent=MOVE)
05:14:04.620 [AMR-01] STATE_TRANSITION MOVING -> EMERGENCY_STOP (intent=STOP)
05:14:04.620 [AMR-01] SAFETY_STOP min_obstacle_distance=1.01m <= 1.2m
05:14:04.721 [AMR-01] STATE_TRANSITION EMERGENCY_STOP -> MOVING (intent=MOVE)
05:14:04.822 [AMR-01] STATE_TRANSITION MOVING -> EMERGENCY_STOP (intent=STOP)
05:14:04.822 [AMR-01] SAFETY_STOP min_obstacle_distance=1.05m <= 1.2m
05:14:04.923 [AMR-01] STATE_TRANSITION EMERGENCY_STOP -> MOVING (intent=MOVE)
05:14:05.023 [AMR-01] STATE_TRANSITION MOVING -> EMERGENCY_STOP (intent=STOP)
05:14:05.023 [AMR-01] SAFETY_STOP min_obstacle_distance=1.10m <= 1.2m
05:14:05.125 [AMR-01] STATE_TRANSITION EMERGENCY_STOP -> MOVING (intent=MOVE)
05:14:05.225 [AMR-01] STATE_TRANSITION MOVING -> EMERGENCY_STOP (intent=STOP)
05:14:05.225 [AMR-01] SAFETY_STOP min_obstacle_distance=1.07m <= 1.2m
05:14:05.326 [AMR-01] STATE_TRANSITION EMERGENCY_STOP -> MOVING (intent=MOVE)
05:14:05.427 [AMR-01] STATE_TRANSITION MOVING -> EMERGENCY_STOP (intent=STOP)
05:14:05.427 [AMR-01] SAFETY_STOP min_obstacle_distance=1.03m <= 1.2m
05:14:05.527 [AMR-01] STATE_TRANSITION EMERGENCY_STOP -> MOVING (intent=MOVE)
05:14:05.627 [AMR-01] STATE_TRANSITION MOVING -> EMERGENCY_STOP (intent=STOP)
05:14:05.627 [AMR-01] SAFETY_STOP min_obstacle_distance=1.01m <= 1.2m
05:14:05.728 [AMR-01] STATE_TRANSITION EMERGENCY_STOP -> MOVING (intent=MOVE)
05:14:05.828 [AMR-01] STATE_TRANSITION MOVING -> EMERGENCY_STOP (intent=STOP)
05:14:05.828 [AMR-01] SAFETY_STOP min_obstacle_distance=1.04m <= 1.2m
05:14:05.930 [AMR-01] STATE_TRANSITION EMERGENCY_STOP -> MOVING (intent=MOVE)
05:14:06.030 [AMR-01] STATE_TRANSITION MOVING -> EMERGENCY_STOP (intent=STOP)
05:14:06.030 [AMR-01] SAFETY_STOP min_obstacle_distance=1.10m <= 1.2m
05:14:06.131 [AMR-01] STATE_TRANSITION EMERGENCY_STOP -> MOVING (intent=MOVE)
05:14:06.231 [AMR-01] STATE_TRANSITION MOVING -> EMERGENCY_STOP (intent=STOP)
05:14:06.231 [AMR-01] SAFETY_STOP min_obstacle_distance=1.08m <= 1.2m
05:14:06.332 [AMR-01] STATE_TRANSITION EMERGENCY_STOP -> MOVING (intent=MOVE)
05:14:06.433 [AMR-01] STATE_TRANSITION MOVING -> EMERGENCY_STOP (intent=STOP)
05:14:06.434 [AMR-01] SAFETY_STOP min_obstacle_distance=1.03m <= 1.2m
05:14:06.533 [AMR-01] STATE_TRANSITION EMERGENCY_STOP -> MOVING (intent=MOVE)
05:14:06.634 [AMR-01] STATE_TRANSITION MOVING -> EMERGENCY_STOP (intent=STOP)
05:14:06.634 [AMR-01] SAFETY_STOP min_obstacle_distance=1.01m <= 1.2m
05:14:06.735 [AMR-01] STATE_TRANSITION EMERGENCY_STOP -> MOVING (intent=MOVE)
05:14:06.835 [AMR-01] STATE_TRANSITION MOVING -> EMERGENCY_STOP (intent=STOP)
05:14:06.835 [AMR-01] SAFETY_STOP min_obstacle_distance=1.04m <= 1.2m
05:14:06.936 [AMR-01] STATE_TRANSITION EMERGENCY_STOP -> MOVING (intent=MOVE)
05:14:07.037 [AMR-01] STATE_TRANSITION MOVING -> EMERGENCY_STOP (intent=STOP)
05:14:07.037 [AMR-01] SAFETY_STOP min_obstacle_distance=1.10m <= 1.2m
05:14:07.137 [AMR-01] STATE_TRANSITION EMERGENCY_STOP -> MOVING (intent=MOVE)
05:14:07.237 [AMR-01] STATE_TRANSITION MOVING -> EMERGENCY_STOP (intent=STOP)
05:14:07.237 [AMR-01] SAFETY_STOP min_obstacle_distance=1.08m <= 1.2m
05:14:07.338 [AMR-01] STATE_TRANSITION EMERGENCY_STOP -> MOVING (intent=MOVE)
05:14:07.439 [AMR-01] STATE_TRANSITION MOVING -> EMERGENCY_STOP (intent=STOP)
05:14:07.439 [AMR-01] SAFETY_STOP min_obstacle_distance=1.03m <= 1.2m
05:14:07.539 [AMR-01] STATE_TRANSITION EMERGENCY_STOP -> MOVING (intent=MOVE)
05:14:07.639 [AMR-01] STATE_TRANSITION MOVING -> EMERGENCY_STOP (intent=STOP)
05:14:07.639 [AMR-01] SAFETY_STOP min_obstacle_distance=1.01m <= 1.2m
05:14:07.741 [AMR-01] STATE_TRANSITION EMERGENCY_STOP -> MOVING (intent=MOVE)
05:14:07.841 [AMR-01] STATE_TRANSITION MOVING -> EMERGENCY_STOP (intent=STOP)
05:14:07.841 [AMR-01] SAFETY_STOP min_obstacle_distance=1.04m <= 1.2m
05:14:07.941 [AMR-01] STATE_TRANSITION EMERGENCY_STOP -> MOVING (intent=MOVE)
05:14:08.042 [AMR-01] STATE_TRANSITION MOVING -> EMERGENCY_STOP (intent=STOP)
05:14:08.042 [AMR-01] SAFETY_STOP min_obstacle_distance=1.10m <= 1.2m
05:14:08.142 [AMR-01] STATE_TRANSITION EMERGENCY_STOP -> MOVING (intent=MOVE)
05:14:08.243 [AMR-01] STATE_TRANSITION MOVING -> EMERGENCY_STOP (intent=STOP)
05:14:08.244 [AMR-01] SAFETY_STOP min_obstacle_distance=1.08m <= 1.2m
05:14:08.345 [AMR-01] STATE_TRANSITION EMERGENCY_STOP -> MOVING (intent=MOVE)
05:14:08.445 [AMR-01] STATE_TRANSITION MOVING -> EMERGENCY_STOP (intent=STOP)
05:14:08.445 [AMR-01] SAFETY_STOP min_obstacle_distance=1.03m <= 1.2m
05:14:08.545 [AMR-01] STATE_TRANSITION EMERGENCY_STOP -> MOVING (intent=MOVE)
05:14:08.645 [AMR-01] STATE_TRANSITION MOVING -> EMERGENCY_STOP (intent=STOP)
05:14:08.647 [AMR-01] SAFETY_STOP min_obstacle_distance=1.01m <= 1.2m
05:14:08.746 [AMR-01] STATE_TRANSITION EMERGENCY_STOP -> MOVING (intent=MOVE)
05:14:08.847 [AMR-01] STATE_TRANSITION MOVING -> EMERGENCY_STOP (intent=STOP)
05:14:08.847 [AMR-01] SAFETY_STOP min_obstacle_distance=1.04m <= 1.2m
05:14:08.947 [AMR-01] STATE_TRANSITION EMERGENCY_STOP -> MOVING (intent=MOVE)
05:14:09.048 [AMR-01] STATE_TRANSITION MOVING -> EMERGENCY_STOP (intent=STOP)
05:14:09.048 [AMR-01] SAFETY_STOP min_obstacle_distance=1.10m <= 1.2m
05:14:09.148 [AMR-01] STATE_TRANSITION EMERGENCY_STOP -> MOVING (intent=MOVE)
05:14:09.249 [AMR-01] STATE_TRANSITION MOVING -> EMERGENCY_STOP (intent=STOP)
05:14:09.249 [AMR-01] SAFETY_STOP min_obstacle_distance=1.08m <= 1.2m
05:14:09.350 [AMR-01] STATE_TRANSITION EMERGENCY_STOP -> MOVING (intent=MOVE)
05:14:09.451 [AMR-01] STATE_TRANSITION MOVING -> EMERGENCY_STOP (intent=STOP)
05:14:09.451 [AMR-01] SAFETY_STOP min_obstacle_distance=1.00m <= 1.2m
05:14:09.551 [AMR-01] STATE_TRANSITION EMERGENCY_STOP -> MOVING (intent=MOVE)
05:14:09.651 [AMR-01] STATE_TRANSITION MOVING -> EMERGENCY_STOP (intent=STOP)
05:14:09.651 [AMR-01] SAFETY_STOP min_obstacle_distance=1.01m <= 1.2m
05:14:09.752 [AMR-01] STATE_TRANSITION EMERGENCY_STOP -> MOVING (intent=MOVE)
05:14:09.853 [AMR-01] STATE_TRANSITION MOVING -> EMERGENCY_STOP (intent=STOP)
05:14:09.853 [AMR-01] SAFETY_STOP min_obstacle_distance=1.04m <= 1.2m
05:14:09.954 [AMR-01] STATE_TRANSITION EMERGENCY_STOP -> MOVING (intent=MOVE)
05:14:10.055 [AMR-01] STATE_TRANSITION MOVING -> EMERGENCY_STOP (intent=STOP)
05:14:10.055 [AMR-01] SAFETY_STOP min_obstacle_distance=1.10m <= 1.2m
05:14:10.154 [AMR-01] STATE_TRANSITION EMERGENCY_STOP -> MOVING (intent=MOVE)
05:14:10.256 [AMR-01] STATE_TRANSITION MOVING -> EMERGENCY_STOP (intent=STOP)
05:14:10.256 [AMR-01] SAFETY_STOP min_obstacle_distance=1.08m <= 1.2m
05:14:10.357 [AMR-01] STATE_TRANSITION EMERGENCY_STOP -> MOVING (intent=MOVE)
05:14:10.458 [AMR-01] STATE_TRANSITION MOVING -> EMERGENCY_STOP (intent=STOP)
05:14:10.458 [AMR-01] SAFETY_STOP min_obstacle_distance=1.00m <= 1.2m
05:14:10.559 [AMR-01] STATE_TRANSITION EMERGENCY_STOP -> MOVING (intent=MOVE)
05:14:10.660 [AMR-01] STATE_TRANSITION MOVING -> EMERGENCY_STOP (intent=STOP)
05:14:10.661 [AMR-01] SAFETY_STOP min_obstacle_distance=1.01m <= 1.2m
05:14:10.762 [AMR-01] STATE_TRANSITION EMERGENCY_STOP -> MOVING (intent=MOVE)
05:14:10.863 [AMR-01] STATE_TRANSITION MOVING -> EMERGENCY_STOP (intent=STOP)
05:14:10.864 [AMR-01] SAFETY_STOP min_obstacle_distance=1.05m <= 1.2m
05:14:10.965 [AMR-01] STATE_TRANSITION EMERGENCY_STOP -> MOVING (intent=MOVE)
05:14:11.067 [AMR-01] STATE_TRANSITION MOVING -> EMERGENCY_STOP (intent=STOP)
05:14:11.067 [AMR-01] SAFETY_STOP min_obstacle_distance=1.10m <= 1.2m
05:14:11.168 [AMR-01] STATE_TRANSITION EMERGENCY_STOP -> MOVING (intent=MOVE)
05:14:11.270 [AMR-01] STATE_TRANSITION MOVING -> EMERGENCY_STOP (intent=STOP)
05:14:11.270 [AMR-01] SAFETY_STOP min_obstacle_distance=1.07m <= 1.2m
05:14:11.372 [AMR-01] STATE_TRANSITION EMERGENCY_STOP -> MOVING (intent=MOVE)
05:14:11.474 [AMR-01] STATE_TRANSITION MOVING -> EMERGENCY_STOP (intent=STOP)
05:14:11.474 [AMR-01] SAFETY_STOP min_obstacle_distance=1.00m <= 1.2m
05:14:11.574 [AMR-01] STATE_TRANSITION EMERGENCY_STOP -> MOVING (intent=MOVE)
05:14:11.677 [AMR-01] STATE_TRANSITION MOVING -> EMERGENCY_STOP (intent=STOP)
05:14:11.678 [AMR-01] SAFETY_STOP min_obstacle_distance=1.01m <= 1.2m
05:14:11.777 [AMR-01] STATE_TRANSITION EMERGENCY_STOP -> MOVING (intent=MOVE)
05:14:11.878 [AMR-01] STATE_TRANSITION MOVING -> EMERGENCY_STOP (intent=STOP)
05:14:11.878 [AMR-01] SAFETY_STOP min_obstacle_distance=1.04m <= 1.2m
05:14:11.980 [AMR-01] STATE_TRANSITION EMERGENCY_STOP -> MOVING (intent=MOVE)
05:14:12.082 [AMR-01] STATE_TRANSITION MOVING -> EMERGENCY_STOP (intent=STOP)
05:14:12.082 [AMR-01] SAFETY_STOP min_obstacle_distance=1.10m <= 1.2m
05:14:12.184 [AMR-01] STATE_TRANSITION EMERGENCY_STOP -> MOVING (intent=MOVE)
05:14:12.285 [AMR-01] STATE_TRANSITION MOVING -> EMERGENCY_STOP (intent=STOP)
05:14:12.285 [AMR-01] SAFETY_STOP min_obstacle_distance=1.07m <= 1.2m
05:14:12.387 [AMR-01] STATE_TRANSITION EMERGENCY_STOP -> MOVING (intent=MOVE)
05:14:12.488 [AMR-01] STATE_TRANSITION MOVING -> EMERGENCY_STOP (intent=STOP)
05:14:12.488 [AMR-01] SAFETY_STOP min_obstacle_distance=1.00m <= 1.2m
05:14:12.590 [AMR-01] STATE_TRANSITION EMERGENCY_STOP -> MOVING (intent=MOVE)
05:14:12.691 [AMR-01] STATE_TRANSITION MOVING -> EMERGENCY_STOP (intent=STOP)
05:14:12.691 [AMR-01] SAFETY_STOP min_obstacle_distance=1.01m <= 1.2m
05:14:12.792 [AMR-01] STATE_TRANSITION EMERGENCY_STOP -> MOVING (intent=MOVE)
05:14:12.896 [AMR-01] STATE_TRANSITION MOVING -> EMERGENCY_STOP (intent=STOP)
05:14:12.896 [AMR-01] SAFETY_STOP min_obstacle_distance=1.04m <= 1.2m
05:14:12.996 [AMR-01] STATE_TRANSITION EMERGENCY_STOP -> MOVING (intent=MOVE)
05:14:13.096 [AMR-01] STATE_TRANSITION MOVING -> EMERGENCY_STOP (intent=STOP)
05:14:13.096 [AMR-01] SAFETY_STOP min_obstacle_distance=1.10m <= 1.2m
05:14:13.197 [AMR-01] STATE_TRANSITION EMERGENCY_STOP -> MOVING (intent=MOVE)
05:14:13.297 [AMR-01] STATE_TRANSITION MOVING -> EMERGENCY_STOP (intent=STOP)
05:14:13.297 [AMR-01] SAFETY_STOP min_obstacle_distance=1.17m <= 1.2m
05:14:13.400 [AMR-01] STATE_TRANSITION EMERGENCY_STOP -> MOVING (intent=MOVE)
05:14:13.500 [AMR-01] STATE_TRANSITION MOVING -> EMERGENCY_STOP (intent=STOP)
05:14:13.500 [AMR-01] SAFETY_STOP min_obstacle_distance=1.00m <= 1.2m
05:14:13.601 [AMR-01] STATE_TRANSITION EMERGENCY_STOP -> MOVING (intent=MOVE)
05:14:13.701 [AMR-01] STATE_TRANSITION MOVING -> EMERGENCY_STOP (intent=STOP)
05:14:13.702 [AMR-01] SAFETY_STOP min_obstacle_distance=1.01m <= 1.2m
05:14:13.802 [AMR-01] STATE_TRANSITION EMERGENCY_STOP -> MOVING (intent=MOVE)
05:14:13.903 [AMR-01] STATE_TRANSITION MOVING -> EMERGENCY_STOP (intent=STOP)
05:14:13.903 [AMR-01] SAFETY_STOP min_obstacle_distance=1.04m <= 1.2m
05:14:14.003 [AMR-01] STATE_TRANSITION EMERGENCY_STOP -> MOVING (intent=MOVE)
05:14:14.104 [AMR-01] STATE_TRANSITION MOVING -> EMERGENCY_STOP (intent=STOP)
05:14:14.104 [AMR-01] SAFETY_STOP min_obstacle_distance=1.10m <= 1.2m
05:14:14.205 [AMR-01] STATE_TRANSITION EMERGENCY_STOP -> MOVING (intent=MOVE)
05:14:14.306 [AMR-01] STATE_TRANSITION MOVING -> EMERGENCY_STOP (intent=STOP)
05:14:14.307 [AMR-01] SAFETY_STOP min_obstacle_distance=1.17m <= 1.2m
05:14:14.407 [AMR-01] STATE_TRANSITION EMERGENCY_STOP -> MOVING (intent=MOVE)
05:14:14.506 [AMR-01] STATE_TRANSITION MOVING -> EMERGENCY_STOP (intent=STOP)
05:14:14.506 [AMR-01] SAFETY_STOP min_obstacle_distance=1.00m <= 1.2m
05:14:14.608 [AMR-01] STATE_TRANSITION EMERGENCY_STOP -> MOVING (intent=MOVE)
05:14:14.708 [AMR-01] STATE_TRANSITION MOVING -> EMERGENCY_STOP (intent=STOP)
05:14:14.708 [AMR-01] SAFETY_STOP min_obstacle_distance=1.01m <= 1.2m
05:14:14.808 [AMR-01] STATE_TRANSITION EMERGENCY_STOP -> MOVING (intent=MOVE)
05:14:14.910 [AMR-01] STATE_TRANSITION MOVING -> EMERGENCY_STOP (intent=STOP)
05:14:14.910 [AMR-01] SAFETY_STOP min_obstacle_distance=1.04m <= 1.2m
05:14:15.010 [AMR-01] STATE_TRANSITION EMERGENCY_STOP -> MOVING (intent=MOVE)
05:14:15.111 [AMR-01] STATE_TRANSITION MOVING -> EMERGENCY_STOP (intent=STOP)
05:14:15.111 [AMR-01] SAFETY_STOP min_obstacle_distance=1.10m <= 1.2m
05:14:15.213 [AMR-01] STATE_TRANSITION EMERGENCY_STOP -> MOVING (intent=MOVE)
05:14:15.312 [AMR-01] STATE_TRANSITION MOVING -> EMERGENCY_STOP (intent=STOP)
05:14:15.312 [AMR-01] SAFETY_STOP min_obstacle_distance=1.17m <= 1.2m
05:14:15.413 [AMR-01] STATE_TRANSITION EMERGENCY_STOP -> MOVING (intent=MOVE)
05:14:15.513 [AMR-01] STATE_TRANSITION MOVING -> EMERGENCY_STOP (intent=STOP)
05:14:15.513 [AMR-01] SAFETY_STOP min_obstacle_distance=1.00m <= 1.2m
05:14:15.614 [AMR-01] STATE_TRANSITION EMERGENCY_STOP -> MOVING (intent=MOVE)
05:14:15.715 [AMR-01] STATE_TRANSITION MOVING -> EMERGENCY_STOP (intent=STOP)
05:14:15.715 [AMR-01] SAFETY_STOP min_obstacle_distance=1.01m <= 1.2m
05:14:15.816 [AMR-01] STATE_TRANSITION EMERGENCY_STOP -> MOVING (intent=MOVE)
05:14:15.916 [AMR-01] STATE_TRANSITION MOVING -> EMERGENCY_STOP (intent=STOP)
05:14:15.916 [AMR-01] SAFETY_STOP min_obstacle_distance=1.04m <= 1.2m
05:14:16.017 [AMR-01] STATE_TRANSITION EMERGENCY_STOP -> MOVING (intent=MOVE)
05:14:16.118 [AMR-01] STATE_TRANSITION MOVING -> EMERGENCY_STOP (intent=STOP)
05:14:16.118 [AMR-01] SAFETY_STOP min_obstacle_distance=1.10m <= 1.2m
05:14:16.219 [AMR-01] STATE_TRANSITION EMERGENCY_STOP -> MOVING (intent=MOVE)
05:14:16.319 [AMR-01] STATE_TRANSITION MOVING -> EMERGENCY_STOP (intent=STOP)
05:14:16.319 [AMR-01] SAFETY_STOP min_obstacle_distance=1.17m <= 1.2m
05:14:16.419 [AMR-01] STATE_TRANSITION EMERGENCY_STOP -> MOVING (intent=MOVE)
05:14:16.822 [AMR-01] STATE_TRANSITION MOVING -> EMERGENCY_STOP (intent=STOP)
05:14:16.822 [AMR-01] SAFETY_STOP min_obstacle_distance=1.14m <= 1.2m
05:14:16.923 [AMR-01] STATE_TRANSITION EMERGENCY_STOP -> MOVING (intent=MOVE)
05:14:17.023 [AMR-01] STATE_TRANSITION MOVING -> EMERGENCY_STOP (intent=STOP)
05:14:17.023 [AMR-01] SAFETY_STOP min_obstacle_distance=1.08m <= 1.2m
05:14:17.124 [AMR-01] STATE_TRANSITION EMERGENCY_STOP -> MOVING (intent=MOVE)
05:14:17.225 [AMR-01] STATE_TRANSITION MOVING -> EMERGENCY_STOP (intent=STOP)
05:14:17.225 [AMR-01] SAFETY_STOP min_obstacle_distance=1.03m <= 1.2m
05:14:17.325 [AMR-01] STATE_TRANSITION EMERGENCY_STOP -> MOVING (intent=MOVE)
05:14:17.426 [AMR-01] STATE_TRANSITION MOVING -> EMERGENCY_STOP (intent=STOP)
05:14:17.426 [AMR-01] SAFETY_STOP min_obstacle_distance=1.00m <= 1.2m
05:14:17.526 [AMR-01] STATE_TRANSITION EMERGENCY_STOP -> MOVING (intent=MOVE)
05:14:17.827 [AMR-01] STATE_TRANSITION MOVING -> EMERGENCY_STOP (intent=STOP)
05:14:17.827 [AMR-01] SAFETY_STOP min_obstacle_distance=1.14m <= 1.2m
05:14:17.928 [AMR-01] STATE_TRANSITION EMERGENCY_STOP -> MOVING (intent=MOVE)
05:14:18.029 [AMR-01] STATE_TRANSITION MOVING -> EMERGENCY_STOP (intent=STOP)
05:14:18.029 [AMR-01] SAFETY_STOP min_obstacle_distance=1.08m <= 1.2m
05:14:18.130 [AMR-01] STATE_TRANSITION EMERGENCY_STOP -> MOVING (intent=MOVE)
05:14:18.231 [AMR-01] STATE_TRANSITION MOVING -> EMERGENCY_STOP (intent=STOP)
05:14:18.231 [AMR-01] SAFETY_STOP min_obstacle_distance=1.03m <= 1.2m
05:14:18.332 [AMR-01] STATE_TRANSITION EMERGENCY_STOP -> MOVING (intent=MOVE)
05:14:18.434 [AMR-01] STATE_TRANSITION MOVING -> EMERGENCY_STOP (intent=STOP)
05:14:18.434 [AMR-01] SAFETY_STOP min_obstacle_distance=1.00m <= 1.2m
05:14:18.534 [AMR-01] STATE_TRANSITION EMERGENCY_STOP -> MOVING (intent=MOVE)
05:14:18.838 [AMR-01] STATE_TRANSITION MOVING -> EMERGENCY_STOP (intent=STOP)
05:14:18.838 [AMR-01] SAFETY_STOP min_obstacle_distance=1.14m <= 1.2m
05:14:18.940 [AMR-01] STATE_TRANSITION EMERGENCY_STOP -> MOVING (intent=MOVE)
05:14:19.041 [AMR-01] STATE_TRANSITION MOVING -> EMERGENCY_STOP (intent=STOP)
05:14:19.041 [AMR-01] SAFETY_STOP min_obstacle_distance=1.07m <= 1.2m
05:14:19.143 [AMR-01] STATE_TRANSITION EMERGENCY_STOP -> MOVING (intent=MOVE)
05:14:19.244 [AMR-01] STATE_TRANSITION MOVING -> EMERGENCY_STOP (intent=STOP)
05:14:19.244 [AMR-01] SAFETY_STOP min_obstacle_distance=1.03m <= 1.2m
05:14:19.345 [AMR-01] STATE_TRANSITION EMERGENCY_STOP -> MOVING (intent=MOVE)
05:14:19.447 [AMR-01] STATE_TRANSITION MOVING -> EMERGENCY_STOP (intent=STOP)
05:14:19.447 [AMR-01] SAFETY_STOP min_obstacle_distance=1.00m <= 1.2m
05:14:19.547 [AMR-01] STATE_TRANSITION EMERGENCY_STOP -> MOVING (intent=MOVE)
05:14:19.852 [AMR-01] STATE_TRANSITION MOVING -> EMERGENCY_STOP (intent=STOP)
05:14:19.852 [AMR-01] SAFETY_STOP min_obstacle_distance=1.14m <= 1.2m
05:14:19.954 [AMR-01] STATE_TRANSITION EMERGENCY_STOP -> MOVING (intent=MOVE)
05:14:20.056 [AMR-01] STATE_TRANSITION MOVING -> EMERGENCY_STOP (intent=STOP)
05:14:20.056 [AMR-01] SAFETY_STOP min_obstacle_distance=1.07m <= 1.2m
05:14:20.158 [AMR-01] STATE_TRANSITION EMERGENCY_STOP -> MOVING (intent=MOVE)
05:14:20.259 [AMR-01] STATE_TRANSITION MOVING -> EMERGENCY_STOP (intent=STOP)
05:14:20.259 [AMR-01] SAFETY_STOP min_obstacle_distance=1.03m <= 1.2m
05:14:20.361 [AMR-01] STATE_TRANSITION EMERGENCY_STOP -> MOVING (intent=MOVE)
05:14:20.766 [AMR-01] STATE_TRANSITION MOVING -> EMERGENCY_STOP (intent=STOP)
05:14:20.766 [AMR-01] SAFETY_STOP min_obstacle_distance=1.14m <= 1.2m
05:14:20.867 [AMR-01] STATE_TRANSITION EMERGENCY_STOP -> MOVING (intent=MOVE)
05:14:20.968 [AMR-01] STATE_TRANSITION MOVING -> EMERGENCY_STOP (intent=STOP)
05:14:20.968 [AMR-01] SAFETY_STOP min_obstacle_distance=1.07m <= 1.2m
05:14:21.069 [AMR-01] STATE_TRANSITION EMERGENCY_STOP -> MOVING (intent=MOVE)
05:14:21.171 [AMR-01] STATE_TRANSITION MOVING -> EMERGENCY_STOP (intent=STOP)
05:14:21.171 [AMR-01] SAFETY_STOP min_obstacle_distance=1.03m <= 1.2m
05:14:21.272 [AMR-01] STATE_TRANSITION EMERGENCY_STOP -> MOVING (intent=MOVE)
05:14:21.373 [AMR-01] STATE_TRANSITION MOVING -> EMERGENCY_STOP (intent=STOP)
05:14:21.373 [AMR-01] SAFETY_STOP min_obstacle_distance=1.00m <= 1.2m
05:14:21.473 [AMR-01] STATE_TRANSITION EMERGENCY_STOP -> MOVING (intent=MOVE)
05:14:21.778 [AMR-01] STATE_TRANSITION MOVING -> EMERGENCY_STOP (intent=STOP)
05:14:21.778 [AMR-01] SAFETY_STOP min_obstacle_distance=1.14m <= 1.2m
05:14:21.879 [AMR-01] STATE_TRANSITION EMERGENCY_STOP -> MOVING (intent=MOVE)
05:14:21.981 [AMR-01] STATE_TRANSITION MOVING -> EMERGENCY_STOP (intent=STOP)
05:14:21.981 [AMR-01] SAFETY_STOP min_obstacle_distance=1.07m <= 1.2m
05:14:22.083 [AMR-01] STATE_TRANSITION EMERGENCY_STOP -> MOVING (intent=MOVE)
05:14:22.185 [AMR-01] STATE_TRANSITION MOVING -> EMERGENCY_STOP (intent=STOP)
05:14:22.185 [AMR-01] SAFETY_STOP min_obstacle_distance=1.03m <= 1.2m
05:14:22.286 [AMR-01] STATE_TRANSITION EMERGENCY_STOP -> MOVING (intent=MOVE)
05:14:22.386 [AMR-01] STATE_TRANSITION MOVING -> EMERGENCY_STOP (intent=STOP)
05:14:22.387 [AMR-01] SAFETY_STOP min_obstacle_distance=1.00m <= 1.2m
05:14:22.487 [AMR-01] STATE_TRANSITION EMERGENCY_STOP -> MOVING (intent=MOVE)
05:14:22.790 [AMR-01] STATE_TRANSITION MOVING -> EMERGENCY_STOP (intent=STOP)
05:14:22.790 [AMR-01] SAFETY_STOP min_obstacle_distance=1.14m <= 1.2m
05:14:22.891 [AMR-01] STATE_TRANSITION EMERGENCY_STOP -> MOVING (intent=MOVE)
05:14:22.992 [AMR-01] STATE_TRANSITION MOVING -> EMERGENCY_STOP (intent=STOP)
05:14:22.993 [AMR-01] SAFETY_STOP min_obstacle_distance=1.08m <= 1.2m
05:14:23.095 [AMR-01] STATE_TRANSITION EMERGENCY_STOP -> MOVING (intent=MOVE)
05:14:23.196 [AMR-01] STATE_TRANSITION MOVING -> EMERGENCY_STOP (intent=STOP)
05:14:23.196 [AMR-01] SAFETY_STOP min_obstacle_distance=1.03m <= 1.2m
05:14:23.297 [AMR-01] STATE_TRANSITION EMERGENCY_STOP -> MOVING (intent=MOVE)
05:14:23.399 [AMR-01] STATE_TRANSITION MOVING -> EMERGENCY_STOP (intent=STOP)
05:14:23.399 [AMR-01] SAFETY_STOP min_obstacle_distance=1.00m <= 1.2m
05:14:23.499 [AMR-01] STATE_TRANSITION EMERGENCY_STOP -> MOVING (intent=MOVE)
05:14:23.803 [AMR-01] STATE_TRANSITION MOVING -> EMERGENCY_STOP (intent=STOP)
05:14:23.803 [AMR-01] SAFETY_STOP min_obstacle_distance=1.14m <= 1.2m
05:14:23.904 [AMR-01] STATE_TRANSITION EMERGENCY_STOP -> MOVING (intent=MOVE)
05:14:24.006 [AMR-01] STATE_TRANSITION MOVING -> EMERGENCY_STOP (intent=STOP)
05:14:24.006 [AMR-01] SAFETY_STOP min_obstacle_distance=1.07m <= 1.2m
05:14:24.107 [AMR-01] STATE_TRANSITION EMERGENCY_STOP -> MOVING (intent=MOVE)
05:14:24.208 [AMR-01] STATE_TRANSITION MOVING -> EMERGENCY_STOP (intent=STOP)
05:14:24.209 [AMR-01] SAFETY_STOP min_obstacle_distance=1.03m <= 1.2m
05:14:24.310 [AMR-01] STATE_TRANSITION EMERGENCY_STOP -> MOVING (intent=MOVE)
05:14:24.411 [AMR-01] STATE_TRANSITION MOVING -> EMERGENCY_STOP (intent=STOP)
05:14:24.411 [AMR-01] SAFETY_STOP min_obstacle_distance=1.00m <= 1.2m
05:14:24.511 [AMR-01] STATE_TRANSITION EMERGENCY_STOP -> MOVING (intent=MOVE)
05:14:24.816 [AMR-01] STATE_TRANSITION MOVING -> EMERGENCY_STOP (intent=STOP)
05:14:24.816 [AMR-01] SAFETY_STOP min_obstacle_distance=1.14m <= 1.2m
05:14:24.918 [AMR-01] STATE_TRANSITION EMERGENCY_STOP -> MOVING (intent=MOVE)
05:14:25.020 [AMR-01] STATE_TRANSITION MOVING -> EMERGENCY_STOP (intent=STOP)
05:14:25.020 [AMR-01] SAFETY_STOP min_obstacle_distance=1.07m <= 1.2m
05:14:25.121 [AMR-01] STATE_TRANSITION EMERGENCY_STOP -> MOVING (intent=MOVE)
05:14:25.222 [AMR-01] STATE_TRANSITION MOVING -> EMERGENCY_STOP (intent=STOP)
05:14:25.222 [AMR-01] SAFETY_STOP min_obstacle_distance=1.03m <= 1.2m
05:14:25.323 [AMR-01] STATE_TRANSITION EMERGENCY_STOP -> MOVING (intent=MOVE)
05:14:25.424 [AMR-01] STATE_TRANSITION MOVING -> EMERGENCY_STOP (intent=STOP)
05:14:25.424 [AMR-01] SAFETY_STOP min_obstacle_distance=1.00m <= 1.2m
05:14:25.525 [AMR-01] STATE_TRANSITION EMERGENCY_STOP -> MOVING (intent=MOVE)
05:14:25.829 [AMR-01] STATE_TRANSITION MOVING -> EMERGENCY_STOP (intent=STOP)
05:14:25.829 [AMR-01] SAFETY_STOP min_obstacle_distance=1.14m <= 1.2m
05:14:25.931 [AMR-01] STATE_TRANSITION EMERGENCY_STOP -> MOVING (intent=MOVE)
05:14:26.033 [AMR-01] STATE_TRANSITION MOVING -> EMERGENCY_STOP (intent=STOP)
05:14:26.033 [AMR-01] SAFETY_STOP min_obstacle_distance=1.07m <= 1.2m
05:14:26.134 [AMR-01] STATE_TRANSITION EMERGENCY_STOP -> MOVING (intent=MOVE)
05:14:26.234 [AMR-01] STATE_TRANSITION MOVING -> EMERGENCY_STOP (intent=STOP)
05:14:26.234 [AMR-01] SAFETY_STOP min_obstacle_distance=1.03m <= 1.2m
05:14:26.336 [AMR-01] STATE_TRANSITION EMERGENCY_STOP -> MOVING (intent=MOVE)
05:14:26.437 [AMR-01] STATE_TRANSITION MOVING -> EMERGENCY_STOP (intent=STOP)
05:14:26.438 [AMR-01] SAFETY_STOP min_obstacle_distance=1.00m <= 1.2m
05:14:26.539 [AMR-01] STATE_TRANSITION EMERGENCY_STOP -> MOVING (intent=MOVE)
05:14:26.843 [AMR-01] STATE_TRANSITION MOVING -> EMERGENCY_STOP (intent=STOP)
05:14:26.843 [AMR-01] SAFETY_STOP min_obstacle_distance=1.14m <= 1.2m
05:14:26.944 [AMR-01] STATE_TRANSITION EMERGENCY_STOP -> MOVING (intent=MOVE)
05:14:27.045 [AMR-01] STATE_TRANSITION MOVING -> EMERGENCY_STOP (intent=STOP)
05:14:27.045 [AMR-01] SAFETY_STOP min_obstacle_distance=1.07m <= 1.2m
05:14:27.147 [AMR-01] STATE_TRANSITION EMERGENCY_STOP -> MOVING (intent=MOVE)
05:14:27.248 [AMR-01] STATE_TRANSITION MOVING -> EMERGENCY_STOP (intent=STOP)
05:14:27.248 [AMR-01] SAFETY_STOP min_obstacle_distance=1.03m <= 1.2m
05:14:27.350 [AMR-01] STATE_TRANSITION EMERGENCY_STOP -> MOVING (intent=MOVE)
05:14:27.452 [AMR-01] STATE_TRANSITION MOVING -> EMERGENCY_STOP (intent=STOP)
05:14:27.452 [AMR-01] SAFETY_STOP min_obstacle_distance=1.00m <= 1.2m
05:14:27.552 [AMR-01] STATE_TRANSITION EMERGENCY_STOP -> MOVING (intent=MOVE)
05:14:27.856 [AMR-01] STATE_TRANSITION MOVING -> EMERGENCY_STOP (intent=STOP)
05:14:27.856 [AMR-01] SAFETY_STOP min_obstacle_distance=1.14m <= 1.2m
05:14:27.957 [AMR-01] STATE_TRANSITION EMERGENCY_STOP -> MOVING (intent=MOVE)
05:14:28.059 [AMR-01] STATE_TRANSITION MOVING -> EMERGENCY_STOP (intent=STOP)
05:14:28.059 [AMR-01] SAFETY_STOP min_obstacle_distance=1.07m <= 1.2m
05:14:28.161 [AMR-01] STATE_TRANSITION EMERGENCY_STOP -> MOVING (intent=MOVE)
05:14:28.262 [AMR-01] STATE_TRANSITION MOVING -> EMERGENCY_STOP (intent=STOP)
05:14:28.262 [AMR-01] SAFETY_STOP min_obstacle_distance=1.03m <= 1.2m
05:14:28.363 [AMR-01] STATE_TRANSITION EMERGENCY_STOP -> MOVING (intent=MOVE)
05:14:28.768 [AMR-01] STATE_TRANSITION MOVING -> EMERGENCY_STOP (intent=STOP)
05:14:28.768 [AMR-01] SAFETY_STOP min_obstacle_distance=1.14m <= 1.2m
05:14:28.870 [AMR-01] STATE_TRANSITION EMERGENCY_STOP -> MOVING (intent=MOVE)
05:14:28.970 [AMR-01] STATE_TRANSITION MOVING -> EMERGENCY_STOP (intent=STOP)
05:14:28.970 [AMR-01] SAFETY_STOP min_obstacle_distance=1.07m <= 1.2m
05:14:29.072 [AMR-01] STATE_TRANSITION EMERGENCY_STOP -> MOVING (intent=MOVE)
05:14:29.172 [AMR-01] STATE_TRANSITION MOVING -> EMERGENCY_STOP (intent=STOP)
05:14:29.172 [AMR-01] SAFETY_STOP min_obstacle_distance=1.03m <= 1.2m
05:14:29.274 [AMR-01] STATE_TRANSITION EMERGENCY_STOP -> MOVING (intent=MOVE)
05:14:29.374 [AMR-01] STATE_TRANSITION MOVING -> EMERGENCY_STOP (intent=STOP)
05:14:29.374 [AMR-01] SAFETY_STOP min_obstacle_distance=1.00m <= 1.2m
05:14:29.475 [AMR-01] STATE_TRANSITION EMERGENCY_STOP -> MOVING (intent=MOVE)
05:14:29.776 [AMR-01] STATE_TRANSITION MOVING -> EMERGENCY_STOP (intent=STOP)
05:14:29.776 [AMR-01] SAFETY_STOP min_obstacle_distance=1.14m <= 1.2m
05:14:29.878 [AMR-01] STATE_TRANSITION EMERGENCY_STOP -> MOVING (intent=MOVE)
05:14:29.979 [AMR-01] STATE_TRANSITION MOVING -> EMERGENCY_STOP (intent=STOP)
05:14:29.979 [AMR-01] SAFETY_STOP min_obstacle_distance=1.08m <= 1.2m
05:14:30.079 [AMR-01] STATE_TRANSITION EMERGENCY_STOP -> MOVING (intent=MOVE)
05:14:30.180 [AMR-01] STATE_TRANSITION MOVING -> EMERGENCY_STOP (intent=STOP)
05:14:30.180 [AMR-01] SAFETY_STOP min_obstacle_distance=1.03m <= 1.2m
05:14:30.280 [AMR-01] STATE_TRANSITION EMERGENCY_STOP -> MOVING (intent=MOVE)
05:14:30.381 [AMR-01] STATE_TRANSITION MOVING -> EMERGENCY_STOP (intent=STOP)
05:14:30.381 [AMR-01] SAFETY_STOP min_obstacle_distance=1.00m <= 1.2m
05:14:30.483 [AMR-01] STATE_TRANSITION EMERGENCY_STOP -> MOVING (intent=MOVE)
05:14:30.784 [AMR-01] STATE_TRANSITION MOVING -> EMERGENCY_STOP (intent=STOP)
05:14:30.784 [AMR-01] SAFETY_STOP min_obstacle_distance=1.14m <= 1.2m
05:14:30.885 [AMR-01] STATE_TRANSITION EMERGENCY_STOP -> MOVING (intent=MOVE)
05:14:30.986 [AMR-01] STATE_TRANSITION MOVING -> EMERGENCY_STOP (intent=STOP)
05:14:30.986 [AMR-01] SAFETY_STOP min_obstacle_distance=1.07m <= 1.2m
05:14:31.086 [AMR-01] STATE_TRANSITION EMERGENCY_STOP -> MOVING (intent=MOVE)
05:14:31.187 [AMR-01] STATE_TRANSITION MOVING -> EMERGENCY_STOP (intent=STOP)
05:14:31.187 [AMR-01] SAFETY_STOP min_obstacle_distance=1.03m <= 1.2m
05:14:31.287 [AMR-01] STATE_TRANSITION EMERGENCY_STOP -> MOVING (intent=MOVE)
05:14:31.388 [AMR-01] STATE_TRANSITION MOVING -> EMERGENCY_STOP (intent=STOP)
05:14:31.388 [AMR-01] SAFETY_STOP min_obstacle_distance=1.00m <= 1.2m
05:14:31.489 [AMR-01] STATE_TRANSITION EMERGENCY_STOP -> MOVING (intent=MOVE)
05:14:31.792 [AMR-01] STATE_TRANSITION MOVING -> EMERGENCY_STOP (intent=STOP)
05:14:31.792 [AMR-01] SAFETY_STOP min_obstacle_distance=1.14m <= 1.2m
05:14:31.892 [AMR-01] STATE_TRANSITION EMERGENCY_STOP -> MOVING (intent=MOVE)
05:14:31.993 [AMR-01] STATE_TRANSITION MOVING -> EMERGENCY_STOP (intent=STOP)
05:14:31.993 [AMR-01] SAFETY_STOP min_obstacle_distance=1.08m <= 1.2m
05:14:32.093 [AMR-01] STATE_TRANSITION EMERGENCY_STOP -> MOVING (intent=MOVE)
05:14:32.195 [AMR-01] STATE_TRANSITION MOVING -> EMERGENCY_STOP (intent=STOP)
05:14:32.195 [AMR-01] SAFETY_STOP min_obstacle_distance=1.03m <= 1.2m
05:14:32.295 [AMR-01] STATE_TRANSITION EMERGENCY_STOP -> MOVING (intent=MOVE)
05:14:32.396 [AMR-01] STATE_TRANSITION MOVING -> EMERGENCY_STOP (intent=STOP)
05:14:32.396 [AMR-01] SAFETY_STOP min_obstacle_distance=1.00m <= 1.2m
05:14:32.498 [AMR-01] STATE_TRANSITION EMERGENCY_STOP -> MOVING (intent=MOVE)
05:14:32.798 [AMR-01] STATE_TRANSITION MOVING -> EMERGENCY_STOP (intent=STOP)
05:14:32.798 [AMR-01] SAFETY_STOP min_obstacle_distance=1.14m <= 1.2m
05:14:32.900 [AMR-01] STATE_TRANSITION EMERGENCY_STOP -> MOVING (intent=MOVE)
05:14:33.000 [AMR-01] STATE_TRANSITION MOVING -> EMERGENCY_STOP (intent=STOP)
05:14:33.000 [AMR-01] SAFETY_STOP min_obstacle_distance=1.08m <= 1.2m
05:14:33.102 [AMR-01] STATE_TRANSITION EMERGENCY_STOP -> MOVING (intent=MOVE)
05:14:33.203 [AMR-01] STATE_TRANSITION MOVING -> EMERGENCY_STOP (intent=STOP)
05:14:33.203 [AMR-01] SAFETY_STOP min_obstacle_distance=1.03m <= 1.2m
05:14:33.302 [AMR-01] STATE_TRANSITION EMERGENCY_STOP -> MOVING (intent=MOVE)
05:14:33.403 [AMR-01] STATE_TRANSITION MOVING -> EMERGENCY_STOP (intent=STOP)
05:14:33.403 [AMR-01] SAFETY_STOP min_obstacle_distance=1.00m <= 1.2m
05:14:33.503 [AMR-01] STATE_TRANSITION EMERGENCY_STOP -> MOVING (intent=MOVE)
05:14:33.805 [AMR-01] STATE_TRANSITION MOVING -> EMERGENCY_STOP (intent=STOP)
05:14:33.805 [AMR-01] SAFETY_STOP min_obstacle_distance=1.14m <= 1.2m
05:14:33.906 [AMR-01] STATE_TRANSITION EMERGENCY_STOP -> MOVING (intent=MOVE)
05:14:34.006 [AMR-01] STATE_TRANSITION MOVING -> EMERGENCY_STOP (intent=STOP)
05:14:34.006 [AMR-01] SAFETY_STOP min_obstacle_distance=1.08m <= 1.2m
05:14:34.106 [AMR-01] STATE_TRANSITION EMERGENCY_STOP -> MOVING (intent=MOVE)
05:14:34.207 [AMR-01] STATE_TRANSITION MOVING -> EMERGENCY_STOP (intent=STOP)
05:14:34.207 [AMR-01] SAFETY_STOP min_obstacle_distance=1.03m <= 1.2m
05:14:34.307 [AMR-01] STATE_TRANSITION EMERGENCY_STOP -> MOVING (intent=MOVE)
05:14:34.408 [AMR-01] STATE_TRANSITION MOVING -> EMERGENCY_STOP (intent=STOP)
05:14:34.408 [AMR-01] SAFETY_STOP min_obstacle_distance=1.00m <= 1.2m
05:14:34.509 [AMR-01] STATE_TRANSITION EMERGENCY_STOP -> MOVING (intent=MOVE)
05:14:34.811 [AMR-01] STATE_TRANSITION MOVING -> EMERGENCY_STOP (intent=STOP)
05:14:34.811 [AMR-01] SAFETY_STOP min_obstacle_distance=1.14m <= 1.2m
05:14:34.912 [AMR-01] STATE_TRANSITION EMERGENCY_STOP -> MOVING (intent=MOVE)
05:14:35.012 [AMR-01] STATE_TRANSITION MOVING -> EMERGENCY_STOP (intent=STOP)
05:14:35.012 [AMR-01] SAFETY_STOP min_obstacle_distance=1.08m <= 1.2m
05:14:35.112 [AMR-01] STATE_TRANSITION EMERGENCY_STOP -> MOVING (intent=MOVE)
05:14:35.212 [AMR-01] STATE_TRANSITION MOVING -> EMERGENCY_STOP (intent=STOP)
05:14:35.212 [AMR-01] SAFETY_STOP min_obstacle_distance=1.03m <= 1.2m
05:14:35.313 [AMR-01] STATE_TRANSITION EMERGENCY_STOP -> MOVING (intent=MOVE)
05:14:35.414 [AMR-01] STATE_TRANSITION MOVING -> EMERGENCY_STOP (intent=STOP)
05:14:35.414 [AMR-01] SAFETY_STOP min_obstacle_distance=1.00m <= 1.2m
05:14:35.514 [AMR-01] STATE_TRANSITION EMERGENCY_STOP -> MOVING (intent=MOVE)
05:14:35.816 [AMR-01] STATE_TRANSITION MOVING -> EMERGENCY_STOP (intent=STOP)
05:14:35.816 [AMR-01] SAFETY_STOP min_obstacle_distance=1.14m <= 1.2m
05:14:35.917 [AMR-01] STATE_TRANSITION EMERGENCY_STOP -> MOVING (intent=MOVE)
05:14:36.018 [AMR-01] STATE_TRANSITION MOVING -> EMERGENCY_STOP (intent=STOP)
05:14:36.018 [AMR-01] SAFETY_STOP min_obstacle_distance=1.08m <= 1.2m
05:14:36.117 [AMR-01] STATE_TRANSITION EMERGENCY_STOP -> MOVING (intent=MOVE)
05:14:36.219 [AMR-01] STATE_TRANSITION MOVING -> EMERGENCY_STOP (intent=STOP)
05:14:36.220 [AMR-01] SAFETY_STOP min_obstacle_distance=1.03m <= 1.2m
05:14:36.321 [AMR-01] STATE_TRANSITION EMERGENCY_STOP -> MOVING (intent=MOVE)
05:14:36.421 [AMR-01] STATE_TRANSITION MOVING -> EMERGENCY_STOP (intent=STOP)
05:14:36.421 [AMR-01] SAFETY_STOP min_obstacle_distance=1.00m <= 1.2m
05:14:36.521 [AMR-01] STATE_TRANSITION EMERGENCY_STOP -> MOVING (intent=MOVE)
05:14:36.824 [AMR-01] STATE_TRANSITION MOVING -> EMERGENCY_STOP (intent=STOP)
05:14:36.824 [AMR-01] SAFETY_STOP min_obstacle_distance=1.14m <= 1.2m
05:14:36.925 [AMR-01] STATE_TRANSITION EMERGENCY_STOP -> MOVING (intent=MOVE)
05:14:37.026 [AMR-01] STATE_TRANSITION MOVING -> EMERGENCY_STOP (intent=STOP)
05:14:37.026 [AMR-01] SAFETY_STOP min_obstacle_distance=1.08m <= 1.2m
05:14:37.126 [AMR-01] STATE_TRANSITION EMERGENCY_STOP -> MOVING (intent=MOVE)
05:14:37.226 [AMR-01] STATE_TRANSITION MOVING -> EMERGENCY_STOP (intent=STOP)
05:14:37.226 [AMR-01] SAFETY_STOP min_obstacle_distance=1.03m <= 1.2m
05:14:37.326 [AMR-01] STATE_TRANSITION EMERGENCY_STOP -> MOVING (intent=MOVE)
05:14:37.427 [AMR-01] STATE_TRANSITION MOVING -> EMERGENCY_STOP (intent=STOP)
05:14:37.428 [AMR-01] SAFETY_STOP min_obstacle_distance=1.00m <= 1.2m
05:14:37.528 [AMR-01] STATE_TRANSITION EMERGENCY_STOP -> MOVING (intent=MOVE)
05:14:37.831 [AMR-01] STATE_TRANSITION MOVING -> EMERGENCY_STOP (intent=STOP)
05:14:37.831 [AMR-01] SAFETY_STOP min_obstacle_distance=1.14m <= 1.2m
05:14:37.932 [AMR-01] STATE_TRANSITION EMERGENCY_STOP -> MOVING (intent=MOVE)
05:14:38.033 [AMR-01] STATE_TRANSITION MOVING -> EMERGENCY_STOP (intent=STOP)
05:14:38.033 [AMR-01] SAFETY_STOP min_obstacle_distance=1.07m <= 1.2m
05:14:38.134 [AMR-01] STATE_TRANSITION EMERGENCY_STOP -> MOVING (intent=MOVE)
05:14:38.234 [AMR-01] STATE_TRANSITION MOVING -> EMERGENCY_STOP (intent=STOP)
05:14:38.235 [AMR-01] SAFETY_STOP min_obstacle_distance=1.03m <= 1.2m
05:14:38.335 [AMR-01] STATE_TRANSITION EMERGENCY_STOP -> MOVING (intent=MOVE)
05:14:38.436 [AMR-01] STATE_TRANSITION MOVING -> EMERGENCY_STOP (intent=STOP)
05:14:38.436 [AMR-01] SAFETY_STOP min_obstacle_distance=1.00m <= 1.2m
05:14:38.536 [AMR-01] STATE_TRANSITION EMERGENCY_STOP -> MOVING (intent=MOVE)
05:14:38.838 [AMR-01] STATE_TRANSITION MOVING -> EMERGENCY_STOP (intent=STOP)
05:14:38.838 [AMR-01] SAFETY_STOP min_obstacle_distance=1.14m <= 1.2m
05:14:38.938 [AMR-01] STATE_TRANSITION EMERGENCY_STOP -> MOVING (intent=MOVE)
05:14:39.039 [AMR-01] STATE_TRANSITION MOVING -> EMERGENCY_STOP (intent=STOP)
05:14:39.039 [AMR-01] SAFETY_STOP min_obstacle_distance=1.08m <= 1.2m
05:14:39.139 [AMR-01] STATE_TRANSITION EMERGENCY_STOP -> MOVING (intent=MOVE)
05:14:39.240 [AMR-01] STATE_TRANSITION MOVING -> EMERGENCY_STOP (intent=STOP)
05:14:39.240 [AMR-01] SAFETY_STOP min_obstacle_distance=1.03m <= 1.2m
05:14:39.341 [AMR-01] STATE_TRANSITION EMERGENCY_STOP -> MOVING (intent=MOVE)
05:14:39.442 [AMR-01] STATE_TRANSITION MOVING -> EMERGENCY_STOP (intent=STOP)
05:14:39.442 [AMR-01] SAFETY_STOP min_obstacle_distance=1.00m <= 1.2m
05:14:39.542 [AMR-01] STATE_TRANSITION EMERGENCY_STOP -> MOVING (intent=MOVE)
05:14:39.842 [AMR-01] STATE_TRANSITION MOVING -> EMERGENCY_STOP (intent=STOP)
05:14:39.842 [AMR-01] SAFETY_STOP min_obstacle_distance=1.14m <= 1.2m
05:14:39.943 [AMR-01] STATE_TRANSITION EMERGENCY_STOP -> MOVING (intent=MOVE)
05:14:40.044 [AMR-01] STATE_TRANSITION MOVING -> EMERGENCY_STOP (intent=STOP)
05:14:40.044 [AMR-01] SAFETY_STOP min_obstacle_distance=1.08m <= 1.2m
05:14:40.144 [AMR-01] STATE_TRANSITION EMERGENCY_STOP -> MOVING (intent=MOVE)
05:14:40.244 [AMR-01] STATE_TRANSITION MOVING -> EMERGENCY_STOP (intent=STOP)
05:14:40.244 [AMR-01] SAFETY_STOP min_obstacle_distance=1.03m <= 1.2m
05:14:40.345 [AMR-01] STATE_TRANSITION EMERGENCY_STOP -> MOVING (intent=MOVE)
05:14:40.446 [AMR-01] STATE_TRANSITION MOVING -> EMERGENCY_STOP (intent=STOP)
05:14:40.446 [AMR-01] SAFETY_STOP min_obstacle_distance=1.00m <= 1.2m
05:14:40.547 [AMR-01] STATE_TRANSITION EMERGENCY_STOP -> MOVING (intent=MOVE)
05:14:40.849 [AMR-01] STATE_TRANSITION MOVING -> EMERGENCY_STOP (intent=STOP)
05:14:40.849 [AMR-01] SAFETY_STOP min_obstacle_distance=1.14m <= 1.2m
05:14:40.949 [AMR-01] STATE_TRANSITION EMERGENCY_STOP -> MOVING (intent=MOVE)
05:14:41.050 [AMR-01] STATE_TRANSITION MOVING -> EMERGENCY_STOP (intent=STOP)
05:14:41.050 [AMR-01] SAFETY_STOP min_obstacle_distance=1.08m <= 1.2m
05:14:41.150 [AMR-01] STATE_TRANSITION EMERGENCY_STOP -> MOVING (intent=MOVE)
05:14:41.251 [AMR-01] STATE_TRANSITION MOVING -> EMERGENCY_STOP (intent=STOP)
05:14:41.251 [AMR-01] SAFETY_STOP min_obstacle_distance=1.03m <= 1.2m
05:14:41.352 [AMR-01] STATE_TRANSITION EMERGENCY_STOP -> MOVING (intent=MOVE)
05:14:41.753 [AMR-01] STATE_TRANSITION MOVING -> EMERGENCY_STOP (intent=STOP)
05:14:41.753 [AMR-01] SAFETY_STOP min_obstacle_distance=1.14m <= 1.2m
05:14:41.854 [AMR-01] STATE_TRANSITION EMERGENCY_STOP -> MOVING (intent=MOVE)
05:14:41.955 [AMR-01] STATE_TRANSITION MOVING -> EMERGENCY_STOP (intent=STOP)
05:14:41.955 [AMR-01] SAFETY_STOP min_obstacle_distance=1.08m <= 1.2m
05:14:42.056 [AMR-01] STATE_TRANSITION EMERGENCY_STOP -> MOVING (intent=MOVE)
05:14:42.156 [AMR-01] STATE_TRANSITION MOVING -> EMERGENCY_STOP (intent=STOP)
05:14:42.156 [AMR-01] SAFETY_STOP min_obstacle_distance=1.03m <= 1.2m
05:14:42.257 [AMR-01] STATE_TRANSITION EMERGENCY_STOP -> MOVING (intent=MOVE)
05:14:42.358 [AMR-01] STATE_TRANSITION MOVING -> EMERGENCY_STOP (intent=STOP)
05:14:42.358 [AMR-01] SAFETY_STOP min_obstacle_distance=1.00m <= 1.2m
05:14:42.459 [AMR-01] STATE_TRANSITION EMERGENCY_STOP -> MOVING (intent=MOVE)
05:14:42.860 [AMR-01] STATE_TRANSITION MOVING -> EMERGENCY_STOP (intent=STOP)
05:14:42.860 [AMR-01] SAFETY_STOP min_obstacle_distance=1.14m <= 1.2m
05:14:42.961 [AMR-01] STATE_TRANSITION EMERGENCY_STOP -> MOVING (intent=MOVE)
05:14:43.061 [AMR-01] STATE_TRANSITION MOVING -> EMERGENCY_STOP (intent=STOP)
05:14:43.061 [AMR-01] SAFETY_STOP min_obstacle_distance=1.08m <= 1.2m
05:14:43.162 [AMR-01] STATE_TRANSITION EMERGENCY_STOP -> MOVING (intent=MOVE)
05:14:43.262 [AMR-01] STATE_TRANSITION MOVING -> EMERGENCY_STOP (intent=STOP)
05:14:43.262 [AMR-01] SAFETY_STOP min_obstacle_distance=1.03m <= 1.2m
05:14:43.363 [AMR-01] STATE_TRANSITION EMERGENCY_STOP -> MOVING (intent=MOVE)
05:14:43.465 [AMR-01] STATE_TRANSITION MOVING -> EMERGENCY_STOP (intent=STOP)
05:14:43.465 [AMR-01] SAFETY_STOP min_obstacle_distance=1.00m <= 1.2m
05:14:43.566 [AMR-01] STATE_TRANSITION EMERGENCY_STOP -> MOVING (intent=MOVE)
05:14:43.668 [AMR-01] STATE_TRANSITION MOVING -> EMERGENCY_STOP (intent=STOP)
05:14:43.668 [AMR-01] SAFETY_STOP min_obstacle_distance=1.01m <= 1.2m
05:14:43.769 [AMR-01] STATE_TRANSITION EMERGENCY_STOP -> MOVING (intent=MOVE)
05:14:43.870 [AMR-01] STATE_TRANSITION MOVING -> EMERGENCY_STOP (intent=STOP)
05:14:43.870 [AMR-01] SAFETY_STOP min_obstacle_distance=1.05m <= 1.2m
05:14:43.972 [AMR-01] STATE_TRANSITION EMERGENCY_STOP -> MOVING (intent=MOVE)
05:14:44.073 [AMR-01] STATE_TRANSITION MOVING -> EMERGENCY_STOP (intent=STOP)
05:14:44.073 [AMR-01] SAFETY_STOP min_obstacle_distance=1.10m <= 1.2m
05:14:44.175 [AMR-01] STATE_TRANSITION EMERGENCY_STOP -> MOVING (intent=MOVE)
05:14:44.276 [AMR-01] STATE_TRANSITION MOVING -> EMERGENCY_STOP (intent=STOP)
05:14:44.276 [AMR-01] SAFETY_STOP min_obstacle_distance=1.07m <= 1.2m
05:14:44.378 [AMR-01] STATE_TRANSITION EMERGENCY_STOP -> MOVING (intent=MOVE)
05:14:44.479 [AMR-01] STATE_TRANSITION MOVING -> EMERGENCY_STOP (intent=STOP)
05:14:44.479 [AMR-01] SAFETY_STOP min_obstacle_distance=1.00m <= 1.2m
05:14:44.581 [AMR-01] STATE_TRANSITION EMERGENCY_STOP -> MOVING (intent=MOVE)
05:14:44.681 [AMR-01] STATE_TRANSITION MOVING -> EMERGENCY_STOP (intent=STOP)
05:14:44.681 [AMR-01] SAFETY_STOP min_obstacle_distance=1.01m <= 1.2m
05:14:44.783 [AMR-01] STATE_TRANSITION EMERGENCY_STOP -> MOVING (intent=MOVE)
05:14:44.884 [AMR-01] STATE_TRANSITION MOVING -> EMERGENCY_STOP (intent=STOP)
05:14:44.884 [AMR-01] SAFETY_STOP min_obstacle_distance=1.05m <= 1.2m
05:14:44.985 [AMR-01] STATE_TRANSITION EMERGENCY_STOP -> MOVING (intent=MOVE)
05:14:45.086 [AMR-01] STATE_TRANSITION MOVING -> EMERGENCY_STOP (intent=STOP)
05:14:45.086 [AMR-01] SAFETY_STOP min_obstacle_distance=1.10m <= 1.2m
05:14:45.188 [AMR-01] STATE_TRANSITION EMERGENCY_STOP -> MOVING (intent=MOVE)
05:14:45.289 [AMR-01] STATE_TRANSITION MOVING -> EMERGENCY_STOP (intent=STOP)
05:14:45.290 [AMR-01] SAFETY_STOP min_obstacle_distance=1.07m <= 1.2m
05:14:45.392 [AMR-01] STATE_TRANSITION EMERGENCY_STOP -> MOVING (intent=MOVE)
05:14:45.491 [AMR-01] STATE_TRANSITION MOVING -> EMERGENCY_STOP (intent=STOP)
05:14:45.492 [AMR-01] SAFETY_STOP min_obstacle_distance=1.00m <= 1.2m
05:14:45.594 [AMR-01] STATE_TRANSITION EMERGENCY_STOP -> MOVING (intent=MOVE)
05:14:45.695 [AMR-01] STATE_TRANSITION MOVING -> EMERGENCY_STOP (intent=STOP)
05:14:45.695 [AMR-01] SAFETY_STOP min_obstacle_distance=1.01m <= 1.2m
05:14:45.797 [AMR-01] STATE_TRANSITION EMERGENCY_STOP -> MOVING (intent=MOVE)
05:14:45.898 [AMR-01] STATE_TRANSITION MOVING -> EMERGENCY_STOP (intent=STOP)
05:14:45.898 [AMR-01] SAFETY_STOP min_obstacle_distance=1.05m <= 1.2m
05:14:45.999 [AMR-01] STATE_TRANSITION EMERGENCY_STOP -> MOVING (intent=MOVE)
05:14:46.100 [AMR-01] STATE_TRANSITION MOVING -> EMERGENCY_STOP (intent=STOP)
05:14:46.100 [AMR-01] SAFETY_STOP min_obstacle_distance=1.10m <= 1.2m
05:14:46.200 [AMR-01] STATE_TRANSITION EMERGENCY_STOP -> MOVING (intent=MOVE)
05:14:46.301 [AMR-01] STATE_TRANSITION MOVING -> EMERGENCY_STOP (intent=STOP)
05:14:46.301 [AMR-01] SAFETY_STOP min_obstacle_distance=1.07m <= 1.2m
05:14:46.403 [AMR-01] STATE_TRANSITION EMERGENCY_STOP -> MOVING (intent=MOVE)
05:14:46.503 [AMR-01] STATE_TRANSITION MOVING -> EMERGENCY_STOP (intent=STOP)
05:14:46.503 [AMR-01] SAFETY_STOP min_obstacle_distance=1.00m <= 1.2m
05:14:46.604 [AMR-01] STATE_TRANSITION EMERGENCY_STOP -> MOVING (intent=MOVE)
05:14:46.707 [AMR-01] STATE_TRANSITION MOVING -> EMERGENCY_STOP (intent=STOP)
05:14:46.707 [AMR-01] SAFETY_STOP min_obstacle_distance=1.01m <= 1.2m
05:14:46.808 [AMR-01] STATE_TRANSITION EMERGENCY_STOP -> MOVING (intent=MOVE)
05:14:46.908 [AMR-01] STATE_TRANSITION MOVING -> EMERGENCY_STOP (intent=STOP)
05:14:46.908 [AMR-01] SAFETY_STOP min_obstacle_distance=1.04m <= 1.2m
05:14:47.008 [AMR-01] STATE_TRANSITION EMERGENCY_STOP -> MOVING (intent=MOVE)
05:14:47.109 [AMR-01] STATE_TRANSITION MOVING -> EMERGENCY_STOP (intent=STOP)
05:14:47.110 [AMR-01] SAFETY_STOP min_obstacle_distance=1.10m <= 1.2m
05:14:47.211 [AMR-01] STATE_TRANSITION EMERGENCY_STOP -> MOVING (intent=MOVE)
05:14:47.313 [AMR-01] STATE_TRANSITION MOVING -> EMERGENCY_STOP (intent=STOP)
05:14:47.313 [AMR-01] SAFETY_STOP min_obstacle_distance=1.07m <= 1.2m
05:14:47.414 [AMR-01] STATE_TRANSITION EMERGENCY_STOP -> MOVING (intent=MOVE)
05:14:47.515 [AMR-01] STATE_TRANSITION MOVING -> EMERGENCY_STOP (intent=STOP)
05:14:47.515 [AMR-01] SAFETY_STOP min_obstacle_distance=1.00m <= 1.2m
05:14:47.616 [AMR-01] STATE_TRANSITION EMERGENCY_STOP -> MOVING (intent=MOVE)
05:14:47.716 [AMR-01] STATE_TRANSITION MOVING -> EMERGENCY_STOP (intent=STOP)
05:14:47.716 [AMR-01] SAFETY_STOP min_obstacle_distance=1.01m <= 1.2m
05:14:47.818 [AMR-01] STATE_TRANSITION EMERGENCY_STOP -> MOVING (intent=MOVE)
05:14:47.919 [AMR-01] STATE_TRANSITION MOVING -> EMERGENCY_STOP (intent=STOP)
05:14:47.919 [AMR-01] SAFETY_STOP min_obstacle_distance=1.04m <= 1.2m
05:14:48.021 [AMR-01] STATE_TRANSITION EMERGENCY_STOP -> MOVING (intent=MOVE)
05:14:48.121 [AMR-01] STATE_TRANSITION MOVING -> EMERGENCY_STOP (intent=STOP)
05:14:48.121 [AMR-01] SAFETY_STOP min_obstacle_distance=1.10m <= 1.2m
05:14:48.221 [AMR-01] STATE_TRANSITION EMERGENCY_STOP -> MOVING (intent=MOVE)
05:14:48.321 [AMR-01] STATE_TRANSITION MOVING -> EMERGENCY_STOP (intent=STOP)
05:14:48.321 [AMR-01] SAFETY_STOP min_obstacle_distance=1.07m <= 1.2m
05:14:48.423 [AMR-01] STATE_TRANSITION EMERGENCY_STOP -> MOVING (intent=MOVE)
05:14:48.522 [AMR-01] STATE_TRANSITION MOVING -> EMERGENCY_STOP (intent=STOP)
05:14:48.523 [AMR-01] SAFETY_STOP min_obstacle_distance=1.00m <= 1.2m
05:14:48.624 [AMR-01] STATE_TRANSITION EMERGENCY_STOP -> MOVING (intent=MOVE)
05:14:48.725 [AMR-01] STATE_TRANSITION MOVING -> EMERGENCY_STOP (intent=STOP)
05:14:48.725 [AMR-01] SAFETY_STOP min_obstacle_distance=1.01m <= 1.2m
05:14:48.826 [AMR-01] STATE_TRANSITION EMERGENCY_STOP -> MOVING (intent=MOVE)
05:14:48.926 [AMR-01] STATE_TRANSITION MOVING -> EMERGENCY_STOP (intent=STOP)
05:14:48.926 [AMR-01] SAFETY_STOP min_obstacle_distance=1.04m <= 1.2m
05:14:49.028 [AMR-01] STATE_TRANSITION EMERGENCY_STOP -> MOVING (intent=MOVE)
05:14:49.130 [AMR-01] STATE_TRANSITION MOVING -> EMERGENCY_STOP (intent=STOP)
05:14:49.130 [AMR-01] SAFETY_STOP min_obstacle_distance=1.10m <= 1.2m
05:14:49.230 [AMR-01] STATE_TRANSITION EMERGENCY_STOP -> MOVING (intent=MOVE)
05:14:49.331 [AMR-01] STATE_TRANSITION MOVING -> EMERGENCY_STOP (intent=STOP)
05:14:49.331 [AMR-01] SAFETY_STOP min_obstacle_distance=1.08m <= 1.2m
05:14:49.432 [AMR-01] STATE_TRANSITION EMERGENCY_STOP -> MOVING (intent=MOVE)
05:14:49.532 [AMR-01] STATE_TRANSITION MOVING -> EMERGENCY_STOP (intent=STOP)
05:14:49.532 [AMR-01] SAFETY_STOP min_obstacle_distance=1.00m <= 1.2m
05:14:49.634 [AMR-01] STATE_TRANSITION EMERGENCY_STOP -> MOVING (intent=MOVE)
05:14:49.735 [AMR-01] STATE_TRANSITION MOVING -> EMERGENCY_STOP (intent=STOP)
05:14:49.735 [AMR-01] SAFETY_STOP min_obstacle_distance=1.01m <= 1.2m
05:14:49.837 [AMR-01] STATE_TRANSITION EMERGENCY_STOP -> MOVING (intent=MOVE)
05:14:49.939 [AMR-01] STATE_TRANSITION MOVING -> EMERGENCY_STOP (intent=STOP)
05:14:49.939 [AMR-01] SAFETY_STOP min_obstacle_distance=1.05m <= 1.2m
05:14:50.040 [AMR-01] STATE_TRANSITION EMERGENCY_STOP -> MOVING (intent=MOVE)
05:14:50.141 [AMR-01] STATE_TRANSITION MOVING -> EMERGENCY_STOP (intent=STOP)
05:14:50.142 [AMR-01] SAFETY_STOP min_obstacle_distance=1.10m <= 1.2m
05:14:50.243 [AMR-01] STATE_TRANSITION EMERGENCY_STOP -> MOVING (intent=MOVE)
05:14:50.344 [AMR-01] STATE_TRANSITION MOVING -> EMERGENCY_STOP (intent=STOP)
05:14:50.344 [AMR-01] SAFETY_STOP min_obstacle_distance=1.07m <= 1.2m
05:14:50.446 [AMR-01] STATE_TRANSITION EMERGENCY_STOP -> MOVING (intent=MOVE)
05:14:50.546 [AMR-01] STATE_TRANSITION MOVING -> EMERGENCY_STOP (intent=STOP)
05:14:50.546 [AMR-01] SAFETY_STOP min_obstacle_distance=1.00m <= 1.2m
05:14:50.648 [AMR-01] STATE_TRANSITION EMERGENCY_STOP -> MOVING (intent=MOVE)
05:14:50.749 [AMR-01] STATE_TRANSITION MOVING -> EMERGENCY_STOP (intent=STOP)
05:14:50.749 [AMR-01] SAFETY_STOP min_obstacle_distance=1.01m <= 1.2m
05:14:50.850 [AMR-01] STATE_TRANSITION EMERGENCY_STOP -> MOVING (intent=MOVE)
05:14:50.952 [AMR-01] STATE_TRANSITION MOVING -> EMERGENCY_STOP (intent=STOP)
05:14:50.952 [AMR-01] SAFETY_STOP min_obstacle_distance=1.05m <= 1.2m
05:14:51.054 [AMR-01] STATE_TRANSITION EMERGENCY_STOP -> MOVING (intent=MOVE)
05:14:51.155 [AMR-01] STATE_TRANSITION MOVING -> EMERGENCY_STOP (intent=STOP)
05:14:51.155 [AMR-01] SAFETY_STOP min_obstacle_distance=1.10m <= 1.2m
05:14:51.257 [AMR-01] STATE_TRANSITION EMERGENCY_STOP -> MOVING (intent=MOVE)
05:14:51.359 [AMR-01] STATE_TRANSITION MOVING -> EMERGENCY_STOP (intent=STOP)
05:14:51.360 [AMR-01] SAFETY_STOP min_obstacle_distance=1.07m <= 1.2m
05:14:51.460 [AMR-01] STATE_TRANSITION EMERGENCY_STOP -> MOVING (intent=MOVE)
05:14:51.560 [AMR-01] STATE_TRANSITION MOVING -> EMERGENCY_STOP (intent=STOP)
05:14:51.560 [AMR-01] SAFETY_STOP min_obstacle_distance=1.00m <= 1.2m
05:14:51.662 [AMR-01] STATE_TRANSITION EMERGENCY_STOP -> MOVING (intent=MOVE)
05:14:51.764 [AMR-01] STATE_TRANSITION MOVING -> EMERGENCY_STOP (intent=STOP)
05:14:51.765 [AMR-01] SAFETY_STOP min_obstacle_distance=1.01m <= 1.2m
05:14:51.865 [AMR-01] STATE_TRANSITION EMERGENCY_STOP -> MOVING (intent=MOVE)
05:14:51.966 [AMR-01] STATE_TRANSITION MOVING -> EMERGENCY_STOP (intent=STOP)
05:14:51.966 [AMR-01] SAFETY_STOP min_obstacle_distance=1.05m <= 1.2m
05:14:52.067 [AMR-01] STATE_TRANSITION EMERGENCY_STOP -> MOVING (intent=MOVE)
05:14:52.167 [AMR-01] STATE_TRANSITION MOVING -> EMERGENCY_STOP (intent=STOP)
05:14:52.167 [AMR-01] SAFETY_STOP min_obstacle_distance=1.10m <= 1.2m
05:14:52.267 [AMR-01] STATE_TRANSITION EMERGENCY_STOP -> MOVING (intent=MOVE)
05:14:52.368 [AMR-01] STATE_TRANSITION MOVING -> EMERGENCY_STOP (intent=STOP)
05:14:52.368 [AMR-01] SAFETY_STOP min_obstacle_distance=1.07m <= 1.2m
05:14:52.469 [AMR-01] STATE_TRANSITION EMERGENCY_STOP -> MOVING (intent=MOVE)
05:14:52.569 [AMR-01] STATE_TRANSITION MOVING -> EMERGENCY_STOP (intent=STOP)
05:14:52.570 [AMR-01] SAFETY_STOP min_obstacle_distance=1.00m <= 1.2m
05:14:52.670 [AMR-01] STATE_TRANSITION EMERGENCY_STOP -> MOVING (intent=MOVE)
05:14:52.771 [AMR-01] STATE_TRANSITION MOVING -> EMERGENCY_STOP (intent=STOP)
05:14:52.771 [AMR-01] SAFETY_STOP min_obstacle_distance=1.01m <= 1.2m
05:14:52.873 [AMR-01] STATE_TRANSITION EMERGENCY_STOP -> MOVING (intent=MOVE)
05:14:52.975 [AMR-01] STATE_TRANSITION MOVING -> EMERGENCY_STOP (intent=STOP)
05:14:52.975 [AMR-01] SAFETY_STOP min_obstacle_distance=1.04m <= 1.2m
05:14:53.077 [AMR-01] STATE_TRANSITION EMERGENCY_STOP -> MOVING (intent=MOVE)
05:14:53.178 [AMR-01] STATE_TRANSITION MOVING -> EMERGENCY_STOP (intent=STOP)
05:14:53.178 [AMR-01] SAFETY_STOP min_obstacle_distance=1.10m <= 1.2m
05:14:53.280 [AMR-01] STATE_TRANSITION EMERGENCY_STOP -> MOVING (intent=MOVE)
05:14:53.382 [AMR-01] STATE_TRANSITION MOVING -> EMERGENCY_STOP (intent=STOP)
05:14:53.382 [AMR-01] SAFETY_STOP min_obstacle_distance=1.07m <= 1.2m
05:14:53.484 [AMR-01] STATE_TRANSITION EMERGENCY_STOP -> MOVING (intent=MOVE)
05:14:53.585 [AMR-01] STATE_TRANSITION MOVING -> EMERGENCY_STOP (intent=STOP)
05:14:53.585 [AMR-01] SAFETY_STOP min_obstacle_distance=1.01m <= 1.2m
05:14:53.685 [AMR-01] STATE_TRANSITION EMERGENCY_STOP -> MOVING (intent=MOVE)
05:14:53.787 [AMR-01] STATE_TRANSITION MOVING -> EMERGENCY_STOP (intent=STOP)
05:14:53.787 [AMR-01] SAFETY_STOP min_obstacle_distance=1.04m <= 1.2m
05:14:53.889 [AMR-01] STATE_TRANSITION EMERGENCY_STOP -> MOVING (intent=MOVE)
05:14:53.991 [AMR-01] STATE_TRANSITION MOVING -> EMERGENCY_STOP (intent=STOP)
05:14:53.991 [AMR-01] SAFETY_STOP min_obstacle_distance=1.10m <= 1.2m
05:14:54.093 [AMR-01] STATE_TRANSITION EMERGENCY_STOP -> MOVING (intent=MOVE)
05:14:54.194 [AMR-01] STATE_TRANSITION MOVING -> EMERGENCY_STOP (intent=STOP)
05:14:54.195 [AMR-01] SAFETY_STOP min_obstacle_distance=1.07m <= 1.2m
05:14:54.297 [AMR-01] STATE_TRANSITION EMERGENCY_STOP -> MOVING (intent=MOVE)
05:14:54.398 [AMR-01] STATE_TRANSITION MOVING -> EMERGENCY_STOP (intent=STOP)
05:14:54.398 [AMR-01] SAFETY_STOP min_obstacle_distance=1.03m <= 1.2m
05:14:54.499 [AMR-01] STATE_TRANSITION EMERGENCY_STOP -> MOVING (intent=MOVE)
05:14:54.600 [AMR-01] STATE_TRANSITION MOVING -> EMERGENCY_STOP (intent=STOP)
05:14:54.600 [AMR-01] SAFETY_STOP min_obstacle_distance=1.01m <= 1.2m
05:14:54.702 [AMR-01] STATE_TRANSITION EMERGENCY_STOP -> MOVING (intent=MOVE)
05:14:54.803 [AMR-01] STATE_TRANSITION MOVING -> EMERGENCY_STOP (intent=STOP)
05:14:54.804 [AMR-01] SAFETY_STOP min_obstacle_distance=1.05m <= 1.2m
05:14:54.905 [AMR-01] STATE_TRANSITION EMERGENCY_STOP -> MOVING (intent=MOVE)
05:14:55.006 [AMR-01] STATE_TRANSITION MOVING -> EMERGENCY_STOP (intent=STOP)
05:14:55.006 [AMR-01] SAFETY_STOP min_obstacle_distance=1.10m <= 1.2m
05:14:55.108 [AMR-01] STATE_TRANSITION EMERGENCY_STOP -> MOVING (intent=MOVE)
05:14:55.209 [AMR-01] STATE_TRANSITION MOVING -> EMERGENCY_STOP (intent=STOP)
05:14:55.209 [AMR-01] SAFETY_STOP min_obstacle_distance=1.07m <= 1.2m
05:14:55.310 [AMR-01] STATE_TRANSITION EMERGENCY_STOP -> MOVING (intent=MOVE)
05:14:55.412 [AMR-01] STATE_TRANSITION MOVING -> EMERGENCY_STOP (intent=STOP)
05:14:55.412 [AMR-01] SAFETY_STOP min_obstacle_distance=1.03m <= 1.2m
05:14:55.512 [AMR-01] STATE_TRANSITION EMERGENCY_STOP -> MOVING (intent=MOVE)
05:14:55.614 [AMR-01] STATE_TRANSITION MOVING -> EMERGENCY_STOP (intent=STOP)
05:14:55.614 [AMR-01] SAFETY_STOP min_obstacle_distance=1.01m <= 1.2m
05:14:55.716 [AMR-01] STATE_TRANSITION EMERGENCY_STOP -> MOVING (intent=MOVE)
05:14:55.816 [AMR-01] STATE_TRANSITION MOVING -> EMERGENCY_STOP (intent=STOP)
05:14:55.817 [AMR-01] SAFETY_STOP min_obstacle_distance=1.05m <= 1.2m
05:14:55.917 [AMR-01] STATE_TRANSITION EMERGENCY_STOP -> MOVING (intent=MOVE)
05:14:56.018 [AMR-01] STATE_TRANSITION MOVING -> EMERGENCY_STOP (intent=STOP)
05:14:56.018 [AMR-01] SAFETY_STOP min_obstacle_distance=1.10m <= 1.2m
05:14:56.118 [AMR-01] STATE_TRANSITION EMERGENCY_STOP -> MOVING (intent=MOVE)
05:14:56.219 [AMR-01] STATE_TRANSITION MOVING -> EMERGENCY_STOP (intent=STOP)
05:14:56.219 [AMR-01] SAFETY_STOP min_obstacle_distance=1.07m <= 1.2m
05:14:56.320 [AMR-01] STATE_TRANSITION EMERGENCY_STOP -> MOVING (intent=MOVE)
05:14:56.420 [AMR-01] STATE_TRANSITION MOVING -> EMERGENCY_STOP (intent=STOP)
05:14:56.420 [AMR-01] SAFETY_STOP min_obstacle_distance=1.03m <= 1.2m
05:14:56.520 [AMR-01] STATE_TRANSITION EMERGENCY_STOP -> MOVING (intent=MOVE)
05:14:56.622 [AMR-01] STATE_TRANSITION MOVING -> EMERGENCY_STOP (intent=STOP)
05:14:56.622 [AMR-01] SAFETY_STOP min_obstacle_distance=1.01m <= 1.2m
05:14:56.722 [AMR-01] STATE_TRANSITION EMERGENCY_STOP -> MOVING (intent=MOVE)
05:14:56.822 [AMR-01] STATE_TRANSITION MOVING -> EMERGENCY_STOP (intent=STOP)
05:14:56.822 [AMR-01] SAFETY_STOP min_obstacle_distance=1.04m <= 1.2m
05:14:56.925 [AMR-01] STATE_TRANSITION EMERGENCY_STOP -> MOVING (intent=MOVE)
05:14:57.025 [AMR-01] STATE_TRANSITION MOVING -> EMERGENCY_STOP (intent=STOP)
05:14:57.025 [AMR-01] SAFETY_STOP min_obstacle_distance=1.10m <= 1.2m
05:14:57.126 [AMR-01] STATE_TRANSITION EMERGENCY_STOP -> MOVING (intent=MOVE)
05:14:57.227 [AMR-01] STATE_TRANSITION MOVING -> EMERGENCY_STOP (intent=STOP)
05:14:57.227 [AMR-01] SAFETY_STOP min_obstacle_distance=1.08m <= 1.2m
05:14:57.327 [AMR-01] STATE_TRANSITION EMERGENCY_STOP -> MOVING (intent=MOVE)
05:14:57.428 [AMR-01] STATE_TRANSITION MOVING -> EMERGENCY_STOP (intent=STOP)
05:14:57.428 [AMR-01] SAFETY_STOP min_obstacle_distance=1.03m <= 1.2m
05:14:57.528 [AMR-01] STATE_TRANSITION EMERGENCY_STOP -> MOVING (intent=MOVE)
05:14:57.630 [AMR-01] STATE_TRANSITION MOVING -> EMERGENCY_STOP (intent=STOP)
05:14:57.630 [AMR-01] SAFETY_STOP min_obstacle_distance=1.01m <= 1.2m
05:14:57.731 [AMR-01] STATE_TRANSITION EMERGENCY_STOP -> MOVING (intent=MOVE)
05:14:57.831 [AMR-01] STATE_TRANSITION MOVING -> EMERGENCY_STOP (intent=STOP)
05:14:57.831 [AMR-01] SAFETY_STOP min_obstacle_distance=1.04m <= 1.2m
05:14:57.932 [AMR-01] STATE_TRANSITION EMERGENCY_STOP -> MOVING (intent=MOVE)
05:14:58.032 [AMR-01] STATE_TRANSITION MOVING -> EMERGENCY_STOP (intent=STOP)
05:14:58.032 [AMR-01] SAFETY_STOP min_obstacle_distance=1.10m <= 1.2m
05:14:58.133 [AMR-01] STATE_TRANSITION EMERGENCY_STOP -> MOVING (intent=MOVE)
05:14:58.234 [AMR-01] STATE_TRANSITION MOVING -> EMERGENCY_STOP (intent=STOP)
05:14:58.234 [AMR-01] SAFETY_STOP min_obstacle_distance=1.08m <= 1.2m
05:14:58.335 [AMR-01] STATE_TRANSITION EMERGENCY_STOP -> MOVING (intent=MOVE)
05:14:58.436 [AMR-01] STATE_TRANSITION MOVING -> EMERGENCY_STOP (intent=STOP)
05:14:58.436 [AMR-01] SAFETY_STOP min_obstacle_distance=1.03m <= 1.2m
05:14:58.536 [AMR-01] STATE_TRANSITION EMERGENCY_STOP -> MOVING (intent=MOVE)
05:14:58.637 [AMR-01] STATE_TRANSITION MOVING -> EMERGENCY_STOP (intent=STOP)
05:14:58.637 [AMR-01] SAFETY_STOP min_obstacle_distance=1.01m <= 1.2m
05:14:58.739 [AMR-01] STATE_TRANSITION EMERGENCY_STOP -> MOVING (intent=MOVE)
05:14:58.839 [AMR-01] STATE_TRANSITION MOVING -> EMERGENCY_STOP (intent=STOP)
05:14:58.840 [AMR-01] SAFETY_STOP min_obstacle_distance=1.04m <= 1.2m
05:14:58.941 [AMR-01] STATE_TRANSITION EMERGENCY_STOP -> MOVING (intent=MOVE)
05:14:59.041 [AMR-01] STATE_TRANSITION MOVING -> EMERGENCY_STOP (intent=STOP)
05:14:59.041 [AMR-01] SAFETY_STOP min_obstacle_distance=1.10m <= 1.2m
05:14:59.141 [AMR-01] STATE_TRANSITION EMERGENCY_STOP -> MOVING (intent=MOVE)
05:14:59.242 [AMR-01] STATE_TRANSITION MOVING -> EMERGENCY_STOP (intent=STOP)
05:14:59.242 [AMR-01] SAFETY_STOP min_obstacle_distance=1.08m <= 1.2m
05:14:59.344 [AMR-01] STATE_TRANSITION EMERGENCY_STOP -> MOVING (intent=MOVE)
05:14:59.444 [AMR-01] STATE_TRANSITION MOVING -> EMERGENCY_STOP (intent=STOP)
05:14:59.445 [AMR-01] SAFETY_STOP min_obstacle_distance=1.03m <= 1.2m
05:14:59.544 [AMR-01] STATE_TRANSITION EMERGENCY_STOP -> MOVING (intent=MOVE)
05:14:59.645 [AMR-01] STATE_TRANSITION MOVING -> EMERGENCY_STOP (intent=STOP)
05:14:59.646 [AMR-01] SAFETY_STOP min_obstacle_distance=1.01m <= 1.2m
05:14:59.746 [AMR-01] STATE_TRANSITION EMERGENCY_STOP -> MOVING (intent=MOVE)
05:14:59.846 [AMR-01] STATE_TRANSITION MOVING -> EMERGENCY_STOP (intent=STOP)
05:14:59.846 [AMR-01] SAFETY_STOP min_obstacle_distance=1.04m <= 1.2m
05:14:59.947 [AMR-01] STATE_TRANSITION EMERGENCY_STOP -> MOVING (intent=MOVE)
05:15:00.048 [AMR-01] STATE_TRANSITION MOVING -> EMERGENCY_STOP (intent=STOP)
05:15:00.049 [AMR-01] SAFETY_STOP min_obstacle_distance=1.10m <= 1.2m
05:15:00.149 [AMR-01] STATE_TRANSITION EMERGENCY_STOP -> MOVING (intent=MOVE)
05:15:00.250 [AMR-01] STATE_TRANSITION MOVING -> EMERGENCY_STOP (intent=STOP)
05:15:00.250 [AMR-01] SAFETY_STOP min_obstacle_distance=1.08m <= 1.2m
05:15:00.350 [AMR-01] STATE_TRANSITION EMERGENCY_STOP -> MOVING (intent=MOVE)
05:15:00.452 [AMR-01] STATE_TRANSITION MOVING -> EMERGENCY_STOP (intent=STOP)
05:15:00.452 [AMR-01] SAFETY_STOP min_obstacle_distance=1.03m <= 1.2m
05:15:00.552 [AMR-01] STATE_TRANSITION EMERGENCY_STOP -> MOVING (intent=MOVE)
05:15:00.653 [AMR-01] STATE_TRANSITION MOVING -> EMERGENCY_STOP (intent=STOP)
05:15:00.653 [AMR-01] SAFETY_STOP min_obstacle_distance=1.01m <= 1.2m
05:15:00.755 [AMR-01] STATE_TRANSITION EMERGENCY_STOP -> MOVING (intent=MOVE)
05:15:00.856 [AMR-01] STATE_TRANSITION MOVING -> EMERGENCY_STOP (intent=STOP)
05:15:00.856 [AMR-01] SAFETY_STOP min_obstacle_distance=1.04m <= 1.2m
05:15:00.956 [AMR-01] STATE_TRANSITION EMERGENCY_STOP -> MOVING (intent=MOVE)
05:15:01.056 [AMR-01] STATE_TRANSITION MOVING -> EMERGENCY_STOP (intent=STOP)
05:15:01.056 [AMR-01] SAFETY_STOP min_obstacle_distance=1.10m <= 1.2m
05:15:01.156 [AMR-01] STATE_TRANSITION EMERGENCY_STOP -> MOVING (intent=MOVE)
05:15:01.257 [AMR-01] STATE_TRANSITION MOVING -> EMERGENCY_STOP (intent=STOP)
05:15:01.257 [AMR-01] SAFETY_STOP min_obstacle_distance=1.08m <= 1.2m
05:15:01.358 [AMR-01] STATE_TRANSITION EMERGENCY_STOP -> MOVING (intent=MOVE)
05:15:01.458 [AMR-01] STATE_TRANSITION MOVING -> EMERGENCY_STOP (intent=STOP)
05:15:01.458 [AMR-01] SAFETY_STOP min_obstacle_distance=1.00m <= 1.2m
05:15:01.559 [AMR-01] STATE_TRANSITION EMERGENCY_STOP -> MOVING (intent=MOVE)
05:15:01.659 [AMR-01] STATE_TRANSITION MOVING -> EMERGENCY_STOP (intent=STOP)
05:15:01.659 [AMR-01] SAFETY_STOP min_obstacle_distance=1.01m <= 1.2m
05:15:01.760 [AMR-01] STATE_TRANSITION EMERGENCY_STOP -> MOVING (intent=MOVE)
05:15:01.860 [AMR-01] STATE_TRANSITION MOVING -> EMERGENCY_STOP (intent=STOP)
05:15:01.860 [AMR-01] SAFETY_STOP min_obstacle_distance=1.04m <= 1.2m
05:15:01.961 [AMR-01] STATE_TRANSITION EMERGENCY_STOP -> MOVING (intent=MOVE)
05:15:02.061 [AMR-01] STATE_TRANSITION MOVING -> EMERGENCY_STOP (intent=STOP)
05:15:02.061 [AMR-01] SAFETY_STOP min_obstacle_distance=1.10m <= 1.2m
05:15:02.162 [AMR-01] STATE_TRANSITION EMERGENCY_STOP -> MOVING (intent=MOVE)
05:15:02.262 [AMR-01] STATE_TRANSITION MOVING -> EMERGENCY_STOP (intent=STOP)
05:15:02.262 [AMR-01] SAFETY_STOP min_obstacle_distance=1.08m <= 1.2m
05:15:02.362 [AMR-01] STATE_TRANSITION EMERGENCY_STOP -> MOVING (intent=MOVE)
05:15:02.462 [AMR-01] STATE_TRANSITION MOVING -> EMERGENCY_STOP (intent=STOP)
05:15:02.463 [AMR-01] SAFETY_STOP min_obstacle_distance=1.00m <= 1.2m
05:15:02.564 [AMR-01] STATE_TRANSITION EMERGENCY_STOP -> MOVING (intent=MOVE)
05:15:02.664 [AMR-01] STATE_TRANSITION MOVING -> EMERGENCY_STOP (intent=STOP)
05:15:02.665 [AMR-01] SAFETY_STOP min_obstacle_distance=1.01m <= 1.2m
05:15:02.765 [AMR-01] STATE_TRANSITION EMERGENCY_STOP -> MOVING (intent=MOVE)
05:15:02.866 [AMR-01] STATE_TRANSITION MOVING -> EMERGENCY_STOP (intent=STOP)
05:15:02.866 [AMR-01] SAFETY_STOP min_obstacle_distance=1.04m <= 1.2m
05:15:02.967 [AMR-01] STATE_TRANSITION EMERGENCY_STOP -> MOVING (intent=MOVE)
05:15:03.068 [AMR-01] STATE_TRANSITION MOVING -> EMERGENCY_STOP (intent=STOP)
05:15:03.068 [AMR-01] SAFETY_STOP min_obstacle_distance=1.10m <= 1.2m
05:15:03.169 [AMR-01] STATE_TRANSITION EMERGENCY_STOP -> MOVING (intent=MOVE)
05:15:03.269 [AMR-01] STATE_TRANSITION MOVING -> EMERGENCY_STOP (intent=STOP)
05:15:03.269 [AMR-01] SAFETY_STOP min_obstacle_distance=1.08m <= 1.2m
05:15:03.370 [AMR-01] STATE_TRANSITION EMERGENCY_STOP -> MOVING (intent=MOVE)
05:15:03.470 [AMR-01] STATE_TRANSITION MOVING -> EMERGENCY_STOP (intent=STOP)
05:15:03.470 [AMR-01] SAFETY_STOP min_obstacle_distance=1.00m <= 1.2m
05:15:03.572 [AMR-01] STATE_TRANSITION EMERGENCY_STOP -> MOVING (intent=MOVE)
05:15:03.672 [AMR-01] STATE_TRANSITION MOVING -> EMERGENCY_STOP (intent=STOP)
05:15:03.672 [AMR-01] SAFETY_STOP min_obstacle_distance=1.01m <= 1.2m
05:15:03.773 [AMR-01] STATE_TRANSITION EMERGENCY_STOP -> MOVING (intent=MOVE)
05:15:03.873 [AMR-01] STATE_TRANSITION MOVING -> EMERGENCY_STOP (intent=STOP)
05:15:03.874 [AMR-01] SAFETY_STOP min_obstacle_distance=1.04m <= 1.2m
05:15:03.974 [AMR-01] STATE_TRANSITION EMERGENCY_STOP -> MOVING (intent=MOVE)
05:15:04.075 [AMR-01] STATE_TRANSITION MOVING -> EMERGENCY_STOP (intent=STOP)
05:15:04.075 [AMR-01] SAFETY_STOP min_obstacle_distance=1.10m <= 1.2m
05:15:04.175 [AMR-01] STATE_TRANSITION EMERGENCY_STOP -> MOVING (intent=MOVE)
05:15:04.275 [AMR-01] STATE_TRANSITION MOVING -> EMERGENCY_STOP (intent=STOP)
05:15:04.275 [AMR-01] SAFETY_STOP min_obstacle_distance=1.08m <= 1.2m
05:15:04.377 [AMR-01] STATE_TRANSITION EMERGENCY_STOP -> MOVING (intent=MOVE)
05:15:04.477 [AMR-01] STATE_TRANSITION MOVING -> EMERGENCY_STOP (intent=STOP)
05:15:04.477 [AMR-01] SAFETY_STOP min_obstacle_distance=1.00m <= 1.2m
05:15:04.578 [AMR-01] STATE_TRANSITION EMERGENCY_STOP -> MOVING (intent=MOVE)
05:15:04.678 [AMR-01] STATE_TRANSITION MOVING -> EMERGENCY_STOP (intent=STOP)
05:15:04.679 [AMR-01] SAFETY_STOP min_obstacle_distance=1.01m <= 1.2m
05:15:04.779 [AMR-01] STATE_TRANSITION EMERGENCY_STOP -> MOVING (intent=MOVE)
05:15:04.879 [AMR-01] STATE_TRANSITION MOVING -> EMERGENCY_STOP (intent=STOP)
05:15:04.880 [AMR-01] SAFETY_STOP min_obstacle_distance=1.04m <= 1.2m
05:15:04.980 [AMR-01] STATE_TRANSITION EMERGENCY_STOP -> MOVING (intent=MOVE)
05:15:05.081 [AMR-01] STATE_TRANSITION MOVING -> EMERGENCY_STOP (intent=STOP)
05:15:05.081 [AMR-01] SAFETY_STOP min_obstacle_distance=1.10m <= 1.2m
05:15:05.181 [AMR-01] STATE_TRANSITION EMERGENCY_STOP -> MOVING (intent=MOVE)
05:15:05.282 [AMR-01] STATE_TRANSITION MOVING -> EMERGENCY_STOP (intent=STOP)
05:15:05.282 [AMR-01] SAFETY_STOP min_obstacle_distance=1.08m <= 1.2m
05:15:05.382 [AMR-01] STATE_TRANSITION EMERGENCY_STOP -> MOVING (intent=MOVE)
05:15:05.482 [AMR-01] STATE_TRANSITION MOVING -> EMERGENCY_STOP (intent=STOP)
05:15:05.483 [AMR-01] SAFETY_STOP min_obstacle_distance=1.00m <= 1.2m
05:15:05.584 [AMR-01] STATE_TRANSITION EMERGENCY_STOP -> MOVING (intent=MOVE)
05:15:05.684 [AMR-01] STATE_TRANSITION MOVING -> EMERGENCY_STOP (intent=STOP)
05:15:05.684 [AMR-01] SAFETY_STOP min_obstacle_distance=1.01m <= 1.2m
05:15:05.784 [AMR-01] STATE_TRANSITION EMERGENCY_STOP -> MOVING (intent=MOVE)
05:15:05.885 [AMR-01] STATE_TRANSITION MOVING -> EMERGENCY_STOP (intent=STOP)
05:15:05.885 [AMR-01] SAFETY_STOP min_obstacle_distance=1.04m <= 1.2m
05:15:05.986 [AMR-01] STATE_TRANSITION EMERGENCY_STOP -> MOVING (intent=MOVE)
05:15:06.086 [AMR-01] STATE_TRANSITION MOVING -> EMERGENCY_STOP (intent=STOP)
05:15:06.086 [AMR-01] SAFETY_STOP min_obstacle_distance=1.10m <= 1.2m
05:15:06.187 [AMR-01] STATE_TRANSITION EMERGENCY_STOP -> MOVING (intent=MOVE)
05:15:06.287 [AMR-01] STATE_TRANSITION MOVING -> EMERGENCY_STOP (intent=STOP)
05:15:06.287 [AMR-01] SAFETY_STOP min_obstacle_distance=1.17m <= 1.2m
05:15:06.388 [AMR-01] STATE_TRANSITION EMERGENCY_STOP -> MOVING (intent=MOVE)
05:15:06.488 [AMR-01] STATE_TRANSITION MOVING -> EMERGENCY_STOP (intent=STOP)
05:15:06.489 [AMR-01] SAFETY_STOP min_obstacle_distance=1.00m <= 1.2m
05:15:06.590 [AMR-01] STATE_TRANSITION EMERGENCY_STOP -> MOVING (intent=MOVE)
05:15:06.690 [AMR-01] STATE_TRANSITION MOVING -> EMERGENCY_STOP (intent=STOP)
05:15:06.690 [AMR-01] SAFETY_STOP min_obstacle_distance=1.01m <= 1.2m
05:15:06.791 [AMR-01] STATE_TRANSITION EMERGENCY_STOP -> MOVING (intent=MOVE)
05:15:06.892 [AMR-01] STATE_TRANSITION MOVING -> EMERGENCY_STOP (intent=STOP)
05:15:06.892 [AMR-01] SAFETY_STOP min_obstacle_distance=1.04m <= 1.2m
05:15:06.992 [AMR-01] STATE_TRANSITION EMERGENCY_STOP -> MOVING (intent=MOVE)
05:15:07.092 [AMR-01] STATE_TRANSITION MOVING -> EMERGENCY_STOP (intent=STOP)
05:15:07.092 [AMR-01] SAFETY_STOP min_obstacle_distance=1.10m <= 1.2m
05:15:07.193 [AMR-01] STATE_TRANSITION EMERGENCY_STOP -> MOVING (intent=MOVE)
05:15:07.294 [AMR-01] STATE_TRANSITION MOVING -> EMERGENCY_STOP (intent=STOP)
05:15:07.294 [AMR-01] SAFETY_STOP min_obstacle_distance=1.17m <= 1.2m
05:15:07.395 [AMR-01] STATE_TRANSITION EMERGENCY_STOP -> MOVING (intent=MOVE)
05:15:07.496 [AMR-01] STATE_TRANSITION MOVING -> EMERGENCY_STOP (intent=STOP)
05:15:07.496 [AMR-01] SAFETY_STOP min_obstacle_distance=1.00m <= 1.2m
05:15:07.597 [AMR-01] STATE_TRANSITION EMERGENCY_STOP -> MOVING (intent=MOVE)
05:15:07.697 [AMR-01] STATE_TRANSITION MOVING -> EMERGENCY_STOP (intent=STOP)
05:15:07.697 [AMR-01] SAFETY_STOP min_obstacle_distance=1.01m <= 1.2m
05:15:07.798 [AMR-01] STATE_TRANSITION EMERGENCY_STOP -> MOVING (intent=MOVE)
05:15:07.899 [AMR-01] STATE_TRANSITION MOVING -> EMERGENCY_STOP (intent=STOP)
05:15:07.899 [AMR-01] SAFETY_STOP min_obstacle_distance=1.04m <= 1.2m
05:15:08.000 [AMR-01] STATE_TRANSITION EMERGENCY_STOP -> MOVING (intent=MOVE)
05:15:08.100 [AMR-01] STATE_TRANSITION MOVING -> EMERGENCY_STOP (intent=STOP)
05:15:08.101 [AMR-01] SAFETY_STOP min_obstacle_distance=1.10m <= 1.2m
05:15:08.202 [AMR-01] STATE_TRANSITION EMERGENCY_STOP -> MOVING (intent=MOVE)
05:15:08.302 [AMR-01] STATE_TRANSITION MOVING -> EMERGENCY_STOP (intent=STOP)
05:15:08.302 [AMR-01] SAFETY_STOP min_obstacle_distance=1.17m <= 1.2m
05:15:08.402 [AMR-01] STATE_TRANSITION EMERGENCY_STOP -> MOVING (intent=MOVE)
05:15:08.503 [AMR-01] STATE_TRANSITION MOVING -> EMERGENCY_STOP (intent=STOP)
05:15:08.503 [AMR-01] SAFETY_STOP min_obstacle_distance=1.00m <= 1.2m
05:15:08.604 [AMR-01] STATE_TRANSITION EMERGENCY_STOP -> MOVING (intent=MOVE)
05:15:08.704 [AMR-01] STATE_TRANSITION MOVING -> EMERGENCY_STOP (intent=STOP)
05:15:08.704 [AMR-01] SAFETY_STOP min_obstacle_distance=1.01m <= 1.2m
05:15:08.805 [AMR-01] STATE_TRANSITION EMERGENCY_STOP -> MOVING (intent=MOVE)
05:15:08.906 [AMR-01] STATE_TRANSITION MOVING -> EMERGENCY_STOP (intent=STOP)
05:15:08.906 [AMR-01] SAFETY_STOP min_obstacle_distance=1.04m <= 1.2m
05:15:09.006 [AMR-01] STATE_TRANSITION EMERGENCY_STOP -> MOVING (intent=MOVE)
05:15:09.107 [AMR-01] STATE_TRANSITION MOVING -> EMERGENCY_STOP (intent=STOP)
05:15:09.108 [AMR-01] SAFETY_STOP min_obstacle_distance=1.10m <= 1.2m
05:15:09.209 [AMR-01] STATE_TRANSITION EMERGENCY_STOP -> MOVING (intent=MOVE)
05:15:09.309 [AMR-01] STATE_TRANSITION MOVING -> EMERGENCY_STOP (intent=STOP)
05:15:09.309 [AMR-01] SAFETY_STOP min_obstacle_distance=1.17m <= 1.2m
05:15:09.410 [AMR-01] STATE_TRANSITION EMERGENCY_STOP -> MOVING (intent=MOVE)
05:15:14.544 [AMR-01] STATE_TRANSITION MOVING -> EMERGENCY_STOP (intent=STOP)
05:15:14.544 [AMR-01] SAFETY_STOP min_obstacle_distance=1.00m <= 1.2m
05:15:14.645 [AMR-01] STATE_TRANSITION EMERGENCY_STOP -> MOVING (intent=MOVE)
05:15:14.745 [AMR-01] STATE_TRANSITION MOVING -> EMERGENCY_STOP (intent=STOP)
05:15:14.746 [AMR-01] SAFETY_STOP min_obstacle_distance=1.11m <= 1.2m
05:15:14.847 [AMR-01] STATE_TRANSITION EMERGENCY_STOP -> MOVING (intent=MOVE)
05:15:15.451 [AMR-01] STATE_TRANSITION MOVING -> EMERGENCY_STOP (intent=STOP)
05:15:15.451 [AMR-01] SAFETY_STOP min_obstacle_distance=1.00m <= 1.2m
05:15:15.552 [AMR-01] STATE_TRANSITION EMERGENCY_STOP -> MOVING (intent=MOVE)
05:15:15.653 [AMR-01] STATE_TRANSITION MOVING -> EMERGENCY_STOP (intent=STOP)
05:15:15.653 [AMR-01] SAFETY_STOP min_obstacle_distance=1.11m <= 1.2m
05:15:15.754 [AMR-01] STATE_TRANSITION EMERGENCY_STOP -> MOVING (intent=MOVE)
05:15:16.357 [AMR-01] GOAL_REACHED at pos=(2.252, 10.252) travel_time=150.36s reroutes=1 obstacles=0
05:15:16.357 [AMR-01] STATE_TRANSITION MOVING -> PLANNING (intent=MOVE)
05:15:16.357 [AMR-01] GOAL_SET goal=(22.0, 10.0)
05:15:16.458 [AMR-01] STATE_TRANSITION PLANNING -> MOVING (intent=MOVE)
05:15:16.459 [AMR-01] PATH_PLANNED length=23 waypoints=[(2, 10), (3, 10), (3, 9), (4, 9), (5, 9)]...
05:15:16.559 [AMR-01] STATE_TRANSITION MOVING -> EMERGENCY_STOP (intent=STOP)
05:15:16.559 [AMR-01] SAFETY_STOP min_obstacle_distance=1.00m <= 1.2m
05:15:16.660 [AMR-01] STATE_TRANSITION EMERGENCY_STOP -> MOVING (intent=MOVE)
05:15:16.760 [AMR-01] STATE_TRANSITION MOVING -> EMERGENCY_STOP (intent=STOP)
05:15:16.760 [AMR-01] SAFETY_STOP min_obstacle_distance=1.01m <= 1.2m
05:15:16.861 [AMR-01] STATE_TRANSITION EMERGENCY_STOP -> MOVING (intent=MOVE)
05:15:16.963 [AMR-01] STATE_TRANSITION MOVING -> EMERGENCY_STOP (intent=STOP)
05:15:16.963 [AMR-01] SAFETY_STOP min_obstacle_distance=1.04m <= 1.2m
05:15:17.064 [AMR-01] STATE_TRANSITION EMERGENCY_STOP -> MOVING (intent=MOVE)
05:15:17.164 [AMR-01] STATE_TRANSITION MOVING -> EMERGENCY_STOP (intent=STOP)
05:15:17.165 [AMR-01] SAFETY_STOP min_obstacle_distance=1.10m <= 1.2m
05:15:17.264 [AMR-01] STATE_TRANSITION EMERGENCY_STOP -> MOVING (intent=MOVE)
05:15:17.366 [AMR-01] STATE_TRANSITION MOVING -> EMERGENCY_STOP (intent=STOP)
05:15:17.366 [AMR-01] SAFETY_STOP min_obstacle_distance=1.08m <= 1.2m
05:15:17.465 [AMR-01] STATE_TRANSITION EMERGENCY_STOP -> MOVING (intent=MOVE)
05:15:17.566 [AMR-01] STATE_TRANSITION MOVING -> EMERGENCY_STOP (intent=STOP)
05:15:17.566 [AMR-01] SAFETY_STOP min_obstacle_distance=1.01m <= 1.2m
05:15:17.667 [AMR-01] STATE_TRANSITION EMERGENCY_STOP -> MOVING (intent=MOVE)
05:15:17.767 [AMR-01] STATE_TRANSITION MOVING -> EMERGENCY_STOP (intent=STOP)
05:15:17.767 [AMR-01] SAFETY_STOP min_obstacle_distance=1.04m <= 1.2m
05:15:17.868 [AMR-01] STATE_TRANSITION EMERGENCY_STOP -> MOVING (intent=MOVE)
05:15:17.969 [AMR-01] STATE_TRANSITION MOVING -> EMERGENCY_STOP (intent=STOP)
05:15:17.969 [AMR-01] SAFETY_STOP min_obstacle_distance=1.10m <= 1.2m
05:15:18.070 [AMR-01] STATE_TRANSITION EMERGENCY_STOP -> MOVING (intent=MOVE)
05:15:18.170 [AMR-01] STATE_TRANSITION MOVING -> EMERGENCY_STOP (intent=STOP)
05:15:18.170 [AMR-01] SAFETY_STOP min_obstacle_distance=1.08m <= 1.2m
05:15:18.270 [AMR-01] STATE_TRANSITION EMERGENCY_STOP -> MOVING (intent=MOVE)
05:15:18.371 [AMR-01] STATE_TRANSITION MOVING -> EMERGENCY_STOP (intent=STOP)
05:15:18.371 [AMR-01] SAFETY_STOP min_obstacle_distance=1.03m <= 1.2m
05:15:18.473 [AMR-01] STATE_TRANSITION EMERGENCY_STOP -> MOVING (intent=MOVE)
05:15:18.572 [AMR-01] STATE_TRANSITION MOVING -> EMERGENCY_STOP (intent=STOP)
05:15:18.572 [AMR-01] SAFETY_STOP min_obstacle_distance=1.01m <= 1.2m
05:15:18.673 [AMR-01] STATE_TRANSITION EMERGENCY_STOP -> MOVING (intent=MOVE)
05:15:18.773 [AMR-01] STATE_TRANSITION MOVING -> EMERGENCY_STOP (intent=STOP)
05:15:18.773 [AMR-01] SAFETY_STOP min_obstacle_distance=1.04m <= 1.2m
05:15:18.873 [AMR-01] STATE_TRANSITION EMERGENCY_STOP -> MOVING (intent=MOVE)
05:15:18.974 [AMR-01] STATE_TRANSITION MOVING -> EMERGENCY_STOP (intent=STOP)
05:15:18.974 [AMR-01] SAFETY_STOP min_obstacle_distance=1.10m <= 1.2m
05:15:19.075 [AMR-01] STATE_TRANSITION EMERGENCY_STOP -> MOVING (intent=MOVE)
05:15:19.178 [AMR-01] STATE_TRANSITION MOVING -> EMERGENCY_STOP (intent=STOP)
05:15:19.178 [AMR-01] SAFETY_STOP min_obstacle_distance=1.08m <= 1.2m
05:15:19.278 [AMR-01] STATE_TRANSITION EMERGENCY_STOP -> MOVING (intent=MOVE)
05:15:19.379 [AMR-01] STATE_TRANSITION MOVING -> EMERGENCY_STOP (intent=STOP)
05:15:19.379 [AMR-01] SAFETY_STOP min_obstacle_distance=1.03m <= 1.2m
05:15:19.479 [AMR-01] STATE_TRANSITION EMERGENCY_STOP -> MOVING (intent=MOVE)
05:15:20.283 [AMR-01] STATE_TRANSITION MOVING -> EMERGENCY_STOP (intent=STOP)
05:15:20.283 [AMR-01] SAFETY_STOP min_obstacle_distance=1.16m <= 1.2m
05:15:20.384 [AMR-01] STATE_TRANSITION EMERGENCY_STOP -> MOVING (intent=MOVE)
05:15:21.290 [AMR-01] STATE_TRANSITION MOVING -> EMERGENCY_STOP (intent=STOP)
05:15:21.291 [AMR-01] SAFETY_STOP min_obstacle_distance=1.16m <= 1.2m
05:15:21.391 [AMR-01] STATE_TRANSITION EMERGENCY_STOP -> MOVING (intent=MOVE)
05:15:22.296 [AMR-01] STATE_TRANSITION MOVING -> EMERGENCY_STOP (intent=STOP)
05:15:22.296 [AMR-01] SAFETY_STOP min_obstacle_distance=1.16m <= 1.2m
05:15:22.398 [AMR-01] STATE_TRANSITION EMERGENCY_STOP -> MOVING (intent=MOVE)
05:15:23.102 [AMR-01] STATE_TRANSITION MOVING -> EMERGENCY_STOP (intent=STOP)
05:15:23.103 [AMR-01] SAFETY_STOP min_obstacle_distance=1.10m <= 1.2m
05:15:23.203 [AMR-01] STATE_TRANSITION EMERGENCY_STOP -> MOVING (intent=MOVE)
05:15:23.303 [AMR-01] STATE_TRANSITION MOVING -> EMERGENCY_STOP (intent=STOP)
05:15:23.303 [AMR-01] SAFETY_STOP min_obstacle_distance=1.00m <= 1.2m
05:15:23.404 [AMR-01] STATE_TRANSITION EMERGENCY_STOP -> MOVING (intent=MOVE)
05:15:25.224 [AMR-01] STATE_TRANSITION MOVING -> EMERGENCY_STOP (intent=STOP)
05:15:25.224 [AMR-01] SAFETY_STOP min_obstacle_distance=1.15m <= 1.2m
05:15:25.325 [AMR-01] STATE_TRANSITION EMERGENCY_STOP -> MOVING (intent=MOVE)
05:15:25.426 [AMR-01] STATE_TRANSITION MOVING -> EMERGENCY_STOP (intent=STOP)
05:15:25.426 [AMR-01] SAFETY_STOP min_obstacle_distance=1.06m <= 1.2m
05:15:25.527 [AMR-01] STATE_TRANSITION EMERGENCY_STOP -> MOVING (intent=MOVE)
05:15:26.237 [AMR-01] STATE_TRANSITION MOVING -> EMERGENCY_STOP (intent=STOP)
05:15:26.237 [AMR-01] SAFETY_STOP min_obstacle_distance=1.15m <= 1.2m
05:15:26.338 [AMR-01] STATE_TRANSITION EMERGENCY_STOP -> MOVING (intent=MOVE)
05:15:26.439 [AMR-01] STATE_TRANSITION MOVING -> EMERGENCY_STOP (intent=STOP)
05:15:26.439 [AMR-01] SAFETY_STOP min_obstacle_distance=1.06m <= 1.2m
05:15:26.540 [AMR-01] STATE_TRANSITION EMERGENCY_STOP -> MOVING (intent=MOVE)
05:15:27.250 [AMR-01] STATE_TRANSITION MOVING -> EMERGENCY_STOP (intent=STOP)
05:15:27.250 [AMR-01] SAFETY_STOP min_obstacle_distance=1.15m <= 1.2m
05:15:27.352 [AMR-01] STATE_TRANSITION EMERGENCY_STOP -> MOVING (intent=MOVE)
05:15:27.454 [AMR-01] STATE_TRANSITION MOVING -> EMERGENCY_STOP (intent=STOP)
05:15:27.455 [AMR-01] SAFETY_STOP min_obstacle_distance=1.06m <= 1.2m
05:15:27.554 [AMR-01] STATE_TRANSITION EMERGENCY_STOP -> MOVING (intent=MOVE)
05:15:28.263 [AMR-01] STATE_TRANSITION MOVING -> EMERGENCY_STOP (intent=STOP)
05:15:28.263 [AMR-01] SAFETY_STOP min_obstacle_distance=1.15m <= 1.2m
05:15:28.364 [AMR-01] STATE_TRANSITION EMERGENCY_STOP -> MOVING (intent=MOVE)
05:15:29.174 [AMR-01] STATE_TRANSITION MOVING -> EMERGENCY_STOP (intent=STOP)
05:15:29.174 [AMR-01] SAFETY_STOP min_obstacle_distance=1.15m <= 1.2m
05:15:29.276 [AMR-01] STATE_TRANSITION EMERGENCY_STOP -> MOVING (intent=MOVE)
05:15:29.377 [AMR-01] STATE_TRANSITION MOVING -> EMERGENCY_STOP (intent=STOP)
05:15:29.377 [AMR-01] SAFETY_STOP min_obstacle_distance=1.06m <= 1.2m
05:15:29.479 [AMR-01] STATE_TRANSITION EMERGENCY_STOP -> MOVING (intent=MOVE)
05:15:29.579 [AMR-01] STATE_TRANSITION MOVING -> EMERGENCY_STOP (intent=STOP)
05:15:29.579 [AMR-01] SAFETY_STOP min_obstacle_distance=0.90m <= 1.2m
05:15:29.681 [AMR-01] STATE_TRANSITION EMERGENCY_STOP -> MOVING (intent=MOVE)
05:15:29.783 [AMR-01] STATE_TRANSITION MOVING -> EMERGENCY_STOP (intent=STOP)
05:15:29.783 [AMR-01] SAFETY_STOP min_obstacle_distance=0.81m <= 1.2m
05:15:29.883 [AMR-01] STATE_TRANSITION EMERGENCY_STOP -> MOVING (intent=MOVE)
05:15:29.985 [AMR-01] STATE_TRANSITION MOVING -> EMERGENCY_STOP (intent=STOP)
05:15:29.985 [AMR-01] SAFETY_STOP min_obstacle_distance=0.75m <= 1.2m
05:15:30.087 [AMR-01] STATE_TRANSITION EMERGENCY_STOP -> MOVING (intent=MOVE)
05:15:30.188 [AMR-01] STATE_TRANSITION MOVING -> EMERGENCY_STOP (intent=STOP)
05:15:30.188 [AMR-01] SAFETY_STOP min_obstacle_distance=0.71m <= 1.2m
05:15:30.289 [AMR-01] STATE_TRANSITION EMERGENCY_STOP -> MOVING (intent=MOVE)
05:15:30.391 [AMR-01] STATE_TRANSITION MOVING -> EMERGENCY_STOP (intent=STOP)
05:15:30.391 [AMR-01] SAFETY_STOP min_obstacle_distance=0.71m <= 1.2m
05:15:30.492 [AMR-01] STATE_TRANSITION EMERGENCY_STOP -> MOVING (intent=MOVE)
05:15:30.593 [AMR-01] STATE_TRANSITION MOVING -> EMERGENCY_STOP (intent=STOP)
05:15:30.593 [AMR-01] SAFETY_STOP min_obstacle_distance=0.90m <= 1.2m
05:15:30.695 [AMR-01] STATE_TRANSITION EMERGENCY_STOP -> MOVING (intent=MOVE)
05:15:30.796 [AMR-01] STATE_TRANSITION MOVING -> EMERGENCY_STOP (intent=STOP)
05:15:30.796 [AMR-01] SAFETY_STOP min_obstacle_distance=0.81m <= 1.2m
05:15:30.897 [AMR-01] STATE_TRANSITION EMERGENCY_STOP -> MOVING (intent=MOVE)
05:15:30.999 [AMR-01] STATE_TRANSITION MOVING -> EMERGENCY_STOP (intent=STOP)
05:15:30.999 [AMR-01] SAFETY_STOP min_obstacle_distance=0.75m <= 1.2m
05:15:31.100 [AMR-01] STATE_TRANSITION EMERGENCY_STOP -> MOVING (intent=MOVE)
05:15:31.203 [AMR-01] STATE_TRANSITION MOVING -> EMERGENCY_STOP (intent=STOP)
05:15:31.203 [AMR-01] SAFETY_STOP min_obstacle_distance=0.71m <= 1.2m
05:15:31.304 [AMR-01] STATE_TRANSITION EMERGENCY_STOP -> MOVING (intent=MOVE)
05:15:31.405 [AMR-01] STATE_TRANSITION MOVING -> EMERGENCY_STOP (intent=STOP)
05:15:31.405 [AMR-01] SAFETY_STOP min_obstacle_distance=0.71m <= 1.2m
05:15:31.506 [AMR-01] STATE_TRANSITION EMERGENCY_STOP -> MOVING (intent=MOVE)
05:15:31.607 [AMR-01] STATE_TRANSITION MOVING -> EMERGENCY_STOP (intent=STOP)
05:15:31.607 [AMR-01] SAFETY_STOP min_obstacle_distance=0.90m <= 1.2m
05:15:31.708 [AMR-01] STATE_TRANSITION EMERGENCY_STOP -> MOVING (intent=MOVE)
05:15:31.808 [AMR-01] STATE_TRANSITION MOVING -> EMERGENCY_STOP (intent=STOP)
05:15:31.809 [AMR-01] SAFETY_STOP min_obstacle_distance=0.81m <= 1.2m
05:15:31.909 [AMR-01] STATE_TRANSITION EMERGENCY_STOP -> MOVING (intent=MOVE)
05:15:32.011 [AMR-01] STATE_TRANSITION MOVING -> EMERGENCY_STOP (intent=STOP)
05:15:32.011 [AMR-01] SAFETY_STOP min_obstacle_distance=0.75m <= 1.2m
05:15:32.113 [AMR-01] STATE_TRANSITION EMERGENCY_STOP -> MOVING (intent=MOVE)
05:15:32.214 [AMR-01] STATE_TRANSITION MOVING -> EMERGENCY_STOP (intent=STOP)
05:15:32.214 [AMR-01] SAFETY_STOP min_obstacle_distance=0.71m <= 1.2m
05:15:32.316 [AMR-01] STATE_TRANSITION EMERGENCY_STOP -> MOVING (intent=MOVE)
05:15:32.418 [AMR-01] STATE_TRANSITION MOVING -> EMERGENCY_STOP (intent=STOP)
05:15:32.419 [AMR-01] SAFETY_STOP min_obstacle_distance=0.71m <= 1.2m
05:15:32.518 [AMR-01] STATE_TRANSITION EMERGENCY_STOP -> MOVING (intent=MOVE)
05:15:32.619 [AMR-01] STATE_TRANSITION MOVING -> EMERGENCY_STOP (intent=STOP)
05:15:32.619 [AMR-01] SAFETY_STOP min_obstacle_distance=0.90m <= 1.2m
05:15:32.720 [AMR-01] STATE_TRANSITION EMERGENCY_STOP -> MOVING (intent=MOVE)
05:15:32.821 [AMR-01] STATE_TRANSITION MOVING -> EMERGENCY_STOP (intent=STOP)
05:15:32.821 [AMR-01] SAFETY_STOP min_obstacle_distance=0.81m <= 1.2m
05:15:32.923 [AMR-01] STATE_TRANSITION EMERGENCY_STOP -> MOVING (intent=MOVE)
05:15:33.024 [AMR-01] STATE_TRANSITION MOVING -> EMERGENCY_STOP (intent=STOP)
05:15:33.024 [AMR-01] SAFETY_STOP min_obstacle_distance=0.75m <= 1.2m
05:15:33.126 [AMR-01] STATE_TRANSITION EMERGENCY_STOP -> MOVING (intent=MOVE)
05:15:33.227 [AMR-01] STATE_TRANSITION MOVING -> EMERGENCY_STOP (intent=STOP)
05:15:33.228 [AMR-01] SAFETY_STOP min_obstacle_distance=0.71m <= 1.2m
05:15:33.328 [AMR-01] STATE_TRANSITION EMERGENCY_STOP -> MOVING (intent=MOVE)
05:15:33.428 [AMR-01] STATE_TRANSITION MOVING -> EMERGENCY_STOP (intent=STOP)
05:15:33.428 [AMR-01] SAFETY_STOP min_obstacle_distance=0.71m <= 1.2m
05:15:33.528 [AMR-01] STATE_TRANSITION EMERGENCY_STOP -> MOVING (intent=MOVE)
05:15:33.629 [AMR-01] STATE_TRANSITION MOVING -> EMERGENCY_STOP (intent=STOP)
05:15:33.629 [AMR-01] SAFETY_STOP min_obstacle_distance=0.90m <= 1.2m
05:15:33.730 [AMR-01] STATE_TRANSITION EMERGENCY_STOP -> MOVING (intent=MOVE)
05:15:33.831 [AMR-01] STATE_TRANSITION MOVING -> EMERGENCY_STOP (intent=STOP)
05:15:33.831 [AMR-01] SAFETY_STOP min_obstacle_distance=0.82m <= 1.2m
05:15:33.931 [AMR-01] STATE_TRANSITION EMERGENCY_STOP -> MOVING (intent=MOVE)
05:15:34.032 [AMR-01] STATE_TRANSITION MOVING -> EMERGENCY_STOP (intent=STOP)
05:15:34.032 [AMR-01] SAFETY_STOP min_obstacle_distance=0.75m <= 1.2m
05:15:34.133 [AMR-01] STATE_TRANSITION EMERGENCY_STOP -> MOVING (intent=MOVE)
05:15:34.233 [AMR-01] STATE_TRANSITION MOVING -> EMERGENCY_STOP (intent=STOP)
05:15:34.233 [AMR-01] SAFETY_STOP min_obstacle_distance=0.71m <= 1.2m
05:15:34.334 [AMR-01] STATE_TRANSITION EMERGENCY_STOP -> MOVING (intent=MOVE)
05:15:34.435 [AMR-01] STATE_TRANSITION MOVING -> EMERGENCY_STOP (intent=STOP)
05:15:34.435 [AMR-01] SAFETY_STOP min_obstacle_distance=0.71m <= 1.2m
05:15:34.536 [AMR-01] STATE_TRANSITION EMERGENCY_STOP -> MOVING (intent=MOVE)
05:15:34.637 [AMR-01] STATE_TRANSITION MOVING -> EMERGENCY_STOP (intent=STOP)
05:15:34.637 [AMR-01] SAFETY_STOP min_obstacle_distance=0.90m <= 1.2m
05:15:34.737 [AMR-01] STATE_TRANSITION EMERGENCY_STOP -> MOVING (intent=MOVE)
05:15:34.838 [AMR-01] STATE_TRANSITION MOVING -> EMERGENCY_STOP (intent=STOP)
05:15:34.838 [AMR-01] SAFETY_STOP min_obstacle_distance=0.81m <= 1.2m
05:15:34.939 [AMR-01] STATE_TRANSITION EMERGENCY_STOP -> MOVING (intent=MOVE)
05:15:35.040 [AMR-01] STATE_TRANSITION MOVING -> EMERGENCY_STOP (intent=STOP)
05:15:35.041 [AMR-01] SAFETY_STOP min_obstacle_distance=0.75m <= 1.2m
05:15:35.141 [AMR-01] STATE_TRANSITION EMERGENCY_STOP -> MOVING (intent=MOVE)
05:15:35.242 [AMR-01] STATE_TRANSITION MOVING -> EMERGENCY_STOP (intent=STOP)
05:15:35.242 [AMR-01] SAFETY_STOP min_obstacle_distance=0.71m <= 1.2m
05:15:35.342 [AMR-01] STATE_TRANSITION EMERGENCY_STOP -> MOVING (intent=MOVE)
05:15:35.442 [AMR-01] STATE_TRANSITION MOVING -> EMERGENCY_STOP (intent=STOP)
05:15:35.443 [AMR-01] SAFETY_STOP min_obstacle_distance=0.71m <= 1.2m
05:15:35.543 [AMR-01] STATE_TRANSITION EMERGENCY_STOP -> MOVING (intent=MOVE)
05:15:35.645 [AMR-01] STATE_TRANSITION MOVING -> EMERGENCY_STOP (intent=STOP)
05:15:35.645 [AMR-01] SAFETY_STOP min_obstacle_distance=0.90m <= 1.2m
05:15:35.746 [AMR-01] STATE_TRANSITION EMERGENCY_STOP -> MOVING (intent=MOVE)
05:15:35.846 [AMR-01] STATE_TRANSITION MOVING -> EMERGENCY_STOP (intent=STOP)
05:15:35.846 [AMR-01] SAFETY_STOP min_obstacle_distance=0.81m <= 1.2m
05:15:35.947 [AMR-01] STATE_TRANSITION EMERGENCY_STOP -> MOVING (intent=MOVE)
05:15:36.048 [AMR-01] STATE_TRANSITION MOVING -> EMERGENCY_STOP (intent=STOP)
05:15:36.048 [AMR-01] SAFETY_STOP min_obstacle_distance=0.75m <= 1.2m
05:15:36.149 [AMR-01] STATE_TRANSITION EMERGENCY_STOP -> MOVING (intent=MOVE)
05:15:36.250 [AMR-01] STATE_TRANSITION MOVING -> EMERGENCY_STOP (intent=STOP)
05:15:36.251 [AMR-01] SAFETY_STOP min_obstacle_distance=0.71m <= 1.2m
05:15:36.351 [AMR-01] STATE_TRANSITION EMERGENCY_STOP -> MOVING (intent=MOVE)
05:15:36.452 [AMR-01] STATE_TRANSITION MOVING -> EMERGENCY_STOP (intent=STOP)
05:15:36.452 [AMR-01] SAFETY_STOP min_obstacle_distance=0.71m <= 1.2m
05:15:36.552 [AMR-01] STATE_TRANSITION EMERGENCY_STOP -> MOVING (intent=MOVE)
05:15:36.653 [AMR-01] STATE_TRANSITION MOVING -> EMERGENCY_STOP (intent=STOP)
05:15:36.653 [AMR-01] SAFETY_STOP min_obstacle_distance=0.90m <= 1.2m
05:15:36.754 [AMR-01] STATE_TRANSITION EMERGENCY_STOP -> MOVING (intent=MOVE)
05:15:36.855 [AMR-01] STATE_TRANSITION MOVING -> EMERGENCY_STOP (intent=STOP)
05:15:36.856 [AMR-01] SAFETY_STOP min_obstacle_distance=0.82m <= 1.2m
05:15:36.956 [AMR-01] STATE_TRANSITION EMERGENCY_STOP -> MOVING (intent=MOVE)
05:15:37.057 [AMR-01] STATE_TRANSITION MOVING -> EMERGENCY_STOP (intent=STOP)
05:15:37.058 [AMR-01] SAFETY_STOP min_obstacle_distance=0.75m <= 1.2m
05:15:37.158 [AMR-01] STATE_TRANSITION EMERGENCY_STOP -> MOVING (intent=MOVE)
05:15:37.259 [AMR-01] STATE_TRANSITION MOVING -> EMERGENCY_STOP (intent=STOP)
05:15:37.259 [AMR-01] SAFETY_STOP min_obstacle_distance=0.71m <= 1.2m
05:15:37.360 [AMR-01] STATE_TRANSITION EMERGENCY_STOP -> MOVING (intent=MOVE)
05:15:37.461 [AMR-01] STATE_TRANSITION MOVING -> EMERGENCY_STOP (intent=STOP)
05:15:37.461 [AMR-01] SAFETY_STOP min_obstacle_distance=1.00m <= 1.2m
05:15:37.562 [AMR-01] STATE_TRANSITION EMERGENCY_STOP -> MOVING (intent=MOVE)
05:15:37.663 [AMR-01] STATE_TRANSITION MOVING -> EMERGENCY_STOP (intent=STOP)
05:15:37.663 [AMR-01] SAFETY_STOP min_obstacle_distance=0.90m <= 1.2m
05:15:37.763 [AMR-01] STATE_TRANSITION EMERGENCY_STOP -> MOVING (intent=MOVE)
05:15:37.864 [AMR-01] STATE_TRANSITION MOVING -> EMERGENCY_STOP (intent=STOP)
05:15:37.864 [AMR-01] SAFETY_STOP min_obstacle_distance=0.81m <= 1.2m
05:15:37.964 [AMR-01] STATE_TRANSITION EMERGENCY_STOP -> MOVING (intent=MOVE)
05:15:38.064 [AMR-01] STATE_TRANSITION MOVING -> EMERGENCY_STOP (intent=STOP)
05:15:38.064 [AMR-01] SAFETY_STOP min_obstacle_distance=0.75m <= 1.2m
05:15:38.165 [AMR-01] STATE_TRANSITION EMERGENCY_STOP -> MOVING (intent=MOVE)
05:15:38.265 [AMR-01] STATE_TRANSITION MOVING -> EMERGENCY_STOP (intent=STOP)
05:15:38.265 [AMR-01] SAFETY_STOP min_obstacle_distance=0.71m <= 1.2m
05:15:38.366 [AMR-01] STATE_TRANSITION EMERGENCY_STOP -> MOVING (intent=MOVE)
05:15:38.467 [AMR-01] STATE_TRANSITION MOVING -> EMERGENCY_STOP (intent=STOP)
05:15:38.467 [AMR-01] SAFETY_STOP min_obstacle_distance=1.00m <= 1.2m
05:15:38.567 [AMR-01] STATE_TRANSITION EMERGENCY_STOP -> MOVING (intent=MOVE)
05:15:38.667 [AMR-01] STATE_TRANSITION MOVING -> EMERGENCY_STOP (intent=STOP)
05:15:38.668 [AMR-01] SAFETY_STOP min_obstacle_distance=0.90m <= 1.2m
05:15:38.768 [AMR-01] STATE_TRANSITION EMERGENCY_STOP -> MOVING (intent=MOVE)
05:15:38.869 [AMR-01] STATE_TRANSITION MOVING -> EMERGENCY_STOP (intent=STOP)
05:15:38.869 [AMR-01] SAFETY_STOP min_obstacle_distance=0.82m <= 1.2m
05:15:38.969 [AMR-01] STATE_TRANSITION EMERGENCY_STOP -> MOVING (intent=MOVE)
05:15:39.070 [AMR-01] STATE_TRANSITION MOVING -> EMERGENCY_STOP (intent=STOP)
05:15:39.070 [AMR-01] SAFETY_STOP min_obstacle_distance=0.75m <= 1.2m
05:15:39.170 [AMR-01] STATE_TRANSITION EMERGENCY_STOP -> MOVING (intent=MOVE)
05:15:39.271 [AMR-01] STATE_TRANSITION MOVING -> EMERGENCY_STOP (intent=STOP)
05:15:39.271 [AMR-01] SAFETY_STOP min_obstacle_distance=0.71m <= 1.2m
05:15:39.372 [AMR-01] STATE_TRANSITION EMERGENCY_STOP -> MOVING (intent=MOVE)
05:15:39.473 [AMR-01] STATE_TRANSITION MOVING -> EMERGENCY_STOP (intent=STOP)
05:15:39.473 [AMR-01] SAFETY_STOP min_obstacle_distance=1.00m <= 1.2m
05:15:39.576 [AMR-01] STATE_TRANSITION EMERGENCY_STOP -> MOVING (intent=MOVE)
05:15:39.677 [AMR-01] STATE_TRANSITION MOVING -> EMERGENCY_STOP (intent=STOP)
05:15:39.677 [AMR-01] SAFETY_STOP min_obstacle_distance=0.90m <= 1.2m
05:15:39.779 [AMR-01] STATE_TRANSITION EMERGENCY_STOP -> MOVING (intent=MOVE)
05:15:39.881 [AMR-01] STATE_TRANSITION MOVING -> EMERGENCY_STOP (intent=STOP)
05:15:39.882 [AMR-01] SAFETY_STOP min_obstacle_distance=0.81m <= 1.2m
05:15:39.982 [AMR-01] STATE_TRANSITION EMERGENCY_STOP -> MOVING (intent=MOVE)
05:15:40.083 [AMR-01] STATE_TRANSITION MOVING -> EMERGENCY_STOP (intent=STOP)
05:15:40.083 [AMR-01] SAFETY_STOP min_obstacle_distance=0.75m <= 1.2m
05:15:40.184 [AMR-01] STATE_TRANSITION EMERGENCY_STOP -> MOVING (intent=MOVE)
05:15:40.286 [AMR-01] STATE_TRANSITION MOVING -> EMERGENCY_STOP (intent=STOP)
05:15:40.286 [AMR-01] SAFETY_STOP min_obstacle_distance=0.71m <= 1.2m
05:15:40.387 [AMR-01] STATE_TRANSITION EMERGENCY_STOP -> MOVING (intent=MOVE)
05:15:40.793 [AMR-01] STATE_TRANSITION MOVING -> EMERGENCY_STOP (intent=STOP)
05:15:40.793 [AMR-01] SAFETY_STOP min_obstacle_distance=1.14m <= 1.2m
05:15:40.895 [AMR-01] STATE_TRANSITION EMERGENCY_STOP -> MOVING (intent=MOVE)
05:15:40.996 [AMR-01] STATE_TRANSITION MOVING -> EMERGENCY_STOP (intent=STOP)
05:15:40.996 [AMR-01] SAFETY_STOP min_obstacle_distance=1.07m <= 1.2m
05:15:41.096 [AMR-01] STATE_TRANSITION EMERGENCY_STOP -> MOVING (intent=MOVE)
05:15:41.197 [AMR-01] STATE_TRANSITION MOVING -> EMERGENCY_STOP (intent=STOP)
05:15:41.197 [AMR-01] SAFETY_STOP min_obstacle_distance=1.03m <= 1.2m
05:15:41.298 [AMR-01] STATE_TRANSITION EMERGENCY_STOP -> MOVING (intent=MOVE)
05:15:41.398 [AMR-01] STATE_TRANSITION MOVING -> EMERGENCY_STOP (intent=STOP)
05:15:41.398 [AMR-01] SAFETY_STOP min_obstacle_distance=1.00m <= 1.2m
05:15:41.499 [AMR-01] STATE_TRANSITION EMERGENCY_STOP -> MOVING (intent=MOVE)
05:15:41.801 [AMR-01] STATE_TRANSITION MOVING -> EMERGENCY_STOP (intent=STOP)
05:15:41.801 [AMR-01] SAFETY_STOP min_obstacle_distance=1.14m <= 1.2m
05:15:41.902 [AMR-01] STATE_TRANSITION EMERGENCY_STOP -> MOVING (intent=MOVE)
05:15:42.003 [AMR-01] STATE_TRANSITION MOVING -> EMERGENCY_STOP (intent=STOP)
05:15:42.003 [AMR-01] SAFETY_STOP min_obstacle_distance=1.08m <= 1.2m
05:15:42.106 [AMR-01] STATE_TRANSITION EMERGENCY_STOP -> MOVING (intent=MOVE)
05:15:42.205 [AMR-01] STATE_TRANSITION MOVING -> EMERGENCY_STOP (intent=STOP)
05:15:42.205 [AMR-01] SAFETY_STOP min_obstacle_distance=1.03m <= 1.2m
05:15:42.308 [AMR-01] STATE_TRANSITION EMERGENCY_STOP -> MOVING (intent=MOVE)
05:15:42.408 [AMR-01] STATE_TRANSITION MOVING -> EMERGENCY_STOP (intent=STOP)
05:15:42.409 [AMR-01] SAFETY_STOP min_obstacle_distance=1.00m <= 1.2m
05:15:42.508 [AMR-01] STATE_TRANSITION EMERGENCY_STOP -> MOVING (intent=MOVE)
05:15:42.811 [AMR-01] STATE_TRANSITION MOVING -> EMERGENCY_STOP (intent=STOP)
05:15:42.811 [AMR-01] SAFETY_STOP min_obstacle_distance=1.14m <= 1.2m
05:15:42.913 [AMR-01] STATE_TRANSITION EMERGENCY_STOP -> MOVING (intent=MOVE)
05:15:43.014 [AMR-01] STATE_TRANSITION MOVING -> EMERGENCY_STOP (intent=STOP)
05:15:43.014 [AMR-01] SAFETY_STOP min_obstacle_distance=1.07m <= 1.2m
05:15:43.116 [AMR-01] STATE_TRANSITION EMERGENCY_STOP -> MOVING (intent=MOVE)
05:15:43.216 [AMR-01] STATE_TRANSITION MOVING -> EMERGENCY_STOP (intent=STOP)
05:15:43.217 [AMR-01] SAFETY_STOP min_obstacle_distance=1.03m <= 1.2m
05:15:43.318 [AMR-01] STATE_TRANSITION EMERGENCY_STOP -> MOVING (intent=MOVE)
05:15:43.420 [AMR-01] STATE_TRANSITION MOVING -> EMERGENCY_STOP (intent=STOP)
05:15:43.420 [AMR-01] SAFETY_STOP min_obstacle_distance=1.00m <= 1.2m
05:15:43.520 [AMR-01] STATE_TRANSITION EMERGENCY_STOP -> MOVING (intent=MOVE)
05:15:43.824 [AMR-01] STATE_TRANSITION MOVING -> EMERGENCY_STOP (intent=STOP)
05:15:43.824 [AMR-01] SAFETY_STOP min_obstacle_distance=1.14m <= 1.2m
05:15:43.925 [AMR-01] STATE_TRANSITION EMERGENCY_STOP -> MOVING (intent=MOVE)
05:15:44.026 [AMR-01] STATE_TRANSITION MOVING -> EMERGENCY_STOP (intent=STOP)
05:15:44.026 [AMR-01] SAFETY_STOP min_obstacle_distance=1.07m <= 1.2m
05:15:44.126 [AMR-01] STATE_TRANSITION EMERGENCY_STOP -> MOVING (intent=MOVE)
05:15:44.227 [AMR-01] STATE_TRANSITION MOVING -> EMERGENCY_STOP (intent=STOP)
05:15:44.227 [AMR-01] SAFETY_STOP min_obstacle_distance=1.03m <= 1.2m
05:15:44.328 [AMR-01] STATE_TRANSITION EMERGENCY_STOP -> MOVING (intent=MOVE)
05:15:44.428 [AMR-01] STATE_TRANSITION MOVING -> EMERGENCY_STOP (intent=STOP)
05:15:44.428 [AMR-01] SAFETY_STOP min_obstacle_distance=1.00m <= 1.2m
05:15:44.529 [AMR-01] STATE_TRANSITION EMERGENCY_STOP -> MOVING (intent=MOVE)
05:15:44.832 [AMR-01] STATE_TRANSITION MOVING -> EMERGENCY_STOP (intent=STOP)
05:15:44.832 [AMR-01] SAFETY_STOP min_obstacle_distance=1.14m <= 1.2m
05:15:44.934 [AMR-01] STATE_TRANSITION EMERGENCY_STOP -> MOVING (intent=MOVE)
05:15:45.035 [AMR-01] STATE_TRANSITION MOVING -> EMERGENCY_STOP (intent=STOP)
05:15:45.035 [AMR-01] SAFETY_STOP min_obstacle_distance=1.08m <= 1.2m
05:15:45.137 [AMR-01] STATE_TRANSITION EMERGENCY_STOP -> MOVING (intent=MOVE)
05:15:45.238 [AMR-01] STATE_TRANSITION MOVING -> EMERGENCY_STOP (intent=STOP)
05:15:45.238 [AMR-01] SAFETY_STOP min_obstacle_distance=1.03m <= 1.2m
05:15:45.339 [AMR-01] STATE_TRANSITION EMERGENCY_STOP -> MOVING (intent=MOVE)
05:15:45.441 [AMR-01] STATE_TRANSITION MOVING -> EMERGENCY_STOP (intent=STOP)
05:15:45.442 [AMR-01] SAFETY_STOP min_obstacle_distance=1.00m <= 1.2m
05:15:45.542 [AMR-01] STATE_TRANSITION EMERGENCY_STOP -> MOVING (intent=MOVE)
05:15:45.845 [AMR-01] STATE_TRANSITION MOVING -> EMERGENCY_STOP (intent=STOP)
05:15:45.845 [AMR-01] SAFETY_STOP min_obstacle_distance=1.14m <= 1.2m
05:15:45.946 [AMR-01] STATE_TRANSITION EMERGENCY_STOP -> MOVING (intent=MOVE)
05:15:46.046 [AMR-01] STATE_TRANSITION MOVING -> EMERGENCY_STOP (intent=STOP)
05:15:46.046 [AMR-01] SAFETY_STOP min_obstacle_distance=1.08m <= 1.2m
05:15:46.146 [AMR-01] STATE_TRANSITION EMERGENCY_STOP -> MOVING (intent=MOVE)
05:15:46.247 [AMR-01] STATE_TRANSITION MOVING -> EMERGENCY_STOP (intent=STOP)
05:15:46.247 [AMR-01] SAFETY_STOP min_obstacle_distance=1.03m <= 1.2m
05:15:46.348 [AMR-01] STATE_TRANSITION EMERGENCY_STOP -> MOVING (intent=MOVE)
05:15:46.449 [AMR-01] STATE_TRANSITION MOVING -> EMERGENCY_STOP (intent=STOP)
05:15:46.449 [AMR-01] SAFETY_STOP min_obstacle_distance=1.00m <= 1.2m
05:15:46.549 [AMR-01] STATE_TRANSITION EMERGENCY_STOP -> MOVING (intent=MOVE)
05:15:46.850 [AMR-01] STATE_TRANSITION MOVING -> EMERGENCY_STOP (intent=STOP)
05:15:46.851 [AMR-01] SAFETY_STOP min_obstacle_distance=1.14m <= 1.2m
05:15:46.954 [AMR-01] STATE_TRANSITION EMERGENCY_STOP -> MOVING (intent=MOVE)
05:15:47.053 [AMR-01] STATE_TRANSITION MOVING -> EMERGENCY_STOP (intent=STOP)
05:15:47.053 [AMR-01] SAFETY_STOP min_obstacle_distance=1.08m <= 1.2m
05:15:47.154 [AMR-01] STATE_TRANSITION EMERGENCY_STOP -> MOVING (intent=MOVE)
05:15:47.254 [AMR-01] STATE_TRANSITION MOVING -> EMERGENCY_STOP (intent=STOP)
05:15:47.254 [AMR-01] SAFETY_STOP min_obstacle_distance=1.03m <= 1.2m
05:15:47.354 [AMR-01] STATE_TRANSITION EMERGENCY_STOP -> MOVING (intent=MOVE)
05:15:47.857 [AMR-01] STATE_TRANSITION MOVING -> EMERGENCY_STOP (intent=STOP)
05:15:47.857 [AMR-01] SAFETY_STOP min_obstacle_distance=1.14m <= 1.2m
05:15:47.958 [AMR-01] STATE_TRANSITION EMERGENCY_STOP -> MOVING (intent=MOVE)
05:15:48.059 [AMR-01] STATE_TRANSITION MOVING -> EMERGENCY_STOP (intent=STOP)
05:15:48.059 [AMR-01] SAFETY_STOP min_obstacle_distance=1.08m <= 1.2m
05:15:48.161 [AMR-01] STATE_TRANSITION EMERGENCY_STOP -> MOVING (intent=MOVE)
05:15:48.262 [AMR-01] STATE_TRANSITION MOVING -> EMERGENCY_STOP (intent=STOP)
05:15:48.262 [AMR-01] SAFETY_STOP min_obstacle_distance=1.03m <= 1.2m
05:15:48.362 [AMR-01] STATE_TRANSITION EMERGENCY_STOP -> MOVING (intent=MOVE)
05:15:48.462 [AMR-01] STATE_TRANSITION MOVING -> EMERGENCY_STOP (intent=STOP)
05:15:48.462 [AMR-01] SAFETY_STOP min_obstacle_distance=1.00m <= 1.2m
05:15:48.563 [AMR-01] STATE_TRANSITION EMERGENCY_STOP -> MOVING (intent=MOVE)
05:15:48.664 [AMR-01] STATE_TRANSITION MOVING -> EMERGENCY_STOP (intent=STOP)
05:15:48.664 [AMR-01] SAFETY_STOP min_obstacle_distance=1.01m <= 1.2m
05:15:48.764 [AMR-01] STATE_TRANSITION EMERGENCY_STOP -> MOVING (intent=MOVE)
05:15:48.864 [AMR-01] STATE_TRANSITION MOVING -> EMERGENCY_STOP (intent=STOP)
05:15:48.864 [AMR-01] SAFETY_STOP min_obstacle_distance=1.04m <= 1.2m
05:15:48.965 [AMR-01] STATE_TRANSITION EMERGENCY_STOP -> MOVING (intent=MOVE)
05:15:49.066 [AMR-01] STATE_TRANSITION MOVING -> EMERGENCY_STOP (intent=STOP)
05:15:49.066 [AMR-01] SAFETY_STOP min_obstacle_distance=1.10m <= 1.2m
05:15:49.166 [AMR-01] STATE_TRANSITION EMERGENCY_STOP -> MOVING (intent=MOVE)
05:15:49.267 [AMR-01] STATE_TRANSITION MOVING -> EMERGENCY_STOP (intent=STOP)
05:15:49.267 [AMR-01] SAFETY_STOP min_obstacle_distance=1.08m <= 1.2m
05:15:49.368 [AMR-01] STATE_TRANSITION EMERGENCY_STOP -> MOVING (intent=MOVE)
05:15:49.468 [AMR-01] STATE_TRANSITION MOVING -> EMERGENCY_STOP (intent=STOP)
05:15:49.468 [AMR-01] SAFETY_STOP min_obstacle_distance=1.00m <= 1.2m
05:15:49.570 [AMR-01] STATE_TRANSITION EMERGENCY_STOP -> MOVING (intent=MOVE)
05:15:49.670 [AMR-01] STATE_TRANSITION MOVING -> EMERGENCY_STOP (intent=STOP)
05:15:49.671 [AMR-01] SAFETY_STOP min_obstacle_distance=1.01m <= 1.2m
05:15:49.771 [AMR-01] STATE_TRANSITION EMERGENCY_STOP -> MOVING (intent=MOVE)
05:15:49.871 [AMR-01] STATE_TRANSITION MOVING -> EMERGENCY_STOP (intent=STOP)
05:15:49.872 [AMR-01] SAFETY_STOP min_obstacle_distance=1.04m <= 1.2m
05:15:49.972 [AMR-01] STATE_TRANSITION EMERGENCY_STOP -> MOVING (intent=MOVE)
05:15:50.072 [AMR-01] STATE_TRANSITION MOVING -> EMERGENCY_STOP (intent=STOP)
05:15:50.072 [AMR-01] SAFETY_STOP min_obstacle_distance=1.10m <= 1.2m
05:15:50.173 [AMR-01] STATE_TRANSITION EMERGENCY_STOP -> MOVING (intent=MOVE)
05:15:50.274 [AMR-01] STATE_TRANSITION MOVING -> EMERGENCY_STOP (intent=STOP)
05:15:50.274 [AMR-01] SAFETY_STOP min_obstacle_distance=1.08m <= 1.2m
05:15:50.374 [AMR-01] STATE_TRANSITION EMERGENCY_STOP -> MOVING (intent=MOVE)
05:15:50.475 [AMR-01] STATE_TRANSITION MOVING -> EMERGENCY_STOP (intent=STOP)
05:15:50.476 [AMR-01] SAFETY_STOP min_obstacle_distance=1.00m <= 1.2m
05:15:50.575 [AMR-01] STATE_TRANSITION EMERGENCY_STOP -> MOVING (intent=MOVE)
05:15:50.676 [AMR-01] STATE_TRANSITION MOVING -> EMERGENCY_STOP (intent=STOP)
05:15:50.676 [AMR-01] SAFETY_STOP min_obstacle_distance=1.01m <= 1.2m
05:15:50.776 [AMR-01] STATE_TRANSITION EMERGENCY_STOP -> MOVING (intent=MOVE)
05:15:50.877 [AMR-01] STATE_TRANSITION MOVING -> EMERGENCY_STOP (intent=STOP)
05:15:50.877 [AMR-01] SAFETY_STOP min_obstacle_distance=1.04m <= 1.2m
05:15:50.978 [AMR-01] STATE_TRANSITION EMERGENCY_STOP -> MOVING (intent=MOVE)
05:15:51.079 [AMR-01] STATE_TRANSITION MOVING -> EMERGENCY_STOP (intent=STOP)
05:15:51.079 [AMR-01] SAFETY_STOP min_obstacle_distance=1.10m <= 1.2m
05:15:51.179 [AMR-01] STATE_TRANSITION EMERGENCY_STOP -> MOVING (intent=MOVE)
05:15:51.280 [AMR-01] STATE_TRANSITION MOVING -> EMERGENCY_STOP (intent=STOP)
05:15:51.280 [AMR-01] SAFETY_STOP min_obstacle_distance=1.08m <= 1.2m
05:15:51.381 [AMR-01] STATE_TRANSITION EMERGENCY_STOP -> MOVING (intent=MOVE)
05:15:51.482 [AMR-01] STATE_TRANSITION MOVING -> EMERGENCY_STOP (intent=STOP)
05:15:51.482 [AMR-01] SAFETY_STOP min_obstacle_distance=1.00m <= 1.2m
05:15:51.583 [AMR-01] STATE_TRANSITION EMERGENCY_STOP -> MOVING (intent=MOVE)
05:15:51.684 [AMR-01] STATE_TRANSITION MOVING -> EMERGENCY_STOP (intent=STOP)
05:15:51.684 [AMR-01] SAFETY_STOP min_obstacle_distance=1.01m <= 1.2m
05:15:51.784 [AMR-01] STATE_TRANSITION EMERGENCY_STOP -> MOVING (intent=MOVE)
05:15:51.884 [AMR-01] STATE_TRANSITION MOVING -> EMERGENCY_STOP (intent=STOP)
05:15:51.885 [AMR-01] SAFETY_STOP min_obstacle_distance=1.04m <= 1.2m
05:15:51.986 [AMR-01] STATE_TRANSITION EMERGENCY_STOP -> MOVING (intent=MOVE)
05:15:52.086 [AMR-01] STATE_TRANSITION MOVING -> EMERGENCY_STOP (intent=STOP)
05:15:52.086 [AMR-01] SAFETY_STOP min_obstacle_distance=1.10m <= 1.2m
05:15:52.186 [AMR-01] STATE_TRANSITION EMERGENCY_STOP -> MOVING (intent=MOVE)
05:15:52.286 [AMR-01] STATE_TRANSITION MOVING -> EMERGENCY_STOP (intent=STOP)
05:15:52.286 [AMR-01] SAFETY_STOP min_obstacle_distance=1.08m <= 1.2m
05:15:52.387 [AMR-01] STATE_TRANSITION EMERGENCY_STOP -> MOVING (intent=MOVE)
05:15:52.488 [AMR-01] STATE_TRANSITION MOVING -> EMERGENCY_STOP (intent=STOP)
05:15:52.488 [AMR-01] SAFETY_STOP min_obstacle_distance=1.00m <= 1.2m
05:15:52.589 [AMR-01] STATE_TRANSITION EMERGENCY_STOP -> MOVING (intent=MOVE)
05:15:52.689 [AMR-01] STATE_TRANSITION MOVING -> EMERGENCY_STOP (intent=STOP)
05:15:52.689 [AMR-01] SAFETY_STOP min_obstacle_distance=1.01m <= 1.2m
05:15:52.790 [AMR-01] STATE_TRANSITION EMERGENCY_STOP -> MOVING (intent=MOVE)
05:15:52.891 [AMR-01] STATE_TRANSITION MOVING -> EMERGENCY_STOP (intent=STOP)
05:15:52.891 [AMR-01] SAFETY_STOP min_obstacle_distance=1.04m <= 1.2m
05:15:52.992 [AMR-01] STATE_TRANSITION EMERGENCY_STOP -> MOVING (intent=MOVE)
05:15:53.093 [AMR-01] STATE_TRANSITION MOVING -> EMERGENCY_STOP (intent=STOP)
05:15:53.093 [AMR-01] SAFETY_STOP min_obstacle_distance=1.10m <= 1.2m
05:15:53.193 [AMR-01] STATE_TRANSITION EMERGENCY_STOP -> MOVING (intent=MOVE)
05:15:53.294 [AMR-01] STATE_TRANSITION MOVING -> EMERGENCY_STOP (intent=STOP)
05:15:53.294 [AMR-01] SAFETY_STOP min_obstacle_distance=1.08m <= 1.2m
05:15:53.395 [AMR-01] STATE_TRANSITION EMERGENCY_STOP -> MOVING (intent=MOVE)
05:15:53.495 [AMR-01] STATE_TRANSITION MOVING -> EMERGENCY_STOP (intent=STOP)
05:15:53.495 [AMR-01] SAFETY_STOP min_obstacle_distance=1.00m <= 1.2m
05:15:53.596 [AMR-01] STATE_TRANSITION EMERGENCY_STOP -> MOVING (intent=MOVE)
05:15:53.697 [AMR-01] STATE_TRANSITION MOVING -> EMERGENCY_STOP (intent=STOP)
05:15:53.697 [AMR-01] SAFETY_STOP min_obstacle_distance=1.01m <= 1.2m
05:15:53.797 [AMR-01] STATE_TRANSITION EMERGENCY_STOP -> MOVING (intent=MOVE)
05:15:53.899 [AMR-01] STATE_TRANSITION MOVING -> EMERGENCY_STOP (intent=STOP)
05:15:53.899 [AMR-01] SAFETY_STOP min_obstacle_distance=1.04m <= 1.2m
05:15:53.999 [AMR-01] STATE_TRANSITION EMERGENCY_STOP -> MOVING (intent=MOVE)
05:15:54.099 [AMR-01] STATE_TRANSITION MOVING -> EMERGENCY_STOP (intent=STOP)
05:15:54.099 [AMR-01] SAFETY_STOP min_obstacle_distance=1.10m <= 1.2m
05:15:54.199 [AMR-01] STATE_TRANSITION EMERGENCY_STOP -> MOVING (intent=MOVE)
05:15:54.301 [AMR-01] STATE_TRANSITION MOVING -> EMERGENCY_STOP (intent=STOP)
05:15:54.301 [AMR-01] SAFETY_STOP min_obstacle_distance=1.08m <= 1.2m
05:15:54.401 [AMR-01] STATE_TRANSITION EMERGENCY_STOP -> MOVING (intent=MOVE)
05:15:54.502 [AMR-01] STATE_TRANSITION MOVING -> EMERGENCY_STOP (intent=STOP)
05:15:54.502 [AMR-01] SAFETY_STOP min_obstacle_distance=1.00m <= 1.2m
05:15:54.604 [AMR-01] STATE_TRANSITION EMERGENCY_STOP -> MOVING (intent=MOVE)
05:15:54.705 [AMR-01] STATE_TRANSITION MOVING -> EMERGENCY_STOP (intent=STOP)
05:15:54.706 [AMR-01] SAFETY_STOP min_obstacle_distance=1.01m <= 1.2m
05:15:54.806 [AMR-01] STATE_TRANSITION EMERGENCY_STOP -> MOVING (intent=MOVE)
05:15:54.906 [AMR-01] STATE_TRANSITION MOVING -> EMERGENCY_STOP (intent=STOP)
05:15:54.906 [AMR-01] SAFETY_STOP min_obstacle_distance=1.04m <= 1.2m
05:15:55.007 [AMR-01] STATE_TRANSITION EMERGENCY_STOP -> MOVING (intent=MOVE)
05:15:55.108 [AMR-01] STATE_TRANSITION MOVING -> EMERGENCY_STOP (intent=STOP)
05:15:55.109 [AMR-01] SAFETY_STOP min_obstacle_distance=1.10m <= 1.2m
05:15:55.209 [AMR-01] STATE_TRANSITION EMERGENCY_STOP -> MOVING (intent=MOVE)
05:15:55.310 [AMR-01] STATE_TRANSITION MOVING -> EMERGENCY_STOP (intent=STOP)
05:15:55.310 [AMR-01] SAFETY_STOP min_obstacle_distance=1.07m <= 1.2m
05:15:55.411 [AMR-01] STATE_TRANSITION EMERGENCY_STOP -> MOVING (intent=MOVE)
05:15:55.511 [AMR-01] STATE_TRANSITION MOVING -> EMERGENCY_STOP (intent=STOP)
05:15:55.511 [AMR-01] SAFETY_STOP min_obstacle_distance=1.00m <= 1.2m
05:15:55.612 [AMR-01] STATE_TRANSITION EMERGENCY_STOP -> MOVING (intent=MOVE)
05:15:55.713 [AMR-01] STATE_TRANSITION MOVING -> EMERGENCY_STOP (intent=STOP)
05:15:55.713 [AMR-01] SAFETY_STOP min_obstacle_distance=1.01m <= 1.2m
05:15:55.814 [AMR-01] STATE_TRANSITION EMERGENCY_STOP -> MOVING (intent=MOVE)
05:15:55.914 [AMR-01] STATE_TRANSITION MOVING -> EMERGENCY_STOP (intent=STOP)
05:15:55.914 [AMR-01] SAFETY_STOP min_obstacle_distance=1.04m <= 1.2m
05:15:56.014 [AMR-01] STATE_TRANSITION EMERGENCY_STOP -> MOVING (intent=MOVE)
05:15:56.115 [AMR-01] STATE_TRANSITION MOVING -> EMERGENCY_STOP (intent=STOP)
05:15:56.115 [AMR-01] SAFETY_STOP min_obstacle_distance=1.10m <= 1.2m
05:15:56.216 [AMR-01] STATE_TRANSITION EMERGENCY_STOP -> MOVING (intent=MOVE)
05:15:56.317 [AMR-01] STATE_TRANSITION MOVING -> EMERGENCY_STOP (intent=STOP)
05:15:56.317 [AMR-01] SAFETY_STOP min_obstacle_distance=1.08m <= 1.2m
05:15:56.418 [AMR-01] STATE_TRANSITION EMERGENCY_STOP -> MOVING (intent=MOVE)
05:15:56.518 [AMR-01] STATE_TRANSITION MOVING -> EMERGENCY_STOP (intent=STOP)
05:15:56.518 [AMR-01] SAFETY_STOP min_obstacle_distance=1.00m <= 1.2m
05:15:56.619 [AMR-01] STATE_TRANSITION EMERGENCY_STOP -> MOVING (intent=MOVE)
05:15:56.719 [AMR-01] STATE_TRANSITION MOVING -> EMERGENCY_STOP (intent=STOP)
05:15:56.719 [AMR-01] SAFETY_STOP min_obstacle_distance=1.01m <= 1.2m
05:15:56.820 [AMR-01] STATE_TRANSITION EMERGENCY_STOP -> MOVING (intent=MOVE)
05:15:56.921 [AMR-01] STATE_TRANSITION MOVING -> EMERGENCY_STOP (intent=STOP)
05:15:56.921 [AMR-01] SAFETY_STOP min_obstacle_distance=1.04m <= 1.2m
05:15:57.022 [AMR-01] STATE_TRANSITION EMERGENCY_STOP -> MOVING (intent=MOVE)
05:15:57.122 [AMR-01] STATE_TRANSITION MOVING -> EMERGENCY_STOP (intent=STOP)
05:15:57.122 [AMR-01] SAFETY_STOP min_obstacle_distance=1.10m <= 1.2m
05:15:57.224 [AMR-01] STATE_TRANSITION EMERGENCY_STOP -> MOVING (intent=MOVE)
05:15:57.323 [AMR-01] STATE_TRANSITION MOVING -> EMERGENCY_STOP (intent=STOP)
05:15:57.323 [AMR-01] SAFETY_STOP min_obstacle_distance=1.08m <= 1.2m
05:15:57.424 [AMR-01] STATE_TRANSITION EMERGENCY_STOP -> MOVING (intent=MOVE)
05:15:57.524 [AMR-01] STATE_TRANSITION MOVING -> EMERGENCY_STOP (intent=STOP)
05:15:57.524 [AMR-01] SAFETY_STOP min_obstacle_distance=1.00m <= 1.2m
05:15:57.625 [AMR-01] STATE_TRANSITION EMERGENCY_STOP -> MOVING (intent=MOVE)
05:15:57.726 [AMR-01] STATE_TRANSITION MOVING -> EMERGENCY_STOP (intent=STOP)
05:15:57.726 [AMR-01] SAFETY_STOP min_obstacle_distance=1.01m <= 1.2m
05:15:57.827 [AMR-01] STATE_TRANSITION EMERGENCY_STOP -> MOVING (intent=MOVE)
05:15:57.928 [AMR-01] STATE_TRANSITION MOVING -> EMERGENCY_STOP (intent=STOP)
05:15:57.928 [AMR-01] SAFETY_STOP min_obstacle_distance=1.04m <= 1.2m
05:15:58.028 [AMR-01] STATE_TRANSITION EMERGENCY_STOP -> MOVING (intent=MOVE)
05:15:58.128 [AMR-01] STATE_TRANSITION MOVING -> EMERGENCY_STOP (intent=STOP)
05:15:58.128 [AMR-01] SAFETY_STOP min_obstacle_distance=1.10m <= 1.2m
05:15:58.229 [AMR-01] STATE_TRANSITION EMERGENCY_STOP -> MOVING (intent=MOVE)
05:15:58.329 [AMR-01] STATE_TRANSITION MOVING -> EMERGENCY_STOP (intent=STOP)
05:15:58.329 [AMR-01] SAFETY_STOP min_obstacle_distance=1.08m <= 1.2m
05:15:58.430 [AMR-01] STATE_TRANSITION EMERGENCY_STOP -> MOVING (intent=MOVE)
05:15:58.530 [AMR-01] STATE_TRANSITION MOVING -> EMERGENCY_STOP (intent=STOP)
05:15:58.530 [AMR-01] SAFETY_STOP min_obstacle_distance=1.00m <= 1.2m
05:15:58.631 [AMR-01] STATE_TRANSITION EMERGENCY_STOP -> MOVING (intent=MOVE)
05:15:58.732 [AMR-01] STATE_TRANSITION MOVING -> EMERGENCY_STOP (intent=STOP)
05:15:58.732 [AMR-01] SAFETY_STOP min_obstacle_distance=1.01m <= 1.2m
05:15:58.833 [AMR-01] STATE_TRANSITION EMERGENCY_STOP -> MOVING (intent=MOVE)
05:15:58.933 [AMR-01] STATE_TRANSITION MOVING -> EMERGENCY_STOP (intent=STOP)
05:15:58.933 [AMR-01] SAFETY_STOP min_obstacle_distance=1.04m <= 1.2m
05:15:59.034 [AMR-01] STATE_TRANSITION EMERGENCY_STOP -> MOVING (intent=MOVE)
05:15:59.135 [AMR-01] STATE_TRANSITION MOVING -> EMERGENCY_STOP (intent=STOP)
05:15:59.136 [AMR-01] SAFETY_STOP min_obstacle_distance=1.10m <= 1.2m
05:15:59.237 [AMR-01] STATE_TRANSITION EMERGENCY_STOP -> MOVING (intent=MOVE)
05:15:59.337 [AMR-01] STATE_TRANSITION MOVING -> EMERGENCY_STOP (intent=STOP)
05:15:59.337 [AMR-01] SAFETY_STOP min_obstacle_distance=1.08m <= 1.2m
05:15:59.437 [AMR-01] STATE_TRANSITION EMERGENCY_STOP -> MOVING (intent=MOVE)
05:15:59.537 [AMR-01] STATE_TRANSITION MOVING -> EMERGENCY_STOP (intent=STOP)
05:15:59.555 [AMR-01] SAFETY_STOP min_obstacle_distance=1.00m <= 1.2m
05:15:59.638 [AMR-01] STATE_TRANSITION EMERGENCY_STOP -> MOVING (intent=MOVE)
05:15:59.738 [AMR-01] STATE_TRANSITION MOVING -> EMERGENCY_STOP (intent=STOP)
05:15:59.738 [AMR-01] SAFETY_STOP min_obstacle_distance=1.01m <= 1.2m
05:15:59.838 [AMR-01] STATE_TRANSITION EMERGENCY_STOP -> MOVING (intent=MOVE)
05:15:59.939 [AMR-01] STATE_TRANSITION MOVING -> EMERGENCY_STOP (intent=STOP)
05:15:59.939 [AMR-01] SAFETY_STOP min_obstacle_distance=1.04m <= 1.2m
05:16:00.040 [AMR-01] STATE_TRANSITION EMERGENCY_STOP -> MOVING (intent=MOVE)
05:16:00.140 [AMR-01] STATE_TRANSITION MOVING -> EMERGENCY_STOP (intent=STOP)
05:16:00.140 [AMR-01] SAFETY_STOP min_obstacle_distance=1.10m <= 1.2m
05:16:00.240 [AMR-01] STATE_TRANSITION EMERGENCY_STOP -> MOVING (intent=MOVE)
05:16:00.341 [AMR-01] STATE_TRANSITION MOVING -> EMERGENCY_STOP (intent=STOP)
05:16:00.341 [AMR-01] SAFETY_STOP min_obstacle_distance=1.08m <= 1.2m
05:16:00.442 [AMR-01] STATE_TRANSITION EMERGENCY_STOP -> MOVING (intent=MOVE)
05:16:00.542 [AMR-01] STATE_TRANSITION MOVING -> EMERGENCY_STOP (intent=STOP)
05:16:00.542 [AMR-01] SAFETY_STOP min_obstacle_distance=1.00m <= 1.2m
05:16:00.643 [AMR-01] STATE_TRANSITION EMERGENCY_STOP -> MOVING (intent=MOVE)
05:16:00.744 [AMR-01] STATE_TRANSITION MOVING -> EMERGENCY_STOP (intent=STOP)
05:16:00.745 [AMR-01] SAFETY_STOP min_obstacle_distance=1.01m <= 1.2m
05:16:00.844 [AMR-01] STATE_TRANSITION EMERGENCY_STOP -> MOVING (intent=MOVE)
05:16:00.946 [AMR-01] STATE_TRANSITION MOVING -> EMERGENCY_STOP (intent=STOP)
05:16:00.946 [AMR-01] SAFETY_STOP min_obstacle_distance=1.04m <= 1.2m
05:16:01.046 [AMR-01] STATE_TRANSITION EMERGENCY_STOP -> MOVING (intent=MOVE)
05:16:01.147 [AMR-01] STATE_TRANSITION MOVING -> EMERGENCY_STOP (intent=STOP)
05:16:01.147 [AMR-01] SAFETY_STOP min_obstacle_distance=1.10m <= 1.2m
05:16:01.248 [AMR-01] STATE_TRANSITION EMERGENCY_STOP -> MOVING (intent=MOVE)
05:16:01.349 [AMR-01] STATE_TRANSITION MOVING -> EMERGENCY_STOP (intent=STOP)
05:16:01.349 [AMR-01] SAFETY_STOP min_obstacle_distance=1.08m <= 1.2m
05:16:01.450 [AMR-01] STATE_TRANSITION EMERGENCY_STOP -> MOVING (intent=MOVE)
05:16:01.550 [AMR-01] STATE_TRANSITION MOVING -> EMERGENCY_STOP (intent=STOP)
05:16:01.550 [AMR-01] SAFETY_STOP min_obstacle_distance=1.00m <= 1.2m
05:16:01.651 [AMR-01] STATE_TRANSITION EMERGENCY_STOP -> MOVING (intent=MOVE)
05:16:01.752 [AMR-01] STATE_TRANSITION MOVING -> EMERGENCY_STOP (intent=STOP)
05:16:01.752 [AMR-01] SAFETY_STOP min_obstacle_distance=1.01m <= 1.2m
05:16:01.853 [AMR-01] STATE_TRANSITION EMERGENCY_STOP -> MOVING (intent=MOVE)
05:16:01.954 [AMR-01] STATE_TRANSITION MOVING -> EMERGENCY_STOP (intent=STOP)
05:16:01.954 [AMR-01] SAFETY_STOP min_obstacle_distance=1.04m <= 1.2m
05:16:02.054 [AMR-01] STATE_TRANSITION EMERGENCY_STOP -> MOVING (intent=MOVE)
05:16:02.155 [AMR-01] STATE_TRANSITION MOVING -> EMERGENCY_STOP (intent=STOP)
05:16:02.155 [AMR-01] SAFETY_STOP min_obstacle_distance=1.10m <= 1.2m
05:16:02.256 [AMR-01] STATE_TRANSITION EMERGENCY_STOP -> MOVING (intent=MOVE)
05:16:02.356 [AMR-01] STATE_TRANSITION MOVING -> EMERGENCY_STOP (intent=STOP)
05:16:02.356 [AMR-01] SAFETY_STOP min_obstacle_distance=1.08m <= 1.2m
05:16:02.456 [AMR-01] STATE_TRANSITION EMERGENCY_STOP -> MOVING (intent=MOVE)
05:16:02.556 [AMR-01] STATE_TRANSITION MOVING -> EMERGENCY_STOP (intent=STOP)
05:16:02.556 [AMR-01] SAFETY_STOP min_obstacle_distance=1.01m <= 1.2m
05:16:02.657 [AMR-01] STATE_TRANSITION EMERGENCY_STOP -> MOVING (intent=MOVE)
05:16:02.757 [AMR-01] STATE_TRANSITION MOVING -> EMERGENCY_STOP (intent=STOP)
05:16:02.757 [AMR-01] SAFETY_STOP min_obstacle_distance=1.04m <= 1.2m
05:16:02.857 [AMR-01] STATE_TRANSITION EMERGENCY_STOP -> MOVING (intent=MOVE)
05:16:02.958 [AMR-01] STATE_TRANSITION MOVING -> EMERGENCY_STOP (intent=STOP)
05:16:02.958 [AMR-01] SAFETY_STOP min_obstacle_distance=1.10m <= 1.2m
05:16:03.060 [AMR-01] STATE_TRANSITION EMERGENCY_STOP -> MOVING (intent=MOVE)
05:16:03.159 [AMR-01] STATE_TRANSITION MOVING -> EMERGENCY_STOP (intent=STOP)
05:16:03.159 [AMR-01] SAFETY_STOP min_obstacle_distance=1.08m <= 1.2m
05:16:03.261 [AMR-01] STATE_TRANSITION EMERGENCY_STOP -> MOVING (intent=MOVE)
05:16:03.361 [AMR-01] STATE_TRANSITION MOVING -> EMERGENCY_STOP (intent=STOP)
05:16:03.361 [AMR-01] SAFETY_STOP min_obstacle_distance=1.03m <= 1.2m
05:16:03.461 [AMR-01] STATE_TRANSITION EMERGENCY_STOP -> MOVING (intent=MOVE)
05:16:03.561 [AMR-01] STATE_TRANSITION MOVING -> EMERGENCY_STOP (intent=STOP)
05:16:03.561 [AMR-01] SAFETY_STOP min_obstacle_distance=1.00m <= 1.2m
05:16:03.663 [AMR-01] STATE_TRANSITION EMERGENCY_STOP -> MOVING (intent=MOVE)
05:16:03.763 [AMR-01] STATE_TRANSITION MOVING -> EMERGENCY_STOP (intent=STOP)
05:16:03.763 [AMR-01] SAFETY_STOP min_obstacle_distance=1.01m <= 1.2m
05:16:03.864 [AMR-01] STATE_TRANSITION EMERGENCY_STOP -> MOVING (intent=MOVE)
05:16:03.964 [AMR-01] STATE_TRANSITION MOVING -> EMERGENCY_STOP (intent=STOP)
05:16:03.964 [AMR-01] SAFETY_STOP min_obstacle_distance=1.04m <= 1.2m
05:16:04.065 [AMR-01] STATE_TRANSITION EMERGENCY_STOP -> MOVING (intent=MOVE)
05:16:04.165 [AMR-01] STATE_TRANSITION MOVING -> EMERGENCY_STOP (intent=STOP)
05:16:04.165 [AMR-01] SAFETY_STOP min_obstacle_distance=1.10m <= 1.2m
05:16:04.266 [AMR-01] STATE_TRANSITION EMERGENCY_STOP -> MOVING (intent=MOVE)
05:16:04.366 [AMR-01] STATE_TRANSITION MOVING -> EMERGENCY_STOP (intent=STOP)
05:16:04.366 [AMR-01] SAFETY_STOP min_obstacle_distance=1.08m <= 1.2m
05:16:04.467 [AMR-01] STATE_TRANSITION EMERGENCY_STOP -> MOVING (intent=MOVE)
05:16:04.568 [AMR-01] STATE_TRANSITION MOVING -> EMERGENCY_STOP (intent=STOP)
05:16:04.568 [AMR-01] SAFETY_STOP min_obstacle_distance=1.00m <= 1.2m
05:16:04.669 [AMR-01] STATE_TRANSITION EMERGENCY_STOP -> MOVING (intent=MOVE)
05:16:04.770 [AMR-01] STATE_TRANSITION MOVING -> EMERGENCY_STOP (intent=STOP)
05:16:04.770 [AMR-01] SAFETY_STOP min_obstacle_distance=1.01m <= 1.2m
05:16:04.870 [AMR-01] STATE_TRANSITION EMERGENCY_STOP -> MOVING (intent=MOVE)
05:16:04.971 [AMR-01] STATE_TRANSITION MOVING -> EMERGENCY_STOP (intent=STOP)
05:16:04.971 [AMR-01] SAFETY_STOP min_obstacle_distance=1.04m <= 1.2m
05:16:05.073 [AMR-01] STATE_TRANSITION EMERGENCY_STOP -> MOVING (intent=MOVE)
05:16:05.173 [AMR-01] STATE_TRANSITION MOVING -> EMERGENCY_STOP (intent=STOP)
05:16:05.173 [AMR-01] SAFETY_STOP min_obstacle_distance=1.10m <= 1.2m
05:16:05.274 [AMR-01] STATE_TRANSITION EMERGENCY_STOP -> MOVING (intent=MOVE)
05:16:05.374 [AMR-01] STATE_TRANSITION MOVING -> EMERGENCY_STOP (intent=STOP)
05:16:05.374 [AMR-01] SAFETY_STOP min_obstacle_distance=1.17m <= 1.2m
05:16:05.475 [AMR-01] STATE_TRANSITION EMERGENCY_STOP -> MOVING (intent=MOVE)
05:16:05.575 [AMR-01] STATE_TRANSITION MOVING -> EMERGENCY_STOP (intent=STOP)
05:16:05.575 [AMR-01] SAFETY_STOP min_obstacle_distance=1.01m <= 1.2m
05:16:05.676 [AMR-01] STATE_TRANSITION EMERGENCY_STOP -> MOVING (intent=MOVE)
05:16:05.775 [AMR-01] STATE_TRANSITION MOVING -> EMERGENCY_STOP (intent=STOP)
05:16:05.776 [AMR-01] SAFETY_STOP min_obstacle_distance=1.04m <= 1.2m
05:16:05.876 [AMR-01] STATE_TRANSITION EMERGENCY_STOP -> MOVING (intent=MOVE)
05:16:05.976 [AMR-01] STATE_TRANSITION MOVING -> EMERGENCY_STOP (intent=STOP)
05:16:05.976 [AMR-01] SAFETY_STOP min_obstacle_distance=1.10m <= 1.2m
05:16:06.077 [AMR-01] STATE_TRANSITION EMERGENCY_STOP -> MOVING (intent=MOVE)
05:16:06.178 [AMR-01] STATE_TRANSITION MOVING -> EMERGENCY_STOP (intent=STOP)
05:16:06.179 [AMR-01] SAFETY_STOP min_obstacle_distance=1.17m <= 1.2m
05:16:06.279 [AMR-01] STATE_TRANSITION EMERGENCY_STOP -> MOVING (intent=MOVE)
05:16:06.480 [AMR-01] STATE_TRANSITION MOVING -> EMERGENCY_STOP (intent=STOP)
05:16:06.481 [AMR-01] SAFETY_STOP min_obstacle_distance=1.00m <= 1.2m
05:16:06.581 [AMR-01] STATE_TRANSITION EMERGENCY_STOP -> MOVING (intent=MOVE)
05:16:06.681 [AMR-01] STATE_TRANSITION MOVING -> EMERGENCY_STOP (intent=STOP)
05:16:06.681 [AMR-01] SAFETY_STOP min_obstacle_distance=1.01m <= 1.2m
05:16:06.783 [AMR-01] STATE_TRANSITION EMERGENCY_STOP -> MOVING (intent=MOVE)
05:16:06.883 [AMR-01] STATE_TRANSITION MOVING -> EMERGENCY_STOP (intent=STOP)
05:16:06.883 [AMR-01] SAFETY_STOP min_obstacle_distance=1.04m <= 1.2m
05:16:06.983 [AMR-01] STATE_TRANSITION EMERGENCY_STOP -> MOVING (intent=MOVE)
05:16:07.084 [AMR-01] STATE_TRANSITION MOVING -> EMERGENCY_STOP (intent=STOP)
05:16:07.084 [AMR-01] SAFETY_STOP min_obstacle_distance=1.10m <= 1.2m
05:16:07.185 [AMR-01] STATE_TRANSITION EMERGENCY_STOP -> MOVING (intent=MOVE)
05:16:07.285 [AMR-01] STATE_TRANSITION MOVING -> EMERGENCY_STOP (intent=STOP)
05:16:07.285 [AMR-01] SAFETY_STOP min_obstacle_distance=1.17m <= 1.2m
05:16:07.386 [AMR-01] STATE_TRANSITION EMERGENCY_STOP -> MOVING (intent=MOVE)
05:16:07.487 [AMR-01] STATE_TRANSITION MOVING -> EMERGENCY_STOP (intent=STOP)
05:16:07.487 [AMR-01] SAFETY_STOP min_obstacle_distance=1.00m <= 1.2m
05:16:07.588 [AMR-01] STATE_TRANSITION EMERGENCY_STOP -> MOVING (intent=MOVE)
05:16:07.689 [AMR-01] STATE_TRANSITION MOVING -> EMERGENCY_STOP (intent=STOP)
05:16:07.689 [AMR-01] SAFETY_STOP min_obstacle_distance=1.01m <= 1.2m
05:16:07.789 [AMR-01] STATE_TRANSITION EMERGENCY_STOP -> MOVING (intent=MOVE)
05:16:07.890 [AMR-01] STATE_TRANSITION MOVING -> EMERGENCY_STOP (intent=STOP)
05:16:07.890 [AMR-01] SAFETY_STOP min_obstacle_distance=1.04m <= 1.2m
05:16:07.990 [AMR-01] STATE_TRANSITION EMERGENCY_STOP -> MOVING (intent=MOVE)
05:16:08.091 [AMR-01] STATE_TRANSITION MOVING -> EMERGENCY_STOP (intent=STOP)
05:16:08.091 [AMR-01] SAFETY_STOP min_obstacle_distance=1.10m <= 1.2m
05:16:08.192 [AMR-01] STATE_TRANSITION EMERGENCY_STOP -> MOVING (intent=MOVE)
05:16:08.292 [AMR-01] STATE_TRANSITION MOVING -> EMERGENCY_STOP (intent=STOP)
05:16:08.292 [AMR-01] SAFETY_STOP min_obstacle_distance=1.17m <= 1.2m
05:16:08.392 [AMR-01] STATE_TRANSITION EMERGENCY_STOP -> MOVING (intent=MOVE)
05:16:08.492 [AMR-01] STATE_TRANSITION MOVING -> EMERGENCY_STOP (intent=STOP)
05:16:08.492 [AMR-01] SAFETY_STOP min_obstacle_distance=1.00m <= 1.2m
05:16:08.593 [AMR-01] STATE_TRANSITION EMERGENCY_STOP -> MOVING (intent=MOVE)
05:16:08.694 [AMR-01] STATE_TRANSITION MOVING -> EMERGENCY_STOP (intent=STOP)
05:16:08.694 [AMR-01] SAFETY_STOP min_obstacle_distance=1.01m <= 1.2m
05:16:08.795 [AMR-01] STATE_TRANSITION EMERGENCY_STOP -> MOVING (intent=MOVE)
05:16:08.895 [AMR-01] STATE_TRANSITION MOVING -> EMERGENCY_STOP (intent=STOP)
05:16:08.895 [AMR-01] SAFETY_STOP min_obstacle_distance=1.04m <= 1.2m
05:16:08.995 [AMR-01] STATE_TRANSITION EMERGENCY_STOP -> MOVING (intent=MOVE)
05:16:09.096 [AMR-01] STATE_TRANSITION MOVING -> EMERGENCY_STOP (intent=STOP)
05:16:09.096 [AMR-01] SAFETY_STOP min_obstacle_distance=1.10m <= 1.2m
05:16:09.197 [AMR-01] STATE_TRANSITION EMERGENCY_STOP -> MOVING (intent=MOVE)
05:16:09.297 [AMR-01] STATE_TRANSITION MOVING -> EMERGENCY_STOP (intent=STOP)
05:16:09.297 [AMR-01] SAFETY_STOP min_obstacle_distance=1.17m <= 1.2m
05:16:09.398 [AMR-01] STATE_TRANSITION EMERGENCY_STOP -> MOVING (intent=MOVE)
05:16:09.499 [AMR-01] STATE_TRANSITION MOVING -> EMERGENCY_STOP (intent=STOP)
05:16:09.499 [AMR-01] SAFETY_STOP min_obstacle_distance=1.00m <= 1.2m
05:16:09.600 [AMR-01] STATE_TRANSITION EMERGENCY_STOP -> MOVING (intent=MOVE)
05:16:09.700 [AMR-01] STATE_TRANSITION MOVING -> EMERGENCY_STOP (intent=STOP)
05:16:09.700 [AMR-01] SAFETY_STOP min_obstacle_distance=1.01m <= 1.2m
05:16:09.801 [AMR-01] STATE_TRANSITION EMERGENCY_STOP -> MOVING (intent=MOVE)
05:16:09.901 [AMR-01] STATE_TRANSITION MOVING -> EMERGENCY_STOP (intent=STOP)
05:16:09.901 [AMR-01] SAFETY_STOP min_obstacle_distance=1.04m <= 1.2m
05:16:10.002 [AMR-01] STATE_TRANSITION EMERGENCY_STOP -> MOVING (intent=MOVE)
05:16:10.102 [AMR-01] STATE_TRANSITION MOVING -> EMERGENCY_STOP (intent=STOP)
05:16:10.103 [AMR-01] SAFETY_STOP min_obstacle_distance=1.10m <= 1.2m
05:16:10.203 [AMR-01] STATE_TRANSITION EMERGENCY_STOP -> MOVING (intent=MOVE)
05:16:10.303 [AMR-01] STATE_TRANSITION MOVING -> EMERGENCY_STOP (intent=STOP)
05:16:10.303 [AMR-01] SAFETY_STOP min_obstacle_distance=1.17m <= 1.2m
05:16:10.404 [AMR-01] STATE_TRANSITION EMERGENCY_STOP -> MOVING (intent=MOVE)
05:16:10.806 [AMR-01] STATE_TRANSITION MOVING -> EMERGENCY_STOP (intent=STOP)
05:16:10.807 [AMR-01] SAFETY_STOP min_obstacle_distance=1.14m <= 1.2m
05:16:10.907 [AMR-01] STATE_TRANSITION EMERGENCY_STOP -> MOVING (intent=MOVE)
05:16:11.007 [AMR-01] STATE_TRANSITION MOVING -> EMERGENCY_STOP (intent=STOP)
05:16:11.007 [AMR-01] SAFETY_STOP min_obstacle_distance=1.08m <= 1.2m
05:16:11.109 [AMR-01] STATE_TRANSITION EMERGENCY_STOP -> MOVING (intent=MOVE)
05:16:11.210 [AMR-01] STATE_TRANSITION MOVING -> EMERGENCY_STOP (intent=STOP)
05:16:11.210 [AMR-01] SAFETY_STOP min_obstacle_distance=1.03m <= 1.2m
05:16:11.311 [AMR-01] STATE_TRANSITION EMERGENCY_STOP -> MOVING (intent=MOVE)
05:16:11.412 [AMR-01] STATE_TRANSITION MOVING -> EMERGENCY_STOP (intent=STOP)
05:16:11.412 [AMR-01] SAFETY_STOP min_obstacle_distance=1.00m <= 1.2m
05:16:11.512 [AMR-01] STATE_TRANSITION EMERGENCY_STOP -> MOVING (intent=MOVE)
05:16:11.814 [AMR-01] STATE_TRANSITION MOVING -> EMERGENCY_STOP (intent=STOP)
05:16:11.814 [AMR-01] SAFETY_STOP min_obstacle_distance=1.14m <= 1.2m
05:16:11.915 [AMR-01] STATE_TRANSITION EMERGENCY_STOP -> MOVING (intent=MOVE)
05:16:12.015 [AMR-01] STATE_TRANSITION MOVING -> EMERGENCY_STOP (intent=STOP)
05:16:12.015 [AMR-01] SAFETY_STOP min_obstacle_distance=1.08m <= 1.2m
05:16:12.116 [AMR-01] STATE_TRANSITION EMERGENCY_STOP -> MOVING (intent=MOVE)
05:16:12.217 [AMR-01] STATE_TRANSITION MOVING -> EMERGENCY_STOP (intent=STOP)
05:16:12.217 [AMR-01] SAFETY_STOP min_obstacle_distance=1.03m <= 1.2m
05:16:12.318 [AMR-01] STATE_TRANSITION EMERGENCY_STOP -> MOVING (intent=MOVE)
05:16:12.418 [AMR-01] STATE_TRANSITION MOVING -> EMERGENCY_STOP (intent=STOP)
05:16:12.419 [AMR-01] SAFETY_STOP min_obstacle_distance=1.00m <= 1.2m
05:16:12.518 [AMR-01] STATE_TRANSITION EMERGENCY_STOP -> MOVING (intent=MOVE)
05:16:12.821 [AMR-01] STATE_TRANSITION MOVING -> EMERGENCY_STOP (intent=STOP)
05:16:12.821 [AMR-01] SAFETY_STOP min_obstacle_distance=1.14m <= 1.2m
05:16:12.921 [AMR-01] STATE_TRANSITION EMERGENCY_STOP -> MOVING (intent=MOVE)
05:16:13.022 [AMR-01] STATE_TRANSITION MOVING -> EMERGENCY_STOP (intent=STOP)
05:16:13.022 [AMR-01] SAFETY_STOP min_obstacle_distance=1.08m <= 1.2m
05:16:13.123 [AMR-01] STATE_TRANSITION EMERGENCY_STOP -> MOVING (intent=MOVE)
05:16:13.223 [AMR-01] STATE_TRANSITION MOVING -> EMERGENCY_STOP (intent=STOP)
05:16:13.223 [AMR-01] SAFETY_STOP min_obstacle_distance=1.03m <= 1.2m
05:16:13.323 [AMR-01] STATE_TRANSITION EMERGENCY_STOP -> MOVING (intent=MOVE)
05:16:13.424 [AMR-01] STATE_TRANSITION MOVING -> EMERGENCY_STOP (intent=STOP)
05:16:13.424 [AMR-01] SAFETY_STOP min_obstacle_distance=1.00m <= 1.2m
05:16:13.524 [AMR-01] STATE_TRANSITION EMERGENCY_STOP -> MOVING (intent=MOVE)
05:16:13.826 [AMR-01] STATE_TRANSITION MOVING -> EMERGENCY_STOP (intent=STOP)
05:16:13.826 [AMR-01] SAFETY_STOP min_obstacle_distance=1.14m <= 1.2m
05:16:13.926 [AMR-01] STATE_TRANSITION EMERGENCY_STOP -> MOVING (intent=MOVE)
05:16:14.027 [AMR-01] STATE_TRANSITION MOVING -> EMERGENCY_STOP (intent=STOP)
05:16:14.027 [AMR-01] SAFETY_STOP min_obstacle_distance=1.08m <= 1.2m
05:16:14.128 [AMR-01] STATE_TRANSITION EMERGENCY_STOP -> MOVING (intent=MOVE)
05:16:14.228 [AMR-01] STATE_TRANSITION MOVING -> EMERGENCY_STOP (intent=STOP)
05:16:14.229 [AMR-01] SAFETY_STOP min_obstacle_distance=1.03m <= 1.2m
05:16:14.330 [AMR-01] STATE_TRANSITION EMERGENCY_STOP -> MOVING (intent=MOVE)
05:16:14.430 [AMR-01] STATE_TRANSITION MOVING -> EMERGENCY_STOP (intent=STOP)
05:16:14.430 [AMR-01] SAFETY_STOP min_obstacle_distance=1.00m <= 1.2m
05:16:14.530 [AMR-01] STATE_TRANSITION EMERGENCY_STOP -> MOVING (intent=MOVE)
05:16:14.831 [AMR-01] STATE_TRANSITION MOVING -> EMERGENCY_STOP (intent=STOP)
05:16:14.831 [AMR-01] SAFETY_STOP min_obstacle_distance=1.14m <= 1.2m
05:16:14.933 [AMR-01] STATE_TRANSITION EMERGENCY_STOP -> MOVING (intent=MOVE)
05:16:15.033 [AMR-01] STATE_TRANSITION MOVING -> EMERGENCY_STOP (intent=STOP)
05:16:15.033 [AMR-01] SAFETY_STOP min_obstacle_distance=1.08m <= 1.2m
05:16:15.134 [AMR-01] STATE_TRANSITION EMERGENCY_STOP -> MOVING (intent=MOVE)
05:16:15.234 [AMR-01] STATE_TRANSITION MOVING -> EMERGENCY_STOP (intent=STOP)
05:16:15.234 [AMR-01] SAFETY_STOP min_obstacle_distance=1.03m <= 1.2m
05:16:15.336 [AMR-01] STATE_TRANSITION EMERGENCY_STOP -> MOVING (intent=MOVE)
05:16:15.436 [AMR-01] STATE_TRANSITION MOVING -> EMERGENCY_STOP (intent=STOP)
05:16:15.436 [AMR-01] SAFETY_STOP min_obstacle_distance=1.00m <= 1.2m
05:16:15.536 [AMR-01] STATE_TRANSITION EMERGENCY_STOP -> MOVING (intent=MOVE)
05:16:15.839 [AMR-01] STATE_TRANSITION MOVING -> EMERGENCY_STOP (intent=STOP)
05:16:15.839 [AMR-01] SAFETY_STOP min_obstacle_distance=1.14m <= 1.2m
05:16:15.939 [AMR-01] STATE_TRANSITION EMERGENCY_STOP -> MOVING (intent=MOVE)
05:16:16.041 [AMR-01] STATE_TRANSITION MOVING -> EMERGENCY_STOP (intent=STOP)
05:16:16.041 [AMR-01] SAFETY_STOP min_obstacle_distance=1.08m <= 1.2m
05:16:16.141 [AMR-01] STATE_TRANSITION EMERGENCY_STOP -> MOVING (intent=MOVE)
05:16:16.242 [AMR-01] STATE_TRANSITION MOVING -> EMERGENCY_STOP (intent=STOP)
05:16:16.242 [AMR-01] SAFETY_STOP min_obstacle_distance=1.03m <= 1.2m
05:16:16.343 [AMR-01] STATE_TRANSITION EMERGENCY_STOP -> MOVING (intent=MOVE)
05:16:16.444 [AMR-01] STATE_TRANSITION MOVING -> EMERGENCY_STOP (intent=STOP)
05:16:16.444 [AMR-01] SAFETY_STOP min_obstacle_distance=1.00m <= 1.2m
05:16:16.544 [AMR-01] STATE_TRANSITION EMERGENCY_STOP -> MOVING (intent=MOVE)
05:16:16.847 [AMR-01] STATE_TRANSITION MOVING -> EMERGENCY_STOP (intent=STOP)
05:16:16.847 [AMR-01] SAFETY_STOP min_obstacle_distance=1.14m <= 1.2m
05:16:16.948 [AMR-01] STATE_TRANSITION EMERGENCY_STOP -> MOVING (intent=MOVE)
05:16:17.048 [AMR-01] STATE_TRANSITION MOVING -> EMERGENCY_STOP (intent=STOP)
05:16:17.048 [AMR-01] SAFETY_STOP min_obstacle_distance=1.08m <= 1.2m
05:16:17.149 [AMR-01] STATE_TRANSITION EMERGENCY_STOP -> MOVING (intent=MOVE)
05:16:17.250 [AMR-01] STATE_TRANSITION MOVING -> EMERGENCY_STOP (intent=STOP)
05:16:17.250 [AMR-01] SAFETY_STOP min_obstacle_distance=1.03m <= 1.2m
05:16:17.351 [AMR-01] STATE_TRANSITION EMERGENCY_STOP -> MOVING (intent=MOVE)
05:16:17.451 [AMR-01] STATE_TRANSITION MOVING -> EMERGENCY_STOP (intent=STOP)
05:16:17.451 [AMR-01] SAFETY_STOP min_obstacle_distance=1.00m <= 1.2m
05:16:17.551 [AMR-01] STATE_TRANSITION EMERGENCY_STOP -> MOVING (intent=MOVE)
05:16:17.853 [AMR-01] STATE_TRANSITION MOVING -> EMERGENCY_STOP (intent=STOP)
05:16:17.853 [AMR-01] SAFETY_STOP min_obstacle_distance=1.14m <= 1.2m
05:16:17.954 [AMR-01] STATE_TRANSITION EMERGENCY_STOP -> MOVING (intent=MOVE)
05:16:18.054 [AMR-01] STATE_TRANSITION MOVING -> EMERGENCY_STOP (intent=STOP)
05:16:18.054 [AMR-01] SAFETY_STOP min_obstacle_distance=1.08m <= 1.2m
05:16:18.155 [AMR-01] STATE_TRANSITION EMERGENCY_STOP -> MOVING (intent=MOVE)
05:16:18.255 [AMR-01] STATE_TRANSITION MOVING -> EMERGENCY_STOP (intent=STOP)
05:16:18.255 [AMR-01] SAFETY_STOP min_obstacle_distance=1.03m <= 1.2m
05:16:18.356 [AMR-01] STATE_TRANSITION EMERGENCY_STOP -> MOVING (intent=MOVE)
05:16:18.456 [AMR-01] STATE_TRANSITION MOVING -> EMERGENCY_STOP (intent=STOP)
05:16:18.456 [AMR-01] SAFETY_STOP min_obstacle_distance=1.00m <= 1.2m
05:16:18.557 [AMR-01] STATE_TRANSITION EMERGENCY_STOP -> MOVING (intent=MOVE)
05:16:18.860 [AMR-01] STATE_TRANSITION MOVING -> EMERGENCY_STOP (intent=STOP)
05:16:18.861 [AMR-01] SAFETY_STOP min_obstacle_distance=1.14m <= 1.2m
05:16:18.962 [AMR-01] STATE_TRANSITION EMERGENCY_STOP -> MOVING (intent=MOVE)
05:16:19.061 [AMR-01] STATE_TRANSITION MOVING -> EMERGENCY_STOP (intent=STOP)
05:16:19.061 [AMR-01] SAFETY_STOP min_obstacle_distance=1.08m <= 1.2m
05:16:19.162 [AMR-01] STATE_TRANSITION EMERGENCY_STOP -> MOVING (intent=MOVE)
05:16:19.264 [AMR-01] STATE_TRANSITION MOVING -> EMERGENCY_STOP (intent=STOP)
05:16:19.264 [AMR-01] SAFETY_STOP min_obstacle_distance=1.03m <= 1.2m
05:16:19.366 [AMR-01] STATE_TRANSITION EMERGENCY_STOP -> MOVING (intent=MOVE)
05:16:19.770 [AMR-01] STATE_TRANSITION MOVING -> EMERGENCY_STOP (intent=STOP)
05:16:19.770 [AMR-01] SAFETY_STOP min_obstacle_distance=1.14m <= 1.2m
05:16:19.872 [AMR-01] STATE_TRANSITION EMERGENCY_STOP -> MOVING (intent=MOVE)
05:16:19.974 [AMR-01] STATE_TRANSITION MOVING -> EMERGENCY_STOP (intent=STOP)
05:16:19.974 [AMR-01] SAFETY_STOP min_obstacle_distance=1.07m <= 1.2m
05:16:20.076 [AMR-01] STATE_TRANSITION EMERGENCY_STOP -> MOVING (intent=MOVE)
05:16:20.176 [AMR-01] STATE_TRANSITION MOVING -> EMERGENCY_STOP (intent=STOP)
05:16:20.176 [AMR-01] SAFETY_STOP min_obstacle_distance=1.03m <= 1.2m
05:16:20.276 [AMR-01] STATE_TRANSITION EMERGENCY_STOP -> MOVING (intent=MOVE)
05:16:20.377 [AMR-01] STATE_TRANSITION MOVING -> EMERGENCY_STOP (intent=STOP)
05:16:20.377 [AMR-01] SAFETY_STOP min_obstacle_distance=1.00m <= 1.2m
05:16:20.478 [AMR-01] STATE_TRANSITION EMERGENCY_STOP -> MOVING (intent=MOVE)
05:16:20.781 [AMR-01] STATE_TRANSITION MOVING -> EMERGENCY_STOP (intent=STOP)
05:16:20.782 [AMR-01] SAFETY_STOP min_obstacle_distance=1.14m <= 1.2m
05:16:20.882 [AMR-01] STATE_TRANSITION EMERGENCY_STOP -> MOVING (intent=MOVE)
05:16:20.982 [AMR-01] STATE_TRANSITION MOVING -> EMERGENCY_STOP (intent=STOP)
05:16:20.982 [AMR-01] SAFETY_STOP min_obstacle_distance=1.08m <= 1.2m
05:16:21.082 [AMR-01] STATE_TRANSITION EMERGENCY_STOP -> MOVING (intent=MOVE)
05:16:21.183 [AMR-01] STATE_TRANSITION MOVING -> EMERGENCY_STOP (intent=STOP)
05:16:21.183 [AMR-01] SAFETY_STOP min_obstacle_distance=1.03m <= 1.2m
05:16:21.284 [AMR-01] STATE_TRANSITION EMERGENCY_STOP -> MOVING (intent=MOVE)
05:16:21.384 [AMR-01] STATE_TRANSITION MOVING -> EMERGENCY_STOP (intent=STOP)
05:16:21.385 [AMR-01] SAFETY_STOP min_obstacle_distance=1.00m <= 1.2m
05:16:21.485 [AMR-01] STATE_TRANSITION EMERGENCY_STOP -> MOVING (intent=MOVE)
05:16:21.788 [AMR-01] STATE_TRANSITION MOVING -> EMERGENCY_STOP (intent=STOP)
05:16:21.789 [AMR-01] SAFETY_STOP min_obstacle_distance=1.14m <= 1.2m
05:16:21.888 [AMR-01] STATE_TRANSITION EMERGENCY_STOP -> MOVING (intent=MOVE)
05:16:21.989 [AMR-01] STATE_TRANSITION MOVING -> EMERGENCY_STOP (intent=STOP)
05:16:21.989 [AMR-01] SAFETY_STOP min_obstacle_distance=1.08m <= 1.2m
05:16:22.089 [AMR-01] STATE_TRANSITION EMERGENCY_STOP -> MOVING (intent=MOVE)
05:16:22.190 [AMR-01] STATE_TRANSITION MOVING -> EMERGENCY_STOP (intent=STOP)
05:16:22.190 [AMR-01] SAFETY_STOP min_obstacle_distance=1.03m <= 1.2m
05:16:22.290 [AMR-01] STATE_TRANSITION EMERGENCY_STOP -> MOVING (intent=MOVE)
05:16:22.392 [AMR-01] STATE_TRANSITION MOVING -> EMERGENCY_STOP (intent=STOP)
05:16:22.392 [AMR-01] SAFETY_STOP min_obstacle_distance=1.00m <= 1.2m
05:16:22.492 [AMR-01] STATE_TRANSITION EMERGENCY_STOP -> MOVING (intent=MOVE)
05:16:22.797 [AMR-01] STATE_TRANSITION MOVING -> EMERGENCY_STOP (intent=STOP)
05:16:22.797 [AMR-01] SAFETY_STOP min_obstacle_distance=1.14m <= 1.2m
05:16:22.898 [AMR-01] STATE_TRANSITION EMERGENCY_STOP -> MOVING (intent=MOVE)
05:16:22.999 [AMR-01] STATE_TRANSITION MOVING -> EMERGENCY_STOP (intent=STOP)
05:16:22.999 [AMR-01] SAFETY_STOP min_obstacle_distance=1.07m <= 1.2m
05:16:23.101 [AMR-01] STATE_TRANSITION EMERGENCY_STOP -> MOVING (intent=MOVE)
05:16:23.203 [AMR-01] STATE_TRANSITION MOVING -> EMERGENCY_STOP (intent=STOP)
05:16:23.203 [AMR-01] SAFETY_STOP min_obstacle_distance=1.03m <= 1.2m
05:16:23.305 [AMR-01] STATE_TRANSITION EMERGENCY_STOP -> MOVING (intent=MOVE)
05:16:23.407 [AMR-01] STATE_TRANSITION MOVING -> EMERGENCY_STOP (intent=STOP)
05:16:23.407 [AMR-01] SAFETY_STOP min_obstacle_distance=1.00m <= 1.2m
05:16:23.507 [AMR-01] STATE_TRANSITION EMERGENCY_STOP -> MOVING (intent=MOVE)
05:16:23.809 [AMR-01] STATE_TRANSITION MOVING -> EMERGENCY_STOP (intent=STOP)
05:16:23.809 [AMR-01] SAFETY_STOP min_obstacle_distance=1.14m <= 1.2m
05:16:23.910 [AMR-01] STATE_TRANSITION EMERGENCY_STOP -> MOVING (intent=MOVE)
05:16:24.011 [AMR-01] STATE_TRANSITION MOVING -> EMERGENCY_STOP (intent=STOP)
05:16:24.011 [AMR-01] SAFETY_STOP min_obstacle_distance=1.08m <= 1.2m
05:16:24.112 [AMR-01] STATE_TRANSITION EMERGENCY_STOP -> MOVING (intent=MOVE)
05:16:24.213 [AMR-01] STATE_TRANSITION MOVING -> EMERGENCY_STOP (intent=STOP)
05:16:24.213 [AMR-01] SAFETY_STOP min_obstacle_distance=1.03m <= 1.2m
05:16:24.313 [AMR-01] STATE_TRANSITION EMERGENCY_STOP -> MOVING (intent=MOVE)
05:16:24.414 [AMR-01] STATE_TRANSITION MOVING -> EMERGENCY_STOP (intent=STOP)
05:16:24.415 [AMR-01] SAFETY_STOP min_obstacle_distance=1.00m <= 1.2m
05:16:24.514 [AMR-01] STATE_TRANSITION EMERGENCY_STOP -> MOVING (intent=MOVE)
05:16:24.817 [AMR-01] STATE_TRANSITION MOVING -> EMERGENCY_STOP (intent=STOP)
05:16:24.817 [AMR-01] SAFETY_STOP min_obstacle_distance=1.14m <= 1.2m
05:16:24.917 [AMR-01] STATE_TRANSITION EMERGENCY_STOP -> MOVING (intent=MOVE)
05:16:25.018 [AMR-01] STATE_TRANSITION MOVING -> EMERGENCY_STOP (intent=STOP)
05:16:25.018 [AMR-01] SAFETY_STOP min_obstacle_distance=1.08m <= 1.2m
05:16:25.119 [AMR-01] STATE_TRANSITION EMERGENCY_STOP -> MOVING (intent=MOVE)
05:16:25.219 [AMR-01] STATE_TRANSITION MOVING -> EMERGENCY_STOP (intent=STOP)
05:16:25.219 [AMR-01] SAFETY_STOP min_obstacle_distance=1.03m <= 1.2m
05:16:25.320 [AMR-01] STATE_TRANSITION EMERGENCY_STOP -> MOVING (intent=MOVE)
05:16:25.422 [AMR-01] STATE_TRANSITION MOVING -> EMERGENCY_STOP (intent=STOP)
05:16:25.422 [AMR-01] SAFETY_STOP min_obstacle_distance=1.00m <= 1.2m
05:16:25.522 [AMR-01] STATE_TRANSITION EMERGENCY_STOP -> MOVING (intent=MOVE)
05:16:25.825 [AMR-01] STATE_TRANSITION MOVING -> EMERGENCY_STOP (intent=STOP)
05:16:25.825 [AMR-01] SAFETY_STOP min_obstacle_distance=1.14m <= 1.2m
05:16:25.926 [AMR-01] STATE_TRANSITION EMERGENCY_STOP -> MOVING (intent=MOVE)
05:16:26.027 [AMR-01] STATE_TRANSITION MOVING -> EMERGENCY_STOP (intent=STOP)
05:16:26.027 [AMR-01] SAFETY_STOP min_obstacle_distance=1.08m <= 1.2m
05:16:26.127 [AMR-01] STATE_TRANSITION EMERGENCY_STOP -> MOVING (intent=MOVE)
05:16:26.228 [AMR-01] STATE_TRANSITION MOVING -> EMERGENCY_STOP (intent=STOP)
05:16:26.229 [AMR-01] SAFETY_STOP min_obstacle_distance=1.03m <= 1.2m
05:16:26.329 [AMR-01] STATE_TRANSITION EMERGENCY_STOP -> MOVING (intent=MOVE)
05:16:26.429 [AMR-01] STATE_TRANSITION MOVING -> EMERGENCY_STOP (intent=STOP)
05:16:26.429 [AMR-01] SAFETY_STOP min_obstacle_distance=1.00m <= 1.2m
05:16:26.529 [AMR-01] STATE_TRANSITION EMERGENCY_STOP -> MOVING (intent=MOVE)
05:16:26.831 [AMR-01] STATE_TRANSITION MOVING -> EMERGENCY_STOP (intent=STOP)
05:16:26.831 [AMR-01] SAFETY_STOP min_obstacle_distance=1.14m <= 1.2m
05:16:26.932 [AMR-01] STATE_TRANSITION EMERGENCY_STOP -> MOVING (intent=MOVE)
05:16:27.032 [AMR-01] STATE_TRANSITION MOVING -> EMERGENCY_STOP (intent=STOP)
05:16:27.032 [AMR-01] SAFETY_STOP min_obstacle_distance=1.08m <= 1.2m
05:16:27.133 [AMR-01] STATE_TRANSITION EMERGENCY_STOP -> MOVING (intent=MOVE)
05:16:27.234 [AMR-01] STATE_TRANSITION MOVING -> EMERGENCY_STOP (intent=STOP)
05:16:27.234 [AMR-01] SAFETY_STOP min_obstacle_distance=1.03m <= 1.2m
05:16:27.335 [AMR-01] STATE_TRANSITION EMERGENCY_STOP -> MOVING (intent=MOVE)
05:16:27.434 [AMR-01] STATE_TRANSITION MOVING -> EMERGENCY_STOP (intent=STOP)
05:16:27.434 [AMR-01] SAFETY_STOP min_obstacle_distance=1.00m <= 1.2m
05:16:27.536 [AMR-01] STATE_TRANSITION EMERGENCY_STOP -> MOVING (intent=MOVE)
05:16:27.838 [AMR-01] STATE_TRANSITION MOVING -> EMERGENCY_STOP (intent=STOP)
05:16:27.838 [AMR-01] SAFETY_STOP min_obstacle_distance=1.14m <= 1.2m
05:16:27.939 [AMR-01] STATE_TRANSITION EMERGENCY_STOP -> MOVING (intent=MOVE)
05:16:28.040 [AMR-01] STATE_TRANSITION MOVING -> EMERGENCY_STOP (intent=STOP)
05:16:28.041 [AMR-01] SAFETY_STOP min_obstacle_distance=1.08m <= 1.2m
05:16:28.141 [AMR-01] STATE_TRANSITION EMERGENCY_STOP -> MOVING (intent=MOVE)
05:16:28.242 [AMR-01] STATE_TRANSITION MOVING -> EMERGENCY_STOP (intent=STOP)
05:16:28.242 [AMR-01] SAFETY_STOP min_obstacle_distance=1.03m <= 1.2m
05:16:28.342 [AMR-01] STATE_TRANSITION EMERGENCY_STOP -> MOVING (intent=MOVE)
05:16:28.443 [AMR-01] STATE_TRANSITION MOVING -> EMERGENCY_STOP (intent=STOP)
05:16:28.443 [AMR-01] SAFETY_STOP min_obstacle_distance=1.00m <= 1.2m
05:16:28.543 [AMR-01] STATE_TRANSITION EMERGENCY_STOP -> MOVING (intent=MOVE)
05:16:28.845 [AMR-01] STATE_TRANSITION MOVING -> EMERGENCY_STOP (intent=STOP)
05:16:28.845 [AMR-01] SAFETY_STOP min_obstacle_distance=1.14m <= 1.2m
05:16:28.946 [AMR-01] STATE_TRANSITION EMERGENCY_STOP -> MOVING (intent=MOVE)
05:16:29.046 [AMR-01] STATE_TRANSITION MOVING -> EMERGENCY_STOP (intent=STOP)
05:16:29.046 [AMR-01] SAFETY_STOP min_obstacle_distance=1.08m <= 1.2m
05:16:29.148 [AMR-01] STATE_TRANSITION EMERGENCY_STOP -> MOVING (intent=MOVE)
05:16:29.248 [AMR-01] STATE_TRANSITION MOVING -> EMERGENCY_STOP (intent=STOP)
05:16:29.248 [AMR-01] SAFETY_STOP min_obstacle_distance=1.03m <= 1.2m
05:16:29.349 [AMR-01] STATE_TRANSITION EMERGENCY_STOP -> MOVING (intent=MOVE)
05:16:29.449 [AMR-01] STATE_TRANSITION MOVING -> EMERGENCY_STOP (intent=STOP)
05:16:29.450 [AMR-01] SAFETY_STOP min_obstacle_distance=1.00m <= 1.2m
05:16:29.551 [AMR-01] STATE_TRANSITION EMERGENCY_STOP -> MOVING (intent=MOVE)
05:16:29.853 [AMR-01] STATE_TRANSITION MOVING -> EMERGENCY_STOP (intent=STOP)
05:16:29.853 [AMR-01] SAFETY_STOP min_obstacle_distance=1.14m <= 1.2m
05:16:29.954 [AMR-01] STATE_TRANSITION EMERGENCY_STOP -> MOVING (intent=MOVE)
05:16:30.054 [AMR-01] STATE_TRANSITION MOVING -> EMERGENCY_STOP (intent=STOP)
05:16:30.054 [AMR-01] SAFETY_STOP min_obstacle_distance=1.08m <= 1.2m
05:16:30.155 [AMR-01] STATE_TRANSITION EMERGENCY_STOP -> MOVING (intent=MOVE)
05:16:30.255 [AMR-01] STATE_TRANSITION MOVING -> EMERGENCY_STOP (intent=STOP)
05:16:30.255 [AMR-01] SAFETY_STOP min_obstacle_distance=1.03m <= 1.2m
05:16:30.357 [AMR-01] STATE_TRANSITION EMERGENCY_STOP -> MOVING (intent=MOVE)
05:16:30.458 [AMR-01] STATE_TRANSITION MOVING -> EMERGENCY_STOP (intent=STOP)
05:16:30.458 [AMR-01] SAFETY_STOP min_obstacle_distance=1.00m <= 1.2m
05:16:30.558 [AMR-01] STATE_TRANSITION EMERGENCY_STOP -> MOVING (intent=MOVE)
05:16:30.861 [AMR-01] STATE_TRANSITION MOVING -> EMERGENCY_STOP (intent=STOP)
05:16:30.861 [AMR-01] SAFETY_STOP min_obstacle_distance=1.14m <= 1.2m
05:16:30.961 [AMR-01] STATE_TRANSITION EMERGENCY_STOP -> MOVING (intent=MOVE)
05:16:31.062 [AMR-01] STATE_TRANSITION MOVING -> EMERGENCY_STOP (intent=STOP)
05:16:31.062 [AMR-01] SAFETY_STOP min_obstacle_distance=1.08m <= 1.2m
05:16:31.163 [AMR-01] STATE_TRANSITION EMERGENCY_STOP -> MOVING (intent=MOVE)
05:16:31.264 [AMR-01] STATE_TRANSITION MOVING -> EMERGENCY_STOP (intent=STOP)
05:16:31.264 [AMR-01] SAFETY_STOP min_obstacle_distance=1.03m <= 1.2m
05:16:31.365 [AMR-01] STATE_TRANSITION EMERGENCY_STOP -> MOVING (intent=MOVE)
05:16:31.769 [AMR-01] STATE_TRANSITION MOVING -> EMERGENCY_STOP (intent=STOP)
05:16:31.769 [AMR-01] SAFETY_STOP min_obstacle_distance=1.14m <= 1.2m
05:16:31.870 [AMR-01] STATE_TRANSITION EMERGENCY_STOP -> MOVING (intent=MOVE)
05:16:31.970 [AMR-01] STATE_TRANSITION MOVING -> EMERGENCY_STOP (intent=STOP)
05:16:31.970 [AMR-01] SAFETY_STOP min_obstacle_distance=1.08m <= 1.2m
05:16:32.071 [AMR-01] STATE_TRANSITION EMERGENCY_STOP -> MOVING (intent=MOVE)
05:16:32.171 [AMR-01] STATE_TRANSITION MOVING -> EMERGENCY_STOP (intent=STOP)
05:16:32.171 [AMR-01] SAFETY_STOP min_obstacle_distance=1.03m <= 1.2m
05:16:32.272 [AMR-01] STATE_TRANSITION EMERGENCY_STOP -> MOVING (intent=MOVE)
05:16:32.372 [AMR-01] STATE_TRANSITION MOVING -> EMERGENCY_STOP (intent=STOP)
05:16:32.372 [AMR-01] SAFETY_STOP min_obstacle_distance=1.00m <= 1.2m
05:16:32.474 [AMR-01] STATE_TRANSITION EMERGENCY_STOP -> MOVING (intent=MOVE)
05:16:32.774 [AMR-01] STATE_TRANSITION MOVING -> EMERGENCY_STOP (intent=STOP)
05:16:32.775 [AMR-01] SAFETY_STOP min_obstacle_distance=1.14m <= 1.2m
05:16:32.876 [AMR-01] STATE_TRANSITION EMERGENCY_STOP -> MOVING (intent=MOVE)
05:16:32.976 [AMR-01] STATE_TRANSITION MOVING -> EMERGENCY_STOP (intent=STOP)
05:16:32.976 [AMR-01] SAFETY_STOP min_obstacle_distance=1.08m <= 1.2m
05:16:33.076 [AMR-01] STATE_TRANSITION EMERGENCY_STOP -> MOVING (intent=MOVE)
05:16:33.176 [AMR-01] STATE_TRANSITION MOVING -> EMERGENCY_STOP (intent=STOP)
05:16:33.176 [AMR-01] SAFETY_STOP min_obstacle_distance=1.03m <= 1.2m
05:16:33.277 [AMR-01] STATE_TRANSITION EMERGENCY_STOP -> MOVING (intent=MOVE)
05:16:33.377 [AMR-01] STATE_TRANSITION MOVING -> EMERGENCY_STOP (intent=STOP)
05:16:33.377 [AMR-01] SAFETY_STOP min_obstacle_distance=1.00m <= 1.2m
05:16:33.479 [AMR-01] STATE_TRANSITION EMERGENCY_STOP -> MOVING (intent=MOVE)
05:16:33.880 [AMR-01] STATE_TRANSITION MOVING -> EMERGENCY_STOP (intent=STOP)
05:16:33.880 [AMR-01] SAFETY_STOP min_obstacle_distance=1.14m <= 1.2m
05:16:33.980 [AMR-01] STATE_TRANSITION EMERGENCY_STOP -> MOVING (intent=MOVE)
05:16:34.081 [AMR-01] STATE_TRANSITION MOVING -> EMERGENCY_STOP (intent=STOP)
05:16:34.081 [AMR-01] SAFETY_STOP min_obstacle_distance=1.08m <= 1.2m
05:16:34.181 [AMR-01] STATE_TRANSITION EMERGENCY_STOP -> MOVING (intent=MOVE)
05:16:34.281 [AMR-01] STATE_TRANSITION MOVING -> EMERGENCY_STOP (intent=STOP)
05:16:34.281 [AMR-01] SAFETY_STOP min_obstacle_distance=1.03m <= 1.2m
05:16:34.382 [AMR-01] STATE_TRANSITION EMERGENCY_STOP -> MOVING (intent=MOVE)
05:16:34.785 [AMR-01] STATE_TRANSITION MOVING -> EMERGENCY_STOP (intent=STOP)
05:16:34.791 [AMR-01] SAFETY_STOP min_obstacle_distance=1.14m <= 1.2m
05:16:34.886 [AMR-01] STATE_TRANSITION EMERGENCY_STOP -> MOVING (intent=MOVE)
05:16:34.986 [AMR-01] STATE_TRANSITION MOVING -> EMERGENCY_STOP (intent=STOP)
05:16:34.986 [AMR-01] SAFETY_STOP min_obstacle_distance=1.08m <= 1.2m
05:16:35.086 [AMR-01] STATE_TRANSITION EMERGENCY_STOP -> MOVING (intent=MOVE)
05:16:35.187 [AMR-01] STATE_TRANSITION MOVING -> EMERGENCY_STOP (intent=STOP)
05:16:35.187 [AMR-01] SAFETY_STOP min_obstacle_distance=1.03m <= 1.2m
05:16:35.287 [AMR-01] STATE_TRANSITION EMERGENCY_STOP -> MOVING (intent=MOVE)
05:16:35.388 [AMR-01] STATE_TRANSITION MOVING -> EMERGENCY_STOP (intent=STOP)
05:16:35.388 [AMR-01] SAFETY_STOP min_obstacle_distance=1.00m <= 1.2m
05:16:35.488 [AMR-01] STATE_TRANSITION EMERGENCY_STOP -> MOVING (intent=MOVE)
05:16:35.589 [AMR-01] STATE_TRANSITION MOVING -> EMERGENCY_STOP (intent=STOP)
05:16:35.589 [AMR-01] SAFETY_STOP min_obstacle_distance=1.01m <= 1.2m
05:16:35.690 [AMR-01] STATE_TRANSITION EMERGENCY_STOP -> MOVING (intent=MOVE)
05:16:35.790 [AMR-01] STATE_TRANSITION MOVING -> EMERGENCY_STOP (intent=STOP)
05:16:35.790 [AMR-01] SAFETY_STOP min_obstacle_distance=1.04m <= 1.2m
05:16:35.891 [AMR-01] STATE_TRANSITION EMERGENCY_STOP -> MOVING (intent=MOVE)
05:16:35.991 [AMR-01] STATE_TRANSITION MOVING -> EMERGENCY_STOP (intent=STOP)
05:16:35.992 [AMR-01] SAFETY_STOP min_obstacle_distance=1.10m <= 1.2m
05:16:36.092 [AMR-01] STATE_TRANSITION EMERGENCY_STOP -> MOVING (intent=MOVE)
05:16:36.193 [AMR-01] STATE_TRANSITION MOVING -> EMERGENCY_STOP (intent=STOP)
05:16:36.193 [AMR-01] SAFETY_STOP min_obstacle_distance=1.08m <= 1.2m
05:16:36.294 [AMR-01] STATE_TRANSITION EMERGENCY_STOP -> MOVING (intent=MOVE)
05:16:36.394 [AMR-01] STATE_TRANSITION MOVING -> EMERGENCY_STOP (intent=STOP)
05:16:36.394 [AMR-01] SAFETY_STOP min_obstacle_distance=1.03m <= 1.2m
05:16:36.495 [AMR-01] STATE_TRANSITION EMERGENCY_STOP -> MOVING (intent=MOVE)
05:16:36.595 [AMR-01] STATE_TRANSITION MOVING -> EMERGENCY_STOP (intent=STOP)
05:16:36.596 [AMR-01] SAFETY_STOP min_obstacle_distance=1.01m <= 1.2m
05:16:36.695 [AMR-01] STATE_TRANSITION EMERGENCY_STOP -> MOVING (intent=MOVE)
05:16:36.796 [AMR-01] STATE_TRANSITION MOVING -> EMERGENCY_STOP (intent=STOP)
05:16:36.796 [AMR-01] SAFETY_STOP min_obstacle_distance=1.04m <= 1.2m
05:16:36.897 [AMR-01] STATE_TRANSITION EMERGENCY_STOP -> MOVING (intent=MOVE)
05:16:36.998 [AMR-01] STATE_TRANSITION MOVING -> EMERGENCY_STOP (intent=STOP)
05:16:36.998 [AMR-01] SAFETY_STOP min_obstacle_distance=1.10m <= 1.2m
05:16:37.098 [AMR-01] STATE_TRANSITION EMERGENCY_STOP -> MOVING (intent=MOVE)
05:16:37.199 [AMR-01] STATE_TRANSITION MOVING -> EMERGENCY_STOP (intent=STOP)
05:16:37.199 [AMR-01] SAFETY_STOP min_obstacle_distance=1.08m <= 1.2m
05:16:37.300 [AMR-01] STATE_TRANSITION EMERGENCY_STOP -> MOVING (intent=MOVE)
05:16:37.401 [AMR-01] STATE_TRANSITION MOVING -> EMERGENCY_STOP (intent=STOP)
05:16:37.401 [AMR-01] SAFETY_STOP min_obstacle_distance=1.03m <= 1.2m
05:16:37.501 [AMR-01] STATE_TRANSITION EMERGENCY_STOP -> MOVING (intent=MOVE)
05:16:37.602 [AMR-01] STATE_TRANSITION MOVING -> EMERGENCY_STOP (intent=STOP)
05:16:37.602 [AMR-01] SAFETY_STOP min_obstacle_distance=1.01m <= 1.2m
05:16:37.702 [AMR-01] STATE_TRANSITION EMERGENCY_STOP -> MOVING (intent=MOVE)
05:16:37.803 [AMR-01] STATE_TRANSITION MOVING -> EMERGENCY_STOP (intent=STOP)
05:16:37.803 [AMR-01] SAFETY_STOP min_obstacle_distance=1.04m <= 1.2m
05:16:37.904 [AMR-01] STATE_TRANSITION EMERGENCY_STOP -> MOVING (intent=MOVE)
05:16:38.004 [AMR-01] STATE_TRANSITION MOVING -> EMERGENCY_STOP (intent=STOP)
05:16:38.004 [AMR-01] SAFETY_STOP min_obstacle_distance=1.10m <= 1.2m
05:16:38.104 [AMR-01] STATE_TRANSITION EMERGENCY_STOP -> MOVING (intent=MOVE)
05:16:38.205 [AMR-01] STATE_TRANSITION MOVING -> EMERGENCY_STOP (intent=STOP)
05:16:38.205 [AMR-01] SAFETY_STOP min_obstacle_distance=1.08m <= 1.2m
05:16:38.305 [AMR-01] STATE_TRANSITION EMERGENCY_STOP -> MOVING (intent=MOVE)
05:16:38.405 [AMR-01] STATE_TRANSITION MOVING -> EMERGENCY_STOP (intent=STOP)
05:16:38.406 [AMR-01] SAFETY_STOP min_obstacle_distance=1.03m <= 1.2m
05:16:38.506 [AMR-01] STATE_TRANSITION EMERGENCY_STOP -> MOVING (intent=MOVE)
05:16:38.606 [AMR-01] STATE_TRANSITION MOVING -> EMERGENCY_STOP (intent=STOP)
05:16:38.607 [AMR-01] SAFETY_STOP min_obstacle_distance=1.01m <= 1.2m
05:16:38.707 [AMR-01] STATE_TRANSITION EMERGENCY_STOP -> MOVING (intent=MOVE)
05:16:38.808 [AMR-01] STATE_TRANSITION MOVING -> EMERGENCY_STOP (intent=STOP)
05:16:38.808 [AMR-01] SAFETY_STOP min_obstacle_distance=1.04m <= 1.2m
05:16:38.909 [AMR-01] STATE_TRANSITION EMERGENCY_STOP -> MOVING (intent=MOVE)
05:16:39.010 [AMR-01] STATE_TRANSITION MOVING -> EMERGENCY_STOP (intent=STOP)
05:16:39.010 [AMR-01] SAFETY_STOP min_obstacle_distance=1.10m <= 1.2m
05:16:39.111 [AMR-01] STATE_TRANSITION EMERGENCY_STOP -> MOVING (intent=MOVE)
05:16:39.211 [AMR-01] STATE_TRANSITION MOVING -> EMERGENCY_STOP (intent=STOP)
05:16:39.211 [AMR-01] SAFETY_STOP min_obstacle_distance=1.08m <= 1.2m
05:16:39.312 [AMR-01] STATE_TRANSITION EMERGENCY_STOP -> MOVING (intent=MOVE)
05:16:39.412 [AMR-01] STATE_TRANSITION MOVING -> EMERGENCY_STOP (intent=STOP)
05:16:39.413 [AMR-01] SAFETY_STOP min_obstacle_distance=1.03m <= 1.2m
05:16:39.513 [AMR-01] STATE_TRANSITION EMERGENCY_STOP -> MOVING (intent=MOVE)
05:16:39.615 [AMR-01] STATE_TRANSITION MOVING -> EMERGENCY_STOP (intent=STOP)
05:16:39.615 [AMR-01] SAFETY_STOP min_obstacle_distance=1.01m <= 1.2m
05:16:39.715 [AMR-01] STATE_TRANSITION EMERGENCY_STOP -> MOVING (intent=MOVE)
05:16:39.816 [AMR-01] STATE_TRANSITION MOVING -> EMERGENCY_STOP (intent=STOP)
05:16:39.818 [AMR-01] SAFETY_STOP min_obstacle_distance=1.04m <= 1.2m
05:16:39.916 [AMR-01] STATE_TRANSITION EMERGENCY_STOP -> MOVING (intent=MOVE)
05:16:40.018 [AMR-01] STATE_TRANSITION MOVING -> EMERGENCY_STOP (intent=STOP)
05:16:40.018 [AMR-01] SAFETY_STOP min_obstacle_distance=1.10m <= 1.2m
05:16:40.118 [AMR-01] STATE_TRANSITION EMERGENCY_STOP -> MOVING (intent=MOVE)
05:16:40.219 [AMR-01] STATE_TRANSITION MOVING -> EMERGENCY_STOP (intent=STOP)
05:16:40.219 [AMR-01] SAFETY_STOP min_obstacle_distance=1.08m <= 1.2m
05:16:40.320 [AMR-01] STATE_TRANSITION EMERGENCY_STOP -> MOVING (intent=MOVE)
05:16:40.421 [AMR-01] STATE_TRANSITION MOVING -> EMERGENCY_STOP (intent=STOP)
05:16:40.422 [AMR-01] SAFETY_STOP min_obstacle_distance=1.03m <= 1.2m
05:16:40.521 [AMR-01] STATE_TRANSITION EMERGENCY_STOP -> MOVING (intent=MOVE)
05:16:40.623 [AMR-01] STATE_TRANSITION MOVING -> EMERGENCY_STOP (intent=STOP)
05:16:40.623 [AMR-01] SAFETY_STOP min_obstacle_distance=1.01m <= 1.2m
05:16:40.724 [AMR-01] STATE_TRANSITION EMERGENCY_STOP -> MOVING (intent=MOVE)
05:16:40.823 [AMR-01] STATE_TRANSITION MOVING -> EMERGENCY_STOP (intent=STOP)
05:16:40.823 [AMR-01] SAFETY_STOP min_obstacle_distance=1.04m <= 1.2m
05:16:40.925 [AMR-01] STATE_TRANSITION EMERGENCY_STOP -> MOVING (intent=MOVE)
05:16:41.026 [AMR-01] STATE_TRANSITION MOVING -> EMERGENCY_STOP (intent=STOP)
05:16:41.026 [AMR-01] SAFETY_STOP min_obstacle_distance=1.10m <= 1.2m
05:16:41.127 [AMR-01] STATE_TRANSITION EMERGENCY_STOP -> MOVING (intent=MOVE)
05:16:41.228 [AMR-01] STATE_TRANSITION MOVING -> EMERGENCY_STOP (intent=STOP)
05:16:41.228 [AMR-01] SAFETY_STOP min_obstacle_distance=1.08m <= 1.2m
05:16:41.328 [AMR-01] STATE_TRANSITION EMERGENCY_STOP -> MOVING (intent=MOVE)
05:16:41.428 [AMR-01] STATE_TRANSITION MOVING -> EMERGENCY_STOP (intent=STOP)
05:16:41.428 [AMR-01] SAFETY_STOP min_obstacle_distance=1.03m <= 1.2m
05:16:41.528 [AMR-01] STATE_TRANSITION EMERGENCY_STOP -> MOVING (intent=MOVE)
05:16:41.629 [AMR-01] STATE_TRANSITION MOVING -> EMERGENCY_STOP (intent=STOP)
05:16:41.629 [AMR-01] SAFETY_STOP min_obstacle_distance=1.01m <= 1.2m
05:16:41.730 [AMR-01] STATE_TRANSITION EMERGENCY_STOP -> MOVING (intent=MOVE)
05:16:41.830 [AMR-01] STATE_TRANSITION MOVING -> EMERGENCY_STOP (intent=STOP)
05:16:41.830 [AMR-01] SAFETY_STOP min_obstacle_distance=1.04m <= 1.2m
05:16:41.931 [AMR-01] STATE_TRANSITION EMERGENCY_STOP -> MOVING (intent=MOVE)
05:16:42.031 [AMR-01] STATE_TRANSITION MOVING -> EMERGENCY_STOP (intent=STOP)
05:16:42.031 [AMR-01] SAFETY_STOP min_obstacle_distance=1.10m <= 1.2m
05:16:42.132 [AMR-01] STATE_TRANSITION EMERGENCY_STOP -> MOVING (intent=MOVE)
05:16:42.233 [AMR-01] STATE_TRANSITION MOVING -> EMERGENCY_STOP (intent=STOP)
05:16:42.233 [AMR-01] SAFETY_STOP min_obstacle_distance=1.08m <= 1.2m
05:16:42.333 [AMR-01] STATE_TRANSITION EMERGENCY_STOP -> MOVING (intent=MOVE)
05:16:42.434 [AMR-01] STATE_TRANSITION MOVING -> EMERGENCY_STOP (intent=STOP)
05:16:42.434 [AMR-01] SAFETY_STOP min_obstacle_distance=1.03m <= 1.2m
05:16:42.534 [AMR-01] STATE_TRANSITION EMERGENCY_STOP -> MOVING (intent=MOVE)
05:16:42.635 [AMR-01] STATE_TRANSITION MOVING -> EMERGENCY_STOP (intent=STOP)
05:16:42.635 [AMR-01] SAFETY_STOP min_obstacle_distance=1.01m <= 1.2m
05:16:42.737 [AMR-01] STATE_TRANSITION EMERGENCY_STOP -> MOVING (intent=MOVE)
05:16:42.837 [AMR-01] STATE_TRANSITION MOVING -> EMERGENCY_STOP (intent=STOP)
05:16:42.837 [AMR-01] SAFETY_STOP min_obstacle_distance=1.04m <= 1.2m
05:16:42.938 [AMR-01] STATE_TRANSITION EMERGENCY_STOP -> MOVING (intent=MOVE)
05:16:43.038 [AMR-01] STATE_TRANSITION MOVING -> EMERGENCY_STOP (intent=STOP)
05:16:43.038 [AMR-01] SAFETY_STOP min_obstacle_distance=1.10m <= 1.2m
05:16:43.139 [AMR-01] STATE_TRANSITION EMERGENCY_STOP -> MOVING (intent=MOVE)
05:16:43.239 [AMR-01] STATE_TRANSITION MOVING -> EMERGENCY_STOP (intent=STOP)
05:16:43.239 [AMR-01] SAFETY_STOP min_obstacle_distance=1.08m <= 1.2m
05:16:43.340 [AMR-01] STATE_TRANSITION EMERGENCY_STOP -> MOVING (intent=MOVE)
05:16:43.441 [AMR-01] STATE_TRANSITION MOVING -> EMERGENCY_STOP (intent=STOP)
05:16:43.441 [AMR-01] SAFETY_STOP min_obstacle_distance=1.03m <= 1.2m
05:16:43.541 [AMR-01] STATE_TRANSITION EMERGENCY_STOP -> MOVING (intent=MOVE)
05:16:43.642 [AMR-01] STATE_TRANSITION MOVING -> EMERGENCY_STOP (intent=STOP)
05:16:43.643 [AMR-01] SAFETY_STOP min_obstacle_distance=1.01m <= 1.2m
05:16:43.743 [AMR-01] STATE_TRANSITION EMERGENCY_STOP -> MOVING (intent=MOVE)
05:16:43.844 [AMR-01] STATE_TRANSITION MOVING -> EMERGENCY_STOP (intent=STOP)
05:16:43.844 [AMR-01] SAFETY_STOP min_obstacle_distance=1.04m <= 1.2m
05:16:43.945 [AMR-01] STATE_TRANSITION EMERGENCY_STOP -> MOVING (intent=MOVE)
05:16:44.046 [AMR-01] STATE_TRANSITION MOVING -> EMERGENCY_STOP (intent=STOP)
05:16:44.046 [AMR-01] SAFETY_STOP min_obstacle_distance=1.10m <= 1.2m
05:16:44.147 [AMR-01] STATE_TRANSITION EMERGENCY_STOP -> MOVING (intent=MOVE)
05:16:44.248 [AMR-01] STATE_TRANSITION MOVING -> EMERGENCY_STOP (intent=STOP)
05:16:44.248 [AMR-01] SAFETY_STOP min_obstacle_distance=1.08m <= 1.2m
05:16:44.348 [AMR-01] STATE_TRANSITION EMERGENCY_STOP -> MOVING (intent=MOVE)
05:16:44.449 [AMR-01] STATE_TRANSITION MOVING -> EMERGENCY_STOP (intent=STOP)
05:16:44.449 [AMR-01] SAFETY_STOP min_obstacle_distance=1.03m <= 1.2m
05:16:44.549 [AMR-01] STATE_TRANSITION EMERGENCY_STOP -> MOVING (intent=MOVE)
05:16:44.650 [AMR-01] STATE_TRANSITION MOVING -> EMERGENCY_STOP (intent=STOP)
05:16:44.651 [AMR-01] SAFETY_STOP min_obstacle_distance=1.01m <= 1.2m
05:16:44.752 [AMR-01] STATE_TRANSITION EMERGENCY_STOP -> MOVING (intent=MOVE)
05:16:44.852 [AMR-01] STATE_TRANSITION MOVING -> EMERGENCY_STOP (intent=STOP)
05:16:44.852 [AMR-01] SAFETY_STOP min_obstacle_distance=1.04m <= 1.2m
05:16:44.953 [AMR-01] STATE_TRANSITION EMERGENCY_STOP -> MOVING (intent=MOVE)
05:16:45.054 [AMR-01] STATE_TRANSITION MOVING -> EMERGENCY_STOP (intent=STOP)
05:16:45.054 [AMR-01] SAFETY_STOP min_obstacle_distance=1.10m <= 1.2m
05:16:45.154 [AMR-01] STATE_TRANSITION EMERGENCY_STOP -> MOVING (intent=MOVE)
05:16:45.256 [AMR-01] STATE_TRANSITION MOVING -> EMERGENCY_STOP (intent=STOP)
05:16:45.256 [AMR-01] SAFETY_STOP min_obstacle_distance=1.07m <= 1.2m
05:16:45.356 [AMR-01] STATE_TRANSITION EMERGENCY_STOP -> MOVING (intent=MOVE)
05:16:45.457 [AMR-01] STATE_TRANSITION MOVING -> EMERGENCY_STOP (intent=STOP)
05:16:45.457 [AMR-01] SAFETY_STOP min_obstacle_distance=1.03m <= 1.2m
05:16:45.557 [AMR-01] STATE_TRANSITION EMERGENCY_STOP -> MOVING (intent=MOVE)
05:16:45.658 [AMR-01] STATE_TRANSITION MOVING -> EMERGENCY_STOP (intent=STOP)
05:16:45.658 [AMR-01] SAFETY_STOP min_obstacle_distance=1.01m <= 1.2m
05:16:45.759 [AMR-01] STATE_TRANSITION EMERGENCY_STOP -> MOVING (intent=MOVE)
05:16:45.859 [AMR-01] STATE_TRANSITION MOVING -> EMERGENCY_STOP (intent=STOP)
05:16:45.859 [AMR-01] SAFETY_STOP min_obstacle_distance=1.04m <= 1.2m
05:16:45.959 [AMR-01] STATE_TRANSITION EMERGENCY_STOP -> MOVING (intent=MOVE)
05:16:46.059 [AMR-01] STATE_TRANSITION MOVING -> EMERGENCY_STOP (intent=STOP)
05:16:46.059 [AMR-01] SAFETY_STOP min_obstacle_distance=1.10m <= 1.2m
05:16:46.160 [AMR-01] STATE_TRANSITION EMERGENCY_STOP -> MOVING (intent=MOVE)
05:16:46.260 [AMR-01] STATE_TRANSITION MOVING -> EMERGENCY_STOP (intent=STOP)
05:16:46.260 [AMR-01] SAFETY_STOP min_obstacle_distance=1.08m <= 1.2m
05:16:46.361 [AMR-01] STATE_TRANSITION EMERGENCY_STOP -> MOVING (intent=MOVE)
05:16:46.462 [AMR-01] STATE_TRANSITION MOVING -> EMERGENCY_STOP (intent=STOP)
05:16:46.463 [AMR-01] SAFETY_STOP min_obstacle_distance=1.03m <= 1.2m
05:16:46.562 [AMR-01] STATE_TRANSITION EMERGENCY_STOP -> MOVING (intent=MOVE)
05:16:46.663 [AMR-01] STATE_TRANSITION MOVING -> EMERGENCY_STOP (intent=STOP)
05:16:46.663 [AMR-01] SAFETY_STOP min_obstacle_distance=1.01m <= 1.2m
05:16:46.763 [AMR-01] STATE_TRANSITION EMERGENCY_STOP -> MOVING (intent=MOVE)
05:16:46.864 [AMR-01] STATE_TRANSITION MOVING -> EMERGENCY_STOP (intent=STOP)
05:16:46.865 [AMR-01] SAFETY_STOP min_obstacle_distance=1.04m <= 1.2m
05:16:46.965 [AMR-01] STATE_TRANSITION EMERGENCY_STOP -> MOVING (intent=MOVE)
05:16:47.066 [AMR-01] STATE_TRANSITION MOVING -> EMERGENCY_STOP (intent=STOP)
05:16:47.067 [AMR-01] SAFETY_STOP min_obstacle_distance=1.10m <= 1.2m
05:16:47.166 [AMR-01] STATE_TRANSITION EMERGENCY_STOP -> MOVING (intent=MOVE)
05:16:47.268 [AMR-01] STATE_TRANSITION MOVING -> EMERGENCY_STOP (intent=STOP)
05:16:47.268 [AMR-01] SAFETY_STOP min_obstacle_distance=1.08m <= 1.2m
05:16:47.368 [AMR-01] STATE_TRANSITION EMERGENCY_STOP -> MOVING (intent=MOVE)
05:16:47.469 [AMR-01] STATE_TRANSITION MOVING -> EMERGENCY_STOP (intent=STOP)
05:16:47.469 [AMR-01] SAFETY_STOP min_obstacle_distance=1.00m <= 1.2m
05:16:47.569 [AMR-01] STATE_TRANSITION EMERGENCY_STOP -> MOVING (intent=MOVE)
05:16:47.670 [AMR-01] STATE_TRANSITION MOVING -> EMERGENCY_STOP (intent=STOP)
05:16:47.670 [AMR-01] SAFETY_STOP min_obstacle_distance=1.01m <= 1.2m
05:16:47.771 [AMR-01] STATE_TRANSITION EMERGENCY_STOP -> MOVING (intent=MOVE)
05:16:47.871 [AMR-01] STATE_TRANSITION MOVING -> EMERGENCY_STOP (intent=STOP)
05:16:47.871 [AMR-01] SAFETY_STOP min_obstacle_distance=1.04m <= 1.2m
05:16:47.972 [AMR-01] STATE_TRANSITION EMERGENCY_STOP -> MOVING (intent=MOVE)
05:16:48.073 [AMR-01] STATE_TRANSITION MOVING -> EMERGENCY_STOP (intent=STOP)
05:16:48.073 [AMR-01] SAFETY_STOP min_obstacle_distance=1.10m <= 1.2m
05:16:48.174 [AMR-01] STATE_TRANSITION EMERGENCY_STOP -> MOVING (intent=MOVE)
05:16:48.273 [AMR-01] STATE_TRANSITION MOVING -> EMERGENCY_STOP (intent=STOP)
05:16:48.274 [AMR-01] SAFETY_STOP min_obstacle_distance=1.08m <= 1.2m
05:16:48.374 [AMR-01] STATE_TRANSITION EMERGENCY_STOP -> MOVING (intent=MOVE)
05:16:48.476 [AMR-01] STATE_TRANSITION MOVING -> EMERGENCY_STOP (intent=STOP)
05:16:48.476 [AMR-01] SAFETY_STOP min_obstacle_distance=1.03m <= 1.2m
05:16:48.576 [AMR-01] STATE_TRANSITION EMERGENCY_STOP -> MOVING (intent=MOVE)
05:16:48.677 [AMR-01] STATE_TRANSITION MOVING -> EMERGENCY_STOP (intent=STOP)
05:16:48.677 [AMR-01] SAFETY_STOP min_obstacle_distance=1.01m <= 1.2m
05:16:48.778 [AMR-01] STATE_TRANSITION EMERGENCY_STOP -> MOVING (intent=MOVE)
05:16:48.878 [AMR-01] STATE_TRANSITION MOVING -> EMERGENCY_STOP (intent=STOP)
05:16:48.878 [AMR-01] SAFETY_STOP min_obstacle_distance=1.04m <= 1.2m
05:16:48.979 [AMR-01] STATE_TRANSITION EMERGENCY_STOP -> MOVING (intent=MOVE)
05:16:49.080 [AMR-01] STATE_TRANSITION MOVING -> EMERGENCY_STOP (intent=STOP)
05:16:49.080 [AMR-01] SAFETY_STOP min_obstacle_distance=1.10m <= 1.2m
05:16:49.180 [AMR-01] STATE_TRANSITION EMERGENCY_STOP -> MOVING (intent=MOVE)
05:16:49.280 [AMR-01] STATE_TRANSITION MOVING -> EMERGENCY_STOP (intent=STOP)
05:16:49.280 [AMR-01] SAFETY_STOP min_obstacle_distance=1.08m <= 1.2m
05:16:49.381 [AMR-01] STATE_TRANSITION EMERGENCY_STOP -> MOVING (intent=MOVE)
05:16:49.482 [AMR-01] STATE_TRANSITION MOVING -> EMERGENCY_STOP (intent=STOP)
05:16:49.482 [AMR-01] SAFETY_STOP min_obstacle_distance=1.00m <= 1.2m
05:16:49.583 [AMR-01] STATE_TRANSITION EMERGENCY_STOP -> MOVING (intent=MOVE)
05:16:49.683 [AMR-01] STATE_TRANSITION MOVING -> EMERGENCY_STOP (intent=STOP)
05:16:49.683 [AMR-01] SAFETY_STOP min_obstacle_distance=1.01m <= 1.2m
05:16:49.784 [AMR-01] STATE_TRANSITION EMERGENCY_STOP -> MOVING (intent=MOVE)
05:16:49.884 [AMR-01] STATE_TRANSITION MOVING -> EMERGENCY_STOP (intent=STOP)
05:16:49.884 [AMR-01] SAFETY_STOP min_obstacle_distance=1.04m <= 1.2m
05:16:49.985 [AMR-01] STATE_TRANSITION EMERGENCY_STOP -> MOVING (intent=MOVE)
05:16:50.086 [AMR-01] STATE_TRANSITION MOVING -> EMERGENCY_STOP (intent=STOP)
05:16:50.086 [AMR-01] SAFETY_STOP min_obstacle_distance=1.10m <= 1.2m
05:16:50.186 [AMR-01] STATE_TRANSITION EMERGENCY_STOP -> MOVING (intent=MOVE)
05:16:50.286 [AMR-01] STATE_TRANSITION MOVING -> EMERGENCY_STOP (intent=STOP)
05:16:50.286 [AMR-01] SAFETY_STOP min_obstacle_distance=1.08m <= 1.2m
05:16:50.387 [AMR-01] STATE_TRANSITION EMERGENCY_STOP -> MOVING (intent=MOVE)
05:16:50.488 [AMR-01] STATE_TRANSITION MOVING -> EMERGENCY_STOP (intent=STOP)
05:16:50.488 [AMR-01] SAFETY_STOP min_obstacle_distance=1.00m <= 1.2m
05:16:50.587 [AMR-01] STATE_TRANSITION EMERGENCY_STOP -> MOVING (intent=MOVE)
05:16:50.688 [AMR-01] STATE_TRANSITION MOVING -> EMERGENCY_STOP (intent=STOP)
05:16:50.688 [AMR-01] SAFETY_STOP min_obstacle_distance=1.01m <= 1.2m
05:16:50.788 [AMR-01] STATE_TRANSITION EMERGENCY_STOP -> MOVING (intent=MOVE)
05:16:50.889 [AMR-01] STATE_TRANSITION MOVING -> EMERGENCY_STOP (intent=STOP)
05:16:50.889 [AMR-01] SAFETY_STOP min_obstacle_distance=1.04m <= 1.2m
05:16:50.991 [AMR-01] STATE_TRANSITION EMERGENCY_STOP -> MOVING (intent=MOVE)
05:16:51.091 [AMR-01] STATE_TRANSITION MOVING -> EMERGENCY_STOP (intent=STOP)
05:16:51.091 [AMR-01] SAFETY_STOP min_obstacle_distance=1.10m <= 1.2m
05:16:51.191 [AMR-01] STATE_TRANSITION EMERGENCY_STOP -> MOVING (intent=MOVE)
05:16:51.292 [AMR-01] STATE_TRANSITION MOVING -> EMERGENCY_STOP (intent=STOP)
05:16:51.293 [AMR-01] SAFETY_STOP min_obstacle_distance=1.08m <= 1.2m
05:16:51.392 [AMR-01] STATE_TRANSITION EMERGENCY_STOP -> MOVING (intent=MOVE)
05:16:51.492 [AMR-01] STATE_TRANSITION MOVING -> EMERGENCY_STOP (intent=STOP)
05:16:51.492 [AMR-01] SAFETY_STOP min_obstacle_distance=1.00m <= 1.2m
05:16:51.594 [AMR-01] STATE_TRANSITION EMERGENCY_STOP -> MOVING (intent=MOVE)
05:16:51.695 [AMR-01] STATE_TRANSITION MOVING -> EMERGENCY_STOP (intent=STOP)
05:16:51.695 [AMR-01] SAFETY_STOP min_obstacle_distance=1.01m <= 1.2m
05:16:51.795 [AMR-01] STATE_TRANSITION EMERGENCY_STOP -> MOVING (intent=MOVE)
05:16:51.896 [AMR-01] STATE_TRANSITION MOVING -> EMERGENCY_STOP (intent=STOP)
05:16:51.896 [AMR-01] SAFETY_STOP min_obstacle_distance=1.04m <= 1.2m
05:16:51.996 [AMR-01] STATE_TRANSITION EMERGENCY_STOP -> MOVING (intent=MOVE)
05:16:52.097 [AMR-01] STATE_TRANSITION MOVING -> EMERGENCY_STOP (intent=STOP)
05:16:52.097 [AMR-01] SAFETY_STOP min_obstacle_distance=1.10m <= 1.2m
05:16:52.197 [AMR-01] STATE_TRANSITION EMERGENCY_STOP -> MOVING (intent=MOVE)
05:16:52.298 [AMR-01] STATE_TRANSITION MOVING -> EMERGENCY_STOP (intent=STOP)
05:16:52.298 [AMR-01] SAFETY_STOP min_obstacle_distance=1.08m <= 1.2m
05:16:52.399 [AMR-01] STATE_TRANSITION EMERGENCY_STOP -> MOVING (intent=MOVE)
05:16:52.500 [AMR-01] STATE_TRANSITION MOVING -> EMERGENCY_STOP (intent=STOP)
05:16:52.500 [AMR-01] SAFETY_STOP min_obstacle_distance=1.00m <= 1.2m
05:16:52.600 [AMR-01] STATE_TRANSITION EMERGENCY_STOP -> MOVING (intent=MOVE)
05:16:52.700 [AMR-01] STATE_TRANSITION MOVING -> EMERGENCY_STOP (intent=STOP)
05:16:52.700 [AMR-01] SAFETY_STOP min_obstacle_distance=1.01m <= 1.2m
05:16:52.801 [AMR-01] STATE_TRANSITION EMERGENCY_STOP -> MOVING (intent=MOVE)
05:16:52.902 [AMR-01] STATE_TRANSITION MOVING -> EMERGENCY_STOP (intent=STOP)
05:16:52.902 [AMR-01] SAFETY_STOP min_obstacle_distance=1.04m <= 1.2m
05:16:53.002 [AMR-01] STATE_TRANSITION EMERGENCY_STOP -> MOVING (intent=MOVE)
05:16:53.102 [AMR-01] STATE_TRANSITION MOVING -> EMERGENCY_STOP (intent=STOP)
05:16:53.102 [AMR-01] SAFETY_STOP min_obstacle_distance=1.10m <= 1.2m
05:16:53.203 [AMR-01] STATE_TRANSITION EMERGENCY_STOP -> MOVING (intent=MOVE)
05:16:53.303 [AMR-01] STATE_TRANSITION MOVING -> EMERGENCY_STOP (intent=STOP)
05:16:53.303 [AMR-01] SAFETY_STOP min_obstacle_distance=1.08m <= 1.2m
05:16:53.404 [AMR-01] STATE_TRANSITION EMERGENCY_STOP -> MOVING (intent=MOVE)
05:16:53.505 [AMR-01] STATE_TRANSITION MOVING -> EMERGENCY_STOP (intent=STOP)
05:16:53.505 [AMR-01] SAFETY_STOP min_obstacle_distance=1.00m <= 1.2m
05:16:53.606 [AMR-01] STATE_TRANSITION EMERGENCY_STOP -> MOVING (intent=MOVE)
05:16:53.706 [AMR-01] STATE_TRANSITION MOVING -> EMERGENCY_STOP (intent=STOP)
05:16:53.706 [AMR-01] SAFETY_STOP min_obstacle_distance=1.01m <= 1.2m
05:16:53.806 [AMR-01] STATE_TRANSITION EMERGENCY_STOP -> MOVING (intent=MOVE)
05:16:53.907 [AMR-01] STATE_TRANSITION MOVING -> EMERGENCY_STOP (intent=STOP)
05:16:53.907 [AMR-01] SAFETY_STOP min_obstacle_distance=1.04m <= 1.2m
05:16:54.008 [AMR-01] STATE_TRANSITION EMERGENCY_STOP -> MOVING (intent=MOVE)
05:16:54.109 [AMR-01] STATE_TRANSITION MOVING -> EMERGENCY_STOP (intent=STOP)
05:16:54.109 [AMR-01] SAFETY_STOP min_obstacle_distance=1.10m <= 1.2m
05:16:54.209 [AMR-01] STATE_TRANSITION EMERGENCY_STOP -> MOVING (intent=MOVE)
05:16:54.309 [AMR-01] STATE_TRANSITION MOVING -> EMERGENCY_STOP (intent=STOP)
05:16:54.309 [AMR-01] SAFETY_STOP min_obstacle_distance=1.08m <= 1.2m
05:16:54.412 [AMR-01] STATE_TRANSITION EMERGENCY_STOP -> MOVING (intent=MOVE)
05:16:54.511 [AMR-01] STATE_TRANSITION MOVING -> EMERGENCY_STOP (intent=STOP)
05:16:54.511 [AMR-01] SAFETY_STOP min_obstacle_distance=1.00m <= 1.2m
05:16:54.613 [AMR-01] STATE_TRANSITION EMERGENCY_STOP -> MOVING (intent=MOVE)
05:16:54.712 [AMR-01] STATE_TRANSITION MOVING -> EMERGENCY_STOP (intent=STOP)
05:16:54.712 [AMR-01] SAFETY_STOP min_obstacle_distance=1.01m <= 1.2m
05:16:54.814 [AMR-01] STATE_TRANSITION EMERGENCY_STOP -> MOVING (intent=MOVE)
05:16:54.914 [AMR-01] STATE_TRANSITION MOVING -> EMERGENCY_STOP (intent=STOP)
05:16:54.915 [AMR-01] SAFETY_STOP min_obstacle_distance=1.04m <= 1.2m
05:16:55.015 [AMR-01] STATE_TRANSITION EMERGENCY_STOP -> MOVING (intent=MOVE)
05:16:55.115 [AMR-01] STATE_TRANSITION MOVING -> EMERGENCY_STOP (intent=STOP)
05:16:55.115 [AMR-01] SAFETY_STOP min_obstacle_distance=1.10m <= 1.2m
05:16:55.216 [AMR-01] STATE_TRANSITION EMERGENCY_STOP -> MOVING (intent=MOVE)
05:16:55.316 [AMR-01] STATE_TRANSITION MOVING -> EMERGENCY_STOP (intent=STOP)
05:16:55.316 [AMR-01] SAFETY_STOP min_obstacle_distance=1.08m <= 1.2m
05:16:55.416 [AMR-01] STATE_TRANSITION EMERGENCY_STOP -> MOVING (intent=MOVE)
05:16:55.517 [AMR-01] STATE_TRANSITION MOVING -> EMERGENCY_STOP (intent=STOP)
05:16:55.517 [AMR-01] SAFETY_STOP min_obstacle_distance=1.00m <= 1.2m
05:16:55.618 [AMR-01] STATE_TRANSITION EMERGENCY_STOP -> MOVING (intent=MOVE)
05:16:55.718 [AMR-01] STATE_TRANSITION MOVING -> EMERGENCY_STOP (intent=STOP)
05:16:55.718 [AMR-01] SAFETY_STOP min_obstacle_distance=1.01m <= 1.2m
05:16:55.819 [AMR-01] STATE_TRANSITION EMERGENCY_STOP -> MOVING (intent=MOVE)
05:16:55.920 [AMR-01] STATE_TRANSITION MOVING -> EMERGENCY_STOP (intent=STOP)
05:16:55.920 [AMR-01] SAFETY_STOP min_obstacle_distance=1.04m <= 1.2m
05:16:56.020 [AMR-01] STATE_TRANSITION EMERGENCY_STOP -> MOVING (intent=MOVE)
05:16:56.120 [AMR-01] STATE_TRANSITION MOVING -> EMERGENCY_STOP (intent=STOP)
05:16:56.120 [AMR-01] SAFETY_STOP min_obstacle_distance=1.10m <= 1.2m
05:16:56.221 [AMR-01] STATE_TRANSITION EMERGENCY_STOP -> MOVING (intent=MOVE)
05:16:56.321 [AMR-01] STATE_TRANSITION MOVING -> EMERGENCY_STOP (intent=STOP)
05:16:56.321 [AMR-01] SAFETY_STOP min_obstacle_distance=1.08m <= 1.2m
05:16:56.421 [AMR-01] STATE_TRANSITION EMERGENCY_STOP -> MOVING (intent=MOVE)
05:16:56.522 [AMR-01] STATE_TRANSITION MOVING -> EMERGENCY_STOP (intent=STOP)
05:16:56.522 [AMR-01] SAFETY_STOP min_obstacle_distance=1.00m <= 1.2m
05:16:56.622 [AMR-01] STATE_TRANSITION EMERGENCY_STOP -> MOVING (intent=MOVE)
05:16:56.722 [AMR-01] STATE_TRANSITION MOVING -> EMERGENCY_STOP (intent=STOP)
05:16:56.722 [AMR-01] SAFETY_STOP min_obstacle_distance=1.01m <= 1.2m
05:16:56.823 [AMR-01] STATE_TRANSITION EMERGENCY_STOP -> MOVING (intent=MOVE)
05:16:56.924 [AMR-01] STATE_TRANSITION MOVING -> EMERGENCY_STOP (intent=STOP)
05:16:56.924 [AMR-01] SAFETY_STOP min_obstacle_distance=1.04m <= 1.2m
05:16:57.025 [AMR-01] STATE_TRANSITION EMERGENCY_STOP -> MOVING (intent=MOVE)
05:16:57.126 [AMR-01] STATE_TRANSITION MOVING -> EMERGENCY_STOP (intent=STOP)
05:16:57.126 [AMR-01] SAFETY_STOP min_obstacle_distance=1.10m <= 1.2m
05:16:57.226 [AMR-01] STATE_TRANSITION EMERGENCY_STOP -> MOVING (intent=MOVE)
05:16:57.327 [AMR-01] STATE_TRANSITION MOVING -> EMERGENCY_STOP (intent=STOP)
05:16:57.327 [AMR-01] SAFETY_STOP min_obstacle_distance=1.08m <= 1.2m
05:16:57.428 [AMR-01] STATE_TRANSITION EMERGENCY_STOP -> MOVING (intent=MOVE)
05:16:57.528 [AMR-01] STATE_TRANSITION MOVING -> EMERGENCY_STOP (intent=STOP)
05:16:57.528 [AMR-01] SAFETY_STOP min_obstacle_distance=1.00m <= 1.2m
05:16:57.628 [AMR-01] STATE_TRANSITION EMERGENCY_STOP -> MOVING (intent=MOVE)
05:16:57.729 [AMR-01] STATE_TRANSITION MOVING -> EMERGENCY_STOP (intent=STOP)
05:16:57.729 [AMR-01] SAFETY_STOP min_obstacle_distance=1.01m <= 1.2m
05:16:57.830 [AMR-01] STATE_TRANSITION EMERGENCY_STOP -> MOVING (intent=MOVE)
05:16:57.931 [AMR-01] STATE_TRANSITION MOVING -> EMERGENCY_STOP (intent=STOP)
05:16:57.931 [AMR-01] SAFETY_STOP min_obstacle_distance=1.04m <= 1.2m
05:16:58.032 [AMR-01] STATE_TRANSITION EMERGENCY_STOP -> MOVING (intent=MOVE)
05:16:58.132 [AMR-01] STATE_TRANSITION MOVING -> EMERGENCY_STOP (intent=STOP)
05:16:58.132 [AMR-01] SAFETY_STOP min_obstacle_distance=1.10m <= 1.2m
05:16:58.232 [AMR-01] STATE_TRANSITION EMERGENCY_STOP -> MOVING (intent=MOVE)
05:16:58.334 [AMR-01] STATE_TRANSITION MOVING -> EMERGENCY_STOP (intent=STOP)
05:16:58.334 [AMR-01] SAFETY_STOP min_obstacle_distance=1.08m <= 1.2m
05:16:58.435 [AMR-01] STATE_TRANSITION EMERGENCY_STOP -> MOVING (intent=MOVE)
05:16:58.535 [AMR-01] STATE_TRANSITION MOVING -> EMERGENCY_STOP (intent=STOP)
05:16:58.535 [AMR-01] SAFETY_STOP min_obstacle_distance=1.00m <= 1.2m
05:16:58.636 [AMR-01] STATE_TRANSITION EMERGENCY_STOP -> MOVING (intent=MOVE)
05:16:58.737 [AMR-01] STATE_TRANSITION MOVING -> EMERGENCY_STOP (intent=STOP)
05:16:58.737 [AMR-01] SAFETY_STOP min_obstacle_distance=1.01m <= 1.2m
05:16:58.840 [AMR-01] STATE_TRANSITION EMERGENCY_STOP -> MOVING (intent=MOVE)
05:16:58.939 [AMR-01] STATE_TRANSITION MOVING -> EMERGENCY_STOP (intent=STOP)
05:16:58.939 [AMR-01] SAFETY_STOP min_obstacle_distance=1.05m <= 1.2m
05:16:59.041 [AMR-01] STATE_TRANSITION EMERGENCY_STOP -> MOVING (intent=MOVE)
05:16:59.142 [AMR-01] STATE_TRANSITION MOVING -> EMERGENCY_STOP (intent=STOP)
05:16:59.142 [AMR-01] SAFETY_STOP min_obstacle_distance=1.10m <= 1.2m
05:16:59.243 [AMR-01] STATE_TRANSITION EMERGENCY_STOP -> MOVING (intent=MOVE)
05:16:59.345 [AMR-01] STATE_TRANSITION MOVING -> EMERGENCY_STOP (intent=STOP)
05:16:59.345 [AMR-01] SAFETY_STOP min_obstacle_distance=1.07m <= 1.2m
05:16:59.447 [AMR-01] STATE_TRANSITION EMERGENCY_STOP -> MOVING (intent=MOVE)
05:16:59.547 [AMR-01] STATE_TRANSITION MOVING -> EMERGENCY_STOP (intent=STOP)
05:16:59.547 [AMR-01] SAFETY_STOP min_obstacle_distance=1.00m <= 1.2m
05:16:59.648 [AMR-01] STATE_TRANSITION EMERGENCY_STOP -> MOVING (intent=MOVE)
05:16:59.749 [AMR-01] STATE_TRANSITION MOVING -> EMERGENCY_STOP (intent=STOP)
05:16:59.749 [AMR-01] SAFETY_STOP min_obstacle_distance=1.01m <= 1.2m
05:16:59.850 [AMR-01] STATE_TRANSITION EMERGENCY_STOP -> MOVING (intent=MOVE)
05:16:59.952 [AMR-01] STATE_TRANSITION MOVING -> EMERGENCY_STOP (intent=STOP)
05:16:59.952 [AMR-01] SAFETY_STOP min_obstacle_distance=1.05m <= 1.2m
05:17:00.054 [AMR-01] STATE_TRANSITION EMERGENCY_STOP -> MOVING (intent=MOVE)
05:17:00.155 [AMR-01] STATE_TRANSITION MOVING -> EMERGENCY_STOP (intent=STOP)
05:17:00.155 [AMR-01] SAFETY_STOP min_obstacle_distance=1.10m <= 1.2m
05:17:00.256 [AMR-01] STATE_TRANSITION EMERGENCY_STOP -> MOVING (intent=MOVE)
05:17:00.358 [AMR-01] STATE_TRANSITION MOVING -> EMERGENCY_STOP (intent=STOP)
05:17:00.358 [AMR-01] SAFETY_STOP min_obstacle_distance=1.07m <= 1.2m
05:17:00.460 [AMR-01] STATE_TRANSITION EMERGENCY_STOP -> MOVING (intent=MOVE)
05:17:00.560 [AMR-01] STATE_TRANSITION MOVING -> EMERGENCY_STOP (intent=STOP)
05:17:00.560 [AMR-01] SAFETY_STOP min_obstacle_distance=1.00m <= 1.2m
05:17:00.661 [AMR-01] STATE_TRANSITION EMERGENCY_STOP -> MOVING (intent=MOVE)
05:17:00.762 [AMR-01] STATE_TRANSITION MOVING -> EMERGENCY_STOP (intent=STOP)
05:17:00.762 [AMR-01] SAFETY_STOP min_obstacle_distance=1.01m <= 1.2m
05:17:00.862 [AMR-01] STATE_TRANSITION EMERGENCY_STOP -> MOVING (intent=MOVE)
05:17:00.963 [AMR-01] STATE_TRANSITION MOVING -> EMERGENCY_STOP (intent=STOP)
05:17:00.963 [AMR-01] SAFETY_STOP min_obstacle_distance=1.04m <= 1.2m
05:17:01.064 [AMR-01] STATE_TRANSITION EMERGENCY_STOP -> MOVING (intent=MOVE)
05:17:01.165 [AMR-01] STATE_TRANSITION MOVING -> EMERGENCY_STOP (intent=STOP)
05:17:01.165 [AMR-01] SAFETY_STOP min_obstacle_distance=1.10m <= 1.2m
05:17:01.266 [AMR-01] STATE_TRANSITION EMERGENCY_STOP -> MOVING (intent=MOVE)
05:17:01.366 [AMR-01] STATE_TRANSITION MOVING -> EMERGENCY_STOP (intent=STOP)
05:17:01.367 [AMR-01] SAFETY_STOP min_obstacle_distance=1.08m <= 1.2m
05:17:01.466 [AMR-01] STATE_TRANSITION EMERGENCY_STOP -> MOVING (intent=MOVE)
05:17:01.567 [AMR-01] STATE_TRANSITION MOVING -> EMERGENCY_STOP (intent=STOP)
05:17:01.567 [AMR-01] SAFETY_STOP min_obstacle_distance=1.01m <= 1.2m
05:17:01.669 [AMR-01] STATE_TRANSITION EMERGENCY_STOP -> MOVING (intent=MOVE)
05:17:01.769 [AMR-01] STATE_TRANSITION MOVING -> EMERGENCY_STOP (intent=STOP)
05:17:01.769 [AMR-01] SAFETY_STOP min_obstacle_distance=1.04m <= 1.2m
05:17:01.871 [AMR-01] STATE_TRANSITION EMERGENCY_STOP -> MOVING (intent=MOVE)
05:17:01.971 [AMR-01] STATE_TRANSITION MOVING -> EMERGENCY_STOP (intent=STOP)
05:17:01.971 [AMR-01] SAFETY_STOP min_obstacle_distance=1.10m <= 1.2m
05:17:02.072 [AMR-01] STATE_TRANSITION EMERGENCY_STOP -> MOVING (intent=MOVE)
05:17:02.173 [AMR-01] STATE_TRANSITION MOVING -> EMERGENCY_STOP (intent=STOP)
05:17:02.173 [AMR-01] SAFETY_STOP min_obstacle_distance=1.08m <= 1.2m
05:17:02.274 [AMR-01] STATE_TRANSITION EMERGENCY_STOP -> MOVING (intent=MOVE)
05:17:02.373 [AMR-01] STATE_TRANSITION MOVING -> EMERGENCY_STOP (intent=STOP)
05:17:02.374 [AMR-01] SAFETY_STOP min_obstacle_distance=1.03m <= 1.2m
05:17:02.474 [AMR-01] STATE_TRANSITION EMERGENCY_STOP -> MOVING (intent=MOVE)
05:17:02.574 [AMR-01] STATE_TRANSITION MOVING -> EMERGENCY_STOP (intent=STOP)
05:17:02.574 [AMR-01] SAFETY_STOP min_obstacle_distance=1.00m <= 1.2m
05:17:02.675 [AMR-01] STATE_TRANSITION EMERGENCY_STOP -> MOVING (intent=MOVE)
05:17:02.775 [AMR-01] STATE_TRANSITION MOVING -> EMERGENCY_STOP (intent=STOP)
05:17:02.776 [AMR-01] SAFETY_STOP min_obstacle_distance=1.01m <= 1.2m
05:17:02.877 [AMR-01] STATE_TRANSITION EMERGENCY_STOP -> MOVING (intent=MOVE)
05:17:02.978 [AMR-01] STATE_TRANSITION MOVING -> EMERGENCY_STOP (intent=STOP)
05:17:02.978 [AMR-01] SAFETY_STOP min_obstacle_distance=1.04m <= 1.2m
05:17:03.078 [AMR-01] STATE_TRANSITION EMERGENCY_STOP -> MOVING (intent=MOVE)
05:17:03.178 [AMR-01] STATE_TRANSITION MOVING -> EMERGENCY_STOP (intent=STOP)
05:17:03.178 [AMR-01] SAFETY_STOP min_obstacle_distance=1.10m <= 1.2m
05:17:03.279 [AMR-01] STATE_TRANSITION EMERGENCY_STOP -> MOVING (intent=MOVE)
05:17:03.380 [AMR-01] STATE_TRANSITION MOVING -> EMERGENCY_STOP (intent=STOP)
05:17:03.380 [AMR-01] SAFETY_STOP min_obstacle_distance=1.08m <= 1.2m
05:17:03.481 [AMR-01] STATE_TRANSITION EMERGENCY_STOP -> MOVING (intent=MOVE)
05:17:03.581 [AMR-01] STATE_TRANSITION MOVING -> EMERGENCY_STOP (intent=STOP)
05:17:03.581 [AMR-01] SAFETY_STOP min_obstacle_distance=1.01m <= 1.2m
05:17:03.681 [AMR-01] STATE_TRANSITION EMERGENCY_STOP -> MOVING (intent=MOVE)
05:17:03.782 [AMR-01] STATE_TRANSITION MOVING -> EMERGENCY_STOP (intent=STOP)
05:17:03.783 [AMR-01] SAFETY_STOP min_obstacle_distance=1.04m <= 1.2m
05:17:03.884 [AMR-01] STATE_TRANSITION EMERGENCY_STOP -> MOVING (intent=MOVE)
05:17:03.985 [AMR-01] STATE_TRANSITION MOVING -> EMERGENCY_STOP (intent=STOP)
05:17:03.985 [AMR-01] SAFETY_STOP min_obstacle_distance=1.10m <= 1.2m
05:17:04.085 [AMR-01] STATE_TRANSITION EMERGENCY_STOP -> MOVING (intent=MOVE)
05:17:04.186 [AMR-01] STATE_TRANSITION MOVING -> EMERGENCY_STOP (intent=STOP)
05:17:04.186 [AMR-01] SAFETY_STOP min_obstacle_distance=1.08m <= 1.2m
05:17:04.286 [AMR-01] STATE_TRANSITION EMERGENCY_STOP -> MOVING (intent=MOVE)
05:17:04.388 [AMR-01] STATE_TRANSITION MOVING -> EMERGENCY_STOP (intent=STOP)
05:17:04.388 [AMR-01] SAFETY_STOP min_obstacle_distance=1.03m <= 1.2m
05:17:04.489 [AMR-01] STATE_TRANSITION EMERGENCY_STOP -> MOVING (intent=MOVE)
05:17:04.589 [AMR-01] STATE_TRANSITION MOVING -> EMERGENCY_STOP (intent=STOP)
05:17:04.589 [AMR-01] SAFETY_STOP min_obstacle_distance=1.00m <= 1.2m
05:17:04.690 [AMR-01] STATE_TRANSITION EMERGENCY_STOP -> MOVING (intent=MOVE)
05:17:04.790 [AMR-01] STATE_TRANSITION MOVING -> EMERGENCY_STOP (intent=STOP)
05:17:04.790 [AMR-01] SAFETY_STOP min_obstacle_distance=1.01m <= 1.2m
05:17:04.890 [AMR-01] STATE_TRANSITION EMERGENCY_STOP -> MOVING (intent=MOVE)
05:17:04.991 [AMR-01] STATE_TRANSITION MOVING -> EMERGENCY_STOP (intent=STOP)
05:17:04.992 [AMR-01] SAFETY_STOP min_obstacle_distance=1.04m <= 1.2m
05:17:05.093 [AMR-01] STATE_TRANSITION EMERGENCY_STOP -> MOVING (intent=MOVE)
05:17:05.194 [AMR-01] STATE_TRANSITION MOVING -> EMERGENCY_STOP (intent=STOP)
05:17:05.194 [AMR-01] SAFETY_STOP min_obstacle_distance=1.10m <= 1.2m
05:17:05.295 [AMR-01] STATE_TRANSITION EMERGENCY_STOP -> MOVING (intent=MOVE)
05:17:05.394 [AMR-01] STATE_TRANSITION MOVING -> EMERGENCY_STOP (intent=STOP)
05:17:05.395 [AMR-01] SAFETY_STOP min_obstacle_distance=1.08m <= 1.2m
05:17:05.495 [AMR-01] STATE_TRANSITION EMERGENCY_STOP -> MOVING (intent=MOVE)
05:17:05.595 [AMR-01] STATE_TRANSITION MOVING -> EMERGENCY_STOP (intent=STOP)
05:17:05.595 [AMR-01] SAFETY_STOP min_obstacle_distance=1.01m <= 1.2m
05:17:05.696 [AMR-01] STATE_TRANSITION EMERGENCY_STOP -> MOVING (intent=MOVE)
05:17:05.797 [AMR-01] STATE_TRANSITION MOVING -> EMERGENCY_STOP (intent=STOP)
05:17:05.797 [AMR-01] SAFETY_STOP min_obstacle_distance=1.04m <= 1.2m
05:17:05.898 [AMR-01] STATE_TRANSITION EMERGENCY_STOP -> MOVING (intent=MOVE)
05:17:05.999 [AMR-01] STATE_TRANSITION MOVING -> EMERGENCY_STOP (intent=STOP)
05:17:05.999 [AMR-01] SAFETY_STOP min_obstacle_distance=1.10m <= 1.2m
05:17:06.099 [AMR-01] STATE_TRANSITION EMERGENCY_STOP -> MOVING (intent=MOVE)
05:17:06.200 [AMR-01] STATE_TRANSITION MOVING -> EMERGENCY_STOP (intent=STOP)
05:17:06.200 [AMR-01] SAFETY_STOP min_obstacle_distance=1.08m <= 1.2m
05:17:06.300 [AMR-01] STATE_TRANSITION EMERGENCY_STOP -> MOVING (intent=MOVE)
05:17:06.401 [AMR-01] STATE_TRANSITION MOVING -> EMERGENCY_STOP (intent=STOP)
05:17:06.401 [AMR-01] SAFETY_STOP min_obstacle_distance=1.03m <= 1.2m
05:17:06.501 [AMR-01] STATE_TRANSITION EMERGENCY_STOP -> MOVING (intent=MOVE)
05:17:06.602 [AMR-01] STATE_TRANSITION MOVING -> EMERGENCY_STOP (intent=STOP)
05:17:06.602 [AMR-01] SAFETY_STOP min_obstacle_distance=1.01m <= 1.2m
05:17:06.702 [AMR-01] STATE_TRANSITION EMERGENCY_STOP -> MOVING (intent=MOVE)
05:17:06.803 [AMR-01] STATE_TRANSITION MOVING -> EMERGENCY_STOP (intent=STOP)
05:17:06.803 [AMR-01] SAFETY_STOP min_obstacle_distance=1.04m <= 1.2m
05:17:06.903 [AMR-01] STATE_TRANSITION EMERGENCY_STOP -> MOVING (intent=MOVE)
05:17:07.004 [AMR-01] STATE_TRANSITION MOVING -> EMERGENCY_STOP (intent=STOP)
05:17:07.004 [AMR-01] SAFETY_STOP min_obstacle_distance=1.10m <= 1.2m
05:17:07.106 [AMR-01] STATE_TRANSITION EMERGENCY_STOP -> MOVING (intent=MOVE)
05:17:07.206 [AMR-01] STATE_TRANSITION MOVING -> EMERGENCY_STOP (intent=STOP)
05:17:07.206 [AMR-01] SAFETY_STOP min_obstacle_distance=1.08m <= 1.2m
05:17:07.306 [AMR-01] STATE_TRANSITION EMERGENCY_STOP -> MOVING (intent=MOVE)
05:17:07.407 [AMR-01] STATE_TRANSITION MOVING -> EMERGENCY_STOP (intent=STOP)
05:17:07.408 [AMR-01] SAFETY_STOP min_obstacle_distance=1.03m <= 1.2m
05:17:07.507 [AMR-01] STATE_TRANSITION EMERGENCY_STOP -> MOVING (intent=MOVE)
05:17:07.608 [AMR-01] STATE_TRANSITION MOVING -> EMERGENCY_STOP (intent=STOP)
05:17:07.608 [AMR-01] SAFETY_STOP min_obstacle_distance=1.01m <= 1.2m
05:17:07.709 [AMR-01] STATE_TRANSITION EMERGENCY_STOP -> MOVING (intent=MOVE)
05:17:07.810 [AMR-01] STATE_TRANSITION MOVING -> EMERGENCY_STOP (intent=STOP)
05:17:07.810 [AMR-01] SAFETY_STOP min_obstacle_distance=1.04m <= 1.2m
05:17:07.911 [AMR-01] STATE_TRANSITION EMERGENCY_STOP -> MOVING (intent=MOVE)
05:17:08.012 [AMR-01] STATE_TRANSITION MOVING -> EMERGENCY_STOP (intent=STOP)
05:17:08.012 [AMR-01] SAFETY_STOP min_obstacle_distance=1.10m <= 1.2m
05:17:08.114 [AMR-01] STATE_TRANSITION EMERGENCY_STOP -> MOVING (intent=MOVE)
05:17:08.214 [AMR-01] STATE_TRANSITION MOVING -> EMERGENCY_STOP (intent=STOP)
05:17:08.214 [AMR-01] SAFETY_STOP min_obstacle_distance=1.08m <= 1.2m
05:17:08.315 [AMR-01] STATE_TRANSITION EMERGENCY_STOP -> MOVING (intent=MOVE)
05:17:08.415 [AMR-01] STATE_TRANSITION MOVING -> EMERGENCY_STOP (intent=STOP)
05:17:08.416 [AMR-01] SAFETY_STOP min_obstacle_distance=1.03m <= 1.2m
05:17:08.515 [AMR-01] STATE_TRANSITION EMERGENCY_STOP -> MOVING (intent=MOVE)
05:17:08.615 [AMR-01] STATE_TRANSITION MOVING -> EMERGENCY_STOP (intent=STOP)
05:17:08.615 [AMR-01] SAFETY_STOP min_obstacle_distance=1.01m <= 1.2m
05:17:08.716 [AMR-01] STATE_TRANSITION EMERGENCY_STOP -> MOVING (intent=MOVE)
05:17:08.816 [AMR-01] STATE_TRANSITION MOVING -> EMERGENCY_STOP (intent=STOP)
05:17:08.816 [AMR-01] SAFETY_STOP min_obstacle_distance=1.04m <= 1.2m
05:17:08.917 [AMR-01] STATE_TRANSITION EMERGENCY_STOP -> MOVING (intent=MOVE)
05:17:09.018 [AMR-01] STATE_TRANSITION MOVING -> EMERGENCY_STOP (intent=STOP)
05:17:09.019 [AMR-01] SAFETY_STOP min_obstacle_distance=1.10m <= 1.2m
05:17:09.119 [AMR-01] STATE_TRANSITION EMERGENCY_STOP -> MOVING (intent=MOVE)
05:17:09.219 [AMR-01] STATE_TRANSITION MOVING -> EMERGENCY_STOP (intent=STOP)
05:17:09.219 [AMR-01] SAFETY_STOP min_obstacle_distance=1.08m <= 1.2m
05:17:09.320 [AMR-01] STATE_TRANSITION EMERGENCY_STOP -> MOVING (intent=MOVE)
05:17:09.421 [AMR-01] STATE_TRANSITION MOVING -> EMERGENCY_STOP (intent=STOP)
05:17:09.422 [AMR-01] SAFETY_STOP min_obstacle_distance=1.03m <= 1.2m
05:17:09.521 [AMR-01] STATE_TRANSITION EMERGENCY_STOP -> MOVING (intent=MOVE)
05:17:09.622 [AMR-01] STATE_TRANSITION MOVING -> EMERGENCY_STOP (intent=STOP)
05:17:09.622 [AMR-01] SAFETY_STOP min_obstacle_distance=1.01m <= 1.2m
05:17:09.723 [AMR-01] STATE_TRANSITION EMERGENCY_STOP -> MOVING (intent=MOVE)
05:17:09.824 [AMR-01] STATE_TRANSITION MOVING -> EMERGENCY_STOP (intent=STOP)
05:17:09.824 [AMR-01] SAFETY_STOP min_obstacle_distance=1.04m <= 1.2m
05:17:09.926 [AMR-01] STATE_TRANSITION EMERGENCY_STOP -> MOVING (intent=MOVE)
05:17:10.026 [AMR-01] STATE_TRANSITION MOVING -> EMERGENCY_STOP (intent=STOP)
05:17:10.026 [AMR-01] SAFETY_STOP min_obstacle_distance=1.10m <= 1.2m
05:17:10.126 [AMR-01] STATE_TRANSITION EMERGENCY_STOP -> MOVING (intent=MOVE)
05:17:10.226 [AMR-01] STATE_TRANSITION MOVING -> EMERGENCY_STOP (intent=STOP)
05:17:10.226 [AMR-01] SAFETY_STOP min_obstacle_distance=1.08m <= 1.2m
05:17:10.327 [AMR-01] STATE_TRANSITION EMERGENCY_STOP -> MOVING (intent=MOVE)
05:17:10.428 [AMR-01] STATE_TRANSITION MOVING -> EMERGENCY_STOP (intent=STOP)
05:17:10.428 [AMR-01] SAFETY_STOP min_obstacle_distance=1.03m <= 1.2m
05:17:10.529 [AMR-01] STATE_TRANSITION EMERGENCY_STOP -> MOVING (intent=MOVE)
05:17:10.630 [AMR-01] STATE_TRANSITION MOVING -> EMERGENCY_STOP (intent=STOP)
05:17:10.630 [AMR-01] SAFETY_STOP min_obstacle_distance=1.01m <= 1.2m
05:17:10.731 [AMR-01] STATE_TRANSITION EMERGENCY_STOP -> MOVING (intent=MOVE)
05:17:10.831 [AMR-01] STATE_TRANSITION MOVING -> EMERGENCY_STOP (intent=STOP)
05:17:10.831 [AMR-01] SAFETY_STOP min_obstacle_distance=1.04m <= 1.2m
05:17:10.932 [AMR-01] STATE_TRANSITION EMERGENCY_STOP -> MOVING (intent=MOVE)
05:17:11.032 [AMR-01] STATE_TRANSITION MOVING -> EMERGENCY_STOP (intent=STOP)
05:17:11.033 [AMR-01] SAFETY_STOP min_obstacle_distance=1.10m <= 1.2m
05:17:11.133 [AMR-01] STATE_TRANSITION EMERGENCY_STOP -> MOVING (intent=MOVE)
05:17:11.234 [AMR-01] STATE_TRANSITION MOVING -> EMERGENCY_STOP (intent=STOP)
05:17:11.235 [AMR-01] SAFETY_STOP min_obstacle_distance=1.08m <= 1.2m
05:17:11.335 [AMR-01] STATE_TRANSITION EMERGENCY_STOP -> MOVING (intent=MOVE)
05:17:11.435 [AMR-01] STATE_TRANSITION MOVING -> EMERGENCY_STOP (intent=STOP)
05:17:11.435 [AMR-01] SAFETY_STOP min_obstacle_distance=1.03m <= 1.2m
05:17:11.536 [AMR-01] STATE_TRANSITION EMERGENCY_STOP -> MOVING (intent=MOVE)
05:17:11.637 [AMR-01] STATE_TRANSITION MOVING -> EMERGENCY_STOP (intent=STOP)
05:17:11.637 [AMR-01] SAFETY_STOP min_obstacle_distance=1.01m <= 1.2m
05:17:11.738 [AMR-01] STATE_TRANSITION EMERGENCY_STOP -> MOVING (intent=MOVE)
05:17:11.838 [AMR-01] STATE_TRANSITION MOVING -> EMERGENCY_STOP (intent=STOP)
05:17:11.838 [AMR-01] SAFETY_STOP min_obstacle_distance=1.04m <= 1.2m
05:17:11.939 [AMR-01] STATE_TRANSITION EMERGENCY_STOP -> MOVING (intent=MOVE)
05:17:12.039 [AMR-01] STATE_TRANSITION MOVING -> EMERGENCY_STOP (intent=STOP)
05:17:12.039 [AMR-01] SAFETY_STOP min_obstacle_distance=1.10m <= 1.2m
05:17:12.139 [AMR-01] STATE_TRANSITION EMERGENCY_STOP -> MOVING (intent=MOVE)
05:17:12.241 [AMR-01] STATE_TRANSITION MOVING -> EMERGENCY_STOP (intent=STOP)
05:17:12.242 [AMR-01] SAFETY_STOP min_obstacle_distance=1.08m <= 1.2m
05:17:12.341 [AMR-01] STATE_TRANSITION EMERGENCY_STOP -> MOVING (intent=MOVE)
05:17:12.442 [AMR-01] STATE_TRANSITION MOVING -> EMERGENCY_STOP (intent=STOP)
05:17:12.442 [AMR-01] SAFETY_STOP min_obstacle_distance=1.03m <= 1.2m
05:17:12.543 [AMR-01] STATE_TRANSITION EMERGENCY_STOP -> MOVING (intent=MOVE)
05:17:12.644 [AMR-01] STATE_TRANSITION MOVING -> EMERGENCY_STOP (intent=STOP)
05:17:12.644 [AMR-01] SAFETY_STOP min_obstacle_distance=1.01m <= 1.2m
05:17:12.745 [AMR-01] STATE_TRANSITION EMERGENCY_STOP -> MOVING (intent=MOVE)
05:17:12.845 [AMR-01] STATE_TRANSITION MOVING -> EMERGENCY_STOP (intent=STOP)
05:17:12.846 [AMR-01] SAFETY_STOP min_obstacle_distance=1.04m <= 1.2m
05:17:12.946 [AMR-01] STATE_TRANSITION EMERGENCY_STOP -> MOVING (intent=MOVE)
05:17:13.046 [AMR-01] STATE_TRANSITION MOVING -> EMERGENCY_STOP (intent=STOP)
05:17:13.047 [AMR-01] SAFETY_STOP min_obstacle_distance=1.10m <= 1.2m
05:17:13.147 [AMR-01] STATE_TRANSITION EMERGENCY_STOP -> MOVING (intent=MOVE)
05:17:13.248 [AMR-01] STATE_TRANSITION MOVING -> EMERGENCY_STOP (intent=STOP)
05:17:13.248 [AMR-01] SAFETY_STOP min_obstacle_distance=1.08m <= 1.2m
05:17:13.349 [AMR-01] STATE_TRANSITION EMERGENCY_STOP -> MOVING (intent=MOVE)
05:17:13.450 [AMR-01] STATE_TRANSITION MOVING -> EMERGENCY_STOP (intent=STOP)
05:17:13.450 [AMR-01] SAFETY_STOP min_obstacle_distance=1.03m <= 1.2m
05:17:13.550 [AMR-01] STATE_TRANSITION EMERGENCY_STOP -> MOVING (intent=MOVE)
05:17:13.651 [AMR-01] STATE_TRANSITION MOVING -> EMERGENCY_STOP (intent=STOP)
05:17:13.651 [AMR-01] SAFETY_STOP min_obstacle_distance=1.01m <= 1.2m
05:17:13.752 [AMR-01] STATE_TRANSITION EMERGENCY_STOP -> MOVING (intent=MOVE)
05:17:13.853 [AMR-01] STATE_TRANSITION MOVING -> EMERGENCY_STOP (intent=STOP)
05:17:13.853 [AMR-01] SAFETY_STOP min_obstacle_distance=1.04m <= 1.2m
05:17:13.953 [AMR-01] STATE_TRANSITION EMERGENCY_STOP -> MOVING (intent=MOVE)
05:17:14.054 [AMR-01] STATE_TRANSITION MOVING -> EMERGENCY_STOP (intent=STOP)
05:17:14.054 [AMR-01] SAFETY_STOP min_obstacle_distance=1.10m <= 1.2m
05:17:14.155 [AMR-01] STATE_TRANSITION EMERGENCY_STOP -> MOVING (intent=MOVE)
05:17:14.256 [AMR-01] STATE_TRANSITION MOVING -> EMERGENCY_STOP (intent=STOP)
05:17:14.256 [AMR-01] SAFETY_STOP min_obstacle_distance=1.08m <= 1.2m
05:17:14.356 [AMR-01] STATE_TRANSITION EMERGENCY_STOP -> MOVING (intent=MOVE)
05:17:14.456 [AMR-01] STATE_TRANSITION MOVING -> EMERGENCY_STOP (intent=STOP)
05:17:14.456 [AMR-01] SAFETY_STOP min_obstacle_distance=1.03m <= 1.2m
05:17:14.556 [AMR-01] STATE_TRANSITION EMERGENCY_STOP -> MOVING (intent=MOVE)
05:17:14.657 [AMR-01] STATE_TRANSITION MOVING -> EMERGENCY_STOP (intent=STOP)
05:17:14.657 [AMR-01] SAFETY_STOP min_obstacle_distance=1.01m <= 1.2m
05:17:14.757 [AMR-01] STATE_TRANSITION EMERGENCY_STOP -> MOVING (intent=MOVE)
05:17:14.858 [AMR-01] STATE_TRANSITION MOVING -> EMERGENCY_STOP (intent=STOP)
05:17:14.858 [AMR-01] SAFETY_STOP min_obstacle_distance=1.04m <= 1.2m
05:17:14.958 [AMR-01] STATE_TRANSITION EMERGENCY_STOP -> MOVING (intent=MOVE)
05:17:15.059 [AMR-01] STATE_TRANSITION MOVING -> EMERGENCY_STOP (intent=STOP)
05:17:15.059 [AMR-01] SAFETY_STOP min_obstacle_distance=1.10m <= 1.2m
05:17:15.160 [AMR-01] STATE_TRANSITION EMERGENCY_STOP -> MOVING (intent=MOVE)
05:17:15.261 [AMR-01] STATE_TRANSITION MOVING -> EMERGENCY_STOP (intent=STOP)
05:17:15.261 [AMR-01] SAFETY_STOP min_obstacle_distance=1.08m <= 1.2m
05:17:15.362 [AMR-01] STATE_TRANSITION EMERGENCY_STOP -> MOVING (intent=MOVE)
05:17:15.462 [AMR-01] STATE_TRANSITION MOVING -> EMERGENCY_STOP (intent=STOP)
05:17:15.462 [AMR-01] SAFETY_STOP min_obstacle_distance=1.03m <= 1.2m
05:17:15.562 [AMR-01] STATE_TRANSITION EMERGENCY_STOP -> MOVING (intent=MOVE)
05:17:15.663 [AMR-01] STATE_TRANSITION MOVING -> EMERGENCY_STOP (intent=STOP)
05:17:15.663 [AMR-01] SAFETY_STOP min_obstacle_distance=1.01m <= 1.2m
05:17:15.763 [AMR-01] STATE_TRANSITION EMERGENCY_STOP -> MOVING (intent=MOVE)
05:17:15.864 [AMR-01] STATE_TRANSITION MOVING -> EMERGENCY_STOP (intent=STOP)
05:17:15.864 [AMR-01] SAFETY_STOP min_obstacle_distance=1.04m <= 1.2m
05:17:15.965 [AMR-01] STATE_TRANSITION EMERGENCY_STOP -> MOVING (intent=MOVE)
05:17:16.065 [AMR-01] STATE_TRANSITION MOVING -> EMERGENCY_STOP (intent=STOP)
05:17:16.065 [AMR-01] SAFETY_STOP min_obstacle_distance=1.10m <= 1.2m
05:17:16.166 [AMR-01] STATE_TRANSITION EMERGENCY_STOP -> MOVING (intent=MOVE)
05:17:16.267 [AMR-01] STATE_TRANSITION MOVING -> EMERGENCY_STOP (intent=STOP)
05:17:16.267 [AMR-01] SAFETY_STOP min_obstacle_distance=1.08m <= 1.2m
05:17:16.367 [AMR-01] STATE_TRANSITION EMERGENCY_STOP -> MOVING (intent=MOVE)
05:17:16.467 [AMR-01] STATE_TRANSITION MOVING -> EMERGENCY_STOP (intent=STOP)
05:17:16.467 [AMR-01] SAFETY_STOP min_obstacle_distance=1.03m <= 1.2m
05:17:16.568 [AMR-01] STATE_TRANSITION EMERGENCY_STOP -> MOVING (intent=MOVE)
05:17:16.669 [AMR-01] STATE_TRANSITION MOVING -> EMERGENCY_STOP (intent=STOP)
05:17:16.669 [AMR-01] SAFETY_STOP min_obstacle_distance=1.01m <= 1.2m
05:17:16.770 [AMR-01] STATE_TRANSITION EMERGENCY_STOP -> MOVING (intent=MOVE)
05:17:16.870 [AMR-01] STATE_TRANSITION MOVING -> EMERGENCY_STOP (intent=STOP)
05:17:16.870 [AMR-01] SAFETY_STOP min_obstacle_distance=1.04m <= 1.2m
05:17:16.971 [AMR-01] STATE_TRANSITION EMERGENCY_STOP -> MOVING (intent=MOVE)
05:17:17.071 [AMR-01] STATE_TRANSITION MOVING -> EMERGENCY_STOP (intent=STOP)
05:17:17.071 [AMR-01] SAFETY_STOP min_obstacle_distance=1.10m <= 1.2m
05:17:17.172 [AMR-01] STATE_TRANSITION EMERGENCY_STOP -> MOVING (intent=MOVE)
05:17:17.272 [AMR-01] STATE_TRANSITION MOVING -> EMERGENCY_STOP (intent=STOP)
05:17:17.272 [AMR-01] SAFETY_STOP min_obstacle_distance=1.08m <= 1.2m
05:17:17.373 [AMR-01] STATE_TRANSITION EMERGENCY_STOP -> MOVING (intent=MOVE)
05:17:17.473 [AMR-01] STATE_TRANSITION MOVING -> EMERGENCY_STOP (intent=STOP)
05:17:17.473 [AMR-01] SAFETY_STOP min_obstacle_distance=1.00m <= 1.2m
05:17:17.575 [AMR-01] STATE_TRANSITION EMERGENCY_STOP -> MOVING (intent=MOVE)
05:17:17.675 [AMR-01] STATE_TRANSITION MOVING -> EMERGENCY_STOP (intent=STOP)
05:17:17.675 [AMR-01] SAFETY_STOP min_obstacle_distance=1.01m <= 1.2m
05:17:17.775 [AMR-01] STATE_TRANSITION EMERGENCY_STOP -> MOVING (intent=MOVE)
05:17:17.876 [AMR-01] STATE_TRANSITION MOVING -> EMERGENCY_STOP (intent=STOP)
05:17:17.876 [AMR-01] SAFETY_STOP min_obstacle_distance=1.04m <= 1.2m
05:17:17.977 [AMR-01] STATE_TRANSITION EMERGENCY_STOP -> MOVING (intent=MOVE)
05:17:18.077 [AMR-01] STATE_TRANSITION MOVING -> EMERGENCY_STOP (intent=STOP)
05:17:18.077 [AMR-01] SAFETY_STOP min_obstacle_distance=1.10m <= 1.2m
05:17:18.177 [AMR-01] STATE_TRANSITION EMERGENCY_STOP -> MOVING (intent=MOVE)
05:17:18.278 [AMR-01] STATE_TRANSITION MOVING -> EMERGENCY_STOP (intent=STOP)
05:17:18.278 [AMR-01] SAFETY_STOP min_obstacle_distance=1.08m <= 1.2m
05:17:18.378 [AMR-01] STATE_TRANSITION EMERGENCY_STOP -> MOVING (intent=MOVE)
05:17:18.479 [AMR-01] STATE_TRANSITION MOVING -> EMERGENCY_STOP (intent=STOP)
05:17:18.479 [AMR-01] SAFETY_STOP min_obstacle_distance=1.00m <= 1.2m
05:17:18.579 [AMR-01] STATE_TRANSITION EMERGENCY_STOP -> MOVING (intent=MOVE)
05:17:18.680 [AMR-01] STATE_TRANSITION MOVING -> EMERGENCY_STOP (intent=STOP)
05:17:18.680 [AMR-01] SAFETY_STOP min_obstacle_distance=1.01m <= 1.2m
05:17:18.781 [AMR-01] STATE_TRANSITION EMERGENCY_STOP -> MOVING (intent=MOVE)
05:17:18.882 [AMR-01] STATE_TRANSITION MOVING -> EMERGENCY_STOP (intent=STOP)
05:17:18.882 [AMR-01] SAFETY_STOP min_obstacle_distance=1.04m <= 1.2m
05:17:18.982 [AMR-01] STATE_TRANSITION EMERGENCY_STOP -> MOVING (intent=MOVE)
05:17:19.083 [AMR-01] STATE_TRANSITION MOVING -> EMERGENCY_STOP (intent=STOP)
05:17:19.083 [AMR-01] SAFETY_STOP min_obstacle_distance=1.10m <= 1.2m
05:17:19.184 [AMR-01] STATE_TRANSITION EMERGENCY_STOP -> MOVING (intent=MOVE)
05:17:19.284 [AMR-01] STATE_TRANSITION MOVING -> EMERGENCY_STOP (intent=STOP)
05:17:19.284 [AMR-01] SAFETY_STOP min_obstacle_distance=1.08m <= 1.2m
05:17:19.385 [AMR-01] STATE_TRANSITION EMERGENCY_STOP -> MOVING (intent=MOVE)
05:17:19.485 [AMR-01] STATE_TRANSITION MOVING -> EMERGENCY_STOP (intent=STOP)
05:17:19.485 [AMR-01] SAFETY_STOP min_obstacle_distance=1.00m <= 1.2m
05:17:19.588 [AMR-01] STATE_TRANSITION EMERGENCY_STOP -> MOVING (intent=MOVE)
05:17:19.688 [AMR-01] STATE_TRANSITION MOVING -> EMERGENCY_STOP (intent=STOP)
05:17:19.688 [AMR-01] SAFETY_STOP min_obstacle_distance=1.01m <= 1.2m
05:17:19.788 [AMR-01] STATE_TRANSITION EMERGENCY_STOP -> MOVING (intent=MOVE)
05:17:19.888 [AMR-01] STATE_TRANSITION MOVING -> EMERGENCY_STOP (intent=STOP)
05:17:19.888 [AMR-01] SAFETY_STOP min_obstacle_distance=1.04m <= 1.2m
05:17:19.989 [AMR-01] STATE_TRANSITION EMERGENCY_STOP -> MOVING (intent=MOVE)
05:17:20.090 [AMR-01] STATE_TRANSITION MOVING -> EMERGENCY_STOP (intent=STOP)
05:17:20.090 [AMR-01] SAFETY_STOP min_obstacle_distance=1.10m <= 1.2m
05:17:20.190 [AMR-01] STATE_TRANSITION EMERGENCY_STOP -> MOVING (intent=MOVE)
05:17:20.291 [AMR-01] STATE_TRANSITION MOVING -> EMERGENCY_STOP (intent=STOP)
05:17:20.291 [AMR-01] SAFETY_STOP min_obstacle_distance=1.08m <= 1.2m
05:17:20.392 [AMR-01] STATE_TRANSITION EMERGENCY_STOP -> MOVING (intent=MOVE)
05:17:20.492 [AMR-01] STATE_TRANSITION MOVING -> EMERGENCY_STOP (intent=STOP)
05:17:20.492 [AMR-01] SAFETY_STOP min_obstacle_distance=1.00m <= 1.2m
05:17:20.593 [AMR-01] STATE_TRANSITION EMERGENCY_STOP -> MOVING (intent=MOVE)
05:17:20.694 [AMR-01] STATE_TRANSITION MOVING -> EMERGENCY_STOP (intent=STOP)
05:17:20.694 [AMR-01] SAFETY_STOP min_obstacle_distance=1.01m <= 1.2m
05:17:20.794 [AMR-01] STATE_TRANSITION EMERGENCY_STOP -> MOVING (intent=MOVE)
05:17:20.895 [AMR-01] STATE_TRANSITION MOVING -> EMERGENCY_STOP (intent=STOP)
05:17:20.895 [AMR-01] SAFETY_STOP min_obstacle_distance=1.04m <= 1.2m
05:17:20.997 [AMR-01] STATE_TRANSITION EMERGENCY_STOP -> MOVING (intent=MOVE)
05:17:21.098 [AMR-01] STATE_TRANSITION MOVING -> EMERGENCY_STOP (intent=STOP)
05:17:21.098 [AMR-01] SAFETY_STOP min_obstacle_distance=1.10m <= 1.2m
05:17:21.199 [AMR-01] STATE_TRANSITION EMERGENCY_STOP -> MOVING (intent=MOVE)
05:17:21.301 [AMR-01] STATE_TRANSITION MOVING -> EMERGENCY_STOP (intent=STOP)
05:17:21.301 [AMR-01] SAFETY_STOP min_obstacle_distance=1.07m <= 1.2m
05:17:21.402 [AMR-01] STATE_TRANSITION EMERGENCY_STOP -> MOVING (intent=MOVE)
05:17:21.503 [AMR-01] STATE_TRANSITION MOVING -> EMERGENCY_STOP (intent=STOP)
05:17:21.503 [AMR-01] SAFETY_STOP min_obstacle_distance=1.00m <= 1.2m
05:17:21.604 [AMR-01] STATE_TRANSITION EMERGENCY_STOP -> MOVING (intent=MOVE)
05:17:21.705 [AMR-01] STATE_TRANSITION MOVING -> EMERGENCY_STOP (intent=STOP)
05:17:21.705 [AMR-01] SAFETY_STOP min_obstacle_distance=1.01m <= 1.2m
05:17:21.808 [AMR-01] STATE_TRANSITION EMERGENCY_STOP -> MOVING (intent=MOVE)
05:17:21.909 [AMR-01] STATE_TRANSITION MOVING -> EMERGENCY_STOP (intent=STOP)
05:17:21.909 [AMR-01] SAFETY_STOP min_obstacle_distance=1.05m <= 1.2m
05:17:22.010 [AMR-01] STATE_TRANSITION EMERGENCY_STOP -> MOVING (intent=MOVE)
05:17:22.112 [AMR-01] STATE_TRANSITION MOVING -> EMERGENCY_STOP (intent=STOP)
05:17:22.112 [AMR-01] SAFETY_STOP min_obstacle_distance=1.10m <= 1.2m
05:17:22.213 [AMR-01] STATE_TRANSITION EMERGENCY_STOP -> MOVING (intent=MOVE)
05:17:22.315 [AMR-01] STATE_TRANSITION MOVING -> EMERGENCY_STOP (intent=STOP)
05:17:22.315 [AMR-01] SAFETY_STOP min_obstacle_distance=1.07m <= 1.2m
05:17:22.416 [AMR-01] STATE_TRANSITION EMERGENCY_STOP -> MOVING (intent=MOVE)
05:17:22.516 [AMR-01] STATE_TRANSITION MOVING -> EMERGENCY_STOP (intent=STOP)
05:17:22.516 [AMR-01] SAFETY_STOP min_obstacle_distance=1.00m <= 1.2m
05:17:22.618 [AMR-01] STATE_TRANSITION EMERGENCY_STOP -> MOVING (intent=MOVE)
05:17:22.719 [AMR-01] STATE_TRANSITION MOVING -> EMERGENCY_STOP (intent=STOP)
05:17:22.719 [AMR-01] SAFETY_STOP min_obstacle_distance=1.01m <= 1.2m
05:17:22.821 [AMR-01] STATE_TRANSITION EMERGENCY_STOP -> MOVING (intent=MOVE)
05:17:22.923 [AMR-01] STATE_TRANSITION MOVING -> EMERGENCY_STOP (intent=STOP)
05:17:22.923 [AMR-01] SAFETY_STOP min_obstacle_distance=1.05m <= 1.2m
05:17:23.023 [AMR-01] STATE_TRANSITION EMERGENCY_STOP -> MOVING (intent=MOVE)
05:17:23.125 [AMR-01] STATE_TRANSITION MOVING -> EMERGENCY_STOP (intent=STOP)
05:17:23.125 [AMR-01] SAFETY_STOP min_obstacle_distance=1.10m <= 1.2m
05:17:23.227 [AMR-01] STATE_TRANSITION EMERGENCY_STOP -> MOVING (intent=MOVE)
05:17:23.328 [AMR-01] STATE_TRANSITION MOVING -> EMERGENCY_STOP (intent=STOP)
05:17:23.329 [AMR-01] SAFETY_STOP min_obstacle_distance=1.07m <= 1.2m
05:17:23.430 [AMR-01] STATE_TRANSITION EMERGENCY_STOP -> MOVING (intent=MOVE)
05:17:23.530 [AMR-01] STATE_TRANSITION MOVING -> EMERGENCY_STOP (intent=STOP)
05:17:23.530 [AMR-01] SAFETY_STOP min_obstacle_distance=1.00m <= 1.2m
05:17:23.632 [AMR-01] STATE_TRANSITION EMERGENCY_STOP -> MOVING (intent=MOVE)
05:17:23.734 [AMR-01] STATE_TRANSITION MOVING -> EMERGENCY_STOP (intent=STOP)
05:17:23.734 [AMR-01] SAFETY_STOP min_obstacle_distance=1.01m <= 1.2m
05:17:23.835 [AMR-01] STATE_TRANSITION EMERGENCY_STOP -> MOVING (intent=MOVE)
05:17:23.937 [AMR-01] STATE_TRANSITION MOVING -> EMERGENCY_STOP (intent=STOP)
05:17:23.937 [AMR-01] SAFETY_STOP min_obstacle_distance=1.05m <= 1.2m
05:17:24.039 [AMR-01] STATE_TRANSITION EMERGENCY_STOP -> MOVING (intent=MOVE)
05:17:24.141 [AMR-01] STATE_TRANSITION MOVING -> EMERGENCY_STOP (intent=STOP)
05:17:24.141 [AMR-01] SAFETY_STOP min_obstacle_distance=1.10m <= 1.2m
05:17:24.243 [AMR-01] STATE_TRANSITION EMERGENCY_STOP -> MOVING (intent=MOVE)
05:17:24.344 [AMR-01] STATE_TRANSITION MOVING -> EMERGENCY_STOP (intent=STOP)
05:17:24.344 [AMR-01] SAFETY_STOP min_obstacle_distance=1.07m <= 1.2m
05:17:24.446 [AMR-01] STATE_TRANSITION EMERGENCY_STOP -> MOVING (intent=MOVE)
05:17:24.547 [AMR-01] STATE_TRANSITION MOVING -> EMERGENCY_STOP (intent=STOP)
05:17:24.547 [AMR-01] SAFETY_STOP min_obstacle_distance=1.00m <= 1.2m
05:17:24.648 [AMR-01] STATE_TRANSITION EMERGENCY_STOP -> MOVING (intent=MOVE)
05:17:24.750 [AMR-01] STATE_TRANSITION MOVING -> EMERGENCY_STOP (intent=STOP)
05:17:24.750 [AMR-01] SAFETY_STOP min_obstacle_distance=1.01m <= 1.2m
05:17:24.852 [AMR-01] STATE_TRANSITION EMERGENCY_STOP -> MOVING (intent=MOVE)
05:17:24.954 [AMR-01] STATE_TRANSITION MOVING -> EMERGENCY_STOP (intent=STOP)
05:17:24.954 [AMR-01] SAFETY_STOP min_obstacle_distance=1.05m <= 1.2m
05:17:25.056 [AMR-01] STATE_TRANSITION EMERGENCY_STOP -> MOVING (intent=MOVE)
05:17:25.157 [AMR-01] STATE_TRANSITION MOVING -> EMERGENCY_STOP (intent=STOP)
05:17:25.157 [AMR-01] SAFETY_STOP min_obstacle_distance=1.10m <= 1.2m
05:17:25.259 [AMR-01] STATE_TRANSITION EMERGENCY_STOP -> MOVING (intent=MOVE)
05:17:25.360 [AMR-01] STATE_TRANSITION MOVING -> EMERGENCY_STOP (intent=STOP)
05:17:25.360 [AMR-01] SAFETY_STOP min_obstacle_distance=1.07m <= 1.2m
05:17:25.462 [AMR-01] STATE_TRANSITION EMERGENCY_STOP -> MOVING (intent=MOVE)
05:17:25.563 [AMR-01] STATE_TRANSITION MOVING -> EMERGENCY_STOP (intent=STOP)
05:17:25.563 [AMR-01] SAFETY_STOP min_obstacle_distance=1.00m <= 1.2m
05:17:25.664 [AMR-01] STATE_TRANSITION EMERGENCY_STOP -> MOVING (intent=MOVE)
05:17:25.764 [AMR-01] STATE_TRANSITION MOVING -> EMERGENCY_STOP (intent=STOP)
05:17:25.764 [AMR-01] SAFETY_STOP min_obstacle_distance=1.01m <= 1.2m
05:17:25.864 [AMR-01] STATE_TRANSITION EMERGENCY_STOP -> MOVING (intent=MOVE)
05:17:25.965 [AMR-01] STATE_TRANSITION MOVING -> EMERGENCY_STOP (intent=STOP)
05:17:25.966 [AMR-01] SAFETY_STOP min_obstacle_distance=1.04m <= 1.2m
05:17:26.066 [AMR-01] STATE_TRANSITION EMERGENCY_STOP -> MOVING (intent=MOVE)
05:17:26.167 [AMR-01] STATE_TRANSITION MOVING -> EMERGENCY_STOP (intent=STOP)
05:17:26.167 [AMR-01] SAFETY_STOP min_obstacle_distance=1.10m <= 1.2m
05:17:26.268 [AMR-01] STATE_TRANSITION EMERGENCY_STOP -> MOVING (intent=MOVE)
05:17:26.368 [AMR-01] STATE_TRANSITION MOVING -> EMERGENCY_STOP (intent=STOP)
05:17:26.368 [AMR-01] SAFETY_STOP min_obstacle_distance=1.08m <= 1.2m
05:17:26.469 [AMR-01] STATE_TRANSITION EMERGENCY_STOP -> MOVING (intent=MOVE)
05:17:26.569 [AMR-01] STATE_TRANSITION MOVING -> EMERGENCY_STOP (intent=STOP)
05:17:26.569 [AMR-01] SAFETY_STOP min_obstacle_distance=1.00m <= 1.2m
05:17:26.671 [AMR-01] STATE_TRANSITION EMERGENCY_STOP -> MOVING (intent=MOVE)
05:17:26.770 [AMR-01] STATE_TRANSITION MOVING -> EMERGENCY_STOP (intent=STOP)
05:17:26.770 [AMR-01] SAFETY_STOP min_obstacle_distance=1.01m <= 1.2m
05:17:26.871 [AMR-01] STATE_TRANSITION EMERGENCY_STOP -> MOVING (intent=MOVE)
05:17:26.972 [AMR-01] STATE_TRANSITION MOVING -> EMERGENCY_STOP (intent=STOP)
05:17:26.972 [AMR-01] SAFETY_STOP min_obstacle_distance=1.04m <= 1.2m
05:17:27.073 [AMR-01] STATE_TRANSITION EMERGENCY_STOP -> MOVING (intent=MOVE)
05:17:27.173 [AMR-01] STATE_TRANSITION MOVING -> EMERGENCY_STOP (intent=STOP)
05:17:27.174 [AMR-01] SAFETY_STOP min_obstacle_distance=1.10m <= 1.2m
05:17:27.275 [AMR-01] STATE_TRANSITION EMERGENCY_STOP -> MOVING (intent=MOVE)
05:17:27.375 [AMR-01] STATE_TRANSITION MOVING -> EMERGENCY_STOP (intent=STOP)
05:17:27.376 [AMR-01] SAFETY_STOP min_obstacle_distance=1.08m <= 1.2m
05:17:27.476 [AMR-01] STATE_TRANSITION EMERGENCY_STOP -> MOVING (intent=MOVE)
05:17:27.577 [AMR-01] STATE_TRANSITION MOVING -> EMERGENCY_STOP (intent=STOP)
05:17:27.577 [AMR-01] SAFETY_STOP min_obstacle_distance=1.01m <= 1.2m
05:17:27.677 [AMR-01] STATE_TRANSITION EMERGENCY_STOP -> MOVING (intent=MOVE)
05:17:27.778 [AMR-01] STATE_TRANSITION MOVING -> EMERGENCY_STOP (intent=STOP)
05:17:27.778 [AMR-01] SAFETY_STOP min_obstacle_distance=1.04m <= 1.2m
05:17:27.879 [AMR-01] STATE_TRANSITION EMERGENCY_STOP -> MOVING (intent=MOVE)
05:17:27.980 [AMR-01] STATE_TRANSITION MOVING -> EMERGENCY_STOP (intent=STOP)
05:17:27.980 [AMR-01] SAFETY_STOP min_obstacle_distance=1.10m <= 1.2m
05:17:28.082 [AMR-01] STATE_TRANSITION EMERGENCY_STOP -> MOVING (intent=MOVE)
05:17:28.182 [AMR-01] STATE_TRANSITION MOVING -> EMERGENCY_STOP (intent=STOP)
05:17:28.182 [AMR-01] SAFETY_STOP min_obstacle_distance=1.08m <= 1.2m
05:17:28.282 [AMR-01] STATE_TRANSITION EMERGENCY_STOP -> MOVING (intent=MOVE)
05:17:28.384 [AMR-01] STATE_TRANSITION MOVING -> EMERGENCY_STOP (intent=STOP)
05:17:28.384 [AMR-01] SAFETY_STOP min_obstacle_distance=1.03m <= 1.2m
05:17:28.486 [AMR-01] STATE_TRANSITION EMERGENCY_STOP -> MOVING (intent=MOVE)
05:17:28.585 [AMR-01] STATE_TRANSITION MOVING -> EMERGENCY_STOP (intent=STOP)
05:17:28.585 [AMR-01] SAFETY_STOP min_obstacle_distance=1.00m <= 1.2m
05:17:28.687 [AMR-01] STATE_TRANSITION EMERGENCY_STOP -> MOVING (intent=MOVE)
05:17:28.787 [AMR-01] STATE_TRANSITION MOVING -> EMERGENCY_STOP (intent=STOP)
05:17:28.787 [AMR-01] SAFETY_STOP min_obstacle_distance=1.01m <= 1.2m
05:17:28.889 [AMR-01] STATE_TRANSITION EMERGENCY_STOP -> MOVING (intent=MOVE)
05:17:28.990 [AMR-01] STATE_TRANSITION MOVING -> EMERGENCY_STOP (intent=STOP)
05:17:28.990 [AMR-01] SAFETY_STOP min_obstacle_distance=1.05m <= 1.2m
05:17:29.092 [AMR-01] STATE_TRANSITION EMERGENCY_STOP -> MOVING (intent=MOVE)
05:17:29.193 [AMR-01] STATE_TRANSITION MOVING -> EMERGENCY_STOP (intent=STOP)
05:17:29.193 [AMR-01] SAFETY_STOP min_obstacle_distance=1.10m <= 1.2m
05:17:29.294 [AMR-01] STATE_TRANSITION EMERGENCY_STOP -> MOVING (intent=MOVE)
05:17:29.393 [AMR-01] STATE_TRANSITION MOVING -> EMERGENCY_STOP (intent=STOP)
05:17:29.394 [AMR-01] SAFETY_STOP min_obstacle_distance=1.07m <= 1.2m
05:17:29.494 [AMR-01] STATE_TRANSITION EMERGENCY_STOP -> MOVING (intent=MOVE)
05:17:29.594 [AMR-01] STATE_TRANSITION MOVING -> EMERGENCY_STOP (intent=STOP)
05:17:29.594 [AMR-01] SAFETY_STOP min_obstacle_distance=1.01m <= 1.2m
05:17:29.695 [AMR-01] STATE_TRANSITION EMERGENCY_STOP -> MOVING (intent=MOVE)
05:17:29.795 [AMR-01] STATE_TRANSITION MOVING -> EMERGENCY_STOP (intent=STOP)
05:17:29.795 [AMR-01] SAFETY_STOP min_obstacle_distance=1.04m <= 1.2m
05:17:29.897 [AMR-01] STATE_TRANSITION EMERGENCY_STOP -> MOVING (intent=MOVE)
05:17:29.997 [AMR-01] STATE_TRANSITION MOVING -> EMERGENCY_STOP (intent=STOP)
05:17:29.998 [AMR-01] SAFETY_STOP min_obstacle_distance=1.10m <= 1.2m
05:17:30.099 [AMR-01] STATE_TRANSITION EMERGENCY_STOP -> MOVING (intent=MOVE)
05:17:30.199 [AMR-01] STATE_TRANSITION MOVING -> EMERGENCY_STOP (intent=STOP)
05:17:30.199 [AMR-01] SAFETY_STOP min_obstacle_distance=1.08m <= 1.2m
05:17:30.300 [AMR-01] STATE_TRANSITION EMERGENCY_STOP -> MOVING (intent=MOVE)
05:17:30.400 [AMR-01] STATE_TRANSITION MOVING -> EMERGENCY_STOP (intent=STOP)
05:17:30.400 [AMR-01] SAFETY_STOP min_obstacle_distance=1.03m <= 1.2m
05:17:30.500 [AMR-01] STATE_TRANSITION EMERGENCY_STOP -> MOVING (intent=MOVE)
05:17:30.601 [AMR-01] STATE_TRANSITION MOVING -> EMERGENCY_STOP (intent=STOP)
05:17:30.602 [AMR-01] SAFETY_STOP min_obstacle_distance=1.01m <= 1.2m
05:17:30.702 [AMR-01] STATE_TRANSITION EMERGENCY_STOP -> MOVING (intent=MOVE)
05:17:30.803 [AMR-01] STATE_TRANSITION MOVING -> EMERGENCY_STOP (intent=STOP)
05:17:30.803 [AMR-01] SAFETY_STOP min_obstacle_distance=1.04m <= 1.2m
05:17:30.904 [AMR-01] STATE_TRANSITION EMERGENCY_STOP -> MOVING (intent=MOVE)
05:17:31.004 [AMR-01] STATE_TRANSITION MOVING -> EMERGENCY_STOP (intent=STOP)
05:17:31.004 [AMR-01] SAFETY_STOP min_obstacle_distance=1.10m <= 1.2m
05:17:31.105 [AMR-01] STATE_TRANSITION EMERGENCY_STOP -> MOVING (intent=MOVE)
05:17:31.205 [AMR-01] STATE_TRANSITION MOVING -> EMERGENCY_STOP (intent=STOP)
05:17:31.205 [AMR-01] SAFETY_STOP min_obstacle_distance=1.08m <= 1.2m
05:17:31.306 [AMR-01] STATE_TRANSITION EMERGENCY_STOP -> MOVING (intent=MOVE)
05:17:31.407 [AMR-01] STATE_TRANSITION MOVING -> EMERGENCY_STOP (intent=STOP)
05:17:31.407 [AMR-01] SAFETY_STOP min_obstacle_distance=1.03m <= 1.2m
05:17:31.507 [AMR-01] STATE_TRANSITION EMERGENCY_STOP -> MOVING (intent=MOVE)
05:17:31.608 [AMR-01] STATE_TRANSITION MOVING -> EMERGENCY_STOP (intent=STOP)
05:17:31.608 [AMR-01] SAFETY_STOP min_obstacle_distance=1.01m <= 1.2m
05:17:31.709 [AMR-01] STATE_TRANSITION EMERGENCY_STOP -> MOVING (intent=MOVE)
05:17:31.809 [AMR-01] STATE_TRANSITION MOVING -> EMERGENCY_STOP (intent=STOP)
05:17:31.810 [AMR-01] SAFETY_STOP min_obstacle_distance=1.04m <= 1.2m
05:17:31.910 [AMR-01] STATE_TRANSITION EMERGENCY_STOP -> MOVING (intent=MOVE)
05:17:32.011 [AMR-01] STATE_TRANSITION MOVING -> EMERGENCY_STOP (intent=STOP)
05:17:32.011 [AMR-01] SAFETY_STOP min_obstacle_distance=1.10m <= 1.2m
05:17:32.112 [AMR-01] STATE_TRANSITION EMERGENCY_STOP -> MOVING (intent=MOVE)
05:17:32.213 [AMR-01] STATE_TRANSITION MOVING -> EMERGENCY_STOP (intent=STOP)
05:17:32.213 [AMR-01] SAFETY_STOP min_obstacle_distance=1.07m <= 1.2m
05:17:32.315 [AMR-01] STATE_TRANSITION EMERGENCY_STOP -> MOVING (intent=MOVE)
05:17:32.415 [AMR-01] STATE_TRANSITION MOVING -> EMERGENCY_STOP (intent=STOP)
05:17:32.415 [AMR-01] SAFETY_STOP min_obstacle_distance=1.03m <= 1.2m
05:17:32.514 [AMR-01] STATE_TRANSITION EMERGENCY_STOP -> MOVING (intent=MOVE)
05:17:32.616 [AMR-01] STATE_TRANSITION MOVING -> EMERGENCY_STOP (intent=STOP)
05:17:32.616 [AMR-01] SAFETY_STOP min_obstacle_distance=1.01m <= 1.2m
05:17:32.716 [AMR-01] STATE_TRANSITION EMERGENCY_STOP -> MOVING (intent=MOVE)
05:17:32.816 [AMR-01] STATE_TRANSITION MOVING -> EMERGENCY_STOP (intent=STOP)
05:17:32.816 [AMR-01] SAFETY_STOP min_obstacle_distance=1.04m <= 1.2m
05:17:32.917 [AMR-01] STATE_TRANSITION EMERGENCY_STOP -> MOVING (intent=MOVE)
05:17:33.017 [AMR-01] STATE_TRANSITION MOVING -> EMERGENCY_STOP (intent=STOP)
05:17:33.017 [AMR-01] SAFETY_STOP min_obstacle_distance=1.10m <= 1.2m
05:17:33.118 [AMR-01] STATE_TRANSITION EMERGENCY_STOP -> MOVING (intent=MOVE)
05:17:33.219 [AMR-01] STATE_TRANSITION MOVING -> EMERGENCY_STOP (intent=STOP)
05:17:33.219 [AMR-01] SAFETY_STOP min_obstacle_distance=1.08m <= 1.2m
05:17:33.320 [AMR-01] STATE_TRANSITION EMERGENCY_STOP -> MOVING (intent=MOVE)
05:17:33.420 [AMR-01] STATE_TRANSITION MOVING -> EMERGENCY_STOP (intent=STOP)
05:17:33.420 [AMR-01] SAFETY_STOP min_obstacle_distance=1.03m <= 1.2m
05:17:33.521 [AMR-01] STATE_TRANSITION EMERGENCY_STOP -> MOVING (intent=MOVE)
05:17:33.623 [AMR-01] STATE_TRANSITION MOVING -> EMERGENCY_STOP (intent=STOP)
05:17:33.623 [AMR-01] SAFETY_STOP min_obstacle_distance=1.01m <= 1.2m
05:17:33.725 [AMR-01] STATE_TRANSITION EMERGENCY_STOP -> MOVING (intent=MOVE)
05:17:33.827 [AMR-01] STATE_TRANSITION MOVING -> EMERGENCY_STOP (intent=STOP)
05:17:33.827 [AMR-01] SAFETY_STOP min_obstacle_distance=1.05m <= 1.2m
05:17:33.928 [AMR-01] STATE_TRANSITION EMERGENCY_STOP -> MOVING (intent=MOVE)
05:17:34.029 [AMR-01] STATE_TRANSITION MOVING -> EMERGENCY_STOP (intent=STOP)
05:17:34.029 [AMR-01] SAFETY_STOP min_obstacle_distance=1.10m <= 1.2m
05:17:34.131 [AMR-01] STATE_TRANSITION EMERGENCY_STOP -> MOVING (intent=MOVE)
05:17:34.231 [AMR-01] STATE_TRANSITION MOVING -> EMERGENCY_STOP (intent=STOP)
05:17:34.231 [AMR-01] SAFETY_STOP min_obstacle_distance=1.07m <= 1.2m
05:17:34.332 [AMR-01] STATE_TRANSITION EMERGENCY_STOP -> MOVING (intent=MOVE)
05:17:34.434 [AMR-01] STATE_TRANSITION MOVING -> EMERGENCY_STOP (intent=STOP)
05:17:34.434 [AMR-01] SAFETY_STOP min_obstacle_distance=1.03m <= 1.2m
05:17:34.534 [AMR-01] STATE_TRANSITION EMERGENCY_STOP -> MOVING (intent=MOVE)
05:17:34.635 [AMR-01] STATE_TRANSITION MOVING -> EMERGENCY_STOP (intent=STOP)
05:17:34.635 [AMR-01] SAFETY_STOP min_obstacle_distance=1.01m <= 1.2m
05:17:34.737 [AMR-01] STATE_TRANSITION EMERGENCY_STOP -> MOVING (intent=MOVE)
05:17:34.839 [AMR-01] STATE_TRANSITION MOVING -> EMERGENCY_STOP (intent=STOP)
05:17:34.839 [AMR-01] SAFETY_STOP min_obstacle_distance=1.04m <= 1.2m
05:17:34.940 [AMR-01] STATE_TRANSITION EMERGENCY_STOP -> MOVING (intent=MOVE)
05:17:35.041 [AMR-01] STATE_TRANSITION MOVING -> EMERGENCY_STOP (intent=STOP)
05:17:35.041 [AMR-01] SAFETY_STOP min_obstacle_distance=1.10m <= 1.2m
05:17:35.143 [AMR-01] STATE_TRANSITION EMERGENCY_STOP -> MOVING (intent=MOVE)
05:17:35.244 [AMR-01] STATE_TRANSITION MOVING -> EMERGENCY_STOP (intent=STOP)
05:17:35.263 [AMR-01] SAFETY_STOP min_obstacle_distance=1.07m <= 1.2m
05:17:35.345 [AMR-01] STATE_TRANSITION EMERGENCY_STOP -> MOVING (intent=MOVE)
05:17:35.446 [AMR-01] STATE_TRANSITION MOVING -> EMERGENCY_STOP (intent=STOP)
05:17:35.446 [AMR-01] SAFETY_STOP min_obstacle_distance=1.03m <= 1.2m
05:17:35.546 [AMR-01] STATE_TRANSITION EMERGENCY_STOP -> MOVING (intent=MOVE)
05:17:35.647 [AMR-01] STATE_TRANSITION MOVING -> EMERGENCY_STOP (intent=STOP)
05:17:35.647 [AMR-01] SAFETY_STOP min_obstacle_distance=1.01m <= 1.2m
05:17:35.748 [AMR-01] STATE_TRANSITION EMERGENCY_STOP -> MOVING (intent=MOVE)
05:17:35.849 [AMR-01] STATE_TRANSITION MOVING -> EMERGENCY_STOP (intent=STOP)
05:17:35.849 [AMR-01] SAFETY_STOP min_obstacle_distance=1.04m <= 1.2m
05:17:35.950 [AMR-01] STATE_TRANSITION EMERGENCY_STOP -> MOVING (intent=MOVE)
05:17:36.051 [AMR-01] STATE_TRANSITION MOVING -> EMERGENCY_STOP (intent=STOP)
05:17:36.051 [AMR-01] SAFETY_STOP min_obstacle_distance=1.10m <= 1.2m
05:17:36.152 [AMR-01] STATE_TRANSITION EMERGENCY_STOP -> MOVING (intent=MOVE)
05:17:36.255 [AMR-01] STATE_TRANSITION MOVING -> EMERGENCY_STOP (intent=STOP)
05:17:36.255 [AMR-01] SAFETY_STOP min_obstacle_distance=1.08m <= 1.2m
05:17:36.355 [AMR-01] STATE_TRANSITION EMERGENCY_STOP -> MOVING (intent=MOVE)
05:17:36.456 [AMR-01] STATE_TRANSITION MOVING -> EMERGENCY_STOP (intent=STOP)
05:17:36.456 [AMR-01] SAFETY_STOP min_obstacle_distance=1.03m <= 1.2m
05:17:36.556 [AMR-01] STATE_TRANSITION EMERGENCY_STOP -> MOVING (intent=MOVE)
05:17:36.658 [AMR-01] STATE_TRANSITION MOVING -> EMERGENCY_STOP (intent=STOP)
05:17:36.658 [AMR-01] SAFETY_STOP min_obstacle_distance=1.01m <= 1.2m
05:17:36.759 [AMR-01] STATE_TRANSITION EMERGENCY_STOP -> MOVING (intent=MOVE)
05:17:36.860 [AMR-01] STATE_TRANSITION MOVING -> EMERGENCY_STOP (intent=STOP)
05:17:36.860 [AMR-01] SAFETY_STOP min_obstacle_distance=1.04m <= 1.2m
05:17:36.962 [AMR-01] STATE_TRANSITION EMERGENCY_STOP -> MOVING (intent=MOVE)
05:17:37.063 [AMR-01] STATE_TRANSITION MOVING -> EMERGENCY_STOP (intent=STOP)
05:17:37.063 [AMR-01] SAFETY_STOP min_obstacle_distance=1.10m <= 1.2m
05:17:37.165 [AMR-01] STATE_TRANSITION EMERGENCY_STOP -> MOVING (intent=MOVE)
05:17:37.265 [AMR-01] STATE_TRANSITION MOVING -> EMERGENCY_STOP (intent=STOP)
05:17:37.265 [AMR-01] SAFETY_STOP min_obstacle_distance=1.07m <= 1.2m
05:17:37.367 [AMR-01] STATE_TRANSITION EMERGENCY_STOP -> MOVING (intent=MOVE)
05:17:37.468 [AMR-01] STATE_TRANSITION MOVING -> EMERGENCY_STOP (intent=STOP)
05:17:37.469 [AMR-01] SAFETY_STOP min_obstacle_distance=1.03m <= 1.2m
05:17:37.570 [AMR-01] STATE_TRANSITION EMERGENCY_STOP -> MOVING (intent=MOVE)
05:17:37.671 [AMR-01] STATE_TRANSITION MOVING -> EMERGENCY_STOP (intent=STOP)
05:17:37.672 [AMR-01] SAFETY_STOP min_obstacle_distance=1.01m <= 1.2m
05:17:37.773 [AMR-01] STATE_TRANSITION EMERGENCY_STOP -> MOVING (intent=MOVE)
05:17:37.874 [AMR-01] STATE_TRANSITION MOVING -> EMERGENCY_STOP (intent=STOP)
05:17:37.874 [AMR-01] SAFETY_STOP min_obstacle_distance=1.05m <= 1.2m
05:17:37.976 [AMR-01] STATE_TRANSITION EMERGENCY_STOP -> MOVING (intent=MOVE)
05:17:38.077 [AMR-01] STATE_TRANSITION MOVING -> EMERGENCY_STOP (intent=STOP)
05:17:38.077 [AMR-01] SAFETY_STOP min_obstacle_distance=1.10m <= 1.2m
05:17:38.178 [AMR-01] STATE_TRANSITION EMERGENCY_STOP -> MOVING (intent=MOVE)
05:17:38.280 [AMR-01] STATE_TRANSITION MOVING -> EMERGENCY_STOP (intent=STOP)
05:17:38.280 [AMR-01] SAFETY_STOP min_obstacle_distance=1.07m <= 1.2m
05:17:38.381 [AMR-01] STATE_TRANSITION EMERGENCY_STOP -> MOVING (intent=MOVE)
05:17:38.483 [AMR-01] STATE_TRANSITION MOVING -> EMERGENCY_STOP (intent=STOP)
05:17:38.483 [AMR-01] SAFETY_STOP min_obstacle_distance=1.03m <= 1.2m
05:17:38.584 [AMR-01] STATE_TRANSITION EMERGENCY_STOP -> MOVING (intent=MOVE)
05:17:38.686 [AMR-01] STATE_TRANSITION MOVING -> EMERGENCY_STOP (intent=STOP)
05:17:38.686 [AMR-01] SAFETY_STOP min_obstacle_distance=1.01m <= 1.2m
05:17:38.787 [AMR-01] STATE_TRANSITION EMERGENCY_STOP -> MOVING (intent=MOVE)
05:17:38.888 [AMR-01] STATE_TRANSITION MOVING -> EMERGENCY_STOP (intent=STOP)
05:17:38.888 [AMR-01] SAFETY_STOP min_obstacle_distance=1.04m <= 1.2m
05:17:38.989 [AMR-01] STATE_TRANSITION EMERGENCY_STOP -> MOVING (intent=MOVE)
05:17:39.091 [AMR-01] STATE_TRANSITION MOVING -> EMERGENCY_STOP (intent=STOP)
05:17:39.091 [AMR-01] SAFETY_STOP min_obstacle_distance=1.10m <= 1.2m
05:17:39.193 [AMR-01] STATE_TRANSITION EMERGENCY_STOP -> MOVING (intent=MOVE)
05:17:39.294 [AMR-01] STATE_TRANSITION MOVING -> EMERGENCY_STOP (intent=STOP)
05:17:39.294 [AMR-01] SAFETY_STOP min_obstacle_distance=1.07m <= 1.2m
05:17:39.396 [AMR-01] STATE_TRANSITION EMERGENCY_STOP -> MOVING (intent=MOVE)
05:17:39.496 [AMR-01] STATE_TRANSITION MOVING -> EMERGENCY_STOP (intent=STOP)
05:17:39.496 [AMR-01] SAFETY_STOP min_obstacle_distance=1.00m <= 1.2m
05:17:39.597 [AMR-01] STATE_TRANSITION EMERGENCY_STOP -> MOVING (intent=MOVE)
05:17:39.699 [AMR-01] STATE_TRANSITION MOVING -> EMERGENCY_STOP (intent=STOP)
05:17:39.699 [AMR-01] SAFETY_STOP min_obstacle_distance=1.01m <= 1.2m
05:17:39.800 [AMR-01] STATE_TRANSITION EMERGENCY_STOP -> MOVING (intent=MOVE)
05:17:39.902 [AMR-01] STATE_TRANSITION MOVING -> EMERGENCY_STOP (intent=STOP)
05:17:39.902 [AMR-01] SAFETY_STOP min_obstacle_distance=1.04m <= 1.2m
05:17:40.004 [AMR-01] STATE_TRANSITION EMERGENCY_STOP -> MOVING (intent=MOVE)
05:17:40.106 [AMR-01] STATE_TRANSITION MOVING -> EMERGENCY_STOP (intent=STOP)
05:17:40.106 [AMR-01] SAFETY_STOP min_obstacle_distance=1.10m <= 1.2m
05:17:40.207 [AMR-01] STATE_TRANSITION EMERGENCY_STOP -> MOVING (intent=MOVE)
05:17:40.308 [AMR-01] STATE_TRANSITION MOVING -> EMERGENCY_STOP (intent=STOP)
05:17:40.308 [AMR-01] SAFETY_STOP min_obstacle_distance=1.07m <= 1.2m
05:17:40.409 [AMR-01] STATE_TRANSITION EMERGENCY_STOP -> MOVING (intent=MOVE)
05:17:40.510 [AMR-01] STATE_TRANSITION MOVING -> EMERGENCY_STOP (intent=STOP)
05:17:40.510 [AMR-01] SAFETY_STOP min_obstacle_distance=1.00m <= 1.2m
05:17:40.611 [AMR-01] STATE_TRANSITION EMERGENCY_STOP -> MOVING (intent=MOVE)
05:17:40.713 [AMR-01] STATE_TRANSITION MOVING -> EMERGENCY_STOP (intent=STOP)
05:17:40.713 [AMR-01] SAFETY_STOP min_obstacle_distance=1.01m <= 1.2m
05:17:40.815 [AMR-01] STATE_TRANSITION EMERGENCY_STOP -> MOVING (intent=MOVE)
05:17:40.917 [AMR-01] STATE_TRANSITION MOVING -> EMERGENCY_STOP (intent=STOP)
05:17:40.917 [AMR-01] SAFETY_STOP min_obstacle_distance=1.05m <= 1.2m
05:17:41.018 [AMR-01] STATE_TRANSITION EMERGENCY_STOP -> MOVING (intent=MOVE)
05:17:41.119 [AMR-01] STATE_TRANSITION MOVING -> EMERGENCY_STOP (intent=STOP)
05:17:41.119 [AMR-01] SAFETY_STOP min_obstacle_distance=1.10m <= 1.2m
05:17:41.220 [AMR-01] STATE_TRANSITION EMERGENCY_STOP -> MOVING (intent=MOVE)
05:17:41.321 [AMR-01] STATE_TRANSITION MOVING -> EMERGENCY_STOP (intent=STOP)
05:17:41.321 [AMR-01] SAFETY_STOP min_obstacle_distance=1.07m <= 1.2m
05:17:41.423 [AMR-01] STATE_TRANSITION EMERGENCY_STOP -> MOVING (intent=MOVE)
05:17:41.523 [AMR-01] STATE_TRANSITION MOVING -> EMERGENCY_STOP (intent=STOP)
05:17:41.524 [AMR-01] SAFETY_STOP min_obstacle_distance=1.00m <= 1.2m
05:17:41.625 [AMR-01] STATE_TRANSITION EMERGENCY_STOP -> MOVING (intent=MOVE)
05:17:41.726 [AMR-01] STATE_TRANSITION MOVING -> EMERGENCY_STOP (intent=STOP)
05:17:41.727 [AMR-01] SAFETY_STOP min_obstacle_distance=1.01m <= 1.2m
05:17:41.827 [AMR-01] STATE_TRANSITION EMERGENCY_STOP -> MOVING (intent=MOVE)
05:17:41.929 [AMR-01] STATE_TRANSITION MOVING -> EMERGENCY_STOP (intent=STOP)
05:17:41.929 [AMR-01] SAFETY_STOP min_obstacle_distance=1.05m <= 1.2m
05:17:42.031 [AMR-01] STATE_TRANSITION EMERGENCY_STOP -> MOVING (intent=MOVE)
05:17:42.132 [AMR-01] STATE_TRANSITION MOVING -> EMERGENCY_STOP (intent=STOP)
05:17:42.132 [AMR-01] SAFETY_STOP min_obstacle_distance=1.10m <= 1.2m
05:17:42.234 [AMR-01] STATE_TRANSITION EMERGENCY_STOP -> MOVING (intent=MOVE)
05:17:42.336 [AMR-01] STATE_TRANSITION MOVING -> EMERGENCY_STOP (intent=STOP)
05:17:42.336 [AMR-01] SAFETY_STOP min_obstacle_distance=1.07m <= 1.2m
05:17:42.437 [AMR-01] STATE_TRANSITION EMERGENCY_STOP -> MOVING (intent=MOVE)
05:17:42.538 [AMR-01] STATE_TRANSITION MOVING -> EMERGENCY_STOP (intent=STOP)
05:17:42.538 [AMR-01] SAFETY_STOP min_obstacle_distance=1.00m <= 1.2m
05:17:42.640 [AMR-01] STATE_TRANSITION EMERGENCY_STOP -> MOVING (intent=MOVE)
05:17:42.741 [AMR-01] STATE_TRANSITION MOVING -> EMERGENCY_STOP (intent=STOP)
05:17:42.742 [AMR-01] SAFETY_STOP min_obstacle_distance=1.01m <= 1.2m
05:17:42.843 [AMR-01] STATE_TRANSITION EMERGENCY_STOP -> MOVING (intent=MOVE)
05:17:42.944 [AMR-01] STATE_TRANSITION MOVING -> EMERGENCY_STOP (intent=STOP)
05:17:42.944 [AMR-01] SAFETY_STOP min_obstacle_distance=1.05m <= 1.2m
05:17:43.046 [AMR-01] STATE_TRANSITION EMERGENCY_STOP -> MOVING (intent=MOVE)
05:17:43.147 [AMR-01] STATE_TRANSITION MOVING -> EMERGENCY_STOP (intent=STOP)
05:17:43.147 [AMR-01] SAFETY_STOP min_obstacle_distance=1.10m <= 1.2m
05:17:43.249 [AMR-01] STATE_TRANSITION EMERGENCY_STOP -> MOVING (intent=MOVE)
05:17:43.350 [AMR-01] STATE_TRANSITION MOVING -> EMERGENCY_STOP (intent=STOP)
05:17:43.350 [AMR-01] SAFETY_STOP min_obstacle_distance=1.07m <= 1.2m
05:17:43.451 [AMR-01] STATE_TRANSITION EMERGENCY_STOP -> MOVING (intent=MOVE)
05:17:43.552 [AMR-01] STATE_TRANSITION MOVING -> EMERGENCY_STOP (intent=STOP)
05:17:43.552 [AMR-01] SAFETY_STOP min_obstacle_distance=1.00m <= 1.2m
05:17:43.653 [AMR-01] STATE_TRANSITION EMERGENCY_STOP -> MOVING (intent=MOVE)
05:17:43.754 [AMR-01] STATE_TRANSITION MOVING -> EMERGENCY_STOP (intent=STOP)
05:17:43.755 [AMR-01] SAFETY_STOP min_obstacle_distance=1.01m <= 1.2m
05:17:43.856 [AMR-01] STATE_TRANSITION EMERGENCY_STOP -> MOVING (intent=MOVE)
05:17:43.959 [AMR-01] STATE_TRANSITION MOVING -> EMERGENCY_STOP (intent=STOP)
05:17:43.959 [AMR-01] SAFETY_STOP min_obstacle_distance=1.05m <= 1.2m
05:17:44.059 [AMR-01] STATE_TRANSITION EMERGENCY_STOP -> MOVING (intent=MOVE)
05:17:44.159 [AMR-01] STATE_TRANSITION MOVING -> EMERGENCY_STOP (intent=STOP)
05:17:44.160 [AMR-01] SAFETY_STOP min_obstacle_distance=1.10m <= 1.2m
05:17:44.261 [AMR-01] STATE_TRANSITION EMERGENCY_STOP -> MOVING (intent=MOVE)
05:17:44.363 [AMR-01] STATE_TRANSITION MOVING -> EMERGENCY_STOP (intent=STOP)
05:17:44.363 [AMR-01] SAFETY_STOP min_obstacle_distance=1.07m <= 1.2m
05:17:44.464 [AMR-01] STATE_TRANSITION EMERGENCY_STOP -> MOVING (intent=MOVE)
05:17:44.565 [AMR-01] STATE_TRANSITION MOVING -> EMERGENCY_STOP (intent=STOP)
05:17:44.565 [AMR-01] SAFETY_STOP min_obstacle_distance=1.00m <= 1.2m
05:17:44.666 [AMR-01] STATE_TRANSITION EMERGENCY_STOP -> MOVING (intent=MOVE)
05:17:44.767 [AMR-01] STATE_TRANSITION MOVING -> EMERGENCY_STOP (intent=STOP)
05:17:44.767 [AMR-01] SAFETY_STOP min_obstacle_distance=1.01m <= 1.2m
05:17:44.868 [AMR-01] STATE_TRANSITION EMERGENCY_STOP -> MOVING (intent=MOVE)
05:17:44.971 [AMR-01] STATE_TRANSITION MOVING -> EMERGENCY_STOP (intent=STOP)
05:17:44.971 [AMR-01] SAFETY_STOP min_obstacle_distance=1.04m <= 1.2m
05:17:45.071 [AMR-01] STATE_TRANSITION EMERGENCY_STOP -> MOVING (intent=MOVE)
05:17:45.172 [AMR-01] STATE_TRANSITION MOVING -> EMERGENCY_STOP (intent=STOP)
05:17:45.172 [AMR-01] SAFETY_STOP min_obstacle_distance=1.10m <= 1.2m
05:17:45.273 [AMR-01] STATE_TRANSITION EMERGENCY_STOP -> MOVING (intent=MOVE)
05:17:45.374 [AMR-01] STATE_TRANSITION MOVING -> EMERGENCY_STOP (intent=STOP)
05:17:45.374 [AMR-01] SAFETY_STOP min_obstacle_distance=1.07m <= 1.2m
05:17:45.474 [AMR-01] STATE_TRANSITION EMERGENCY_STOP -> MOVING (intent=MOVE)
05:17:45.574 [AMR-01] STATE_TRANSITION MOVING -> EMERGENCY_STOP (intent=STOP)
05:17:45.574 [AMR-01] SAFETY_STOP min_obstacle_distance=1.00m <= 1.2m
05:17:45.675 [AMR-01] STATE_TRANSITION EMERGENCY_STOP -> MOVING (intent=MOVE)
05:17:45.776 [AMR-01] STATE_TRANSITION MOVING -> EMERGENCY_STOP (intent=STOP)
05:17:45.776 [AMR-01] SAFETY_STOP min_obstacle_distance=1.01m <= 1.2m
05:17:45.876 [AMR-01] STATE_TRANSITION EMERGENCY_STOP -> MOVING (intent=MOVE)
05:17:45.977 [AMR-01] STATE_TRANSITION MOVING -> EMERGENCY_STOP (intent=STOP)
05:17:45.977 [AMR-01] SAFETY_STOP min_obstacle_distance=1.04m <= 1.2m
05:17:46.078 [AMR-01] STATE_TRANSITION EMERGENCY_STOP -> MOVING (intent=MOVE)
05:17:46.178 [AMR-01] STATE_TRANSITION MOVING -> EMERGENCY_STOP (intent=STOP)
05:17:46.178 [AMR-01] SAFETY_STOP min_obstacle_distance=1.10m <= 1.2m
05:17:46.280 [AMR-01] STATE_TRANSITION EMERGENCY_STOP -> MOVING (intent=MOVE)
05:17:46.381 [AMR-01] STATE_TRANSITION MOVING -> EMERGENCY_STOP (intent=STOP)
05:17:46.381 [AMR-01] SAFETY_STOP min_obstacle_distance=1.08m <= 1.2m
05:17:46.481 [AMR-01] STATE_TRANSITION EMERGENCY_STOP -> MOVING (intent=MOVE)
05:17:46.582 [AMR-01] STATE_TRANSITION MOVING -> EMERGENCY_STOP (intent=STOP)
05:17:46.582 [AMR-01] SAFETY_STOP min_obstacle_distance=1.01m <= 1.2m
05:17:46.685 [AMR-01] STATE_TRANSITION EMERGENCY_STOP -> MOVING (intent=MOVE)
05:17:46.785 [AMR-01] STATE_TRANSITION MOVING -> EMERGENCY_STOP (intent=STOP)
05:17:46.785 [AMR-01] SAFETY_STOP min_obstacle_distance=1.04m <= 1.2m
05:17:46.885 [AMR-01] STATE_TRANSITION EMERGENCY_STOP -> MOVING (intent=MOVE)
05:17:46.988 [AMR-01] STATE_TRANSITION MOVING -> EMERGENCY_STOP (intent=STOP)
05:17:46.988 [AMR-01] SAFETY_STOP min_obstacle_distance=1.10m <= 1.2m
05:17:47.089 [AMR-01] STATE_TRANSITION EMERGENCY_STOP -> MOVING (intent=MOVE)
05:17:47.191 [AMR-01] STATE_TRANSITION MOVING -> EMERGENCY_STOP (intent=STOP)
05:17:47.191 [AMR-01] SAFETY_STOP min_obstacle_distance=1.07m <= 1.2m
05:17:47.292 [AMR-01] STATE_TRANSITION EMERGENCY_STOP -> MOVING (intent=MOVE)
05:17:47.392 [AMR-01] STATE_TRANSITION MOVING -> EMERGENCY_STOP (intent=STOP)
05:17:47.393 [AMR-01] SAFETY_STOP min_obstacle_distance=1.03m <= 1.2m
05:17:47.494 [AMR-01] STATE_TRANSITION EMERGENCY_STOP -> MOVING (intent=MOVE)
05:17:47.594 [AMR-01] STATE_TRANSITION MOVING -> EMERGENCY_STOP (intent=STOP)
05:17:47.594 [AMR-01] SAFETY_STOP min_obstacle_distance=1.01m <= 1.2m
05:17:47.696 [AMR-01] STATE_TRANSITION EMERGENCY_STOP -> MOVING (intent=MOVE)
05:17:47.795 [AMR-01] STATE_TRANSITION MOVING -> EMERGENCY_STOP (intent=STOP)
05:17:47.795 [AMR-01] SAFETY_STOP min_obstacle_distance=1.04m <= 1.2m
05:17:47.896 [AMR-01] STATE_TRANSITION EMERGENCY_STOP -> MOVING (intent=MOVE)
05:17:47.997 [AMR-01] STATE_TRANSITION MOVING -> EMERGENCY_STOP (intent=STOP)
05:17:47.997 [AMR-01] SAFETY_STOP min_obstacle_distance=1.10m <= 1.2m
05:17:48.097 [AMR-01] STATE_TRANSITION EMERGENCY_STOP -> MOVING (intent=MOVE)
05:17:48.198 [AMR-01] STATE_TRANSITION MOVING -> EMERGENCY_STOP (intent=STOP)
05:17:48.199 [AMR-01] SAFETY_STOP min_obstacle_distance=1.08m <= 1.2m
05:17:48.300 [AMR-01] STATE_TRANSITION EMERGENCY_STOP -> MOVING (intent=MOVE)
05:17:48.401 [AMR-01] STATE_TRANSITION MOVING -> EMERGENCY_STOP (intent=STOP)
05:17:48.401 [AMR-01] SAFETY_STOP min_obstacle_distance=1.03m <= 1.2m
05:17:48.501 [AMR-01] STATE_TRANSITION EMERGENCY_STOP -> MOVING (intent=MOVE)
05:17:48.601 [AMR-01] STATE_TRANSITION MOVING -> EMERGENCY_STOP (intent=STOP)
05:17:48.601 [AMR-01] SAFETY_STOP min_obstacle_distance=1.01m <= 1.2m
05:17:48.703 [AMR-01] STATE_TRANSITION EMERGENCY_STOP -> MOVING (intent=MOVE)
05:17:48.803 [AMR-01] STATE_TRANSITION MOVING -> EMERGENCY_STOP (intent=STOP)
05:17:48.803 [AMR-01] SAFETY_STOP min_obstacle_distance=1.04m <= 1.2m
05:17:48.903 [AMR-01] STATE_TRANSITION EMERGENCY_STOP -> MOVING (intent=MOVE)
05:17:49.003 [AMR-01] STATE_TRANSITION MOVING -> EMERGENCY_STOP (intent=STOP)
05:17:49.003 [AMR-01] SAFETY_STOP min_obstacle_distance=1.10m <= 1.2m
05:17:49.104 [AMR-01] STATE_TRANSITION EMERGENCY_STOP -> MOVING (intent=MOVE)
05:17:49.204 [AMR-01] STATE_TRANSITION MOVING -> EMERGENCY_STOP (intent=STOP)
05:17:49.204 [AMR-01] SAFETY_STOP min_obstacle_distance=1.08m <= 1.2m
05:17:49.304 [AMR-01] STATE_TRANSITION EMERGENCY_STOP -> MOVING (intent=MOVE)
05:17:49.405 [AMR-01] STATE_TRANSITION MOVING -> EMERGENCY_STOP (intent=STOP)
05:17:49.405 [AMR-01] SAFETY_STOP min_obstacle_distance=1.03m <= 1.2m
05:17:49.506 [AMR-01] STATE_TRANSITION EMERGENCY_STOP -> MOVING (intent=MOVE)
05:17:49.607 [AMR-01] STATE_TRANSITION MOVING -> EMERGENCY_STOP (intent=STOP)
05:17:49.607 [AMR-01] SAFETY_STOP min_obstacle_distance=1.01m <= 1.2m
05:17:49.707 [AMR-01] STATE_TRANSITION EMERGENCY_STOP -> MOVING (intent=MOVE)
05:17:49.807 [AMR-01] STATE_TRANSITION MOVING -> EMERGENCY_STOP (intent=STOP)
05:17:49.808 [AMR-01] SAFETY_STOP min_obstacle_distance=1.04m <= 1.2m
05:17:49.909 [AMR-01] STATE_TRANSITION EMERGENCY_STOP -> MOVING (intent=MOVE)
05:17:50.009 [AMR-01] STATE_TRANSITION MOVING -> EMERGENCY_STOP (intent=STOP)
05:17:50.009 [AMR-01] SAFETY_STOP min_obstacle_distance=1.10m <= 1.2m
05:17:50.110 [AMR-01] STATE_TRANSITION EMERGENCY_STOP -> MOVING (intent=MOVE)
05:17:50.210 [AMR-01] STATE_TRANSITION MOVING -> EMERGENCY_STOP (intent=STOP)
05:17:50.210 [AMR-01] SAFETY_STOP min_obstacle_distance=1.08m <= 1.2m
05:17:50.312 [AMR-01] STATE_TRANSITION EMERGENCY_STOP -> MOVING (intent=MOVE)
05:17:50.413 [AMR-01] STATE_TRANSITION MOVING -> EMERGENCY_STOP (intent=STOP)
05:17:50.413 [AMR-01] SAFETY_STOP min_obstacle_distance=1.03m <= 1.2m
05:17:50.513 [AMR-01] STATE_TRANSITION EMERGENCY_STOP -> MOVING (intent=MOVE)
05:17:50.614 [AMR-01] STATE_TRANSITION MOVING -> EMERGENCY_STOP (intent=STOP)
05:17:50.614 [AMR-01] SAFETY_STOP min_obstacle_distance=1.01m <= 1.2m
05:17:50.715 [AMR-01] STATE_TRANSITION EMERGENCY_STOP -> MOVING (intent=MOVE)
05:17:50.815 [AMR-01] STATE_TRANSITION MOVING -> EMERGENCY_STOP (intent=STOP)
05:17:50.815 [AMR-01] SAFETY_STOP min_obstacle_distance=1.04m <= 1.2m
05:17:50.916 [AMR-01] STATE_TRANSITION EMERGENCY_STOP -> MOVING (intent=MOVE)
05:17:51.017 [AMR-01] STATE_TRANSITION MOVING -> EMERGENCY_STOP (intent=STOP)
05:17:51.017 [AMR-01] SAFETY_STOP min_obstacle_distance=1.10m <= 1.2m
05:17:51.118 [AMR-01] STATE_TRANSITION EMERGENCY_STOP -> MOVING (intent=MOVE)
05:17:51.217 [AMR-01] STATE_TRANSITION MOVING -> EMERGENCY_STOP (intent=STOP)
05:17:51.217 [AMR-01] SAFETY_STOP min_obstacle_distance=1.08m <= 1.2m
05:17:51.318 [AMR-01] STATE_TRANSITION EMERGENCY_STOP -> MOVING (intent=MOVE)
05:17:51.419 [AMR-01] STATE_TRANSITION MOVING -> EMERGENCY_STOP (intent=STOP)
05:17:51.420 [AMR-01] SAFETY_STOP min_obstacle_distance=1.03m <= 1.2m
05:17:51.519 [AMR-01] STATE_TRANSITION EMERGENCY_STOP -> MOVING (intent=MOVE)
05:17:51.621 [AMR-01] STATE_TRANSITION MOVING -> EMERGENCY_STOP (intent=STOP)
05:17:51.621 [AMR-01] SAFETY_STOP min_obstacle_distance=1.01m <= 1.2m
05:17:51.724 [AMR-01] STATE_TRANSITION EMERGENCY_STOP -> MOVING (intent=MOVE)
05:17:51.824 [AMR-01] STATE_TRANSITION MOVING -> EMERGENCY_STOP (intent=STOP)
05:17:51.824 [AMR-01] SAFETY_STOP min_obstacle_distance=1.04m <= 1.2m
05:17:51.927 [AMR-01] STATE_TRANSITION EMERGENCY_STOP -> MOVING (intent=MOVE)
05:17:52.027 [AMR-01] STATE_TRANSITION MOVING -> EMERGENCY_STOP (intent=STOP)
05:17:52.027 [AMR-01] SAFETY_STOP min_obstacle_distance=1.10m <= 1.2m
05:17:52.128 [AMR-01] STATE_TRANSITION EMERGENCY_STOP -> MOVING (intent=MOVE)
05:17:52.230 [AMR-01] STATE_TRANSITION MOVING -> EMERGENCY_STOP (intent=STOP)
05:17:52.230 [AMR-01] SAFETY_STOP min_obstacle_distance=1.07m <= 1.2m
05:17:52.331 [AMR-01] STATE_TRANSITION EMERGENCY_STOP -> MOVING (intent=MOVE)
05:17:52.433 [AMR-01] STATE_TRANSITION MOVING -> EMERGENCY_STOP (intent=STOP)
05:17:52.434 [AMR-01] SAFETY_STOP min_obstacle_distance=1.03m <= 1.2m
05:17:52.533 [AMR-01] STATE_TRANSITION EMERGENCY_STOP -> MOVING (intent=MOVE)
05:17:52.635 [AMR-01] STATE_TRANSITION MOVING -> EMERGENCY_STOP (intent=STOP)
05:17:52.635 [AMR-01] SAFETY_STOP min_obstacle_distance=1.01m <= 1.2m
05:17:52.736 [AMR-01] STATE_TRANSITION EMERGENCY_STOP -> MOVING (intent=MOVE)
05:17:52.838 [AMR-01] STATE_TRANSITION MOVING -> EMERGENCY_STOP (intent=STOP)
05:17:52.839 [AMR-01] SAFETY_STOP min_obstacle_distance=1.05m <= 1.2m
05:17:52.939 [AMR-01] STATE_TRANSITION EMERGENCY_STOP -> MOVING (intent=MOVE)
05:17:53.040 [AMR-01] STATE_TRANSITION MOVING -> EMERGENCY_STOP (intent=STOP)
05:17:53.040 [AMR-01] SAFETY_STOP min_obstacle_distance=1.10m <= 1.2m
05:17:53.140 [AMR-01] STATE_TRANSITION EMERGENCY_STOP -> MOVING (intent=MOVE)
05:17:53.240 [AMR-01] STATE_TRANSITION MOVING -> EMERGENCY_STOP (intent=STOP)
05:17:53.240 [AMR-01] SAFETY_STOP min_obstacle_distance=1.08m <= 1.2m
05:17:53.342 [AMR-01] STATE_TRANSITION EMERGENCY_STOP -> MOVING (intent=MOVE)
05:17:53.443 [AMR-01] STATE_TRANSITION MOVING -> EMERGENCY_STOP (intent=STOP)
05:17:53.443 [AMR-01] SAFETY_STOP min_obstacle_distance=1.03m <= 1.2m
05:17:53.543 [AMR-01] STATE_TRANSITION EMERGENCY_STOP -> MOVING (intent=MOVE)
05:17:53.646 [AMR-01] STATE_TRANSITION MOVING -> EMERGENCY_STOP (intent=STOP)
05:17:53.646 [AMR-01] SAFETY_STOP min_obstacle_distance=1.01m <= 1.2m
05:17:53.746 [AMR-01] STATE_TRANSITION EMERGENCY_STOP -> MOVING (intent=MOVE)
05:17:53.847 [AMR-01] STATE_TRANSITION MOVING -> EMERGENCY_STOP (intent=STOP)
05:17:53.847 [AMR-01] SAFETY_STOP min_obstacle_distance=1.04m <= 1.2m
05:17:53.950 [AMR-01] STATE_TRANSITION EMERGENCY_STOP -> MOVING (intent=MOVE)
05:17:54.051 [AMR-01] STATE_TRANSITION MOVING -> EMERGENCY_STOP (intent=STOP)
05:17:54.051 [AMR-01] SAFETY_STOP min_obstacle_distance=1.10m <= 1.2m
05:17:54.151 [AMR-01] STATE_TRANSITION EMERGENCY_STOP -> MOVING (intent=MOVE)
05:17:54.251 [AMR-01] STATE_TRANSITION MOVING -> EMERGENCY_STOP (intent=STOP)
05:17:54.251 [AMR-01] SAFETY_STOP min_obstacle_distance=1.08m <= 1.2m
05:17:54.353 [AMR-01] STATE_TRANSITION EMERGENCY_STOP -> MOVING (intent=MOVE)
05:17:54.453 [AMR-01] STATE_TRANSITION MOVING -> EMERGENCY_STOP (intent=STOP)
05:17:54.454 [AMR-01] SAFETY_STOP min_obstacle_distance=1.03m <= 1.2m
05:17:54.554 [AMR-01] STATE_TRANSITION EMERGENCY_STOP -> MOVING (intent=MOVE)
05:17:54.655 [AMR-01] STATE_TRANSITION MOVING -> EMERGENCY_STOP (intent=STOP)
05:17:54.655 [AMR-01] SAFETY_STOP min_obstacle_distance=1.01m <= 1.2m
05:17:54.755 [AMR-01] STATE_TRANSITION EMERGENCY_STOP -> MOVING (intent=MOVE)
05:17:54.856 [AMR-01] STATE_TRANSITION MOVING -> EMERGENCY_STOP (intent=STOP)
05:17:54.856 [AMR-01] SAFETY_STOP min_obstacle_distance=1.04m <= 1.2m
05:17:54.957 [AMR-01] STATE_TRANSITION EMERGENCY_STOP -> MOVING (intent=MOVE)
05:17:55.058 [AMR-01] STATE_TRANSITION MOVING -> EMERGENCY_STOP (intent=STOP)
05:17:55.058 [AMR-01] SAFETY_STOP min_obstacle_distance=1.10m <= 1.2m
05:17:55.159 [AMR-01] STATE_TRANSITION EMERGENCY_STOP -> MOVING (intent=MOVE)
05:17:55.261 [AMR-01] STATE_TRANSITION MOVING -> EMERGENCY_STOP (intent=STOP)
05:17:55.261 [AMR-01] SAFETY_STOP min_obstacle_distance=1.08m <= 1.2m
05:17:55.362 [AMR-01] STATE_TRANSITION EMERGENCY_STOP -> MOVING (intent=MOVE)
05:17:55.463 [AMR-01] STATE_TRANSITION MOVING -> EMERGENCY_STOP (intent=STOP)
05:17:55.463 [AMR-01] SAFETY_STOP min_obstacle_distance=1.03m <= 1.2m
05:17:55.564 [AMR-01] STATE_TRANSITION EMERGENCY_STOP -> MOVING (intent=MOVE)
05:17:55.665 [AMR-01] STATE_TRANSITION MOVING -> EMERGENCY_STOP (intent=STOP)
05:17:55.666 [AMR-01] SAFETY_STOP min_obstacle_distance=1.01m <= 1.2m
05:17:55.767 [AMR-01] STATE_TRANSITION EMERGENCY_STOP -> MOVING (intent=MOVE)
05:17:55.869 [AMR-01] STATE_TRANSITION MOVING -> EMERGENCY_STOP (intent=STOP)
05:17:55.869 [AMR-01] SAFETY_STOP min_obstacle_distance=1.05m <= 1.2m
05:17:55.971 [AMR-01] STATE_TRANSITION EMERGENCY_STOP -> MOVING (intent=MOVE)
05:17:56.073 [AMR-01] STATE_TRANSITION MOVING -> EMERGENCY_STOP (intent=STOP)
05:17:56.073 [AMR-01] SAFETY_STOP min_obstacle_distance=1.10m <= 1.2m
05:17:56.175 [AMR-01] STATE_TRANSITION EMERGENCY_STOP -> MOVING (intent=MOVE)
05:17:56.277 [AMR-01] STATE_TRANSITION MOVING -> EMERGENCY_STOP (intent=STOP)
05:17:56.277 [AMR-01] SAFETY_STOP min_obstacle_distance=1.07m <= 1.2m
05:17:56.378 [AMR-01] STATE_TRANSITION EMERGENCY_STOP -> MOVING (intent=MOVE)
05:17:56.478 [AMR-01] STATE_TRANSITION MOVING -> EMERGENCY_STOP (intent=STOP)
05:17:56.478 [AMR-01] SAFETY_STOP min_obstacle_distance=1.03m <= 1.2m
05:17:56.578 [AMR-01] STATE_TRANSITION EMERGENCY_STOP -> MOVING (intent=MOVE)
05:17:56.680 [AMR-01] STATE_TRANSITION MOVING -> EMERGENCY_STOP (intent=STOP)
05:17:56.680 [AMR-01] SAFETY_STOP min_obstacle_distance=1.01m <= 1.2m
05:17:56.781 [AMR-01] STATE_TRANSITION EMERGENCY_STOP -> MOVING (intent=MOVE)
05:17:56.881 [AMR-01] STATE_TRANSITION MOVING -> EMERGENCY_STOP (intent=STOP)
05:17:56.881 [AMR-01] SAFETY_STOP min_obstacle_distance=1.04m <= 1.2m
05:17:56.982 [AMR-01] STATE_TRANSITION EMERGENCY_STOP -> MOVING (intent=MOVE)
05:17:57.084 [AMR-01] STATE_TRANSITION MOVING -> EMERGENCY_STOP (intent=STOP)
05:17:57.084 [AMR-01] SAFETY_STOP min_obstacle_distance=1.10m <= 1.2m
05:17:57.186 [AMR-01] STATE_TRANSITION EMERGENCY_STOP -> MOVING (intent=MOVE)
05:17:57.287 [AMR-01] STATE_TRANSITION MOVING -> EMERGENCY_STOP (intent=STOP)
05:17:57.287 [AMR-01] SAFETY_STOP min_obstacle_distance=1.07m <= 1.2m
05:17:57.389 [AMR-01] STATE_TRANSITION EMERGENCY_STOP -> MOVING (intent=MOVE)
05:17:57.491 [AMR-01] STATE_TRANSITION MOVING -> EMERGENCY_STOP (intent=STOP)
05:17:57.492 [AMR-01] SAFETY_STOP min_obstacle_distance=1.03m <= 1.2m
05:17:57.591 [AMR-01] STATE_TRANSITION EMERGENCY_STOP -> MOVING (intent=MOVE)
05:17:57.692 [AMR-01] STATE_TRANSITION MOVING -> EMERGENCY_STOP (intent=STOP)
05:17:57.692 [AMR-01] SAFETY_STOP min_obstacle_distance=1.01m <= 1.2m
05:17:57.793 [AMR-01] STATE_TRANSITION EMERGENCY_STOP -> MOVING (intent=MOVE)
05:17:57.895 [AMR-01] STATE_TRANSITION MOVING -> EMERGENCY_STOP (intent=STOP)
05:17:57.895 [AMR-01] SAFETY_STOP min_obstacle_distance=1.04m <= 1.2m
05:17:57.996 [AMR-01] STATE_TRANSITION EMERGENCY_STOP -> MOVING (intent=MOVE)
05:17:58.098 [AMR-01] STATE_TRANSITION MOVING -> EMERGENCY_STOP (intent=STOP)
05:17:58.098 [AMR-01] SAFETY_STOP min_obstacle_distance=1.10m <= 1.2m
05:17:58.199 [AMR-01] STATE_TRANSITION EMERGENCY_STOP -> MOVING (intent=MOVE)
05:17:58.301 [AMR-01] STATE_TRANSITION MOVING -> EMERGENCY_STOP (intent=STOP)
05:17:58.301 [AMR-01] SAFETY_STOP min_obstacle_distance=1.07m <= 1.2m
05:17:58.403 [AMR-01] STATE_TRANSITION EMERGENCY_STOP -> MOVING (intent=MOVE)
05:17:58.505 [AMR-01] STATE_TRANSITION MOVING -> EMERGENCY_STOP (intent=STOP)
05:17:58.505 [AMR-01] SAFETY_STOP min_obstacle_distance=1.00m <= 1.2m
05:17:58.605 [AMR-01] STATE_TRANSITION EMERGENCY_STOP -> MOVING (intent=MOVE)
05:17:58.707 [AMR-01] STATE_TRANSITION MOVING -> EMERGENCY_STOP (intent=STOP)
05:17:58.707 [AMR-01] SAFETY_STOP min_obstacle_distance=1.01m <= 1.2m
05:17:58.808 [AMR-01] STATE_TRANSITION EMERGENCY_STOP -> MOVING (intent=MOVE)
05:17:58.910 [AMR-01] STATE_TRANSITION MOVING -> EMERGENCY_STOP (intent=STOP)
05:17:58.910 [AMR-01] SAFETY_STOP min_obstacle_distance=1.05m <= 1.2m
05:17:59.011 [AMR-01] STATE_TRANSITION EMERGENCY_STOP -> MOVING (intent=MOVE)
05:17:59.113 [AMR-01] STATE_TRANSITION MOVING -> EMERGENCY_STOP (intent=STOP)
05:17:59.113 [AMR-01] SAFETY_STOP min_obstacle_distance=1.10m <= 1.2m
05:17:59.214 [AMR-01] STATE_TRANSITION EMERGENCY_STOP -> MOVING (intent=MOVE)
05:17:59.316 [AMR-01] STATE_TRANSITION MOVING -> EMERGENCY_STOP (intent=STOP)
05:17:59.316 [AMR-01] SAFETY_STOP min_obstacle_distance=1.07m <= 1.2m
05:17:59.417 [AMR-01] STATE_TRANSITION EMERGENCY_STOP -> MOVING (intent=MOVE)
05:17:59.518 [AMR-01] STATE_TRANSITION MOVING -> EMERGENCY_STOP (intent=STOP)
05:17:59.518 [AMR-01] SAFETY_STOP min_obstacle_distance=1.00m <= 1.2m
05:17:59.619 [AMR-01] CONFLICT_DETECTED peer=AMR-04 type=INTERSECTION node=(22, 9) safe_wait=(21, 9) DECISION=PROCEED (Higher precedence (57.0 vs 53.5) -> Proceed through (22, 9))
05:17:59.619 [AMR-01] STATE_TRANSITION EMERGENCY_STOP -> MOVING (intent=MOVE)
05:17:59.720 [AMR-01] STATE_TRANSITION MOVING -> EMERGENCY_STOP (intent=STOP)
05:17:59.720 [AMR-01] SAFETY_STOP min_obstacle_distance=1.01m <= 1.2m
05:17:59.821 [AMR-01] CONFLICT_DETECTED peer=AMR-04 type=INTERSECTION node=(22, 9) safe_wait=(21, 9) DECISION=PROCEED (Higher precedence (57.0 vs 53.8) -> Proceed through (22, 9))
05:17:59.821 [AMR-01] STATE_TRANSITION EMERGENCY_STOP -> MOVING (intent=MOVE)
05:17:59.922 [AMR-01] STATE_TRANSITION MOVING -> EMERGENCY_STOP (intent=STOP)
05:17:59.922 [AMR-01] SAFETY_STOP min_obstacle_distance=1.04m <= 1.2m
05:18:00.024 [AMR-01] CONFLICT_DETECTED peer=AMR-04 type=INTERSECTION node=(22, 9) safe_wait=(21, 9) DECISION=PROCEED (Higher precedence (57.1 vs 54.2) -> Proceed through (22, 9))
05:18:00.024 [AMR-01] STATE_TRANSITION EMERGENCY_STOP -> MOVING (intent=MOVE)
05:18:00.125 [AMR-01] STATE_TRANSITION MOVING -> EMERGENCY_STOP (intent=STOP)
05:18:00.125 [AMR-01] SAFETY_STOP min_obstacle_distance=1.10m <= 1.2m
05:18:00.227 [AMR-01] CONFLICT_DETECTED peer=AMR-04 type=INTERSECTION node=(22, 9) safe_wait=(21, 9) DECISION=PROCEED (Higher precedence (57.2 vs 54.6) -> Proceed through (22, 9))
05:18:00.228 [AMR-01] STATE_TRANSITION EMERGENCY_STOP -> MOVING (intent=MOVE)
05:18:00.328 [AMR-01] STATE_TRANSITION MOVING -> EMERGENCY_STOP (intent=STOP)
05:18:00.328 [AMR-01] SAFETY_STOP min_obstacle_distance=1.17m <= 1.2m
05:18:00.430 [AMR-01] CONFLICT_DETECTED peer=AMR-04 type=INTERSECTION node=(22, 9) safe_wait=(21, 9) DECISION=PROCEED (Higher precedence (57.3 vs 55.0) -> Proceed through (22, 9))
05:18:00.430 [AMR-01] STATE_TRANSITION EMERGENCY_STOP -> MOVING (intent=MOVE)
05:18:00.531 [AMR-01] STATE_TRANSITION MOVING -> EMERGENCY_STOP (intent=STOP)
05:18:00.531 [AMR-01] SAFETY_STOP min_obstacle_distance=1.00m <= 1.2m
05:18:00.632 [AMR-01] CONFLICT_DETECTED peer=AMR-04 type=INTERSECTION node=(22, 9) safe_wait=(21, 9) DECISION=PROCEED (Higher precedence (57.0 vs 55.3) -> Proceed through (22, 9))
05:18:00.632 [AMR-01] STATE_TRANSITION EMERGENCY_STOP -> MOVING (intent=MOVE)
05:18:00.733 [AMR-01] STATE_TRANSITION MOVING -> EMERGENCY_STOP (intent=STOP)
05:18:00.733 [AMR-01] SAFETY_STOP min_obstacle_distance=1.01m <= 1.2m
05:18:00.834 [AMR-01] CONFLICT_DETECTED peer=AMR-04 type=INTERSECTION node=(22, 9) safe_wait=(21, 9) DECISION=PROCEED (Higher precedence (57.0 vs 55.7) -> Proceed through (22, 9))
05:18:00.834 [AMR-01] STATE_TRANSITION EMERGENCY_STOP -> MOVING (intent=MOVE)
05:18:00.935 [AMR-01] STATE_TRANSITION MOVING -> EMERGENCY_STOP (intent=STOP)
05:18:00.935 [AMR-01] SAFETY_STOP min_obstacle_distance=1.04m <= 1.2m
05:18:01.037 [AMR-01] CONFLICT_DETECTED peer=AMR-04 type=INTERSECTION node=(22, 9) safe_wait=(21, 9) DECISION=PROCEED (Higher precedence (57.1 vs 56.1) -> Proceed through (22, 9))
05:18:01.037 [AMR-01] STATE_TRANSITION EMERGENCY_STOP -> MOVING (intent=MOVE)
05:18:01.139 [AMR-01] STATE_TRANSITION MOVING -> EMERGENCY_STOP (intent=STOP)
05:18:01.139 [AMR-01] SAFETY_STOP min_obstacle_distance=1.10m <= 1.2m
05:18:01.240 [AMR-01] CONFLICT_DETECTED peer=AMR-04 type=INTERSECTION node=(22, 9) safe_wait=(21, 9) DECISION=PROCEED (Higher precedence (57.2 vs 56.5) -> Proceed through (22, 9))
05:18:01.240 [AMR-01] STATE_TRANSITION EMERGENCY_STOP -> MOVING (intent=MOVE)
05:18:01.342 [AMR-01] STATE_TRANSITION MOVING -> EMERGENCY_STOP (intent=STOP)
05:18:01.342 [AMR-01] SAFETY_STOP min_obstacle_distance=1.17m <= 1.2m
05:18:01.444 [AMR-01] CONFLICT_DETECTED peer=AMR-04 type=INTERSECTION node=(22, 9) safe_wait=(21, 9) DECISION=PROCEED (Higher precedence (57.3 vs 56.9) -> Proceed through (22, 9))
05:18:01.444 [AMR-01] STATE_TRANSITION EMERGENCY_STOP -> MOVING (intent=MOVE)
05:18:01.544 [AMR-01] STATE_TRANSITION MOVING -> EMERGENCY_STOP (intent=STOP)
05:18:01.544 [AMR-01] SAFETY_STOP min_obstacle_distance=1.00m <= 1.2m
05:18:01.645 [AMR-01] CONFLICT_DETECTED peer=AMR-04 type=INTERSECTION node=(22, 9) safe_wait=(21, 9) DECISION=YIELD (Lower precedence at intersection (57.0 vs 57.4) -> Safe wait at (21, 9) for AMR-04)
05:18:01.645 [AMR-01] STATE_TRANSITION EMERGENCY_STOP -> YIELDING (intent=YIELD)
05:18:01.746 [AMR-01] CONFLICT_DETECTED peer=AMR-04 type=INTERSECTION node=(22, 9) safe_wait=(21, 9) DECISION=YIELD (Lower precedence at intersection (57.2 vs 57.2) -> Safe wait at (21, 9) for AMR-04)
05:18:01.847 [AMR-01] CONFLICT_DETECTED peer=AMR-04 type=INTERSECTION node=(22, 9) safe_wait=(21, 9) DECISION=PROCEED (Higher precedence (57.4 vs 57.1) -> Proceed through (22, 9))
05:18:01.847 [AMR-01] STATE_TRANSITION YIELDING -> MOVING (intent=MOVE)
05:18:01.948 [AMR-01] STATE_TRANSITION MOVING -> EMERGENCY_STOP (intent=STOP)
05:18:01.948 [AMR-01] SAFETY_STOP min_obstacle_distance=1.01m <= 1.2m
05:18:02.050 [AMR-01] CONFLICT_DETECTED peer=AMR-04 type=INTERSECTION node=(22, 9) safe_wait=(21, 9) DECISION=PROCEED (Higher precedence (57.2 vs 57.0) -> Proceed through (22, 9))
05:18:02.050 [AMR-01] STATE_TRANSITION EMERGENCY_STOP -> MOVING (intent=MOVE)
05:18:02.151 [AMR-01] STATE_TRANSITION MOVING -> EMERGENCY_STOP (intent=STOP)
05:18:02.151 [AMR-01] SAFETY_STOP min_obstacle_distance=1.05m <= 1.2m
05:18:02.253 [AMR-01] CONFLICT_DETECTED peer=AMR-04 type=INTERSECTION node=(22, 9) safe_wait=(21, 9) DECISION=YIELD (Lower precedence at intersection (57.1 vs 57.4) -> Safe wait at (21, 9) for AMR-04)
05:18:02.253 [AMR-01] STATE_TRANSITION EMERGENCY_STOP -> YIELDING (intent=YIELD)
05:18:02.354 [AMR-01] CONFLICT_DETECTED peer=AMR-04 type=INTERSECTION node=(22, 9) safe_wait=(21, 9) DECISION=PROCEED (Higher precedence (57.3 vs 57.2) -> Proceed through (22, 9))
05:18:02.354 [AMR-01] STATE_TRANSITION YIELDING -> MOVING (intent=MOVE)
05:18:02.456 [AMR-01] STATE_TRANSITION MOVING -> EMERGENCY_STOP (intent=STOP)
05:18:02.456 [AMR-01] SAFETY_STOP min_obstacle_distance=1.10m <= 1.2m
05:18:02.557 [AMR-01] CONFLICT_DETECTED peer=AMR-04 type=INTERSECTION node=(22, 9) safe_wait=(21, 9) DECISION=YIELD (Lower precedence at intersection (57.0 vs 57.1) -> Safe wait at (21, 9) for AMR-04)
05:18:02.557 [AMR-01] STATE_TRANSITION EMERGENCY_STOP -> YIELDING (intent=YIELD)
05:18:02.659 [AMR-01] CONFLICT_DETECTED peer=AMR-04 type=INTERSECTION node=(22, 9) safe_wait=(21, 9) DECISION=PROCEED (Higher precedence (57.2 vs 56.8) -> Proceed through (22, 9))
05:18:02.659 [AMR-01] STATE_TRANSITION YIELDING -> MOVING (intent=MOVE)
05:18:02.760 [AMR-01] STATE_TRANSITION MOVING -> EMERGENCY_STOP (intent=STOP)
05:18:02.760 [AMR-01] SAFETY_STOP min_obstacle_distance=1.01m <= 1.2m
05:18:02.861 [AMR-01] CONFLICT_DETECTED peer=AMR-04 type=INTERSECTION node=(22, 9) safe_wait=(21, 9) DECISION=YIELD (Lower precedence at intersection (57.0 vs 57.1) -> Safe wait at (21, 9) for AMR-04)
05:18:02.861 [AMR-01] STATE_TRANSITION EMERGENCY_STOP -> YIELDING (intent=YIELD)
05:18:02.962 [AMR-01] CONFLICT_DETECTED peer=AMR-04 type=INTERSECTION node=(22, 9) safe_wait=(21, 9) DECISION=YIELD (Lower precedence at intersection (57.2 vs 57.4) -> Safe wait at (21, 9) for AMR-04)
05:18:03.064 [AMR-01] CONFLICT_DETECTED peer=AMR-04 type=INTERSECTION node=(22, 9) safe_wait=(21, 9) DECISION=PROCEED (Higher precedence (57.4 vs 57.2) -> Proceed through (22, 9))
05:18:03.064 [AMR-01] STATE_TRANSITION YIELDING -> MOVING (intent=MOVE)
05:18:03.165 [AMR-01] STATE_TRANSITION MOVING -> EMERGENCY_STOP (intent=STOP)
05:18:03.165 [AMR-01] SAFETY_STOP min_obstacle_distance=1.05m <= 1.2m
05:18:03.267 [AMR-01] CONFLICT_DETECTED peer=AMR-04 type=INTERSECTION node=(22, 9) safe_wait=(21, 9) DECISION=PROCEED (Higher precedence (57.3 vs 57.3) -> Proceed through (22, 9))
05:18:03.267 [AMR-01] STATE_TRANSITION EMERGENCY_STOP -> MOVING (intent=MOVE)
05:18:03.369 [AMR-01] STATE_TRANSITION MOVING -> EMERGENCY_STOP (intent=STOP)
05:18:03.369 [AMR-01] SAFETY_STOP min_obstacle_distance=1.10m <= 1.2m
05:18:03.471 [AMR-01] CONFLICT_DETECTED peer=AMR-04 type=INTERSECTION node=(22, 9) safe_wait=(21, 9) DECISION=YIELD (Lower precedence at intersection (57.2 vs 57.4) -> Safe wait at (21, 9) for AMR-04)
05:18:03.471 [AMR-01] STATE_TRANSITION EMERGENCY_STOP -> YIELDING (intent=YIELD)
05:18:03.571 [AMR-01] CONFLICT_DETECTED peer=AMR-04 type=INTERSECTION node=(22, 9) safe_wait=(21, 9) DECISION=YIELD (Lower precedence at intersection (57.2 vs 57.4) -> Safe wait at (21, 9) for AMR-04)
05:18:03.672 [AMR-01] CONFLICT_DETECTED peer=AMR-04 type=INTERSECTION node=(22, 9) safe_wait=(21, 9) DECISION=PROCEED (Higher precedence (57.4 vs 57.0) -> Proceed through (22, 9))
05:18:03.672 [AMR-01] STATE_TRANSITION YIELDING -> MOVING (intent=MOVE)
05:18:03.774 [AMR-01] STATE_TRANSITION MOVING -> EMERGENCY_STOP (intent=STOP)
05:18:03.774 [AMR-01] SAFETY_STOP min_obstacle_distance=1.01m <= 1.2m
05:18:03.876 [AMR-01] CONFLICT_DETECTED peer=AMR-04 type=INTERSECTION node=(22, 9) safe_wait=(21, 9) DECISION=YIELD (Lower precedence at intersection (57.2 vs 57.4) -> Safe wait at (21, 9) for AMR-04)
05:18:03.876 [AMR-01] STATE_TRANSITION EMERGENCY_STOP -> YIELDING (intent=YIELD)
05:18:03.978 [AMR-01] CONFLICT_DETECTED peer=AMR-04 type=INTERSECTION node=(22, 9) safe_wait=(21, 9) DECISION=YIELD (Lower precedence at intersection (57.4 vs 57.6) -> Safe wait at (21, 9) for AMR-04)
05:18:04.079 [AMR-01] CONFLICT_DETECTED peer=AMR-04 type=INTERSECTION node=(22, 9) safe_wait=(21, 9) DECISION=PROCEED (Higher precedence (57.6 vs 57.4) -> Proceed through (22, 9))
05:18:04.079 [AMR-01] STATE_TRANSITION YIELDING -> MOVING (intent=MOVE)
05:18:04.180 [AMR-01] STATE_TRANSITION MOVING -> EMERGENCY_STOP (intent=STOP)
05:18:04.180 [AMR-01] SAFETY_STOP min_obstacle_distance=1.05m <= 1.2m
05:18:04.281 [AMR-01] CONFLICT_DETECTED peer=AMR-04 type=INTERSECTION node=(22, 9) safe_wait=(21, 9) DECISION=PROCEED (Higher precedence (57.5 vs 57.5) -> Proceed through (22, 9))
05:18:04.281 [AMR-01] STATE_TRANSITION EMERGENCY_STOP -> MOVING (intent=MOVE)
05:18:04.383 [AMR-01] STATE_TRANSITION MOVING -> EMERGENCY_STOP (intent=STOP)
05:18:04.383 [AMR-01] SAFETY_STOP min_obstacle_distance=1.10m <= 1.2m
05:18:04.485 [AMR-01] CONFLICT_DETECTED peer=AMR-04 type=INTERSECTION node=(22, 9) safe_wait=(21, 9) DECISION=YIELD (Lower precedence at intersection (57.4 vs 57.6) -> Safe wait at (21, 9) for AMR-04)
05:18:04.485 [AMR-01] STATE_TRANSITION EMERGENCY_STOP -> YIELDING (intent=YIELD)
05:18:04.585 [AMR-01] CONFLICT_DETECTED peer=AMR-04 type=INTERSECTION node=(22, 9) safe_wait=(21, 9) DECISION=YIELD (Lower precedence at intersection (57.4 vs 57.6) -> Safe wait at (21, 9) for AMR-04)
05:18:04.686 [AMR-01] CONFLICT_DETECTED peer=AMR-04 type=INTERSECTION node=(22, 9) safe_wait=(21, 9) DECISION=YIELD (Lower precedence at intersection (57.6 vs 57.6) -> Safe wait at (21, 9) for AMR-04)
05:18:04.788 [AMR-01] CONFLICT_DETECTED peer=AMR-04 type=INTERSECTION node=(22, 9) safe_wait=(21, 9) DECISION=PROCEED (Higher precedence (57.8 vs 57.6) -> Proceed through (22, 9))
05:18:04.788 [AMR-01] STATE_TRANSITION YIELDING -> MOVING (intent=MOVE)
05:18:04.889 [AMR-01] STATE_TRANSITION MOVING -> EMERGENCY_STOP (intent=STOP)
05:18:04.889 [AMR-01] SAFETY_STOP min_obstacle_distance=1.01m <= 1.2m
05:18:04.991 [AMR-01] CONFLICT_DETECTED peer=AMR-04 type=INTERSECTION node=(22, 9) safe_wait=(21, 9) DECISION=PROCEED (Higher precedence (57.6 vs 57.5) -> Proceed through (22, 9))
05:18:04.991 [AMR-01] STATE_TRANSITION EMERGENCY_STOP -> MOVING (intent=MOVE)
05:18:05.092 [AMR-01] STATE_TRANSITION MOVING -> EMERGENCY_STOP (intent=STOP)
05:18:05.092 [AMR-01] SAFETY_STOP min_obstacle_distance=1.05m <= 1.2m
05:18:05.194 [AMR-01] CONFLICT_DETECTED peer=AMR-04 type=INTERSECTION node=(22, 9) safe_wait=(21, 9) DECISION=YIELD (Lower precedence at intersection (57.5 vs 57.6) -> Safe wait at (21, 9) for AMR-04)
05:18:05.194 [AMR-01] STATE_TRANSITION EMERGENCY_STOP -> YIELDING (intent=YIELD)
05:18:05.296 [AMR-01] CONFLICT_DETECTED peer=AMR-04 type=INTERSECTION node=(22, 9) safe_wait=(21, 9) DECISION=PROCEED (Higher precedence (57.7 vs 57.6) -> Proceed through (22, 9))
05:18:05.296 [AMR-01] STATE_TRANSITION YIELDING -> MOVING (intent=MOVE)
05:18:05.397 [AMR-01] STATE_TRANSITION MOVING -> EMERGENCY_STOP (intent=STOP)
05:18:05.397 [AMR-01] SAFETY_STOP min_obstacle_distance=1.10m <= 1.2m
05:18:05.498 [AMR-01] CONFLICT_DETECTED peer=AMR-04 type=INTERSECTION node=(22, 9) safe_wait=(21, 9) DECISION=YIELD (Lower precedence at intersection (57.4 vs 57.5) -> Safe wait at (21, 9) for AMR-04)
05:18:05.498 [AMR-01] STATE_TRANSITION EMERGENCY_STOP -> YIELDING (intent=YIELD)
05:18:05.599 [AMR-01] CONFLICT_DETECTED peer=AMR-04 type=INTERSECTION node=(22, 9) safe_wait=(21, 9) DECISION=PROCEED (Higher precedence (57.6 vs 57.4) -> Proceed through (22, 9))
05:18:05.599 [AMR-01] STATE_TRANSITION YIELDING -> MOVING (intent=MOVE)
05:18:05.700 [AMR-01] STATE_TRANSITION MOVING -> EMERGENCY_STOP (intent=STOP)
05:18:05.701 [AMR-01] SAFETY_STOP min_obstacle_distance=1.01m <= 1.2m
05:18:05.802 [AMR-01] CONFLICT_DETECTED peer=AMR-04 type=INTERSECTION node=(22, 9) safe_wait=(21, 9) DECISION=YIELD (Lower precedence at intersection (57.4 vs 57.5) -> Safe wait at (21, 9) for AMR-04)
05:18:05.802 [AMR-01] STATE_TRANSITION EMERGENCY_STOP -> YIELDING (intent=YIELD)
05:18:05.903 [AMR-01] CONFLICT_DETECTED peer=AMR-04 type=INTERSECTION node=(22, 9) safe_wait=(21, 9) DECISION=PROCEED (Higher precedence (57.6 vs 57.5) -> Proceed through (22, 9))
05:18:05.903 [AMR-01] STATE_TRANSITION YIELDING -> MOVING (intent=MOVE)
05:18:06.004 [AMR-01] STATE_TRANSITION MOVING -> EMERGENCY_STOP (intent=STOP)
05:18:06.005 [AMR-01] SAFETY_STOP min_obstacle_distance=1.04m <= 1.2m
05:18:06.106 [AMR-01] CONFLICT_DETECTED peer=AMR-04 type=INTERSECTION node=(22, 9) safe_wait=(21, 9) DECISION=PROCEED (Higher precedence (57.5 vs 57.4) -> Proceed through (22, 9))
05:18:06.107 [AMR-01] STATE_TRANSITION EMERGENCY_STOP -> MOVING (intent=MOVE)
05:18:06.208 [AMR-01] STATE_TRANSITION MOVING -> EMERGENCY_STOP (intent=STOP)
05:18:06.208 [AMR-01] SAFETY_STOP min_obstacle_distance=1.10m <= 1.2m
05:18:06.309 [AMR-01] CONFLICT_DETECTED peer=AMR-04 type=INTERSECTION node=(22, 9) safe_wait=(21, 9) DECISION=YIELD (Lower precedence at intersection (57.4 vs 57.5) -> Safe wait at (21, 9) for AMR-04)
05:18:06.309 [AMR-01] STATE_TRANSITION EMERGENCY_STOP -> YIELDING (intent=YIELD)
05:18:06.410 [AMR-01] CONFLICT_DETECTED peer=AMR-04 type=INTERSECTION node=(22, 9) safe_wait=(21, 9) DECISION=PROCEED (Higher precedence (57.6 vs 57.5) -> Proceed through (22, 9))
05:18:06.410 [AMR-01] STATE_TRANSITION YIELDING -> MOVING (intent=MOVE)
05:18:06.511 [AMR-01] STATE_TRANSITION MOVING -> EMERGENCY_STOP (intent=STOP)
05:18:06.511 [AMR-01] SAFETY_STOP min_obstacle_distance=1.00m <= 1.2m
05:18:06.613 [AMR-01] CONFLICT_DETECTED peer=AMR-04 type=INTERSECTION node=(22, 9) safe_wait=(21, 9) DECISION=PROCEED (Higher precedence (57.2 vs 57.0) -> Proceed through (22, 9))
05:18:06.613 [AMR-01] STATE_TRANSITION EMERGENCY_STOP -> MOVING (intent=MOVE)
05:18:06.714 [AMR-01] STATE_TRANSITION MOVING -> EMERGENCY_STOP (intent=STOP)
05:18:06.714 [AMR-01] SAFETY_STOP min_obstacle_distance=1.01m <= 1.2m
05:18:06.815 [AMR-01] CONFLICT_DETECTED peer=AMR-04 type=INTERSECTION node=(22, 9) safe_wait=(21, 9) DECISION=YIELD (Lower precedence at intersection (57.0 vs 57.1) -> Safe wait at (21, 9) for AMR-04)
05:18:06.816 [AMR-01] STATE_TRANSITION EMERGENCY_STOP -> YIELDING (intent=YIELD)
05:18:06.917 [AMR-01] CONFLICT_DETECTED peer=AMR-04 type=INTERSECTION node=(22, 9) safe_wait=(21, 9) DECISION=PROCEED (Higher precedence (57.2 vs 57.1) -> Proceed through (22, 9))
05:18:06.918 [AMR-01] STATE_TRANSITION YIELDING -> MOVING (intent=MOVE)
05:18:07.019 [AMR-01] STATE_TRANSITION MOVING -> EMERGENCY_STOP (intent=STOP)
05:18:07.019 [AMR-01] SAFETY_STOP min_obstacle_distance=1.05m <= 1.2m
05:18:07.121 [AMR-01] CONFLICT_DETECTED peer=AMR-04 type=INTERSECTION node=(22, 9) safe_wait=(21, 9) DECISION=PROCEED (Higher precedence (57.1 vs 57.0) -> Proceed through (22, 9))
05:18:07.121 [AMR-01] STATE_TRANSITION EMERGENCY_STOP -> MOVING (intent=MOVE)
05:18:07.222 [AMR-01] STATE_TRANSITION MOVING -> EMERGENCY_STOP (intent=STOP)
05:18:07.222 [AMR-01] SAFETY_STOP min_obstacle_distance=1.10m <= 1.2m
05:18:07.323 [AMR-01] CONFLICT_DETECTED peer=AMR-04 type=INTERSECTION node=(22, 9) safe_wait=(21, 9) DECISION=PROCEED (Higher precedence (57.2 vs 57.1) -> Proceed through (22, 9))
05:18:07.323 [AMR-01] STATE_TRANSITION EMERGENCY_STOP -> MOVING (intent=MOVE)
05:18:07.424 [AMR-01] STATE_TRANSITION MOVING -> EMERGENCY_STOP (intent=STOP)
05:18:07.424 [AMR-01] SAFETY_STOP min_obstacle_distance=1.17m <= 1.2m
05:18:07.525 [AMR-01] CONFLICT_DETECTED peer=AMR-04 type=INTERSECTION node=(22, 9) safe_wait=(21, 9) DECISION=YIELD (Lower precedence at intersection (57.0 vs 57.3) -> Safe wait at (21, 9) for AMR-04)
05:18:07.525 [AMR-01] STATE_TRANSITION EMERGENCY_STOP -> YIELDING (intent=YIELD)
05:18:07.626 [AMR-01] CONFLICT_DETECTED peer=AMR-04 type=INTERSECTION node=(22, 9) safe_wait=(21, 9) DECISION=PROCEED (Higher precedence (57.2 vs 56.8) -> Proceed through (22, 9))
05:18:07.627 [AMR-01] STATE_TRANSITION YIELDING -> MOVING (intent=MOVE)
05:18:07.728 [AMR-01] STATE_TRANSITION MOVING -> EMERGENCY_STOP (intent=STOP)
05:18:07.728 [AMR-01] SAFETY_STOP min_obstacle_distance=1.01m <= 1.2m
05:18:07.830 [AMR-01] CONFLICT_DETECTED peer=AMR-04 type=INTERSECTION node=(22, 9) safe_wait=(21, 9) DECISION=YIELD (Lower precedence at intersection (57.0 vs 57.0) -> Safe wait at (21, 9) for AMR-04)
05:18:07.830 [AMR-01] STATE_TRANSITION EMERGENCY_STOP -> YIELDING (intent=YIELD)
05:18:07.931 [AMR-01] CONFLICT_DETECTED peer=AMR-04 type=INTERSECTION node=(22, 9) safe_wait=(21, 9) DECISION=YIELD (Lower precedence at intersection (57.2 vs 57.2) -> Safe wait at (21, 9) for AMR-04)
05:18:08.033 [AMR-01] CONFLICT_DETECTED peer=AMR-04 type=INTERSECTION node=(22, 9) safe_wait=(21, 9) DECISION=PROCEED (Higher precedence (57.4 vs 57.1) -> Proceed through (22, 9))
05:18:08.033 [AMR-01] STATE_TRANSITION YIELDING -> MOVING (intent=MOVE)
05:18:08.133 [AMR-01] STATE_TRANSITION MOVING -> EMERGENCY_STOP (intent=STOP)
05:18:08.134 [AMR-01] SAFETY_STOP min_obstacle_distance=1.04m <= 1.2m
05:18:08.234 [AMR-01] CONFLICT_DETECTED peer=AMR-04 type=INTERSECTION node=(22, 9) safe_wait=(21, 9) DECISION=YIELD (Lower precedence at intersection (57.3 vs 57.3) -> Safe wait at (21, 9) for AMR-04)
05:18:08.235 [AMR-01] STATE_TRANSITION EMERGENCY_STOP -> YIELDING (intent=YIELD)
05:18:08.335 [AMR-01] CONFLICT_DETECTED peer=AMR-04 type=INTERSECTION node=(22, 9) safe_wait=(21, 9) DECISION=YIELD (Lower precedence at intersection (57.5 vs 57.5) -> Safe wait at (21, 9) for AMR-04)
05:18:08.435 [AMR-01] CONFLICT_DETECTED peer=AMR-04 type=INTERSECTION node=(22, 9) safe_wait=(21, 9) DECISION=PROCEED (Higher precedence (57.7 vs 57.4) -> Proceed through (22, 9))
05:18:08.436 [AMR-01] STATE_TRANSITION YIELDING -> MOVING (intent=MOVE)
05:18:08.535 [AMR-01] CONFLICT_DETECTED peer=AMR-04 type=INTERSECTION node=(22, 9) safe_wait=(21, 9) DECISION=PROCEED (Higher precedence (57.9 vs 57.4) -> Proceed through (22, 9))
05:18:08.636 [AMR-01] CONFLICT_DETECTED peer=AMR-04 type=INTERSECTION node=(22, 9) safe_wait=(21, 9) DECISION=PROCEED (Higher precedence (57.7 vs 57.4) -> Proceed through (22, 9))
05:18:08.737 [AMR-01] CONFLICT_DETECTED peer=AMR-04 type=INTERSECTION node=(22, 9) safe_wait=(21, 9) DECISION=YIELD (Lower precedence at intersection (57.6 vs 57.6) -> Safe wait at (21, 9) for AMR-04)
05:18:08.737 [AMR-01] STATE_TRANSITION MOVING -> YIELDING (intent=YIELD)
05:18:08.838 [AMR-01] CONFLICT_DETECTED peer=AMR-04 type=INTERSECTION node=(22, 9) safe_wait=(21, 9) DECISION=YIELD (Lower precedence at intersection (57.8 vs 57.8) -> Safe wait at (21, 9) for AMR-04)
05:18:08.939 [AMR-01] CONFLICT_DETECTED peer=AMR-04 type=INTERSECTION node=(22, 9) safe_wait=(21, 9) DECISION=PROCEED (Higher precedence (58.0 vs 57.7) -> Proceed through (22, 9))
05:18:08.939 [AMR-01] STATE_TRANSITION YIELDING -> MOVING (intent=MOVE)
05:18:09.039 [AMR-01] STATE_TRANSITION MOVING -> EMERGENCY_STOP (intent=STOP)
05:18:09.039 [AMR-01] SAFETY_STOP min_obstacle_distance=1.14m <= 1.2m
05:18:09.140 [AMR-01] CONFLICT_DETECTED peer=AMR-04 type=INTERSECTION node=(22, 9) safe_wait=(21, 9) DECISION=YIELD (Lower precedence at intersection (57.9 vs 57.9) -> Safe wait at (21, 9) for AMR-04)
05:18:09.140 [AMR-01] STATE_TRANSITION EMERGENCY_STOP -> YIELDING (intent=YIELD)
05:18:09.240 [AMR-01] CONFLICT_DETECTED peer=AMR-04 type=INTERSECTION node=(22, 9) safe_wait=(21, 9) DECISION=YIELD (Lower precedence at intersection (58.1 vs 58.1) -> Safe wait at (21, 9) for AMR-04)
05:18:09.342 [AMR-01] CONFLICT_DETECTED peer=AMR-04 type=INTERSECTION node=(22, 9) safe_wait=(21, 9) DECISION=PROCEED (Higher precedence (58.3 vs 58.0) -> Proceed through (22, 9))
05:18:09.343 [AMR-01] STATE_TRANSITION YIELDING -> MOVING (intent=MOVE)
05:18:09.442 [AMR-01] STATE_TRANSITION MOVING -> EMERGENCY_STOP (intent=STOP)
05:18:09.443 [AMR-01] SAFETY_STOP min_obstacle_distance=1.08m <= 1.2m
05:18:09.543 [AMR-01] CONFLICT_DETECTED peer=AMR-04 type=INTERSECTION node=(22, 9) safe_wait=(21, 9) DECISION=YIELD (Lower precedence at intersection (57.9 vs 58.2) -> Safe wait at (21, 9) for AMR-04)
05:18:09.543 [AMR-01] STATE_TRANSITION EMERGENCY_STOP -> YIELDING (intent=YIELD)
05:18:09.643 [AMR-01] CONFLICT_DETECTED peer=AMR-04 type=INTERSECTION node=(22, 9) safe_wait=(21, 9) DECISION=YIELD (Lower precedence at intersection (58.1 vs 58.2) -> Safe wait at (21, 9) for AMR-04)
05:18:09.744 [AMR-01] CONFLICT_DETECTED peer=AMR-04 type=INTERSECTION node=(22, 9) safe_wait=(21, 9) DECISION=PROCEED (Higher precedence (58.3 vs 58.1) -> Proceed through (22, 9))
05:18:09.744 [AMR-01] STATE_TRANSITION YIELDING -> MOVING (intent=MOVE)
05:18:09.844 [AMR-01] CONFLICT_DETECTED peer=AMR-04 type=INTERSECTION node=(22, 9) safe_wait=(21, 9) DECISION=PROCEED (Higher precedence (58.1 vs 58.1) -> Proceed through (22, 9))
05:18:09.945 [AMR-01] CONFLICT_DETECTED peer=AMR-04 type=INTERSECTION node=(22, 9) safe_wait=(21, 9) DECISION=PROCEED (Higher precedence (58.0 vs 58.0) -> Proceed through (22, 9))
05:18:10.046 [AMR-01] STATE_TRANSITION MOVING -> EMERGENCY_STOP (intent=STOP)
05:18:10.046 [AMR-01] SAFETY_STOP min_obstacle_distance=1.14m <= 1.2m
05:18:10.146 [AMR-01] CONFLICT_DETECTED peer=AMR-04 type=INTERSECTION node=(22, 9) safe_wait=(21, 9) DECISION=YIELD (Lower precedence at intersection (57.9 vs 58.2) -> Safe wait at (21, 9) for AMR-04)
05:18:10.146 [AMR-01] STATE_TRANSITION EMERGENCY_STOP -> YIELDING (intent=YIELD)
05:18:10.247 [AMR-01] CONFLICT_DETECTED peer=AMR-04 type=INTERSECTION node=(22, 9) safe_wait=(21, 9) DECISION=PROCEED (Higher precedence (58.1 vs 58.1) -> Proceed through (22, 9))
05:18:10.247 [AMR-01] STATE_TRANSITION YIELDING -> MOVING (intent=MOVE)
05:18:10.347 [AMR-01] STATE_TRANSITION MOVING -> EMERGENCY_STOP (intent=STOP)
05:18:10.347 [AMR-01] SAFETY_STOP min_obstacle_distance=1.08m <= 1.2m
05:18:10.450 [AMR-01] CONFLICT_DETECTED peer=AMR-04 type=INTERSECTION node=(22, 9) safe_wait=(21, 9) DECISION=PROCEED (Higher precedence (58.0 vs 57.9) -> Proceed through (22, 9))
05:18:10.469 [AMR-01] STATE_TRANSITION EMERGENCY_STOP -> MOVING (intent=MOVE)
05:18:10.549 [AMR-01] CONFLICT_DETECTED peer=AMR-04 type=INTERSECTION node=(22, 9) safe_wait=(21, 9) DECISION=YIELD (Lower precedence at intersection (57.5 vs 57.9) -> Safe wait at (21, 9) for AMR-04)
05:18:10.549 [AMR-01] STATE_TRANSITION MOVING -> YIELDING (intent=YIELD)
05:18:10.650 [AMR-01] CONFLICT_DETECTED peer=AMR-04 type=INTERSECTION node=(22, 9) safe_wait=(21, 9) DECISION=YIELD (Lower precedence at intersection (57.7 vs 57.8) -> Safe wait at (21, 9) for AMR-04)
05:18:10.751 [AMR-01] CONFLICT_DETECTED peer=AMR-04 type=INTERSECTION node=(22, 9) safe_wait=(21, 9) DECISION=YIELD (Lower precedence at intersection (57.9 vs 58.0) -> Safe wait at (21, 9) for AMR-04)
05:18:10.852 [AMR-01] CONFLICT_DETECTED peer=AMR-04 type=INTERSECTION node=(22, 9) safe_wait=(21, 9) DECISION=PROCEED (Higher precedence (58.1 vs 57.9) -> Proceed through (22, 9))
05:18:10.852 [AMR-01] STATE_TRANSITION YIELDING -> MOVING (intent=MOVE)
05:18:10.954 [AMR-01] CONFLICT_DETECTED peer=AMR-04 type=INTERSECTION node=(22, 9) safe_wait=(21, 9) DECISION=PROCEED (Higher precedence (57.9 vs 57.9) -> Proceed through (22, 9))
05:18:11.054 [AMR-01] CONFLICT_DETECTED peer=AMR-04 type=INTERSECTION node=(22, 9) safe_wait=(21, 9) DECISION=PROCEED (Higher precedence (57.8 vs 57.8) -> Proceed through (22, 9))
05:18:11.154 [AMR-01] STATE_TRANSITION MOVING -> EMERGENCY_STOP (intent=STOP)
05:18:11.154 [AMR-01] SAFETY_STOP min_obstacle_distance=1.14m <= 1.2m
05:18:11.254 [AMR-01] CONFLICT_DETECTED peer=AMR-04 type=INTERSECTION node=(22, 9) safe_wait=(21, 9) DECISION=YIELD (Lower precedence at intersection (57.7 vs 57.9) -> Safe wait at (21, 9) for AMR-04)
05:18:11.255 [AMR-01] STATE_TRANSITION EMERGENCY_STOP -> YIELDING (intent=YIELD)
05:18:11.355 [AMR-01] CONFLICT_DETECTED peer=AMR-04 type=INTERSECTION node=(22, 9) safe_wait=(21, 9) DECISION=PROCEED (Higher precedence (57.9 vs 57.9) -> Proceed through (22, 9))
05:18:11.355 [AMR-01] STATE_TRANSITION YIELDING -> MOVING (intent=MOVE)
05:18:11.456 [AMR-01] STATE_TRANSITION MOVING -> EMERGENCY_STOP (intent=STOP)
05:18:11.456 [AMR-01] SAFETY_STOP min_obstacle_distance=1.08m <= 1.2m
05:18:11.556 [AMR-01] CONFLICT_DETECTED peer=AMR-04 type=INTERSECTION node=(22, 9) safe_wait=(21, 9) DECISION=YIELD (Lower precedence at intersection (57.5 vs 57.7) -> Safe wait at (21, 9) for AMR-04)
05:18:11.556 [AMR-01] STATE_TRANSITION EMERGENCY_STOP -> YIELDING (intent=YIELD)
05:18:11.656 [AMR-01] CONFLICT_DETECTED peer=AMR-04 type=INTERSECTION node=(22, 9) safe_wait=(21, 9) DECISION=PROCEED (Higher precedence (57.7 vs 57.4) -> Proceed through (22, 9))
05:18:11.656 [AMR-01] STATE_TRANSITION YIELDING -> MOVING (intent=MOVE)
05:18:11.757 [AMR-01] CONFLICT_DETECTED peer=AMR-04 type=INTERSECTION node=(22, 9) safe_wait=(21, 9) DECISION=YIELD (Lower precedence at intersection (57.5 vs 57.6) -> Safe wait at (21, 9) for AMR-04)
05:18:11.757 [AMR-01] STATE_TRANSITION MOVING -> YIELDING (intent=YIELD)
05:18:11.858 [AMR-01] CONFLICT_DETECTED peer=AMR-04 type=INTERSECTION node=(22, 9) safe_wait=(21, 9) DECISION=PROCEED (Higher precedence (57.7 vs 57.5) -> Proceed through (22, 9))
05:18:11.858 [AMR-01] STATE_TRANSITION YIELDING -> MOVING (intent=MOVE)
05:18:11.959 [AMR-01] CONFLICT_DETECTED peer=AMR-04 type=INTERSECTION node=(22, 9) safe_wait=(21, 9) DECISION=PROCEED (Higher precedence (57.6 vs 57.5) -> Proceed through (22, 9))
05:18:12.060 [AMR-01] STATE_TRANSITION MOVING -> EMERGENCY_STOP (intent=STOP)
05:18:12.060 [AMR-01] SAFETY_STOP min_obstacle_distance=1.14m <= 1.2m
05:18:12.160 [AMR-01] CONFLICT_DETECTED peer=AMR-04 type=INTERSECTION node=(22, 9) safe_wait=(21, 9) DECISION=YIELD (Lower precedence at intersection (57.7 vs 57.9) -> Safe wait at (21, 9) for AMR-04)
05:18:12.160 [AMR-01] STATE_TRANSITION EMERGENCY_STOP -> YIELDING (intent=YIELD)
05:18:12.261 [AMR-01] CONFLICT_DETECTED peer=AMR-04 type=INTERSECTION node=(22, 9) safe_wait=(21, 9) DECISION=PROCEED (Higher precedence (57.9 vs 57.8) -> Proceed through (22, 9))
05:18:12.262 [AMR-01] STATE_TRANSITION YIELDING -> MOVING (intent=MOVE)
05:18:12.362 [AMR-01] STATE_TRANSITION MOVING -> EMERGENCY_STOP (intent=STOP)
05:18:12.362 [AMR-01] SAFETY_STOP min_obstacle_distance=1.08m <= 1.2m
05:18:12.463 [AMR-01] CONFLICT_DETECTED peer=AMR-04 type=INTERSECTION node=(22, 9) safe_wait=(21, 9) DECISION=PROCEED (Higher precedence (57.8 vs 57.7) -> Proceed through (22, 9))
05:18:12.463 [AMR-01] STATE_TRANSITION EMERGENCY_STOP -> MOVING (intent=MOVE)
05:18:12.563 [AMR-01] CONFLICT_DETECTED peer=AMR-04 type=INTERSECTION node=(22, 9) safe_wait=(21, 9) DECISION=YIELD (Lower precedence at intersection (57.5 vs 57.7) -> Safe wait at (21, 9) for AMR-04)
05:18:12.563 [AMR-01] STATE_TRANSITION MOVING -> YIELDING (intent=YIELD)
05:18:12.663 [AMR-01] CONFLICT_DETECTED peer=AMR-04 type=INTERSECTION node=(22, 9) safe_wait=(21, 9) DECISION=PROCEED (Higher precedence (57.6 vs 57.6) -> Proceed through (22, 9))
05:18:12.663 [AMR-01] STATE_TRANSITION YIELDING -> MOVING (intent=MOVE)
05:18:12.764 [AMR-01] CONFLICT_DETECTED peer=AMR-04 type=INTERSECTION node=(22, 9) safe_wait=(21, 9) DECISION=YIELD (Lower precedence at intersection (57.5 vs 57.8) -> Safe wait at (21, 9) for AMR-04)
05:18:12.764 [AMR-01] STATE_TRANSITION MOVING -> YIELDING (intent=YIELD)
05:18:12.866 [AMR-01] CONFLICT_DETECTED peer=AMR-04 type=INTERSECTION node=(22, 9) safe_wait=(21, 9) DECISION=PROCEED (Higher precedence (57.7 vs 57.7) -> Proceed through (22, 9))
05:18:12.866 [AMR-01] STATE_TRANSITION YIELDING -> MOVING (intent=MOVE)
05:18:12.965 [AMR-01] CONFLICT_DETECTED peer=AMR-04 type=INTERSECTION node=(22, 9) safe_wait=(21, 9) DECISION=YIELD (Lower precedence at intersection (57.6 vs 57.7) -> Safe wait at (21, 9) for AMR-04)
05:18:12.965 [AMR-01] STATE_TRANSITION MOVING -> YIELDING (intent=YIELD)
05:18:13.067 [AMR-01] CONFLICT_DETECTED peer=AMR-04 type=INTERSECTION node=(22, 9) safe_wait=(21, 9) DECISION=PROCEED (Higher precedence (57.8 vs 57.6) -> Proceed through (22, 9))
05:18:13.068 [AMR-01] STATE_TRANSITION YIELDING -> MOVING (intent=MOVE)
05:18:13.166 [AMR-01] STATE_TRANSITION MOVING -> EMERGENCY_STOP (intent=STOP)
05:18:13.166 [AMR-01] SAFETY_STOP min_obstacle_distance=1.14m <= 1.2m
05:18:13.267 [AMR-01] CONFLICT_DETECTED peer=AMR-04 type=INTERSECTION node=(22, 9) safe_wait=(21, 9) DECISION=YIELD (Lower precedence at intersection (57.7 vs 57.8) -> Safe wait at (21, 9) for AMR-04)
05:18:13.267 [AMR-01] STATE_TRANSITION EMERGENCY_STOP -> YIELDING (intent=YIELD)
05:18:13.367 [AMR-01] CONFLICT_DETECTED peer=AMR-04 type=INTERSECTION node=(22, 9) safe_wait=(21, 9) DECISION=YIELD (Lower precedence at intersection (57.9 vs 58.0) -> Safe wait at (21, 9) for AMR-04)
05:18:13.467 [AMR-01] CONFLICT_DETECTED peer=AMR-04 type=INTERSECTION node=(22, 9) safe_wait=(21, 9) DECISION=PROCEED (Higher precedence (58.1 vs 57.9) -> Proceed through (22, 9))
05:18:13.468 [AMR-01] STATE_TRANSITION YIELDING -> MOVING (intent=MOVE)
05:18:13.568 [AMR-01] CONFLICT_DETECTED peer=AMR-04 type=INTERSECTION node=(22, 9) safe_wait=(21, 9) DECISION=YIELD (Lower precedence at intersection (57.6 vs 57.9) -> Safe wait at (21, 9) for AMR-04)
05:18:13.568 [AMR-01] STATE_TRANSITION MOVING -> YIELDING (intent=YIELD)
05:18:13.669 [AMR-01] CONFLICT_DETECTED peer=AMR-04 type=INTERSECTION node=(22, 9) safe_wait=(21, 9) DECISION=PROCEED (Higher precedence (57.9 vs 57.4) -> Proceed through (22, 9))
05:18:13.669 [AMR-01] STATE_TRANSITION YIELDING -> MOVING (intent=MOVE)
05:18:13.770 [AMR-01] CONFLICT_DETECTED peer=AMR-04 type=INTERSECTION node=(22, 9) safe_wait=(21, 9) DECISION=PROCEED (Higher precedence (57.7 vs 57.4) -> Proceed through (22, 9))
05:18:13.871 [AMR-01] CONFLICT_DETECTED peer=AMR-04 type=INTERSECTION node=(22, 9) safe_wait=(21, 9) DECISION=YIELD (Lower precedence at intersection (57.6 vs 57.6) -> Safe wait at (21, 9) for AMR-04)
05:18:13.871 [AMR-01] STATE_TRANSITION MOVING -> YIELDING (intent=YIELD)
05:18:13.971 [AMR-01] CONFLICT_DETECTED peer=AMR-04 type=INTERSECTION node=(22, 9) safe_wait=(21, 9) DECISION=YIELD (Lower precedence at intersection (57.8 vs 57.8) -> Safe wait at (21, 9) for AMR-04)
05:18:14.072 [AMR-01] CONFLICT_DETECTED peer=AMR-04 type=INTERSECTION node=(22, 9) safe_wait=(21, 9) DECISION=PROCEED (Higher precedence (58.0 vs 57.7) -> Proceed through (22, 9))
05:18:14.072 [AMR-01] STATE_TRANSITION YIELDING -> MOVING (intent=MOVE)
05:18:14.173 [AMR-01] STATE_TRANSITION MOVING -> EMERGENCY_STOP (intent=STOP)
05:18:14.173 [AMR-01] SAFETY_STOP min_obstacle_distance=1.14m <= 1.2m
05:18:14.274 [AMR-01] CONFLICT_DETECTED peer=AMR-04 type=INTERSECTION node=(22, 9) safe_wait=(21, 9) DECISION=YIELD (Lower precedence at intersection (57.9 vs 57.9) -> Safe wait at (21, 9) for AMR-04)
05:18:14.274 [AMR-01] STATE_TRANSITION EMERGENCY_STOP -> YIELDING (intent=YIELD)
05:18:14.375 [AMR-01] CONFLICT_DETECTED peer=AMR-04 type=INTERSECTION node=(22, 9) safe_wait=(21, 9) DECISION=YIELD (Lower precedence at intersection (58.1 vs 58.1) -> Safe wait at (21, 9) for AMR-04)
05:18:14.476 [AMR-01] CONFLICT_DETECTED peer=AMR-04 type=INTERSECTION node=(22, 9) safe_wait=(21, 9) DECISION=PROCEED (Higher precedence (58.1 vs 58.0) -> Proceed through (22, 9))
05:18:14.476 [AMR-01] STATE_TRANSITION YIELDING -> MOVING (intent=MOVE)
05:18:14.576 [AMR-01] CONFLICT_DETECTED peer=AMR-04 type=INTERSECTION node=(22, 9) safe_wait=(21, 9) DECISION=YIELD (Lower precedence at intersection (57.9 vs 58.0) -> Safe wait at (21, 9) for AMR-04)
05:18:14.576 [AMR-01] STATE_TRANSITION MOVING -> YIELDING (intent=YIELD)
05:18:14.677 [AMR-01] CONFLICT_DETECTED peer=AMR-04 type=INTERSECTION node=(22, 9) safe_wait=(21, 9) DECISION=PROCEED (Higher precedence (58.1 vs 58.0) -> Proceed through (22, 9))
05:18:14.677 [AMR-01] STATE_TRANSITION YIELDING -> MOVING (intent=MOVE)
05:18:14.778 [AMR-01] CONFLICT_DETECTED peer=AMR-04 type=INTERSECTION node=(22, 9) safe_wait=(21, 9) DECISION=YIELD (Lower precedence at intersection (57.9 vs 58.2) -> Safe wait at (21, 9) for AMR-04)
05:18:14.778 [AMR-01] STATE_TRANSITION MOVING -> YIELDING (intent=YIELD)
05:18:14.880 [AMR-01] CONFLICT_DETECTED peer=AMR-04 type=INTERSECTION node=(22, 9) safe_wait=(21, 9) DECISION=PROCEED (Higher precedence (58.1 vs 58.1) -> Proceed through (22, 9))
05:18:14.880 [AMR-01] STATE_TRANSITION YIELDING -> MOVING (intent=MOVE)
05:18:14.981 [AMR-01] CONFLICT_DETECTED peer=AMR-04 type=INTERSECTION node=(22, 9) safe_wait=(21, 9) DECISION=YIELD (Lower precedence at intersection (58.0 vs 58.1) -> Safe wait at (21, 9) for AMR-04)
05:18:14.981 [AMR-01] STATE_TRANSITION MOVING -> YIELDING (intent=YIELD)
05:18:15.082 [AMR-01] CONFLICT_DETECTED peer=AMR-04 type=INTERSECTION node=(22, 9) safe_wait=(21, 9) DECISION=PROCEED (Higher precedence (58.2 vs 58.0) -> Proceed through (22, 9))
05:18:15.084 [AMR-01] STATE_TRANSITION YIELDING -> MOVING (intent=MOVE)
05:18:15.182 [AMR-01] STATE_TRANSITION MOVING -> EMERGENCY_STOP (intent=STOP)
05:18:15.182 [AMR-01] SAFETY_STOP min_obstacle_distance=1.14m <= 1.2m
05:18:15.282 [AMR-01] CONFLICT_DETECTED peer=AMR-04 type=INTERSECTION node=(22, 9) safe_wait=(21, 9) DECISION=PROCEED (Higher precedence (58.1 vs 57.9) -> Proceed through (22, 9))
05:18:15.283 [AMR-01] STATE_TRANSITION EMERGENCY_STOP -> MOVING (intent=MOVE)
05:18:15.383 [AMR-01] STATE_TRANSITION MOVING -> EMERGENCY_STOP (intent=STOP)
05:18:15.383 [AMR-01] SAFETY_STOP min_obstacle_distance=1.08m <= 1.2m
05:18:15.483 [AMR-01] CONFLICT_DETECTED peer=AMR-04 type=INTERSECTION node=(22, 9) safe_wait=(21, 9) DECISION=YIELD (Lower precedence at intersection (58.0 vs 58.1) -> Safe wait at (21, 9) for AMR-04)
05:18:15.483 [AMR-01] STATE_TRANSITION EMERGENCY_STOP -> YIELDING (intent=YIELD)
05:18:15.584 [AMR-01] CONFLICT_DETECTED peer=AMR-04 type=INTERSECTION node=(22, 9) safe_wait=(21, 9) DECISION=YIELD (Lower precedence at intersection (57.9 vs 58.3) -> Safe wait at (21, 9) for AMR-04)
05:18:15.685 [AMR-01] CONFLICT_DETECTED peer=AMR-04 type=INTERSECTION node=(22, 9) safe_wait=(21, 9) DECISION=PROCEED (Higher precedence (58.1 vs 57.9) -> Proceed through (22, 9))
05:18:15.685 [AMR-01] STATE_TRANSITION YIELDING -> MOVING (intent=MOVE)
05:18:15.786 [AMR-01] CONFLICT_DETECTED peer=AMR-04 type=INTERSECTION node=(22, 9) safe_wait=(21, 9) DECISION=PROCEED (Higher precedence (57.9 vs 57.9) -> Proceed through (22, 9))
05:18:15.887 [AMR-01] CONFLICT_DETECTED peer=AMR-04 type=INTERSECTION node=(22, 9) safe_wait=(21, 9) DECISION=YIELD (Lower precedence at intersection (57.8 vs 58.0) -> Safe wait at (21, 9) for AMR-04)
05:18:15.887 [AMR-01] STATE_TRANSITION MOVING -> YIELDING (intent=YIELD)
05:18:15.988 [AMR-01] CONFLICT_DETECTED peer=AMR-04 type=INTERSECTION node=(22, 9) safe_wait=(21, 9) DECISION=YIELD (Lower precedence at intersection (58.0 vs 58.2) -> Safe wait at (21, 9) for AMR-04)
05:18:16.088 [AMR-01] CONFLICT_DETECTED peer=AMR-04 type=INTERSECTION node=(22, 9) safe_wait=(21, 9) DECISION=PROCEED (Higher precedence (58.2 vs 58.1) -> Proceed through (22, 9))
05:18:16.088 [AMR-01] STATE_TRANSITION YIELDING -> MOVING (intent=MOVE)
05:18:16.188 [AMR-01] STATE_TRANSITION MOVING -> EMERGENCY_STOP (intent=STOP)
05:18:16.188 [AMR-01] SAFETY_STOP min_obstacle_distance=1.14m <= 1.2m
05:18:16.289 [AMR-01] CONFLICT_DETECTED peer=AMR-04 type=INTERSECTION node=(22, 9) safe_wait=(21, 9) DECISION=PROCEED (Higher precedence (58.1 vs 58.0) -> Proceed through (22, 9))
05:18:16.289 [AMR-01] STATE_TRANSITION EMERGENCY_STOP -> MOVING (intent=MOVE)
05:18:16.389 [AMR-01] STATE_TRANSITION MOVING -> EMERGENCY_STOP (intent=STOP)
05:18:16.389 [AMR-01] SAFETY_STOP min_obstacle_distance=1.08m <= 1.2m
05:18:16.491 [AMR-01] CONFLICT_DETECTED peer=AMR-04 type=INTERSECTION node=(22, 9) safe_wait=(21, 9) DECISION=YIELD (Lower precedence at intersection (58.0 vs 58.2) -> Safe wait at (21, 9) for AMR-04)
05:18:16.492 [AMR-01] STATE_TRANSITION EMERGENCY_STOP -> YIELDING (intent=YIELD)
05:18:16.590 [AMR-01] CONFLICT_DETECTED peer=AMR-04 type=INTERSECTION node=(22, 9) safe_wait=(21, 9) DECISION=YIELD (Lower precedence at intersection (57.9 vs 58.1) -> Safe wait at (21, 9) for AMR-04)
05:18:16.692 [AMR-01] CONFLICT_DETECTED peer=AMR-04 type=INTERSECTION node=(22, 9) safe_wait=(21, 9) DECISION=PROCEED (Higher precedence (58.1 vs 57.9) -> Proceed through (22, 9))
05:18:16.692 [AMR-01] STATE_TRANSITION YIELDING -> MOVING (intent=MOVE)
05:18:16.793 [AMR-01] CONFLICT_DETECTED peer=AMR-04 type=INTERSECTION node=(22, 9) safe_wait=(21, 9) DECISION=YIELD (Lower precedence at intersection (57.9 vs 58.0) -> Safe wait at (21, 9) for AMR-04)
05:18:16.793 [AMR-01] STATE_TRANSITION MOVING -> YIELDING (intent=YIELD)
05:18:16.894 [AMR-01] CONFLICT_DETECTED peer=AMR-04 type=INTERSECTION node=(22, 9) safe_wait=(21, 9) DECISION=PROCEED (Higher precedence (58.1 vs 57.9) -> Proceed through (22, 9))
05:18:16.894 [AMR-01] STATE_TRANSITION YIELDING -> MOVING (intent=MOVE)
05:18:16.994 [AMR-01] CONFLICT_DETECTED peer=AMR-04 type=INTERSECTION node=(22, 9) safe_wait=(21, 9) DECISION=PROCEED (Higher precedence (58.0 vs 57.9) -> Proceed through (22, 9))
05:18:17.095 [AMR-01] STATE_TRANSITION MOVING -> EMERGENCY_STOP (intent=STOP)
05:18:17.095 [AMR-01] SAFETY_STOP min_obstacle_distance=1.14m <= 1.2m
05:18:17.195 [AMR-01] CONFLICT_DETECTED peer=AMR-04 type=INTERSECTION node=(22, 9) safe_wait=(21, 9) DECISION=YIELD (Lower precedence at intersection (57.9 vs 58.3) -> Safe wait at (21, 9) for AMR-04)
05:18:17.195 [AMR-01] STATE_TRANSITION EMERGENCY_STOP -> YIELDING (intent=YIELD)
05:18:17.296 [AMR-01] CONFLICT_DETECTED peer=AMR-04 type=INTERSECTION node=(22, 9) safe_wait=(21, 9) DECISION=YIELD (Lower precedence at intersection (58.1 vs 58.2) -> Safe wait at (21, 9) for AMR-04)
05:18:17.397 [AMR-01] CONFLICT_DETECTED peer=AMR-04 type=INTERSECTION node=(22, 9) safe_wait=(21, 9) DECISION=PROCEED (Higher precedence (58.3 vs 58.2) -> Proceed through (22, 9))
05:18:17.397 [AMR-01] STATE_TRANSITION YIELDING -> MOVING (intent=MOVE)
05:18:17.499 [AMR-01] STATE_TRANSITION MOVING -> EMERGENCY_STOP (intent=STOP)
05:18:17.499 [AMR-01] SAFETY_STOP min_obstacle_distance=1.08m <= 1.2m
05:18:17.598 [AMR-01] CONFLICT_DETECTED peer=AMR-04 type=INTERSECTION node=(22, 9) safe_wait=(21, 9) DECISION=PROCEED (Higher precedence (58.4 vs 58.1) -> Proceed through (22, 9))
05:18:17.598 [AMR-01] STATE_TRANSITION EMERGENCY_STOP -> MOVING (intent=MOVE)
05:18:17.699 [AMR-01] STATE_TRANSITION MOVING -> EMERGENCY_STOP (intent=STOP)
05:18:17.699 [AMR-01] SAFETY_STOP min_obstacle_distance=1.01m <= 1.2m
05:18:17.800 [AMR-01] CONFLICT_DETECTED peer=AMR-04 type=INTERSECTION node=(22, 9) safe_wait=(21, 9) DECISION=YIELD (Lower precedence at intersection (58.2 vs 58.2) -> Safe wait at (21, 9) for AMR-04)
05:18:17.800 [AMR-01] STATE_TRANSITION EMERGENCY_STOP -> YIELDING (intent=YIELD)
05:18:17.901 [AMR-01] CONFLICT_DETECTED peer=AMR-04 type=INTERSECTION node=(22, 9) safe_wait=(21, 9) DECISION=YIELD (Lower precedence at intersection (58.4 vs 58.5) -> Safe wait at (21, 9) for AMR-04)
05:18:18.002 [AMR-01] CONFLICT_DETECTED peer=AMR-04 type=INTERSECTION node=(22, 9) safe_wait=(21, 9) DECISION=PROCEED (Higher precedence (58.6 vs 58.3) -> Proceed through (22, 9))
05:18:18.002 [AMR-01] STATE_TRANSITION YIELDING -> MOVING (intent=MOVE)
05:18:18.103 [AMR-01] STATE_TRANSITION MOVING -> EMERGENCY_STOP (intent=STOP)
05:18:18.103 [AMR-01] SAFETY_STOP min_obstacle_distance=1.04m <= 1.2m
05:18:18.204 [AMR-01] CONFLICT_DETECTED peer=AMR-04 type=INTERSECTION node=(22, 9) safe_wait=(21, 9) DECISION=YIELD (Lower precedence at intersection (58.5 vs 58.5) -> Safe wait at (21, 9) for AMR-04)
05:18:18.205 [AMR-01] STATE_TRANSITION EMERGENCY_STOP -> YIELDING (intent=YIELD)
05:18:18.306 [AMR-01] CONFLICT_DETECTED peer=AMR-04 type=INTERSECTION node=(22, 9) safe_wait=(21, 9) DECISION=YIELD (Lower precedence at intersection (58.7 vs 58.7) -> Safe wait at (21, 9) for AMR-04)
05:18:18.406 [AMR-01] CONFLICT_DETECTED peer=AMR-04 type=INTERSECTION node=(22, 9) safe_wait=(21, 9) DECISION=PROCEED (Higher precedence (58.9 vs 58.6) -> Proceed through (22, 9))
05:18:18.406 [AMR-01] STATE_TRANSITION YIELDING -> MOVING (intent=MOVE)
05:18:18.506 [AMR-01] STATE_TRANSITION MOVING -> EMERGENCY_STOP (intent=STOP)
05:18:18.506 [AMR-01] SAFETY_STOP min_obstacle_distance=1.00m <= 1.2m
05:18:18.607 [AMR-01] CONFLICT_DETECTED peer=AMR-04 type=INTERSECTION node=(22, 9) safe_wait=(21, 9) DECISION=YIELD (Lower precedence at intersection (58.5 vs 58.6) -> Safe wait at (21, 9) for AMR-04)
05:18:18.607 [AMR-01] STATE_TRANSITION EMERGENCY_STOP -> YIELDING (intent=YIELD)
05:18:18.708 [AMR-01] CONFLICT_DETECTED peer=AMR-04 type=INTERSECTION node=(22, 9) safe_wait=(21, 9) DECISION=YIELD (Lower precedence at intersection (58.8 vs 58.9) -> Safe wait at (21, 9) for AMR-04)
05:18:18.808 [AMR-01] CONFLICT_DETECTED peer=AMR-04 type=INTERSECTION node=(22, 9) safe_wait=(21, 9) DECISION=PROCEED (Higher precedence (59.0 vs 58.7) -> Proceed through (22, 9))
05:18:18.808 [AMR-01] STATE_TRANSITION YIELDING -> MOVING (intent=MOVE)
05:18:18.909 [AMR-01] STATE_TRANSITION MOVING -> EMERGENCY_STOP (intent=STOP)
05:18:18.909 [AMR-01] SAFETY_STOP min_obstacle_distance=1.01m <= 1.2m
05:18:19.009 [AMR-01] CONFLICT_DETECTED peer=AMR-04 type=INTERSECTION node=(22, 9) safe_wait=(21, 9) DECISION=YIELD (Lower precedence at intersection (58.8 vs 58.9) -> Safe wait at (21, 9) for AMR-04)
05:18:19.009 [AMR-01] STATE_TRANSITION EMERGENCY_STOP -> YIELDING (intent=YIELD)
05:18:19.110 [AMR-01] CONFLICT_DETECTED peer=AMR-04 type=INTERSECTION node=(22, 9) safe_wait=(21, 9) DECISION=YIELD (Lower precedence at intersection (59.0 vs 59.1) -> Safe wait at (21, 9) for AMR-04)
05:18:19.210 [AMR-01] CONFLICT_DETECTED peer=AMR-04 type=INTERSECTION node=(22, 9) safe_wait=(21, 9) DECISION=PROCEED (Higher precedence (59.2 vs 59.0) -> Proceed through (22, 9))
05:18:19.210 [AMR-01] STATE_TRANSITION YIELDING -> MOVING (intent=MOVE)
05:18:19.310 [AMR-01] STATE_TRANSITION MOVING -> EMERGENCY_STOP (intent=STOP)
05:18:19.310 [AMR-01] SAFETY_STOP min_obstacle_distance=1.04m <= 1.2m
05:18:19.411 [AMR-01] CONFLICT_DETECTED peer=AMR-04 type=INTERSECTION node=(22, 9) safe_wait=(21, 9) DECISION=YIELD (Lower precedence at intersection (59.1 vs 59.2) -> Safe wait at (21, 9) for AMR-04)
05:18:19.411 [AMR-01] STATE_TRANSITION EMERGENCY_STOP -> YIELDING (intent=YIELD)
05:18:19.511 [AMR-01] CONFLICT_DETECTED peer=AMR-04 type=INTERSECTION node=(22, 9) safe_wait=(21, 9) DECISION=YIELD (Lower precedence at intersection (59.1 vs 59.4) -> Safe wait at (21, 9) for AMR-04)
05:18:19.612 [AMR-01] CONFLICT_DETECTED peer=AMR-04 type=INTERSECTION node=(22, 9) safe_wait=(21, 9) DECISION=PROCEED (Higher precedence (59.4 vs 59.0) -> Proceed through (22, 9))
05:18:19.612 [AMR-01] STATE_TRANSITION YIELDING -> MOVING (intent=MOVE)
05:18:19.712 [AMR-01] STATE_TRANSITION MOVING -> EMERGENCY_STOP (intent=STOP)
05:18:19.712 [AMR-01] SAFETY_STOP min_obstacle_distance=1.01m <= 1.2m
05:18:19.813 [AMR-01] CONFLICT_DETECTED peer=AMR-04 type=INTERSECTION node=(22, 9) safe_wait=(21, 9) DECISION=YIELD (Lower precedence at intersection (59.2 vs 59.2) -> Safe wait at (21, 9) for AMR-04)
05:18:19.813 [AMR-01] STATE_TRANSITION EMERGENCY_STOP -> YIELDING (intent=YIELD)
05:18:19.913 [AMR-01] CONFLICT_DETECTED peer=AMR-04 type=INTERSECTION node=(22, 9) safe_wait=(21, 9) DECISION=YIELD (Lower precedence at intersection (59.4 vs 59.5) -> Safe wait at (21, 9) for AMR-04)
05:18:20.014 [AMR-01] CONFLICT_DETECTED peer=AMR-04 type=INTERSECTION node=(22, 9) safe_wait=(21, 9) DECISION=PROCEED (Higher precedence (59.6 vs 59.3) -> Proceed through (22, 9))
05:18:20.014 [AMR-01] STATE_TRANSITION YIELDING -> MOVING (intent=MOVE)
05:18:20.115 [AMR-01] STATE_TRANSITION MOVING -> EMERGENCY_STOP (intent=STOP)
05:18:20.115 [AMR-01] SAFETY_STOP min_obstacle_distance=1.04m <= 1.2m
05:18:20.216 [AMR-01] CONFLICT_DETECTED peer=AMR-04 type=INTERSECTION node=(22, 9) safe_wait=(21, 9) DECISION=YIELD (Lower precedence at intersection (59.5 vs 59.5) -> Safe wait at (21, 9) for AMR-04)
05:18:20.216 [AMR-01] STATE_TRANSITION EMERGENCY_STOP -> YIELDING (intent=YIELD)
05:18:20.317 [AMR-01] CONFLICT_DETECTED peer=AMR-04 type=INTERSECTION node=(22, 9) safe_wait=(21, 9) DECISION=YIELD (Lower precedence at intersection (59.7 vs 59.7) -> Safe wait at (21, 9) for AMR-04)
05:18:20.418 [AMR-01] CONFLICT_DETECTED peer=AMR-04 type=INTERSECTION node=(22, 9) safe_wait=(21, 9) DECISION=PROCEED (Higher precedence (59.9 vs 59.6) -> Proceed through (22, 9))
05:18:20.419 [AMR-01] STATE_TRANSITION YIELDING -> MOVING (intent=MOVE)
05:18:20.519 [AMR-01] STATE_TRANSITION MOVING -> EMERGENCY_STOP (intent=STOP)
05:18:20.520 [AMR-01] SAFETY_STOP min_obstacle_distance=1.00m <= 1.2m
05:18:20.619 [AMR-01] CONFLICT_DETECTED peer=AMR-04 type=INTERSECTION node=(22, 9) safe_wait=(21, 9) DECISION=YIELD (Lower precedence at intersection (59.6 vs 60.0) -> Safe wait at (21, 9) for AMR-04)
05:18:20.619 [AMR-01] STATE_TRANSITION EMERGENCY_STOP -> YIELDING (intent=YIELD)
05:18:20.720 [AMR-01] CONFLICT_DETECTED peer=AMR-04 type=INTERSECTION node=(22, 9) safe_wait=(21, 9) DECISION=YIELD (Lower precedence at intersection (59.8 vs 60.0) -> Safe wait at (21, 9) for AMR-04)
05:18:20.820 [AMR-01] CONFLICT_DETECTED peer=AMR-04 type=INTERSECTION node=(22, 9) safe_wait=(21, 9) DECISION=PROCEED (Higher precedence (60.0 vs 59.9) -> Proceed through (22, 9))
05:18:20.820 [AMR-01] STATE_TRANSITION YIELDING -> MOVING (intent=MOVE)
05:18:20.921 [AMR-01] STATE_TRANSITION MOVING -> EMERGENCY_STOP (intent=STOP)
05:18:20.921 [AMR-01] SAFETY_STOP min_obstacle_distance=1.01m <= 1.2m
05:18:21.022 [AMR-01] CONFLICT_DETECTED peer=AMR-04 type=INTERSECTION node=(22, 9) safe_wait=(21, 9) DECISION=YIELD (Lower precedence at intersection (59.8 vs 60.1) -> Safe wait at (21, 9) for AMR-04)
05:18:21.022 [AMR-01] STATE_TRANSITION EMERGENCY_STOP -> YIELDING (intent=YIELD)
05:18:21.122 [AMR-01] CONFLICT_DETECTED peer=AMR-04 type=INTERSECTION node=(22, 9) safe_wait=(21, 9) DECISION=PROCEED (Higher precedence (60.0 vs 60.0) -> Proceed through (22, 9))
05:18:21.123 [AMR-01] STATE_TRANSITION YIELDING -> MOVING (intent=MOVE)
05:18:21.223 [AMR-01] STATE_TRANSITION MOVING -> EMERGENCY_STOP (intent=STOP)
05:18:21.223 [AMR-01] SAFETY_STOP min_obstacle_distance=1.04m <= 1.2m
05:18:21.323 [AMR-01] CONFLICT_DETECTED peer=AMR-04 type=INTERSECTION node=(22, 9) safe_wait=(21, 9) DECISION=YIELD (Lower precedence at intersection (59.9 vs 60.2) -> Safe wait at (21, 9) for AMR-04)
05:18:21.323 [AMR-01] STATE_TRANSITION EMERGENCY_STOP -> YIELDING (intent=YIELD)
05:18:21.424 [AMR-01] CONFLICT_DETECTED peer=AMR-04 type=INTERSECTION node=(22, 9) safe_wait=(21, 9) DECISION=PROCEED (Higher precedence (60.1 vs 60.0) -> Proceed through (22, 9))
05:18:21.424 [AMR-01] STATE_TRANSITION YIELDING -> MOVING (intent=MOVE)
05:18:21.524 [AMR-01] STATE_TRANSITION MOVING -> EMERGENCY_STOP (intent=STOP)
05:18:21.524 [AMR-01] SAFETY_STOP min_obstacle_distance=1.00m <= 1.2m
05:18:21.625 [AMR-01] CONFLICT_DETECTED peer=AMR-04 type=INTERSECTION node=(22, 9) safe_wait=(21, 9) DECISION=PROCEED (Higher precedence (59.8 vs 59.8) -> Proceed through (22, 9))
05:18:21.625 [AMR-01] STATE_TRANSITION EMERGENCY_STOP -> MOVING (intent=MOVE)
05:18:21.726 [AMR-01] STATE_TRANSITION MOVING -> EMERGENCY_STOP (intent=STOP)
05:18:21.726 [AMR-01] SAFETY_STOP min_obstacle_distance=1.01m <= 1.2m
05:18:21.827 [AMR-01] CONFLICT_DETECTED peer=AMR-04 type=INTERSECTION node=(22, 9) safe_wait=(21, 9) DECISION=YIELD (Lower precedence at intersection (59.6 vs 59.8) -> Safe wait at (21, 9) for AMR-04)
05:18:21.827 [AMR-01] STATE_TRANSITION EMERGENCY_STOP -> YIELDING (intent=YIELD)
05:18:21.928 [AMR-01] CONFLICT_DETECTED peer=AMR-04 type=INTERSECTION node=(22, 9) safe_wait=(21, 9) DECISION=PROCEED (Higher precedence (59.8 vs 59.8) -> Proceed through (22, 9))
05:18:21.928 [AMR-01] STATE_TRANSITION YIELDING -> MOVING (intent=MOVE)
05:18:22.029 [AMR-01] STATE_TRANSITION MOVING -> EMERGENCY_STOP (intent=STOP)
05:18:22.029 [AMR-01] SAFETY_STOP min_obstacle_distance=1.04m <= 1.2m
05:18:22.129 [AMR-01] CONFLICT_DETECTED peer=AMR-04 type=INTERSECTION node=(22, 9) safe_wait=(21, 9) DECISION=PROCEED (Higher precedence (59.7 vs 59.7) -> Proceed through (22, 9))
05:18:22.129 [AMR-01] STATE_TRANSITION EMERGENCY_STOP -> MOVING (intent=MOVE)
05:18:22.230 [AMR-01] STATE_TRANSITION MOVING -> EMERGENCY_STOP (intent=STOP)
05:18:22.230 [AMR-01] SAFETY_STOP min_obstacle_distance=1.10m <= 1.2m
05:18:22.330 [AMR-01] CONFLICT_DETECTED peer=AMR-04 type=INTERSECTION node=(22, 9) safe_wait=(21, 9) DECISION=YIELD (Lower precedence at intersection (59.6 vs 59.8) -> Safe wait at (21, 9) for AMR-04)
05:18:22.330 [AMR-01] STATE_TRANSITION EMERGENCY_STOP -> YIELDING (intent=YIELD)
05:18:22.431 [AMR-01] CONFLICT_DETECTED peer=AMR-04 type=INTERSECTION node=(22, 9) safe_wait=(21, 9) DECISION=YIELD (Lower precedence at intersection (59.8 vs 59.8) -> Safe wait at (21, 9) for AMR-04)
05:18:22.531 [AMR-01] CONFLICT_DETECTED peer=AMR-04 type=INTERSECTION node=(22, 9) safe_wait=(21, 9) DECISION=PROCEED (Higher precedence (59.8 vs 59.6) -> Proceed through (22, 9))
05:18:22.531 [AMR-01] STATE_TRANSITION YIELDING -> MOVING (intent=MOVE)
05:18:22.631 [AMR-01] STATE_TRANSITION MOVING -> EMERGENCY_STOP (intent=STOP)
05:18:22.631 [AMR-01] SAFETY_STOP min_obstacle_distance=1.01m <= 1.2m
05:18:22.732 [AMR-01] CONFLICT_DETECTED peer=AMR-04 type=INTERSECTION node=(22, 9) safe_wait=(21, 9) DECISION=PROCEED (Higher precedence (59.6 vs 59.5) -> Proceed through (22, 9))
05:18:22.732 [AMR-01] STATE_TRANSITION EMERGENCY_STOP -> MOVING (intent=MOVE)
05:18:22.832 [AMR-01] STATE_TRANSITION MOVING -> EMERGENCY_STOP (intent=STOP)
05:18:22.832 [AMR-01] SAFETY_STOP min_obstacle_distance=1.04m <= 1.2m
05:18:22.933 [AMR-01] CONFLICT_DETECTED peer=AMR-04 type=INTERSECTION node=(22, 9) safe_wait=(21, 9) DECISION=YIELD (Lower precedence at intersection (59.5 vs 59.6) -> Safe wait at (21, 9) for AMR-04)
05:18:22.933 [AMR-01] STATE_TRANSITION EMERGENCY_STOP -> YIELDING (intent=YIELD)
05:18:23.034 [AMR-01] CONFLICT_DETECTED peer=AMR-04 type=INTERSECTION node=(22, 9) safe_wait=(21, 9) DECISION=PROCEED (Higher precedence (59.7 vs 59.6) -> Proceed through (22, 9))
05:18:23.034 [AMR-01] STATE_TRANSITION YIELDING -> MOVING (intent=MOVE)
05:18:23.134 [AMR-01] STATE_TRANSITION MOVING -> EMERGENCY_STOP (intent=STOP)
05:18:23.134 [AMR-01] SAFETY_STOP min_obstacle_distance=1.10m <= 1.2m
05:18:23.235 [AMR-01] CONFLICT_DETECTED peer=AMR-04 type=INTERSECTION node=(22, 9) safe_wait=(21, 9) DECISION=PROCEED (Higher precedence (59.6 vs 59.5) -> Proceed through (22, 9))
05:18:23.235 [AMR-01] STATE_TRANSITION EMERGENCY_STOP -> MOVING (intent=MOVE)
05:18:23.336 [AMR-01] STATE_TRANSITION MOVING -> EMERGENCY_STOP (intent=STOP)
05:18:23.336 [AMR-01] SAFETY_STOP min_obstacle_distance=1.08m <= 1.2m
05:18:23.436 [AMR-01] CONFLICT_DETECTED peer=AMR-04 type=INTERSECTION node=(22, 9) safe_wait=(21, 9) DECISION=YIELD (Lower precedence at intersection (59.5 vs 59.6) -> Safe wait at (21, 9) for AMR-04)
05:18:23.437 [AMR-01] STATE_TRANSITION EMERGENCY_STOP -> YIELDING (intent=YIELD)
05:18:23.537 [AMR-01] CONFLICT_DETECTED peer=AMR-04 type=INTERSECTION node=(22, 9) safe_wait=(21, 9) DECISION=YIELD (Lower precedence at intersection (59.4 vs 59.6) -> Safe wait at (21, 9) for AMR-04)
05:18:23.637 [AMR-01] CONFLICT_DETECTED peer=AMR-04 type=INTERSECTION node=(22, 9) safe_wait=(21, 9) DECISION=PROCEED (Higher precedence (59.6 vs 59.1) -> Proceed through (22, 9))
05:18:23.637 [AMR-01] STATE_TRANSITION YIELDING -> MOVING (intent=MOVE)
05:18:23.738 [AMR-01] STATE_TRANSITION MOVING -> EMERGENCY_STOP (intent=STOP)
05:18:23.738 [AMR-01] SAFETY_STOP min_obstacle_distance=1.01m <= 1.2m
05:18:23.839 [AMR-01] CONFLICT_DETECTED peer=AMR-04 type=INTERSECTION node=(22, 9) safe_wait=(21, 9) DECISION=PROCEED (Higher precedence (59.4 vs 59.4) -> Proceed through (22, 9))
05:18:23.839 [AMR-01] STATE_TRANSITION EMERGENCY_STOP -> MOVING (intent=MOVE)
05:18:23.940 [AMR-01] STATE_TRANSITION MOVING -> EMERGENCY_STOP (intent=STOP)
05:18:23.940 [AMR-01] SAFETY_STOP min_obstacle_distance=1.04m <= 1.2m
05:18:24.040 [AMR-01] CONFLICT_DETECTED peer=AMR-04 type=INTERSECTION node=(22, 9) safe_wait=(21, 9) DECISION=YIELD (Lower precedence at intersection (59.3 vs 59.4) -> Safe wait at (21, 9) for AMR-04)
05:18:24.040 [AMR-01] STATE_TRANSITION EMERGENCY_STOP -> YIELDING (intent=YIELD)
05:18:24.140 [AMR-01] CONFLICT_DETECTED peer=AMR-04 type=INTERSECTION node=(22, 9) safe_wait=(21, 9) DECISION=PROCEED (Higher precedence (59.5 vs 59.4) -> Proceed through (22, 9))
05:18:24.141 [AMR-01] STATE_TRANSITION YIELDING -> MOVING (intent=MOVE)
05:18:24.241 [AMR-01] STATE_TRANSITION MOVING -> EMERGENCY_STOP (intent=STOP)
05:18:24.241 [AMR-01] SAFETY_STOP min_obstacle_distance=1.10m <= 1.2m
05:18:24.342 [AMR-01] CONFLICT_DETECTED peer=AMR-04 type=INTERSECTION node=(22, 9) safe_wait=(21, 9) DECISION=PROCEED (Higher precedence (59.4 vs 59.3) -> Proceed through (22, 9))
05:18:24.343 [AMR-01] STATE_TRANSITION EMERGENCY_STOP -> MOVING (intent=MOVE)
05:18:24.443 [AMR-01] STATE_TRANSITION MOVING -> EMERGENCY_STOP (intent=STOP)
05:18:24.444 [AMR-01] SAFETY_STOP min_obstacle_distance=1.08m <= 1.2m
05:18:24.544 [AMR-01] CONFLICT_DETECTED peer=AMR-04 type=INTERSECTION node=(22, 9) safe_wait=(21, 9) DECISION=YIELD (Lower precedence at intersection (59.0 vs 59.4) -> Safe wait at (21, 9) for AMR-04)
05:18:24.544 [AMR-01] STATE_TRANSITION EMERGENCY_STOP -> YIELDING (intent=YIELD)
05:18:24.644 [AMR-01] CONFLICT_DETECTED peer=AMR-04 type=INTERSECTION node=(22, 9) safe_wait=(21, 9) DECISION=PROCEED (Higher precedence (59.1 vs 59.1) -> Proceed through (22, 9))
05:18:24.644 [AMR-01] STATE_TRANSITION YIELDING -> MOVING (intent=MOVE)
05:18:24.745 [AMR-01] STATE_TRANSITION MOVING -> EMERGENCY_STOP (intent=STOP)
05:18:24.746 [AMR-01] SAFETY_STOP min_obstacle_distance=1.01m <= 1.2m
05:18:24.846 [AMR-01] CONFLICT_DETECTED peer=AMR-04 type=INTERSECTION node=(22, 9) safe_wait=(21, 9) DECISION=YIELD (Lower precedence at intersection (59.0 vs 59.2) -> Safe wait at (21, 9) for AMR-04)
05:18:24.846 [AMR-01] STATE_TRANSITION EMERGENCY_STOP -> YIELDING (intent=YIELD)
05:18:24.947 [AMR-01] CONFLICT_DETECTED peer=AMR-04 type=INTERSECTION node=(22, 9) safe_wait=(21, 9) DECISION=PROCEED (Higher precedence (59.2 vs 59.2) -> Proceed through (22, 9))
05:18:24.947 [AMR-01] STATE_TRANSITION YIELDING -> MOVING (intent=MOVE)
05:18:25.047 [AMR-01] STATE_TRANSITION MOVING -> EMERGENCY_STOP (intent=STOP)
05:18:25.047 [AMR-01] SAFETY_STOP min_obstacle_distance=1.04m <= 1.2m
05:18:25.148 [AMR-01] CONFLICT_DETECTED peer=AMR-04 type=INTERSECTION node=(22, 9) safe_wait=(21, 9) DECISION=PROCEED (Higher precedence (59.1 vs 59.1) -> Proceed through (22, 9))
05:18:25.149 [AMR-01] STATE_TRANSITION EMERGENCY_STOP -> MOVING (intent=MOVE)
05:18:25.249 [AMR-01] STATE_TRANSITION MOVING -> EMERGENCY_STOP (intent=STOP)
05:18:25.249 [AMR-01] SAFETY_STOP min_obstacle_distance=1.10m <= 1.2m
05:18:25.349 [AMR-01] CONFLICT_DETECTED peer=AMR-04 type=INTERSECTION node=(22, 9) safe_wait=(21, 9) DECISION=YIELD (Lower precedence at intersection (59.0 vs 59.2) -> Safe wait at (21, 9) for AMR-04)
05:18:25.349 [AMR-01] STATE_TRANSITION EMERGENCY_STOP -> YIELDING (intent=YIELD)
05:18:25.450 [AMR-01] CONFLICT_DETECTED peer=AMR-04 type=INTERSECTION node=(22, 9) safe_wait=(21, 9) DECISION=PROCEED (Higher precedence (59.2 vs 59.2) -> Proceed through (22, 9))
05:18:25.451 [AMR-01] STATE_TRANSITION YIELDING -> MOVING (intent=MOVE)
05:18:25.550 [AMR-01] STATE_TRANSITION MOVING -> EMERGENCY_STOP (intent=STOP)
05:18:25.550 [AMR-01] SAFETY_STOP min_obstacle_distance=1.00m <= 1.2m
05:18:25.650 [AMR-01] CONFLICT_DETECTED peer=AMR-04 type=INTERSECTION node=(22, 9) safe_wait=(21, 9) DECISION=PROCEED (Higher precedence (58.8 vs 58.7) -> Proceed through (22, 9))
05:18:25.651 [AMR-01] STATE_TRANSITION EMERGENCY_STOP -> MOVING (intent=MOVE)
05:18:25.751 [AMR-01] STATE_TRANSITION MOVING -> EMERGENCY_STOP (intent=STOP)
05:18:25.751 [AMR-01] SAFETY_STOP min_obstacle_distance=1.01m <= 1.2m
05:18:25.852 [AMR-01] CONFLICT_DETECTED peer=AMR-04 type=INTERSECTION node=(22, 9) safe_wait=(21, 9) DECISION=YIELD (Lower precedence at intersection (58.6 vs 58.8) -> Safe wait at (21, 9) for AMR-04)
05:18:25.852 [AMR-01] STATE_TRANSITION EMERGENCY_STOP -> YIELDING (intent=YIELD)
05:18:25.953 [AMR-01] CONFLICT_DETECTED peer=AMR-04 type=INTERSECTION node=(22, 9) safe_wait=(21, 9) DECISION=PROCEED (Higher precedence (58.8 vs 58.8) -> Proceed through (22, 9))
05:18:25.953 [AMR-01] STATE_TRANSITION YIELDING -> MOVING (intent=MOVE)
05:18:26.054 [AMR-01] STATE_TRANSITION MOVING -> EMERGENCY_STOP (intent=STOP)
05:18:26.055 [AMR-01] SAFETY_STOP min_obstacle_distance=1.04m <= 1.2m
05:18:26.154 [AMR-01] CONFLICT_DETECTED peer=AMR-04 type=INTERSECTION node=(22, 9) safe_wait=(21, 9) DECISION=PROCEED (Higher precedence (58.7 vs 58.7) -> Proceed through (22, 9))
05:18:26.154 [AMR-01] STATE_TRANSITION EMERGENCY_STOP -> MOVING (intent=MOVE)
05:18:26.255 [AMR-01] STATE_TRANSITION MOVING -> EMERGENCY_STOP (intent=STOP)
05:18:26.255 [AMR-01] SAFETY_STOP min_obstacle_distance=1.10m <= 1.2m
05:18:26.356 [AMR-01] CONFLICT_DETECTED peer=AMR-04 type=INTERSECTION node=(22, 9) safe_wait=(21, 9) DECISION=YIELD (Lower precedence at intersection (58.6 vs 58.8) -> Safe wait at (21, 9) for AMR-04)
05:18:26.356 [AMR-01] STATE_TRANSITION EMERGENCY_STOP -> YIELDING (intent=YIELD)
05:18:26.457 [AMR-01] CONFLICT_DETECTED peer=AMR-04 type=INTERSECTION node=(22, 9) safe_wait=(21, 9) DECISION=PROCEED (Higher precedence (58.8 vs 58.8) -> Proceed through (22, 9))
05:18:26.457 [AMR-01] STATE_TRANSITION YIELDING -> MOVING (intent=MOVE)
05:18:26.556 [AMR-01] STATE_TRANSITION MOVING -> EMERGENCY_STOP (intent=STOP)
05:18:26.556 [AMR-01] SAFETY_STOP min_obstacle_distance=1.00m <= 1.2m
05:18:26.657 [AMR-01] CONFLICT_DETECTED peer=AMR-04 type=INTERSECTION node=(22, 9) safe_wait=(21, 9) DECISION=PROCEED (Higher precedence (58.4 vs 58.3) -> Proceed through (22, 9))
05:18:26.657 [AMR-01] STATE_TRANSITION EMERGENCY_STOP -> MOVING (intent=MOVE)
05:18:26.757 [AMR-01] STATE_TRANSITION MOVING -> EMERGENCY_STOP (intent=STOP)
05:18:26.757 [AMR-01] SAFETY_STOP min_obstacle_distance=1.01m <= 1.2m
05:18:26.858 [AMR-01] CONFLICT_DETECTED peer=AMR-04 type=INTERSECTION node=(22, 9) safe_wait=(21, 9) DECISION=YIELD (Lower precedence at intersection (58.2 vs 58.4) -> Safe wait at (21, 9) for AMR-04)
05:18:26.858 [AMR-01] STATE_TRANSITION EMERGENCY_STOP -> YIELDING (intent=YIELD)
05:18:26.959 [AMR-01] CONFLICT_DETECTED peer=AMR-04 type=INTERSECTION node=(22, 9) safe_wait=(21, 9) DECISION=PROCEED (Higher precedence (58.4 vs 58.4) -> Proceed through (22, 9))
05:18:26.959 [AMR-01] STATE_TRANSITION YIELDING -> MOVING (intent=MOVE)
05:18:27.061 [AMR-01] STATE_TRANSITION MOVING -> EMERGENCY_STOP (intent=STOP)
05:18:27.061 [AMR-01] SAFETY_STOP min_obstacle_distance=1.04m <= 1.2m
05:18:27.162 [AMR-01] CONFLICT_DETECTED peer=AMR-04 type=INTERSECTION node=(22, 9) safe_wait=(21, 9) DECISION=PROCEED (Higher precedence (58.3 vs 58.3) -> Proceed through (22, 9))
05:18:27.163 [AMR-01] STATE_TRANSITION EMERGENCY_STOP -> MOVING (intent=MOVE)
05:18:27.264 [AMR-01] STATE_TRANSITION MOVING -> EMERGENCY_STOP (intent=STOP)
05:18:27.264 [AMR-01] SAFETY_STOP min_obstacle_distance=1.10m <= 1.2m
05:18:27.365 [AMR-01] CONFLICT_DETECTED peer=AMR-04 type=INTERSECTION node=(22, 9) safe_wait=(21, 9) DECISION=YIELD (Lower precedence at intersection (58.2 vs 58.4) -> Safe wait at (21, 9) for AMR-04)
05:18:27.365 [AMR-01] STATE_TRANSITION EMERGENCY_STOP -> YIELDING (intent=YIELD)
05:18:27.466 [AMR-01] CONFLICT_DETECTED peer=AMR-04 type=INTERSECTION node=(22, 9) safe_wait=(21, 9) DECISION=PROCEED (Higher precedence (58.4 vs 58.4) -> Proceed through (22, 9))
05:18:27.466 [AMR-01] STATE_TRANSITION YIELDING -> MOVING (intent=MOVE)
05:18:27.567 [AMR-01] STATE_TRANSITION MOVING -> EMERGENCY_STOP (intent=STOP)
05:18:27.567 [AMR-01] SAFETY_STOP min_obstacle_distance=1.00m <= 1.2m
05:18:27.668 [AMR-01] CONFLICT_DETECTED peer=AMR-04 type=INTERSECTION node=(22, 9) safe_wait=(21, 9) DECISION=PROCEED (Higher precedence (58.4 vs 57.9) -> Proceed through (22, 9))
05:18:27.668 [AMR-01] STATE_TRANSITION EMERGENCY_STOP -> MOVING (intent=MOVE)
05:18:27.770 [AMR-01] STATE_TRANSITION MOVING -> EMERGENCY_STOP (intent=STOP)
05:18:27.770 [AMR-01] SAFETY_STOP min_obstacle_distance=1.01m <= 1.2m
05:18:27.872 [AMR-01] CONFLICT_DETECTED peer=AMR-04 type=INTERSECTION node=(22, 9) safe_wait=(21, 9) DECISION=PROCEED (Higher precedence (58.5 vs 58.3) -> Proceed through (22, 9))
05:18:27.872 [AMR-01] STATE_TRANSITION EMERGENCY_STOP -> MOVING (intent=MOVE)
05:18:27.973 [AMR-01] STATE_TRANSITION MOVING -> EMERGENCY_STOP (intent=STOP)
05:18:27.973 [AMR-01] SAFETY_STOP min_obstacle_distance=1.05m <= 1.2m
05:18:28.074 [AMR-01] CONFLICT_DETECTED peer=AMR-04 type=INTERSECTION node=(22, 9) safe_wait=(21, 9) DECISION=PROCEED (Higher precedence (58.6 vs 58.4) -> Proceed through (22, 9))
05:18:28.075 [AMR-01] STATE_TRANSITION EMERGENCY_STOP -> MOVING (intent=MOVE)
05:18:28.176 [AMR-01] STATE_TRANSITION MOVING -> EMERGENCY_STOP (intent=STOP)
05:18:28.176 [AMR-01] SAFETY_STOP min_obstacle_distance=1.10m <= 1.2m
05:18:28.277 [AMR-01] CONFLICT_DETECTED peer=AMR-04 type=INTERSECTION node=(22, 9) safe_wait=(21, 9) DECISION=PROCEED (Higher precedence (58.6 vs 58.6) -> Proceed through (22, 9))
05:18:28.277 [AMR-01] STATE_TRANSITION EMERGENCY_STOP -> MOVING (intent=MOVE)
05:18:28.379 [AMR-01] STATE_TRANSITION MOVING -> EMERGENCY_STOP (intent=STOP)
05:18:28.379 [AMR-01] SAFETY_STOP min_obstacle_distance=1.07m <= 1.2m
05:18:28.479 [AMR-01] CONFLICT_DETECTED peer=AMR-04 type=INTERSECTION node=(22, 9) safe_wait=(21, 9) DECISION=YIELD (Lower precedence at intersection (58.4 vs 58.5) -> Safe wait at (21, 9) for AMR-04)
05:18:28.480 [AMR-01] STATE_TRANSITION EMERGENCY_STOP -> YIELDING (intent=YIELD)
05:18:28.580 [AMR-01] CONFLICT_DETECTED peer=AMR-04 type=INTERSECTION node=(22, 9) safe_wait=(21, 9) DECISION=YIELD (Lower precedence at intersection (58.6 vs 58.7) -> Safe wait at (21, 9) for AMR-04)
05:18:28.681 [AMR-01] CONFLICT_DETECTED peer=AMR-04 type=INTERSECTION node=(22, 9) safe_wait=(21, 9) DECISION=PROCEED (Higher precedence (58.8 vs 58.3) -> Proceed through (22, 9))
05:18:28.681 [AMR-01] STATE_TRANSITION YIELDING -> MOVING (intent=MOVE)
05:18:28.782 [AMR-01] STATE_TRANSITION MOVING -> EMERGENCY_STOP (intent=STOP)
05:18:28.782 [AMR-01] SAFETY_STOP min_obstacle_distance=1.01m <= 1.2m
05:18:28.883 [AMR-01] CONFLICT_DETECTED peer=AMR-04 type=INTERSECTION node=(22, 9) safe_wait=(21, 9) DECISION=PROCEED (Higher precedence (58.7 vs 58.5) -> Proceed through (22, 9))
05:18:28.883 [AMR-01] STATE_TRANSITION EMERGENCY_STOP -> MOVING (intent=MOVE)
05:18:28.985 [AMR-01] STATE_TRANSITION MOVING -> EMERGENCY_STOP (intent=STOP)
05:18:28.985 [AMR-01] SAFETY_STOP min_obstacle_distance=1.04m <= 1.2m
05:18:29.086 [AMR-01] CONFLICT_DETECTED peer=AMR-04 type=INTERSECTION node=(22, 9) safe_wait=(21, 9) DECISION=YIELD (Lower precedence at intersection (58.6 vs 58.6) -> Safe wait at (21, 9) for AMR-04)
05:18:29.086 [AMR-01] STATE_TRANSITION EMERGENCY_STOP -> YIELDING (intent=YIELD)
05:18:29.187 [AMR-01] CONFLICT_DETECTED peer=AMR-04 type=INTERSECTION node=(22, 9) safe_wait=(21, 9) DECISION=PROCEED (Higher precedence (58.8 vs 58.6) -> Proceed through (22, 9))
05:18:29.188 [AMR-01] STATE_TRANSITION YIELDING -> MOVING (intent=MOVE)
05:18:29.288 [AMR-01] STATE_TRANSITION MOVING -> EMERGENCY_STOP (intent=STOP)
05:18:29.288 [AMR-01] SAFETY_STOP min_obstacle_distance=1.10m <= 1.2m
05:18:29.390 [AMR-01] CONFLICT_DETECTED peer=AMR-04 type=INTERSECTION node=(22, 9) safe_wait=(21, 9) DECISION=PROCEED (Higher precedence (58.6 vs 58.5) -> Proceed through (22, 9))
05:18:29.390 [AMR-01] STATE_TRANSITION EMERGENCY_STOP -> MOVING (intent=MOVE)
05:18:29.492 [AMR-01] STATE_TRANSITION MOVING -> EMERGENCY_STOP (intent=STOP)
05:18:29.492 [AMR-01] SAFETY_STOP min_obstacle_distance=1.07m <= 1.2m
05:18:29.591 [AMR-01] CONFLICT_DETECTED peer=AMR-04 type=INTERSECTION node=(22, 9) safe_wait=(21, 9) DECISION=YIELD (Lower precedence at intersection (58.4 vs 58.6) -> Safe wait at (21, 9) for AMR-04)
05:18:29.592 [AMR-01] STATE_TRANSITION EMERGENCY_STOP -> YIELDING (intent=YIELD)
05:18:29.692 [AMR-01] CONFLICT_DETECTED peer=AMR-04 type=INTERSECTION node=(22, 9) safe_wait=(21, 9) DECISION=PROCEED (Higher precedence (58.6 vs 58.3) -> Proceed through (22, 9))
05:18:29.692 [AMR-01] STATE_TRANSITION YIELDING -> MOVING (intent=MOVE)
05:18:29.793 [AMR-01] STATE_TRANSITION MOVING -> EMERGENCY_STOP (intent=STOP)
05:18:29.793 [AMR-01] SAFETY_STOP min_obstacle_distance=1.01m <= 1.2m
05:18:29.894 [AMR-01] CONFLICT_DETECTED peer=AMR-04 type=INTERSECTION node=(22, 9) safe_wait=(21, 9) DECISION=YIELD (Lower precedence at intersection (58.5 vs 58.8) -> Safe wait at (21, 9) for AMR-04)
05:18:29.894 [AMR-01] STATE_TRANSITION EMERGENCY_STOP -> YIELDING (intent=YIELD)
05:18:29.995 [AMR-01] CONFLICT_DETECTED peer=AMR-04 type=INTERSECTION node=(22, 9) safe_wait=(21, 9) DECISION=PROCEED (Higher precedence (58.7 vs 58.6) -> Proceed through (22, 9))
05:18:29.995 [AMR-01] STATE_TRANSITION YIELDING -> MOVING (intent=MOVE)
05:18:30.096 [AMR-01] STATE_TRANSITION MOVING -> EMERGENCY_STOP (intent=STOP)
05:18:30.096 [AMR-01] SAFETY_STOP min_obstacle_distance=1.04m <= 1.2m
05:18:30.197 [AMR-01] CONFLICT_DETECTED peer=AMR-04 type=INTERSECTION node=(22, 9) safe_wait=(21, 9) DECISION=YIELD (Lower precedence at intersection (58.6 vs 58.8) -> Safe wait at (21, 9) for AMR-04)
05:18:30.197 [AMR-01] STATE_TRANSITION EMERGENCY_STOP -> YIELDING (intent=YIELD)
05:18:30.297 [AMR-01] CONFLICT_DETECTED peer=AMR-04 type=INTERSECTION node=(22, 9) safe_wait=(21, 9) DECISION=PROCEED (Higher precedence (58.8 vs 58.7) -> Proceed through (22, 9))
05:18:30.297 [AMR-01] STATE_TRANSITION YIELDING -> MOVING (intent=MOVE)
05:18:30.398 [AMR-01] STATE_TRANSITION MOVING -> EMERGENCY_STOP (intent=STOP)
05:18:30.398 [AMR-01] SAFETY_STOP min_obstacle_distance=1.10m <= 1.2m
05:18:30.498 [AMR-01] CONFLICT_DETECTED peer=AMR-04 type=INTERSECTION node=(22, 9) safe_wait=(21, 9) DECISION=YIELD (Lower precedence at intersection (58.4 vs 58.9) -> Safe wait at (21, 9) for AMR-04)
05:18:30.498 [AMR-01] STATE_TRANSITION EMERGENCY_STOP -> YIELDING (intent=YIELD)
05:18:30.599 [AMR-01] CONFLICT_DETECTED peer=AMR-04 type=INTERSECTION node=(22, 9) safe_wait=(21, 9) DECISION=PROCEED (Higher precedence (58.6 vs 58.5) -> Proceed through (22, 9))
05:18:30.599 [AMR-01] STATE_TRANSITION YIELDING -> MOVING (intent=MOVE)
05:18:30.700 [AMR-01] STATE_TRANSITION MOVING -> EMERGENCY_STOP (intent=STOP)
05:18:30.700 [AMR-01] SAFETY_STOP min_obstacle_distance=1.01m <= 1.2m
05:18:30.801 [AMR-01] CONFLICT_DETECTED peer=AMR-04 type=INTERSECTION node=(22, 9) safe_wait=(21, 9) DECISION=PROCEED (Higher precedence (58.5 vs 58.4) -> Proceed through (22, 9))
05:18:30.801 [AMR-01] STATE_TRANSITION EMERGENCY_STOP -> MOVING (intent=MOVE)
05:18:30.902 [AMR-01] STATE_TRANSITION MOVING -> EMERGENCY_STOP (intent=STOP)
05:18:30.902 [AMR-01] SAFETY_STOP min_obstacle_distance=1.04m <= 1.2m
05:18:31.003 [AMR-01] CONFLICT_DETECTED peer=AMR-04 type=INTERSECTION node=(22, 9) safe_wait=(21, 9) DECISION=YIELD (Lower precedence at intersection (58.6 vs 58.6) -> Safe wait at (21, 9) for AMR-04)
05:18:31.003 [AMR-01] STATE_TRANSITION EMERGENCY_STOP -> YIELDING (intent=YIELD)
05:18:31.103 [AMR-01] CONFLICT_DETECTED peer=AMR-04 type=INTERSECTION node=(22, 9) safe_wait=(21, 9) DECISION=PROCEED (Higher precedence (58.8 vs 58.5) -> Proceed through (22, 9))
05:18:31.104 [AMR-01] STATE_TRANSITION YIELDING -> MOVING (intent=MOVE)
05:18:31.205 [AMR-01] STATE_TRANSITION MOVING -> EMERGENCY_STOP (intent=STOP)
05:18:31.205 [AMR-01] SAFETY_STOP min_obstacle_distance=1.10m <= 1.2m
05:18:31.306 [AMR-01] CONFLICT_DETECTED peer=AMR-04 type=INTERSECTION node=(22, 9) safe_wait=(21, 9) DECISION=YIELD (Lower precedence at intersection (58.6 vs 58.7) -> Safe wait at (21, 9) for AMR-04)
05:18:31.306 [AMR-01] STATE_TRANSITION EMERGENCY_STOP -> YIELDING (intent=YIELD)
05:18:31.408 [AMR-01] CONFLICT_DETECTED peer=AMR-04 type=INTERSECTION node=(22, 9) safe_wait=(21, 9) DECISION=YIELD (Lower precedence at intersection (58.8 vs 58.9) -> Safe wait at (21, 9) for AMR-04)
05:18:31.511 [AMR-01] CONFLICT_DETECTED peer=AMR-04 type=INTERSECTION node=(22, 9) safe_wait=(21, 9) DECISION=PROCEED (Higher precedence (59.0 vs 58.8) -> Proceed through (22, 9))
05:18:31.511 [AMR-01] STATE_TRANSITION YIELDING -> MOVING (intent=MOVE)
05:18:31.609 [AMR-01] STATE_TRANSITION MOVING -> EMERGENCY_STOP (intent=STOP)
05:18:31.610 [AMR-01] SAFETY_STOP min_obstacle_distance=1.00m <= 1.2m
05:18:31.711 [AMR-01] CONFLICT_DETECTED peer=AMR-04 type=INTERSECTION node=(22, 9) safe_wait=(21, 9) DECISION=YIELD (Lower precedence at intersection (58.6 vs 58.8) -> Safe wait at (21, 9) for AMR-04)
05:18:31.711 [AMR-01] STATE_TRANSITION EMERGENCY_STOP -> YIELDING (intent=YIELD)
05:18:31.813 [AMR-01] CONFLICT_DETECTED peer=AMR-04 type=INTERSECTION node=(22, 9) safe_wait=(21, 9) DECISION=YIELD (Lower precedence at intersection (58.8 vs 59.0) -> Safe wait at (21, 9) for AMR-04)
05:18:31.912 [AMR-01] CONFLICT_DETECTED peer=AMR-04 type=INTERSECTION node=(22, 9) safe_wait=(21, 9) DECISION=PROCEED (Higher precedence (59.0 vs 58.8) -> Proceed through (22, 9))
05:18:31.912 [AMR-01] STATE_TRANSITION YIELDING -> MOVING (intent=MOVE)
05:18:32.014 [AMR-01] STATE_TRANSITION MOVING -> EMERGENCY_STOP (intent=STOP)
05:18:32.014 [AMR-01] SAFETY_STOP min_obstacle_distance=1.01m <= 1.2m
05:18:32.115 [AMR-01] CONFLICT_DETECTED peer=AMR-04 type=INTERSECTION node=(22, 9) safe_wait=(21, 9) DECISION=PROCEED (Higher precedence (58.9 vs 58.7) -> Proceed through (22, 9))
05:18:32.115 [AMR-01] STATE_TRANSITION EMERGENCY_STOP -> MOVING (intent=MOVE)
05:18:32.217 [AMR-01] STATE_TRANSITION MOVING -> EMERGENCY_STOP (intent=STOP)
05:18:32.217 [AMR-01] SAFETY_STOP min_obstacle_distance=1.04m <= 1.2m
05:18:32.319 [AMR-01] CONFLICT_DETECTED peer=AMR-04 type=INTERSECTION node=(22, 9) safe_wait=(21, 9) DECISION=YIELD (Lower precedence at intersection (58.8 vs 58.9) -> Safe wait at (21, 9) for AMR-04)
05:18:32.319 [AMR-01] STATE_TRANSITION EMERGENCY_STOP -> YIELDING (intent=YIELD)
05:18:32.420 [AMR-01] CONFLICT_DETECTED peer=AMR-04 type=INTERSECTION node=(22, 9) safe_wait=(21, 9) DECISION=PROCEED (Higher precedence (59.0 vs 58.8) -> Proceed through (22, 9))
05:18:32.421 [AMR-01] STATE_TRANSITION YIELDING -> MOVING (intent=MOVE)
05:18:32.522 [AMR-01] STATE_TRANSITION MOVING -> EMERGENCY_STOP (intent=STOP)
05:18:32.522 [AMR-01] SAFETY_STOP min_obstacle_distance=1.00m <= 1.2m
05:18:32.622 [AMR-01] CONFLICT_DETECTED peer=AMR-04 type=INTERSECTION node=(22, 9) safe_wait=(21, 9) DECISION=PROCEED (Higher precedence (58.6 vs 58.3) -> Proceed through (22, 9))
05:18:32.622 [AMR-01] STATE_TRANSITION EMERGENCY_STOP -> MOVING (intent=MOVE)
05:18:32.723 [AMR-01] STATE_TRANSITION MOVING -> EMERGENCY_STOP (intent=STOP)
05:18:32.723 [AMR-01] SAFETY_STOP min_obstacle_distance=1.01m <= 1.2m
05:18:32.824 [AMR-01] CONFLICT_DETECTED peer=AMR-04 type=INTERSECTION node=(22, 9) safe_wait=(21, 9) DECISION=YIELD (Lower precedence at intersection (58.5 vs 58.5) -> Safe wait at (21, 9) for AMR-04)
05:18:32.824 [AMR-01] STATE_TRANSITION EMERGENCY_STOP -> YIELDING (intent=YIELD)
05:18:32.925 [AMR-01] CONFLICT_DETECTED peer=AMR-04 type=INTERSECTION node=(22, 9) safe_wait=(21, 9) DECISION=YIELD (Lower precedence at intersection (58.7 vs 58.8) -> Safe wait at (21, 9) for AMR-04)
05:18:33.026 [AMR-01] CONFLICT_DETECTED peer=AMR-04 type=INTERSECTION node=(22, 9) safe_wait=(21, 9) DECISION=PROCEED (Higher precedence (58.9 vs 58.6) -> Proceed through (22, 9))
05:18:33.026 [AMR-01] STATE_TRANSITION YIELDING -> MOVING (intent=MOVE)
05:18:33.127 [AMR-01] STATE_TRANSITION MOVING -> EMERGENCY_STOP (intent=STOP)
05:18:33.127 [AMR-01] SAFETY_STOP min_obstacle_distance=1.04m <= 1.2m
05:18:33.228 [AMR-01] CONFLICT_DETECTED peer=AMR-04 type=INTERSECTION node=(22, 9) safe_wait=(21, 9) DECISION=YIELD (Lower precedence at intersection (58.8 vs 58.8) -> Safe wait at (21, 9) for AMR-04)
05:18:33.228 [AMR-01] STATE_TRANSITION EMERGENCY_STOP -> YIELDING (intent=YIELD)
05:18:33.329 [AMR-01] CONFLICT_DETECTED peer=AMR-04 type=INTERSECTION node=(22, 9) safe_wait=(21, 9) DECISION=YIELD (Lower precedence at intersection (59.0 vs 59.0) -> Safe wait at (21, 9) for AMR-04)
05:18:33.430 [AMR-01] CONFLICT_DETECTED peer=AMR-04 type=INTERSECTION node=(22, 9) safe_wait=(21, 9) DECISION=PROCEED (Higher precedence (59.2 vs 58.9) -> Proceed through (22, 9))
05:18:33.430 [AMR-01] STATE_TRANSITION YIELDING -> MOVING (intent=MOVE)
05:18:33.531 [AMR-01] STATE_TRANSITION MOVING -> EMERGENCY_STOP (intent=STOP)
05:18:33.531 [AMR-01] SAFETY_STOP min_obstacle_distance=1.00m <= 1.2m
05:18:33.632 [AMR-01] CONFLICT_DETECTED peer=AMR-04 type=INTERSECTION node=(22, 9) safe_wait=(21, 9) DECISION=YIELD (Lower precedence at intersection (58.8 vs 59.5) -> Safe wait at (21, 9) for AMR-04)
05:18:33.632 [AMR-01] STATE_TRANSITION EMERGENCY_STOP -> YIELDING (intent=YIELD)
05:18:33.733 [AMR-01] CONFLICT_DETECTED peer=AMR-04 type=INTERSECTION node=(22, 9) safe_wait=(21, 9) DECISION=YIELD (Lower precedence at intersection (59.0 vs 59.3) -> Safe wait at (21, 9) for AMR-04)
05:18:33.834 [AMR-01] CONFLICT_DETECTED peer=AMR-04 type=INTERSECTION node=(22, 9) safe_wait=(21, 9) DECISION=PROCEED (Higher precedence (59.2 vs 59.2) -> Proceed through (22, 9))
05:18:33.834 [AMR-01] STATE_TRANSITION YIELDING -> MOVING (intent=MOVE)
05:18:33.936 [AMR-01] STATE_TRANSITION MOVING -> EMERGENCY_STOP (intent=STOP)
05:18:33.936 [AMR-01] SAFETY_STOP min_obstacle_distance=1.01m <= 1.2m
05:18:34.036 [AMR-01] CONFLICT_DETECTED peer=AMR-04 type=INTERSECTION node=(22, 9) safe_wait=(21, 9) DECISION=PROCEED (Higher precedence (59.1 vs 59.1) -> Proceed through (22, 9))
05:18:34.037 [AMR-01] STATE_TRANSITION EMERGENCY_STOP -> MOVING (intent=MOVE)
05:18:34.138 [AMR-01] STATE_TRANSITION MOVING -> EMERGENCY_STOP (intent=STOP)
05:18:34.138 [AMR-01] SAFETY_STOP min_obstacle_distance=1.04m <= 1.2m
05:18:34.240 [AMR-01] CONFLICT_DETECTED peer=AMR-04 type=INTERSECTION node=(22, 9) safe_wait=(21, 9) DECISION=YIELD (Lower precedence at intersection (59.0 vs 59.1) -> Safe wait at (21, 9) for AMR-04)
05:18:34.240 [AMR-01] STATE_TRANSITION EMERGENCY_STOP -> YIELDING (intent=YIELD)
05:18:34.341 [AMR-01] CONFLICT_DETECTED peer=AMR-04 type=INTERSECTION node=(22, 9) safe_wait=(21, 9) DECISION=PROCEED (Higher precedence (59.2 vs 59.1) -> Proceed through (22, 9))
05:18:34.341 [AMR-01] STATE_TRANSITION YIELDING -> MOVING (intent=MOVE)
05:18:34.444 [AMR-01] STATE_TRANSITION MOVING -> EMERGENCY_STOP (intent=STOP)
05:18:34.444 [AMR-01] SAFETY_STOP min_obstacle_distance=1.10m <= 1.2m
05:18:34.545 [AMR-01] CONFLICT_DETECTED peer=AMR-04 type=INTERSECTION node=(22, 9) safe_wait=(21, 9) DECISION=YIELD (Lower precedence at intersection (58.8 vs 58.9) -> Safe wait at (21, 9) for AMR-04)
05:18:34.545 [AMR-01] STATE_TRANSITION EMERGENCY_STOP -> YIELDING (intent=YIELD)
05:18:34.645 [AMR-01] CONFLICT_DETECTED peer=AMR-04 type=INTERSECTION node=(22, 9) safe_wait=(21, 9) DECISION=YIELD (Lower precedence at intersection (59.0 vs 59.0) -> Safe wait at (21, 9) for AMR-04)
05:18:34.746 [AMR-01] CONFLICT_DETECTED peer=AMR-04 type=INTERSECTION node=(22, 9) safe_wait=(21, 9) DECISION=PROCEED (Higher precedence (59.2 vs 58.9) -> Proceed through (22, 9))
05:18:34.746 [AMR-01] STATE_TRANSITION YIELDING -> MOVING (intent=MOVE)
05:18:34.846 [AMR-01] STATE_TRANSITION MOVING -> EMERGENCY_STOP (intent=STOP)
05:18:34.847 [AMR-01] SAFETY_STOP min_obstacle_distance=1.01m <= 1.2m
05:18:34.947 [AMR-01] CONFLICT_DETECTED peer=AMR-04 type=INTERSECTION node=(22, 9) safe_wait=(21, 9) DECISION=YIELD (Lower precedence at intersection (59.1 vs 59.3) -> Safe wait at (21, 9) for AMR-04)
05:18:34.947 [AMR-01] STATE_TRANSITION EMERGENCY_STOP -> YIELDING (intent=YIELD)
05:18:35.047 [AMR-01] CONFLICT_DETECTED peer=AMR-04 type=INTERSECTION node=(22, 9) safe_wait=(21, 9) DECISION=PROCEED (Higher precedence (59.3 vs 59.2) -> Proceed through (22, 9))
05:18:35.047 [AMR-01] STATE_TRANSITION YIELDING -> MOVING (intent=MOVE)
05:18:35.148 [AMR-01] STATE_TRANSITION MOVING -> EMERGENCY_STOP (intent=STOP)
05:18:35.150 [AMR-01] SAFETY_STOP min_obstacle_distance=1.04m <= 1.2m
05:18:35.249 [AMR-01] CONFLICT_DETECTED peer=AMR-04 type=INTERSECTION node=(22, 9) safe_wait=(21, 9) DECISION=PROCEED (Higher precedence (59.2 vs 59.1) -> Proceed through (22, 9))
05:18:35.250 [AMR-01] STATE_TRANSITION EMERGENCY_STOP -> MOVING (intent=MOVE)
05:18:35.349 [AMR-01] STATE_TRANSITION MOVING -> EMERGENCY_STOP (intent=STOP)
05:18:35.349 [AMR-01] SAFETY_STOP min_obstacle_distance=1.10m <= 1.2m
05:18:35.449 [AMR-01] CONFLICT_DETECTED peer=AMR-04 type=INTERSECTION node=(22, 9) safe_wait=(21, 9) DECISION=YIELD (Lower precedence at intersection (59.0 vs 59.3) -> Safe wait at (21, 9) for AMR-04)
05:18:35.449 [AMR-01] STATE_TRANSITION EMERGENCY_STOP -> YIELDING (intent=YIELD)
05:18:35.549 [AMR-01] CONFLICT_DETECTED peer=AMR-04 type=INTERSECTION node=(22, 9) safe_wait=(21, 9) DECISION=YIELD (Lower precedence at intersection (59.0 vs 59.1) -> Safe wait at (21, 9) for AMR-04)
05:18:35.649 [AMR-01] CONFLICT_DETECTED peer=AMR-04 type=INTERSECTION node=(22, 9) safe_wait=(21, 9) DECISION=PROCEED (Higher precedence (59.2 vs 58.9) -> Proceed through (22, 9))
05:18:35.649 [AMR-01] STATE_TRANSITION YIELDING -> MOVING (intent=MOVE)
05:18:35.750 [AMR-01] STATE_TRANSITION MOVING -> EMERGENCY_STOP (intent=STOP)
05:18:35.750 [AMR-01] SAFETY_STOP min_obstacle_distance=1.01m <= 1.2m
05:18:35.851 [AMR-01] CONFLICT_DETECTED peer=AMR-04 type=INTERSECTION node=(22, 9) safe_wait=(21, 9) DECISION=PROCEED (Higher precedence (59.1 vs 58.9) -> Proceed through (22, 9))
05:18:35.851 [AMR-01] STATE_TRANSITION EMERGENCY_STOP -> MOVING (intent=MOVE)
05:18:35.951 [AMR-01] STATE_TRANSITION MOVING -> EMERGENCY_STOP (intent=STOP)
05:18:35.952 [AMR-01] SAFETY_STOP min_obstacle_distance=1.04m <= 1.2m
05:18:36.054 [AMR-01] CONFLICT_DETECTED peer=AMR-04 type=INTERSECTION node=(22, 9) safe_wait=(21, 9) DECISION=YIELD (Lower precedence at intersection (59.0 vs 59.0) -> Safe wait at (21, 9) for AMR-04)
05:18:36.054 [AMR-01] STATE_TRANSITION EMERGENCY_STOP -> YIELDING (intent=YIELD)
05:18:36.154 [AMR-01] CONFLICT_DETECTED peer=AMR-04 type=INTERSECTION node=(22, 9) safe_wait=(21, 9) DECISION=YIELD (Lower precedence at intersection (59.2 vs 59.2) -> Safe wait at (21, 9) for AMR-04)
05:18:36.255 [AMR-01] CONFLICT_DETECTED peer=AMR-04 type=INTERSECTION node=(22, 9) safe_wait=(21, 9) DECISION=PROCEED (Higher precedence (59.4 vs 59.1) -> Proceed through (22, 9))
05:18:36.255 [AMR-01] STATE_TRANSITION YIELDING -> MOVING (intent=MOVE)
05:18:36.356 [AMR-01] STATE_TRANSITION MOVING -> EMERGENCY_STOP (intent=STOP)
05:18:36.356 [AMR-01] SAFETY_STOP min_obstacle_distance=1.10m <= 1.2m
05:18:36.458 [AMR-01] CONFLICT_DETECTED peer=AMR-04 type=INTERSECTION node=(22, 9) safe_wait=(21, 9) DECISION=YIELD (Lower precedence at intersection (59.2 vs 59.3) -> Safe wait at (21, 9) for AMR-04)
05:18:36.458 [AMR-01] STATE_TRANSITION EMERGENCY_STOP -> YIELDING (intent=YIELD)
05:18:36.558 [AMR-01] CONFLICT_DETECTED peer=AMR-04 type=INTERSECTION node=(22, 9) safe_wait=(21, 9) DECISION=YIELD (Lower precedence at intersection (59.2 vs 59.5) -> Safe wait at (21, 9) for AMR-04)
05:18:36.659 [AMR-01] CONFLICT_DETECTED peer=AMR-04 type=INTERSECTION node=(22, 9) safe_wait=(21, 9) DECISION=PROCEED (Higher precedence (59.4 vs 59.0) -> Proceed through (22, 9))
05:18:36.660 [AMR-01] STATE_TRANSITION YIELDING -> MOVING (intent=MOVE)
05:18:36.760 [AMR-01] STATE_TRANSITION MOVING -> EMERGENCY_STOP (intent=STOP)
05:18:36.761 [AMR-01] SAFETY_STOP min_obstacle_distance=1.01m <= 1.2m
05:18:36.862 [AMR-01] CONFLICT_DETECTED peer=AMR-04 type=INTERSECTION node=(22, 9) safe_wait=(21, 9) DECISION=PROCEED (Higher precedence (59.3 vs 59.1) -> Proceed through (22, 9))
05:18:36.862 [AMR-01] STATE_TRANSITION EMERGENCY_STOP -> MOVING (intent=MOVE)
05:18:36.963 [AMR-01] STATE_TRANSITION MOVING -> EMERGENCY_STOP (intent=STOP)
05:18:36.964 [AMR-01] SAFETY_STOP min_obstacle_distance=1.05m <= 1.2m
05:18:37.065 [AMR-01] CONFLICT_DETECTED peer=AMR-04 type=INTERSECTION node=(22, 9) safe_wait=(21, 9) DECISION=YIELD (Lower precedence at intersection (59.2 vs 59.2) -> Safe wait at (21, 9) for AMR-04)
05:18:37.066 [AMR-01] STATE_TRANSITION EMERGENCY_STOP -> YIELDING (intent=YIELD)
05:18:37.166 [AMR-01] CONFLICT_DETECTED peer=AMR-04 type=INTERSECTION node=(22, 9) safe_wait=(21, 9) DECISION=YIELD (Lower precedence at intersection (59.4 vs 59.4) -> Safe wait at (21, 9) for AMR-04)
05:18:37.267 [AMR-01] CONFLICT_DETECTED peer=AMR-04 type=INTERSECTION node=(22, 9) safe_wait=(21, 9) DECISION=PROCEED (Higher precedence (59.6 vs 59.3) -> Proceed through (22, 9))
05:18:37.267 [AMR-01] STATE_TRANSITION YIELDING -> MOVING (intent=MOVE)
05:18:37.368 [AMR-01] STATE_TRANSITION MOVING -> EMERGENCY_STOP (intent=STOP)
05:18:37.368 [AMR-01] SAFETY_STOP min_obstacle_distance=1.10m <= 1.2m
05:18:37.470 [AMR-01] CONFLICT_DETECTED peer=AMR-04 type=INTERSECTION node=(22, 9) safe_wait=(21, 9) DECISION=YIELD (Lower precedence at intersection (59.4 vs 59.5) -> Safe wait at (21, 9) for AMR-04)
05:18:37.470 [AMR-01] STATE_TRANSITION EMERGENCY_STOP -> YIELDING (intent=YIELD)
05:18:37.571 [AMR-01] CONFLICT_DETECTED peer=AMR-04 type=INTERSECTION node=(22, 9) safe_wait=(21, 9) DECISION=YIELD (Lower precedence at intersection (59.4 vs 59.7) -> Safe wait at (21, 9) for AMR-04)
05:18:37.672 [AMR-01] CONFLICT_DETECTED peer=AMR-04 type=INTERSECTION node=(22, 9) safe_wait=(21, 9) DECISION=PROCEED (Higher precedence (59.6 vs 59.2) -> Proceed through (22, 9))
05:18:37.672 [AMR-01] STATE_TRANSITION YIELDING -> MOVING (intent=MOVE)
05:18:37.774 [AMR-01] STATE_TRANSITION MOVING -> EMERGENCY_STOP (intent=STOP)
05:18:37.774 [AMR-01] SAFETY_STOP min_obstacle_distance=1.01m <= 1.2m
05:18:37.875 [AMR-01] CONFLICT_DETECTED peer=AMR-04 type=INTERSECTION node=(22, 9) safe_wait=(21, 9) DECISION=PROCEED (Higher precedence (59.5 vs 59.3) -> Proceed through (22, 9))
05:18:37.876 [AMR-01] STATE_TRANSITION EMERGENCY_STOP -> MOVING (intent=MOVE)
05:18:37.977 [AMR-01] STATE_TRANSITION MOVING -> EMERGENCY_STOP (intent=STOP)
05:18:37.977 [AMR-01] SAFETY_STOP min_obstacle_distance=1.05m <= 1.2m
05:18:38.078 [AMR-01] CONFLICT_DETECTED peer=AMR-04 type=INTERSECTION node=(22, 9) safe_wait=(21, 9) DECISION=YIELD (Lower precedence at intersection (59.4 vs 59.4) -> Safe wait at (21, 9) for AMR-04)
05:18:38.079 [AMR-01] STATE_TRANSITION EMERGENCY_STOP -> YIELDING (intent=YIELD)
05:18:38.179 [AMR-01] CONFLICT_DETECTED peer=AMR-04 type=INTERSECTION node=(22, 9) safe_wait=(21, 9) DECISION=YIELD (Lower precedence at intersection (59.6 vs 59.6) -> Safe wait at (21, 9) for AMR-04)
05:18:38.281 [AMR-01] CONFLICT_DETECTED peer=AMR-04 type=INTERSECTION node=(22, 9) safe_wait=(21, 9) DECISION=PROCEED (Higher precedence (59.8 vs 59.5) -> Proceed through (22, 9))
05:18:38.281 [AMR-01] STATE_TRANSITION YIELDING -> MOVING (intent=MOVE)
05:18:38.383 [AMR-01] STATE_TRANSITION MOVING -> EMERGENCY_STOP (intent=STOP)
05:18:38.383 [AMR-01] SAFETY_STOP min_obstacle_distance=1.10m <= 1.2m
05:18:38.485 [AMR-01] CONFLICT_DETECTED peer=AMR-04 type=INTERSECTION node=(22, 9) safe_wait=(21, 9) DECISION=YIELD (Lower precedence at intersection (59.6 vs 59.7) -> Safe wait at (21, 9) for AMR-04)
05:18:38.485 [AMR-01] STATE_TRANSITION EMERGENCY_STOP -> YIELDING (intent=YIELD)
05:18:38.584 [AMR-01] CONFLICT_DETECTED peer=AMR-04 type=INTERSECTION node=(22, 9) safe_wait=(21, 9) DECISION=YIELD (Lower precedence at intersection (59.6 vs 59.9) -> Safe wait at (21, 9) for AMR-04)
05:18:38.685 [AMR-01] CONFLICT_DETECTED peer=AMR-04 type=INTERSECTION node=(22, 9) safe_wait=(21, 9) DECISION=PROCEED (Higher precedence (59.8 vs 59.5) -> Proceed through (22, 9))
05:18:38.686 [AMR-01] STATE_TRANSITION YIELDING -> MOVING (intent=MOVE)
05:18:38.786 [AMR-01] STATE_TRANSITION MOVING -> EMERGENCY_STOP (intent=STOP)
05:18:38.787 [AMR-01] SAFETY_STOP min_obstacle_distance=1.01m <= 1.2m
05:18:38.888 [AMR-01] CONFLICT_DETECTED peer=AMR-04 type=INTERSECTION node=(22, 9) safe_wait=(21, 9) DECISION=PROCEED (Higher precedence (59.7 vs 59.5) -> Proceed through (22, 9))
05:18:38.888 [AMR-01] STATE_TRANSITION EMERGENCY_STOP -> MOVING (intent=MOVE)
05:18:38.988 [AMR-01] STATE_TRANSITION MOVING -> EMERGENCY_STOP (intent=STOP)
05:18:38.988 [AMR-01] SAFETY_STOP min_obstacle_distance=1.04m <= 1.2m
05:18:39.090 [AMR-01] CONFLICT_DETECTED peer=AMR-04 type=INTERSECTION node=(22, 9) safe_wait=(21, 9) DECISION=YIELD (Lower precedence at intersection (59.6 vs 59.6) -> Safe wait at (21, 9) for AMR-04)
05:18:39.090 [AMR-01] STATE_TRANSITION EMERGENCY_STOP -> YIELDING (intent=YIELD)
05:18:39.191 [AMR-01] CONFLICT_DETECTED peer=AMR-04 type=INTERSECTION node=(22, 9) safe_wait=(21, 9) DECISION=YIELD (Lower precedence at intersection (59.8 vs 59.8) -> Safe wait at (21, 9) for AMR-04)
05:18:39.292 [AMR-01] CONFLICT_DETECTED peer=AMR-04 type=INTERSECTION node=(22, 9) safe_wait=(21, 9) DECISION=PROCEED (Higher precedence (60.0 vs 59.7) -> Proceed through (22, 9))
05:18:39.293 [AMR-01] STATE_TRANSITION YIELDING -> MOVING (intent=MOVE)
05:18:39.394 [AMR-01] STATE_TRANSITION MOVING -> EMERGENCY_STOP (intent=STOP)
05:18:39.394 [AMR-01] SAFETY_STOP min_obstacle_distance=1.10m <= 1.2m
05:18:39.496 [AMR-01] CONFLICT_DETECTED peer=AMR-04 type=INTERSECTION node=(22, 9) safe_wait=(21, 9) DECISION=YIELD (Lower precedence at intersection (59.8 vs 59.9) -> Safe wait at (21, 9) for AMR-04)
05:18:39.496 [AMR-01] STATE_TRANSITION EMERGENCY_STOP -> YIELDING (intent=YIELD)
05:18:39.596 [AMR-01] CONFLICT_DETECTED peer=AMR-04 type=INTERSECTION node=(22, 9) safe_wait=(21, 9) DECISION=YIELD (Lower precedence at intersection (59.8 vs 60.1) -> Safe wait at (21, 9) for AMR-04)
05:18:39.697 [AMR-01] CONFLICT_DETECTED peer=AMR-04 type=INTERSECTION node=(22, 9) safe_wait=(21, 9) DECISION=PROCEED (Higher precedence (60.0 vs 59.6) -> Proceed through (22, 9))
05:18:39.697 [AMR-01] STATE_TRANSITION YIELDING -> MOVING (intent=MOVE)
05:18:39.797 [AMR-01] STATE_TRANSITION MOVING -> EMERGENCY_STOP (intent=STOP)
05:18:39.797 [AMR-01] SAFETY_STOP min_obstacle_distance=1.01m <= 1.2m
05:18:39.898 [AMR-01] CONFLICT_DETECTED peer=AMR-04 type=INTERSECTION node=(22, 9) safe_wait=(21, 9) DECISION=PROCEED (Higher precedence (59.9 vs 59.7) -> Proceed through (22, 9))
05:18:39.898 [AMR-01] STATE_TRANSITION EMERGENCY_STOP -> MOVING (intent=MOVE)
05:18:39.998 [AMR-01] STATE_TRANSITION MOVING -> EMERGENCY_STOP (intent=STOP)
05:18:39.998 [AMR-01] SAFETY_STOP min_obstacle_distance=1.04m <= 1.2m
05:18:40.100 [AMR-01] CONFLICT_DETECTED peer=AMR-04 type=INTERSECTION node=(22, 9) safe_wait=(21, 9) DECISION=YIELD (Lower precedence at intersection (59.8 vs 59.8) -> Safe wait at (21, 9) for AMR-04)
05:18:40.100 [AMR-01] STATE_TRANSITION EMERGENCY_STOP -> YIELDING (intent=YIELD)
05:18:40.200 [AMR-01] CONFLICT_DETECTED peer=AMR-04 type=INTERSECTION node=(22, 9) safe_wait=(21, 9) DECISION=YIELD (Lower precedence at intersection (60.0 vs 60.0) -> Safe wait at (21, 9) for AMR-04)
05:18:40.300 [AMR-01] CONFLICT_DETECTED peer=AMR-04 type=INTERSECTION node=(22, 9) safe_wait=(21, 9) DECISION=PROCEED (Higher precedence (60.2 vs 59.9) -> Proceed through (22, 9))
05:18:40.300 [AMR-01] STATE_TRANSITION YIELDING -> MOVING (intent=MOVE)
05:18:40.401 [AMR-01] STATE_TRANSITION MOVING -> EMERGENCY_STOP (intent=STOP)
05:18:40.401 [AMR-01] SAFETY_STOP min_obstacle_distance=1.10m <= 1.2m
05:18:40.502 [AMR-01] CONFLICT_DETECTED peer=AMR-04 type=INTERSECTION node=(22, 9) safe_wait=(21, 9) DECISION=YIELD (Lower precedence at intersection (59.8 vs 60.1) -> Safe wait at (21, 9) for AMR-04)
05:18:40.502 [AMR-01] STATE_TRANSITION EMERGENCY_STOP -> YIELDING (intent=YIELD)
05:18:40.603 [AMR-01] CONFLICT_DETECTED peer=AMR-04 type=INTERSECTION node=(22, 9) safe_wait=(21, 9) DECISION=YIELD (Lower precedence at intersection (60.0 vs 60.1) -> Safe wait at (21, 9) for AMR-04)
05:18:40.704 [AMR-01] CONFLICT_DETECTED peer=AMR-04 type=INTERSECTION node=(22, 9) safe_wait=(21, 9) DECISION=PROCEED (Higher precedence (60.2 vs 59.9) -> Proceed through (22, 9))
05:18:40.707 [AMR-01] STATE_TRANSITION YIELDING -> MOVING (intent=MOVE)
05:18:40.806 [AMR-01] STATE_TRANSITION MOVING -> EMERGENCY_STOP (intent=STOP)
05:18:40.806 [AMR-01] SAFETY_STOP min_obstacle_distance=1.01m <= 1.2m
05:18:40.908 [AMR-01] CONFLICT_DETECTED peer=AMR-04 type=INTERSECTION node=(22, 9) safe_wait=(21, 9) DECISION=PROCEED (Higher precedence (60.1 vs 60.0) -> Proceed through (22, 9))
05:18:40.908 [AMR-01] STATE_TRANSITION EMERGENCY_STOP -> MOVING (intent=MOVE)
05:18:41.008 [AMR-01] STATE_TRANSITION MOVING -> EMERGENCY_STOP (intent=STOP)
05:18:41.008 [AMR-01] SAFETY_STOP min_obstacle_distance=1.04m <= 1.2m
05:18:41.109 [AMR-01] CONFLICT_DETECTED peer=AMR-04 type=INTERSECTION node=(22, 9) safe_wait=(21, 9) DECISION=YIELD (Lower precedence at intersection (60.0 vs 60.1) -> Safe wait at (21, 9) for AMR-04)
05:18:41.109 [AMR-01] STATE_TRANSITION EMERGENCY_STOP -> YIELDING (intent=YIELD)
05:18:41.211 [AMR-01] CONFLICT_DETECTED peer=AMR-04 type=INTERSECTION node=(22, 9) safe_wait=(21, 9) DECISION=PROCEED (Higher precedence (60.2 vs 60.1) -> Proceed through (22, 9))
05:18:41.211 [AMR-01] STATE_TRANSITION YIELDING -> MOVING (intent=MOVE)
05:18:41.312 [AMR-01] STATE_TRANSITION MOVING -> EMERGENCY_STOP (intent=STOP)
05:18:41.312 [AMR-01] SAFETY_STOP min_obstacle_distance=1.10m <= 1.2m
05:18:41.412 [AMR-01] CONFLICT_DETECTED peer=AMR-04 type=INTERSECTION node=(22, 9) safe_wait=(21, 9) DECISION=PROCEED (Higher precedence (60.0 vs 60.0) -> Proceed through (22, 9))
05:18:41.412 [AMR-01] STATE_TRANSITION EMERGENCY_STOP -> MOVING (intent=MOVE)
05:18:41.513 [AMR-01] STATE_TRANSITION MOVING -> EMERGENCY_STOP (intent=STOP)
05:18:41.513 [AMR-01] SAFETY_STOP min_obstacle_distance=1.00m <= 1.2m
05:18:41.613 [AMR-01] CONFLICT_DETECTED peer=AMR-04 type=INTERSECTION node=(22, 9) safe_wait=(21, 9) DECISION=YIELD (Lower precedence at intersection (60.1 vs 60.1) -> Safe wait at (21, 9) for AMR-04)
05:18:41.613 [AMR-01] STATE_TRANSITION EMERGENCY_STOP -> YIELDING (intent=YIELD)
05:18:41.714 [AMR-01] CONFLICT_DETECTED peer=AMR-04 type=INTERSECTION node=(22, 9) safe_wait=(21, 9) DECISION=PROCEED (Higher precedence (60.3 vs 60.1) -> Proceed through (22, 9))
05:18:41.714 [AMR-01] STATE_TRANSITION YIELDING -> MOVING (intent=MOVE)
05:18:41.814 [AMR-01] STATE_TRANSITION MOVING -> EMERGENCY_STOP (intent=STOP)
05:18:41.814 [AMR-01] SAFETY_STOP min_obstacle_distance=1.01m <= 1.2m
05:18:41.915 [AMR-01] CONFLICT_DETECTED peer=AMR-04 type=INTERSECTION node=(22, 9) safe_wait=(21, 9) DECISION=PROCEED (Higher precedence (60.2 vs 60.0) -> Proceed through (22, 9))
05:18:41.915 [AMR-01] STATE_TRANSITION EMERGENCY_STOP -> MOVING (intent=MOVE)
05:18:42.015 [AMR-01] STATE_TRANSITION MOVING -> EMERGENCY_STOP (intent=STOP)
05:18:42.015 [AMR-01] SAFETY_STOP min_obstacle_distance=1.04m <= 1.2m
05:18:42.115 [AMR-01] CONFLICT_DETECTED peer=AMR-04 type=INTERSECTION node=(22, 9) safe_wait=(21, 9) DECISION=YIELD (Lower precedence at intersection (60.0 vs 60.1) -> Safe wait at (21, 9) for AMR-04)
05:18:42.116 [AMR-01] STATE_TRANSITION EMERGENCY_STOP -> YIELDING (intent=YIELD)
05:18:42.216 [AMR-01] CONFLICT_DETECTED peer=AMR-04 type=INTERSECTION node=(22, 9) safe_wait=(21, 9) DECISION=PROCEED (Higher precedence (60.2 vs 60.1) -> Proceed through (22, 9))
05:18:42.216 [AMR-01] STATE_TRANSITION YIELDING -> MOVING (intent=MOVE)
05:18:42.316 [AMR-01] STATE_TRANSITION MOVING -> EMERGENCY_STOP (intent=STOP)
05:18:42.316 [AMR-01] SAFETY_STOP min_obstacle_distance=1.10m <= 1.2m
05:18:42.417 [AMR-01] CONFLICT_DETECTED peer=AMR-04 type=INTERSECTION node=(22, 9) safe_wait=(21, 9) DECISION=PROCEED (Higher precedence (60.1 vs 60.0) -> Proceed through (22, 9))
05:18:42.417 [AMR-01] STATE_TRANSITION EMERGENCY_STOP -> MOVING (intent=MOVE)
05:18:42.518 [AMR-01] STATE_TRANSITION MOVING -> EMERGENCY_STOP (intent=STOP)
05:18:42.518 [AMR-01] SAFETY_STOP min_obstacle_distance=1.00m <= 1.2m
05:18:42.619 [AMR-01] CONFLICT_DETECTED peer=AMR-04 type=INTERSECTION node=(22, 9) safe_wait=(21, 9) DECISION=YIELD (Lower precedence at intersection (59.7 vs 59.8) -> Safe wait at (21, 9) for AMR-04)
05:18:42.619 [AMR-01] STATE_TRANSITION EMERGENCY_STOP -> YIELDING (intent=YIELD)
05:18:42.720 [AMR-01] CONFLICT_DETECTED peer=AMR-04 type=INTERSECTION node=(22, 9) safe_wait=(21, 9) DECISION=PROCEED (Higher precedence (59.9 vs 59.8) -> Proceed through (22, 9))
05:18:42.720 [AMR-01] STATE_TRANSITION YIELDING -> MOVING (intent=MOVE)
05:18:42.821 [AMR-01] STATE_TRANSITION MOVING -> EMERGENCY_STOP (intent=STOP)
05:18:42.821 [AMR-01] SAFETY_STOP min_obstacle_distance=1.01m <= 1.2m
05:18:42.922 [AMR-01] CONFLICT_DETECTED peer=AMR-04 type=INTERSECTION node=(22, 9) safe_wait=(21, 9) DECISION=PROCEED (Higher precedence (59.8 vs 59.6) -> Proceed through (22, 9))
05:18:42.922 [AMR-01] STATE_TRANSITION EMERGENCY_STOP -> MOVING (intent=MOVE)
05:18:43.023 [AMR-01] STATE_TRANSITION MOVING -> EMERGENCY_STOP (intent=STOP)
05:18:43.023 [AMR-01] SAFETY_STOP min_obstacle_distance=1.04m <= 1.2m
05:18:43.124 [AMR-01] CONFLICT_DETECTED peer=AMR-04 type=INTERSECTION node=(22, 9) safe_wait=(21, 9) DECISION=YIELD (Lower precedence at intersection (59.6 vs 59.7) -> Safe wait at (21, 9) for AMR-04)
05:18:43.124 [AMR-01] STATE_TRANSITION EMERGENCY_STOP -> YIELDING (intent=YIELD)
05:18:43.225 [AMR-01] CONFLICT_DETECTED peer=AMR-04 type=INTERSECTION node=(22, 9) safe_wait=(21, 9) DECISION=PROCEED (Higher precedence (59.8 vs 59.7) -> Proceed through (22, 9))
05:18:43.225 [AMR-01] STATE_TRANSITION YIELDING -> MOVING (intent=MOVE)
05:18:43.326 [AMR-01] STATE_TRANSITION MOVING -> EMERGENCY_STOP (intent=STOP)
05:18:43.326 [AMR-01] SAFETY_STOP min_obstacle_distance=1.10m <= 1.2m
05:18:43.427 [AMR-01] CONFLICT_DETECTED peer=AMR-04 type=INTERSECTION node=(22, 9) safe_wait=(21, 9) DECISION=PROCEED (Higher precedence (59.7 vs 59.6) -> Proceed through (22, 9))
05:18:43.427 [AMR-01] STATE_TRANSITION EMERGENCY_STOP -> MOVING (intent=MOVE)
05:18:43.528 [AMR-01] STATE_TRANSITION MOVING -> EMERGENCY_STOP (intent=STOP)
05:18:43.528 [AMR-01] SAFETY_STOP min_obstacle_distance=1.00m <= 1.2m
05:18:43.629 [AMR-01] CONFLICT_DETECTED peer=AMR-04 type=INTERSECTION node=(22, 9) safe_wait=(21, 9) DECISION=YIELD (Lower precedence at intersection (59.3 vs 59.4) -> Safe wait at (21, 9) for AMR-04)
05:18:43.629 [AMR-01] STATE_TRANSITION EMERGENCY_STOP -> YIELDING (intent=YIELD)
05:18:43.730 [AMR-01] CONFLICT_DETECTED peer=AMR-04 type=INTERSECTION node=(22, 9) safe_wait=(21, 9) DECISION=PROCEED (Higher precedence (59.5 vs 59.4) -> Proceed through (22, 9))
05:18:43.730 [AMR-01] STATE_TRANSITION YIELDING -> MOVING (intent=MOVE)
05:18:43.831 [AMR-01] STATE_TRANSITION MOVING -> EMERGENCY_STOP (intent=STOP)
05:18:43.831 [AMR-01] SAFETY_STOP min_obstacle_distance=1.01m <= 1.2m
05:18:43.932 [AMR-01] CONFLICT_DETECTED peer=AMR-04 type=INTERSECTION node=(22, 9) safe_wait=(21, 9) DECISION=PROCEED (Higher precedence (59.4 vs 59.2) -> Proceed through (22, 9))
05:18:43.932 [AMR-01] STATE_TRANSITION EMERGENCY_STOP -> MOVING (intent=MOVE)
05:18:44.034 [AMR-01] STATE_TRANSITION MOVING -> EMERGENCY_STOP (intent=STOP)
05:18:44.034 [AMR-01] SAFETY_STOP min_obstacle_distance=1.04m <= 1.2m
05:18:44.135 [AMR-01] CONFLICT_DETECTED peer=AMR-04 type=INTERSECTION node=(22, 9) safe_wait=(21, 9) DECISION=YIELD (Lower precedence at intersection (59.2 vs 59.3) -> Safe wait at (21, 9) for AMR-04)
05:18:44.135 [AMR-01] STATE_TRANSITION EMERGENCY_STOP -> YIELDING (intent=YIELD)
05:18:44.236 [AMR-01] CONFLICT_DETECTED peer=AMR-04 type=INTERSECTION node=(22, 9) safe_wait=(21, 9) DECISION=PROCEED (Higher precedence (59.4 vs 59.3) -> Proceed through (22, 9))
05:18:44.236 [AMR-01] STATE_TRANSITION YIELDING -> MOVING (intent=MOVE)
05:18:44.337 [AMR-01] STATE_TRANSITION MOVING -> EMERGENCY_STOP (intent=STOP)
05:18:44.337 [AMR-01] SAFETY_STOP min_obstacle_distance=1.10m <= 1.2m
05:18:44.439 [AMR-01] CONFLICT_DETECTED peer=AMR-04 type=INTERSECTION node=(22, 9) safe_wait=(21, 9) DECISION=PROCEED (Higher precedence (59.3 vs 59.2) -> Proceed through (22, 9))
05:18:44.439 [AMR-01] STATE_TRANSITION EMERGENCY_STOP -> MOVING (intent=MOVE)
05:18:44.540 [AMR-01] STATE_TRANSITION MOVING -> EMERGENCY_STOP (intent=STOP)
05:18:44.541 [AMR-01] SAFETY_STOP min_obstacle_distance=1.00m <= 1.2m
05:18:44.641 [AMR-01] CONFLICT_DETECTED peer=AMR-04 type=INTERSECTION node=(22, 9) safe_wait=(21, 9) DECISION=YIELD (Lower precedence at intersection (58.9 vs 59.0) -> Safe wait at (21, 9) for AMR-04)
05:18:44.642 [AMR-01] STATE_TRANSITION EMERGENCY_STOP -> YIELDING (intent=YIELD)
05:18:44.742 [AMR-01] CONFLICT_DETECTED peer=AMR-04 type=INTERSECTION node=(22, 9) safe_wait=(21, 9) DECISION=PROCEED (Higher precedence (59.1 vs 59.0) -> Proceed through (22, 9))
05:18:44.742 [AMR-01] STATE_TRANSITION YIELDING -> MOVING (intent=MOVE)
05:18:44.844 [AMR-01] STATE_TRANSITION MOVING -> EMERGENCY_STOP (intent=STOP)
05:18:44.844 [AMR-01] SAFETY_STOP min_obstacle_distance=1.01m <= 1.2m
05:18:44.945 [AMR-01] CONFLICT_DETECTED peer=AMR-04 type=INTERSECTION node=(22, 9) safe_wait=(21, 9) DECISION=PROCEED (Higher precedence (59.0 vs 58.8) -> Proceed through (22, 9))
05:18:44.945 [AMR-01] STATE_TRANSITION EMERGENCY_STOP -> MOVING (intent=MOVE)
05:18:45.046 [AMR-01] STATE_TRANSITION MOVING -> EMERGENCY_STOP (intent=STOP)
05:18:45.046 [AMR-01] SAFETY_STOP min_obstacle_distance=1.04m <= 1.2m
05:18:45.147 [AMR-01] CONFLICT_DETECTED peer=AMR-04 type=INTERSECTION node=(22, 9) safe_wait=(21, 9) DECISION=PROCEED (Higher precedence (59.0 vs 58.9) -> Proceed through (22, 9))
05:18:45.147 [AMR-01] STATE_TRANSITION EMERGENCY_STOP -> MOVING (intent=MOVE)
05:18:45.248 [AMR-01] STATE_TRANSITION MOVING -> EMERGENCY_STOP (intent=STOP)
05:18:45.249 [AMR-01] SAFETY_STOP min_obstacle_distance=1.10m <= 1.2m
05:18:45.350 [AMR-01] CONFLICT_DETECTED peer=AMR-04 type=INTERSECTION node=(22, 9) safe_wait=(21, 9) DECISION=YIELD (Lower precedence at intersection (59.1 vs 59.1) -> Safe wait at (21, 9) for AMR-04)
05:18:45.350 [AMR-01] STATE_TRANSITION EMERGENCY_STOP -> YIELDING (intent=YIELD)
05:18:45.451 [AMR-01] CONFLICT_DETECTED peer=AMR-04 type=INTERSECTION node=(22, 9) safe_wait=(21, 9) DECISION=PROCEED (Higher precedence (59.3 vs 59.0) -> Proceed through (22, 9))
05:18:45.451 [AMR-01] STATE_TRANSITION YIELDING -> MOVING (intent=MOVE)
05:18:45.551 [AMR-01] STATE_TRANSITION MOVING -> EMERGENCY_STOP (intent=STOP)
05:18:45.551 [AMR-01] SAFETY_STOP min_obstacle_distance=1.00m <= 1.2m
05:18:45.652 [AMR-01] CONFLICT_DETECTED peer=AMR-04 type=INTERSECTION node=(22, 9) safe_wait=(21, 9) DECISION=YIELD (Lower precedence at intersection (58.9 vs 58.9) -> Safe wait at (21, 9) for AMR-04)
05:18:45.653 [AMR-01] STATE_TRANSITION EMERGENCY_STOP -> YIELDING (intent=YIELD)
05:18:45.754 [AMR-01] CONFLICT_DETECTED peer=AMR-04 type=INTERSECTION node=(22, 9) safe_wait=(21, 9) DECISION=YIELD (Lower precedence at intersection (59.1 vs 59.1) -> Safe wait at (21, 9) for AMR-04)
05:18:45.855 [AMR-01] CONFLICT_DETECTED peer=AMR-04 type=INTERSECTION node=(22, 9) safe_wait=(21, 9) DECISION=PROCEED (Higher precedence (59.3 vs 59.0) -> Proceed through (22, 9))
05:18:45.856 [AMR-01] STATE_TRANSITION YIELDING -> MOVING (intent=MOVE)
05:18:45.957 [AMR-01] STATE_TRANSITION MOVING -> EMERGENCY_STOP (intent=STOP)
05:18:45.957 [AMR-01] SAFETY_STOP min_obstacle_distance=1.01m <= 1.2m
05:18:46.058 [AMR-01] CONFLICT_DETECTED peer=AMR-04 type=INTERSECTION node=(22, 9) safe_wait=(21, 9) DECISION=YIELD (Lower precedence at intersection (59.1 vs 59.2) -> Safe wait at (21, 9) for AMR-04)
05:18:46.059 [AMR-01] STATE_TRANSITION EMERGENCY_STOP -> YIELDING (intent=YIELD)
05:18:46.160 [AMR-01] CONFLICT_DETECTED peer=AMR-04 type=INTERSECTION node=(22, 9) safe_wait=(21, 9) DECISION=YIELD (Lower precedence at intersection (59.4 vs 59.4) -> Safe wait at (21, 9) for AMR-04)
05:18:46.261 [AMR-01] CONFLICT_DETECTED peer=AMR-04 type=INTERSECTION node=(22, 9) safe_wait=(21, 9) DECISION=PROCEED (Higher precedence (59.6 vs 59.3) -> Proceed through (22, 9))
05:18:46.262 [AMR-01] STATE_TRANSITION YIELDING -> MOVING (intent=MOVE)
05:18:46.363 [AMR-01] STATE_TRANSITION MOVING -> EMERGENCY_STOP (intent=STOP)
05:18:46.363 [AMR-01] SAFETY_STOP min_obstacle_distance=1.05m <= 1.2m
05:18:46.465 [AMR-01] CONFLICT_DETECTED peer=AMR-04 type=INTERSECTION node=(22, 9) safe_wait=(21, 9) DECISION=YIELD (Lower precedence at intersection (59.4 vs 59.5) -> Safe wait at (21, 9) for AMR-04)
05:18:46.465 [AMR-01] STATE_TRANSITION EMERGENCY_STOP -> YIELDING (intent=YIELD)
05:18:46.565 [AMR-01] CONFLICT_DETECTED peer=AMR-04 type=INTERSECTION node=(22, 9) safe_wait=(21, 9) DECISION=PROCEED (Higher precedence (59.9 vs 59.7) -> Proceed through (22, 9))
05:18:46.566 [AMR-01] STATE_TRANSITION YIELDING -> MOVING (intent=MOVE)
05:18:46.668 [AMR-01] STATE_TRANSITION MOVING -> EMERGENCY_STOP (intent=STOP)
05:18:46.668 [AMR-01] SAFETY_STOP min_obstacle_distance=1.01m <= 1.2m
05:18:46.768 [AMR-01] CONFLICT_DETECTED peer=AMR-04 type=INTERSECTION node=(22, 9) safe_wait=(21, 9) DECISION=PROCEED (Higher precedence (59.8 vs 59.4) -> Proceed through (22, 9))
05:18:46.768 [AMR-01] STATE_TRANSITION EMERGENCY_STOP -> MOVING (intent=MOVE)
05:18:46.869 [AMR-01] STATE_TRANSITION MOVING -> EMERGENCY_STOP (intent=STOP)
05:18:46.869 [AMR-01] SAFETY_STOP min_obstacle_distance=1.04m <= 1.2m
05:18:46.970 [AMR-01] CONFLICT_DETECTED peer=AMR-04 type=INTERSECTION node=(22, 9) safe_wait=(21, 9) DECISION=YIELD (Lower precedence at intersection (59.6 vs 59.8) -> Safe wait at (21, 9) for AMR-04)
05:18:46.970 [AMR-01] STATE_TRANSITION EMERGENCY_STOP -> YIELDING (intent=YIELD)
05:18:47.071 [AMR-01] CONFLICT_DETECTED peer=AMR-04 type=INTERSECTION node=(22, 9) safe_wait=(21, 9) DECISION=PROCEED (Higher precedence (59.8 vs 59.6) -> Proceed through (22, 9))
05:18:47.071 [AMR-01] STATE_TRANSITION YIELDING -> MOVING (intent=MOVE)
05:18:47.172 [AMR-01] STATE_TRANSITION MOVING -> EMERGENCY_STOP (intent=STOP)
05:18:47.172 [AMR-01] SAFETY_STOP min_obstacle_distance=1.10m <= 1.2m
05:18:47.272 [AMR-01] CONFLICT_DETECTED peer=AMR-04 type=INTERSECTION node=(22, 9) safe_wait=(21, 9) DECISION=PROCEED (Higher precedence (59.6 vs 59.5) -> Proceed through (22, 9))
05:18:47.272 [AMR-01] STATE_TRANSITION EMERGENCY_STOP -> MOVING (intent=MOVE)
05:18:47.373 [AMR-01] STATE_TRANSITION MOVING -> EMERGENCY_STOP (intent=STOP)
05:18:47.373 [AMR-01] SAFETY_STOP min_obstacle_distance=1.17m <= 1.2m
05:18:47.474 [AMR-01] CONFLICT_DETECTED peer=AMR-04 type=INTERSECTION node=(22, 9) safe_wait=(22, 9) DECISION=YIELD (Lower precedence at intersection (59.5 vs 59.7) -> Safe wait at (22, 9) for AMR-04)
05:18:47.474 [AMR-01] STATE_TRANSITION EMERGENCY_STOP -> YIELDING (intent=YIELD)
05:18:47.575 [AMR-01] CONFLICT_DETECTED peer=AMR-04 type=INTERSECTION node=(22, 9) safe_wait=(21, 9) DECISION=YIELD (Lower precedence at intersection (59.5 vs 59.6) -> Safe wait at (21, 9) for AMR-04)
05:18:47.676 [AMR-01] RESERVATION_WAIT: Zone (22, 9) reserved by AMR-04 (priority 59.9 >= 59.7)
05:18:47.676 [AMR-01] STATE_TRANSITION YIELDING -> WAITING (intent=WAIT)
05:18:47.777 [AMR-01] CONFLICT_DETECTED peer=AMR-04 type=SAME_NEXT_NODE node=(22, 9) safe_wait=(21, 9) DECISION=PROCEED (Higher precedence (59.9 vs 59.7) -> Proceed through (22, 9))
05:18:47.777 [AMR-01] STATE_TRANSITION WAITING -> MOVING (intent=MOVE)
05:18:47.877 [AMR-01] STATE_TRANSITION MOVING -> EMERGENCY_STOP (intent=STOP)
05:18:47.878 [AMR-01] SAFETY_STOP min_obstacle_distance=1.01m <= 1.2m
05:18:47.979 [AMR-01] CONFLICT_DETECTED peer=AMR-04 type=SAME_NEXT_NODE node=(22, 9) safe_wait=(21, 9) DECISION=PROCEED (Higher precedence (59.8 vs 59.6) -> Proceed through (22, 9))
05:18:47.979 [AMR-01] STATE_TRANSITION EMERGENCY_STOP -> MOVING (intent=MOVE)
05:18:48.080 [AMR-01] STATE_TRANSITION MOVING -> EMERGENCY_STOP (intent=STOP)
05:18:48.080 [AMR-01] SAFETY_STOP min_obstacle_distance=0.99m <= 1.2m
05:18:48.180 [AMR-01] RESERVATION_WAIT: Zone (22, 9) reserved by AMR-04 (priority 59.8 >= 59.6)
05:18:48.180 [AMR-01] STATE_TRANSITION EMERGENCY_STOP -> WAITING (intent=WAIT)
05:18:48.281 [AMR-01] RESERVATION_WAIT: Zone (22, 9) reserved by AMR-04 (priority 59.8 >= 59.8)
05:18:48.381 [AMR-01] CONFLICT_DETECTED peer=AMR-04 type=SAME_NEXT_NODE node=(22, 9) safe_wait=(21, 9) DECISION=PROCEED (Higher precedence (60.0 vs 59.7) -> Proceed through (22, 9))
05:18:48.381 [AMR-01] STATE_TRANSITION WAITING -> MOVING (intent=MOVE)
05:18:48.482 [AMR-01] STATE_TRANSITION MOVING -> EMERGENCY_STOP (intent=STOP)
05:18:48.482 [AMR-01] SAFETY_STOP min_obstacle_distance=0.77m <= 1.2m
05:18:48.583 [AMR-01] RESERVATION_WAIT: Zone (22, 9) reserved by AMR-04 (priority 59.9 >= 59.7)
05:18:48.583 [AMR-01] STATE_TRANSITION EMERGENCY_STOP -> WAITING (intent=WAIT)
05:18:48.684 [AMR-01] CONFLICT_DETECTED peer=AMR-04 type=SAME_NEXT_NODE node=(22, 9) safe_wait=(21, 9) DECISION=PROCEED (Higher precedence (59.9 vs 59.5) -> Proceed through (22, 9))
05:18:48.684 [AMR-01] STATE_TRANSITION WAITING -> MOVING (intent=MOVE)
05:18:48.784 [AMR-01] STATE_TRANSITION MOVING -> EMERGENCY_STOP (intent=STOP)
05:18:48.784 [AMR-01] SAFETY_STOP min_obstacle_distance=1.01m <= 1.2m
05:18:48.885 [AMR-01] RESERVATION_WAIT: Zone (22, 9) reserved by AMR-04 (priority 59.9 >= 59.8)
05:18:48.885 [AMR-01] STATE_TRANSITION EMERGENCY_STOP -> WAITING (intent=WAIT)
05:18:48.986 [AMR-01] RESERVATION_WAIT: Zone (22, 9) reserved by AMR-04 (priority 60.1 >= 60.0)
05:18:49.088 [AMR-01] CONFLICT_DETECTED peer=AMR-04 type=SAME_NEXT_NODE node=(22, 9) safe_wait=(21, 9) DECISION=PROCEED (Higher precedence (60.1 vs 59.9) -> Proceed through (22, 9))
05:18:49.088 [AMR-01] STATE_TRANSITION WAITING -> MOVING (intent=MOVE)
05:18:49.187 [AMR-01] STATE_TRANSITION MOVING -> EMERGENCY_STOP (intent=STOP)
05:18:49.187 [AMR-01] SAFETY_STOP min_obstacle_distance=1.04m <= 1.2m
05:18:49.288 [AMR-01] RESERVATION_WAIT: Zone (22, 9) reserved by AMR-04 (priority 60.1 >= 60.0)
05:18:49.288 [AMR-01] STATE_TRANSITION EMERGENCY_STOP -> WAITING (intent=WAIT)
05:18:49.389 [AMR-01] RESERVATION_WAIT: Zone (22, 9) reserved by AMR-04 (priority 60.3 >= 60.2)
05:18:49.490 [AMR-01] RESERVATION_WAIT: Zone (22, 9) reserved by AMR-04 (priority 60.3 >= 60.3)
05:18:49.590 [AMR-01] CONFLICT_DETECTED peer=AMR-04 type=SAME_NEXT_NODE node=(22, 9) safe_wait=(21, 9) DECISION=PROCEED (Higher precedence (60.5 vs 60.1) -> Proceed through (22, 9))
05:18:49.590 [AMR-01] STATE_TRANSITION WAITING -> MOVING (intent=MOVE)
05:18:49.691 [AMR-01] STATE_TRANSITION MOVING -> EMERGENCY_STOP (intent=STOP)
05:18:49.691 [AMR-01] SAFETY_STOP min_obstacle_distance=1.01m <= 1.2m
05:18:49.791 [AMR-01] CONFLICT_DETECTED peer=AMR-04 type=SAME_NEXT_NODE node=(22, 9) safe_wait=(21, 9) DECISION=YIELD (Lower precedence (60.4 vs 60.5) -> Safe wait at (21, 9) for AMR-04)
05:18:49.792 [AMR-01] STATE_TRANSITION EMERGENCY_STOP -> YIELDING (intent=YIELD)
05:18:49.891 [AMR-01] RESERVATION_WAIT: Zone (22, 9) reserved by AMR-04 (priority 60.7 >= 60.5)
05:18:49.891 [AMR-01] STATE_TRANSITION YIELDING -> WAITING (intent=WAIT)
05:18:49.992 [AMR-01] CONFLICT_DETECTED peer=AMR-04 type=SAME_NEXT_NODE node=(22, 9) safe_wait=(21, 9) DECISION=PROCEED (Higher precedence (60.8 vs 60.5) -> Proceed through (22, 9))
05:18:49.992 [AMR-01] STATE_TRANSITION WAITING -> MOVING (intent=MOVE)
05:18:50.093 [AMR-01] STATE_TRANSITION MOVING -> EMERGENCY_STOP (intent=STOP)
05:18:50.093 [AMR-01] SAFETY_STOP min_obstacle_distance=1.04m <= 1.2m
05:18:50.193 [AMR-01] RESERVATION_WAIT: Zone (22, 9) reserved by AMR-04 (priority 60.7 >= 60.6)
05:18:50.193 [AMR-01] STATE_TRANSITION EMERGENCY_STOP -> WAITING (intent=WAIT)
05:18:50.293 [AMR-01] RESERVATION_WAIT: Zone (22, 9) reserved by AMR-04 (priority 60.9 >= 60.8)
05:18:50.395 [AMR-01] CONFLICT_DETECTED peer=AMR-04 type=SAME_NEXT_NODE node=(22, 9) safe_wait=(21, 9) DECISION=PROCEED (Higher precedence (61.0 vs 60.8) -> Proceed through (22, 9))
05:18:50.395 [AMR-01] STATE_TRANSITION WAITING -> MOVING (intent=MOVE)
05:18:50.496 [AMR-01] STATE_TRANSITION MOVING -> EMERGENCY_STOP (intent=STOP)
05:18:50.496 [AMR-01] SAFETY_STOP min_obstacle_distance=1.00m <= 1.2m
05:18:50.596 [AMR-01] RESERVATION_WAIT: Zone (22, 9) reserved by AMR-04 (priority 60.8 >= 60.7)
05:18:50.596 [AMR-01] STATE_TRANSITION EMERGENCY_STOP -> WAITING (intent=WAIT)
05:18:50.697 [AMR-01] CONFLICT_DETECTED peer=AMR-04 type=SAME_NEXT_NODE node=(22, 9) safe_wait=(21, 9) DECISION=PROCEED (Higher precedence (60.9 vs 60.5) -> Proceed through (22, 9))
05:18:50.697 [AMR-01] STATE_TRANSITION WAITING -> MOVING (intent=MOVE)
05:18:50.797 [AMR-01] STATE_TRANSITION MOVING -> EMERGENCY_STOP (intent=STOP)
05:18:50.799 [AMR-01] SAFETY_STOP min_obstacle_distance=1.01m <= 1.2m
05:18:50.898 [AMR-01] RESERVATION_WAIT: Zone (22, 9) reserved by AMR-04 (priority 60.8 >= 60.8)
05:18:50.898 [AMR-01] STATE_TRANSITION EMERGENCY_STOP -> WAITING (intent=WAIT)
05:18:51.000 [AMR-01] RESERVATION_WAIT: Zone (22, 9) reserved by AMR-04 (priority 61.1 >= 61.0)
05:18:51.100 [AMR-01] CONFLICT_DETECTED peer=AMR-04 type=SAME_NEXT_NODE node=(22, 9) safe_wait=(21, 9) DECISION=PROCEED (Higher precedence (61.2 vs 60.9) -> Proceed through (22, 9))
05:18:51.100 [AMR-01] STATE_TRANSITION WAITING -> MOVING (intent=MOVE)
05:18:51.201 [AMR-01] STATE_TRANSITION MOVING -> EMERGENCY_STOP (intent=STOP)
05:18:51.201 [AMR-01] SAFETY_STOP min_obstacle_distance=1.04m <= 1.2m
05:18:51.301 [AMR-01] RESERVATION_WAIT: Zone (22, 9) reserved by AMR-04 (priority 61.1 >= 61.0)
05:18:51.301 [AMR-01] STATE_TRANSITION EMERGENCY_STOP -> WAITING (intent=WAIT)
05:18:51.402 [AMR-01] RESERVATION_WAIT: Zone (22, 9) reserved by AMR-04 (priority 61.3 >= 61.2)
05:18:51.504 [AMR-01] RESERVATION_WAIT: Zone (22, 9) reserved by AMR-04 (priority 61.3 >= 61.3)
05:18:51.605 [AMR-01] CONFLICT_DETECTED peer=AMR-04 type=SAME_NEXT_NODE node=(22, 9) safe_wait=(21, 9) DECISION=PROCEED (Higher precedence (61.5 vs 61.1) -> Proceed through (22, 9))
05:18:51.605 [AMR-01] STATE_TRANSITION WAITING -> MOVING (intent=MOVE)
05:18:51.705 [AMR-01] STATE_TRANSITION MOVING -> EMERGENCY_STOP (intent=STOP)
05:18:51.705 [AMR-01] SAFETY_STOP min_obstacle_distance=1.01m <= 1.2m
05:18:51.805 [AMR-01] CONFLICT_DETECTED peer=AMR-04 type=SAME_NEXT_NODE node=(22, 9) safe_wait=(21, 9) DECISION=YIELD (Lower precedence (61.4 vs 61.5) -> Safe wait at (21, 9) for AMR-04)
05:18:51.805 [AMR-01] STATE_TRANSITION EMERGENCY_STOP -> YIELDING (intent=YIELD)
05:18:51.906 [AMR-01] RESERVATION_WAIT: Zone (22, 9) reserved by AMR-04 (priority 61.7 >= 61.6)
05:18:51.906 [AMR-01] STATE_TRANSITION YIELDING -> WAITING (intent=WAIT)
05:18:52.007 [AMR-01] CONFLICT_DETECTED peer=AMR-04 type=SAME_NEXT_NODE node=(22, 9) safe_wait=(21, 9) DECISION=PROCEED (Higher precedence (61.8 vs 61.5) -> Proceed through (22, 9))
05:18:52.008 [AMR-01] STATE_TRANSITION WAITING -> MOVING (intent=MOVE)
05:18:52.108 [AMR-01] STATE_TRANSITION MOVING -> EMERGENCY_STOP (intent=STOP)
05:18:52.109 [AMR-01] SAFETY_STOP min_obstacle_distance=1.04m <= 1.2m
05:18:52.208 [AMR-01] RESERVATION_WAIT: Zone (22, 9) reserved by AMR-04 (priority 61.7 >= 61.6)
05:18:52.208 [AMR-01] STATE_TRANSITION EMERGENCY_STOP -> WAITING (intent=WAIT)
05:18:52.309 [AMR-01] RESERVATION_WAIT: Zone (22, 9) reserved by AMR-04 (priority 62.0 >= 61.8)
05:18:52.409 [AMR-01] CONFLICT_DETECTED peer=AMR-04 type=SAME_NEXT_NODE node=(22, 9) safe_wait=(21, 9) DECISION=PROCEED (Higher precedence (62.0 vs 61.8) -> Proceed through (22, 9))
05:18:52.409 [AMR-01] STATE_TRANSITION WAITING -> MOVING (intent=MOVE)
05:18:52.510 [AMR-01] STATE_TRANSITION MOVING -> EMERGENCY_STOP (intent=STOP)
05:18:52.510 [AMR-01] SAFETY_STOP min_obstacle_distance=1.00m <= 1.2m
05:18:52.610 [AMR-01] RESERVATION_WAIT: Zone (22, 9) reserved by AMR-04 (priority 61.8 >= 61.7)
05:18:52.610 [AMR-01] STATE_TRANSITION EMERGENCY_STOP -> WAITING (intent=WAIT)
05:18:52.711 [AMR-01] CONFLICT_DETECTED peer=AMR-04 type=SAME_NEXT_NODE node=(22, 9) safe_wait=(21, 9) DECISION=PROCEED (Higher precedence (61.9 vs 61.5) -> Proceed through (22, 9))
05:18:52.711 [AMR-01] STATE_TRANSITION WAITING -> MOVING (intent=MOVE)
05:18:52.811 [AMR-01] STATE_TRANSITION MOVING -> EMERGENCY_STOP (intent=STOP)
05:18:52.811 [AMR-01] SAFETY_STOP min_obstacle_distance=1.01m <= 1.2m
05:18:52.912 [AMR-01] RESERVATION_WAIT: Zone (22, 9) reserved by AMR-04 (priority 61.8 >= 61.8)
05:18:52.912 [AMR-01] STATE_TRANSITION EMERGENCY_STOP -> WAITING (intent=WAIT)
05:18:53.012 [AMR-01] RESERVATION_WAIT: Zone (22, 9) reserved by AMR-04 (priority 62.1 >= 62.0)
05:18:53.113 [AMR-01] CONFLICT_DETECTED peer=AMR-04 type=SAME_NEXT_NODE node=(22, 9) safe_wait=(21, 9) DECISION=PROCEED (Higher precedence (62.2 vs 62.0) -> Proceed through (22, 9))
05:18:53.113 [AMR-01] STATE_TRANSITION WAITING -> MOVING (intent=MOVE)
05:18:53.214 [AMR-01] STATE_TRANSITION MOVING -> EMERGENCY_STOP (intent=STOP)
05:18:53.215 [AMR-01] SAFETY_STOP min_obstacle_distance=1.04m <= 1.2m
05:18:53.315 [AMR-01] RESERVATION_WAIT: Zone (22, 9) reserved by AMR-04 (priority 62.1 >= 62.0)
05:18:53.315 [AMR-01] STATE_TRANSITION EMERGENCY_STOP -> WAITING (intent=WAIT)
05:18:53.415 [AMR-01] RESERVATION_WAIT: Zone (22, 9) reserved by AMR-04 (priority 62.4 >= 62.2)
05:18:53.515 [AMR-01] RESERVATION_WAIT: Zone (22, 9) reserved by AMR-04 (priority 62.4 >= 62.3)
05:18:53.616 [AMR-01] CONFLICT_DETECTED peer=AMR-04 type=SAME_NEXT_NODE node=(22, 9) safe_wait=(21, 9) DECISION=PROCEED (Higher precedence (62.5 vs 62.1) -> Proceed through (22, 9))
05:18:53.616 [AMR-01] STATE_TRANSITION WAITING -> MOVING (intent=MOVE)
05:18:53.716 [AMR-01] STATE_TRANSITION MOVING -> EMERGENCY_STOP (intent=STOP)
05:18:53.716 [AMR-01] SAFETY_STOP min_obstacle_distance=1.01m <= 1.2m
05:18:53.816 [AMR-01] RESERVATION_WAIT: Zone (22, 9) reserved by AMR-04 (priority 62.4 >= 62.4)
05:18:53.817 [AMR-01] STATE_TRANSITION EMERGENCY_STOP -> WAITING (intent=WAIT)
05:18:53.917 [AMR-01] RESERVATION_WAIT: Zone (22, 9) reserved by AMR-04 (priority 62.7 >= 62.6)
05:18:54.018 [AMR-01] CONFLICT_DETECTED peer=AMR-04 type=SAME_NEXT_NODE node=(22, 9) safe_wait=(21, 9) DECISION=PROCEED (Higher precedence (62.8 vs 62.6) -> Proceed through (22, 9))
05:18:54.018 [AMR-01] STATE_TRANSITION WAITING -> MOVING (intent=MOVE)
05:18:54.118 [AMR-01] STATE_TRANSITION MOVING -> EMERGENCY_STOP (intent=STOP)
05:18:54.118 [AMR-01] SAFETY_STOP min_obstacle_distance=1.04m <= 1.2m
05:18:54.219 [AMR-01] RESERVATION_WAIT: Zone (22, 9) reserved by AMR-04 (priority 62.7 >= 62.6)
05:18:54.220 [AMR-01] STATE_TRANSITION EMERGENCY_STOP -> WAITING (intent=WAIT)
05:18:54.321 [AMR-01] RESERVATION_WAIT: Zone (22, 9) reserved by AMR-04 (priority 63.0 >= 62.8)
05:18:54.421 [AMR-01] CONFLICT_DETECTED peer=AMR-04 type=SAME_NEXT_NODE node=(22, 9) safe_wait=(21, 9) DECISION=PROCEED (Higher precedence (63.0 vs 62.8) -> Proceed through (22, 9))
05:18:54.421 [AMR-01] STATE_TRANSITION WAITING -> MOVING (intent=MOVE)
05:18:54.523 [AMR-01] STATE_TRANSITION MOVING -> EMERGENCY_STOP (intent=STOP)
05:18:54.523 [AMR-01] SAFETY_STOP min_obstacle_distance=1.00m <= 1.2m
05:18:54.622 [AMR-01] RESERVATION_WAIT: Zone (22, 9) reserved by AMR-04 (priority 62.8 >= 62.7)
05:18:54.622 [AMR-01] STATE_TRANSITION EMERGENCY_STOP -> WAITING (intent=WAIT)
05:18:54.722 [AMR-01] CONFLICT_DETECTED peer=AMR-04 type=SAME_NEXT_NODE node=(22, 9) safe_wait=(21, 9) DECISION=PROCEED (Higher precedence (62.9 vs 62.5) -> Proceed through (22, 9))
05:18:54.723 [AMR-01] STATE_TRANSITION WAITING -> MOVING (intent=MOVE)
05:18:54.823 [AMR-01] STATE_TRANSITION MOVING -> EMERGENCY_STOP (intent=STOP)
05:18:54.823 [AMR-01] SAFETY_STOP min_obstacle_distance=1.01m <= 1.2m
05:18:54.924 [AMR-01] RESERVATION_WAIT: Zone (22, 9) reserved by AMR-04 (priority 62.8 >= 62.8)
05:18:54.924 [AMR-01] STATE_TRANSITION EMERGENCY_STOP -> WAITING (intent=WAIT)
05:18:55.024 [AMR-01] RESERVATION_WAIT: Zone (22, 9) reserved by AMR-04 (priority 63.1 >= 63.0)
05:18:55.124 [AMR-01] CONFLICT_DETECTED peer=AMR-04 type=SAME_NEXT_NODE node=(22, 9) safe_wait=(21, 9) DECISION=PROCEED (Higher precedence (63.2 vs 63.0) -> Proceed through (22, 9))
05:18:55.124 [AMR-01] STATE_TRANSITION WAITING -> MOVING (intent=MOVE)
05:18:55.225 [AMR-01] STATE_TRANSITION MOVING -> EMERGENCY_STOP (intent=STOP)
05:18:55.225 [AMR-01] SAFETY_STOP min_obstacle_distance=1.04m <= 1.2m
05:18:55.325 [AMR-01] RESERVATION_WAIT: Zone (22, 9) reserved by AMR-04 (priority 63.1 >= 63.0)
05:18:55.325 [AMR-01] STATE_TRANSITION EMERGENCY_STOP -> WAITING (intent=WAIT)
05:18:55.425 [AMR-01] RESERVATION_WAIT: Zone (22, 9) reserved by AMR-04 (priority 63.4 >= 63.2)
05:18:55.526 [AMR-01] RESERVATION_WAIT: Zone (22, 9) reserved by AMR-04 (priority 63.4 >= 63.3)
05:18:55.627 [AMR-01] CONFLICT_DETECTED peer=AMR-04 type=SAME_NEXT_NODE node=(22, 9) safe_wait=(21, 9) DECISION=PROCEED (Higher precedence (63.5 vs 63.1) -> Proceed through (22, 9))
05:18:55.628 [AMR-01] STATE_TRANSITION WAITING -> MOVING (intent=MOVE)
05:18:55.728 [AMR-01] STATE_TRANSITION MOVING -> EMERGENCY_STOP (intent=STOP)
05:18:55.728 [AMR-01] SAFETY_STOP min_obstacle_distance=1.01m <= 1.2m
05:18:55.829 [AMR-01] CONFLICT_DETECTED peer=AMR-04 type=SAME_NEXT_NODE node=(22, 9) safe_wait=(21, 9) DECISION=YIELD (Lower precedence (63.4 vs 63.5) -> Safe wait at (21, 9) for AMR-04)
05:18:55.829 [AMR-01] STATE_TRANSITION EMERGENCY_STOP -> YIELDING (intent=YIELD)
05:18:55.930 [AMR-01] RESERVATION_WAIT: Zone (22, 9) reserved by AMR-04 (priority 63.7 >= 63.6)
05:18:55.930 [AMR-01] STATE_TRANSITION YIELDING -> WAITING (intent=WAIT)
05:18:56.031 [AMR-01] CONFLICT_DETECTED peer=AMR-04 type=SAME_NEXT_NODE node=(22, 9) safe_wait=(21, 9) DECISION=PROCEED (Higher precedence (63.8 vs 63.6) -> Proceed through (22, 9))
05:18:56.031 [AMR-01] STATE_TRANSITION WAITING -> MOVING (intent=MOVE)
05:18:56.132 [AMR-01] STATE_TRANSITION MOVING -> EMERGENCY_STOP (intent=STOP)
05:18:56.132 [AMR-01] SAFETY_STOP min_obstacle_distance=1.04m <= 1.2m
05:18:56.232 [AMR-01] RESERVATION_WAIT: Zone (22, 9) reserved by AMR-04 (priority 63.7 >= 63.6)
05:18:56.232 [AMR-01] STATE_TRANSITION EMERGENCY_STOP -> WAITING (intent=WAIT)
05:18:56.332 [AMR-01] RESERVATION_WAIT: Zone (22, 9) reserved by AMR-04 (priority 64.0 >= 63.8)
05:18:56.433 [AMR-01] CONFLICT_DETECTED peer=AMR-04 type=SAME_NEXT_NODE node=(22, 9) safe_wait=(21, 9) DECISION=PROCEED (Higher precedence (64.0 vs 63.8) -> Proceed through (22, 9))
05:18:56.433 [AMR-01] STATE_TRANSITION WAITING -> MOVING (intent=MOVE)
05:18:56.533 [AMR-01] STATE_TRANSITION MOVING -> EMERGENCY_STOP (intent=STOP)
05:18:56.534 [AMR-01] SAFETY_STOP min_obstacle_distance=1.00m <= 1.2m
05:18:56.633 [AMR-01] RESERVATION_WAIT: Zone (22, 9) reserved by AMR-04 (priority 63.8 >= 63.7)
05:18:56.633 [AMR-01] STATE_TRANSITION EMERGENCY_STOP -> WAITING (intent=WAIT)
05:18:56.734 [AMR-01] RESERVATION_WAIT: Zone (22, 9) reserved by AMR-04 (priority 64.0 >= 63.9)
05:18:56.835 [AMR-01] CONFLICT_DETECTED peer=AMR-04 type=FOLLOWING node=(21, 9) safe_wait=(21, 9) DECISION=PROCEED (Higher precedence (64.1 vs 63.9) -> Proceed through (21, 9))
05:18:56.835 [AMR-01] STATE_TRANSITION WAITING -> MOVING (intent=MOVE)
05:18:56.935 [AMR-01] STATE_TRANSITION MOVING -> EMERGENCY_STOP (intent=STOP)
05:18:56.935 [AMR-01] SAFETY_STOP min_obstacle_distance=0.86m <= 1.2m
05:18:57.036 [AMR-01] RESERVATION_WAIT: Zone (22, 9) reserved by AMR-04 (priority 64.0 >= 64.0)
05:18:57.037 [AMR-01] STATE_TRANSITION EMERGENCY_STOP -> WAITING (intent=WAIT)
05:18:57.137 [AMR-01] RESERVATION_WAIT: Zone (22, 9) reserved by AMR-04 (priority 64.3 >= 64.2)
05:18:57.238 [AMR-01] CONFLICT_DETECTED peer=AMR-04 type=FOLLOWING node=(21, 9) safe_wait=(21, 9) DECISION=PROCEED (Higher precedence (64.4 vs 64.1) -> Proceed through (21, 9))
05:18:57.238 [AMR-01] STATE_TRANSITION WAITING -> MOVING (intent=MOVE)
05:18:57.339 [AMR-01] STATE_TRANSITION MOVING -> EMERGENCY_STOP (intent=STOP)
05:18:57.339 [AMR-01] SAFETY_STOP min_obstacle_distance=0.76m <= 1.2m
05:18:57.439 [AMR-01] RESERVATION_WAIT: Zone (22, 9) reserved by AMR-04 (priority 64.3 >= 64.2)
05:18:57.439 [AMR-01] STATE_TRANSITION EMERGENCY_STOP -> WAITING (intent=WAIT)
05:18:57.539 [AMR-01] CONFLICT_DETECTED peer=AMR-04 type=PROXIMITY node=(22, 9) safe_wait=(22, 9) DECISION=YIELD (Lower precedence (64.5 vs 64.5) -> Safe wait at (22, 9) for AMR-04)
05:18:57.539 [AMR-01] STATE_TRANSITION WAITING -> YIELDING (intent=YIELD)
05:18:57.639 [AMR-01] CONFLICT_DETECTED peer=AMR-04 type=PROXIMITY node=(22, 9) safe_wait=(22, 9) DECISION=PROCEED (Higher precedence (64.7 vs 64.2) -> Proceed through (22, 9))
05:18:57.639 [AMR-01] STATE_TRANSITION YIELDING -> MOVING (intent=MOVE)
05:18:57.740 [AMR-01] STATE_TRANSITION MOVING -> EMERGENCY_STOP (intent=STOP)
05:18:57.740 [AMR-01] SAFETY_STOP min_obstacle_distance=0.15m <= 1.2m
05:18:57.840 [AMR-01] CONFLICT_DETECTED peer=AMR-04 type=PROXIMITY node=(22, 9) safe_wait=(22, 9) DECISION=PROCEED (Higher precedence (64.6 vs 64.4) -> Proceed through (22, 9))
05:18:57.840 [AMR-01] STATE_TRANSITION EMERGENCY_STOP -> MOVING (intent=MOVE)
05:18:57.940 [AMR-01] STATE_TRANSITION MOVING -> EMERGENCY_STOP (intent=STOP)
05:18:57.940 [AMR-01] SAFETY_STOP min_obstacle_distance=0.30m <= 1.2m
05:18:58.041 [AMR-01] CONFLICT_DETECTED peer=AMR-04 type=PROXIMITY node=(22, 9) safe_wait=(22, 9) DECISION=YIELD (Lower precedence (64.5 vs 64.8) -> Safe wait at (22, 9) for AMR-04)
05:18:58.041 [AMR-01] STATE_TRANSITION EMERGENCY_STOP -> YIELDING (intent=YIELD)
05:18:58.141 [AMR-01] CONFLICT_DETECTED peer=AMR-04 type=PROXIMITY node=(22, 9) safe_wait=(22, 9) DECISION=PROCEED (Higher precedence (64.7 vs 64.7) -> Proceed through (22, 9))
05:18:58.142 [AMR-01] STATE_TRANSITION YIELDING -> MOVING (intent=MOVE)
05:18:58.242 [AMR-01] STATE_TRANSITION MOVING -> EMERGENCY_STOP (intent=STOP)
05:18:58.243 [AMR-01] SAFETY_STOP min_obstacle_distance=0.60m <= 1.2m
05:18:58.342 [AMR-01] CONFLICT_DETECTED peer=AMR-04 type=PROXIMITY node=(22, 9) safe_wait=(22, 9) DECISION=PROCEED (Higher precedence (64.6 vs 64.5) -> Proceed through (22, 9))
05:18:58.342 [AMR-01] STATE_TRANSITION EMERGENCY_STOP -> MOVING (intent=MOVE)
05:18:58.443 [AMR-01] STATE_TRANSITION MOVING -> EMERGENCY_STOP (intent=STOP)
05:18:58.444 [AMR-01] SAFETY_STOP min_obstacle_distance=0.90m <= 1.2m
05:18:58.543 [AMR-01] CONFLICT_DETECTED peer=AMR-04 type=PROXIMITY node=(22, 9) safe_wait=(22, 9) DECISION=YIELD (Lower precedence (64.1 vs 64.7) -> Safe wait at (22, 9) for AMR-04)
05:18:58.543 [AMR-01] STATE_TRANSITION EMERGENCY_STOP -> YIELDING (intent=YIELD)
05:18:58.643 [AMR-01] CONFLICT_DETECTED peer=AMR-04 type=PROXIMITY node=(22, 9) safe_wait=(22, 9) DECISION=YIELD (Lower precedence (64.3 vs 64.4) -> Safe wait at (22, 9) for AMR-04)
05:18:58.744 [AMR-01] CONFLICT_DETECTED peer=AMR-04 type=PROXIMITY node=(22, 9) safe_wait=(22, 9) DECISION=PROCEED (Higher precedence (64.5 vs 64.4) -> Proceed through (22, 9))
05:18:58.744 [AMR-01] STATE_TRANSITION YIELDING -> MOVING (intent=MOVE)
05:18:58.844 [AMR-01] STATE_TRANSITION MOVING -> EMERGENCY_STOP (intent=STOP)
05:18:58.844 [AMR-01] SAFETY_STOP min_obstacle_distance=0.30m <= 1.2m
05:18:58.945 [AMR-01] CONFLICT_DETECTED peer=AMR-04 type=PROXIMITY node=(22, 9) safe_wait=(22, 9) DECISION=PROCEED (Higher precedence (64.4 vs 64.3) -> Proceed through (22, 9))
05:18:58.946 [AMR-01] STATE_TRANSITION EMERGENCY_STOP -> MOVING (intent=MOVE)
05:18:59.045 [AMR-01] STATE_TRANSITION MOVING -> EMERGENCY_STOP (intent=STOP)
05:18:59.045 [AMR-01] SAFETY_STOP min_obstacle_distance=0.45m <= 1.2m
05:18:59.147 [AMR-01] CONFLICT_DETECTED peer=AMR-04 type=PROXIMITY node=(22, 9) safe_wait=(22, 9) DECISION=YIELD (Lower precedence (64.3 vs 64.3) -> Safe wait at (22, 9) for AMR-04)
05:18:59.147 [AMR-01] STATE_TRANSITION EMERGENCY_STOP -> YIELDING (intent=YIELD)
05:18:59.247 [AMR-01] CONFLICT_DETECTED peer=AMR-04 type=PROXIMITY node=(22, 9) safe_wait=(22, 9) DECISION=PROCEED (Higher precedence (64.5 vs 64.3) -> Proceed through (22, 9))
05:18:59.248 [AMR-01] STATE_TRANSITION YIELDING -> MOVING (intent=MOVE)
05:18:59.348 [AMR-01] STATE_TRANSITION MOVING -> EMERGENCY_STOP (intent=STOP)
05:18:59.348 [AMR-01] SAFETY_STOP min_obstacle_distance=0.90m <= 1.2m
05:18:59.449 [AMR-01] CONFLICT_DETECTED peer=AMR-04 type=PROXIMITY node=(22, 9) safe_wait=(22, 9) DECISION=PROCEED (Higher precedence (64.4 vs 64.2) -> Proceed through (22, 9))
05:18:59.449 [AMR-01] STATE_TRANSITION EMERGENCY_STOP -> MOVING (intent=MOVE)
05:18:59.549 [AMR-01] STATE_TRANSITION MOVING -> EMERGENCY_STOP (intent=STOP)
05:18:59.549 [AMR-01] SAFETY_STOP min_obstacle_distance=0.45m <= 1.2m
05:18:59.651 [AMR-01] CONFLICT_DETECTED peer=AMR-04 type=PROXIMITY node=(22, 9) safe_wait=(22, 9) DECISION=YIELD (Lower precedence (63.9 vs 64.0) -> Safe wait at (22, 9) for AMR-04)
05:18:59.651 [AMR-01] STATE_TRANSITION EMERGENCY_STOP -> YIELDING (intent=YIELD)
05:18:59.751 [AMR-01] CONFLICT_DETECTED peer=AMR-04 type=PROXIMITY node=(22, 9) safe_wait=(22, 9) DECISION=PROCEED (Higher precedence (64.1 vs 64.0) -> Proceed through (22, 9))
05:18:59.751 [AMR-01] STATE_TRANSITION YIELDING -> MOVING (intent=MOVE)
05:18:59.851 [AMR-01] STATE_TRANSITION MOVING -> EMERGENCY_STOP (intent=STOP)
05:18:59.851 [AMR-01] SAFETY_STOP min_obstacle_distance=0.30m <= 1.2m
05:18:59.951 [AMR-01] CONFLICT_DETECTED peer=AMR-04 type=PROXIMITY node=(22, 9) safe_wait=(22, 9) DECISION=PROCEED (Higher precedence (64.0 vs 63.9) -> Proceed through (22, 9))
05:18:59.951 [AMR-01] STATE_TRANSITION EMERGENCY_STOP -> MOVING (intent=MOVE)
05:19:00.052 [AMR-01] STATE_TRANSITION MOVING -> EMERGENCY_STOP (intent=STOP)
05:19:00.052 [AMR-01] SAFETY_STOP min_obstacle_distance=0.45m <= 1.2m
05:19:00.153 [AMR-01] CONFLICT_DETECTED peer=AMR-04 type=PROXIMITY node=(22, 9) safe_wait=(22, 9) DECISION=YIELD (Lower precedence (63.9 vs 63.9) -> Safe wait at (22, 9) for AMR-04)
05:19:00.153 [AMR-01] STATE_TRANSITION EMERGENCY_STOP -> YIELDING (intent=YIELD)
05:19:00.253 [AMR-01] CONFLICT_DETECTED peer=AMR-04 type=PROXIMITY node=(22, 9) safe_wait=(22, 9) DECISION=PROCEED (Higher precedence (64.1 vs 63.9) -> Proceed through (22, 9))
05:19:00.254 [AMR-01] STATE_TRANSITION YIELDING -> MOVING (intent=MOVE)
05:19:00.354 [AMR-01] STATE_TRANSITION MOVING -> EMERGENCY_STOP (intent=STOP)
05:19:00.354 [AMR-01] SAFETY_STOP min_obstacle_distance=0.90m <= 1.2m
05:19:00.456 [AMR-01] CONFLICT_DETECTED peer=AMR-04 type=PROXIMITY node=(22, 9) safe_wait=(22, 9) DECISION=PROCEED (Higher precedence (64.0 vs 63.8) -> Proceed through (22, 9))
05:19:00.456 [AMR-01] STATE_TRANSITION EMERGENCY_STOP -> MOVING (intent=MOVE)
05:19:00.555 [AMR-01] STATE_TRANSITION MOVING -> EMERGENCY_STOP (intent=STOP)
05:19:00.555 [AMR-01] SAFETY_STOP min_obstacle_distance=0.45m <= 1.2m
05:19:00.656 [AMR-01] CONFLICT_DETECTED peer=AMR-04 type=PROXIMITY node=(22, 9) safe_wait=(22, 9) DECISION=YIELD (Lower precedence (63.5 vs 63.6) -> Safe wait at (22, 9) for AMR-04)
05:19:00.656 [AMR-01] STATE_TRANSITION EMERGENCY_STOP -> YIELDING (intent=YIELD)
05:19:00.757 [AMR-01] CONFLICT_DETECTED peer=AMR-04 type=PROXIMITY node=(22, 9) safe_wait=(22, 9) DECISION=PROCEED (Higher precedence (63.7 vs 63.6) -> Proceed through (22, 9))
05:19:00.757 [AMR-01] STATE_TRANSITION YIELDING -> MOVING (intent=MOVE)
05:19:00.857 [AMR-01] STATE_TRANSITION MOVING -> EMERGENCY_STOP (intent=STOP)
05:19:00.857 [AMR-01] SAFETY_STOP min_obstacle_distance=0.30m <= 1.2m
05:19:00.957 [AMR-01] CONFLICT_DETECTED peer=AMR-04 type=PROXIMITY node=(22, 9) safe_wait=(22, 9) DECISION=PROCEED (Higher precedence (63.6 vs 63.5) -> Proceed through (22, 9))
05:19:00.957 [AMR-01] STATE_TRANSITION EMERGENCY_STOP -> MOVING (intent=MOVE)
05:19:01.059 [AMR-01] STATE_TRANSITION MOVING -> EMERGENCY_STOP (intent=STOP)
05:19:01.059 [AMR-01] SAFETY_STOP min_obstacle_distance=0.60m <= 1.2m
05:19:01.160 [AMR-01] CONFLICT_DETECTED peer=AMR-04 type=PROXIMITY node=(22, 9) safe_wait=(22, 9) DECISION=YIELD (Lower precedence (63.5 vs 63.5) -> Safe wait at (22, 9) for AMR-04)
05:19:01.160 [AMR-01] STATE_TRANSITION EMERGENCY_STOP -> YIELDING (intent=YIELD)
05:19:01.260 [AMR-01] CONFLICT_DETECTED peer=AMR-04 type=PROXIMITY node=(22, 9) safe_wait=(22, 9) DECISION=PROCEED (Higher precedence (63.7 vs 63.4) -> Proceed through (22, 9))
05:19:01.260 [AMR-01] STATE_TRANSITION YIELDING -> MOVING (intent=MOVE)
05:19:01.360 [AMR-01] STATE_TRANSITION MOVING -> EMERGENCY_STOP (intent=STOP)
05:19:01.360 [AMR-01] SAFETY_STOP min_obstacle_distance=0.90m <= 1.2m
05:19:01.462 [AMR-01] CONFLICT_DETECTED peer=AMR-04 type=PROXIMITY node=(22, 9) safe_wait=(22, 9) DECISION=PROCEED (Higher precedence (63.6 vs 63.4) -> Proceed through (22, 9))
05:19:01.462 [AMR-01] STATE_TRANSITION EMERGENCY_STOP -> MOVING (intent=MOVE)
05:19:01.561 [AMR-01] STATE_TRANSITION MOVING -> EMERGENCY_STOP (intent=STOP)
05:19:01.561 [AMR-01] SAFETY_STOP min_obstacle_distance=0.00m <= 1.2m
05:19:01.661 [AMR-01] CONFLICT_DETECTED peer=AMR-04 type=PROXIMITY node=(22, 9) safe_wait=(22, 9) DECISION=YIELD (Lower precedence (63.1 vs 63.2) -> Safe wait at (22, 9) for AMR-04)
05:19:01.661 [AMR-01] STATE_TRANSITION EMERGENCY_STOP -> YIELDING (intent=YIELD)
05:19:01.762 [AMR-01] CONFLICT_DETECTED peer=AMR-04 type=PROXIMITY node=(22, 9) safe_wait=(22, 9) DECISION=PROCEED (Higher precedence (63.3 vs 63.2) -> Proceed through (22, 9))
05:19:01.762 [AMR-01] STATE_TRANSITION YIELDING -> MOVING (intent=MOVE)
05:19:01.863 [AMR-01] STATE_TRANSITION MOVING -> EMERGENCY_STOP (intent=STOP)
05:19:01.863 [AMR-01] SAFETY_STOP min_obstacle_distance=0.30m <= 1.2m
05:19:01.964 [AMR-01] CONFLICT_DETECTED peer=AMR-04 type=PROXIMITY node=(22, 9) safe_wait=(22, 9) DECISION=PROCEED (Higher precedence (63.2 vs 63.1) -> Proceed through (22, 9))
05:19:01.964 [AMR-01] STATE_TRANSITION EMERGENCY_STOP -> MOVING (intent=MOVE)
05:19:02.065 [AMR-01] STATE_TRANSITION MOVING -> EMERGENCY_STOP (intent=STOP)
05:19:02.065 [AMR-01] SAFETY_STOP min_obstacle_distance=0.45m <= 1.2m
05:19:02.165 [AMR-01] CONFLICT_DETECTED peer=AMR-04 type=PROXIMITY node=(22, 9) safe_wait=(22, 9) DECISION=YIELD (Lower precedence (63.1 vs 63.1) -> Safe wait at (22, 9) for AMR-04)
05:19:02.165 [AMR-01] STATE_TRANSITION EMERGENCY_STOP -> YIELDING (intent=YIELD)
05:19:02.266 [AMR-01] CONFLICT_DETECTED peer=AMR-04 type=PROXIMITY node=(22, 9) safe_wait=(22, 9) DECISION=PROCEED (Higher precedence (63.3 vs 63.1) -> Proceed through (22, 9))
05:19:02.266 [AMR-01] STATE_TRANSITION YIELDING -> MOVING (intent=MOVE)
05:19:02.367 [AMR-01] STATE_TRANSITION MOVING -> EMERGENCY_STOP (intent=STOP)
05:19:02.367 [AMR-01] SAFETY_STOP min_obstacle_distance=0.90m <= 1.2m
05:19:02.468 [AMR-01] CONFLICT_DETECTED peer=AMR-04 type=PROXIMITY node=(22, 9) safe_wait=(22, 9) DECISION=PROCEED (Higher precedence (63.1 vs 63.0) -> Proceed through (22, 9))
05:19:02.468 [AMR-01] STATE_TRANSITION EMERGENCY_STOP -> MOVING (intent=MOVE)
05:19:02.568 [AMR-01] STATE_TRANSITION MOVING -> EMERGENCY_STOP (intent=STOP)
05:19:02.568 [AMR-01] SAFETY_STOP min_obstacle_distance=0.45m <= 1.2m
05:19:02.668 [AMR-01] CONFLICT_DETECTED peer=AMR-04 type=PROXIMITY node=(22, 9) safe_wait=(22, 9) DECISION=YIELD (Lower precedence (62.7 vs 63.3) -> Safe wait at (22, 9) for AMR-04)
05:19:02.668 [AMR-01] STATE_TRANSITION EMERGENCY_STOP -> YIELDING (intent=YIELD)
05:19:02.769 [AMR-01] CONFLICT_DETECTED peer=AMR-04 type=PROXIMITY node=(22, 9) safe_wait=(22, 9) DECISION=YIELD (Lower precedence (62.9 vs 63.3) -> Safe wait at (22, 9) for AMR-04)
05:19:02.869 [AMR-01] CONFLICT_DETECTED peer=AMR-04 type=PROXIMITY node=(22, 9) safe_wait=(22, 9) DECISION=YIELD (Lower precedence (63.1 vs 63.2) -> Safe wait at (22, 9) for AMR-04)
05:19:02.970 [AMR-01] CONFLICT_DETECTED peer=AMR-04 type=PROXIMITY node=(22, 9) safe_wait=(22, 9) DECISION=PROCEED (Higher precedence (63.3 vs 63.2) -> Proceed through (22, 9))
05:19:02.970 [AMR-01] STATE_TRANSITION YIELDING -> MOVING (intent=MOVE)
05:19:03.271 [AMR-01] STATE_TRANSITION MOVING -> EMERGENCY_STOP (intent=STOP)
05:19:03.271 [AMR-01] SAFETY_STOP min_obstacle_distance=1.14m <= 1.2m
05:19:03.373 [AMR-01] STATE_TRANSITION EMERGENCY_STOP -> MOVING (intent=MOVE)
05:19:03.473 [AMR-01] STATE_TRANSITION MOVING -> EMERGENCY_STOP (intent=STOP)
05:19:03.474 [AMR-01] SAFETY_STOP min_obstacle_distance=1.08m <= 1.2m
05:19:03.484 [AMR-01] GOAL_REACHED at pos=(22.0, 10.0) travel_time=227.03s reroutes=1 obstacles=0
05:19:03.484 [AMR-01] STATE_TRANSITION EMERGENCY_STOP -> PLANNING (intent=MOVE)
05:19:03.484 [AMR-01] GOAL_SET goal=(2.0, 10.0)
05:19:03.574 [AMR-01] STATE_TRANSITION PLANNING -> MOVING (intent=MOVE)
05:19:03.574 [AMR-01] PATH_PLANNED length=23 waypoints=[(22, 10), (22, 9), (21, 9), (20, 9), (19, 9)]...
05:19:03.674 [AMR-01] STATE_TRANSITION MOVING -> EMERGENCY_STOP (intent=STOP)
05:19:03.674 [AMR-01] SAFETY_STOP min_obstacle_distance=1.01m <= 1.2m
05:19:03.775 [AMR-01] RESERVATION_WAIT: Zone (22, 9) reserved by AMR-04 (priority 63.2 >= 52.8)
05:19:03.775 [AMR-01] STATE_TRANSITION EMERGENCY_STOP -> WAITING (intent=WAIT)
05:19:03.876 [AMR-01] RESERVATION_WAIT: Zone (22, 9) reserved by AMR-04 (priority 63.2 >= 53.0)
05:19:03.977 [AMR-01] RESERVATION_WAIT: Zone (22, 9) reserved by AMR-04 (priority 63.2 >= 53.2)
05:19:04.078 [AMR-01] RESERVATION_WAIT: Zone (22, 9) reserved by AMR-04 (priority 63.2 >= 53.4)
05:19:04.177 [AMR-01] RESERVATION_WAIT: Zone (22, 9) reserved by AMR-04 (priority 63.2 >= 53.6)
05:19:04.278 [AMR-01] RESERVATION_WAIT: Zone (22, 9) reserved by AMR-04 (priority 63.2 >= 53.8)
05:19:04.379 [AMR-01] RESERVATION_WAIT: Zone (22, 9) reserved by AMR-04 (priority 63.2 >= 54.0)
05:19:04.480 [AMR-01] RESERVATION_WAIT: Zone (22, 9) reserved by AMR-04 (priority 63.2 >= 54.2)
05:19:04.580 [AMR-01] RESERVATION_WAIT: Zone (22, 9) reserved by AMR-04 (priority 63.2 >= 54.4)
05:19:04.682 [AMR-01] RESERVATION_WAIT: Zone (22, 9) reserved by AMR-04 (priority 63.2 >= 54.6)
05:19:04.782 [AMR-01] RESERVATION_WAIT: Zone (22, 9) reserved by AMR-04 (priority 63.2 >= 54.8)
05:19:04.883 [AMR-01] RESERVATION_WAIT: Zone (22, 9) reserved by AMR-04 (priority 63.2 >= 55.0)
05:19:04.983 [AMR-01] RESERVATION_WAIT: Zone (22, 9) reserved by AMR-04 (priority 63.2 >= 55.2)
05:19:05.084 [AMR-01] RESERVATION_WAIT: Zone (22, 9) reserved by AMR-04 (priority 63.2 >= 55.4)
05:19:05.184 [AMR-01] RESERVATION_WAIT: Zone (22, 9) reserved by AMR-04 (priority 63.2 >= 55.6)
05:19:05.284 [AMR-01] RESERVATION_WAIT: Zone (22, 9) reserved by AMR-04 (priority 63.2 >= 55.8)
05:19:05.385 [AMR-01] RESERVATION_WAIT: Zone (22, 9) reserved by AMR-04 (priority 63.2 >= 56.0)
05:19:05.486 [AMR-01] RESERVATION_WAIT: Zone (22, 9) reserved by AMR-04 (priority 63.2 >= 56.2)
05:19:05.586 [AMR-01] STATE_TRANSITION WAITING -> MOVING (intent=MOVE)
05:19:05.687 [AMR-01] STATE_TRANSITION MOVING -> EMERGENCY_STOP (intent=STOP)
05:19:05.687 [AMR-01] SAFETY_STOP min_obstacle_distance=1.01m <= 1.2m
05:19:05.787 [AMR-01] STATE_TRANSITION EMERGENCY_STOP -> MOVING (intent=MOVE)
05:19:05.888 [AMR-01] STATE_TRANSITION MOVING -> EMERGENCY_STOP (intent=STOP)
05:19:05.888 [AMR-01] SAFETY_STOP min_obstacle_distance=1.04m <= 1.2m
05:19:05.989 [AMR-01] STATE_TRANSITION EMERGENCY_STOP -> MOVING (intent=MOVE)
05:19:06.090 [AMR-01] STATE_TRANSITION MOVING -> EMERGENCY_STOP (intent=STOP)
05:19:06.091 [AMR-01] SAFETY_STOP min_obstacle_distance=1.10m <= 1.2m
05:19:06.192 [AMR-01] STATE_TRANSITION EMERGENCY_STOP -> MOVING (intent=MOVE)
05:19:06.293 [AMR-01] STATE_TRANSITION MOVING -> EMERGENCY_STOP (intent=STOP)
05:19:06.293 [AMR-01] SAFETY_STOP min_obstacle_distance=1.17m <= 1.2m
05:19:06.394 [AMR-01] STATE_TRANSITION EMERGENCY_STOP -> MOVING (intent=MOVE)
05:19:06.596 [AMR-01] STATE_TRANSITION MOVING -> EMERGENCY_STOP (intent=STOP)
05:19:06.596 [AMR-01] SAFETY_STOP min_obstacle_distance=1.00m <= 1.2m
05:19:06.697 [AMR-01] STATE_TRANSITION EMERGENCY_STOP -> MOVING (intent=MOVE)
05:19:06.798 [AMR-01] STATE_TRANSITION MOVING -> EMERGENCY_STOP (intent=STOP)
05:19:06.798 [AMR-01] SAFETY_STOP min_obstacle_distance=1.01m <= 1.2m
05:19:06.899 [AMR-01] STATE_TRANSITION EMERGENCY_STOP -> MOVING (intent=MOVE)
05:19:07.001 [AMR-01] STATE_TRANSITION MOVING -> EMERGENCY_STOP (intent=STOP)
05:19:07.001 [AMR-01] SAFETY_STOP min_obstacle_distance=1.04m <= 1.2m
05:19:07.104 [AMR-01] STATE_TRANSITION EMERGENCY_STOP -> MOVING (intent=MOVE)
05:19:07.203 [AMR-01] STATE_TRANSITION MOVING -> EMERGENCY_STOP (intent=STOP)
05:19:07.203 [AMR-01] SAFETY_STOP min_obstacle_distance=1.10m <= 1.2m
05:19:07.304 [AMR-01] STATE_TRANSITION EMERGENCY_STOP -> MOVING (intent=MOVE)
05:19:07.406 [AMR-01] STATE_TRANSITION MOVING -> EMERGENCY_STOP (intent=STOP)
05:19:07.406 [AMR-01] SAFETY_STOP min_obstacle_distance=1.17m <= 1.2m
05:19:07.506 [AMR-01] STATE_TRANSITION EMERGENCY_STOP -> MOVING (intent=MOVE)
05:19:07.608 [AMR-01] STATE_TRANSITION MOVING -> EMERGENCY_STOP (intent=STOP)
05:19:07.608 [AMR-01] SAFETY_STOP min_obstacle_distance=1.01m <= 1.2m
05:19:07.710 [AMR-01] STATE_TRANSITION EMERGENCY_STOP -> MOVING (intent=MOVE)
05:19:07.812 [AMR-01] STATE_TRANSITION MOVING -> EMERGENCY_STOP (intent=STOP)
05:19:07.812 [AMR-01] SAFETY_STOP min_obstacle_distance=1.05m <= 1.2m
05:19:07.913 [AMR-01] STATE_TRANSITION EMERGENCY_STOP -> MOVING (intent=MOVE)
05:19:08.013 [AMR-01] STATE_TRANSITION MOVING -> EMERGENCY_STOP (intent=STOP)
05:19:08.013 [AMR-01] SAFETY_STOP min_obstacle_distance=1.10m <= 1.2m
05:19:08.114 [AMR-01] STATE_TRANSITION EMERGENCY_STOP -> MOVING (intent=MOVE)
05:19:08.215 [AMR-01] STATE_TRANSITION MOVING -> EMERGENCY_STOP (intent=STOP)
05:19:08.215 [AMR-01] SAFETY_STOP min_obstacle_distance=1.17m <= 1.2m
05:19:08.315 [AMR-01] STATE_TRANSITION EMERGENCY_STOP -> MOVING (intent=MOVE)
05:19:08.517 [AMR-01] STATE_TRANSITION MOVING -> EMERGENCY_STOP (intent=STOP)
05:19:08.517 [AMR-01] SAFETY_STOP min_obstacle_distance=1.00m <= 1.2m
05:19:08.617 [AMR-01] STATE_TRANSITION EMERGENCY_STOP -> MOVING (intent=MOVE)
05:19:08.718 [AMR-01] STATE_TRANSITION MOVING -> EMERGENCY_STOP (intent=STOP)
05:19:08.718 [AMR-01] SAFETY_STOP min_obstacle_distance=1.01m <= 1.2m
05:19:08.819 [AMR-01] STATE_TRANSITION EMERGENCY_STOP -> MOVING (intent=MOVE)
05:19:08.920 [AMR-01] STATE_TRANSITION MOVING -> EMERGENCY_STOP (intent=STOP)
05:19:08.920 [AMR-01] SAFETY_STOP min_obstacle_distance=1.04m <= 1.2m
05:19:09.021 [AMR-01] STATE_TRANSITION EMERGENCY_STOP -> MOVING (intent=MOVE)
05:19:09.122 [AMR-01] STATE_TRANSITION MOVING -> EMERGENCY_STOP (intent=STOP)
05:19:09.122 [AMR-01] SAFETY_STOP min_obstacle_distance=1.10m <= 1.2m
05:19:09.224 [AMR-01] STATE_TRANSITION EMERGENCY_STOP -> MOVING (intent=MOVE)
05:19:09.324 [AMR-01] STATE_TRANSITION MOVING -> EMERGENCY_STOP (intent=STOP)
05:19:09.325 [AMR-01] SAFETY_STOP min_obstacle_distance=1.17m <= 1.2m
05:19:09.426 [AMR-01] STATE_TRANSITION EMERGENCY_STOP -> MOVING (intent=MOVE)
05:19:09.627 [AMR-01] STATE_TRANSITION MOVING -> EMERGENCY_STOP (intent=STOP)
05:19:09.627 [AMR-01] SAFETY_STOP min_obstacle_distance=1.01m <= 1.2m
05:19:09.729 [AMR-01] CONFLICT_DETECTED peer=AMR-04 type=PROXIMITY node=(22, 9) safe_wait=(22, 9) DECISION=YIELD (Lower precedence (52.1 vs 57.1) -> Safe wait at (22, 9) for AMR-04)
05:19:09.729 [AMR-01] STATE_TRANSITION EMERGENCY_STOP -> YIELDING (intent=YIELD)
05:19:09.830 [AMR-01] CONFLICT_DETECTED peer=AMR-04 type=PROXIMITY node=(22, 9) safe_wait=(22, 9) DECISION=YIELD (Lower precedence (52.3 vs 57.1) -> Safe wait at (22, 9) for AMR-04)
05:19:09.931 [AMR-01] STATE_TRANSITION YIELDING -> MOVING (intent=MOVE)
05:19:10.134 [AMR-01] STATE_TRANSITION MOVING -> EMERGENCY_STOP (intent=STOP)
05:19:10.134 [AMR-01] SAFETY_STOP min_obstacle_distance=1.14m <= 1.2m
05:19:10.235 [AMR-01] STATE_TRANSITION EMERGENCY_STOP -> MOVING (intent=MOVE)
05:19:10.336 [AMR-01] STATE_TRANSITION MOVING -> EMERGENCY_STOP (intent=STOP)
05:19:10.336 [AMR-01] SAFETY_STOP min_obstacle_distance=1.08m <= 1.2m
05:19:10.437 [AMR-01] STATE_TRANSITION EMERGENCY_STOP -> MOVING (intent=MOVE)
05:19:10.639 [AMR-01] STATE_TRANSITION MOVING -> EMERGENCY_STOP (intent=STOP)
05:19:10.639 [AMR-01] SAFETY_STOP min_obstacle_distance=1.01m <= 1.2m
05:19:10.740 [AMR-01] CONFLICT_DETECTED peer=AMR-04 type=PROXIMITY node=(22, 9) safe_wait=(22, 9) DECISION=YIELD (Lower precedence (51.5 vs 57.0) -> Safe wait at (22, 9) for AMR-04)
05:19:10.740 [AMR-01] STATE_TRANSITION EMERGENCY_STOP -> YIELDING (intent=YIELD)
05:19:10.841 [AMR-01] CONFLICT_DETECTED peer=AMR-04 type=PROXIMITY node=(22, 9) safe_wait=(22, 9) DECISION=YIELD (Lower precedence (51.7 vs 57.1) -> Safe wait at (22, 9) for AMR-04)
05:19:10.942 [AMR-01] CONFLICT_DETECTED peer=AMR-04 type=PROXIMITY node=(22, 9) safe_wait=(22, 9) DECISION=YIELD (Lower precedence (51.9 vs 57.1) -> Safe wait at (22, 9) for AMR-04)
05:19:11.043 [AMR-01] STATE_TRANSITION YIELDING -> MOVING (intent=MOVE)
05:19:11.245 [AMR-01] STATE_TRANSITION MOVING -> EMERGENCY_STOP (intent=STOP)
05:19:11.245 [AMR-01] SAFETY_STOP min_obstacle_distance=1.14m <= 1.2m
05:19:11.346 [AMR-01] STATE_TRANSITION EMERGENCY_STOP -> MOVING (intent=MOVE)
05:19:11.448 [AMR-01] STATE_TRANSITION MOVING -> EMERGENCY_STOP (intent=STOP)
05:19:11.448 [AMR-01] SAFETY_STOP min_obstacle_distance=1.07m <= 1.2m
05:19:11.549 [AMR-01] STATE_TRANSITION EMERGENCY_STOP -> MOVING (intent=MOVE)
05:19:11.651 [AMR-01] STATE_TRANSITION MOVING -> EMERGENCY_STOP (intent=STOP)
05:19:11.651 [AMR-01] SAFETY_STOP min_obstacle_distance=1.16m <= 1.2m
05:19:11.752 [AMR-01] CONFLICT_DETECTED peer=AMR-04 type=PROXIMITY node=(22, 9) safe_wait=(22, 9) DECISION=YIELD (Lower precedence (51.2 vs 57.1) -> Safe wait at (22, 9) for AMR-04)
05:19:11.752 [AMR-01] STATE_TRANSITION EMERGENCY_STOP -> YIELDING (intent=YIELD)
05:19:11.853 [AMR-01] CONFLICT_DETECTED peer=AMR-04 type=PROXIMITY node=(22, 9) safe_wait=(22, 9) DECISION=YIELD (Lower precedence (51.5 vs 57.1) -> Safe wait at (22, 9) for AMR-04)
05:19:11.954 [AMR-01] STATE_TRANSITION YIELDING -> MOVING (intent=MOVE)
05:19:12.157 [AMR-01] STATE_TRANSITION MOVING -> EMERGENCY_STOP (intent=STOP)
05:19:12.157 [AMR-01] SAFETY_STOP min_obstacle_distance=1.14m <= 1.2m
05:19:12.259 [AMR-01] STATE_TRANSITION EMERGENCY_STOP -> MOVING (intent=MOVE)
05:19:12.360 [AMR-01] STATE_TRANSITION MOVING -> EMERGENCY_STOP (intent=STOP)
05:19:12.360 [AMR-01] SAFETY_STOP min_obstacle_distance=1.07m <= 1.2m
05:19:12.462 [AMR-01] STATE_TRANSITION EMERGENCY_STOP -> MOVING (intent=MOVE)
05:19:12.664 [AMR-01] STATE_TRANSITION MOVING -> EMERGENCY_STOP (intent=STOP)
05:19:12.664 [AMR-01] SAFETY_STOP min_obstacle_distance=1.01m <= 1.2m
05:19:12.765 [AMR-01] CONFLICT_DETECTED peer=AMR-04 type=PROXIMITY node=(22, 9) safe_wait=(22, 9) DECISION=YIELD (Lower precedence (50.6 vs 57.0) -> Safe wait at (22, 9) for AMR-04)
05:19:12.765 [AMR-01] STATE_TRANSITION EMERGENCY_STOP -> YIELDING (intent=YIELD)
05:19:12.866 [AMR-01] CONFLICT_DETECTED peer=AMR-04 type=PROXIMITY node=(22, 9) safe_wait=(22, 9) DECISION=YIELD (Lower precedence (50.9 vs 57.1) -> Safe wait at (22, 9) for AMR-04)
05:19:12.967 [AMR-01] CONFLICT_DETECTED peer=AMR-04 type=PROXIMITY node=(22, 9) safe_wait=(22, 9) DECISION=YIELD (Lower precedence (51.0 vs 57.1) -> Safe wait at (22, 9) for AMR-04)
05:19:13.070 [AMR-01] STATE_TRANSITION YIELDING -> MOVING (intent=MOVE)
05:19:13.270 [AMR-01] STATE_TRANSITION MOVING -> EMERGENCY_STOP (intent=STOP)
05:19:13.270 [AMR-01] SAFETY_STOP min_obstacle_distance=1.14m <= 1.2m
05:19:13.371 [AMR-01] STATE_TRANSITION EMERGENCY_STOP -> MOVING (intent=MOVE)
05:19:13.472 [AMR-01] STATE_TRANSITION MOVING -> EMERGENCY_STOP (intent=STOP)
05:19:13.472 [AMR-01] SAFETY_STOP min_obstacle_distance=1.07m <= 1.2m
05:19:13.572 [AMR-01] STATE_TRANSITION EMERGENCY_STOP -> MOVING (intent=MOVE)
05:19:13.673 [AMR-01] STATE_TRANSITION MOVING -> EMERGENCY_STOP (intent=STOP)
05:19:13.673 [AMR-01] SAFETY_STOP min_obstacle_distance=1.01m <= 1.2m
05:19:13.775 [AMR-01] CONFLICT_DETECTED peer=AMR-04 type=PROXIMITY node=(22, 9) safe_wait=(22, 9) DECISION=YIELD (Lower precedence (50.5 vs 57.1) -> Safe wait at (22, 9) for AMR-04)
05:19:13.776 [AMR-01] STATE_TRANSITION EMERGENCY_STOP -> YIELDING (intent=YIELD)
05:19:13.876 [AMR-01] CONFLICT_DETECTED peer=AMR-04 type=PROXIMITY node=(22, 9) safe_wait=(22, 9) DECISION=YIELD (Lower precedence (50.6 vs 57.1) -> Safe wait at (22, 9) for AMR-04)
05:19:13.977 [AMR-01] STATE_TRANSITION YIELDING -> MOVING (intent=MOVE)
05:19:14.178 [AMR-01] STATE_TRANSITION MOVING -> EMERGENCY_STOP (intent=STOP)
05:19:14.178 [AMR-01] SAFETY_STOP min_obstacle_distance=1.14m <= 1.2m
05:19:14.280 [AMR-01] STATE_TRANSITION EMERGENCY_STOP -> MOVING (intent=MOVE)
05:19:14.382 [AMR-01] STATE_TRANSITION MOVING -> EMERGENCY_STOP (intent=STOP)
05:19:14.382 [AMR-01] SAFETY_STOP min_obstacle_distance=1.08m <= 1.2m
05:19:14.483 [AMR-01] STATE_TRANSITION EMERGENCY_STOP -> MOVING (intent=MOVE)
05:19:14.889 [AMR-01] STATE_TRANSITION MOVING -> EMERGENCY_STOP (intent=STOP)
05:19:14.889 [AMR-01] SAFETY_STOP min_obstacle_distance=1.14m <= 1.2m
05:19:14.990 [AMR-01] STATE_TRANSITION EMERGENCY_STOP -> MOVING (intent=MOVE)
05:19:15.090 [AMR-01] STATE_TRANSITION MOVING -> EMERGENCY_STOP (intent=STOP)
05:19:15.091 [AMR-01] SAFETY_STOP min_obstacle_distance=1.07m <= 1.2m
05:19:15.191 [AMR-01] STATE_TRANSITION EMERGENCY_STOP -> MOVING (intent=MOVE)
05:19:15.292 [AMR-01] STATE_TRANSITION MOVING -> EMERGENCY_STOP (intent=STOP)
05:19:15.292 [AMR-01] SAFETY_STOP min_obstacle_distance=1.03m <= 1.2m
05:19:15.393 [AMR-01] STATE_TRANSITION EMERGENCY_STOP -> MOVING (intent=MOVE)
05:19:15.494 [AMR-01] STATE_TRANSITION MOVING -> EMERGENCY_STOP (intent=STOP)
05:19:15.494 [AMR-01] SAFETY_STOP min_obstacle_distance=1.00m <= 1.2m
05:19:15.594 [AMR-01] STATE_TRANSITION EMERGENCY_STOP -> MOVING (intent=MOVE)
05:19:15.695 [AMR-01] STATE_TRANSITION MOVING -> EMERGENCY_STOP (intent=STOP)
05:19:15.695 [AMR-01] SAFETY_STOP min_obstacle_distance=1.01m <= 1.2m
05:19:15.796 [AMR-01] STATE_TRANSITION EMERGENCY_STOP -> MOVING (intent=MOVE)
05:19:15.896 [AMR-01] STATE_TRANSITION MOVING -> EMERGENCY_STOP (intent=STOP)
05:19:15.897 [AMR-01] SAFETY_STOP min_obstacle_distance=1.04m <= 1.2m
05:19:15.997 [AMR-01] STATE_TRANSITION EMERGENCY_STOP -> MOVING (intent=MOVE)
05:19:16.099 [AMR-01] STATE_TRANSITION MOVING -> EMERGENCY_STOP (intent=STOP)
05:19:16.099 [AMR-01] SAFETY_STOP min_obstacle_distance=1.10m <= 1.2m
05:19:16.201 [AMR-01] STATE_TRANSITION EMERGENCY_STOP -> MOVING (intent=MOVE)
05:19:16.301 [AMR-01] STATE_TRANSITION MOVING -> EMERGENCY_STOP (intent=STOP)
05:19:16.302 [AMR-01] SAFETY_STOP min_obstacle_distance=1.07m <= 1.2m
05:19:16.403 [AMR-01] STATE_TRANSITION EMERGENCY_STOP -> MOVING (intent=MOVE)
05:19:16.505 [AMR-01] STATE_TRANSITION MOVING -> EMERGENCY_STOP (intent=STOP)
05:19:16.505 [AMR-01] SAFETY_STOP min_obstacle_distance=1.00m <= 1.2m
05:19:16.605 [AMR-01] STATE_TRANSITION EMERGENCY_STOP -> MOVING (intent=MOVE)
05:19:16.706 [AMR-01] STATE_TRANSITION MOVING -> EMERGENCY_STOP (intent=STOP)
05:19:16.706 [AMR-01] SAFETY_STOP min_obstacle_distance=1.01m <= 1.2m
05:19:16.807 [AMR-01] STATE_TRANSITION EMERGENCY_STOP -> MOVING (intent=MOVE)
05:19:16.908 [AMR-01] STATE_TRANSITION MOVING -> EMERGENCY_STOP (intent=STOP)
05:19:16.909 [AMR-01] SAFETY_STOP min_obstacle_distance=1.04m <= 1.2m
05:19:17.010 [AMR-01] STATE_TRANSITION EMERGENCY_STOP -> MOVING (intent=MOVE)
05:19:17.112 [AMR-01] STATE_TRANSITION MOVING -> EMERGENCY_STOP (intent=STOP)
05:19:17.112 [AMR-01] SAFETY_STOP min_obstacle_distance=1.10m <= 1.2m
05:19:17.214 [AMR-01] STATE_TRANSITION EMERGENCY_STOP -> MOVING (intent=MOVE)
05:19:17.315 [AMR-01] STATE_TRANSITION MOVING -> EMERGENCY_STOP (intent=STOP)
05:19:17.315 [AMR-01] SAFETY_STOP min_obstacle_distance=1.07m <= 1.2m
05:19:17.417 [AMR-01] STATE_TRANSITION EMERGENCY_STOP -> MOVING (intent=MOVE)
05:19:17.519 [AMR-01] STATE_TRANSITION MOVING -> EMERGENCY_STOP (intent=STOP)
05:19:17.519 [AMR-01] SAFETY_STOP min_obstacle_distance=1.00m <= 1.2m
05:19:17.619 [AMR-01] STATE_TRANSITION EMERGENCY_STOP -> MOVING (intent=MOVE)
05:19:17.720 [AMR-01] STATE_TRANSITION MOVING -> EMERGENCY_STOP (intent=STOP)
05:19:17.720 [AMR-01] SAFETY_STOP min_obstacle_distance=1.01m <= 1.2m
05:19:17.821 [AMR-01] STATE_TRANSITION EMERGENCY_STOP -> MOVING (intent=MOVE)
05:19:17.923 [AMR-01] STATE_TRANSITION MOVING -> EMERGENCY_STOP (intent=STOP)
05:19:17.923 [AMR-01] SAFETY_STOP min_obstacle_distance=1.04m <= 1.2m
05:19:18.023 [AMR-01] STATE_TRANSITION EMERGENCY_STOP -> MOVING (intent=MOVE)
05:19:18.124 [AMR-01] STATE_TRANSITION MOVING -> EMERGENCY_STOP (intent=STOP)
05:19:18.125 [AMR-01] SAFETY_STOP min_obstacle_distance=1.10m <= 1.2m
05:19:18.225 [AMR-01] STATE_TRANSITION EMERGENCY_STOP -> MOVING (intent=MOVE)
05:19:18.325 [AMR-01] STATE_TRANSITION MOVING -> EMERGENCY_STOP (intent=STOP)
05:19:18.326 [AMR-01] SAFETY_STOP min_obstacle_distance=1.08m <= 1.2m
05:19:18.426 [AMR-01] STATE_TRANSITION EMERGENCY_STOP -> MOVING (intent=MOVE)
05:19:18.526 [AMR-01] STATE_TRANSITION MOVING -> EMERGENCY_STOP (intent=STOP)
05:19:18.526 [AMR-01] SAFETY_STOP min_obstacle_distance=1.03m <= 1.2m
05:19:18.626 [AMR-01] STATE_TRANSITION EMERGENCY_STOP -> MOVING (intent=MOVE)
05:19:18.727 [AMR-01] STATE_TRANSITION MOVING -> EMERGENCY_STOP (intent=STOP)
05:19:18.727 [AMR-01] SAFETY_STOP min_obstacle_distance=1.01m <= 1.2m
05:19:18.829 [AMR-01] STATE_TRANSITION EMERGENCY_STOP -> MOVING (intent=MOVE)
05:19:18.929 [AMR-01] STATE_TRANSITION MOVING -> EMERGENCY_STOP (intent=STOP)
05:19:18.929 [AMR-01] SAFETY_STOP min_obstacle_distance=1.04m <= 1.2m
05:19:19.030 [AMR-01] STATE_TRANSITION EMERGENCY_STOP -> MOVING (intent=MOVE)
05:19:19.131 [AMR-01] STATE_TRANSITION MOVING -> EMERGENCY_STOP (intent=STOP)
05:19:19.131 [AMR-01] SAFETY_STOP min_obstacle_distance=1.10m <= 1.2m
05:19:19.233 [AMR-01] STATE_TRANSITION EMERGENCY_STOP -> MOVING (intent=MOVE)
05:19:19.334 [AMR-01] STATE_TRANSITION MOVING -> EMERGENCY_STOP (intent=STOP)
05:19:19.334 [AMR-01] SAFETY_STOP min_obstacle_distance=1.07m <= 1.2m
05:19:19.436 [AMR-01] STATE_TRANSITION EMERGENCY_STOP -> MOVING (intent=MOVE)
05:19:19.536 [AMR-01] STATE_TRANSITION MOVING -> EMERGENCY_STOP (intent=STOP)
05:19:19.536 [AMR-01] SAFETY_STOP min_obstacle_distance=1.00m <= 1.2m
05:19:19.637 [AMR-01] STATE_TRANSITION EMERGENCY_STOP -> MOVING (intent=MOVE)
05:19:19.738 [AMR-01] STATE_TRANSITION MOVING -> EMERGENCY_STOP (intent=STOP)
05:19:19.738 [AMR-01] SAFETY_STOP min_obstacle_distance=1.01m <= 1.2m
05:19:19.840 [AMR-01] STATE_TRANSITION EMERGENCY_STOP -> MOVING (intent=MOVE)
05:19:19.942 [AMR-01] STATE_TRANSITION MOVING -> EMERGENCY_STOP (intent=STOP)
05:19:19.942 [AMR-01] SAFETY_STOP min_obstacle_distance=1.05m <= 1.2m
05:19:20.044 [AMR-01] STATE_TRANSITION EMERGENCY_STOP -> MOVING (intent=MOVE)
05:19:20.144 [AMR-01] STATE_TRANSITION MOVING -> EMERGENCY_STOP (intent=STOP)
05:19:20.144 [AMR-01] SAFETY_STOP min_obstacle_distance=1.10m <= 1.2m
05:19:20.246 [AMR-01] STATE_TRANSITION EMERGENCY_STOP -> MOVING (intent=MOVE)
05:19:20.347 [AMR-01] STATE_TRANSITION MOVING -> EMERGENCY_STOP (intent=STOP)
05:19:20.347 [AMR-01] SAFETY_STOP min_obstacle_distance=1.07m <= 1.2m
05:19:20.449 [AMR-01] STATE_TRANSITION EMERGENCY_STOP -> MOVING (intent=MOVE)
05:19:20.550 [AMR-01] STATE_TRANSITION MOVING -> EMERGENCY_STOP (intent=STOP)
05:19:20.550 [AMR-01] SAFETY_STOP min_obstacle_distance=1.00m <= 1.2m
05:19:20.652 [AMR-01] STATE_TRANSITION EMERGENCY_STOP -> MOVING (intent=MOVE)
05:19:20.753 [AMR-01] STATE_TRANSITION MOVING -> EMERGENCY_STOP (intent=STOP)
05:19:20.753 [AMR-01] SAFETY_STOP min_obstacle_distance=1.01m <= 1.2m
05:19:20.854 [AMR-01] STATE_TRANSITION EMERGENCY_STOP -> MOVING (intent=MOVE)
05:19:20.956 [AMR-01] STATE_TRANSITION MOVING -> EMERGENCY_STOP (intent=STOP)
05:19:20.956 [AMR-01] SAFETY_STOP min_obstacle_distance=1.04m <= 1.2m
05:19:21.057 [AMR-01] STATE_TRANSITION EMERGENCY_STOP -> MOVING (intent=MOVE)
05:19:21.159 [AMR-01] STATE_TRANSITION MOVING -> EMERGENCY_STOP (intent=STOP)
05:19:21.159 [AMR-01] SAFETY_STOP min_obstacle_distance=1.10m <= 1.2m
05:19:21.260 [AMR-01] STATE_TRANSITION EMERGENCY_STOP -> MOVING (intent=MOVE)
05:19:21.362 [AMR-01] STATE_TRANSITION MOVING -> EMERGENCY_STOP (intent=STOP)
05:19:21.362 [AMR-01] SAFETY_STOP min_obstacle_distance=1.07m <= 1.2m
05:19:21.463 [AMR-01] STATE_TRANSITION EMERGENCY_STOP -> MOVING (intent=MOVE)
05:19:21.564 [AMR-01] STATE_TRANSITION MOVING -> EMERGENCY_STOP (intent=STOP)
05:19:21.564 [AMR-01] SAFETY_STOP min_obstacle_distance=1.00m <= 1.2m
05:19:21.666 [AMR-01] STATE_TRANSITION EMERGENCY_STOP -> MOVING (intent=MOVE)
05:19:21.766 [AMR-01] STATE_TRANSITION MOVING -> EMERGENCY_STOP (intent=STOP)
05:19:21.766 [AMR-01] SAFETY_STOP min_obstacle_distance=1.01m <= 1.2m
05:19:21.867 [AMR-01] STATE_TRANSITION EMERGENCY_STOP -> MOVING (intent=MOVE)
05:19:21.968 [AMR-01] STATE_TRANSITION MOVING -> EMERGENCY_STOP (intent=STOP)
05:19:21.968 [AMR-01] SAFETY_STOP min_obstacle_distance=1.05m <= 1.2m
05:19:22.069 [AMR-01] STATE_TRANSITION EMERGENCY_STOP -> MOVING (intent=MOVE)
05:19:22.171 [AMR-01] STATE_TRANSITION MOVING -> EMERGENCY_STOP (intent=STOP)
05:19:22.171 [AMR-01] SAFETY_STOP min_obstacle_distance=1.10m <= 1.2m
05:19:22.272 [AMR-01] STATE_TRANSITION EMERGENCY_STOP -> MOVING (intent=MOVE)
05:19:22.373 [AMR-01] STATE_TRANSITION MOVING -> EMERGENCY_STOP (intent=STOP)
05:19:22.373 [AMR-01] SAFETY_STOP min_obstacle_distance=1.07m <= 1.2m
05:19:22.475 [AMR-01] STATE_TRANSITION EMERGENCY_STOP -> MOVING (intent=MOVE)
05:19:22.575 [AMR-01] STATE_TRANSITION MOVING -> EMERGENCY_STOP (intent=STOP)
05:19:22.575 [AMR-01] SAFETY_STOP min_obstacle_distance=1.00m <= 1.2m
05:19:22.677 [AMR-01] STATE_TRANSITION EMERGENCY_STOP -> MOVING (intent=MOVE)
05:19:22.779 [AMR-01] STATE_TRANSITION MOVING -> EMERGENCY_STOP (intent=STOP)
05:19:22.779 [AMR-01] SAFETY_STOP min_obstacle_distance=1.01m <= 1.2m
05:19:22.881 [AMR-01] STATE_TRANSITION EMERGENCY_STOP -> MOVING (intent=MOVE)
05:19:22.982 [AMR-01] STATE_TRANSITION MOVING -> EMERGENCY_STOP (intent=STOP)
05:19:22.983 [AMR-01] SAFETY_STOP min_obstacle_distance=1.05m <= 1.2m
05:19:23.084 [AMR-01] STATE_TRANSITION EMERGENCY_STOP -> MOVING (intent=MOVE)
05:19:23.186 [AMR-01] STATE_TRANSITION MOVING -> EMERGENCY_STOP (intent=STOP)
05:19:23.186 [AMR-01] SAFETY_STOP min_obstacle_distance=1.10m <= 1.2m
05:19:23.288 [AMR-01] STATE_TRANSITION EMERGENCY_STOP -> MOVING (intent=MOVE)
05:19:23.389 [AMR-01] STATE_TRANSITION MOVING -> EMERGENCY_STOP (intent=STOP)
05:19:23.389 [AMR-01] SAFETY_STOP min_obstacle_distance=1.07m <= 1.2m
05:19:23.491 [AMR-01] STATE_TRANSITION EMERGENCY_STOP -> MOVING (intent=MOVE)
05:19:23.592 [AMR-01] STATE_TRANSITION MOVING -> EMERGENCY_STOP (intent=STOP)
05:19:23.592 [AMR-01] SAFETY_STOP min_obstacle_distance=1.00m <= 1.2m
05:19:23.693 [AMR-01] STATE_TRANSITION EMERGENCY_STOP -> MOVING (intent=MOVE)
05:19:23.794 [AMR-01] STATE_TRANSITION MOVING -> EMERGENCY_STOP (intent=STOP)
05:19:23.794 [AMR-01] SAFETY_STOP min_obstacle_distance=1.01m <= 1.2m
05:19:23.895 [AMR-01] STATE_TRANSITION EMERGENCY_STOP -> MOVING (intent=MOVE)
05:19:23.996 [AMR-01] STATE_TRANSITION MOVING -> EMERGENCY_STOP (intent=STOP)
05:19:23.996 [AMR-01] SAFETY_STOP min_obstacle_distance=1.04m <= 1.2m
05:19:24.097 [AMR-01] STATE_TRANSITION EMERGENCY_STOP -> MOVING (intent=MOVE)
05:19:24.199 [AMR-01] STATE_TRANSITION MOVING -> EMERGENCY_STOP (intent=STOP)
05:19:24.200 [AMR-01] SAFETY_STOP min_obstacle_distance=1.10m <= 1.2m
05:19:24.300 [AMR-01] STATE_TRANSITION EMERGENCY_STOP -> MOVING (intent=MOVE)
05:19:24.402 [AMR-01] STATE_TRANSITION MOVING -> EMERGENCY_STOP (intent=STOP)
05:19:24.402 [AMR-01] SAFETY_STOP min_obstacle_distance=1.07m <= 1.2m
05:19:24.503 [AMR-01] STATE_TRANSITION EMERGENCY_STOP -> MOVING (intent=MOVE)
05:19:24.602 [AMR-01] STATE_TRANSITION MOVING -> EMERGENCY_STOP (intent=STOP)
05:19:24.602 [AMR-01] SAFETY_STOP min_obstacle_distance=1.00m <= 1.2m
05:19:24.704 [AMR-01] STATE_TRANSITION EMERGENCY_STOP -> MOVING (intent=MOVE)
05:19:24.805 [AMR-01] STATE_TRANSITION MOVING -> EMERGENCY_STOP (intent=STOP)
05:19:24.805 [AMR-01] SAFETY_STOP min_obstacle_distance=1.01m <= 1.2m
05:19:24.907 [AMR-01] STATE_TRANSITION EMERGENCY_STOP -> MOVING (intent=MOVE)
05:19:25.009 [AMR-01] STATE_TRANSITION MOVING -> EMERGENCY_STOP (intent=STOP)
05:19:25.009 [AMR-01] SAFETY_STOP min_obstacle_distance=1.05m <= 1.2m
05:19:25.111 [AMR-01] STATE_TRANSITION EMERGENCY_STOP -> MOVING (intent=MOVE)
05:19:25.213 [AMR-01] STATE_TRANSITION MOVING -> EMERGENCY_STOP (intent=STOP)
05:19:25.213 [AMR-01] SAFETY_STOP min_obstacle_distance=1.10m <= 1.2m
05:19:25.315 [AMR-01] STATE_TRANSITION EMERGENCY_STOP -> MOVING (intent=MOVE)
05:19:25.416 [AMR-01] STATE_TRANSITION MOVING -> EMERGENCY_STOP (intent=STOP)
05:19:25.416 [AMR-01] SAFETY_STOP min_obstacle_distance=1.07m <= 1.2m
05:19:25.516 [AMR-01] STATE_TRANSITION EMERGENCY_STOP -> MOVING (intent=MOVE)
05:19:25.618 [AMR-01] STATE_TRANSITION MOVING -> EMERGENCY_STOP (intent=STOP)
05:19:25.618 [AMR-01] SAFETY_STOP min_obstacle_distance=1.01m <= 1.2m
05:19:25.720 [AMR-01] STATE_TRANSITION EMERGENCY_STOP -> MOVING (intent=MOVE)
05:19:25.821 [AMR-01] STATE_TRANSITION MOVING -> EMERGENCY_STOP (intent=STOP)
05:19:25.821 [AMR-01] SAFETY_STOP min_obstacle_distance=1.04m <= 1.2m
05:19:25.924 [AMR-01] STATE_TRANSITION EMERGENCY_STOP -> MOVING (intent=MOVE)
05:19:26.024 [AMR-01] STATE_TRANSITION MOVING -> EMERGENCY_STOP (intent=STOP)
05:19:26.024 [AMR-01] SAFETY_STOP min_obstacle_distance=1.10m <= 1.2m
05:19:26.126 [AMR-01] STATE_TRANSITION EMERGENCY_STOP -> MOVING (intent=MOVE)
05:19:26.227 [AMR-01] STATE_TRANSITION MOVING -> EMERGENCY_STOP (intent=STOP)
05:19:26.228 [AMR-01] SAFETY_STOP min_obstacle_distance=1.07m <= 1.2m
05:19:26.329 [AMR-01] STATE_TRANSITION EMERGENCY_STOP -> MOVING (intent=MOVE)
05:19:26.431 [AMR-01] STATE_TRANSITION MOVING -> EMERGENCY_STOP (intent=STOP)
05:19:26.431 [AMR-01] SAFETY_STOP min_obstacle_distance=1.03m <= 1.2m
05:19:26.534 [AMR-01] STATE_TRANSITION EMERGENCY_STOP -> MOVING (intent=MOVE)
05:19:26.632 [AMR-01] STATE_TRANSITION MOVING -> EMERGENCY_STOP (intent=STOP)
05:19:26.632 [AMR-01] SAFETY_STOP min_obstacle_distance=1.01m <= 1.2m
05:19:26.733 [AMR-01] STATE_TRANSITION EMERGENCY_STOP -> MOVING (intent=MOVE)
05:19:26.834 [AMR-01] STATE_TRANSITION MOVING -> EMERGENCY_STOP (intent=STOP)
05:19:26.834 [AMR-01] SAFETY_STOP min_obstacle_distance=1.04m <= 1.2m
05:19:26.936 [AMR-01] STATE_TRANSITION EMERGENCY_STOP -> MOVING (intent=MOVE)
05:19:27.038 [AMR-01] STATE_TRANSITION MOVING -> EMERGENCY_STOP (intent=STOP)
05:19:27.038 [AMR-01] SAFETY_STOP min_obstacle_distance=1.10m <= 1.2m
05:19:27.139 [AMR-01] STATE_TRANSITION EMERGENCY_STOP -> MOVING (intent=MOVE)
05:19:27.241 [AMR-01] STATE_TRANSITION MOVING -> EMERGENCY_STOP (intent=STOP)
05:19:27.241 [AMR-01] SAFETY_STOP min_obstacle_distance=1.07m <= 1.2m
05:19:27.342 [AMR-01] STATE_TRANSITION EMERGENCY_STOP -> MOVING (intent=MOVE)
05:19:27.443 [AMR-01] STATE_TRANSITION MOVING -> EMERGENCY_STOP (intent=STOP)
05:19:27.443 [AMR-01] SAFETY_STOP min_obstacle_distance=1.03m <= 1.2m
05:19:27.544 [AMR-01] STATE_TRANSITION EMERGENCY_STOP -> MOVING (intent=MOVE)
05:19:27.645 [AMR-01] STATE_TRANSITION MOVING -> EMERGENCY_STOP (intent=STOP)
05:19:27.645 [AMR-01] SAFETY_STOP min_obstacle_distance=1.01m <= 1.2m
05:19:27.746 [AMR-01] STATE_TRANSITION EMERGENCY_STOP -> MOVING (intent=MOVE)
05:19:27.846 [AMR-01] STATE_TRANSITION MOVING -> EMERGENCY_STOP (intent=STOP)
05:19:27.847 [AMR-01] SAFETY_STOP min_obstacle_distance=1.04m <= 1.2m
05:19:27.947 [AMR-01] STATE_TRANSITION EMERGENCY_STOP -> MOVING (intent=MOVE)
05:19:28.049 [AMR-01] STATE_TRANSITION MOVING -> EMERGENCY_STOP (intent=STOP)
05:19:28.049 [AMR-01] SAFETY_STOP min_obstacle_distance=1.10m <= 1.2m
05:19:28.150 [AMR-01] STATE_TRANSITION EMERGENCY_STOP -> MOVING (intent=MOVE)
05:19:28.251 [AMR-01] STATE_TRANSITION MOVING -> EMERGENCY_STOP (intent=STOP)
05:19:28.251 [AMR-01] SAFETY_STOP min_obstacle_distance=1.07m <= 1.2m
05:19:28.352 [AMR-01] STATE_TRANSITION EMERGENCY_STOP -> MOVING (intent=MOVE)
05:19:28.453 [AMR-01] STATE_TRANSITION MOVING -> EMERGENCY_STOP (intent=STOP)
05:19:28.453 [AMR-01] SAFETY_STOP min_obstacle_distance=1.03m <= 1.2m
05:19:28.554 [AMR-01] STATE_TRANSITION EMERGENCY_STOP -> MOVING (intent=MOVE)
05:19:28.655 [AMR-01] STATE_TRANSITION MOVING -> EMERGENCY_STOP (intent=STOP)
05:19:28.655 [AMR-01] SAFETY_STOP min_obstacle_distance=1.01m <= 1.2m
05:19:28.757 [AMR-01] STATE_TRANSITION EMERGENCY_STOP -> MOVING (intent=MOVE)
05:19:28.857 [AMR-01] STATE_TRANSITION MOVING -> EMERGENCY_STOP (intent=STOP)
05:19:28.857 [AMR-01] SAFETY_STOP min_obstacle_distance=1.04m <= 1.2m
05:19:28.958 [AMR-01] STATE_TRANSITION EMERGENCY_STOP -> MOVING (intent=MOVE)
05:19:29.059 [AMR-01] STATE_TRANSITION MOVING -> EMERGENCY_STOP (intent=STOP)
05:19:29.059 [AMR-01] SAFETY_STOP min_obstacle_distance=1.10m <= 1.2m
05:19:29.160 [AMR-01] STATE_TRANSITION EMERGENCY_STOP -> MOVING (intent=MOVE)
05:19:29.261 [AMR-01] STATE_TRANSITION MOVING -> EMERGENCY_STOP (intent=STOP)
05:19:29.261 [AMR-01] SAFETY_STOP min_obstacle_distance=1.07m <= 1.2m
05:19:29.363 [AMR-01] STATE_TRANSITION EMERGENCY_STOP -> MOVING (intent=MOVE)
05:19:29.464 [AMR-01] STATE_TRANSITION MOVING -> EMERGENCY_STOP (intent=STOP)
05:19:29.464 [AMR-01] SAFETY_STOP min_obstacle_distance=1.03m <= 1.2m
05:19:29.564 [AMR-01] STATE_TRANSITION EMERGENCY_STOP -> MOVING (intent=MOVE)
05:19:29.665 [AMR-01] STATE_TRANSITION MOVING -> EMERGENCY_STOP (intent=STOP)
05:19:29.665 [AMR-01] SAFETY_STOP min_obstacle_distance=1.01m <= 1.2m
05:19:29.766 [AMR-01] STATE_TRANSITION EMERGENCY_STOP -> MOVING (intent=MOVE)
05:19:29.868 [AMR-01] STATE_TRANSITION MOVING -> EMERGENCY_STOP (intent=STOP)
05:19:29.868 [AMR-01] SAFETY_STOP min_obstacle_distance=1.04m <= 1.2m
05:19:29.969 [AMR-01] STATE_TRANSITION EMERGENCY_STOP -> MOVING (intent=MOVE)
05:19:30.071 [AMR-01] STATE_TRANSITION MOVING -> EMERGENCY_STOP (intent=STOP)
05:19:30.071 [AMR-01] SAFETY_STOP min_obstacle_distance=1.10m <= 1.2m
05:19:30.173 [AMR-01] STATE_TRANSITION EMERGENCY_STOP -> MOVING (intent=MOVE)
05:19:30.275 [AMR-01] STATE_TRANSITION MOVING -> EMERGENCY_STOP (intent=STOP)
05:19:30.275 [AMR-01] SAFETY_STOP min_obstacle_distance=1.07m <= 1.2m
05:19:30.376 [AMR-01] STATE_TRANSITION EMERGENCY_STOP -> MOVING (intent=MOVE)
05:19:30.477 [AMR-01] STATE_TRANSITION MOVING -> EMERGENCY_STOP (intent=STOP)
05:19:30.477 [AMR-01] SAFETY_STOP min_obstacle_distance=1.03m <= 1.2m
05:19:30.578 [AMR-01] STATE_TRANSITION EMERGENCY_STOP -> MOVING (intent=MOVE)
05:19:30.679 [AMR-01] STATE_TRANSITION MOVING -> EMERGENCY_STOP (intent=STOP)
05:19:30.679 [AMR-01] SAFETY_STOP min_obstacle_distance=1.01m <= 1.2m
05:19:30.780 [AMR-01] STATE_TRANSITION EMERGENCY_STOP -> MOVING (intent=MOVE)
05:19:30.881 [AMR-01] STATE_TRANSITION MOVING -> EMERGENCY_STOP (intent=STOP)
05:19:30.881 [AMR-01] SAFETY_STOP min_obstacle_distance=1.04m <= 1.2m
05:19:30.983 [AMR-01] STATE_TRANSITION EMERGENCY_STOP -> MOVING (intent=MOVE)
05:19:31.084 [AMR-01] STATE_TRANSITION MOVING -> EMERGENCY_STOP (intent=STOP)
05:19:31.084 [AMR-01] SAFETY_STOP min_obstacle_distance=1.10m <= 1.2m
05:19:31.185 [AMR-01] STATE_TRANSITION EMERGENCY_STOP -> MOVING (intent=MOVE)
05:19:31.286 [AMR-01] STATE_TRANSITION MOVING -> EMERGENCY_STOP (intent=STOP)
05:19:31.286 [AMR-01] SAFETY_STOP min_obstacle_distance=1.07m <= 1.2m
05:19:31.387 [AMR-01] STATE_TRANSITION EMERGENCY_STOP -> MOVING (intent=MOVE)
05:19:31.489 [AMR-01] STATE_TRANSITION MOVING -> EMERGENCY_STOP (intent=STOP)
05:19:31.490 [AMR-01] SAFETY_STOP min_obstacle_distance=1.03m <= 1.2m
05:19:31.589 [AMR-01] STATE_TRANSITION EMERGENCY_STOP -> MOVING (intent=MOVE)
05:19:31.690 [AMR-01] STATE_TRANSITION MOVING -> EMERGENCY_STOP (intent=STOP)
05:19:31.690 [AMR-01] SAFETY_STOP min_obstacle_distance=1.01m <= 1.2m
05:19:31.792 [AMR-01] STATE_TRANSITION EMERGENCY_STOP -> MOVING (intent=MOVE)
05:19:31.893 [AMR-01] STATE_TRANSITION MOVING -> EMERGENCY_STOP (intent=STOP)
05:19:31.893 [AMR-01] SAFETY_STOP min_obstacle_distance=1.04m <= 1.2m
05:19:31.995 [AMR-01] STATE_TRANSITION EMERGENCY_STOP -> MOVING (intent=MOVE)
05:19:32.096 [AMR-01] STATE_TRANSITION MOVING -> EMERGENCY_STOP (intent=STOP)
05:19:32.096 [AMR-01] SAFETY_STOP min_obstacle_distance=1.10m <= 1.2m
05:19:32.198 [AMR-01] STATE_TRANSITION EMERGENCY_STOP -> MOVING (intent=MOVE)
05:19:32.299 [AMR-01] STATE_TRANSITION MOVING -> EMERGENCY_STOP (intent=STOP)
05:19:32.300 [AMR-01] SAFETY_STOP min_obstacle_distance=1.07m <= 1.2m
05:19:32.401 [AMR-01] STATE_TRANSITION EMERGENCY_STOP -> MOVING (intent=MOVE)
05:19:32.503 [AMR-01] STATE_TRANSITION MOVING -> EMERGENCY_STOP (intent=STOP)
05:19:32.503 [AMR-01] SAFETY_STOP min_obstacle_distance=1.03m <= 1.2m
05:19:32.603 [AMR-01] STATE_TRANSITION EMERGENCY_STOP -> MOVING (intent=MOVE)
05:19:32.704 [AMR-01] STATE_TRANSITION MOVING -> EMERGENCY_STOP (intent=STOP)
05:19:32.704 [AMR-01] SAFETY_STOP min_obstacle_distance=1.01m <= 1.2m
05:19:32.805 [AMR-01] STATE_TRANSITION EMERGENCY_STOP -> MOVING (intent=MOVE)
05:19:32.906 [AMR-01] STATE_TRANSITION MOVING -> EMERGENCY_STOP (intent=STOP)
05:19:32.906 [AMR-01] SAFETY_STOP min_obstacle_distance=1.04m <= 1.2m
05:19:33.007 [AMR-01] STATE_TRANSITION EMERGENCY_STOP -> MOVING (intent=MOVE)
05:19:33.109 [AMR-01] STATE_TRANSITION MOVING -> EMERGENCY_STOP (intent=STOP)
05:19:33.109 [AMR-01] SAFETY_STOP min_obstacle_distance=1.10m <= 1.2m
05:19:33.211 [AMR-01] STATE_TRANSITION EMERGENCY_STOP -> MOVING (intent=MOVE)
05:19:33.313 [AMR-01] STATE_TRANSITION MOVING -> EMERGENCY_STOP (intent=STOP)
05:19:33.313 [AMR-01] SAFETY_STOP min_obstacle_distance=1.07m <= 1.2m
05:19:33.416 [AMR-01] STATE_TRANSITION EMERGENCY_STOP -> MOVING (intent=MOVE)
05:19:33.515 [AMR-01] STATE_TRANSITION MOVING -> EMERGENCY_STOP (intent=STOP)
05:19:33.515 [AMR-01] SAFETY_STOP min_obstacle_distance=1.00m <= 1.2m
05:19:33.616 [AMR-01] STATE_TRANSITION EMERGENCY_STOP -> MOVING (intent=MOVE)
05:19:33.718 [AMR-01] STATE_TRANSITION MOVING -> EMERGENCY_STOP (intent=STOP)
05:19:33.718 [AMR-01] SAFETY_STOP min_obstacle_distance=1.01m <= 1.2m
05:19:33.819 [AMR-01] STATE_TRANSITION EMERGENCY_STOP -> MOVING (intent=MOVE)
05:19:33.921 [AMR-01] STATE_TRANSITION MOVING -> EMERGENCY_STOP (intent=STOP)
05:19:33.922 [AMR-01] SAFETY_STOP min_obstacle_distance=1.05m <= 1.2m
05:19:34.022 [AMR-01] STATE_TRANSITION EMERGENCY_STOP -> MOVING (intent=MOVE)
05:19:34.124 [AMR-01] STATE_TRANSITION MOVING -> EMERGENCY_STOP (intent=STOP)
05:19:34.124 [AMR-01] SAFETY_STOP min_obstacle_distance=1.10m <= 1.2m
05:19:34.223 [AMR-01] STATE_TRANSITION EMERGENCY_STOP -> MOVING (intent=MOVE)
05:19:34.323 [AMR-01] STATE_TRANSITION MOVING -> EMERGENCY_STOP (intent=STOP)
05:19:34.323 [AMR-01] SAFETY_STOP min_obstacle_distance=1.07m <= 1.2m
05:19:34.424 [AMR-01] STATE_TRANSITION EMERGENCY_STOP -> MOVING (intent=MOVE)
05:19:34.525 [AMR-01] STATE_TRANSITION MOVING -> EMERGENCY_STOP (intent=STOP)
05:19:34.525 [AMR-01] SAFETY_STOP min_obstacle_distance=1.00m <= 1.2m
05:19:34.626 [AMR-01] STATE_TRANSITION EMERGENCY_STOP -> MOVING (intent=MOVE)
05:19:34.727 [AMR-01] STATE_TRANSITION MOVING -> EMERGENCY_STOP (intent=STOP)
05:19:34.727 [AMR-01] SAFETY_STOP min_obstacle_distance=1.01m <= 1.2m
05:19:34.828 [AMR-01] STATE_TRANSITION EMERGENCY_STOP -> MOVING (intent=MOVE)
05:19:34.928 [AMR-01] STATE_TRANSITION MOVING -> EMERGENCY_STOP (intent=STOP)
05:19:34.928 [AMR-01] SAFETY_STOP min_obstacle_distance=1.04m <= 1.2m
05:19:35.029 [AMR-01] STATE_TRANSITION EMERGENCY_STOP -> MOVING (intent=MOVE)
05:19:35.129 [AMR-01] STATE_TRANSITION MOVING -> EMERGENCY_STOP (intent=STOP)
05:19:35.129 [AMR-01] SAFETY_STOP min_obstacle_distance=1.10m <= 1.2m
05:19:35.230 [AMR-01] STATE_TRANSITION EMERGENCY_STOP -> MOVING (intent=MOVE)
05:19:35.330 [AMR-01] STATE_TRANSITION MOVING -> EMERGENCY_STOP (intent=STOP)
05:19:35.330 [AMR-01] SAFETY_STOP min_obstacle_distance=1.08m <= 1.2m
05:19:35.430 [AMR-01] STATE_TRANSITION EMERGENCY_STOP -> MOVING (intent=MOVE)
05:19:35.531 [AMR-01] STATE_TRANSITION MOVING -> EMERGENCY_STOP (intent=STOP)
05:19:35.532 [AMR-01] SAFETY_STOP min_obstacle_distance=1.00m <= 1.2m
05:19:35.632 [AMR-01] STATE_TRANSITION EMERGENCY_STOP -> MOVING (intent=MOVE)
05:19:35.732 [AMR-01] STATE_TRANSITION MOVING -> EMERGENCY_STOP (intent=STOP)
05:19:35.732 [AMR-01] SAFETY_STOP min_obstacle_distance=1.01m <= 1.2m
05:19:35.834 [AMR-01] STATE_TRANSITION EMERGENCY_STOP -> MOVING (intent=MOVE)
05:19:35.935 [AMR-01] STATE_TRANSITION MOVING -> EMERGENCY_STOP (intent=STOP)
05:19:35.936 [AMR-01] SAFETY_STOP min_obstacle_distance=1.04m <= 1.2m
05:19:36.038 [AMR-01] STATE_TRANSITION EMERGENCY_STOP -> MOVING (intent=MOVE)
05:19:36.138 [AMR-01] STATE_TRANSITION MOVING -> EMERGENCY_STOP (intent=STOP)
05:19:36.138 [AMR-01] SAFETY_STOP min_obstacle_distance=1.10m <= 1.2m
05:19:36.239 [AMR-01] STATE_TRANSITION EMERGENCY_STOP -> MOVING (intent=MOVE)
05:19:36.340 [AMR-01] STATE_TRANSITION MOVING -> EMERGENCY_STOP (intent=STOP)
05:19:36.340 [AMR-01] SAFETY_STOP min_obstacle_distance=1.07m <= 1.2m
05:19:36.440 [AMR-01] STATE_TRANSITION EMERGENCY_STOP -> MOVING (intent=MOVE)
05:19:36.540 [AMR-01] STATE_TRANSITION MOVING -> EMERGENCY_STOP (intent=STOP)
05:19:36.540 [AMR-01] SAFETY_STOP min_obstacle_distance=1.00m <= 1.2m
05:19:36.642 [AMR-01] STATE_TRANSITION EMERGENCY_STOP -> MOVING (intent=MOVE)
05:19:36.745 [AMR-01] STATE_TRANSITION MOVING -> EMERGENCY_STOP (intent=STOP)
05:19:36.745 [AMR-01] SAFETY_STOP min_obstacle_distance=1.01m <= 1.2m
05:19:36.846 [AMR-01] STATE_TRANSITION EMERGENCY_STOP -> MOVING (intent=MOVE)
05:19:36.946 [AMR-01] STATE_TRANSITION MOVING -> EMERGENCY_STOP (intent=STOP)
05:19:36.947 [AMR-01] SAFETY_STOP min_obstacle_distance=1.04m <= 1.2m
05:19:37.048 [AMR-01] STATE_TRANSITION EMERGENCY_STOP -> MOVING (intent=MOVE)
05:19:37.149 [AMR-01] STATE_TRANSITION MOVING -> EMERGENCY_STOP (intent=STOP)
05:19:37.149 [AMR-01] SAFETY_STOP min_obstacle_distance=1.10m <= 1.2m
05:19:37.249 [AMR-01] STATE_TRANSITION EMERGENCY_STOP -> MOVING (intent=MOVE)
05:19:37.349 [AMR-01] STATE_TRANSITION MOVING -> EMERGENCY_STOP (intent=STOP)
05:19:37.349 [AMR-01] SAFETY_STOP min_obstacle_distance=1.08m <= 1.2m
05:19:37.449 [AMR-01] STATE_TRANSITION EMERGENCY_STOP -> MOVING (intent=MOVE)
05:19:37.549 [AMR-01] STATE_TRANSITION MOVING -> EMERGENCY_STOP (intent=STOP)
05:19:37.549 [AMR-01] SAFETY_STOP min_obstacle_distance=1.00m <= 1.2m
05:19:37.650 [AMR-01] STATE_TRANSITION EMERGENCY_STOP -> MOVING (intent=MOVE)
05:19:37.750 [AMR-01] STATE_TRANSITION MOVING -> EMERGENCY_STOP (intent=STOP)
05:19:37.750 [AMR-01] SAFETY_STOP min_obstacle_distance=1.01m <= 1.2m
05:19:37.850 [AMR-01] STATE_TRANSITION EMERGENCY_STOP -> MOVING (intent=MOVE)
05:19:37.951 [AMR-01] STATE_TRANSITION MOVING -> EMERGENCY_STOP (intent=STOP)
05:19:37.951 [AMR-01] SAFETY_STOP min_obstacle_distance=1.04m <= 1.2m
05:19:38.051 [AMR-01] STATE_TRANSITION EMERGENCY_STOP -> MOVING (intent=MOVE)
05:19:38.152 [AMR-01] STATE_TRANSITION MOVING -> EMERGENCY_STOP (intent=STOP)
05:19:38.152 [AMR-01] SAFETY_STOP min_obstacle_distance=1.10m <= 1.2m
05:19:38.252 [AMR-01] STATE_TRANSITION EMERGENCY_STOP -> MOVING (intent=MOVE)
05:19:38.353 [AMR-01] STATE_TRANSITION MOVING -> EMERGENCY_STOP (intent=STOP)
05:19:38.353 [AMR-01] SAFETY_STOP min_obstacle_distance=1.08m <= 1.2m
05:19:38.454 [AMR-01] STATE_TRANSITION EMERGENCY_STOP -> MOVING (intent=MOVE)
05:19:38.554 [AMR-01] STATE_TRANSITION MOVING -> EMERGENCY_STOP (intent=STOP)
05:19:38.554 [AMR-01] SAFETY_STOP min_obstacle_distance=1.00m <= 1.2m
05:19:38.655 [AMR-01] STATE_TRANSITION EMERGENCY_STOP -> MOVING (intent=MOVE)
05:19:38.755 [AMR-01] STATE_TRANSITION MOVING -> EMERGENCY_STOP (intent=STOP)
05:19:38.755 [AMR-01] SAFETY_STOP min_obstacle_distance=1.01m <= 1.2m
05:19:38.856 [AMR-01] STATE_TRANSITION EMERGENCY_STOP -> MOVING (intent=MOVE)
05:19:38.956 [AMR-01] STATE_TRANSITION MOVING -> EMERGENCY_STOP (intent=STOP)
05:19:38.956 [AMR-01] SAFETY_STOP min_obstacle_distance=1.04m <= 1.2m
05:19:39.057 [AMR-01] STATE_TRANSITION EMERGENCY_STOP -> MOVING (intent=MOVE)
05:19:39.158 [AMR-01] STATE_TRANSITION MOVING -> EMERGENCY_STOP (intent=STOP)
05:19:39.158 [AMR-01] SAFETY_STOP min_obstacle_distance=1.10m <= 1.2m
05:19:39.259 [AMR-01] STATE_TRANSITION EMERGENCY_STOP -> MOVING (intent=MOVE)
05:19:39.360 [AMR-01] STATE_TRANSITION MOVING -> EMERGENCY_STOP (intent=STOP)
05:19:39.360 [AMR-01] SAFETY_STOP min_obstacle_distance=1.17m <= 1.2m
05:19:39.461 [AMR-01] STATE_TRANSITION EMERGENCY_STOP -> MOVING (intent=MOVE)
05:19:39.561 [AMR-01] STATE_TRANSITION MOVING -> EMERGENCY_STOP (intent=STOP)
05:19:39.561 [AMR-01] SAFETY_STOP min_obstacle_distance=1.00m <= 1.2m
05:19:39.662 [AMR-01] STATE_TRANSITION EMERGENCY_STOP -> MOVING (intent=MOVE)
05:19:39.763 [AMR-01] STATE_TRANSITION MOVING -> EMERGENCY_STOP (intent=STOP)
05:19:39.763 [AMR-01] SAFETY_STOP min_obstacle_distance=1.01m <= 1.2m
05:19:39.864 [AMR-01] STATE_TRANSITION EMERGENCY_STOP -> MOVING (intent=MOVE)
05:19:39.965 [AMR-01] STATE_TRANSITION MOVING -> EMERGENCY_STOP (intent=STOP)
05:19:39.965 [AMR-01] SAFETY_STOP min_obstacle_distance=1.04m <= 1.2m
05:19:40.066 [AMR-01] STATE_TRANSITION EMERGENCY_STOP -> MOVING (intent=MOVE)
05:19:40.167 [AMR-01] STATE_TRANSITION MOVING -> EMERGENCY_STOP (intent=STOP)
05:19:40.168 [AMR-01] SAFETY_STOP min_obstacle_distance=1.10m <= 1.2m
05:19:40.269 [AMR-01] STATE_TRANSITION EMERGENCY_STOP -> MOVING (intent=MOVE)
05:19:40.370 [AMR-01] STATE_TRANSITION MOVING -> EMERGENCY_STOP (intent=STOP)
05:19:40.370 [AMR-01] SAFETY_STOP min_obstacle_distance=1.17m <= 1.2m
05:19:40.471 [AMR-01] STATE_TRANSITION EMERGENCY_STOP -> MOVING (intent=MOVE)
05:19:40.571 [AMR-01] STATE_TRANSITION MOVING -> EMERGENCY_STOP (intent=STOP)
05:19:40.571 [AMR-01] SAFETY_STOP min_obstacle_distance=1.00m <= 1.2m
05:19:40.672 [AMR-01] STATE_TRANSITION EMERGENCY_STOP -> MOVING (intent=MOVE)
05:19:40.773 [AMR-01] STATE_TRANSITION MOVING -> EMERGENCY_STOP (intent=STOP)
05:19:40.773 [AMR-01] SAFETY_STOP min_obstacle_distance=1.01m <= 1.2m
05:19:40.873 [AMR-01] STATE_TRANSITION EMERGENCY_STOP -> MOVING (intent=MOVE)
05:19:40.975 [AMR-01] STATE_TRANSITION MOVING -> EMERGENCY_STOP (intent=STOP)
05:19:40.975 [AMR-01] SAFETY_STOP min_obstacle_distance=1.04m <= 1.2m
05:19:41.077 [AMR-01] STATE_TRANSITION EMERGENCY_STOP -> MOVING (intent=MOVE)
05:19:41.178 [AMR-01] STATE_TRANSITION MOVING -> EMERGENCY_STOP (intent=STOP)
05:19:41.178 [AMR-01] SAFETY_STOP min_obstacle_distance=1.10m <= 1.2m
05:19:41.280 [AMR-01] STATE_TRANSITION EMERGENCY_STOP -> MOVING (intent=MOVE)
05:19:41.381 [AMR-01] STATE_TRANSITION MOVING -> EMERGENCY_STOP (intent=STOP)
05:19:41.381 [AMR-01] SAFETY_STOP min_obstacle_distance=1.17m <= 1.2m
05:19:41.482 [AMR-01] STATE_TRANSITION EMERGENCY_STOP -> MOVING (intent=MOVE)
05:19:41.583 [AMR-01] STATE_TRANSITION MOVING -> EMERGENCY_STOP (intent=STOP)
05:19:41.583 [AMR-01] SAFETY_STOP min_obstacle_distance=1.00m <= 1.2m
05:19:41.684 [AMR-01] STATE_TRANSITION EMERGENCY_STOP -> MOVING (intent=MOVE)
05:19:41.785 [AMR-01] STATE_TRANSITION MOVING -> EMERGENCY_STOP (intent=STOP)
05:19:41.785 [AMR-01] SAFETY_STOP min_obstacle_distance=1.01m <= 1.2m
05:19:41.887 [AMR-01] STATE_TRANSITION EMERGENCY_STOP -> MOVING (intent=MOVE)
05:19:41.988 [AMR-01] STATE_TRANSITION MOVING -> EMERGENCY_STOP (intent=STOP)
05:19:41.988 [AMR-01] SAFETY_STOP min_obstacle_distance=1.04m <= 1.2m
05:19:42.090 [AMR-01] STATE_TRANSITION EMERGENCY_STOP -> MOVING (intent=MOVE)
05:19:42.190 [AMR-01] STATE_TRANSITION MOVING -> EMERGENCY_STOP (intent=STOP)
05:19:42.190 [AMR-01] SAFETY_STOP min_obstacle_distance=1.10m <= 1.2m
05:19:42.292 [AMR-01] STATE_TRANSITION EMERGENCY_STOP -> MOVING (intent=MOVE)
05:19:42.394 [AMR-01] STATE_TRANSITION MOVING -> EMERGENCY_STOP (intent=STOP)
05:19:42.395 [AMR-01] SAFETY_STOP min_obstacle_distance=1.17m <= 1.2m
05:19:42.495 [AMR-01] STATE_TRANSITION EMERGENCY_STOP -> MOVING (intent=MOVE)
05:19:42.595 [AMR-01] STATE_TRANSITION MOVING -> EMERGENCY_STOP (intent=STOP)
05:19:42.595 [AMR-01] SAFETY_STOP min_obstacle_distance=1.00m <= 1.2m
05:19:42.696 [AMR-01] STATE_TRANSITION EMERGENCY_STOP -> MOVING (intent=MOVE)
05:19:42.797 [AMR-01] STATE_TRANSITION MOVING -> EMERGENCY_STOP (intent=STOP)
05:19:42.797 [AMR-01] SAFETY_STOP min_obstacle_distance=1.01m <= 1.2m
05:19:42.898 [AMR-01] STATE_TRANSITION EMERGENCY_STOP -> MOVING (intent=MOVE)
05:19:43.000 [AMR-01] STATE_TRANSITION MOVING -> EMERGENCY_STOP (intent=STOP)
05:19:43.000 [AMR-01] SAFETY_STOP min_obstacle_distance=1.04m <= 1.2m
05:19:43.102 [AMR-01] STATE_TRANSITION EMERGENCY_STOP -> MOVING (intent=MOVE)
05:19:43.203 [AMR-01] STATE_TRANSITION MOVING -> EMERGENCY_STOP (intent=STOP)
05:19:43.203 [AMR-01] SAFETY_STOP min_obstacle_distance=1.10m <= 1.2m
05:19:43.305 [AMR-01] STATE_TRANSITION EMERGENCY_STOP -> MOVING (intent=MOVE)
05:19:43.406 [AMR-01] STATE_TRANSITION MOVING -> EMERGENCY_STOP (intent=STOP)
05:19:43.406 [AMR-01] SAFETY_STOP min_obstacle_distance=1.17m <= 1.2m
05:19:43.506 [AMR-01] STATE_TRANSITION EMERGENCY_STOP -> MOVING (intent=MOVE)
05:19:43.606 [AMR-01] STATE_TRANSITION MOVING -> EMERGENCY_STOP (intent=STOP)
05:19:43.606 [AMR-01] SAFETY_STOP min_obstacle_distance=1.01m <= 1.2m
05:19:43.708 [AMR-01] STATE_TRANSITION EMERGENCY_STOP -> MOVING (intent=MOVE)
05:19:43.809 [AMR-01] STATE_TRANSITION MOVING -> EMERGENCY_STOP (intent=STOP)
05:19:43.809 [AMR-01] SAFETY_STOP min_obstacle_distance=1.04m <= 1.2m
05:19:43.910 [AMR-01] STATE_TRANSITION EMERGENCY_STOP -> MOVING (intent=MOVE)
05:19:44.012 [AMR-01] STATE_TRANSITION MOVING -> EMERGENCY_STOP (intent=STOP)
05:19:44.012 [AMR-01] SAFETY_STOP min_obstacle_distance=1.10m <= 1.2m
05:19:44.114 [AMR-01] STATE_TRANSITION EMERGENCY_STOP -> MOVING (intent=MOVE)
05:19:44.215 [AMR-01] STATE_TRANSITION MOVING -> EMERGENCY_STOP (intent=STOP)
05:19:44.216 [AMR-01] SAFETY_STOP min_obstacle_distance=1.17m <= 1.2m
05:19:44.316 [AMR-01] STATE_TRANSITION EMERGENCY_STOP -> MOVING (intent=MOVE)
05:19:44.620 [AMR-01] STATE_TRANSITION MOVING -> EMERGENCY_STOP (intent=STOP)
05:19:44.620 [AMR-01] SAFETY_STOP min_obstacle_distance=1.00m <= 1.2m
05:19:44.721 [AMR-01] STATE_TRANSITION EMERGENCY_STOP -> MOVING (intent=MOVE)
05:19:44.823 [AMR-01] STATE_TRANSITION MOVING -> EMERGENCY_STOP (intent=STOP)
05:19:44.823 [AMR-01] SAFETY_STOP min_obstacle_distance=1.01m <= 1.2m
05:19:44.925 [AMR-01] STATE_TRANSITION EMERGENCY_STOP -> MOVING (intent=MOVE)
05:19:45.025 [AMR-01] STATE_TRANSITION MOVING -> EMERGENCY_STOP (intent=STOP)
05:19:45.025 [AMR-01] SAFETY_STOP min_obstacle_distance=1.05m <= 1.2m
05:19:45.128 [AMR-01] STATE_TRANSITION EMERGENCY_STOP -> MOVING (intent=MOVE)
05:19:45.229 [AMR-01] STATE_TRANSITION MOVING -> EMERGENCY_STOP (intent=STOP)
05:19:45.229 [AMR-01] SAFETY_STOP min_obstacle_distance=1.10m <= 1.2m
05:19:45.331 [AMR-01] STATE_TRANSITION EMERGENCY_STOP -> MOVING (intent=MOVE)
05:19:45.432 [AMR-01] STATE_TRANSITION MOVING -> EMERGENCY_STOP (intent=STOP)
05:19:45.432 [AMR-01] SAFETY_STOP min_obstacle_distance=1.17m <= 1.2m
05:19:45.534 [AMR-01] STATE_TRANSITION EMERGENCY_STOP -> MOVING (intent=MOVE)
05:19:45.837 [AMR-01] STATE_TRANSITION MOVING -> EMERGENCY_STOP (intent=STOP)
05:19:45.837 [AMR-01] SAFETY_STOP min_obstacle_distance=1.14m <= 1.2m
05:19:45.939 [AMR-01] STATE_TRANSITION EMERGENCY_STOP -> MOVING (intent=MOVE)
05:19:46.039 [AMR-01] STATE_TRANSITION MOVING -> EMERGENCY_STOP (intent=STOP)
05:19:46.039 [AMR-01] SAFETY_STOP min_obstacle_distance=1.07m <= 1.2m
05:19:46.142 [AMR-01] STATE_TRANSITION EMERGENCY_STOP -> MOVING (intent=MOVE)
05:19:46.242 [AMR-01] STATE_TRANSITION MOVING -> EMERGENCY_STOP (intent=STOP)
05:19:46.242 [AMR-01] SAFETY_STOP min_obstacle_distance=1.03m <= 1.2m
05:19:46.343 [AMR-01] STATE_TRANSITION EMERGENCY_STOP -> MOVING (intent=MOVE)
05:19:46.445 [AMR-01] STATE_TRANSITION MOVING -> EMERGENCY_STOP (intent=STOP)
05:19:46.445 [AMR-01] SAFETY_STOP min_obstacle_distance=1.00m <= 1.2m
05:19:46.544 [AMR-01] STATE_TRANSITION EMERGENCY_STOP -> MOVING (intent=MOVE)
05:19:46.849 [AMR-01] STATE_TRANSITION MOVING -> EMERGENCY_STOP (intent=STOP)
05:19:46.849 [AMR-01] SAFETY_STOP min_obstacle_distance=1.14m <= 1.2m
05:19:46.951 [AMR-01] STATE_TRANSITION EMERGENCY_STOP -> MOVING (intent=MOVE)
05:19:47.052 [AMR-01] STATE_TRANSITION MOVING -> EMERGENCY_STOP (intent=STOP)
05:19:47.052 [AMR-01] SAFETY_STOP min_obstacle_distance=1.07m <= 1.2m
05:19:47.154 [AMR-01] STATE_TRANSITION EMERGENCY_STOP -> MOVING (intent=MOVE)
05:19:47.255 [AMR-01] STATE_TRANSITION MOVING -> EMERGENCY_STOP (intent=STOP)
05:19:47.255 [AMR-01] SAFETY_STOP min_obstacle_distance=1.03m <= 1.2m
05:19:47.357 [AMR-01] STATE_TRANSITION EMERGENCY_STOP -> MOVING (intent=MOVE)
05:19:47.458 [AMR-01] STATE_TRANSITION MOVING -> EMERGENCY_STOP (intent=STOP)
05:19:47.458 [AMR-01] SAFETY_STOP min_obstacle_distance=1.00m <= 1.2m
05:19:47.558 [AMR-01] STATE_TRANSITION EMERGENCY_STOP -> MOVING (intent=MOVE)
05:19:47.861 [AMR-01] STATE_TRANSITION MOVING -> EMERGENCY_STOP (intent=STOP)
05:19:47.861 [AMR-01] SAFETY_STOP min_obstacle_distance=1.14m <= 1.2m
05:19:47.964 [AMR-01] STATE_TRANSITION EMERGENCY_STOP -> MOVING (intent=MOVE)
05:19:48.065 [AMR-01] STATE_TRANSITION MOVING -> EMERGENCY_STOP (intent=STOP)
05:19:48.065 [AMR-01] SAFETY_STOP min_obstacle_distance=1.07m <= 1.2m
05:19:48.165 [AMR-01] STATE_TRANSITION EMERGENCY_STOP -> MOVING (intent=MOVE)
05:19:48.266 [AMR-01] STATE_TRANSITION MOVING -> EMERGENCY_STOP (intent=STOP)
05:19:48.266 [AMR-01] SAFETY_STOP min_obstacle_distance=1.03m <= 1.2m
05:19:48.368 [AMR-01] STATE_TRANSITION EMERGENCY_STOP -> MOVING (intent=MOVE)
05:19:48.470 [AMR-01] STATE_TRANSITION MOVING -> EMERGENCY_STOP (intent=STOP)
05:19:48.470 [AMR-01] SAFETY_STOP min_obstacle_distance=1.00m <= 1.2m
05:19:48.570 [AMR-01] STATE_TRANSITION EMERGENCY_STOP -> MOVING (intent=MOVE)
05:19:48.873 [AMR-01] STATE_TRANSITION MOVING -> EMERGENCY_STOP (intent=STOP)
05:19:48.873 [AMR-01] SAFETY_STOP min_obstacle_distance=1.14m <= 1.2m
05:19:48.974 [AMR-01] STATE_TRANSITION EMERGENCY_STOP -> MOVING (intent=MOVE)
05:19:49.077 [AMR-01] STATE_TRANSITION MOVING -> EMERGENCY_STOP (intent=STOP)
05:19:49.077 [AMR-01] SAFETY_STOP min_obstacle_distance=1.07m <= 1.2m
05:19:49.178 [AMR-01] STATE_TRANSITION EMERGENCY_STOP -> MOVING (intent=MOVE)
05:19:49.279 [AMR-01] STATE_TRANSITION MOVING -> EMERGENCY_STOP (intent=STOP)
05:19:49.280 [AMR-01] SAFETY_STOP min_obstacle_distance=1.03m <= 1.2m
05:19:49.381 [AMR-01] STATE_TRANSITION EMERGENCY_STOP -> MOVING (intent=MOVE)
05:19:49.482 [AMR-01] STATE_TRANSITION MOVING -> EMERGENCY_STOP (intent=STOP)
05:19:49.482 [AMR-01] SAFETY_STOP min_obstacle_distance=1.00m <= 1.2m
05:19:49.583 [AMR-01] STATE_TRANSITION EMERGENCY_STOP -> MOVING (intent=MOVE)
05:19:49.886 [AMR-01] STATE_TRANSITION MOVING -> EMERGENCY_STOP (intent=STOP)
05:19:49.886 [AMR-01] SAFETY_STOP min_obstacle_distance=1.14m <= 1.2m
05:19:49.987 [AMR-01] STATE_TRANSITION EMERGENCY_STOP -> MOVING (intent=MOVE)
05:19:50.088 [AMR-01] STATE_TRANSITION MOVING -> EMERGENCY_STOP (intent=STOP)
05:19:50.088 [AMR-01] SAFETY_STOP min_obstacle_distance=1.07m <= 1.2m
05:19:50.190 [AMR-01] STATE_TRANSITION EMERGENCY_STOP -> MOVING (intent=MOVE)
05:19:50.291 [AMR-01] STATE_TRANSITION MOVING -> EMERGENCY_STOP (intent=STOP)
05:19:50.291 [AMR-01] SAFETY_STOP min_obstacle_distance=1.03m <= 1.2m
05:19:50.392 [AMR-01] STATE_TRANSITION EMERGENCY_STOP -> MOVING (intent=MOVE)
05:19:50.495 [AMR-01] STATE_TRANSITION MOVING -> EMERGENCY_STOP (intent=STOP)
05:19:50.495 [AMR-01] SAFETY_STOP min_obstacle_distance=1.00m <= 1.2m
05:19:50.595 [AMR-01] STATE_TRANSITION EMERGENCY_STOP -> MOVING (intent=MOVE)
05:19:50.898 [AMR-01] STATE_TRANSITION MOVING -> EMERGENCY_STOP (intent=STOP)
05:19:50.898 [AMR-01] SAFETY_STOP min_obstacle_distance=1.14m <= 1.2m
05:19:50.999 [AMR-01] STATE_TRANSITION EMERGENCY_STOP -> MOVING (intent=MOVE)
05:19:51.100 [AMR-01] STATE_TRANSITION MOVING -> EMERGENCY_STOP (intent=STOP)
05:19:51.101 [AMR-01] SAFETY_STOP min_obstacle_distance=1.07m <= 1.2m
05:19:51.202 [AMR-01] STATE_TRANSITION EMERGENCY_STOP -> MOVING (intent=MOVE)
05:19:51.303 [AMR-01] STATE_TRANSITION MOVING -> EMERGENCY_STOP (intent=STOP)
05:19:51.303 [AMR-01] SAFETY_STOP min_obstacle_distance=1.03m <= 1.2m
05:19:51.406 [AMR-01] STATE_TRANSITION EMERGENCY_STOP -> MOVING (intent=MOVE)
05:19:51.809 [AMR-01] STATE_TRANSITION MOVING -> EMERGENCY_STOP (intent=STOP)
05:19:51.810 [AMR-01] SAFETY_STOP min_obstacle_distance=1.14m <= 1.2m
05:19:51.910 [AMR-01] STATE_TRANSITION EMERGENCY_STOP -> MOVING (intent=MOVE)
05:19:52.011 [AMR-01] STATE_TRANSITION MOVING -> EMERGENCY_STOP (intent=STOP)
05:19:52.011 [AMR-01] SAFETY_STOP min_obstacle_distance=1.07m <= 1.2m
05:19:52.114 [AMR-01] STATE_TRANSITION EMERGENCY_STOP -> MOVING (intent=MOVE)
05:19:52.214 [AMR-01] STATE_TRANSITION MOVING -> EMERGENCY_STOP (intent=STOP)
05:19:52.214 [AMR-01] SAFETY_STOP min_obstacle_distance=1.03m <= 1.2m
05:19:52.315 [AMR-01] STATE_TRANSITION EMERGENCY_STOP -> MOVING (intent=MOVE)
05:19:52.417 [AMR-01] STATE_TRANSITION MOVING -> EMERGENCY_STOP (intent=STOP)
05:19:52.417 [AMR-01] SAFETY_STOP min_obstacle_distance=1.00m <= 1.2m
05:19:52.518 [AMR-01] STATE_TRANSITION EMERGENCY_STOP -> MOVING (intent=MOVE)
05:19:52.920 [AMR-01] STATE_TRANSITION MOVING -> EMERGENCY_STOP (intent=STOP)
05:19:52.920 [AMR-01] SAFETY_STOP min_obstacle_distance=1.14m <= 1.2m
05:19:53.021 [AMR-01] STATE_TRANSITION EMERGENCY_STOP -> MOVING (intent=MOVE)
05:19:53.122 [AMR-01] STATE_TRANSITION MOVING -> EMERGENCY_STOP (intent=STOP)
05:19:53.122 [AMR-01] SAFETY_STOP min_obstacle_distance=1.08m <= 1.2m
05:19:53.223 [AMR-01] STATE_TRANSITION EMERGENCY_STOP -> MOVING (intent=MOVE)
05:19:53.325 [AMR-01] STATE_TRANSITION MOVING -> EMERGENCY_STOP (intent=STOP)
05:19:53.325 [AMR-01] SAFETY_STOP min_obstacle_distance=1.03m <= 1.2m
05:19:53.427 [AMR-01] STATE_TRANSITION EMERGENCY_STOP -> MOVING (intent=MOVE)
05:19:53.831 [AMR-01] STATE_TRANSITION MOVING -> EMERGENCY_STOP (intent=STOP)
05:19:53.831 [AMR-01] SAFETY_STOP min_obstacle_distance=1.14m <= 1.2m
05:19:53.932 [AMR-01] STATE_TRANSITION EMERGENCY_STOP -> MOVING (intent=MOVE)
05:19:54.033 [AMR-01] STATE_TRANSITION MOVING -> EMERGENCY_STOP (intent=STOP)
05:19:54.033 [AMR-01] SAFETY_STOP min_obstacle_distance=1.07m <= 1.2m
05:19:54.135 [AMR-01] STATE_TRANSITION EMERGENCY_STOP -> MOVING (intent=MOVE)
05:19:54.236 [AMR-01] STATE_TRANSITION MOVING -> EMERGENCY_STOP (intent=STOP)
05:19:54.236 [AMR-01] SAFETY_STOP min_obstacle_distance=1.03m <= 1.2m
05:19:54.337 [AMR-01] STATE_TRANSITION EMERGENCY_STOP -> MOVING (intent=MOVE)
05:19:54.438 [AMR-01] STATE_TRANSITION MOVING -> EMERGENCY_STOP (intent=STOP)
05:19:54.438 [AMR-01] SAFETY_STOP min_obstacle_distance=1.00m <= 1.2m
05:19:54.540 [AMR-01] STATE_TRANSITION EMERGENCY_STOP -> MOVING (intent=MOVE)
05:19:54.843 [AMR-01] STATE_TRANSITION MOVING -> EMERGENCY_STOP (intent=STOP)
05:19:54.843 [AMR-01] SAFETY_STOP min_obstacle_distance=1.14m <= 1.2m
05:19:54.943 [AMR-01] STATE_TRANSITION EMERGENCY_STOP -> MOVING (intent=MOVE)
05:19:55.045 [AMR-01] STATE_TRANSITION MOVING -> EMERGENCY_STOP (intent=STOP)
05:19:55.045 [AMR-01] SAFETY_STOP min_obstacle_distance=1.08m <= 1.2m
05:19:55.146 [AMR-01] STATE_TRANSITION EMERGENCY_STOP -> MOVING (intent=MOVE)
05:19:55.246 [AMR-01] STATE_TRANSITION MOVING -> EMERGENCY_STOP (intent=STOP)
05:19:55.246 [AMR-01] SAFETY_STOP min_obstacle_distance=1.03m <= 1.2m
05:19:55.347 [AMR-01] STATE_TRANSITION EMERGENCY_STOP -> MOVING (intent=MOVE)
05:19:55.448 [AMR-01] STATE_TRANSITION MOVING -> EMERGENCY_STOP (intent=STOP)
05:19:55.448 [AMR-01] SAFETY_STOP min_obstacle_distance=1.00m <= 1.2m
05:19:55.548 [AMR-01] STATE_TRANSITION EMERGENCY_STOP -> MOVING (intent=MOVE)
05:19:55.852 [AMR-01] STATE_TRANSITION MOVING -> EMERGENCY_STOP (intent=STOP)
05:19:55.852 [AMR-01] SAFETY_STOP min_obstacle_distance=1.14m <= 1.2m
05:19:55.953 [AMR-01] STATE_TRANSITION EMERGENCY_STOP -> MOVING (intent=MOVE)
05:19:56.055 [AMR-01] STATE_TRANSITION MOVING -> EMERGENCY_STOP (intent=STOP)
05:19:56.055 [AMR-01] SAFETY_STOP min_obstacle_distance=1.07m <= 1.2m
05:19:56.156 [AMR-01] STATE_TRANSITION EMERGENCY_STOP -> MOVING (intent=MOVE)
05:19:56.258 [AMR-01] STATE_TRANSITION MOVING -> EMERGENCY_STOP (intent=STOP)
05:19:56.258 [AMR-01] SAFETY_STOP min_obstacle_distance=1.03m <= 1.2m
05:19:56.360 [AMR-01] STATE_TRANSITION EMERGENCY_STOP -> MOVING (intent=MOVE)
05:19:56.461 [AMR-01] STATE_TRANSITION MOVING -> EMERGENCY_STOP (intent=STOP)
05:19:56.461 [AMR-01] SAFETY_STOP min_obstacle_distance=1.00m <= 1.2m
05:19:56.561 [AMR-01] STATE_TRANSITION EMERGENCY_STOP -> MOVING (intent=MOVE)
05:19:56.663 [AMR-01] CONFLICT_DETECTED peer=AMR-02 type=INTERSECTION node=(11, 9) safe_wait=(12, 9) DECISION=PROCEED (Higher precedence (52.6 vs 51.5) -> Proceed through (11, 9))
05:19:56.764 [AMR-01] CONFLICT_DETECTED peer=AMR-02 type=INTERSECTION node=(11, 9) safe_wait=(12, 9) DECISION=PROCEED (Higher precedence (52.6 vs 51.5) -> Proceed through (11, 9))
05:19:56.866 [AMR-01] STATE_TRANSITION MOVING -> EMERGENCY_STOP (intent=STOP)
05:19:56.867 [AMR-01] SAFETY_STOP min_obstacle_distance=1.14m <= 1.2m
05:19:56.967 [AMR-01] CONFLICT_DETECTED peer=AMR-02 type=INTERSECTION node=(11, 9) safe_wait=(12, 9) DECISION=PROCEED (Higher precedence (52.7 vs 51.9) -> Proceed through (11, 9))
05:19:56.968 [AMR-01] STATE_TRANSITION EMERGENCY_STOP -> MOVING (intent=MOVE)
05:19:57.068 [AMR-01] STATE_TRANSITION MOVING -> EMERGENCY_STOP (intent=STOP)
05:19:57.069 [AMR-01] SAFETY_STOP min_obstacle_distance=1.07m <= 1.2m
05:19:57.169 [AMR-01] CONFLICT_DETECTED peer=AMR-02 type=INTERSECTION node=(11, 9) safe_wait=(12, 9) DECISION=PROCEED (Higher precedence (52.8 vs 52.5) -> Proceed through (11, 9))
05:19:57.169 [AMR-01] STATE_TRANSITION EMERGENCY_STOP -> MOVING (intent=MOVE)
05:19:57.268 [AMR-01] STATE_TRANSITION MOVING -> EMERGENCY_STOP (intent=STOP)
05:19:57.268 [AMR-01] SAFETY_STOP min_obstacle_distance=1.03m <= 1.2m
05:19:57.370 [AMR-01] CONFLICT_DETECTED peer=AMR-02 type=INTERSECTION node=(11, 9) safe_wait=(12, 9) DECISION=PROCEED (Higher precedence (52.9 vs 52.7) -> Proceed through (11, 9))
05:19:57.370 [AMR-01] STATE_TRANSITION EMERGENCY_STOP -> MOVING (intent=MOVE)
05:19:57.470 [AMR-01] STATE_TRANSITION MOVING -> EMERGENCY_STOP (intent=STOP)
05:19:57.471 [AMR-01] SAFETY_STOP min_obstacle_distance=1.00m <= 1.2m
05:19:57.570 [AMR-01] CONFLICT_DETECTED peer=AMR-02 type=INTERSECTION node=(11, 9) safe_wait=(12, 9) DECISION=YIELD (Lower precedence at intersection (52.5 vs 52.8) -> Safe wait at (12, 9) for AMR-02)
05:19:57.570 [AMR-01] STATE_TRANSITION EMERGENCY_STOP -> YIELDING (intent=YIELD)
05:19:57.670 [AMR-01] CONFLICT_DETECTED peer=AMR-02 type=INTERSECTION node=(11, 9) safe_wait=(12, 9) DECISION=YIELD (Lower precedence at intersection (52.7 vs 52.7) -> Safe wait at (12, 9) for AMR-02)
05:19:57.771 [AMR-01] CONFLICT_DETECTED peer=AMR-02 type=INTERSECTION node=(11, 9) safe_wait=(12, 9) DECISION=PROCEED (Higher precedence (52.9 vs 52.6) -> Proceed through (11, 9))
05:19:57.771 [AMR-01] STATE_TRANSITION YIELDING -> MOVING (intent=MOVE)
05:19:57.873 [AMR-01] CONFLICT_DETECTED peer=AMR-02 type=INTERSECTION node=(11, 9) safe_wait=(12, 9) DECISION=PROCEED (Higher precedence (52.8 vs 52.6) -> Proceed through (11, 9))
05:19:57.973 [AMR-01] CONFLICT_DETECTED peer=AMR-02 type=INTERSECTION node=(11, 9) safe_wait=(12, 9) DECISION=YIELD (Lower precedence at intersection (52.6 vs 52.8) -> Safe wait at (12, 9) for AMR-02)
05:19:57.973 [AMR-01] STATE_TRANSITION MOVING -> YIELDING (intent=YIELD)
05:19:58.073 [AMR-01] CONFLICT_DETECTED peer=AMR-02 type=INTERSECTION node=(11, 9) safe_wait=(12, 9) DECISION=YIELD (Lower precedence at intersection (52.8 vs 53.0) -> Safe wait at (12, 9) for AMR-02)
05:19:58.174 [AMR-01] CONFLICT_DETECTED peer=AMR-02 type=INTERSECTION node=(11, 9) safe_wait=(12, 9) DECISION=PROCEED (Higher precedence (53.0 vs 52.9) -> Proceed through (11, 9))
05:19:58.174 [AMR-01] STATE_TRANSITION YIELDING -> MOVING (intent=MOVE)
05:19:58.275 [AMR-01] STATE_TRANSITION MOVING -> EMERGENCY_STOP (intent=STOP)
05:19:58.275 [AMR-01] SAFETY_STOP min_obstacle_distance=1.14m <= 1.2m
05:19:58.376 [AMR-01] CONFLICT_DETECTED peer=AMR-02 type=INTERSECTION node=(11, 9) safe_wait=(12, 9) DECISION=YIELD (Lower precedence at intersection (52.9 vs 53.0) -> Safe wait at (12, 9) for AMR-02)
05:19:58.376 [AMR-01] STATE_TRANSITION EMERGENCY_STOP -> YIELDING (intent=YIELD)
05:19:58.476 [AMR-01] CONFLICT_DETECTED peer=AMR-02 type=INTERSECTION node=(11, 9) safe_wait=(12, 9) DECISION=PROCEED (Higher precedence (53.1 vs 52.9) -> Proceed through (11, 9))
05:19:58.476 [AMR-01] STATE_TRANSITION YIELDING -> MOVING (intent=MOVE)
05:19:58.576 [AMR-01] CONFLICT_DETECTED peer=AMR-02 type=INTERSECTION node=(11, 9) safe_wait=(12, 9) DECISION=YIELD (Lower precedence at intersection (52.7 vs 52.9) -> Safe wait at (12, 9) for AMR-02)
05:19:58.576 [AMR-01] STATE_TRANSITION MOVING -> YIELDING (intent=YIELD)
05:19:58.677 [AMR-01] CONFLICT_DETECTED peer=AMR-02 type=INTERSECTION node=(11, 9) safe_wait=(12, 9) DECISION=YIELD (Lower precedence at intersection (52.9 vs 52.9) -> Safe wait at (12, 9) for AMR-02)
05:19:58.778 [AMR-01] CONFLICT_DETECTED peer=AMR-02 type=INTERSECTION node=(11, 9) safe_wait=(12, 9) DECISION=PROCEED (Higher precedence (53.1 vs 52.8) -> Proceed through (11, 9))
05:19:58.778 [AMR-01] STATE_TRANSITION YIELDING -> MOVING (intent=MOVE)
05:19:58.879 [AMR-01] CONFLICT_DETECTED peer=AMR-02 type=INTERSECTION node=(11, 9) safe_wait=(12, 9) DECISION=PROCEED (Higher precedence (53.0 vs 52.8) -> Proceed through (11, 9))
05:19:58.979 [AMR-01] CONFLICT_DETECTED peer=AMR-02 type=INTERSECTION node=(11, 9) safe_wait=(12, 9) DECISION=YIELD (Lower precedence at intersection (52.8 vs 53.0) -> Safe wait at (12, 9) for AMR-02)
05:19:58.979 [AMR-01] STATE_TRANSITION MOVING -> YIELDING (intent=YIELD)
05:19:59.079 [AMR-01] CONFLICT_DETECTED peer=AMR-02 type=INTERSECTION node=(11, 9) safe_wait=(12, 9) DECISION=PROCEED (Higher precedence (53.0 vs 52.9) -> Proceed through (11, 9))
05:19:59.080 [AMR-01] STATE_TRANSITION YIELDING -> MOVING (intent=MOVE)
05:19:59.180 [AMR-01] STATE_TRANSITION MOVING -> EMERGENCY_STOP (intent=STOP)
05:19:59.180 [AMR-01] SAFETY_STOP min_obstacle_distance=1.14m <= 1.2m
05:19:59.280 [AMR-01] CONFLICT_DETECTED peer=AMR-02 type=INTERSECTION node=(11, 9) safe_wait=(12, 9) DECISION=YIELD (Lower precedence at intersection (52.9 vs 53.0) -> Safe wait at (12, 9) for AMR-02)
05:19:59.280 [AMR-01] STATE_TRANSITION EMERGENCY_STOP -> YIELDING (intent=YIELD)
05:19:59.381 [AMR-01] CONFLICT_DETECTED peer=AMR-02 type=INTERSECTION node=(11, 9) safe_wait=(12, 9) DECISION=PROCEED (Higher precedence (53.1 vs 52.9) -> Proceed through (11, 9))
05:19:59.381 [AMR-01] STATE_TRANSITION YIELDING -> MOVING (intent=MOVE)
05:19:59.482 [AMR-01] STATE_TRANSITION MOVING -> EMERGENCY_STOP (intent=STOP)
05:19:59.482 [AMR-01] SAFETY_STOP min_obstacle_distance=1.08m <= 1.2m
05:19:59.583 [AMR-01] CONFLICT_DETECTED peer=AMR-02 type=INTERSECTION node=(11, 9) safe_wait=(12, 9) DECISION=YIELD (Lower precedence at intersection (52.7 vs 53.1) -> Safe wait at (12, 9) for AMR-02)
05:19:59.583 [AMR-01] STATE_TRANSITION EMERGENCY_STOP -> YIELDING (intent=YIELD)
05:19:59.683 [AMR-01] CONFLICT_DETECTED peer=AMR-02 type=INTERSECTION node=(11, 9) safe_wait=(12, 9) DECISION=PROCEED (Higher precedence (52.9 vs 52.7) -> Proceed through (11, 9))
05:19:59.683 [AMR-01] STATE_TRANSITION YIELDING -> MOVING (intent=MOVE)
05:19:59.784 [AMR-01] CONFLICT_DETECTED peer=AMR-02 type=INTERSECTION node=(11, 9) safe_wait=(12, 9) DECISION=PROCEED (Higher precedence (52.8 vs 52.7) -> Proceed through (11, 9))
05:19:59.886 [AMR-01] CONFLICT_DETECTED peer=AMR-02 type=INTERSECTION node=(11, 9) safe_wait=(12, 9) DECISION=YIELD (Lower precedence at intersection (52.6 vs 52.9) -> Safe wait at (12, 9) for AMR-02)
05:19:59.886 [AMR-01] STATE_TRANSITION MOVING -> YIELDING (intent=YIELD)
05:19:59.985 [AMR-01] CONFLICT_DETECTED peer=AMR-02 type=INTERSECTION node=(11, 9) safe_wait=(12, 9) DECISION=PROCEED (Higher precedence (52.8 vs 52.8) -> Proceed through (11, 9))
05:19:59.985 [AMR-01] STATE_TRANSITION YIELDING -> MOVING (intent=MOVE)
05:20:00.086 [AMR-01] STATE_TRANSITION MOVING -> EMERGENCY_STOP (intent=STOP)
05:20:00.087 [AMR-01] SAFETY_STOP min_obstacle_distance=1.14m <= 1.2m
05:20:00.187 [AMR-01] CONFLICT_DETECTED peer=AMR-02 type=INTERSECTION node=(11, 9) safe_wait=(12, 9) DECISION=YIELD (Lower precedence at intersection (52.7 vs 53.0) -> Safe wait at (12, 9) for AMR-02)
05:20:00.187 [AMR-01] STATE_TRANSITION EMERGENCY_STOP -> YIELDING (intent=YIELD)
05:20:00.287 [AMR-01] CONFLICT_DETECTED peer=AMR-02 type=INTERSECTION node=(11, 9) safe_wait=(12, 9) DECISION=PROCEED (Higher precedence (52.9 vs 52.9) -> Proceed through (11, 9))
05:20:00.288 [AMR-01] STATE_TRANSITION YIELDING -> MOVING (intent=MOVE)
05:20:00.387 [AMR-01] STATE_TRANSITION MOVING -> EMERGENCY_STOP (intent=STOP)
05:20:00.387 [AMR-01] SAFETY_STOP min_obstacle_distance=1.08m <= 1.2m
05:20:00.488 [AMR-01] CONFLICT_DETECTED peer=AMR-02 type=INTERSECTION node=(11, 9) safe_wait=(12, 9) DECISION=PROCEED (Higher precedence (52.8 vs 52.7) -> Proceed through (11, 9))
05:20:00.489 [AMR-01] STATE_TRANSITION EMERGENCY_STOP -> MOVING (intent=MOVE)
05:20:00.588 [AMR-01] CONFLICT_DETECTED peer=AMR-02 type=INTERSECTION node=(11, 9) safe_wait=(12, 9) DECISION=YIELD (Lower precedence at intersection (52.5 vs 52.7) -> Safe wait at (12, 9) for AMR-02)
05:20:00.589 [AMR-01] STATE_TRANSITION MOVING -> YIELDING (intent=YIELD)
05:20:00.689 [AMR-01] CONFLICT_DETECTED peer=AMR-02 type=INTERSECTION node=(11, 9) safe_wait=(12, 9) DECISION=YIELD (Lower precedence at intersection (52.7 vs 52.7) -> Safe wait at (12, 9) for AMR-02)
05:20:00.790 [AMR-01] CONFLICT_DETECTED peer=AMR-02 type=INTERSECTION node=(11, 9) safe_wait=(12, 9) DECISION=YIELD (Lower precedence at intersection (52.9 vs 52.9) -> Safe wait at (12, 9) for AMR-02)
05:20:00.890 [AMR-01] CONFLICT_DETECTED peer=AMR-02 type=INTERSECTION node=(11, 9) safe_wait=(12, 9) DECISION=PROCEED (Higher precedence (53.1 vs 52.8) -> Proceed through (11, 9))
05:20:00.891 [AMR-01] STATE_TRANSITION YIELDING -> MOVING (intent=MOVE)
05:20:00.991 [AMR-01] CONFLICT_DETECTED peer=AMR-02 type=INTERSECTION node=(11, 9) safe_wait=(12, 9) DECISION=PROCEED (Higher precedence (53.0 vs 52.8) -> Proceed through (11, 9))
05:20:01.092 [AMR-01] CONFLICT_DETECTED peer=AMR-02 type=INTERSECTION node=(11, 9) safe_wait=(12, 9) DECISION=YIELD (Lower precedence at intersection (52.8 vs 53.0) -> Safe wait at (12, 9) for AMR-02)
05:20:01.092 [AMR-01] STATE_TRANSITION MOVING -> YIELDING (intent=YIELD)
05:20:01.192 [AMR-01] CONFLICT_DETECTED peer=AMR-02 type=INTERSECTION node=(11, 9) safe_wait=(12, 9) DECISION=YIELD (Lower precedence at intersection (53.0 vs 53.2) -> Safe wait at (12, 9) for AMR-02)
05:20:01.292 [AMR-01] CONFLICT_DETECTED peer=AMR-02 type=INTERSECTION node=(11, 9) safe_wait=(12, 9) DECISION=PROCEED (Higher precedence (53.2 vs 53.0) -> Proceed through (11, 9))
05:20:01.292 [AMR-01] STATE_TRANSITION YIELDING -> MOVING (intent=MOVE)
05:20:01.393 [AMR-01] STATE_TRANSITION MOVING -> EMERGENCY_STOP (intent=STOP)
05:20:01.396 [AMR-01] SAFETY_STOP min_obstacle_distance=1.14m <= 1.2m
05:20:01.495 [AMR-01] CONFLICT_DETECTED peer=AMR-02 type=INTERSECTION node=(11, 9) safe_wait=(12, 9) DECISION=YIELD (Lower precedence at intersection (53.1 vs 53.2) -> Safe wait at (12, 9) for AMR-02)
05:20:01.495 [AMR-01] STATE_TRANSITION EMERGENCY_STOP -> YIELDING (intent=YIELD)
05:20:01.594 [AMR-01] CONFLICT_DETECTED peer=AMR-02 type=INTERSECTION node=(11, 9) safe_wait=(12, 9) DECISION=PROCEED (Higher precedence (53.6 vs 53.1) -> Proceed through (11, 9))
05:20:01.594 [AMR-01] STATE_TRANSITION YIELDING -> MOVING (intent=MOVE)
05:20:01.695 [AMR-01] STATE_TRANSITION MOVING -> EMERGENCY_STOP (intent=STOP)
05:20:01.696 [AMR-01] SAFETY_STOP min_obstacle_distance=1.01m <= 1.2m
05:20:01.795 [AMR-01] CONFLICT_DETECTED peer=AMR-02 type=INTERSECTION node=(11, 9) safe_wait=(12, 9) DECISION=PROCEED (Higher precedence (53.5 vs 53.1) -> Proceed through (11, 9))
05:20:01.795 [AMR-01] STATE_TRANSITION EMERGENCY_STOP -> MOVING (intent=MOVE)
05:20:01.897 [AMR-01] STATE_TRANSITION MOVING -> EMERGENCY_STOP (intent=STOP)
05:20:01.897 [AMR-01] SAFETY_STOP min_obstacle_distance=1.04m <= 1.2m
05:20:01.998 [AMR-01] CONFLICT_DETECTED peer=AMR-02 type=INTERSECTION node=(11, 9) safe_wait=(12, 9) DECISION=YIELD (Lower precedence at intersection (53.3 vs 53.5) -> Safe wait at (12, 9) for AMR-02)
05:20:01.998 [AMR-01] STATE_TRANSITION EMERGENCY_STOP -> YIELDING (intent=YIELD)
05:20:02.099 [AMR-01] CONFLICT_DETECTED peer=AMR-02 type=INTERSECTION node=(11, 9) safe_wait=(12, 9) DECISION=PROCEED (Higher precedence (53.5 vs 53.4) -> Proceed through (11, 9))
05:20:02.100 [AMR-01] STATE_TRANSITION YIELDING -> MOVING (intent=MOVE)
05:20:02.198 [AMR-01] STATE_TRANSITION MOVING -> EMERGENCY_STOP (intent=STOP)
05:20:02.199 [AMR-01] SAFETY_STOP min_obstacle_distance=1.10m <= 1.2m
05:20:02.299 [AMR-01] CONFLICT_DETECTED peer=AMR-02 type=INTERSECTION node=(11, 9) safe_wait=(12, 9) DECISION=PROCEED (Higher precedence (53.4 vs 53.2) -> Proceed through (11, 9))
05:20:02.299 [AMR-01] STATE_TRANSITION EMERGENCY_STOP -> MOVING (intent=MOVE)
05:20:02.399 [AMR-01] STATE_TRANSITION MOVING -> EMERGENCY_STOP (intent=STOP)
05:20:02.400 [AMR-01] SAFETY_STOP min_obstacle_distance=1.08m <= 1.2m
05:20:02.500 [AMR-01] CONFLICT_DETECTED peer=AMR-02 type=INTERSECTION node=(11, 9) safe_wait=(12, 9) DECISION=YIELD (Lower precedence at intersection (53.3 vs 53.5) -> Safe wait at (12, 9) for AMR-02)
05:20:02.500 [AMR-01] STATE_TRANSITION EMERGENCY_STOP -> YIELDING (intent=YIELD)
05:20:02.601 [AMR-01] CONFLICT_DETECTED peer=AMR-02 type=INTERSECTION node=(11, 9) safe_wait=(12, 9) DECISION=YIELD (Lower precedence at intersection (53.2 vs 53.3) -> Safe wait at (12, 9) for AMR-02)
05:20:02.701 [AMR-01] CONFLICT_DETECTED peer=AMR-02 type=INTERSECTION node=(11, 9) safe_wait=(12, 9) DECISION=PROCEED (Higher precedence (53.4 vs 53.1) -> Proceed through (11, 9))
05:20:02.702 [AMR-01] STATE_TRANSITION YIELDING -> MOVING (intent=MOVE)
05:20:02.802 [AMR-01] STATE_TRANSITION MOVING -> EMERGENCY_STOP (intent=STOP)
05:20:02.803 [AMR-01] SAFETY_STOP min_obstacle_distance=1.01m <= 1.2m
05:20:02.904 [AMR-01] CONFLICT_DETECTED peer=AMR-02 type=INTERSECTION node=(11, 9) safe_wait=(12, 9) DECISION=PROCEED (Higher precedence (53.3 vs 53.2) -> Proceed through (11, 9))
05:20:02.904 [AMR-01] STATE_TRANSITION EMERGENCY_STOP -> MOVING (intent=MOVE)
05:20:03.004 [AMR-01] STATE_TRANSITION MOVING -> EMERGENCY_STOP (intent=STOP)
05:20:03.005 [AMR-01] SAFETY_STOP min_obstacle_distance=1.04m <= 1.2m
05:20:03.106 [AMR-01] CONFLICT_DETECTED peer=AMR-02 type=INTERSECTION node=(11, 9) safe_wait=(12, 9) DECISION=YIELD (Lower precedence at intersection (53.1 vs 53.4) -> Safe wait at (12, 9) for AMR-02)
05:20:03.106 [AMR-01] STATE_TRANSITION EMERGENCY_STOP -> YIELDING (intent=YIELD)
05:20:03.208 [AMR-01] CONFLICT_DETECTED peer=AMR-02 type=INTERSECTION node=(11, 9) safe_wait=(12, 9) DECISION=PROCEED (Higher precedence (53.3 vs 53.2) -> Proceed through (11, 9))
05:20:03.208 [AMR-01] STATE_TRANSITION YIELDING -> MOVING (intent=MOVE)
05:20:03.307 [AMR-01] STATE_TRANSITION MOVING -> EMERGENCY_STOP (intent=STOP)
05:20:03.307 [AMR-01] SAFETY_STOP min_obstacle_distance=1.10m <= 1.2m
05:20:03.408 [AMR-01] CONFLICT_DETECTED peer=AMR-02 type=INTERSECTION node=(11, 9) safe_wait=(12, 9) DECISION=PROCEED (Higher precedence (53.2 vs 53.1) -> Proceed through (11, 9))
05:20:03.408 [AMR-01] STATE_TRANSITION EMERGENCY_STOP -> MOVING (intent=MOVE)
05:20:03.508 [AMR-01] STATE_TRANSITION MOVING -> EMERGENCY_STOP (intent=STOP)
05:20:03.508 [AMR-01] SAFETY_STOP min_obstacle_distance=1.00m <= 1.2m
05:20:03.609 [AMR-01] CONFLICT_DETECTED peer=AMR-02 type=INTERSECTION node=(11, 9) safe_wait=(12, 9) DECISION=YIELD (Lower precedence at intersection (53.0 vs 53.1) -> Safe wait at (12, 9) for AMR-02)
05:20:03.609 [AMR-01] STATE_TRANSITION EMERGENCY_STOP -> YIELDING (intent=YIELD)
05:20:03.710 [AMR-01] CONFLICT_DETECTED peer=AMR-02 type=INTERSECTION node=(11, 9) safe_wait=(12, 9) DECISION=YIELD (Lower precedence at intersection (53.2 vs 53.3) -> Safe wait at (12, 9) for AMR-02)
05:20:03.810 [AMR-01] CONFLICT_DETECTED peer=AMR-02 type=INTERSECTION node=(11, 9) safe_wait=(12, 9) DECISION=PROCEED (Higher precedence (53.4 vs 53.2) -> Proceed through (11, 9))
05:20:03.811 [AMR-01] STATE_TRANSITION YIELDING -> MOVING (intent=MOVE)
05:20:03.911 [AMR-01] STATE_TRANSITION MOVING -> EMERGENCY_STOP (intent=STOP)
05:20:03.911 [AMR-01] SAFETY_STOP min_obstacle_distance=1.01m <= 1.2m
05:20:04.012 [AMR-01] CONFLICT_DETECTED peer=AMR-02 type=INTERSECTION node=(11, 9) safe_wait=(12, 9) DECISION=YIELD (Lower precedence at intersection (53.3 vs 53.4) -> Safe wait at (12, 9) for AMR-02)
05:20:04.012 [AMR-01] STATE_TRANSITION EMERGENCY_STOP -> YIELDING (intent=YIELD)
05:20:04.112 [AMR-01] CONFLICT_DETECTED peer=AMR-02 type=INTERSECTION node=(11, 9) safe_wait=(12, 9) DECISION=YIELD (Lower precedence at intersection (53.5 vs 53.6) -> Safe wait at (12, 9) for AMR-02)
05:20:04.213 [AMR-01] CONFLICT_DETECTED peer=AMR-02 type=INTERSECTION node=(11, 9) safe_wait=(12, 9) DECISION=PROCEED (Higher precedence (53.7 vs 53.5) -> Proceed through (11, 9))
05:20:04.213 [AMR-01] STATE_TRANSITION YIELDING -> MOVING (intent=MOVE)
05:20:04.313 [AMR-01] STATE_TRANSITION MOVING -> EMERGENCY_STOP (intent=STOP)
05:20:04.313 [AMR-01] SAFETY_STOP min_obstacle_distance=1.04m <= 1.2m
05:20:04.414 [AMR-01] CONFLICT_DETECTED peer=AMR-02 type=INTERSECTION node=(11, 9) safe_wait=(12, 9) DECISION=YIELD (Lower precedence at intersection (53.5 vs 53.6) -> Safe wait at (12, 9) for AMR-02)
05:20:04.414 [AMR-01] STATE_TRANSITION EMERGENCY_STOP -> YIELDING (intent=YIELD)
05:20:04.515 [AMR-01] CONFLICT_DETECTED peer=AMR-02 type=INTERSECTION node=(11, 9) safe_wait=(12, 9) DECISION=YIELD (Lower precedence at intersection (53.7 vs 53.9) -> Safe wait at (12, 9) for AMR-02)
05:20:04.617 [AMR-01] CONFLICT_DETECTED peer=AMR-02 type=INTERSECTION node=(11, 9) safe_wait=(12, 9) DECISION=PROCEED (Higher precedence (53.8 vs 53.7) -> Proceed through (11, 9))
05:20:04.617 [AMR-01] STATE_TRANSITION YIELDING -> MOVING (intent=MOVE)
05:20:04.718 [AMR-01] STATE_TRANSITION MOVING -> EMERGENCY_STOP (intent=STOP)
05:20:04.718 [AMR-01] SAFETY_STOP min_obstacle_distance=1.01m <= 1.2m
05:20:04.819 [AMR-01] CONFLICT_DETECTED peer=AMR-02 type=INTERSECTION node=(11, 9) safe_wait=(12, 9) DECISION=YIELD (Lower precedence at intersection (53.7 vs 53.7) -> Safe wait at (12, 9) for AMR-02)
05:20:04.819 [AMR-01] STATE_TRANSITION EMERGENCY_STOP -> YIELDING (intent=YIELD)
05:20:04.920 [AMR-01] CONFLICT_DETECTED peer=AMR-02 type=INTERSECTION node=(11, 9) safe_wait=(12, 9) DECISION=YIELD (Lower precedence at intersection (53.9 vs 53.9) -> Safe wait at (12, 9) for AMR-02)
05:20:05.020 [AMR-01] CONFLICT_DETECTED peer=AMR-02 type=INTERSECTION node=(11, 9) safe_wait=(12, 9) DECISION=PROCEED (Higher precedence (54.1 vs 53.8) -> Proceed through (11, 9))
05:20:05.020 [AMR-01] STATE_TRANSITION YIELDING -> MOVING (intent=MOVE)
05:20:05.121 [AMR-01] STATE_TRANSITION MOVING -> EMERGENCY_STOP (intent=STOP)
05:20:05.122 [AMR-01] SAFETY_STOP min_obstacle_distance=1.05m <= 1.2m
05:20:05.221 [AMR-01] CONFLICT_DETECTED peer=AMR-02 type=INTERSECTION node=(11, 9) safe_wait=(12, 9) DECISION=YIELD (Lower precedence at intersection (53.9 vs 54.0) -> Safe wait at (12, 9) for AMR-02)
05:20:05.221 [AMR-01] STATE_TRANSITION EMERGENCY_STOP -> YIELDING (intent=YIELD)
05:20:05.323 [AMR-01] CONFLICT_DETECTED peer=AMR-02 type=INTERSECTION node=(11, 9) safe_wait=(12, 9) DECISION=YIELD (Lower precedence at intersection (54.1 vs 54.2) -> Safe wait at (12, 9) for AMR-02)
05:20:05.423 [AMR-01] CONFLICT_DETECTED peer=AMR-02 type=INTERSECTION node=(11, 9) safe_wait=(12, 9) DECISION=PROCEED (Higher precedence (54.3 vs 54.0) -> Proceed through (11, 9))
05:20:05.423 [AMR-01] STATE_TRANSITION YIELDING -> MOVING (intent=MOVE)
05:20:05.524 [AMR-01] STATE_TRANSITION MOVING -> EMERGENCY_STOP (intent=STOP)
05:20:05.525 [AMR-01] SAFETY_STOP min_obstacle_distance=1.10m <= 1.2m
05:20:05.624 [AMR-01] CONFLICT_DETECTED peer=AMR-02 type=INTERSECTION node=(11, 9) safe_wait=(12, 9) DECISION=YIELD (Lower precedence at intersection (54.0 vs 54.2) -> Safe wait at (12, 9) for AMR-02)
05:20:05.624 [AMR-01] STATE_TRANSITION EMERGENCY_STOP -> YIELDING (intent=YIELD)
05:20:05.725 [AMR-01] CONFLICT_DETECTED peer=AMR-02 type=INTERSECTION node=(11, 9) safe_wait=(12, 9) DECISION=YIELD (Lower precedence at intersection (54.2 vs 54.3) -> Safe wait at (12, 9) for AMR-02)
05:20:05.826 [AMR-01] CONFLICT_DETECTED peer=AMR-02 type=INTERSECTION node=(11, 9) safe_wait=(12, 9) DECISION=PROCEED (Higher precedence (54.4 vs 54.2) -> Proceed through (11, 9))
05:20:05.826 [AMR-01] STATE_TRANSITION YIELDING -> MOVING (intent=MOVE)
05:20:05.927 [AMR-01] STATE_TRANSITION MOVING -> EMERGENCY_STOP (intent=STOP)
05:20:05.927 [AMR-01] SAFETY_STOP min_obstacle_distance=1.01m <= 1.2m
05:20:06.028 [AMR-01] CONFLICT_DETECTED peer=AMR-02 type=INTERSECTION node=(11, 9) safe_wait=(12, 9) DECISION=YIELD (Lower precedence at intersection (54.3 vs 54.4) -> Safe wait at (12, 9) for AMR-02)
05:20:06.028 [AMR-01] STATE_TRANSITION EMERGENCY_STOP -> YIELDING (intent=YIELD)
05:20:06.129 [AMR-01] CONFLICT_DETECTED peer=AMR-02 type=INTERSECTION node=(11, 9) safe_wait=(12, 9) DECISION=YIELD (Lower precedence at intersection (54.5 vs 54.6) -> Safe wait at (12, 9) for AMR-02)
05:20:06.230 [AMR-01] CONFLICT_DETECTED peer=AMR-02 type=INTERSECTION node=(11, 9) safe_wait=(12, 9) DECISION=PROCEED (Higher precedence (54.7 vs 54.5) -> Proceed through (11, 9))
05:20:06.230 [AMR-01] STATE_TRANSITION YIELDING -> MOVING (intent=MOVE)
05:20:06.331 [AMR-01] STATE_TRANSITION MOVING -> EMERGENCY_STOP (intent=STOP)
05:20:06.331 [AMR-01] SAFETY_STOP min_obstacle_distance=1.04m <= 1.2m
05:20:06.431 [AMR-01] CONFLICT_DETECTED peer=AMR-02 type=INTERSECTION node=(11, 9) safe_wait=(12, 9) DECISION=YIELD (Lower precedence at intersection (54.5 vs 54.7) -> Safe wait at (12, 9) for AMR-02)
05:20:06.434 [AMR-01] STATE_TRANSITION EMERGENCY_STOP -> YIELDING (intent=YIELD)
05:20:06.532 [AMR-01] CONFLICT_DETECTED peer=AMR-02 type=INTERSECTION node=(11, 9) safe_wait=(12, 9) DECISION=YIELD (Lower precedence at intersection (54.6 vs 54.9) -> Safe wait at (12, 9) for AMR-02)
05:20:06.632 [AMR-01] CONFLICT_DETECTED peer=AMR-02 type=INTERSECTION node=(11, 9) safe_wait=(12, 9) DECISION=PROCEED (Higher precedence (54.8 vs 54.5) -> Proceed through (11, 9))
05:20:06.632 [AMR-01] STATE_TRANSITION YIELDING -> MOVING (intent=MOVE)
05:20:06.733 [AMR-01] STATE_TRANSITION MOVING -> EMERGENCY_STOP (intent=STOP)
05:20:06.733 [AMR-01] SAFETY_STOP min_obstacle_distance=1.01m <= 1.2m
05:20:06.834 [AMR-01] CONFLICT_DETECTED peer=AMR-02 type=INTERSECTION node=(11, 9) safe_wait=(12, 9) DECISION=YIELD (Lower precedence at intersection (54.7 vs 54.7) -> Safe wait at (12, 9) for AMR-02)
05:20:06.835 [AMR-01] STATE_TRANSITION EMERGENCY_STOP -> YIELDING (intent=YIELD)
05:20:06.935 [AMR-01] CONFLICT_DETECTED peer=AMR-02 type=INTERSECTION node=(11, 9) safe_wait=(12, 9) DECISION=YIELD (Lower precedence at intersection (54.9 vs 54.9) -> Safe wait at (12, 9) for AMR-02)
05:20:07.036 [AMR-01] CONFLICT_DETECTED peer=AMR-02 type=INTERSECTION node=(11, 9) safe_wait=(12, 9) DECISION=PROCEED (Higher precedence (55.1 vs 54.8) -> Proceed through (11, 9))
05:20:07.036 [AMR-01] STATE_TRANSITION YIELDING -> MOVING (intent=MOVE)
05:20:07.137 [AMR-01] STATE_TRANSITION MOVING -> EMERGENCY_STOP (intent=STOP)
05:20:07.138 [AMR-01] SAFETY_STOP min_obstacle_distance=1.04m <= 1.2m
05:20:07.238 [AMR-01] CONFLICT_DETECTED peer=AMR-02 type=INTERSECTION node=(11, 9) safe_wait=(12, 9) DECISION=YIELD (Lower precedence at intersection (55.0 vs 55.0) -> Safe wait at (12, 9) for AMR-02)
05:20:07.238 [AMR-01] STATE_TRANSITION EMERGENCY_STOP -> YIELDING (intent=YIELD)
05:20:07.338 [AMR-01] CONFLICT_DETECTED peer=AMR-02 type=INTERSECTION node=(11, 9) safe_wait=(12, 9) DECISION=YIELD (Lower precedence at intersection (55.1 vs 55.2) -> Safe wait at (12, 9) for AMR-02)
05:20:07.440 [AMR-01] CONFLICT_DETECTED peer=AMR-02 type=INTERSECTION node=(11, 9) safe_wait=(12, 9) DECISION=PROCEED (Higher precedence (55.4 vs 55.1) -> Proceed through (11, 9))
05:20:07.440 [AMR-01] STATE_TRANSITION YIELDING -> MOVING (intent=MOVE)
05:20:07.540 [AMR-01] STATE_TRANSITION MOVING -> EMERGENCY_STOP (intent=STOP)
05:20:07.540 [AMR-01] SAFETY_STOP min_obstacle_distance=1.00m <= 1.2m
05:20:07.641 [AMR-01] CONFLICT_DETECTED peer=AMR-02 type=INTERSECTION node=(11, 9) safe_wait=(12, 9) DECISION=YIELD (Lower precedence at intersection (55.0 vs 55.1) -> Safe wait at (12, 9) for AMR-02)
05:20:07.641 [AMR-01] STATE_TRANSITION EMERGENCY_STOP -> YIELDING (intent=YIELD)
05:20:07.741 [AMR-01] CONFLICT_DETECTED peer=AMR-02 type=INTERSECTION node=(11, 9) safe_wait=(12, 9) DECISION=YIELD (Lower precedence at intersection (55.2 vs 55.3) -> Safe wait at (12, 9) for AMR-02)
05:20:07.842 [AMR-01] CONFLICT_DETECTED peer=AMR-02 type=INTERSECTION node=(11, 9) safe_wait=(12, 9) DECISION=PROCEED (Higher precedence (55.4 vs 55.2) -> Proceed through (11, 9))
05:20:07.842 [AMR-01] STATE_TRANSITION YIELDING -> MOVING (intent=MOVE)
05:20:07.942 [AMR-01] STATE_TRANSITION MOVING -> EMERGENCY_STOP (intent=STOP)
05:20:07.942 [AMR-01] SAFETY_STOP min_obstacle_distance=1.01m <= 1.2m
05:20:08.044 [AMR-01] CONFLICT_DETECTED peer=AMR-02 type=INTERSECTION node=(11, 9) safe_wait=(12, 9) DECISION=YIELD (Lower precedence at intersection (55.3 vs 55.4) -> Safe wait at (12, 9) for AMR-02)
05:20:08.044 [AMR-01] STATE_TRANSITION EMERGENCY_STOP -> YIELDING (intent=YIELD)
05:20:08.145 [AMR-01] CONFLICT_DETECTED peer=AMR-02 type=INTERSECTION node=(11, 9) safe_wait=(12, 9) DECISION=YIELD (Lower precedence at intersection (55.5 vs 55.6) -> Safe wait at (12, 9) for AMR-02)
05:20:08.245 [AMR-01] CONFLICT_DETECTED peer=AMR-02 type=INTERSECTION node=(11, 9) safe_wait=(12, 9) DECISION=PROCEED (Higher precedence (55.7 vs 55.5) -> Proceed through (11, 9))
05:20:08.246 [AMR-01] STATE_TRANSITION YIELDING -> MOVING (intent=MOVE)
05:20:08.346 [AMR-01] STATE_TRANSITION MOVING -> EMERGENCY_STOP (intent=STOP)
05:20:08.346 [AMR-01] SAFETY_STOP min_obstacle_distance=1.04m <= 1.2m
05:20:08.447 [AMR-01] CONFLICT_DETECTED peer=AMR-02 type=INTERSECTION node=(11, 9) safe_wait=(12, 9) DECISION=YIELD (Lower precedence at intersection (55.5 vs 55.7) -> Safe wait at (12, 9) for AMR-02)
05:20:08.447 [AMR-01] STATE_TRANSITION EMERGENCY_STOP -> YIELDING (intent=YIELD)
05:20:08.548 [AMR-01] CONFLICT_DETECTED peer=AMR-02 type=INTERSECTION node=(11, 9) safe_wait=(12, 9) DECISION=YIELD (Lower precedence at intersection (55.6 vs 55.9) -> Safe wait at (12, 9) for AMR-02)
05:20:08.648 [AMR-01] CONFLICT_DETECTED peer=AMR-02 type=INTERSECTION node=(11, 9) safe_wait=(12, 9) DECISION=PROCEED (Higher precedence (55.8 vs 55.5) -> Proceed through (11, 9))
05:20:08.648 [AMR-01] STATE_TRANSITION YIELDING -> MOVING (intent=MOVE)
05:20:08.748 [AMR-01] STATE_TRANSITION MOVING -> EMERGENCY_STOP (intent=STOP)
05:20:08.748 [AMR-01] SAFETY_STOP min_obstacle_distance=1.01m <= 1.2m
05:20:08.850 [AMR-01] CONFLICT_DETECTED peer=AMR-02 type=INTERSECTION node=(11, 9) safe_wait=(12, 9) DECISION=YIELD (Lower precedence at intersection (55.7 vs 55.7) -> Safe wait at (12, 9) for AMR-02)
05:20:08.850 [AMR-01] STATE_TRANSITION EMERGENCY_STOP -> YIELDING (intent=YIELD)
05:20:08.952 [AMR-01] CONFLICT_DETECTED peer=AMR-02 type=INTERSECTION node=(11, 9) safe_wait=(12, 9) DECISION=YIELD (Lower precedence at intersection (55.9 vs 55.9) -> Safe wait at (12, 9) for AMR-02)
05:20:09.052 [AMR-01] CONFLICT_DETECTED peer=AMR-02 type=INTERSECTION node=(11, 9) safe_wait=(12, 9) DECISION=PROCEED (Higher precedence (56.1 vs 55.8) -> Proceed through (11, 9))
05:20:09.053 [AMR-01] STATE_TRANSITION YIELDING -> MOVING (intent=MOVE)
05:20:09.153 [AMR-01] STATE_TRANSITION MOVING -> EMERGENCY_STOP (intent=STOP)
05:20:09.153 [AMR-01] SAFETY_STOP min_obstacle_distance=1.04m <= 1.2m
05:20:09.254 [AMR-01] CONFLICT_DETECTED peer=AMR-02 type=INTERSECTION node=(11, 9) safe_wait=(12, 9) DECISION=YIELD (Lower precedence at intersection (56.0 vs 56.0) -> Safe wait at (12, 9) for AMR-02)
05:20:09.254 [AMR-01] STATE_TRANSITION EMERGENCY_STOP -> YIELDING (intent=YIELD)
05:20:09.354 [AMR-01] CONFLICT_DETECTED peer=AMR-02 type=INTERSECTION node=(11, 9) safe_wait=(12, 9) DECISION=YIELD (Lower precedence at intersection (56.2 vs 56.2) -> Safe wait at (12, 9) for AMR-02)
05:20:09.456 [AMR-01] CONFLICT_DETECTED peer=AMR-02 type=INTERSECTION node=(11, 9) safe_wait=(12, 9) DECISION=PROCEED (Higher precedence (56.4 vs 56.1) -> Proceed through (11, 9))
05:20:09.456 [AMR-01] STATE_TRANSITION YIELDING -> MOVING (intent=MOVE)
05:20:09.555 [AMR-01] STATE_TRANSITION MOVING -> EMERGENCY_STOP (intent=STOP)
05:20:09.556 [AMR-01] SAFETY_STOP min_obstacle_distance=1.00m <= 1.2m
05:20:09.656 [AMR-01] CONFLICT_DETECTED peer=AMR-02 type=INTERSECTION node=(11, 9) safe_wait=(12, 9) DECISION=YIELD (Lower precedence at intersection (56.0 vs 56.3) -> Safe wait at (12, 9) for AMR-02)
05:20:09.656 [AMR-01] STATE_TRANSITION EMERGENCY_STOP -> YIELDING (intent=YIELD)
05:20:09.756 [AMR-01] CONFLICT_DETECTED peer=AMR-02 type=INTERSECTION node=(11, 9) safe_wait=(12, 9) DECISION=PROCEED (Higher precedence (56.2 vs 56.2) -> Proceed through (11, 9))
05:20:09.756 [AMR-01] STATE_TRANSITION YIELDING -> MOVING (intent=MOVE)
05:20:09.856 [AMR-01] STATE_TRANSITION MOVING -> EMERGENCY_STOP (intent=STOP)
05:20:09.856 [AMR-01] SAFETY_STOP min_obstacle_distance=1.01m <= 1.2m
05:20:09.957 [AMR-01] CONFLICT_DETECTED peer=AMR-02 type=INTERSECTION node=(11, 9) safe_wait=(12, 9) DECISION=YIELD (Lower precedence at intersection (56.1 vs 56.4) -> Safe wait at (12, 9) for AMR-02)
05:20:09.957 [AMR-01] STATE_TRANSITION EMERGENCY_STOP -> YIELDING (intent=YIELD)
05:20:10.058 [AMR-01] CONFLICT_DETECTED peer=AMR-02 type=INTERSECTION node=(11, 9) safe_wait=(12, 9) DECISION=YIELD (Lower precedence at intersection (56.3 vs 56.4) -> Safe wait at (12, 9) for AMR-02)
05:20:10.158 [AMR-01] CONFLICT_DETECTED peer=AMR-02 type=INTERSECTION node=(11, 9) safe_wait=(12, 9) DECISION=PROCEED (Higher precedence (56.5 vs 56.3) -> Proceed through (11, 9))
05:20:10.159 [AMR-01] STATE_TRANSITION YIELDING -> MOVING (intent=MOVE)
05:20:10.258 [AMR-01] STATE_TRANSITION MOVING -> EMERGENCY_STOP (intent=STOP)
05:20:10.258 [AMR-01] SAFETY_STOP min_obstacle_distance=1.04m <= 1.2m
05:20:10.358 [AMR-01] CONFLICT_DETECTED peer=AMR-02 type=INTERSECTION node=(11, 9) safe_wait=(12, 9) DECISION=YIELD (Lower precedence at intersection (56.4 vs 56.5) -> Safe wait at (12, 9) for AMR-02)
05:20:10.358 [AMR-01] STATE_TRANSITION EMERGENCY_STOP -> YIELDING (intent=YIELD)
05:20:10.460 [AMR-01] CONFLICT_DETECTED peer=AMR-02 type=INTERSECTION node=(11, 9) safe_wait=(12, 9) DECISION=YIELD (Lower precedence at intersection (56.6 vs 56.7) -> Safe wait at (12, 9) for AMR-02)
05:20:10.559 [AMR-01] CONFLICT_DETECTED peer=AMR-02 type=INTERSECTION node=(11, 9) safe_wait=(12, 9) DECISION=PROCEED (Higher precedence (56.6 vs 56.5) -> Proceed through (11, 9))
05:20:10.559 [AMR-01] STATE_TRANSITION YIELDING -> MOVING (intent=MOVE)
05:20:10.660 [AMR-01] STATE_TRANSITION MOVING -> EMERGENCY_STOP (intent=STOP)
05:20:10.660 [AMR-01] SAFETY_STOP min_obstacle_distance=1.01m <= 1.2m
05:20:10.762 [AMR-01] CONFLICT_DETECTED peer=AMR-02 type=INTERSECTION node=(11, 9) safe_wait=(12, 9) DECISION=YIELD (Lower precedence at intersection (56.5 vs 56.5) -> Safe wait at (12, 9) for AMR-02)
05:20:10.762 [AMR-01] STATE_TRANSITION EMERGENCY_STOP -> YIELDING (intent=YIELD)
05:20:10.863 [AMR-01] CONFLICT_DETECTED peer=AMR-02 type=INTERSECTION node=(11, 9) safe_wait=(12, 9) DECISION=YIELD (Lower precedence at intersection (56.7 vs 56.7) -> Safe wait at (12, 9) for AMR-02)
05:20:10.964 [AMR-01] CONFLICT_DETECTED peer=AMR-02 type=INTERSECTION node=(11, 9) safe_wait=(12, 9) DECISION=PROCEED (Higher precedence (56.9 vs 56.6) -> Proceed through (11, 9))
05:20:10.964 [AMR-01] STATE_TRANSITION YIELDING -> MOVING (intent=MOVE)
05:20:11.064 [AMR-01] STATE_TRANSITION MOVING -> EMERGENCY_STOP (intent=STOP)
05:20:11.064 [AMR-01] SAFETY_STOP min_obstacle_distance=1.04m <= 1.2m
05:20:11.165 [AMR-01] CONFLICT_DETECTED peer=AMR-02 type=INTERSECTION node=(11, 9) safe_wait=(12, 9) DECISION=YIELD (Lower precedence at intersection (56.8 vs 56.8) -> Safe wait at (12, 9) for AMR-02)
05:20:11.165 [AMR-01] STATE_TRANSITION EMERGENCY_STOP -> YIELDING (intent=YIELD)
05:20:11.265 [AMR-01] CONFLICT_DETECTED peer=AMR-02 type=INTERSECTION node=(11, 9) safe_wait=(12, 9) DECISION=YIELD (Lower precedence at intersection (57.0 vs 57.0) -> Safe wait at (12, 9) for AMR-02)
05:20:11.366 [AMR-01] CONFLICT_DETECTED peer=AMR-02 type=INTERSECTION node=(11, 9) safe_wait=(12, 9) DECISION=PROCEED (Higher precedence (57.2 vs 56.9) -> Proceed through (11, 9))
05:20:11.366 [AMR-01] STATE_TRANSITION YIELDING -> MOVING (intent=MOVE)
05:20:11.466 [AMR-01] STATE_TRANSITION MOVING -> EMERGENCY_STOP (intent=STOP)
05:20:11.485 [AMR-01] SAFETY_STOP min_obstacle_distance=1.10m <= 1.2m
05:20:11.567 [AMR-01] CONFLICT_DETECTED peer=AMR-02 type=INTERSECTION node=(11, 9) safe_wait=(12, 9) DECISION=YIELD (Lower precedence at intersection (56.8 vs 57.1) -> Safe wait at (12, 9) for AMR-02)
05:20:11.567 [AMR-01] STATE_TRANSITION EMERGENCY_STOP -> YIELDING (intent=YIELD)
05:20:11.668 [AMR-01] CONFLICT_DETECTED peer=AMR-02 type=INTERSECTION node=(11, 9) safe_wait=(12, 9) DECISION=YIELD (Lower precedence at intersection (57.0 vs 57.1) -> Safe wait at (12, 9) for AMR-02)
05:20:11.769 [AMR-01] CONFLICT_DETECTED peer=AMR-02 type=INTERSECTION node=(11, 9) safe_wait=(12, 9) DECISION=PROCEED (Higher precedence (57.2 vs 57.0) -> Proceed through (11, 9))
05:20:11.769 [AMR-01] STATE_TRANSITION YIELDING -> MOVING (intent=MOVE)
05:20:11.870 [AMR-01] STATE_TRANSITION MOVING -> EMERGENCY_STOP (intent=STOP)
05:20:11.871 [AMR-01] SAFETY_STOP min_obstacle_distance=1.01m <= 1.2m
05:20:11.971 [AMR-01] CONFLICT_DETECTED peer=AMR-02 type=INTERSECTION node=(11, 9) safe_wait=(12, 9) DECISION=YIELD (Lower precedence at intersection (57.1 vs 57.2) -> Safe wait at (12, 9) for AMR-02)
05:20:11.971 [AMR-01] STATE_TRANSITION EMERGENCY_STOP -> YIELDING (intent=YIELD)
05:20:12.072 [AMR-01] CONFLICT_DETECTED peer=AMR-02 type=INTERSECTION node=(11, 9) safe_wait=(12, 9) DECISION=YIELD (Lower precedence at intersection (57.3 vs 57.4) -> Safe wait at (12, 9) for AMR-02)
05:20:12.173 [AMR-01] CONFLICT_DETECTED peer=AMR-02 type=INTERSECTION node=(11, 9) safe_wait=(12, 9) DECISION=PROCEED (Higher precedence (57.5 vs 57.3) -> Proceed through (11, 9))
05:20:12.173 [AMR-01] STATE_TRANSITION YIELDING -> MOVING (intent=MOVE)
05:20:12.273 [AMR-01] STATE_TRANSITION MOVING -> EMERGENCY_STOP (intent=STOP)
05:20:12.274 [AMR-01] SAFETY_STOP min_obstacle_distance=1.04m <= 1.2m
05:20:12.374 [AMR-01] CONFLICT_DETECTED peer=AMR-02 type=INTERSECTION node=(11, 9) safe_wait=(12, 9) DECISION=YIELD (Lower precedence at intersection (57.4 vs 57.5) -> Safe wait at (12, 9) for AMR-02)
05:20:12.374 [AMR-01] STATE_TRANSITION EMERGENCY_STOP -> YIELDING (intent=YIELD)
05:20:12.474 [AMR-01] CONFLICT_DETECTED peer=AMR-02 type=INTERSECTION node=(11, 9) safe_wait=(12, 9) DECISION=YIELD (Lower precedence at intersection (57.6 vs 57.7) -> Safe wait at (12, 9) for AMR-02)
05:20:12.575 [AMR-01] CONFLICT_DETECTED peer=AMR-02 type=INTERSECTION node=(11, 9) safe_wait=(12, 9) DECISION=PROCEED (Higher precedence (57.6 vs 57.5) -> Proceed through (11, 9))
05:20:12.575 [AMR-01] STATE_TRANSITION YIELDING -> MOVING (intent=MOVE)
05:20:12.675 [AMR-01] STATE_TRANSITION MOVING -> EMERGENCY_STOP (intent=STOP)
05:20:12.675 [AMR-01] SAFETY_STOP min_obstacle_distance=1.01m <= 1.2m
05:20:12.776 [AMR-01] CONFLICT_DETECTED peer=AMR-02 type=INTERSECTION node=(11, 9) safe_wait=(12, 9) DECISION=YIELD (Lower precedence at intersection (57.5 vs 57.5) -> Safe wait at (12, 9) for AMR-02)
05:20:12.776 [AMR-01] STATE_TRANSITION EMERGENCY_STOP -> YIELDING (intent=YIELD)
05:20:12.877 [AMR-01] CONFLICT_DETECTED peer=AMR-02 type=INTERSECTION node=(11, 9) safe_wait=(12, 9) DECISION=YIELD (Lower precedence at intersection (57.7 vs 57.7) -> Safe wait at (12, 9) for AMR-02)
05:20:12.977 [AMR-01] CONFLICT_DETECTED peer=AMR-02 type=INTERSECTION node=(11, 9) safe_wait=(12, 9) DECISION=PROCEED (Higher precedence (57.9 vs 57.6) -> Proceed through (11, 9))
05:20:12.977 [AMR-01] STATE_TRANSITION YIELDING -> MOVING (intent=MOVE)
05:20:13.078 [AMR-01] STATE_TRANSITION MOVING -> EMERGENCY_STOP (intent=STOP)
05:20:13.078 [AMR-01] SAFETY_STOP min_obstacle_distance=1.04m <= 1.2m
05:20:13.179 [AMR-01] CONFLICT_DETECTED peer=AMR-02 type=INTERSECTION node=(11, 9) safe_wait=(12, 9) DECISION=YIELD (Lower precedence at intersection (57.8 vs 57.8) -> Safe wait at (12, 9) for AMR-02)
05:20:13.179 [AMR-01] STATE_TRANSITION EMERGENCY_STOP -> YIELDING (intent=YIELD)
05:20:13.280 [AMR-01] CONFLICT_DETECTED peer=AMR-02 type=INTERSECTION node=(11, 9) safe_wait=(12, 9) DECISION=YIELD (Lower precedence at intersection (58.0 vs 58.0) -> Safe wait at (12, 9) for AMR-02)
05:20:13.381 [AMR-01] CONFLICT_DETECTED peer=AMR-02 type=INTERSECTION node=(11, 9) safe_wait=(12, 9) DECISION=PROCEED (Higher precedence (58.2 vs 57.9) -> Proceed through (11, 9))
05:20:13.381 [AMR-01] STATE_TRANSITION YIELDING -> MOVING (intent=MOVE)
05:20:13.481 [AMR-01] STATE_TRANSITION MOVING -> EMERGENCY_STOP (intent=STOP)
05:20:13.482 [AMR-01] SAFETY_STOP min_obstacle_distance=1.10m <= 1.2m
05:20:13.582 [AMR-01] CONFLICT_DETECTED peer=AMR-02 type=INTERSECTION node=(11, 9) safe_wait=(12, 9) DECISION=YIELD (Lower precedence at intersection (57.8 vs 58.1) -> Safe wait at (12, 9) for AMR-02)
05:20:13.582 [AMR-01] STATE_TRANSITION EMERGENCY_STOP -> YIELDING (intent=YIELD)
05:20:13.683 [AMR-01] CONFLICT_DETECTED peer=AMR-02 type=INTERSECTION node=(11, 9) safe_wait=(12, 9) DECISION=YIELD (Lower precedence at intersection (58.0 vs 58.1) -> Safe wait at (12, 9) for AMR-02)
05:20:13.784 [AMR-01] CONFLICT_DETECTED peer=AMR-02 type=INTERSECTION node=(11, 9) safe_wait=(12, 9) DECISION=PROCEED (Higher precedence (58.2 vs 58.0) -> Proceed through (11, 9))
05:20:13.784 [AMR-01] STATE_TRANSITION YIELDING -> MOVING (intent=MOVE)
05:20:13.884 [AMR-01] STATE_TRANSITION MOVING -> EMERGENCY_STOP (intent=STOP)
05:20:13.884 [AMR-01] SAFETY_STOP min_obstacle_distance=1.01m <= 1.2m
05:20:13.985 [AMR-01] CONFLICT_DETECTED peer=AMR-02 type=INTERSECTION node=(11, 9) safe_wait=(12, 9) DECISION=YIELD (Lower precedence at intersection (58.1 vs 58.2) -> Safe wait at (12, 9) for AMR-02)
05:20:13.985 [AMR-01] STATE_TRANSITION EMERGENCY_STOP -> YIELDING (intent=YIELD)
05:20:14.086 [AMR-01] CONFLICT_DETECTED peer=AMR-02 type=INTERSECTION node=(11, 9) safe_wait=(12, 9) DECISION=YIELD (Lower precedence at intersection (58.3 vs 58.4) -> Safe wait at (12, 9) for AMR-02)
05:20:14.187 [AMR-01] CONFLICT_DETECTED peer=AMR-02 type=INTERSECTION node=(11, 9) safe_wait=(12, 9) DECISION=PROCEED (Higher precedence (58.5 vs 58.3) -> Proceed through (11, 9))
05:20:14.187 [AMR-01] STATE_TRANSITION YIELDING -> MOVING (intent=MOVE)
05:20:14.287 [AMR-01] STATE_TRANSITION MOVING -> EMERGENCY_STOP (intent=STOP)
05:20:14.287 [AMR-01] SAFETY_STOP min_obstacle_distance=1.04m <= 1.2m
05:20:14.387 [AMR-01] CONFLICT_DETECTED peer=AMR-02 type=INTERSECTION node=(11, 9) safe_wait=(12, 9) DECISION=YIELD (Lower precedence at intersection (58.4 vs 58.5) -> Safe wait at (12, 9) for AMR-02)
05:20:14.387 [AMR-01] STATE_TRANSITION EMERGENCY_STOP -> YIELDING (intent=YIELD)
05:20:14.488 [AMR-01] CONFLICT_DETECTED peer=AMR-02 type=INTERSECTION node=(11, 9) safe_wait=(12, 9) DECISION=YIELD (Lower precedence at intersection (58.6 vs 58.7) -> Safe wait at (12, 9) for AMR-02)
05:20:14.589 [AMR-01] CONFLICT_DETECTED peer=AMR-02 type=INTERSECTION node=(11, 9) safe_wait=(12, 9) DECISION=PROCEED (Higher precedence (58.6 vs 58.6) -> Proceed through (11, 9))
05:20:14.589 [AMR-01] STATE_TRANSITION YIELDING -> MOVING (intent=MOVE)
05:20:14.690 [AMR-01] STATE_TRANSITION MOVING -> EMERGENCY_STOP (intent=STOP)
05:20:14.690 [AMR-01] SAFETY_STOP min_obstacle_distance=1.01m <= 1.2m
05:20:14.790 [AMR-01] CONFLICT_DETECTED peer=AMR-02 type=INTERSECTION node=(11, 9) safe_wait=(12, 9) DECISION=YIELD (Lower precedence at intersection (58.5 vs 58.5) -> Safe wait at (12, 9) for AMR-02)
05:20:14.790 [AMR-01] STATE_TRANSITION EMERGENCY_STOP -> YIELDING (intent=YIELD)
05:20:14.891 [AMR-01] CONFLICT_DETECTED peer=AMR-02 type=INTERSECTION node=(11, 9) safe_wait=(12, 9) DECISION=YIELD (Lower precedence at intersection (58.7 vs 58.7) -> Safe wait at (12, 9) for AMR-02)
05:20:14.992 [AMR-01] CONFLICT_DETECTED peer=AMR-02 type=INTERSECTION node=(11, 9) safe_wait=(12, 9) DECISION=PROCEED (Higher precedence (58.9 vs 58.6) -> Proceed through (11, 9))
05:20:14.992 [AMR-01] STATE_TRANSITION YIELDING -> MOVING (intent=MOVE)
05:20:15.093 [AMR-01] STATE_TRANSITION MOVING -> EMERGENCY_STOP (intent=STOP)
05:20:15.093 [AMR-01] SAFETY_STOP min_obstacle_distance=1.04m <= 1.2m
05:20:15.194 [AMR-01] CONFLICT_DETECTED peer=AMR-02 type=INTERSECTION node=(11, 9) safe_wait=(12, 9) DECISION=YIELD (Lower precedence at intersection (58.8 vs 58.8) -> Safe wait at (12, 9) for AMR-02)
05:20:15.194 [AMR-01] STATE_TRANSITION EMERGENCY_STOP -> YIELDING (intent=YIELD)
05:20:15.295 [AMR-01] CONFLICT_DETECTED peer=AMR-02 type=INTERSECTION node=(11, 9) safe_wait=(12, 9) DECISION=YIELD (Lower precedence at intersection (59.0 vs 59.0) -> Safe wait at (12, 9) for AMR-02)
05:20:15.396 [AMR-01] CONFLICT_DETECTED peer=AMR-02 type=INTERSECTION node=(11, 9) safe_wait=(12, 9) DECISION=PROCEED (Higher precedence (59.2 vs 58.9) -> Proceed through (11, 9))
05:20:15.396 [AMR-01] STATE_TRANSITION YIELDING -> MOVING (intent=MOVE)
05:20:15.497 [AMR-01] STATE_TRANSITION MOVING -> EMERGENCY_STOP (intent=STOP)
05:20:15.497 [AMR-01] SAFETY_STOP min_obstacle_distance=1.10m <= 1.2m
05:20:15.598 [AMR-01] CONFLICT_DETECTED peer=AMR-02 type=INTERSECTION node=(11, 9) safe_wait=(12, 9) DECISION=YIELD (Lower precedence at intersection (58.8 vs 59.1) -> Safe wait at (12, 9) for AMR-02)
05:20:15.598 [AMR-01] STATE_TRANSITION EMERGENCY_STOP -> YIELDING (intent=YIELD)
05:20:15.698 [AMR-01] CONFLICT_DETECTED peer=AMR-02 type=INTERSECTION node=(11, 9) safe_wait=(12, 9) DECISION=YIELD (Lower precedence at intersection (59.0 vs 59.1) -> Safe wait at (12, 9) for AMR-02)
05:20:15.799 [AMR-01] CONFLICT_DETECTED peer=AMR-02 type=INTERSECTION node=(11, 9) safe_wait=(12, 9) DECISION=PROCEED (Higher precedence (59.2 vs 59.0) -> Proceed through (11, 9))
05:20:15.799 [AMR-01] STATE_TRANSITION YIELDING -> MOVING (intent=MOVE)
05:20:15.900 [AMR-01] STATE_TRANSITION MOVING -> EMERGENCY_STOP (intent=STOP)
05:20:15.900 [AMR-01] SAFETY_STOP min_obstacle_distance=1.01m <= 1.2m
05:20:16.001 [AMR-01] CONFLICT_DETECTED peer=AMR-02 type=INTERSECTION node=(11, 9) safe_wait=(12, 9) DECISION=YIELD (Lower precedence at intersection (59.1 vs 59.2) -> Safe wait at (12, 9) for AMR-02)
05:20:16.001 [AMR-01] STATE_TRANSITION EMERGENCY_STOP -> YIELDING (intent=YIELD)
05:20:16.102 [AMR-01] CONFLICT_DETECTED peer=AMR-02 type=INTERSECTION node=(11, 9) safe_wait=(12, 9) DECISION=YIELD (Lower precedence at intersection (59.3 vs 59.4) -> Safe wait at (12, 9) for AMR-02)
05:20:16.202 [AMR-01] CONFLICT_DETECTED peer=AMR-02 type=INTERSECTION node=(11, 9) safe_wait=(12, 9) DECISION=PROCEED (Higher precedence (59.5 vs 59.3) -> Proceed through (11, 9))
05:20:16.202 [AMR-01] STATE_TRANSITION YIELDING -> MOVING (intent=MOVE)
05:20:16.303 [AMR-01] STATE_TRANSITION MOVING -> EMERGENCY_STOP (intent=STOP)
05:20:16.303 [AMR-01] SAFETY_STOP min_obstacle_distance=1.04m <= 1.2m
05:20:16.404 [AMR-01] CONFLICT_DETECTED peer=AMR-02 type=INTERSECTION node=(11, 9) safe_wait=(12, 9) DECISION=YIELD (Lower precedence at intersection (59.4 vs 59.5) -> Safe wait at (12, 9) for AMR-02)
05:20:16.404 [AMR-01] STATE_TRANSITION EMERGENCY_STOP -> YIELDING (intent=YIELD)
05:20:16.506 [AMR-01] CONFLICT_DETECTED peer=AMR-02 type=INTERSECTION node=(11, 9) safe_wait=(12, 9) DECISION=YIELD (Lower precedence at intersection (59.6 vs 59.7) -> Safe wait at (12, 9) for AMR-02)
05:20:16.606 [AMR-01] CONFLICT_DETECTED peer=AMR-02 type=INTERSECTION node=(11, 9) safe_wait=(12, 9) DECISION=PROCEED (Higher precedence (59.6 vs 59.6) -> Proceed through (11, 9))
05:20:16.606 [AMR-01] STATE_TRANSITION YIELDING -> MOVING (intent=MOVE)
05:20:16.706 [AMR-01] STATE_TRANSITION MOVING -> EMERGENCY_STOP (intent=STOP)
05:20:16.706 [AMR-01] SAFETY_STOP min_obstacle_distance=1.01m <= 1.2m
05:20:16.806 [AMR-01] CONFLICT_DETECTED peer=AMR-02 type=INTERSECTION node=(11, 9) safe_wait=(12, 9) DECISION=YIELD (Lower precedence at intersection (59.5 vs 59.5) -> Safe wait at (12, 9) for AMR-02)
05:20:16.806 [AMR-01] STATE_TRANSITION EMERGENCY_STOP -> YIELDING (intent=YIELD)
05:20:16.907 [AMR-01] CONFLICT_DETECTED peer=AMR-02 type=INTERSECTION node=(11, 9) safe_wait=(12, 9) DECISION=YIELD (Lower precedence at intersection (59.7 vs 59.7) -> Safe wait at (12, 9) for AMR-02)
05:20:17.008 [AMR-01] CONFLICT_DETECTED peer=AMR-02 type=INTERSECTION node=(11, 9) safe_wait=(12, 9) DECISION=PROCEED (Higher precedence (59.9 vs 59.6) -> Proceed through (11, 9))
05:20:17.008 [AMR-01] STATE_TRANSITION YIELDING -> MOVING (intent=MOVE)
05:20:17.108 [AMR-01] STATE_TRANSITION MOVING -> EMERGENCY_STOP (intent=STOP)
05:20:17.108 [AMR-01] SAFETY_STOP min_obstacle_distance=1.04m <= 1.2m
05:20:17.209 [AMR-01] CONFLICT_DETECTED peer=AMR-02 type=INTERSECTION node=(11, 9) safe_wait=(12, 9) DECISION=YIELD (Lower precedence at intersection (59.8 vs 59.8) -> Safe wait at (12, 9) for AMR-02)
05:20:17.209 [AMR-01] STATE_TRANSITION EMERGENCY_STOP -> YIELDING (intent=YIELD)
05:20:17.310 [AMR-01] CONFLICT_DETECTED peer=AMR-02 type=INTERSECTION node=(11, 9) safe_wait=(12, 9) DECISION=YIELD (Lower precedence at intersection (60.0 vs 60.0) -> Safe wait at (12, 9) for AMR-02)
05:20:17.411 [AMR-01] CONFLICT_DETECTED peer=AMR-02 type=INTERSECTION node=(11, 9) safe_wait=(12, 9) DECISION=PROCEED (Higher precedence (60.2 vs 59.9) -> Proceed through (11, 9))
05:20:17.411 [AMR-01] STATE_TRANSITION YIELDING -> MOVING (intent=MOVE)
05:20:17.511 [AMR-01] STATE_TRANSITION MOVING -> EMERGENCY_STOP (intent=STOP)
05:20:17.511 [AMR-01] SAFETY_STOP min_obstacle_distance=1.10m <= 1.2m
05:20:17.612 [AMR-01] CONFLICT_DETECTED peer=AMR-02 type=INTERSECTION node=(11, 9) safe_wait=(12, 9) DECISION=YIELD (Lower precedence at intersection (59.8 vs 60.1) -> Safe wait at (12, 9) for AMR-02)
05:20:17.612 [AMR-01] STATE_TRANSITION EMERGENCY_STOP -> YIELDING (intent=YIELD)
05:20:17.713 [AMR-01] CONFLICT_DETECTED peer=AMR-02 type=INTERSECTION node=(11, 9) safe_wait=(12, 9) DECISION=YIELD (Lower precedence at intersection (60.0 vs 60.1) -> Safe wait at (12, 9) for AMR-02)
05:20:17.814 [AMR-01] CONFLICT_DETECTED peer=AMR-02 type=INTERSECTION node=(11, 9) safe_wait=(12, 9) DECISION=PROCEED (Higher precedence (60.2 vs 60.0) -> Proceed through (11, 9))
05:20:17.814 [AMR-01] STATE_TRANSITION YIELDING -> MOVING (intent=MOVE)
05:20:17.914 [AMR-01] STATE_TRANSITION MOVING -> EMERGENCY_STOP (intent=STOP)
05:20:17.914 [AMR-01] SAFETY_STOP min_obstacle_distance=1.01m <= 1.2m
05:20:18.014 [AMR-01] CONFLICT_DETECTED peer=AMR-02 type=INTERSECTION node=(11, 9) safe_wait=(12, 9) DECISION=YIELD (Lower precedence at intersection (60.1 vs 60.2) -> Safe wait at (12, 9) for AMR-02)
05:20:18.015 [AMR-01] STATE_TRANSITION EMERGENCY_STOP -> YIELDING (intent=YIELD)
05:20:18.115 [AMR-01] CONFLICT_DETECTED peer=AMR-02 type=INTERSECTION node=(11, 9) safe_wait=(12, 9) DECISION=YIELD (Lower precedence at intersection (60.3 vs 60.4) -> Safe wait at (12, 9) for AMR-02)
05:20:18.216 [AMR-01] CONFLICT_DETECTED peer=AMR-02 type=INTERSECTION node=(11, 9) safe_wait=(12, 9) DECISION=PROCEED (Higher precedence (60.5 vs 60.3) -> Proceed through (11, 9))
05:20:18.216 [AMR-01] STATE_TRANSITION YIELDING -> MOVING (intent=MOVE)
05:20:18.316 [AMR-01] STATE_TRANSITION MOVING -> EMERGENCY_STOP (intent=STOP)
05:20:18.316 [AMR-01] SAFETY_STOP min_obstacle_distance=1.04m <= 1.2m
05:20:18.417 [AMR-01] CONFLICT_DETECTED peer=AMR-02 type=INTERSECTION node=(11, 9) safe_wait=(12, 9) DECISION=YIELD (Lower precedence at intersection (60.4 vs 60.5) -> Safe wait at (12, 9) for AMR-02)
05:20:18.417 [AMR-01] STATE_TRANSITION EMERGENCY_STOP -> YIELDING (intent=YIELD)
05:20:18.517 [AMR-01] CONFLICT_DETECTED peer=AMR-02 type=INTERSECTION node=(11, 9) safe_wait=(12, 9) DECISION=YIELD (Lower precedence at intersection (60.4 vs 60.7) -> Safe wait at (12, 9) for AMR-02)
05:20:18.617 [AMR-01] CONFLICT_DETECTED peer=AMR-02 type=INTERSECTION node=(11, 9) safe_wait=(12, 9) DECISION=PROCEED (Higher precedence (60.6 vs 60.4) -> Proceed through (11, 9))
05:20:18.618 [AMR-01] STATE_TRANSITION YIELDING -> MOVING (intent=MOVE)
05:20:18.718 [AMR-01] STATE_TRANSITION MOVING -> EMERGENCY_STOP (intent=STOP)
05:20:18.718 [AMR-01] SAFETY_STOP min_obstacle_distance=1.01m <= 1.2m
05:20:18.819 [AMR-01] CONFLICT_DETECTED peer=AMR-02 type=INTERSECTION node=(11, 9) safe_wait=(12, 9) DECISION=YIELD (Lower precedence at intersection (60.5 vs 60.5) -> Safe wait at (12, 9) for AMR-02)
05:20:18.819 [AMR-01] STATE_TRANSITION EMERGENCY_STOP -> YIELDING (intent=YIELD)
05:20:18.919 [AMR-01] CONFLICT_DETECTED peer=AMR-02 type=INTERSECTION node=(11, 9) safe_wait=(12, 9) DECISION=YIELD (Lower precedence at intersection (60.7 vs 60.8) -> Safe wait at (12, 9) for AMR-02)
05:20:19.020 [AMR-01] CONFLICT_DETECTED peer=AMR-02 type=INTERSECTION node=(11, 9) safe_wait=(12, 9) DECISION=PROCEED (Higher precedence (60.9 vs 60.6) -> Proceed through (11, 9))
05:20:19.020 [AMR-01] STATE_TRANSITION YIELDING -> MOVING (intent=MOVE)
05:20:19.120 [AMR-01] STATE_TRANSITION MOVING -> EMERGENCY_STOP (intent=STOP)
05:20:19.120 [AMR-01] SAFETY_STOP min_obstacle_distance=1.04m <= 1.2m
05:20:19.221 [AMR-01] CONFLICT_DETECTED peer=AMR-02 type=INTERSECTION node=(11, 9) safe_wait=(12, 9) DECISION=YIELD (Lower precedence at intersection (60.8 vs 60.8) -> Safe wait at (12, 9) for AMR-02)
05:20:19.221 [AMR-01] STATE_TRANSITION EMERGENCY_STOP -> YIELDING (intent=YIELD)
05:20:19.321 [AMR-01] CONFLICT_DETECTED peer=AMR-02 type=INTERSECTION node=(11, 9) safe_wait=(12, 9) DECISION=YIELD (Lower precedence at intersection (61.0 vs 61.0) -> Safe wait at (12, 9) for AMR-02)
05:20:19.422 [AMR-01] CONFLICT_DETECTED peer=AMR-02 type=INTERSECTION node=(11, 9) safe_wait=(12, 9) DECISION=PROCEED (Higher precedence (61.2 vs 60.9) -> Proceed through (11, 9))
05:20:19.422 [AMR-01] STATE_TRANSITION YIELDING -> MOVING (intent=MOVE)
05:20:19.523 [AMR-01] STATE_TRANSITION MOVING -> EMERGENCY_STOP (intent=STOP)
05:20:19.523 [AMR-01] SAFETY_STOP min_obstacle_distance=1.00m <= 1.2m
05:20:19.624 [AMR-01] CONFLICT_DETECTED peer=AMR-02 type=INTERSECTION node=(12, 9) safe_wait=(13, 9) DECISION=YIELD (Lower precedence at intersection (60.8 vs 61.5) -> Safe wait at (13, 9) for AMR-02)
05:20:19.624 [AMR-01] STATE_TRANSITION EMERGENCY_STOP -> YIELDING (intent=YIELD)
05:20:19.725 [AMR-01] CONFLICT_DETECTED peer=AMR-02 type=INTERSECTION node=(12, 9) safe_wait=(13, 9) DECISION=YIELD (Lower precedence at intersection (61.0 vs 61.3) -> Safe wait at (13, 9) for AMR-02)
05:20:19.826 [AMR-01] CONFLICT_DETECTED peer=AMR-02 type=INTERSECTION node=(12, 9) safe_wait=(13, 9) DECISION=YIELD (Lower precedence at intersection (61.2 vs 61.3) -> Safe wait at (13, 9) for AMR-02)
05:20:19.926 [AMR-01] CONFLICT_DETECTED peer=AMR-02 type=INTERSECTION node=(12, 9) safe_wait=(13, 9) DECISION=PROCEED (Higher precedence (61.4 vs 61.2) -> Proceed through (12, 9))
05:20:19.926 [AMR-01] STATE_TRANSITION YIELDING -> MOVING (intent=MOVE)
05:20:20.026 [AMR-01] STATE_TRANSITION MOVING -> EMERGENCY_STOP (intent=STOP)
05:20:20.027 [AMR-01] SAFETY_STOP min_obstacle_distance=1.01m <= 1.2m
05:20:20.127 [AMR-01] CONFLICT_DETECTED peer=AMR-02 type=INTERSECTION node=(12, 9) safe_wait=(13, 9) DECISION=YIELD (Lower precedence at intersection (61.3 vs 61.4) -> Safe wait at (13, 9) for AMR-02)
05:20:20.127 [AMR-01] STATE_TRANSITION EMERGENCY_STOP -> YIELDING (intent=YIELD)
05:20:20.228 [AMR-01] CONFLICT_DETECTED peer=AMR-02 type=INTERSECTION node=(12, 9) safe_wait=(13, 9) DECISION=YIELD (Lower precedence at intersection (61.5 vs 61.6) -> Safe wait at (13, 9) for AMR-02)
05:20:20.329 [AMR-01] CONFLICT_DETECTED peer=AMR-02 type=INTERSECTION node=(12, 9) safe_wait=(13, 9) DECISION=PROCEED (Higher precedence (61.7 vs 61.5) -> Proceed through (12, 9))
05:20:20.330 [AMR-01] STATE_TRANSITION YIELDING -> MOVING (intent=MOVE)
05:20:20.430 [AMR-01] STATE_TRANSITION MOVING -> EMERGENCY_STOP (intent=STOP)
05:20:20.430 [AMR-01] SAFETY_STOP min_obstacle_distance=1.04m <= 1.2m
05:20:20.531 [AMR-01] CONFLICT_DETECTED peer=AMR-02 type=INTERSECTION node=(12, 9) safe_wait=(13, 9) DECISION=YIELD (Lower precedence at intersection (61.4 vs 61.7) -> Safe wait at (13, 9) for AMR-02)
05:20:20.531 [AMR-01] STATE_TRANSITION EMERGENCY_STOP -> YIELDING (intent=YIELD)
05:20:20.631 [AMR-01] CONFLICT_DETECTED peer=AMR-02 type=INTERSECTION node=(12, 9) safe_wait=(13, 9) DECISION=YIELD (Lower precedence at intersection (61.6 vs 61.6) -> Safe wait at (13, 9) for AMR-02)
05:20:20.731 [AMR-01] CONFLICT_DETECTED peer=AMR-02 type=INTERSECTION node=(12, 9) safe_wait=(13, 9) DECISION=PROCEED (Higher precedence (61.8 vs 61.5) -> Proceed through (12, 9))
05:20:20.731 [AMR-01] STATE_TRANSITION YIELDING -> MOVING (intent=MOVE)
05:20:20.833 [AMR-01] STATE_TRANSITION MOVING -> EMERGENCY_STOP (intent=STOP)
05:20:20.834 [AMR-01] SAFETY_STOP min_obstacle_distance=1.01m <= 1.2m
05:20:20.934 [AMR-01] CONFLICT_DETECTED peer=AMR-02 type=INTERSECTION node=(12, 9) safe_wait=(13, 9) DECISION=PROCEED (Higher precedence (61.7 vs 61.6) -> Proceed through (12, 9))
05:20:20.935 [AMR-01] STATE_TRANSITION EMERGENCY_STOP -> MOVING (intent=MOVE)
05:20:21.033 [AMR-01] STATE_TRANSITION MOVING -> EMERGENCY_STOP (intent=STOP)
05:20:21.034 [AMR-01] SAFETY_STOP min_obstacle_distance=1.04m <= 1.2m
05:20:21.135 [AMR-01] CONFLICT_DETECTED peer=AMR-02 type=INTERSECTION node=(12, 9) safe_wait=(13, 9) DECISION=YIELD (Lower precedence at intersection (61.6 vs 61.7) -> Safe wait at (13, 9) for AMR-02)
05:20:21.135 [AMR-01] STATE_TRANSITION EMERGENCY_STOP -> YIELDING (intent=YIELD)
05:20:21.236 [AMR-01] CONFLICT_DETECTED peer=AMR-02 type=INTERSECTION node=(12, 9) safe_wait=(13, 9) DECISION=PROCEED (Higher precedence (61.8 vs 61.7) -> Proceed through (12, 9))
05:20:21.236 [AMR-01] STATE_TRANSITION YIELDING -> MOVING (intent=MOVE)
05:20:21.337 [AMR-01] STATE_TRANSITION MOVING -> EMERGENCY_STOP (intent=STOP)
05:20:21.337 [AMR-01] SAFETY_STOP min_obstacle_distance=1.10m <= 1.2m
05:20:21.437 [AMR-01] CONFLICT_DETECTED peer=AMR-02 type=INTERSECTION node=(12, 9) safe_wait=(13, 9) DECISION=PROCEED (Higher precedence (61.7 vs 61.6) -> Proceed through (12, 9))
05:20:21.438 [AMR-01] STATE_TRANSITION EMERGENCY_STOP -> MOVING (intent=MOVE)
05:20:21.538 [AMR-01] STATE_TRANSITION MOVING -> EMERGENCY_STOP (intent=STOP)
05:20:21.538 [AMR-01] SAFETY_STOP min_obstacle_distance=1.00m <= 1.2m
05:20:21.638 [AMR-01] CONFLICT_DETECTED peer=AMR-02 type=INTERSECTION node=(11, 9) safe_wait=(12, 9) DECISION=PROCEED (Higher precedence (61.7 vs 61.5) -> Proceed through (11, 9))
05:20:21.638 [AMR-01] STATE_TRANSITION EMERGENCY_STOP -> MOVING (intent=MOVE)
05:20:21.738 [AMR-01] STATE_TRANSITION MOVING -> EMERGENCY_STOP (intent=STOP)
05:20:21.738 [AMR-01] SAFETY_STOP min_obstacle_distance=1.01m <= 1.2m
05:20:21.839 [AMR-01] CONFLICT_DETECTED peer=AMR-02 type=INTERSECTION node=(11, 9) safe_wait=(12, 9) DECISION=YIELD (Lower precedence at intersection (61.6 vs 61.9) -> Safe wait at (12, 9) for AMR-02)
05:20:21.839 [AMR-01] STATE_TRANSITION EMERGENCY_STOP -> YIELDING (intent=YIELD)
05:20:21.940 [AMR-01] CONFLICT_DETECTED peer=AMR-02 type=INTERSECTION node=(11, 9) safe_wait=(12, 9) DECISION=PROCEED (Higher precedence (61.8 vs 61.7) -> Proceed through (11, 9))
05:20:21.941 [AMR-01] STATE_TRANSITION YIELDING -> MOVING (intent=MOVE)
05:20:22.041 [AMR-01] STATE_TRANSITION MOVING -> EMERGENCY_STOP (intent=STOP)
05:20:22.041 [AMR-01] SAFETY_STOP min_obstacle_distance=1.04m <= 1.2m
05:20:22.142 [AMR-01] CONFLICT_DETECTED peer=AMR-02 type=INTERSECTION node=(11, 9) safe_wait=(12, 9) DECISION=YIELD (Lower precedence at intersection (61.7 vs 61.9) -> Safe wait at (12, 9) for AMR-02)
05:20:22.143 [AMR-01] STATE_TRANSITION EMERGENCY_STOP -> YIELDING (intent=YIELD)
05:20:22.243 [AMR-01] CONFLICT_DETECTED peer=AMR-02 type=INTERSECTION node=(11, 9) safe_wait=(12, 9) DECISION=PROCEED (Higher precedence (61.9 vs 61.8) -> Proceed through (11, 9))
05:20:22.243 [AMR-01] STATE_TRANSITION YIELDING -> MOVING (intent=MOVE)
05:20:22.343 [AMR-01] STATE_TRANSITION MOVING -> EMERGENCY_STOP (intent=STOP)
05:20:22.343 [AMR-01] SAFETY_STOP min_obstacle_distance=1.10m <= 1.2m
05:20:22.444 [AMR-01] CONFLICT_DETECTED peer=AMR-02 type=INTERSECTION node=(11, 9) safe_wait=(12, 9) DECISION=YIELD (Lower precedence at intersection (61.8 vs 62.0) -> Safe wait at (12, 9) for AMR-02)
05:20:22.444 [AMR-01] STATE_TRANSITION EMERGENCY_STOP -> YIELDING (intent=YIELD)
05:20:22.544 [AMR-01] CONFLICT_DETECTED peer=AMR-02 type=INTERSECTION node=(11, 9) safe_wait=(12, 9) DECISION=PROCEED (Higher precedence (61.7 vs 61.6) -> Proceed through (11, 9))
05:20:22.544 [AMR-01] STATE_TRANSITION YIELDING -> MOVING (intent=MOVE)
05:20:22.644 [AMR-01] STATE_TRANSITION MOVING -> EMERGENCY_STOP (intent=STOP)
05:20:22.645 [AMR-01] SAFETY_STOP min_obstacle_distance=1.01m <= 1.2m
05:20:22.746 [AMR-01] CONFLICT_DETECTED peer=AMR-02 type=INTERSECTION node=(11, 9) safe_wait=(12, 9) DECISION=YIELD (Lower precedence at intersection (61.6 vs 61.9) -> Safe wait at (12, 9) for AMR-02)
05:20:22.746 [AMR-01] STATE_TRANSITION EMERGENCY_STOP -> YIELDING (intent=YIELD)
05:20:22.846 [AMR-01] CONFLICT_DETECTED peer=AMR-02 type=INTERSECTION node=(11, 9) safe_wait=(12, 9) DECISION=PROCEED (Higher precedence (61.8 vs 61.7) -> Proceed through (11, 9))
05:20:22.846 [AMR-01] STATE_TRANSITION YIELDING -> MOVING (intent=MOVE)
05:20:22.947 [AMR-01] STATE_TRANSITION MOVING -> EMERGENCY_STOP (intent=STOP)
05:20:22.947 [AMR-01] SAFETY_STOP min_obstacle_distance=1.04m <= 1.2m
05:20:23.046 [AMR-01] CONFLICT_DETECTED peer=AMR-02 type=INTERSECTION node=(11, 9) safe_wait=(12, 9) DECISION=YIELD (Lower precedence at intersection (61.7 vs 61.9) -> Safe wait at (12, 9) for AMR-02)
05:20:23.047 [AMR-01] STATE_TRANSITION EMERGENCY_STOP -> YIELDING (intent=YIELD)
05:20:23.148 [AMR-01] CONFLICT_DETECTED peer=AMR-02 type=INTERSECTION node=(11, 9) safe_wait=(12, 9) DECISION=PROCEED (Higher precedence (61.9 vs 61.8) -> Proceed through (11, 9))
05:20:23.148 [AMR-01] STATE_TRANSITION YIELDING -> MOVING (intent=MOVE)
05:20:23.248 [AMR-01] STATE_TRANSITION MOVING -> EMERGENCY_STOP (intent=STOP)
05:20:23.248 [AMR-01] SAFETY_STOP min_obstacle_distance=1.10m <= 1.2m
05:20:23.349 [AMR-01] CONFLICT_DETECTED peer=AMR-02 type=INTERSECTION node=(11, 9) safe_wait=(12, 9) DECISION=YIELD (Lower precedence at intersection (61.8 vs 62.0) -> Safe wait at (12, 9) for AMR-02)
05:20:23.349 [AMR-01] STATE_TRANSITION EMERGENCY_STOP -> YIELDING (intent=YIELD)
05:20:23.450 [AMR-01] CONFLICT_DETECTED peer=AMR-02 type=INTERSECTION node=(11, 9) safe_wait=(12, 9) DECISION=PROCEED (Higher precedence (62.0 vs 61.9) -> Proceed through (11, 9))
05:20:23.450 [AMR-01] STATE_TRANSITION YIELDING -> MOVING (intent=MOVE)
05:20:23.551 [AMR-01] STATE_TRANSITION MOVING -> EMERGENCY_STOP (intent=STOP)
05:20:23.552 [AMR-01] SAFETY_STOP min_obstacle_distance=1.00m <= 1.2m
05:20:23.651 [AMR-01] CONFLICT_DETECTED peer=AMR-02 type=INTERSECTION node=(11, 9) safe_wait=(12, 9) DECISION=YIELD (Lower precedence at intersection (61.5 vs 61.9) -> Safe wait at (12, 9) for AMR-02)
05:20:23.651 [AMR-01] STATE_TRANSITION EMERGENCY_STOP -> YIELDING (intent=YIELD)
05:20:23.751 [AMR-01] CONFLICT_DETECTED peer=AMR-02 type=INTERSECTION node=(11, 9) safe_wait=(12, 9) DECISION=PROCEED (Higher precedence (61.7 vs 61.7) -> Proceed through (11, 9))
05:20:23.751 [AMR-01] STATE_TRANSITION YIELDING -> MOVING (intent=MOVE)
05:20:23.851 [AMR-01] STATE_TRANSITION MOVING -> EMERGENCY_STOP (intent=STOP)
05:20:23.851 [AMR-01] SAFETY_STOP min_obstacle_distance=1.01m <= 1.2m
05:20:23.952 [AMR-01] CONFLICT_DETECTED peer=AMR-02 type=INTERSECTION node=(11, 9) safe_wait=(12, 9) DECISION=YIELD (Lower precedence at intersection (61.6 vs 61.9) -> Safe wait at (12, 9) for AMR-02)
05:20:23.952 [AMR-01] STATE_TRANSITION EMERGENCY_STOP -> YIELDING (intent=YIELD)
05:20:24.052 [AMR-01] CONFLICT_DETECTED peer=AMR-02 type=INTERSECTION node=(11, 9) safe_wait=(12, 9) DECISION=PROCEED (Higher precedence (61.8 vs 61.8) -> Proceed through (11, 9))
05:20:24.052 [AMR-01] STATE_TRANSITION YIELDING -> MOVING (intent=MOVE)
05:20:24.153 [AMR-01] STATE_TRANSITION MOVING -> EMERGENCY_STOP (intent=STOP)
05:20:24.153 [AMR-01] SAFETY_STOP min_obstacle_distance=1.04m <= 1.2m
05:20:24.254 [AMR-01] CONFLICT_DETECTED peer=AMR-02 type=INTERSECTION node=(11, 9) safe_wait=(12, 9) DECISION=YIELD (Lower precedence at intersection (61.7 vs 62.0) -> Safe wait at (12, 9) for AMR-02)
05:20:24.254 [AMR-01] STATE_TRANSITION EMERGENCY_STOP -> YIELDING (intent=YIELD)
05:20:24.354 [AMR-01] CONFLICT_DETECTED peer=AMR-02 type=INTERSECTION node=(11, 9) safe_wait=(12, 9) DECISION=PROCEED (Higher precedence (61.9 vs 61.9) -> Proceed through (11, 9))
05:20:24.354 [AMR-01] STATE_TRANSITION YIELDING -> MOVING (intent=MOVE)
05:20:24.455 [AMR-01] STATE_TRANSITION MOVING -> EMERGENCY_STOP (intent=STOP)
05:20:24.455 [AMR-01] SAFETY_STOP min_obstacle_distance=1.10m <= 1.2m
05:20:24.555 [AMR-01] CONFLICT_DETECTED peer=AMR-02 type=INTERSECTION node=(11, 9) safe_wait=(12, 9) DECISION=YIELD (Lower precedence at intersection (61.5 vs 61.9) -> Safe wait at (12, 9) for AMR-02)
05:20:24.556 [AMR-01] STATE_TRANSITION EMERGENCY_STOP -> YIELDING (intent=YIELD)
05:20:24.656 [AMR-01] CONFLICT_DETECTED peer=AMR-02 type=INTERSECTION node=(11, 9) safe_wait=(12, 9) DECISION=PROCEED (Higher precedence (61.7 vs 61.7) -> Proceed through (11, 9))
05:20:24.656 [AMR-01] STATE_TRANSITION YIELDING -> MOVING (intent=MOVE)
05:20:24.757 [AMR-01] STATE_TRANSITION MOVING -> EMERGENCY_STOP (intent=STOP)
05:20:24.757 [AMR-01] SAFETY_STOP min_obstacle_distance=1.01m <= 1.2m
05:20:24.857 [AMR-01] CONFLICT_DETECTED peer=AMR-02 type=INTERSECTION node=(11, 9) safe_wait=(12, 9) DECISION=YIELD (Lower precedence at intersection (61.6 vs 61.9) -> Safe wait at (12, 9) for AMR-02)
05:20:24.857 [AMR-01] STATE_TRANSITION EMERGENCY_STOP -> YIELDING (intent=YIELD)
05:20:24.959 [AMR-01] CONFLICT_DETECTED peer=AMR-02 type=INTERSECTION node=(11, 9) safe_wait=(12, 9) DECISION=YIELD (Lower precedence at intersection (61.8 vs 61.9) -> Safe wait at (12, 9) for AMR-02)
05:20:25.059 [AMR-01] CONFLICT_DETECTED peer=AMR-02 type=INTERSECTION node=(11, 9) safe_wait=(12, 9) DECISION=PROCEED (Higher precedence (62.0 vs 61.8) -> Proceed through (11, 9))
05:20:25.060 [AMR-01] STATE_TRANSITION YIELDING -> MOVING (intent=MOVE)
05:20:25.159 [AMR-01] STATE_TRANSITION MOVING -> EMERGENCY_STOP (intent=STOP)
05:20:25.159 [AMR-01] SAFETY_STOP min_obstacle_distance=1.04m <= 1.2m
05:20:25.260 [AMR-01] CONFLICT_DETECTED peer=AMR-02 type=INTERSECTION node=(11, 9) safe_wait=(12, 9) DECISION=YIELD (Lower precedence at intersection (61.9 vs 62.2) -> Safe wait at (12, 9) for AMR-02)
05:20:25.260 [AMR-01] STATE_TRANSITION EMERGENCY_STOP -> YIELDING (intent=YIELD)
05:20:25.360 [AMR-01] CONFLICT_DETECTED peer=AMR-02 type=INTERSECTION node=(11, 9) safe_wait=(12, 9) DECISION=PROCEED (Higher precedence (62.1 vs 62.1) -> Proceed through (11, 9))
05:20:25.360 [AMR-01] STATE_TRANSITION YIELDING -> MOVING (intent=MOVE)
05:20:25.461 [AMR-01] STATE_TRANSITION MOVING -> EMERGENCY_STOP (intent=STOP)
05:20:25.462 [AMR-01] SAFETY_STOP min_obstacle_distance=1.10m <= 1.2m
05:20:25.561 [AMR-01] CONFLICT_DETECTED peer=AMR-02 type=INTERSECTION node=(11, 9) safe_wait=(12, 9) DECISION=YIELD (Lower precedence at intersection (61.7 vs 62.0) -> Safe wait at (12, 9) for AMR-02)
05:20:25.561 [AMR-01] STATE_TRANSITION EMERGENCY_STOP -> YIELDING (intent=YIELD)
05:20:25.662 [AMR-01] CONFLICT_DETECTED peer=AMR-02 type=INTERSECTION node=(11, 9) safe_wait=(12, 9) DECISION=PROCEED (Higher precedence (61.9 vs 61.9) -> Proceed through (11, 9))
05:20:25.662 [AMR-01] STATE_TRANSITION YIELDING -> MOVING (intent=MOVE)
05:20:25.762 [AMR-01] STATE_TRANSITION MOVING -> EMERGENCY_STOP (intent=STOP)
05:20:25.762 [AMR-01] SAFETY_STOP min_obstacle_distance=1.01m <= 1.2m
05:20:25.863 [AMR-01] CONFLICT_DETECTED peer=AMR-02 type=INTERSECTION node=(11, 9) safe_wait=(12, 9) DECISION=YIELD (Lower precedence at intersection (61.8 vs 62.1) -> Safe wait at (12, 9) for AMR-02)
05:20:25.863 [AMR-01] STATE_TRANSITION EMERGENCY_STOP -> YIELDING (intent=YIELD)
05:20:25.964 [AMR-01] CONFLICT_DETECTED peer=AMR-02 type=INTERSECTION node=(11, 9) safe_wait=(12, 9) DECISION=YIELD (Lower precedence at intersection (62.0 vs 62.1) -> Safe wait at (12, 9) for AMR-02)
05:20:26.065 [AMR-01] CONFLICT_DETECTED peer=AMR-02 type=INTERSECTION node=(11, 9) safe_wait=(12, 9) DECISION=PROCEED (Higher precedence (62.2 vs 62.0) -> Proceed through (11, 9))
05:20:26.065 [AMR-01] STATE_TRANSITION YIELDING -> MOVING (intent=MOVE)
05:20:26.165 [AMR-01] STATE_TRANSITION MOVING -> EMERGENCY_STOP (intent=STOP)
05:20:26.165 [AMR-01] SAFETY_STOP min_obstacle_distance=1.04m <= 1.2m
05:20:26.266 [AMR-01] CONFLICT_DETECTED peer=AMR-02 type=INTERSECTION node=(11, 9) safe_wait=(12, 9) DECISION=YIELD (Lower precedence at intersection (62.1 vs 62.2) -> Safe wait at (12, 9) for AMR-02)
05:20:26.266 [AMR-01] STATE_TRANSITION EMERGENCY_STOP -> YIELDING (intent=YIELD)
05:20:26.367 [AMR-01] CONFLICT_DETECTED peer=AMR-02 type=INTERSECTION node=(11, 9) safe_wait=(12, 9) DECISION=YIELD (Lower precedence at intersection (62.3 vs 62.4) -> Safe wait at (12, 9) for AMR-02)
05:20:26.470 [AMR-01] CONFLICT_DETECTED peer=AMR-02 type=INTERSECTION node=(11, 9) safe_wait=(12, 9) DECISION=PROCEED (Higher precedence (62.5 vs 62.3) -> Proceed through (11, 9))
05:20:26.470 [AMR-01] STATE_TRANSITION YIELDING -> MOVING (intent=MOVE)
05:20:26.570 [AMR-01] STATE_TRANSITION MOVING -> EMERGENCY_STOP (intent=STOP)
05:20:26.570 [AMR-01] SAFETY_STOP min_obstacle_distance=1.00m <= 1.2m
05:20:26.670 [AMR-01] CONFLICT_DETECTED peer=AMR-02 type=INTERSECTION node=(11, 9) safe_wait=(12, 9) DECISION=YIELD (Lower precedence at intersection (62.1 vs 62.3) -> Safe wait at (12, 9) for AMR-02)
05:20:26.671 [AMR-01] STATE_TRANSITION EMERGENCY_STOP -> YIELDING (intent=YIELD)
05:20:26.772 [AMR-01] CONFLICT_DETECTED peer=AMR-02 type=INTERSECTION node=(11, 9) safe_wait=(12, 9) DECISION=YIELD (Lower precedence at intersection (62.4 vs 62.5) -> Safe wait at (12, 9) for AMR-02)
05:20:26.872 [AMR-01] CONFLICT_DETECTED peer=AMR-02 type=INTERSECTION node=(11, 9) safe_wait=(12, 9) DECISION=PROCEED (Higher precedence (62.5 vs 62.3) -> Proceed through (11, 9))
05:20:26.872 [AMR-01] STATE_TRANSITION YIELDING -> MOVING (intent=MOVE)
05:20:26.973 [AMR-01] STATE_TRANSITION MOVING -> EMERGENCY_STOP (intent=STOP)
05:20:26.973 [AMR-01] SAFETY_STOP min_obstacle_distance=1.01m <= 1.2m
05:20:27.074 [AMR-01] CONFLICT_DETECTED peer=AMR-02 type=INTERSECTION node=(11, 9) safe_wait=(12, 9) DECISION=YIELD (Lower precedence at intersection (62.4 vs 62.5) -> Safe wait at (12, 9) for AMR-02)
05:20:27.075 [AMR-01] STATE_TRANSITION EMERGENCY_STOP -> YIELDING (intent=YIELD)
05:20:27.176 [AMR-01] CONFLICT_DETECTED peer=AMR-02 type=INTERSECTION node=(11, 9) safe_wait=(12, 9) DECISION=YIELD (Lower precedence at intersection (62.6 vs 62.7) -> Safe wait at (12, 9) for AMR-02)
05:20:27.278 [AMR-01] CONFLICT_DETECTED peer=AMR-02 type=INTERSECTION node=(11, 9) safe_wait=(12, 9) DECISION=PROCEED (Higher precedence (62.8 vs 62.6) -> Proceed through (11, 9))
05:20:27.278 [AMR-01] STATE_TRANSITION YIELDING -> MOVING (intent=MOVE)
05:20:27.380 [AMR-01] STATE_TRANSITION MOVING -> EMERGENCY_STOP (intent=STOP)
05:20:27.380 [AMR-01] SAFETY_STOP min_obstacle_distance=1.05m <= 1.2m
05:20:27.481 [AMR-01] CONFLICT_DETECTED peer=AMR-02 type=INTERSECTION node=(11, 9) safe_wait=(12, 9) DECISION=YIELD (Lower precedence at intersection (62.7 vs 62.8) -> Safe wait at (12, 9) for AMR-02)
05:20:27.482 [AMR-01] STATE_TRANSITION EMERGENCY_STOP -> YIELDING (intent=YIELD)
05:20:27.582 [AMR-01] CONFLICT_DETECTED peer=AMR-02 type=INTERSECTION node=(11, 9) safe_wait=(12, 9) DECISION=YIELD (Lower precedence at intersection (62.8 vs 63.0) -> Safe wait at (12, 9) for AMR-02)
05:20:27.684 [AMR-01] CONFLICT_DETECTED peer=AMR-02 type=INTERSECTION node=(12, 9) safe_wait=(13, 9) DECISION=YIELD (Lower precedence at intersection (63.0 vs 63.2) -> Safe wait at (13, 9) for AMR-02)
05:20:27.784 [AMR-01] CONFLICT_DETECTED peer=AMR-02 type=INTERSECTION node=(12, 9) safe_wait=(13, 9) DECISION=YIELD (Lower precedence at intersection (63.1 vs 63.2) -> Safe wait at (13, 9) for AMR-02)
05:20:27.885 [AMR-01] CONFLICT_DETECTED peer=AMR-02 type=INTERSECTION node=(12, 9) safe_wait=(13, 9) DECISION=PROCEED (Higher precedence (63.4 vs 63.0) -> Proceed through (12, 9))
05:20:27.886 [AMR-01] STATE_TRANSITION YIELDING -> MOVING (intent=MOVE)
05:20:27.987 [AMR-01] STATE_TRANSITION MOVING -> EMERGENCY_STOP (intent=STOP)
05:20:27.987 [AMR-01] SAFETY_STOP min_obstacle_distance=1.01m <= 1.2m
05:20:28.089 [AMR-01] CONFLICT_DETECTED peer=AMR-02 type=INTERSECTION node=(12, 9) safe_wait=(13, 9) DECISION=YIELD (Lower precedence at intersection (63.2 vs 63.2) -> Safe wait at (13, 9) for AMR-02)
05:20:28.089 [AMR-01] STATE_TRANSITION EMERGENCY_STOP -> YIELDING (intent=YIELD)
05:20:28.190 [AMR-01] CONFLICT_DETECTED peer=AMR-02 type=INTERSECTION node=(12, 9) safe_wait=(13, 9) DECISION=YIELD (Lower precedence at intersection (63.4 vs 63.4) -> Safe wait at (13, 9) for AMR-02)
05:20:28.291 [AMR-01] CONFLICT_DETECTED peer=AMR-02 type=INTERSECTION node=(12, 9) safe_wait=(13, 9) DECISION=PROCEED (Higher precedence (63.6 vs 63.3) -> Proceed through (12, 9))
05:20:28.291 [AMR-01] STATE_TRANSITION YIELDING -> MOVING (intent=MOVE)
05:20:28.393 [AMR-01] STATE_TRANSITION MOVING -> EMERGENCY_STOP (intent=STOP)
05:20:28.393 [AMR-01] SAFETY_STOP min_obstacle_distance=1.05m <= 1.2m
05:20:28.495 [AMR-01] CONFLICT_DETECTED peer=AMR-02 type=INTERSECTION node=(12, 9) safe_wait=(13, 9) DECISION=YIELD (Lower precedence at intersection (63.5 vs 63.5) -> Safe wait at (13, 9) for AMR-02)
05:20:28.495 [AMR-01] STATE_TRANSITION EMERGENCY_STOP -> YIELDING (intent=YIELD)
05:20:28.596 [AMR-01] CONFLICT_DETECTED peer=AMR-02 type=INTERSECTION node=(12, 9) safe_wait=(13, 9) DECISION=YIELD (Lower precedence at intersection (63.6 vs 63.7) -> Safe wait at (13, 9) for AMR-02)
05:20:28.697 [AMR-01] CONFLICT_DETECTED peer=AMR-02 type=INTERSECTION node=(12, 9) safe_wait=(13, 9) DECISION=PROCEED (Higher precedence (63.8 vs 63.4) -> Proceed through (12, 9))
05:20:28.697 [AMR-01] STATE_TRANSITION YIELDING -> MOVING (intent=MOVE)
05:20:28.799 [AMR-01] STATE_TRANSITION MOVING -> EMERGENCY_STOP (intent=STOP)
05:20:28.799 [AMR-01] SAFETY_STOP min_obstacle_distance=1.01m <= 1.2m
05:20:28.900 [AMR-01] CONFLICT_DETECTED peer=AMR-02 type=INTERSECTION node=(12, 9) safe_wait=(13, 9) DECISION=PROCEED (Higher precedence (63.6 vs 63.6) -> Proceed through (12, 9))
05:20:28.901 [AMR-01] STATE_TRANSITION EMERGENCY_STOP -> MOVING (intent=MOVE)
05:20:29.002 [AMR-01] STATE_TRANSITION MOVING -> EMERGENCY_STOP (intent=STOP)
05:20:29.002 [AMR-01] SAFETY_STOP min_obstacle_distance=1.05m <= 1.2m
05:20:29.103 [AMR-01] CONFLICT_DETECTED peer=AMR-02 type=INTERSECTION node=(12, 9) safe_wait=(13, 9) DECISION=YIELD (Lower precedence at intersection (63.5 vs 63.6) -> Safe wait at (13, 9) for AMR-02)
05:20:29.104 [AMR-01] STATE_TRANSITION EMERGENCY_STOP -> YIELDING (intent=YIELD)
05:20:29.205 [AMR-01] CONFLICT_DETECTED peer=AMR-02 type=INTERSECTION node=(12, 9) safe_wait=(13, 9) DECISION=PROCEED (Higher precedence (63.7 vs 63.6) -> Proceed through (12, 9))
05:20:29.205 [AMR-01] STATE_TRANSITION YIELDING -> MOVING (intent=MOVE)
05:20:29.306 [AMR-01] STATE_TRANSITION MOVING -> EMERGENCY_STOP (intent=STOP)
05:20:29.306 [AMR-01] SAFETY_STOP min_obstacle_distance=1.10m <= 1.2m
05:20:29.407 [AMR-01] CONFLICT_DETECTED peer=AMR-02 type=INTERSECTION node=(12, 9) safe_wait=(13, 9) DECISION=PROCEED (Higher precedence (63.6 vs 63.5) -> Proceed through (12, 9))
05:20:29.407 [AMR-01] STATE_TRANSITION EMERGENCY_STOP -> MOVING (intent=MOVE)
05:20:29.509 [AMR-01] STATE_TRANSITION MOVING -> EMERGENCY_STOP (intent=STOP)
05:20:29.509 [AMR-01] SAFETY_STOP min_obstacle_distance=1.07m <= 1.2m
05:20:29.609 [AMR-01] CONFLICT_DETECTED peer=AMR-02 type=INTERSECTION node=(12, 9) safe_wait=(13, 9) DECISION=YIELD (Lower precedence at intersection (63.2 vs 63.6) -> Safe wait at (13, 9) for AMR-02)
05:20:29.609 [AMR-01] STATE_TRANSITION EMERGENCY_STOP -> YIELDING (intent=YIELD)
05:20:29.712 [AMR-01] CONFLICT_DETECTED peer=AMR-02 type=INTERSECTION node=(12, 9) safe_wait=(13, 9) DECISION=PROCEED (Higher precedence (63.4 vs 63.4) -> Proceed through (12, 9))
05:20:29.713 [AMR-01] STATE_TRANSITION YIELDING -> MOVING (intent=MOVE)
05:20:29.813 [AMR-01] STATE_TRANSITION MOVING -> EMERGENCY_STOP (intent=STOP)
05:20:29.813 [AMR-01] SAFETY_STOP min_obstacle_distance=1.01m <= 1.2m
05:20:29.913 [AMR-01] CONFLICT_DETECTED peer=AMR-02 type=INTERSECTION node=(12, 9) safe_wait=(13, 9) DECISION=YIELD (Lower precedence at intersection (63.2 vs 63.4) -> Safe wait at (13, 9) for AMR-02)
05:20:29.913 [AMR-01] STATE_TRANSITION EMERGENCY_STOP -> YIELDING (intent=YIELD)
05:20:30.013 [AMR-01] CONFLICT_DETECTED peer=AMR-02 type=INTERSECTION node=(12, 9) safe_wait=(13, 9) DECISION=YIELD (Lower precedence at intersection (63.4 vs 63.4) -> Safe wait at (13, 9) for AMR-02)
05:20:30.114 [AMR-01] CONFLICT_DETECTED peer=AMR-02 type=INTERSECTION node=(12, 9) safe_wait=(13, 9) DECISION=PROCEED (Higher precedence (63.6 vs 63.3) -> Proceed through (12, 9))
05:20:30.114 [AMR-01] STATE_TRANSITION YIELDING -> MOVING (intent=MOVE)
05:20:30.215 [AMR-01] STATE_TRANSITION MOVING -> EMERGENCY_STOP (intent=STOP)
05:20:30.215 [AMR-01] SAFETY_STOP min_obstacle_distance=1.05m <= 1.2m
05:20:30.315 [AMR-01] CONFLICT_DETECTED peer=AMR-02 type=INTERSECTION node=(12, 9) safe_wait=(13, 9) DECISION=PROCEED (Higher precedence (63.5 vs 63.5) -> Proceed through (12, 9))
05:20:30.316 [AMR-01] STATE_TRANSITION EMERGENCY_STOP -> MOVING (intent=MOVE)
05:20:30.416 [AMR-01] STATE_TRANSITION MOVING -> EMERGENCY_STOP (intent=STOP)
05:20:30.416 [AMR-01] SAFETY_STOP min_obstacle_distance=1.10m <= 1.2m
05:20:30.517 [AMR-01] CONFLICT_DETECTED peer=AMR-02 type=INTERSECTION node=(12, 9) safe_wait=(13, 9) DECISION=YIELD (Lower precedence at intersection (63.4 vs 63.6) -> Safe wait at (13, 9) for AMR-02)
05:20:30.517 [AMR-01] STATE_TRANSITION EMERGENCY_STOP -> YIELDING (intent=YIELD)
05:20:30.617 [AMR-01] CONFLICT_DETECTED peer=AMR-02 type=INTERSECTION node=(12, 9) safe_wait=(13, 9) DECISION=YIELD (Lower precedence at intersection (63.4 vs 63.6) -> Safe wait at (13, 9) for AMR-02)
05:20:30.717 [AMR-01] CONFLICT_DETECTED peer=AMR-02 type=INTERSECTION node=(12, 9) safe_wait=(13, 9) DECISION=PROCEED (Higher precedence (63.6 vs 63.2) -> Proceed through (12, 9))
05:20:30.717 [AMR-01] STATE_TRANSITION YIELDING -> MOVING (intent=MOVE)
05:20:30.818 [AMR-01] STATE_TRANSITION MOVING -> EMERGENCY_STOP (intent=STOP)
05:20:30.818 [AMR-01] SAFETY_STOP min_obstacle_distance=1.01m <= 1.2m
05:20:30.919 [AMR-01] CONFLICT_DETECTED peer=AMR-02 type=INTERSECTION node=(12, 9) safe_wait=(13, 9) DECISION=PROCEED (Higher precedence (63.4 vs 63.4) -> Proceed through (12, 9))
05:20:30.919 [AMR-01] STATE_TRANSITION EMERGENCY_STOP -> MOVING (intent=MOVE)
05:20:31.019 [AMR-01] STATE_TRANSITION MOVING -> EMERGENCY_STOP (intent=STOP)
05:20:31.019 [AMR-01] SAFETY_STOP min_obstacle_distance=1.04m <= 1.2m
05:20:31.120 [AMR-01] CONFLICT_DETECTED peer=AMR-02 type=INTERSECTION node=(12, 9) safe_wait=(13, 9) DECISION=YIELD (Lower precedence at intersection (63.3 vs 63.4) -> Safe wait at (13, 9) for AMR-02)
05:20:31.120 [AMR-01] STATE_TRANSITION EMERGENCY_STOP -> YIELDING (intent=YIELD)
05:20:31.221 [AMR-01] CONFLICT_DETECTED peer=AMR-02 type=INTERSECTION node=(12, 9) safe_wait=(13, 9) DECISION=PROCEED (Higher precedence (63.5 vs 63.4) -> Proceed through (12, 9))
05:20:31.222 [AMR-01] STATE_TRANSITION YIELDING -> MOVING (intent=MOVE)
05:20:31.322 [AMR-01] STATE_TRANSITION MOVING -> EMERGENCY_STOP (intent=STOP)
05:20:31.322 [AMR-01] SAFETY_STOP min_obstacle_distance=1.10m <= 1.2m
05:20:31.423 [AMR-01] CONFLICT_DETECTED peer=AMR-02 type=INTERSECTION node=(12, 9) safe_wait=(13, 9) DECISION=PROCEED (Higher precedence (63.4 vs 63.3) -> Proceed through (12, 9))
05:20:31.424 [AMR-01] STATE_TRANSITION EMERGENCY_STOP -> MOVING (intent=MOVE)
05:20:31.525 [AMR-01] STATE_TRANSITION MOVING -> EMERGENCY_STOP (intent=STOP)
05:20:31.525 [AMR-01] SAFETY_STOP min_obstacle_distance=1.00m <= 1.2m
05:20:31.625 [AMR-01] CONFLICT_DETECTED peer=AMR-02 type=INTERSECTION node=(12, 9) safe_wait=(13, 9) DECISION=YIELD (Lower precedence at intersection (63.0 vs 63.2) -> Safe wait at (13, 9) for AMR-02)
05:20:31.625 [AMR-01] STATE_TRANSITION EMERGENCY_STOP -> YIELDING (intent=YIELD)
05:20:31.726 [AMR-01] CONFLICT_DETECTED peer=AMR-02 type=INTERSECTION node=(12, 9) safe_wait=(13, 9) DECISION=YIELD (Lower precedence at intersection (63.1 vs 63.2) -> Safe wait at (13, 9) for AMR-02)
05:20:31.826 [AMR-01] CONFLICT_DETECTED peer=AMR-02 type=INTERSECTION node=(12, 9) safe_wait=(13, 9) DECISION=PROCEED (Higher precedence (63.4 vs 63.0) -> Proceed through (12, 9))
05:20:31.827 [AMR-01] STATE_TRANSITION YIELDING -> MOVING (intent=MOVE)
05:20:31.927 [AMR-01] STATE_TRANSITION MOVING -> EMERGENCY_STOP (intent=STOP)
05:20:31.927 [AMR-01] SAFETY_STOP min_obstacle_distance=1.01m <= 1.2m
05:20:32.028 [AMR-01] CONFLICT_DETECTED peer=AMR-02 type=INTERSECTION node=(12, 9) safe_wait=(13, 9) DECISION=PROCEED (Higher precedence (63.2 vs 63.2) -> Proceed through (12, 9))
05:20:32.029 [AMR-01] STATE_TRANSITION EMERGENCY_STOP -> MOVING (intent=MOVE)
05:20:32.129 [AMR-01] STATE_TRANSITION MOVING -> EMERGENCY_STOP (intent=STOP)
05:20:32.129 [AMR-01] SAFETY_STOP min_obstacle_distance=1.04m <= 1.2m
05:20:32.229 [AMR-01] CONFLICT_DETECTED peer=AMR-02 type=INTERSECTION node=(12, 9) safe_wait=(13, 9) DECISION=YIELD (Lower precedence at intersection (63.1 vs 63.3) -> Safe wait at (13, 9) for AMR-02)
05:20:32.229 [AMR-01] STATE_TRANSITION EMERGENCY_STOP -> YIELDING (intent=YIELD)
05:20:32.330 [AMR-01] CONFLICT_DETECTED peer=AMR-02 type=INTERSECTION node=(12, 9) safe_wait=(13, 9) DECISION=YIELD (Lower precedence at intersection (63.3 vs 63.3) -> Safe wait at (13, 9) for AMR-02)
05:20:32.430 [AMR-01] CONFLICT_DETECTED peer=AMR-02 type=INTERSECTION node=(12, 9) safe_wait=(13, 9) DECISION=PROCEED (Higher precedence (63.5 vs 63.2) -> Proceed through (12, 9))
05:20:32.430 [AMR-01] STATE_TRANSITION YIELDING -> MOVING (intent=MOVE)
05:20:32.530 [AMR-01] STATE_TRANSITION MOVING -> EMERGENCY_STOP (intent=STOP)
05:20:32.531 [AMR-01] SAFETY_STOP min_obstacle_distance=1.00m <= 1.2m
05:20:32.630 [AMR-01] CONFLICT_DETECTED peer=AMR-02 type=INTERSECTION node=(12, 9) safe_wait=(13, 9) DECISION=YIELD (Lower precedence at intersection (63.1 vs 63.2) -> Safe wait at (13, 9) for AMR-02)
05:20:32.631 [AMR-01] STATE_TRANSITION EMERGENCY_STOP -> YIELDING (intent=YIELD)
05:20:32.731 [AMR-01] CONFLICT_DETECTED peer=AMR-02 type=INTERSECTION node=(12, 9) safe_wait=(13, 9) DECISION=PROCEED (Higher precedence (63.4 vs 63.4) -> Proceed through (12, 9))
05:20:32.731 [AMR-01] STATE_TRANSITION YIELDING -> MOVING (intent=MOVE)
05:20:32.832 [AMR-01] STATE_TRANSITION MOVING -> EMERGENCY_STOP (intent=STOP)
05:20:32.832 [AMR-01] SAFETY_STOP min_obstacle_distance=1.01m <= 1.2m
05:20:32.934 [AMR-01] CONFLICT_DETECTED peer=AMR-02 type=INTERSECTION node=(12, 9) safe_wait=(13, 9) DECISION=PROCEED (Higher precedence (63.2 vs 63.2) -> Proceed through (12, 9))
05:20:32.934 [AMR-01] STATE_TRANSITION EMERGENCY_STOP -> MOVING (intent=MOVE)
05:20:33.033 [AMR-01] STATE_TRANSITION MOVING -> EMERGENCY_STOP (intent=STOP)
05:20:33.033 [AMR-01] SAFETY_STOP min_obstacle_distance=1.04m <= 1.2m
05:20:33.134 [AMR-01] CONFLICT_DETECTED peer=AMR-02 type=INTERSECTION node=(12, 9) safe_wait=(13, 9) DECISION=YIELD (Lower precedence at intersection (63.1 vs 63.3) -> Safe wait at (13, 9) for AMR-02)
05:20:33.134 [AMR-01] STATE_TRANSITION EMERGENCY_STOP -> YIELDING (intent=YIELD)
05:20:33.234 [AMR-01] CONFLICT_DETECTED peer=AMR-02 type=INTERSECTION node=(12, 9) safe_wait=(13, 9) DECISION=YIELD (Lower precedence at intersection (63.3 vs 63.3) -> Safe wait at (13, 9) for AMR-02)
05:20:33.336 [AMR-01] CONFLICT_DETECTED peer=AMR-02 type=INTERSECTION node=(12, 9) safe_wait=(13, 9) DECISION=PROCEED (Higher precedence (63.5 vs 63.2) -> Proceed through (12, 9))
05:20:33.336 [AMR-01] STATE_TRANSITION YIELDING -> MOVING (intent=MOVE)
05:20:33.436 [AMR-01] STATE_TRANSITION MOVING -> EMERGENCY_STOP (intent=STOP)
05:20:33.436 [AMR-01] SAFETY_STOP min_obstacle_distance=1.10m <= 1.2m
05:20:33.536 [AMR-01] CONFLICT_DETECTED peer=AMR-02 type=INTERSECTION node=(11, 9) safe_wait=(12, 9) DECISION=PROCEED (Higher precedence (63.6 vs 63.4) -> Proceed through (11, 9))
05:20:33.536 [AMR-01] STATE_TRANSITION EMERGENCY_STOP -> MOVING (intent=MOVE)
05:20:33.637 [AMR-01] STATE_TRANSITION MOVING -> EMERGENCY_STOP (intent=STOP)
05:20:33.637 [AMR-01] SAFETY_STOP min_obstacle_distance=1.01m <= 1.2m
05:20:33.739 [AMR-01] CONFLICT_DETECTED peer=AMR-02 type=INTERSECTION node=(11, 9) safe_wait=(12, 9) DECISION=YIELD (Lower precedence at intersection (63.5 vs 63.6) -> Safe wait at (12, 9) for AMR-02)
05:20:33.739 [AMR-01] STATE_TRANSITION EMERGENCY_STOP -> YIELDING (intent=YIELD)
05:20:33.839 [AMR-01] CONFLICT_DETECTED peer=AMR-02 type=INTERSECTION node=(11, 9) safe_wait=(12, 9) DECISION=YIELD (Lower precedence at intersection (63.7 vs 63.8) -> Safe wait at (12, 9) for AMR-02)
05:20:33.940 [AMR-01] CONFLICT_DETECTED peer=AMR-02 type=INTERSECTION node=(11, 9) safe_wait=(12, 9) DECISION=PROCEED (Higher precedence (63.9 vs 63.6) -> Proceed through (11, 9))
05:20:33.940 [AMR-01] STATE_TRANSITION YIELDING -> MOVING (intent=MOVE)
05:20:34.041 [AMR-01] STATE_TRANSITION MOVING -> EMERGENCY_STOP (intent=STOP)
05:20:34.041 [AMR-01] SAFETY_STOP min_obstacle_distance=1.04m <= 1.2m
05:20:34.141 [AMR-01] CONFLICT_DETECTED peer=AMR-02 type=INTERSECTION node=(11, 9) safe_wait=(12, 9) DECISION=YIELD (Lower precedence at intersection (63.8 vs 63.8) -> Safe wait at (12, 9) for AMR-02)
05:20:34.141 [AMR-01] STATE_TRANSITION EMERGENCY_STOP -> YIELDING (intent=YIELD)
05:20:34.242 [AMR-01] CONFLICT_DETECTED peer=AMR-02 type=INTERSECTION node=(11, 9) safe_wait=(12, 9) DECISION=YIELD (Lower precedence at intersection (64.0 vs 64.0) -> Safe wait at (12, 9) for AMR-02)
05:20:34.342 [AMR-01] CONFLICT_DETECTED peer=AMR-02 type=INTERSECTION node=(11, 9) safe_wait=(12, 9) DECISION=PROCEED (Higher precedence (64.2 vs 63.9) -> Proceed through (11, 9))
05:20:34.342 [AMR-01] STATE_TRANSITION YIELDING -> MOVING (intent=MOVE)
05:20:34.443 [AMR-01] STATE_TRANSITION MOVING -> EMERGENCY_STOP (intent=STOP)
05:20:34.443 [AMR-01] SAFETY_STOP min_obstacle_distance=1.10m <= 1.2m
05:20:34.544 [AMR-01] CONFLICT_DETECTED peer=AMR-02 type=INTERSECTION node=(11, 9) safe_wait=(12, 9) DECISION=YIELD (Lower precedence at intersection (63.9 vs 64.1) -> Safe wait at (12, 9) for AMR-02)
05:20:34.545 [AMR-01] STATE_TRANSITION EMERGENCY_STOP -> YIELDING (intent=YIELD)
05:20:34.645 [AMR-01] CONFLICT_DETECTED peer=AMR-02 type=INTERSECTION node=(11, 9) safe_wait=(12, 9) DECISION=PROCEED (Higher precedence (64.1 vs 64.0) -> Proceed through (11, 9))
05:20:34.645 [AMR-01] STATE_TRANSITION YIELDING -> MOVING (intent=MOVE)
05:20:34.745 [AMR-01] STATE_TRANSITION MOVING -> EMERGENCY_STOP (intent=STOP)
05:20:34.745 [AMR-01] SAFETY_STOP min_obstacle_distance=1.01m <= 1.2m
05:20:34.846 [AMR-01] CONFLICT_DETECTED peer=AMR-02 type=INTERSECTION node=(11, 9) safe_wait=(12, 9) DECISION=YIELD (Lower precedence at intersection (63.9 vs 64.2) -> Safe wait at (12, 9) for AMR-02)
05:20:34.846 [AMR-01] STATE_TRANSITION EMERGENCY_STOP -> YIELDING (intent=YIELD)
05:20:34.946 [AMR-01] CONFLICT_DETECTED peer=AMR-02 type=INTERSECTION node=(11, 9) safe_wait=(12, 9) DECISION=PROCEED (Higher precedence (64.1 vs 64.1) -> Proceed through (11, 9))
05:20:34.946 [AMR-01] STATE_TRANSITION YIELDING -> MOVING (intent=MOVE)
05:20:35.047 [AMR-01] STATE_TRANSITION MOVING -> EMERGENCY_STOP (intent=STOP)
05:20:35.047 [AMR-01] SAFETY_STOP min_obstacle_distance=1.04m <= 1.2m
05:20:35.147 [AMR-01] CONFLICT_DETECTED peer=AMR-02 type=INTERSECTION node=(11, 9) safe_wait=(12, 9) DECISION=YIELD (Lower precedence at intersection (64.0 vs 64.1) -> Safe wait at (12, 9) for AMR-02)
05:20:35.147 [AMR-01] STATE_TRANSITION EMERGENCY_STOP -> YIELDING (intent=YIELD)
05:20:35.247 [AMR-01] CONFLICT_DETECTED peer=AMR-02 type=INTERSECTION node=(11, 9) safe_wait=(12, 9) DECISION=YIELD (Lower precedence at intersection (64.2 vs 64.3) -> Safe wait at (12, 9) for AMR-02)
05:20:35.348 [AMR-01] CONFLICT_DETECTED peer=AMR-02 type=INTERSECTION node=(11, 9) safe_wait=(12, 9) DECISION=PROCEED (Higher precedence (64.4 vs 64.2) -> Proceed through (11, 9))
05:20:35.348 [AMR-01] STATE_TRANSITION YIELDING -> MOVING (intent=MOVE)
05:20:35.448 [AMR-01] STATE_TRANSITION MOVING -> EMERGENCY_STOP (intent=STOP)
05:20:35.448 [AMR-01] SAFETY_STOP min_obstacle_distance=1.10m <= 1.2m
05:20:35.551 [AMR-01] CONFLICT_DETECTED peer=AMR-02 type=INTERSECTION node=(11, 9) safe_wait=(12, 9) DECISION=YIELD (Lower precedence at intersection (64.0 vs 64.4) -> Safe wait at (12, 9) for AMR-02)
05:20:35.551 [AMR-01] STATE_TRANSITION EMERGENCY_STOP -> YIELDING (intent=YIELD)
05:20:35.649 [AMR-01] CONFLICT_DETECTED peer=AMR-02 type=INTERSECTION node=(11, 9) safe_wait=(12, 9) DECISION=YIELD (Lower precedence at intersection (64.3 vs 64.4) -> Safe wait at (12, 9) for AMR-02)
05:20:35.750 [AMR-01] CONFLICT_DETECTED peer=AMR-02 type=INTERSECTION node=(11, 9) safe_wait=(12, 9) DECISION=PROCEED (Higher precedence (64.5 vs 64.2) -> Proceed through (11, 9))
05:20:35.750 [AMR-01] STATE_TRANSITION YIELDING -> MOVING (intent=MOVE)
05:20:35.850 [AMR-01] STATE_TRANSITION MOVING -> EMERGENCY_STOP (intent=STOP)
05:20:35.850 [AMR-01] SAFETY_STOP min_obstacle_distance=1.01m <= 1.2m
05:20:35.951 [AMR-01] CONFLICT_DETECTED peer=AMR-02 type=INTERSECTION node=(11, 9) safe_wait=(12, 9) DECISION=YIELD (Lower precedence at intersection (64.3 vs 64.4) -> Safe wait at (12, 9) for AMR-02)
05:20:35.951 [AMR-01] STATE_TRANSITION EMERGENCY_STOP -> YIELDING (intent=YIELD)
05:20:36.052 [AMR-01] CONFLICT_DETECTED peer=AMR-02 type=INTERSECTION node=(11, 9) safe_wait=(12, 9) DECISION=YIELD (Lower precedence at intersection (64.5 vs 64.6) -> Safe wait at (12, 9) for AMR-02)
05:20:36.153 [AMR-01] CONFLICT_DETECTED peer=AMR-02 type=INTERSECTION node=(11, 9) safe_wait=(12, 9) DECISION=PROCEED (Higher precedence (64.7 vs 64.5) -> Proceed through (11, 9))
05:20:36.153 [AMR-01] STATE_TRANSITION YIELDING -> MOVING (intent=MOVE)
05:20:36.253 [AMR-01] STATE_TRANSITION MOVING -> EMERGENCY_STOP (intent=STOP)
05:20:36.253 [AMR-01] SAFETY_STOP min_obstacle_distance=1.04m <= 1.2m
05:20:36.353 [AMR-01] CONFLICT_DETECTED peer=AMR-02 type=INTERSECTION node=(11, 9) safe_wait=(12, 9) DECISION=YIELD (Lower precedence at intersection (64.6 vs 64.7) -> Safe wait at (12, 9) for AMR-02)
05:20:36.353 [AMR-01] STATE_TRANSITION EMERGENCY_STOP -> YIELDING (intent=YIELD)
05:20:36.453 [AMR-01] CONFLICT_DETECTED peer=AMR-02 type=INTERSECTION node=(11, 9) safe_wait=(12, 9) DECISION=YIELD (Lower precedence at intersection (64.8 vs 64.9) -> Safe wait at (12, 9) for AMR-02)
05:20:36.554 [AMR-01] CONFLICT_DETECTED peer=AMR-02 type=INTERSECTION node=(11, 9) safe_wait=(12, 9) DECISION=PROCEED (Higher precedence (64.9 vs 64.8) -> Proceed through (11, 9))
05:20:36.554 [AMR-01] STATE_TRANSITION YIELDING -> MOVING (intent=MOVE)
05:20:36.654 [AMR-01] STATE_TRANSITION MOVING -> EMERGENCY_STOP (intent=STOP)
05:20:36.654 [AMR-01] SAFETY_STOP min_obstacle_distance=1.01m <= 1.2m
05:20:36.755 [AMR-01] CONFLICT_DETECTED peer=AMR-02 type=INTERSECTION node=(11, 9) safe_wait=(12, 9) DECISION=YIELD (Lower precedence at intersection (64.7 vs 64.8) -> Safe wait at (12, 9) for AMR-02)
05:20:36.755 [AMR-01] STATE_TRANSITION EMERGENCY_STOP -> YIELDING (intent=YIELD)
05:20:36.857 [AMR-01] CONFLICT_DETECTED peer=AMR-02 type=INTERSECTION node=(11, 9) safe_wait=(12, 9) DECISION=YIELD (Lower precedence at intersection (64.9 vs 65.0) -> Safe wait at (12, 9) for AMR-02)
05:20:36.957 [AMR-01] CONFLICT_DETECTED peer=AMR-02 type=INTERSECTION node=(11, 9) safe_wait=(12, 9) DECISION=PROCEED (Higher precedence (65.1 vs 64.8) -> Proceed through (11, 9))
05:20:36.957 [AMR-01] STATE_TRANSITION YIELDING -> MOVING (intent=MOVE)
05:20:37.057 [AMR-01] STATE_TRANSITION MOVING -> EMERGENCY_STOP (intent=STOP)
05:20:37.057 [AMR-01] SAFETY_STOP min_obstacle_distance=1.04m <= 1.2m
05:20:37.158 [AMR-01] CONFLICT_DETECTED peer=AMR-02 type=INTERSECTION node=(11, 9) safe_wait=(12, 9) DECISION=YIELD (Lower precedence at intersection (65.0 vs 65.0) -> Safe wait at (12, 9) for AMR-02)
05:20:37.158 [AMR-01] STATE_TRANSITION EMERGENCY_STOP -> YIELDING (intent=YIELD)
05:20:37.258 [AMR-01] CONFLICT_DETECTED peer=AMR-02 type=INTERSECTION node=(11, 9) safe_wait=(12, 9) DECISION=YIELD (Lower precedence at intersection (65.2 vs 65.2) -> Safe wait at (12, 9) for AMR-02)
05:20:37.359 [AMR-01] CONFLICT_DETECTED peer=AMR-02 type=INTERSECTION node=(11, 9) safe_wait=(12, 9) DECISION=PROCEED (Higher precedence (65.4 vs 65.1) -> Proceed through (11, 9))
05:20:37.359 [AMR-01] STATE_TRANSITION YIELDING -> MOVING (intent=MOVE)
05:20:37.459 [AMR-01] STATE_TRANSITION MOVING -> EMERGENCY_STOP (intent=STOP)
05:20:37.459 [AMR-01] SAFETY_STOP min_obstacle_distance=1.10m <= 1.2m
05:20:37.559 [AMR-01] CONFLICT_DETECTED peer=AMR-02 type=INTERSECTION node=(11, 9) safe_wait=(12, 9) DECISION=YIELD (Lower precedence at intersection (65.1 vs 65.3) -> Safe wait at (12, 9) for AMR-02)
05:20:37.559 [AMR-01] STATE_TRANSITION EMERGENCY_STOP -> YIELDING (intent=YIELD)
05:20:37.660 [AMR-01] CONFLICT_DETECTED peer=AMR-02 type=INTERSECTION node=(11, 9) safe_wait=(12, 9) DECISION=YIELD (Lower precedence at intersection (65.3 vs 65.4) -> Safe wait at (12, 9) for AMR-02)
05:20:37.761 [AMR-01] CONFLICT_DETECTED peer=AMR-02 type=INTERSECTION node=(11, 9) safe_wait=(12, 9) DECISION=PROCEED (Higher precedence (65.5 vs 65.2) -> Proceed through (11, 9))
05:20:37.761 [AMR-01] STATE_TRANSITION YIELDING -> MOVING (intent=MOVE)
05:20:37.863 [AMR-01] STATE_TRANSITION MOVING -> EMERGENCY_STOP (intent=STOP)
05:20:37.863 [AMR-01] SAFETY_STOP min_obstacle_distance=1.01m <= 1.2m
05:20:37.964 [AMR-01] CONFLICT_DETECTED peer=AMR-02 type=INTERSECTION node=(11, 9) safe_wait=(12, 9) DECISION=YIELD (Lower precedence at intersection (65.3 vs 65.5) -> Safe wait at (12, 9) for AMR-02)
05:20:37.964 [AMR-01] STATE_TRANSITION EMERGENCY_STOP -> YIELDING (intent=YIELD)
05:20:38.064 [AMR-01] CONFLICT_DETECTED peer=AMR-02 type=INTERSECTION node=(11, 9) safe_wait=(12, 9) DECISION=YIELD (Lower precedence at intersection (65.5 vs 65.7) -> Safe wait at (12, 9) for AMR-02)
05:20:38.164 [AMR-01] CONFLICT_DETECTED peer=AMR-02 type=INTERSECTION node=(11, 9) safe_wait=(12, 9) DECISION=PROCEED (Higher precedence (65.7 vs 65.5) -> Proceed through (11, 9))
05:20:38.164 [AMR-01] STATE_TRANSITION YIELDING -> MOVING (intent=MOVE)
05:20:38.265 [AMR-01] STATE_TRANSITION MOVING -> EMERGENCY_STOP (intent=STOP)
05:20:38.265 [AMR-01] SAFETY_STOP min_obstacle_distance=1.04m <= 1.2m
05:20:38.366 [AMR-01] CONFLICT_DETECTED peer=AMR-02 type=INTERSECTION node=(11, 9) safe_wait=(12, 9) DECISION=YIELD (Lower precedence at intersection (65.6 vs 65.7) -> Safe wait at (12, 9) for AMR-02)
05:20:38.366 [AMR-01] STATE_TRANSITION EMERGENCY_STOP -> YIELDING (intent=YIELD)
05:20:38.467 [AMR-01] CONFLICT_DETECTED peer=AMR-02 type=INTERSECTION node=(11, 9) safe_wait=(12, 9) DECISION=YIELD (Lower precedence at intersection (65.8 vs 65.9) -> Safe wait at (12, 9) for AMR-02)
05:20:38.569 [AMR-01] CONFLICT_DETECTED peer=AMR-02 type=INTERSECTION node=(11, 9) safe_wait=(12, 9) DECISION=PROCEED (Higher precedence (65.9 vs 65.8) -> Proceed through (11, 9))
05:20:38.569 [AMR-01] STATE_TRANSITION YIELDING -> MOVING (intent=MOVE)
05:20:38.668 [AMR-01] STATE_TRANSITION MOVING -> EMERGENCY_STOP (intent=STOP)
05:20:38.668 [AMR-01] SAFETY_STOP min_obstacle_distance=1.01m <= 1.2m
05:20:38.769 [AMR-01] CONFLICT_DETECTED peer=AMR-02 type=INTERSECTION node=(11, 9) safe_wait=(12, 9) DECISION=YIELD (Lower precedence at intersection (65.7 vs 65.8) -> Safe wait at (12, 9) for AMR-02)
05:20:38.770 [AMR-01] STATE_TRANSITION EMERGENCY_STOP -> YIELDING (intent=YIELD)
05:20:38.870 [AMR-01] CONFLICT_DETECTED peer=AMR-02 type=INTERSECTION node=(11, 9) safe_wait=(12, 9) DECISION=YIELD (Lower precedence at intersection (65.9 vs 66.0) -> Safe wait at (12, 9) for AMR-02)
05:20:38.972 [AMR-01] CONFLICT_DETECTED peer=AMR-02 type=INTERSECTION node=(11, 9) safe_wait=(12, 9) DECISION=PROCEED (Higher precedence (66.2 vs 65.8) -> Proceed through (11, 9))
05:20:38.972 [AMR-01] STATE_TRANSITION YIELDING -> MOVING (intent=MOVE)
05:20:39.073 [AMR-01] STATE_TRANSITION MOVING -> EMERGENCY_STOP (intent=STOP)
05:20:39.073 [AMR-01] SAFETY_STOP min_obstacle_distance=1.04m <= 1.2m
05:20:39.174 [AMR-01] CONFLICT_DETECTED peer=AMR-02 type=INTERSECTION node=(11, 9) safe_wait=(12, 9) DECISION=YIELD (Lower precedence at intersection (66.0 vs 66.0) -> Safe wait at (12, 9) for AMR-02)
05:20:39.174 [AMR-01] STATE_TRANSITION EMERGENCY_STOP -> YIELDING (intent=YIELD)
05:20:39.275 [AMR-01] CONFLICT_DETECTED peer=AMR-02 type=INTERSECTION node=(11, 9) safe_wait=(12, 9) DECISION=YIELD (Lower precedence at intersection (66.2 vs 66.3) -> Safe wait at (12, 9) for AMR-02)
05:20:39.375 [AMR-01] CONFLICT_DETECTED peer=AMR-02 type=INTERSECTION node=(11, 9) safe_wait=(12, 9) DECISION=PROCEED (Higher precedence (66.4 vs 66.1) -> Proceed through (11, 9))
05:20:39.375 [AMR-01] STATE_TRANSITION YIELDING -> MOVING (intent=MOVE)
05:20:39.476 [AMR-01] STATE_TRANSITION MOVING -> EMERGENCY_STOP (intent=STOP)
05:20:39.476 [AMR-01] SAFETY_STOP min_obstacle_distance=1.10m <= 1.2m
05:20:39.576 [AMR-01] CONFLICT_DETECTED peer=AMR-02 type=INTERSECTION node=(11, 9) safe_wait=(12, 9) DECISION=YIELD (Lower precedence at intersection (66.1 vs 66.3) -> Safe wait at (12, 9) for AMR-02)
05:20:39.576 [AMR-01] STATE_TRANSITION EMERGENCY_STOP -> YIELDING (intent=YIELD)
05:20:39.677 [AMR-01] CONFLICT_DETECTED peer=AMR-02 type=INTERSECTION node=(11, 9) safe_wait=(12, 9) DECISION=YIELD (Lower precedence at intersection (66.3 vs 66.4) -> Safe wait at (12, 9) for AMR-02)
05:20:39.778 [AMR-01] CONFLICT_DETECTED peer=AMR-02 type=INTERSECTION node=(11, 9) safe_wait=(12, 9) DECISION=PROCEED (Higher precedence (66.5 vs 66.2) -> Proceed through (11, 9))
05:20:39.778 [AMR-01] STATE_TRANSITION YIELDING -> MOVING (intent=MOVE)
05:20:39.879 [AMR-01] STATE_TRANSITION MOVING -> EMERGENCY_STOP (intent=STOP)
05:20:39.879 [AMR-01] SAFETY_STOP min_obstacle_distance=1.01m <= 1.2m
05:20:39.980 [AMR-01] CONFLICT_DETECTED peer=AMR-02 type=INTERSECTION node=(11, 9) safe_wait=(12, 9) DECISION=YIELD (Lower precedence at intersection (66.3 vs 66.5) -> Safe wait at (12, 9) for AMR-02)
05:20:39.980 [AMR-01] STATE_TRANSITION EMERGENCY_STOP -> YIELDING (intent=YIELD)
05:20:40.081 [AMR-01] CONFLICT_DETECTED peer=AMR-02 type=INTERSECTION node=(11, 9) safe_wait=(12, 9) DECISION=YIELD (Lower precedence at intersection (66.5 vs 66.7) -> Safe wait at (12, 9) for AMR-02)
05:20:40.182 [AMR-01] CONFLICT_DETECTED peer=AMR-02 type=INTERSECTION node=(11, 9) safe_wait=(12, 9) DECISION=PROCEED (Higher precedence (66.8 vs 66.5) -> Proceed through (11, 9))
05:20:40.182 [AMR-01] STATE_TRANSITION YIELDING -> MOVING (intent=MOVE)
05:20:40.282 [AMR-01] STATE_TRANSITION MOVING -> EMERGENCY_STOP (intent=STOP)
05:20:40.282 [AMR-01] SAFETY_STOP min_obstacle_distance=1.04m <= 1.2m
05:20:40.382 [AMR-01] CONFLICT_DETECTED peer=AMR-02 type=INTERSECTION node=(11, 9) safe_wait=(12, 9) DECISION=YIELD (Lower precedence at intersection (66.6 vs 66.7) -> Safe wait at (12, 9) for AMR-02)
05:20:40.382 [AMR-01] STATE_TRANSITION EMERGENCY_STOP -> YIELDING (intent=YIELD)
05:20:40.483 [AMR-01] CONFLICT_DETECTED peer=AMR-02 type=INTERSECTION node=(11, 9) safe_wait=(12, 9) DECISION=YIELD (Lower precedence at intersection (66.8 vs 66.9) -> Safe wait at (12, 9) for AMR-02)
05:20:40.584 [AMR-01] CONFLICT_DETECTED peer=AMR-02 type=INTERSECTION node=(11, 9) safe_wait=(12, 9) DECISION=PROCEED (Higher precedence (66.9 vs 66.8) -> Proceed through (11, 9))
05:20:40.584 [AMR-01] STATE_TRANSITION YIELDING -> MOVING (intent=MOVE)
05:20:40.685 [AMR-01] STATE_TRANSITION MOVING -> EMERGENCY_STOP (intent=STOP)
05:20:40.685 [AMR-01] SAFETY_STOP min_obstacle_distance=1.01m <= 1.2m
05:20:40.786 [AMR-01] CONFLICT_DETECTED peer=AMR-02 type=INTERSECTION node=(11, 9) safe_wait=(12, 9) DECISION=YIELD (Lower precedence at intersection (66.8 vs 66.8) -> Safe wait at (12, 9) for AMR-02)
05:20:40.786 [AMR-01] STATE_TRANSITION EMERGENCY_STOP -> YIELDING (intent=YIELD)
05:20:40.887 [AMR-01] CONFLICT_DETECTED peer=AMR-02 type=INTERSECTION node=(11, 9) safe_wait=(12, 9) DECISION=YIELD (Lower precedence at intersection (67.0 vs 67.0) -> Safe wait at (12, 9) for AMR-02)
05:20:40.987 [AMR-01] CONFLICT_DETECTED peer=AMR-02 type=INTERSECTION node=(11, 9) safe_wait=(12, 9) DECISION=PROCEED (Higher precedence (67.2 vs 66.9) -> Proceed through (11, 9))
05:20:40.988 [AMR-01] STATE_TRANSITION YIELDING -> MOVING (intent=MOVE)
05:20:41.088 [AMR-01] STATE_TRANSITION MOVING -> EMERGENCY_STOP (intent=STOP)
05:20:41.088 [AMR-01] SAFETY_STOP min_obstacle_distance=1.04m <= 1.2m
05:20:41.189 [AMR-01] CONFLICT_DETECTED peer=AMR-02 type=INTERSECTION node=(11, 9) safe_wait=(12, 9) DECISION=YIELD (Lower precedence at intersection (67.0 vs 67.1) -> Safe wait at (12, 9) for AMR-02)
05:20:41.189 [AMR-01] STATE_TRANSITION EMERGENCY_STOP -> YIELDING (intent=YIELD)
05:20:41.289 [AMR-01] CONFLICT_DETECTED peer=AMR-02 type=INTERSECTION node=(11, 9) safe_wait=(12, 9) DECISION=YIELD (Lower precedence at intersection (67.2 vs 67.3) -> Safe wait at (12, 9) for AMR-02)
05:20:41.390 [AMR-01] CONFLICT_DETECTED peer=AMR-02 type=INTERSECTION node=(11, 9) safe_wait=(12, 9) DECISION=PROCEED (Higher precedence (67.4 vs 67.1) -> Proceed through (11, 9))
05:20:41.390 [AMR-01] STATE_TRANSITION YIELDING -> MOVING (intent=MOVE)
05:20:41.491 [AMR-01] STATE_TRANSITION MOVING -> EMERGENCY_STOP (intent=STOP)
05:20:41.491 [AMR-01] SAFETY_STOP min_obstacle_distance=1.10m <= 1.2m
05:20:41.591 [AMR-01] CONFLICT_DETECTED peer=AMR-02 type=INTERSECTION node=(11, 9) safe_wait=(12, 9) DECISION=YIELD (Lower precedence at intersection (67.1 vs 67.3) -> Safe wait at (12, 9) for AMR-02)
05:20:41.591 [AMR-01] STATE_TRANSITION EMERGENCY_STOP -> YIELDING (intent=YIELD)
05:20:41.691 [AMR-01] CONFLICT_DETECTED peer=AMR-02 type=INTERSECTION node=(11, 9) safe_wait=(12, 9) DECISION=YIELD (Lower precedence at intersection (67.3 vs 67.4) -> Safe wait at (12, 9) for AMR-02)
05:20:41.791 [AMR-01] CONFLICT_DETECTED peer=AMR-02 type=INTERSECTION node=(11, 9) safe_wait=(12, 9) DECISION=PROCEED (Higher precedence (67.5 vs 67.3) -> Proceed through (11, 9))
05:20:41.792 [AMR-01] STATE_TRANSITION YIELDING -> MOVING (intent=MOVE)
05:20:41.892 [AMR-01] STATE_TRANSITION MOVING -> EMERGENCY_STOP (intent=STOP)
05:20:41.892 [AMR-01] SAFETY_STOP min_obstacle_distance=1.01m <= 1.2m
05:20:41.992 [AMR-01] CONFLICT_DETECTED peer=AMR-02 type=INTERSECTION node=(11, 9) safe_wait=(12, 9) DECISION=YIELD (Lower precedence at intersection (67.3 vs 67.5) -> Safe wait at (12, 9) for AMR-02)
05:20:41.992 [AMR-01] STATE_TRANSITION EMERGENCY_STOP -> YIELDING (intent=YIELD)
05:20:42.093 [AMR-01] CONFLICT_DETECTED peer=AMR-02 type=INTERSECTION node=(11, 9) safe_wait=(12, 9) DECISION=YIELD (Lower precedence at intersection (67.5 vs 67.7) -> Safe wait at (12, 9) for AMR-02)
05:20:42.193 [AMR-01] CONFLICT_DETECTED peer=AMR-02 type=INTERSECTION node=(11, 9) safe_wait=(12, 9) DECISION=PROCEED (Higher precedence (67.8 vs 67.5) -> Proceed through (11, 9))
05:20:42.193 [AMR-01] STATE_TRANSITION YIELDING -> MOVING (intent=MOVE)
05:20:42.293 [AMR-01] STATE_TRANSITION MOVING -> EMERGENCY_STOP (intent=STOP)
05:20:42.293 [AMR-01] SAFETY_STOP min_obstacle_distance=1.04m <= 1.2m
05:20:42.394 [AMR-01] CONFLICT_DETECTED peer=AMR-02 type=INTERSECTION node=(11, 9) safe_wait=(12, 9) DECISION=YIELD (Lower precedence at intersection (67.6 vs 67.7) -> Safe wait at (12, 9) for AMR-02)
05:20:42.394 [AMR-01] STATE_TRANSITION EMERGENCY_STOP -> YIELDING (intent=YIELD)
05:20:42.494 [AMR-01] CONFLICT_DETECTED peer=AMR-02 type=INTERSECTION node=(11, 9) safe_wait=(12, 9) DECISION=YIELD (Lower precedence at intersection (67.8 vs 67.9) -> Safe wait at (12, 9) for AMR-02)
05:20:42.594 [AMR-01] CONFLICT_DETECTED peer=AMR-02 type=INTERSECTION node=(11, 9) safe_wait=(12, 9) DECISION=PROCEED (Higher precedence (67.9 vs 67.8) -> Proceed through (11, 9))
05:20:42.595 [AMR-01] STATE_TRANSITION YIELDING -> MOVING (intent=MOVE)
05:20:42.695 [AMR-01] STATE_TRANSITION MOVING -> EMERGENCY_STOP (intent=STOP)
05:20:42.695 [AMR-01] SAFETY_STOP min_obstacle_distance=1.01m <= 1.2m
05:20:42.795 [AMR-01] CONFLICT_DETECTED peer=AMR-02 type=INTERSECTION node=(11, 9) safe_wait=(12, 9) DECISION=YIELD (Lower precedence at intersection (67.8 vs 67.8) -> Safe wait at (12, 9) for AMR-02)
05:20:42.795 [AMR-01] STATE_TRANSITION EMERGENCY_STOP -> YIELDING (intent=YIELD)
05:20:42.896 [AMR-01] CONFLICT_DETECTED peer=AMR-02 type=INTERSECTION node=(11, 9) safe_wait=(12, 9) DECISION=YIELD (Lower precedence at intersection (68.0 vs 68.0) -> Safe wait at (12, 9) for AMR-02)
05:20:42.997 [AMR-01] CONFLICT_DETECTED peer=AMR-02 type=INTERSECTION node=(11, 9) safe_wait=(12, 9) DECISION=PROCEED (Higher precedence (68.2 vs 67.9) -> Proceed through (11, 9))
05:20:42.998 [AMR-01] STATE_TRANSITION YIELDING -> MOVING (intent=MOVE)
05:20:43.098 [AMR-01] STATE_TRANSITION MOVING -> EMERGENCY_STOP (intent=STOP)
05:20:43.098 [AMR-01] SAFETY_STOP min_obstacle_distance=1.04m <= 1.2m
05:20:43.199 [AMR-01] CONFLICT_DETECTED peer=AMR-02 type=INTERSECTION node=(11, 9) safe_wait=(12, 9) DECISION=YIELD (Lower precedence at intersection (68.0 vs 68.1) -> Safe wait at (12, 9) for AMR-02)
05:20:43.199 [AMR-01] STATE_TRANSITION EMERGENCY_STOP -> YIELDING (intent=YIELD)
05:20:43.299 [AMR-01] CONFLICT_DETECTED peer=AMR-02 type=INTERSECTION node=(11, 9) safe_wait=(12, 9) DECISION=YIELD (Lower precedence at intersection (68.2 vs 68.3) -> Safe wait at (12, 9) for AMR-02)
05:20:43.401 [AMR-01] CONFLICT_DETECTED peer=AMR-02 type=INTERSECTION node=(11, 9) safe_wait=(12, 9) DECISION=PROCEED (Higher precedence (68.4 vs 68.1) -> Proceed through (11, 9))
05:20:43.402 [AMR-01] STATE_TRANSITION YIELDING -> MOVING (intent=MOVE)
05:20:43.502 [AMR-01] STATE_TRANSITION MOVING -> EMERGENCY_STOP (intent=STOP)
05:20:43.502 [AMR-01] SAFETY_STOP min_obstacle_distance=1.10m <= 1.2m
05:20:43.602 [AMR-01] CONFLICT_DETECTED peer=AMR-02 type=INTERSECTION node=(11, 9) safe_wait=(12, 9) DECISION=YIELD (Lower precedence at intersection (68.1 vs 68.3) -> Safe wait at (12, 9) for AMR-02)
05:20:43.602 [AMR-01] STATE_TRANSITION EMERGENCY_STOP -> YIELDING (intent=YIELD)
05:20:43.702 [AMR-01] CONFLICT_DETECTED peer=AMR-02 type=INTERSECTION node=(11, 9) safe_wait=(12, 9) DECISION=YIELD (Lower precedence at intersection (68.3 vs 68.4) -> Safe wait at (12, 9) for AMR-02)
05:20:43.802 [AMR-01] CONFLICT_DETECTED peer=AMR-02 type=INTERSECTION node=(11, 9) safe_wait=(12, 9) DECISION=PROCEED (Higher precedence (68.5 vs 68.3) -> Proceed through (11, 9))
05:20:43.802 [AMR-01] STATE_TRANSITION YIELDING -> MOVING (intent=MOVE)
05:20:43.903 [AMR-01] STATE_TRANSITION MOVING -> EMERGENCY_STOP (intent=STOP)
05:20:43.903 [AMR-01] SAFETY_STOP min_obstacle_distance=1.01m <= 1.2m
05:20:44.004 [AMR-01] CONFLICT_DETECTED peer=AMR-02 type=INTERSECTION node=(11, 9) safe_wait=(12, 9) DECISION=YIELD (Lower precedence at intersection (68.3 vs 68.5) -> Safe wait at (12, 9) for AMR-02)
05:20:44.005 [AMR-01] STATE_TRANSITION EMERGENCY_STOP -> YIELDING (intent=YIELD)
05:20:44.106 [AMR-01] CONFLICT_DETECTED peer=AMR-02 type=INTERSECTION node=(11, 9) safe_wait=(12, 9) DECISION=YIELD (Lower precedence at intersection (68.6 vs 68.7) -> Safe wait at (12, 9) for AMR-02)
05:20:44.207 [AMR-01] CONFLICT_DETECTED peer=AMR-02 type=INTERSECTION node=(11, 9) safe_wait=(12, 9) DECISION=PROCEED (Higher precedence (68.8 vs 68.5) -> Proceed through (11, 9))
05:20:44.207 [AMR-01] STATE_TRANSITION YIELDING -> MOVING (intent=MOVE)
05:20:44.307 [AMR-01] STATE_TRANSITION MOVING -> EMERGENCY_STOP (intent=STOP)
05:20:44.307 [AMR-01] SAFETY_STOP min_obstacle_distance=1.04m <= 1.2m
05:20:44.408 [AMR-01] CONFLICT_DETECTED peer=AMR-02 type=INTERSECTION node=(11, 9) safe_wait=(12, 9) DECISION=YIELD (Lower precedence at intersection (68.6 vs 68.7) -> Safe wait at (12, 9) for AMR-02)
05:20:44.408 [AMR-01] STATE_TRANSITION EMERGENCY_STOP -> YIELDING (intent=YIELD)
05:20:44.509 [AMR-01] CONFLICT_DETECTED peer=AMR-02 type=INTERSECTION node=(11, 9) safe_wait=(12, 9) DECISION=YIELD (Lower precedence at intersection (68.8 vs 69.0) -> Safe wait at (12, 9) for AMR-02)
05:20:44.609 [AMR-01] CONFLICT_DETECTED peer=AMR-02 type=INTERSECTION node=(11, 9) safe_wait=(12, 9) DECISION=PROCEED (Higher precedence (68.9 vs 68.8) -> Proceed through (11, 9))
05:20:44.609 [AMR-01] STATE_TRANSITION YIELDING -> MOVING (intent=MOVE)
05:20:44.710 [AMR-01] STATE_TRANSITION MOVING -> EMERGENCY_STOP (intent=STOP)
05:20:44.710 [AMR-01] SAFETY_STOP min_obstacle_distance=1.01m <= 1.2m
05:20:44.810 [AMR-01] CONFLICT_DETECTED peer=AMR-02 type=INTERSECTION node=(11, 9) safe_wait=(12, 9) DECISION=YIELD (Lower precedence at intersection (68.8 vs 68.8) -> Safe wait at (12, 9) for AMR-02)
05:20:44.810 [AMR-01] STATE_TRANSITION EMERGENCY_STOP -> YIELDING (intent=YIELD)
05:20:44.911 [AMR-01] CONFLICT_DETECTED peer=AMR-02 type=INTERSECTION node=(11, 9) safe_wait=(12, 9) DECISION=YIELD (Lower precedence at intersection (69.0 vs 69.0) -> Safe wait at (12, 9) for AMR-02)
05:20:45.012 [AMR-01] CONFLICT_DETECTED peer=AMR-02 type=INTERSECTION node=(11, 9) safe_wait=(12, 9) DECISION=PROCEED (Higher precedence (69.2 vs 68.9) -> Proceed through (11, 9))
05:20:45.012 [AMR-01] STATE_TRANSITION YIELDING -> MOVING (intent=MOVE)
05:20:45.112 [AMR-01] STATE_TRANSITION MOVING -> EMERGENCY_STOP (intent=STOP)
05:20:45.113 [AMR-01] SAFETY_STOP min_obstacle_distance=1.04m <= 1.2m
05:20:45.213 [AMR-01] CONFLICT_DETECTED peer=AMR-02 type=INTERSECTION node=(11, 9) safe_wait=(12, 9) DECISION=YIELD (Lower precedence at intersection (69.0 vs 69.1) -> Safe wait at (12, 9) for AMR-02)
05:20:45.214 [AMR-01] STATE_TRANSITION EMERGENCY_STOP -> YIELDING (intent=YIELD)
05:20:45.313 [AMR-01] CONFLICT_DETECTED peer=AMR-02 type=INTERSECTION node=(11, 9) safe_wait=(12, 9) DECISION=YIELD (Lower precedence at intersection (69.2 vs 69.3) -> Safe wait at (12, 9) for AMR-02)
05:20:45.414 [AMR-01] CONFLICT_DETECTED peer=AMR-02 type=INTERSECTION node=(11, 9) safe_wait=(12, 9) DECISION=PROCEED (Higher precedence (69.4 vs 69.2) -> Proceed through (11, 9))
05:20:45.415 [AMR-01] STATE_TRANSITION YIELDING -> MOVING (intent=MOVE)
05:20:45.515 [AMR-01] STATE_TRANSITION MOVING -> EMERGENCY_STOP (intent=STOP)
05:20:45.515 [AMR-01] SAFETY_STOP min_obstacle_distance=1.10m <= 1.2m
05:20:45.614 [AMR-01] CONFLICT_DETECTED peer=AMR-02 type=INTERSECTION node=(11, 9) safe_wait=(12, 9) DECISION=YIELD (Lower precedence at intersection (69.1 vs 69.3) -> Safe wait at (12, 9) for AMR-02)
05:20:45.614 [AMR-01] STATE_TRANSITION EMERGENCY_STOP -> YIELDING (intent=YIELD)
05:20:45.715 [AMR-01] CONFLICT_DETECTED peer=AMR-02 type=INTERSECTION node=(11, 9) safe_wait=(12, 9) DECISION=YIELD (Lower precedence at intersection (69.3 vs 69.4) -> Safe wait at (12, 9) for AMR-02)
05:20:45.815 [AMR-01] CONFLICT_DETECTED peer=AMR-02 type=INTERSECTION node=(11, 9) safe_wait=(12, 9) DECISION=PROCEED (Higher precedence (69.5 vs 69.3) -> Proceed through (11, 9))
05:20:45.815 [AMR-01] STATE_TRANSITION YIELDING -> MOVING (intent=MOVE)
05:20:45.915 [AMR-01] STATE_TRANSITION MOVING -> EMERGENCY_STOP (intent=STOP)
05:20:45.915 [AMR-01] SAFETY_STOP min_obstacle_distance=1.01m <= 1.2m
05:20:46.016 [AMR-01] CONFLICT_DETECTED peer=AMR-02 type=INTERSECTION node=(11, 9) safe_wait=(12, 9) DECISION=YIELD (Lower precedence at intersection (69.4 vs 69.5) -> Safe wait at (12, 9) for AMR-02)
05:20:46.016 [AMR-01] STATE_TRANSITION EMERGENCY_STOP -> YIELDING (intent=YIELD)
05:20:46.117 [AMR-01] CONFLICT_DETECTED peer=AMR-02 type=INTERSECTION node=(11, 9) safe_wait=(12, 9) DECISION=PROCEED (Higher precedence (69.6 vs 69.3) -> Proceed through (11, 9))
05:20:46.117 [AMR-01] STATE_TRANSITION YIELDING -> MOVING (intent=MOVE)
05:20:46.217 [AMR-01] STATE_TRANSITION MOVING -> EMERGENCY_STOP (intent=STOP)
05:20:46.217 [AMR-01] SAFETY_STOP min_obstacle_distance=1.04m <= 1.2m
05:20:46.318 [AMR-01] CONFLICT_DETECTED peer=AMR-02 type=INTERSECTION node=(11, 9) safe_wait=(12, 9) DECISION=YIELD (Lower precedence at intersection (69.4 vs 69.5) -> Safe wait at (12, 9) for AMR-02)
05:20:46.318 [AMR-01] STATE_TRANSITION EMERGENCY_STOP -> YIELDING (intent=YIELD)
05:20:46.419 [AMR-01] CONFLICT_DETECTED peer=AMR-02 type=INTERSECTION node=(11, 9) safe_wait=(12, 9) DECISION=PROCEED (Higher precedence (69.6 vs 69.4) -> Proceed through (11, 9))
05:20:46.419 [AMR-01] STATE_TRANSITION YIELDING -> MOVING (intent=MOVE)
05:20:46.520 [AMR-01] STATE_TRANSITION MOVING -> EMERGENCY_STOP (intent=STOP)
05:20:46.520 [AMR-01] SAFETY_STOP min_obstacle_distance=1.00m <= 1.2m
05:20:46.620 [AMR-01] CONFLICT_DETECTED peer=AMR-02 type=INTERSECTION node=(11, 9) safe_wait=(12, 9) DECISION=YIELD (Lower precedence at intersection (69.3 vs 69.4) -> Safe wait at (12, 9) for AMR-02)
05:20:46.621 [AMR-01] STATE_TRANSITION EMERGENCY_STOP -> YIELDING (intent=YIELD)
05:20:46.721 [AMR-01] CONFLICT_DETECTED peer=AMR-02 type=INTERSECTION node=(11, 9) safe_wait=(12, 9) DECISION=YIELD (Lower precedence at intersection (69.5 vs 69.6) -> Safe wait at (12, 9) for AMR-02)
05:20:46.822 [AMR-01] CONFLICT_DETECTED peer=AMR-02 type=INTERSECTION node=(11, 9) safe_wait=(12, 9) DECISION=PROCEED (Higher precedence (69.7 vs 69.5) -> Proceed through (11, 9))
05:20:46.823 [AMR-01] STATE_TRANSITION YIELDING -> MOVING (intent=MOVE)
05:20:46.923 [AMR-01] STATE_TRANSITION MOVING -> EMERGENCY_STOP (intent=STOP)
05:20:46.923 [AMR-01] SAFETY_STOP min_obstacle_distance=1.01m <= 1.2m
05:20:47.024 [AMR-01] CONFLICT_DETECTED peer=AMR-02 type=INTERSECTION node=(11, 9) safe_wait=(12, 9) DECISION=YIELD (Lower precedence at intersection (69.6 vs 69.7) -> Safe wait at (12, 9) for AMR-02)
05:20:47.024 [AMR-01] STATE_TRANSITION EMERGENCY_STOP -> YIELDING (intent=YIELD)
05:20:47.124 [AMR-01] CONFLICT_DETECTED peer=AMR-02 type=INTERSECTION node=(11, 9) safe_wait=(12, 9) DECISION=YIELD (Lower precedence at intersection (69.8 vs 69.9) -> Safe wait at (12, 9) for AMR-02)
05:20:47.225 [AMR-01] CONFLICT_DETECTED peer=AMR-02 type=INTERSECTION node=(11, 9) safe_wait=(12, 9) DECISION=PROCEED (Higher precedence (70.0 vs 69.8) -> Proceed through (11, 9))
05:20:47.226 [AMR-01] STATE_TRANSITION YIELDING -> MOVING (intent=MOVE)
05:20:47.326 [AMR-01] STATE_TRANSITION MOVING -> EMERGENCY_STOP (intent=STOP)
05:20:47.326 [AMR-01] SAFETY_STOP min_obstacle_distance=1.04m <= 1.2m
05:20:47.427 [AMR-01] CONFLICT_DETECTED peer=AMR-02 type=INTERSECTION node=(11, 9) safe_wait=(12, 9) DECISION=YIELD (Lower precedence at intersection (69.8 vs 70.0) -> Safe wait at (12, 9) for AMR-02)
05:20:47.427 [AMR-01] STATE_TRANSITION EMERGENCY_STOP -> YIELDING (intent=YIELD)
05:20:47.529 [AMR-01] CONFLICT_DETECTED peer=AMR-02 type=INTERSECTION node=(11, 9) safe_wait=(12, 9) DECISION=YIELD (Lower precedence at intersection (70.0 vs 70.2) -> Safe wait at (12, 9) for AMR-02)
05:20:47.628 [AMR-01] CONFLICT_DETECTED peer=AMR-02 type=INTERSECTION node=(11, 9) safe_wait=(12, 9) DECISION=PROCEED (Higher precedence (70.1 vs 70.0) -> Proceed through (11, 9))
05:20:47.628 [AMR-01] STATE_TRANSITION YIELDING -> MOVING (intent=MOVE)
05:20:47.729 [AMR-01] STATE_TRANSITION MOVING -> EMERGENCY_STOP (intent=STOP)
05:20:47.729 [AMR-01] SAFETY_STOP min_obstacle_distance=1.01m <= 1.2m
05:20:47.829 [AMR-01] CONFLICT_DETECTED peer=AMR-02 type=INTERSECTION node=(11, 9) safe_wait=(12, 9) DECISION=YIELD (Lower precedence at intersection (70.0 vs 70.0) -> Safe wait at (12, 9) for AMR-02)
05:20:47.829 [AMR-01] STATE_TRANSITION EMERGENCY_STOP -> YIELDING (intent=YIELD)
05:20:47.930 [AMR-01] CONFLICT_DETECTED peer=AMR-02 type=INTERSECTION node=(11, 9) safe_wait=(12, 9) DECISION=YIELD (Lower precedence at intersection (70.2 vs 70.2) -> Safe wait at (12, 9) for AMR-02)
05:20:48.031 [AMR-01] CONFLICT_DETECTED peer=AMR-02 type=INTERSECTION node=(11, 9) safe_wait=(12, 9) DECISION=PROCEED (Higher precedence (70.4 vs 70.1) -> Proceed through (11, 9))
05:20:48.031 [AMR-01] STATE_TRANSITION YIELDING -> MOVING (intent=MOVE)
05:20:48.132 [AMR-01] STATE_TRANSITION MOVING -> EMERGENCY_STOP (intent=STOP)
05:20:48.132 [AMR-01] SAFETY_STOP min_obstacle_distance=1.04m <= 1.2m
05:20:48.233 [AMR-01] CONFLICT_DETECTED peer=AMR-02 type=INTERSECTION node=(11, 9) safe_wait=(12, 9) DECISION=YIELD (Lower precedence at intersection (70.2 vs 70.3) -> Safe wait at (12, 9) for AMR-02)
05:20:48.233 [AMR-01] STATE_TRANSITION EMERGENCY_STOP -> YIELDING (intent=YIELD)
05:20:48.333 [AMR-01] CONFLICT_DETECTED peer=AMR-02 type=INTERSECTION node=(11, 9) safe_wait=(12, 9) DECISION=YIELD (Lower precedence at intersection (70.4 vs 70.5) -> Safe wait at (12, 9) for AMR-02)
05:20:48.434 [AMR-01] CONFLICT_DETECTED peer=AMR-02 type=INTERSECTION node=(11, 9) safe_wait=(12, 9) DECISION=PROCEED (Higher precedence (70.6 vs 70.3) -> Proceed through (11, 9))
05:20:48.434 [AMR-01] STATE_TRANSITION YIELDING -> MOVING (intent=MOVE)
05:20:48.534 [AMR-01] STATE_TRANSITION MOVING -> EMERGENCY_STOP (intent=STOP)
05:20:48.534 [AMR-01] SAFETY_STOP min_obstacle_distance=1.00m <= 1.2m
05:20:48.634 [AMR-01] CONFLICT_DETECTED peer=AMR-02 type=INTERSECTION node=(11, 9) safe_wait=(12, 9) DECISION=YIELD (Lower precedence at intersection (70.3 vs 70.4) -> Safe wait at (12, 9) for AMR-02)
05:20:48.634 [AMR-01] STATE_TRANSITION EMERGENCY_STOP -> YIELDING (intent=YIELD)
05:20:48.734 [AMR-01] CONFLICT_DETECTED peer=AMR-02 type=INTERSECTION node=(11, 9) safe_wait=(12, 9) DECISION=YIELD (Lower precedence at intersection (70.5 vs 70.6) -> Safe wait at (12, 9) for AMR-02)
05:20:48.835 [AMR-01] CONFLICT_DETECTED peer=AMR-02 type=INTERSECTION node=(11, 9) safe_wait=(12, 9) DECISION=PROCEED (Higher precedence (70.7 vs 70.5) -> Proceed through (11, 9))
05:20:48.835 [AMR-01] STATE_TRANSITION YIELDING -> MOVING (intent=MOVE)
05:20:48.936 [AMR-01] STATE_TRANSITION MOVING -> EMERGENCY_STOP (intent=STOP)
05:20:48.936 [AMR-01] SAFETY_STOP min_obstacle_distance=1.01m <= 1.2m
05:20:49.037 [AMR-01] CONFLICT_DETECTED peer=AMR-02 type=INTERSECTION node=(11, 9) safe_wait=(12, 9) DECISION=YIELD (Lower precedence at intersection (70.6 vs 70.7) -> Safe wait at (12, 9) for AMR-02)
05:20:49.037 [AMR-01] STATE_TRANSITION EMERGENCY_STOP -> YIELDING (intent=YIELD)
05:20:49.138 [AMR-01] CONFLICT_DETECTED peer=AMR-02 type=INTERSECTION node=(11, 9) safe_wait=(12, 9) DECISION=YIELD (Lower precedence at intersection (70.8 vs 70.9) -> Safe wait at (12, 9) for AMR-02)
05:20:49.239 [AMR-01] CONFLICT_DETECTED peer=AMR-02 type=INTERSECTION node=(11, 9) safe_wait=(12, 9) DECISION=PROCEED (Higher precedence (71.0 vs 70.8) -> Proceed through (11, 9))
05:20:49.239 [AMR-01] STATE_TRANSITION YIELDING -> MOVING (intent=MOVE)
05:20:49.339 [AMR-01] STATE_TRANSITION MOVING -> EMERGENCY_STOP (intent=STOP)
05:20:49.339 [AMR-01] SAFETY_STOP min_obstacle_distance=1.04m <= 1.2m
05:20:49.441 [AMR-01] CONFLICT_DETECTED peer=AMR-02 type=INTERSECTION node=(11, 9) safe_wait=(12, 9) DECISION=YIELD (Lower precedence at intersection (70.8 vs 71.0) -> Safe wait at (12, 9) for AMR-02)
05:20:49.441 [AMR-01] STATE_TRANSITION EMERGENCY_STOP -> YIELDING (intent=YIELD)
05:20:49.540 [AMR-01] CONFLICT_DETECTED peer=AMR-02 type=INTERSECTION node=(11, 9) safe_wait=(12, 9) DECISION=YIELD (Lower precedence at intersection (70.9 vs 71.2) -> Safe wait at (12, 9) for AMR-02)
05:20:49.641 [AMR-01] CONFLICT_DETECTED peer=AMR-02 type=INTERSECTION node=(11, 9) safe_wait=(12, 9) DECISION=PROCEED (Higher precedence (71.1 vs 70.8) -> Proceed through (11, 9))
05:20:49.641 [AMR-01] STATE_TRANSITION YIELDING -> MOVING (intent=MOVE)
05:20:49.742 [AMR-01] STATE_TRANSITION MOVING -> EMERGENCY_STOP (intent=STOP)
05:20:49.742 [AMR-01] SAFETY_STOP min_obstacle_distance=1.01m <= 1.2m
05:20:49.843 [AMR-01] CONFLICT_DETECTED peer=AMR-02 type=INTERSECTION node=(11, 9) safe_wait=(12, 9) DECISION=YIELD (Lower precedence at intersection (71.0 vs 71.0) -> Safe wait at (12, 9) for AMR-02)
05:20:49.843 [AMR-01] STATE_TRANSITION EMERGENCY_STOP -> YIELDING (intent=YIELD)
05:20:49.944 [AMR-01] CONFLICT_DETECTED peer=AMR-02 type=INTERSECTION node=(11, 9) safe_wait=(12, 9) DECISION=YIELD (Lower precedence at intersection (71.2 vs 71.2) -> Safe wait at (12, 9) for AMR-02)
05:20:50.045 [AMR-01] CONFLICT_DETECTED peer=AMR-02 type=INTERSECTION node=(11, 9) safe_wait=(12, 9) DECISION=PROCEED (Higher precedence (71.4 vs 71.1) -> Proceed through (11, 9))
05:20:50.045 [AMR-01] STATE_TRANSITION YIELDING -> MOVING (intent=MOVE)
05:20:50.145 [AMR-01] STATE_TRANSITION MOVING -> EMERGENCY_STOP (intent=STOP)
05:20:50.146 [AMR-01] SAFETY_STOP min_obstacle_distance=1.04m <= 1.2m
05:20:50.246 [AMR-01] CONFLICT_DETECTED peer=AMR-02 type=INTERSECTION node=(11, 9) safe_wait=(12, 9) DECISION=YIELD (Lower precedence at intersection (71.2 vs 71.3) -> Safe wait at (12, 9) for AMR-02)
05:20:50.246 [AMR-01] STATE_TRANSITION EMERGENCY_STOP -> YIELDING (intent=YIELD)
05:20:50.346 [AMR-01] CONFLICT_DETECTED peer=AMR-02 type=INTERSECTION node=(11, 9) safe_wait=(12, 9) DECISION=YIELD (Lower precedence at intersection (71.5 vs 71.5) -> Safe wait at (12, 9) for AMR-02)
05:20:50.447 [AMR-01] CONFLICT_DETECTED peer=AMR-02 type=INTERSECTION node=(11, 9) safe_wait=(12, 9) DECISION=PROCEED (Higher precedence (71.7 vs 71.4) -> Proceed through (11, 9))
05:20:50.447 [AMR-01] STATE_TRANSITION YIELDING -> MOVING (intent=MOVE)
05:20:50.549 [AMR-01] STATE_TRANSITION MOVING -> EMERGENCY_STOP (intent=STOP)
05:20:50.549 [AMR-01] SAFETY_STOP min_obstacle_distance=1.00m <= 1.2m
05:20:50.648 [AMR-01] CONFLICT_DETECTED peer=AMR-02 type=INTERSECTION node=(11, 9) safe_wait=(12, 9) DECISION=YIELD (Lower precedence at intersection (71.3 vs 71.4) -> Safe wait at (12, 9) for AMR-02)
05:20:50.648 [AMR-01] STATE_TRANSITION EMERGENCY_STOP -> YIELDING (intent=YIELD)
05:20:50.748 [AMR-01] CONFLICT_DETECTED peer=AMR-02 type=INTERSECTION node=(11, 9) safe_wait=(12, 9) DECISION=YIELD (Lower precedence at intersection (71.5 vs 71.6) -> Safe wait at (12, 9) for AMR-02)
05:20:50.849 [AMR-01] CONFLICT_DETECTED peer=AMR-02 type=INTERSECTION node=(11, 9) safe_wait=(12, 9) DECISION=PROCEED (Higher precedence (71.7 vs 71.5) -> Proceed through (11, 9))
05:20:50.849 [AMR-01] STATE_TRANSITION YIELDING -> MOVING (intent=MOVE)
05:20:50.950 [AMR-01] STATE_TRANSITION MOVING -> EMERGENCY_STOP (intent=STOP)
05:20:50.950 [AMR-01] SAFETY_STOP min_obstacle_distance=1.01m <= 1.2m
05:20:51.050 [AMR-01] CONFLICT_DETECTED peer=AMR-02 type=INTERSECTION node=(11, 9) safe_wait=(12, 9) DECISION=YIELD (Lower precedence at intersection (71.6 vs 71.7) -> Safe wait at (12, 9) for AMR-02)
05:20:51.050 [AMR-01] STATE_TRANSITION EMERGENCY_STOP -> YIELDING (intent=YIELD)
05:20:51.151 [AMR-01] CONFLICT_DETECTED peer=AMR-02 type=INTERSECTION node=(11, 9) safe_wait=(12, 9) DECISION=YIELD (Lower precedence at intersection (71.8 vs 71.9) -> Safe wait at (12, 9) for AMR-02)
05:20:51.251 [AMR-01] CONFLICT_DETECTED peer=AMR-02 type=INTERSECTION node=(11, 9) safe_wait=(12, 9) DECISION=PROCEED (Higher precedence (72.0 vs 71.8) -> Proceed through (11, 9))
05:20:51.251 [AMR-01] STATE_TRANSITION YIELDING -> MOVING (intent=MOVE)
05:20:51.352 [AMR-01] STATE_TRANSITION MOVING -> EMERGENCY_STOP (intent=STOP)
05:20:51.352 [AMR-01] SAFETY_STOP min_obstacle_distance=1.04m <= 1.2m
05:20:51.452 [AMR-01] CONFLICT_DETECTED peer=AMR-02 type=INTERSECTION node=(11, 9) safe_wait=(12, 9) DECISION=YIELD (Lower precedence at intersection (71.8 vs 72.0) -> Safe wait at (12, 9) for AMR-02)
05:20:51.453 [AMR-01] STATE_TRANSITION EMERGENCY_STOP -> YIELDING (intent=YIELD)
05:20:51.552 [AMR-01] CONFLICT_DETECTED peer=AMR-02 type=INTERSECTION node=(11, 9) safe_wait=(12, 9) DECISION=YIELD (Lower precedence at intersection (71.9 vs 72.2) -> Safe wait at (12, 9) for AMR-02)
05:20:51.653 [AMR-01] CONFLICT_DETECTED peer=AMR-02 type=INTERSECTION node=(12, 9) safe_wait=(13, 9) DECISION=YIELD (Lower precedence at intersection (72.1 vs 72.3) -> Safe wait at (13, 9) for AMR-02)
05:20:51.754 [AMR-01] CONFLICT_DETECTED peer=AMR-02 type=INTERSECTION node=(12, 9) safe_wait=(13, 9) DECISION=PROCEED (Higher precedence (72.3 vs 72.2) -> Proceed through (12, 9))
05:20:51.754 [AMR-01] STATE_TRANSITION YIELDING -> MOVING (intent=MOVE)
05:20:51.855 [AMR-01] STATE_TRANSITION MOVING -> EMERGENCY_STOP (intent=STOP)
05:20:51.855 [AMR-01] SAFETY_STOP min_obstacle_distance=1.01m <= 1.2m
05:20:51.956 [AMR-01] CONFLICT_DETECTED peer=AMR-02 type=INTERSECTION node=(12, 9) safe_wait=(13, 9) DECISION=YIELD (Lower precedence at intersection (72.2 vs 72.3) -> Safe wait at (13, 9) for AMR-02)
05:20:51.956 [AMR-01] STATE_TRANSITION EMERGENCY_STOP -> YIELDING (intent=YIELD)
05:20:52.057 [AMR-01] CONFLICT_DETECTED peer=AMR-02 type=INTERSECTION node=(12, 9) safe_wait=(13, 9) DECISION=YIELD (Lower precedence at intersection (72.4 vs 72.5) -> Safe wait at (13, 9) for AMR-02)
05:20:52.158 [AMR-01] CONFLICT_DETECTED peer=AMR-02 type=INTERSECTION node=(12, 9) safe_wait=(13, 9) DECISION=PROCEED (Higher precedence (72.6 vs 72.3) -> Proceed through (12, 9))
05:20:52.158 [AMR-01] STATE_TRANSITION YIELDING -> MOVING (intent=MOVE)
05:20:52.258 [AMR-01] STATE_TRANSITION MOVING -> EMERGENCY_STOP (intent=STOP)
05:20:52.258 [AMR-01] SAFETY_STOP min_obstacle_distance=1.04m <= 1.2m
05:20:52.358 [AMR-01] CONFLICT_DETECTED peer=AMR-02 type=INTERSECTION node=(12, 9) safe_wait=(13, 9) DECISION=YIELD (Lower precedence at intersection (72.5 vs 72.5) -> Safe wait at (13, 9) for AMR-02)
05:20:52.358 [AMR-01] STATE_TRANSITION EMERGENCY_STOP -> YIELDING (intent=YIELD)
05:20:52.460 [AMR-01] CONFLICT_DETECTED peer=AMR-02 type=INTERSECTION node=(12, 9) safe_wait=(13, 9) DECISION=YIELD (Lower precedence at intersection (72.7 vs 72.7) -> Safe wait at (13, 9) for AMR-02)
05:20:52.560 [AMR-01] CONFLICT_DETECTED peer=AMR-02 type=INTERSECTION node=(12, 9) safe_wait=(13, 9) DECISION=PROCEED (Higher precedence (72.7 vs 72.6) -> Proceed through (12, 9))
05:20:52.560 [AMR-01] STATE_TRANSITION YIELDING -> MOVING (intent=MOVE)
05:20:52.661 [AMR-01] STATE_TRANSITION MOVING -> EMERGENCY_STOP (intent=STOP)
05:20:52.661 [AMR-01] SAFETY_STOP min_obstacle_distance=1.01m <= 1.2m
05:20:52.762 [AMR-01] CONFLICT_DETECTED peer=AMR-02 type=INTERSECTION node=(12, 9) safe_wait=(13, 9) DECISION=PROCEED (Higher precedence (72.6 vs 72.5) -> Proceed through (12, 9))
05:20:52.762 [AMR-01] STATE_TRANSITION EMERGENCY_STOP -> MOVING (intent=MOVE)
05:20:52.863 [AMR-01] STATE_TRANSITION MOVING -> EMERGENCY_STOP (intent=STOP)
05:20:52.863 [AMR-01] SAFETY_STOP min_obstacle_distance=1.04m <= 1.2m
05:20:52.963 [AMR-01] CONFLICT_DETECTED peer=AMR-02 type=INTERSECTION node=(12, 9) safe_wait=(13, 9) DECISION=YIELD (Lower precedence at intersection (72.5 vs 72.6) -> Safe wait at (13, 9) for AMR-02)
05:20:52.964 [AMR-01] STATE_TRANSITION EMERGENCY_STOP -> YIELDING (intent=YIELD)
05:20:53.066 [AMR-01] CONFLICT_DETECTED peer=AMR-02 type=INTERSECTION node=(12, 9) safe_wait=(13, 9) DECISION=PROCEED (Higher precedence (72.7 vs 72.5) -> Proceed through (12, 9))
05:20:53.066 [AMR-01] STATE_TRANSITION YIELDING -> MOVING (intent=MOVE)
05:20:53.164 [AMR-01] STATE_TRANSITION MOVING -> EMERGENCY_STOP (intent=STOP)
05:20:53.164 [AMR-01] SAFETY_STOP min_obstacle_distance=1.10m <= 1.2m
05:20:53.266 [AMR-01] CONFLICT_DETECTED peer=AMR-02 type=INTERSECTION node=(12, 9) safe_wait=(13, 9) DECISION=PROCEED (Higher precedence (72.5 vs 72.3) -> Proceed through (12, 9))
05:20:53.266 [AMR-01] STATE_TRANSITION EMERGENCY_STOP -> MOVING (intent=MOVE)
05:20:53.366 [AMR-01] STATE_TRANSITION MOVING -> EMERGENCY_STOP (intent=STOP)
05:20:53.366 [AMR-01] SAFETY_STOP min_obstacle_distance=1.08m <= 1.2m
05:20:53.467 [AMR-01] CONFLICT_DETECTED peer=AMR-02 type=INTERSECTION node=(12, 9) safe_wait=(13, 9) DECISION=YIELD (Lower precedence at intersection (72.4 vs 72.4) -> Safe wait at (13, 9) for AMR-02)
05:20:53.467 [AMR-01] STATE_TRANSITION EMERGENCY_STOP -> YIELDING (intent=YIELD)
05:20:53.567 [AMR-01] CONFLICT_DETECTED peer=AMR-02 type=INTERSECTION node=(12, 9) safe_wait=(13, 9) DECISION=YIELD (Lower precedence at intersection (72.3 vs 72.4) -> Safe wait at (13, 9) for AMR-02)
05:20:53.668 [AMR-01] CONFLICT_DETECTED peer=AMR-02 type=INTERSECTION node=(12, 9) safe_wait=(13, 9) DECISION=PROCEED (Higher precedence (72.5 vs 71.9) -> Proceed through (12, 9))
05:20:53.668 [AMR-01] STATE_TRANSITION YIELDING -> MOVING (intent=MOVE)
05:20:53.768 [AMR-01] STATE_TRANSITION MOVING -> EMERGENCY_STOP (intent=STOP)
05:20:53.768 [AMR-01] SAFETY_STOP min_obstacle_distance=1.01m <= 1.2m
05:20:53.869 [AMR-01] CONFLICT_DETECTED peer=AMR-02 type=INTERSECTION node=(12, 9) safe_wait=(13, 9) DECISION=PROCEED (Higher precedence (72.4 vs 72.3) -> Proceed through (12, 9))
05:20:53.869 [AMR-01] STATE_TRANSITION EMERGENCY_STOP -> MOVING (intent=MOVE)
05:20:53.969 [AMR-01] STATE_TRANSITION MOVING -> EMERGENCY_STOP (intent=STOP)
05:20:53.969 [AMR-01] SAFETY_STOP min_obstacle_distance=1.04m <= 1.2m
05:20:54.070 [AMR-01] CONFLICT_DETECTED peer=AMR-02 type=INTERSECTION node=(12, 9) safe_wait=(13, 9) DECISION=YIELD (Lower precedence at intersection (72.2 vs 72.4) -> Safe wait at (13, 9) for AMR-02)
05:20:54.070 [AMR-01] STATE_TRANSITION EMERGENCY_STOP -> YIELDING (intent=YIELD)
05:20:54.170 [AMR-01] CONFLICT_DETECTED peer=AMR-02 type=INTERSECTION node=(12, 9) safe_wait=(13, 9) DECISION=PROCEED (Higher precedence (72.5 vs 72.2) -> Proceed through (12, 9))
05:20:54.171 [AMR-01] STATE_TRANSITION YIELDING -> MOVING (intent=MOVE)
05:20:54.271 [AMR-01] STATE_TRANSITION MOVING -> EMERGENCY_STOP (intent=STOP)
05:20:54.271 [AMR-01] SAFETY_STOP min_obstacle_distance=1.10m <= 1.2m
05:20:54.371 [AMR-01] CONFLICT_DETECTED peer=AMR-02 type=INTERSECTION node=(12, 9) safe_wait=(13, 9) DECISION=PROCEED (Higher precedence (72.3 vs 72.1) -> Proceed through (12, 9))
05:20:54.371 [AMR-01] STATE_TRANSITION EMERGENCY_STOP -> MOVING (intent=MOVE)
05:20:54.472 [AMR-01] STATE_TRANSITION MOVING -> EMERGENCY_STOP (intent=STOP)
05:20:54.472 [AMR-01] SAFETY_STOP min_obstacle_distance=1.08m <= 1.2m
05:20:54.573 [AMR-01] CONFLICT_DETECTED peer=AMR-02 type=INTERSECTION node=(12, 9) safe_wait=(13, 9) DECISION=YIELD (Lower precedence at intersection (71.9 vs 72.2) -> Safe wait at (13, 9) for AMR-02)
05:20:54.573 [AMR-01] STATE_TRANSITION EMERGENCY_STOP -> YIELDING (intent=YIELD)
05:20:54.673 [AMR-01] CONFLICT_DETECTED peer=AMR-02 type=INTERSECTION node=(12, 9) safe_wait=(13, 9) DECISION=PROCEED (Higher precedence (72.1 vs 71.9) -> Proceed through (12, 9))
05:20:54.673 [AMR-01] STATE_TRANSITION YIELDING -> MOVING (intent=MOVE)
05:20:54.774 [AMR-01] STATE_TRANSITION MOVING -> EMERGENCY_STOP (intent=STOP)
05:20:54.774 [AMR-01] SAFETY_STOP min_obstacle_distance=1.01m <= 1.2m
05:20:54.874 [AMR-01] CONFLICT_DETECTED peer=AMR-02 type=INTERSECTION node=(12, 9) safe_wait=(13, 9) DECISION=PROCEED (Higher precedence (72.0 vs 72.0) -> Proceed through (12, 9))
05:20:54.874 [AMR-01] STATE_TRANSITION EMERGENCY_STOP -> MOVING (intent=MOVE)
05:20:54.975 [AMR-01] STATE_TRANSITION MOVING -> EMERGENCY_STOP (intent=STOP)
05:20:54.975 [AMR-01] SAFETY_STOP min_obstacle_distance=1.04m <= 1.2m
05:20:55.075 [AMR-01] CONFLICT_DETECTED peer=AMR-02 type=INTERSECTION node=(12, 9) safe_wait=(13, 9) DECISION=YIELD (Lower precedence at intersection (71.8 vs 72.0) -> Safe wait at (13, 9) for AMR-02)
05:20:55.075 [AMR-01] STATE_TRANSITION EMERGENCY_STOP -> YIELDING (intent=YIELD)
05:20:55.176 [AMR-01] CONFLICT_DETECTED peer=AMR-02 type=INTERSECTION node=(12, 9) safe_wait=(13, 9) DECISION=PROCEED (Higher precedence (72.0 vs 71.9) -> Proceed through (12, 9))
05:20:55.176 [AMR-01] STATE_TRANSITION YIELDING -> MOVING (intent=MOVE)
05:20:55.276 [AMR-01] STATE_TRANSITION MOVING -> EMERGENCY_STOP (intent=STOP)
05:20:55.276 [AMR-01] SAFETY_STOP min_obstacle_distance=1.10m <= 1.2m
05:20:55.377 [AMR-01] CONFLICT_DETECTED peer=AMR-02 type=INTERSECTION node=(12, 9) safe_wait=(13, 9) DECISION=PROCEED (Higher precedence (71.9 vs 71.8) -> Proceed through (12, 9))
05:20:55.377 [AMR-01] STATE_TRANSITION EMERGENCY_STOP -> MOVING (intent=MOVE)
05:20:55.478 [AMR-01] STATE_TRANSITION MOVING -> EMERGENCY_STOP (intent=STOP)
05:20:55.478 [AMR-01] SAFETY_STOP min_obstacle_distance=1.08m <= 1.2m
05:20:55.579 [AMR-01] CONFLICT_DETECTED peer=AMR-02 type=INTERSECTION node=(12, 9) safe_wait=(13, 9) DECISION=YIELD (Lower precedence at intersection (71.5 vs 72.0) -> Safe wait at (13, 9) for AMR-02)
05:20:55.579 [AMR-01] STATE_TRANSITION EMERGENCY_STOP -> YIELDING (intent=YIELD)
05:20:55.680 [AMR-01] CONFLICT_DETECTED peer=AMR-02 type=INTERSECTION node=(12, 9) safe_wait=(13, 9) DECISION=PROCEED (Higher precedence (71.7 vs 71.5) -> Proceed through (12, 9))
05:20:55.680 [AMR-01] STATE_TRANSITION YIELDING -> MOVING (intent=MOVE)
05:20:55.781 [AMR-01] STATE_TRANSITION MOVING -> EMERGENCY_STOP (intent=STOP)
05:20:55.781 [AMR-01] SAFETY_STOP min_obstacle_distance=1.00m <= 1.2m
05:20:55.881 [AMR-01] CONFLICT_DETECTED peer=AMR-02 type=INTERSECTION node=(11, 9) safe_wait=(12, 9) DECISION=PROCEED (Higher precedence (72.0 vs 71.5) -> Proceed through (11, 9))
05:20:55.881 [AMR-01] STATE_TRANSITION EMERGENCY_STOP -> MOVING (intent=MOVE)
05:20:55.982 [AMR-01] STATE_TRANSITION MOVING -> EMERGENCY_STOP (intent=STOP)
05:20:55.982 [AMR-01] SAFETY_STOP min_obstacle_distance=1.00m <= 1.2m
05:20:56.083 [AMR-01] CONFLICT_DETECTED peer=AMR-02 type=INTERSECTION node=(11, 9) safe_wait=(12, 9) DECISION=PROCEED (Higher precedence (71.8 vs 71.5) -> Proceed through (11, 9))
05:20:56.083 [AMR-01] STATE_TRANSITION EMERGENCY_STOP -> MOVING (intent=MOVE)
05:20:56.184 [AMR-01] STATE_TRANSITION MOVING -> EMERGENCY_STOP (intent=STOP)
05:20:56.184 [AMR-01] SAFETY_STOP min_obstacle_distance=1.01m <= 1.2m
05:20:56.285 [AMR-01] CONFLICT_DETECTED peer=AMR-02 type=INTERSECTION node=(11, 9) safe_wait=(12, 9) DECISION=YIELD (Lower precedence at intersection (71.6 vs 71.9) -> Safe wait at (12, 9) for AMR-02)
05:20:56.285 [AMR-01] STATE_TRANSITION EMERGENCY_STOP -> YIELDING (intent=YIELD)
05:20:56.385 [AMR-01] CONFLICT_DETECTED peer=AMR-02 type=INTERSECTION node=(11, 9) safe_wait=(12, 9) DECISION=PROCEED (Higher precedence (71.8 vs 71.7) -> Proceed through (11, 9))
05:20:56.385 [AMR-01] STATE_TRANSITION YIELDING -> MOVING (intent=MOVE)
05:20:56.486 [AMR-01] STATE_TRANSITION MOVING -> EMERGENCY_STOP (intent=STOP)
05:20:56.486 [AMR-01] SAFETY_STOP min_obstacle_distance=1.00m <= 1.2m
05:20:56.587 [AMR-01] CONFLICT_DETECTED peer=AMR-02 type=INTERSECTION node=(12, 9) safe_wait=(13, 9) DECISION=YIELD (Lower precedence at intersection (71.6 vs 72.0) -> Safe wait at (13, 9) for AMR-02)
05:20:56.588 [AMR-01] STATE_TRANSITION EMERGENCY_STOP -> YIELDING (intent=YIELD)
05:20:56.687 [AMR-01] CONFLICT_DETECTED peer=AMR-02 type=INTERSECTION node=(12, 9) safe_wait=(13, 9) DECISION=PROCEED (Higher precedence (71.8 vs 71.8) -> Proceed through (12, 9))
05:20:56.687 [AMR-01] STATE_TRANSITION YIELDING -> MOVING (intent=MOVE)
05:20:56.787 [AMR-01] STATE_TRANSITION MOVING -> EMERGENCY_STOP (intent=STOP)
05:20:56.789 [AMR-01] SAFETY_STOP min_obstacle_distance=1.01m <= 1.2m
05:20:56.888 [AMR-01] CONFLICT_DETECTED peer=AMR-02 type=INTERSECTION node=(12, 9) safe_wait=(13, 9) DECISION=YIELD (Lower precedence at intersection (71.7 vs 71.7) -> Safe wait at (13, 9) for AMR-02)
05:20:56.888 [AMR-01] STATE_TRANSITION EMERGENCY_STOP -> YIELDING (intent=YIELD)
05:20:56.989 [AMR-01] CONFLICT_DETECTED peer=AMR-02 type=INTERSECTION node=(12, 9) safe_wait=(13, 9) DECISION=PROCEED (Higher precedence (71.9 vs 71.7) -> Proceed through (12, 9))
05:20:56.989 [AMR-01] STATE_TRANSITION YIELDING -> MOVING (intent=MOVE)
05:20:57.090 [AMR-01] STATE_TRANSITION MOVING -> EMERGENCY_STOP (intent=STOP)
05:20:57.090 [AMR-01] SAFETY_STOP min_obstacle_distance=1.04m <= 1.2m
05:20:57.191 [AMR-01] CONFLICT_DETECTED peer=AMR-02 type=INTERSECTION node=(12, 9) safe_wait=(13, 9) DECISION=PROCEED (Higher precedence (71.8 vs 71.5) -> Proceed through (12, 9))
05:20:57.192 [AMR-01] STATE_TRANSITION EMERGENCY_STOP -> MOVING (intent=MOVE)
05:20:57.292 [AMR-01] STATE_TRANSITION MOVING -> EMERGENCY_STOP (intent=STOP)
05:20:57.292 [AMR-01] SAFETY_STOP min_obstacle_distance=1.10m <= 1.2m
05:20:57.393 [AMR-01] CONFLICT_DETECTED peer=AMR-02 type=INTERSECTION node=(12, 9) safe_wait=(13, 9) DECISION=YIELD (Lower precedence at intersection (71.6 vs 72.0) -> Safe wait at (13, 9) for AMR-02)
05:20:57.393 [AMR-01] STATE_TRANSITION EMERGENCY_STOP -> YIELDING (intent=YIELD)
05:20:57.494 [AMR-01] CONFLICT_DETECTED peer=AMR-02 type=INTERSECTION node=(12, 9) safe_wait=(13, 9) DECISION=YIELD (Lower precedence at intersection (71.8 vs 71.8) -> Safe wait at (13, 9) for AMR-02)
05:20:57.595 [AMR-01] CONFLICT_DETECTED peer=AMR-02 type=INTERSECTION node=(12, 9) safe_wait=(13, 9) DECISION=YIELD (Lower precedence at intersection (71.8 vs 71.8) -> Safe wait at (13, 9) for AMR-02)
05:20:57.695 [AMR-01] CONFLICT_DETECTED peer=AMR-02 type=INTERSECTION node=(12, 9) safe_wait=(13, 9) DECISION=PROCEED (Higher precedence (72.0 vs 71.4) -> Proceed through (12, 9))
05:20:57.695 [AMR-01] STATE_TRANSITION YIELDING -> MOVING (intent=MOVE)
05:20:57.796 [AMR-01] STATE_TRANSITION MOVING -> EMERGENCY_STOP (intent=STOP)
05:20:57.796 [AMR-01] SAFETY_STOP min_obstacle_distance=1.01m <= 1.2m
05:20:57.897 [AMR-01] CONFLICT_DETECTED peer=AMR-02 type=INTERSECTION node=(12, 9) safe_wait=(13, 9) DECISION=PROCEED (Higher precedence (71.9 vs 71.6) -> Proceed through (12, 9))
05:20:57.897 [AMR-01] STATE_TRANSITION EMERGENCY_STOP -> MOVING (intent=MOVE)
05:20:57.997 [AMR-01] STATE_TRANSITION MOVING -> EMERGENCY_STOP (intent=STOP)
05:20:57.997 [AMR-01] SAFETY_STOP min_obstacle_distance=1.04m <= 1.2m
05:20:58.098 [AMR-01] CONFLICT_DETECTED peer=AMR-02 type=INTERSECTION node=(12, 9) safe_wait=(13, 9) DECISION=YIELD (Lower precedence at intersection (71.8 vs 72.0) -> Safe wait at (13, 9) for AMR-02)
05:20:58.099 [AMR-01] STATE_TRANSITION EMERGENCY_STOP -> YIELDING (intent=YIELD)
05:20:58.199 [AMR-01] CONFLICT_DETECTED peer=AMR-02 type=INTERSECTION node=(12, 9) safe_wait=(13, 9) DECISION=PROCEED (Higher precedence (72.0 vs 71.9) -> Proceed through (12, 9))
05:20:58.199 [AMR-01] STATE_TRANSITION YIELDING -> MOVING (intent=MOVE)
05:20:58.300 [AMR-01] STATE_TRANSITION MOVING -> EMERGENCY_STOP (intent=STOP)
05:20:58.300 [AMR-01] SAFETY_STOP min_obstacle_distance=1.10m <= 1.2m
05:20:58.400 [AMR-01] CONFLICT_DETECTED peer=AMR-02 type=INTERSECTION node=(12, 9) safe_wait=(13, 9) DECISION=PROCEED (Higher precedence (71.8 vs 71.8) -> Proceed through (12, 9))
05:20:58.400 [AMR-01] STATE_TRANSITION EMERGENCY_STOP -> MOVING (intent=MOVE)
05:20:58.501 [AMR-01] STATE_TRANSITION MOVING -> EMERGENCY_STOP (intent=STOP)
05:20:58.501 [AMR-01] SAFETY_STOP min_obstacle_distance=1.08m <= 1.2m
05:20:58.602 [AMR-01] CONFLICT_DETECTED peer=AMR-02 type=INTERSECTION node=(12, 9) safe_wait=(13, 9) DECISION=YIELD (Lower precedence at intersection (71.4 vs 72.0) -> Safe wait at (13, 9) for AMR-02)
05:20:58.602 [AMR-01] STATE_TRANSITION EMERGENCY_STOP -> YIELDING (intent=YIELD)
05:20:58.703 [AMR-01] CONFLICT_DETECTED peer=AMR-02 type=INTERSECTION node=(12, 9) safe_wait=(13, 9) DECISION=PROCEED (Higher precedence (71.6 vs 71.6) -> Proceed through (12, 9))
05:20:58.703 [AMR-01] STATE_TRANSITION YIELDING -> MOVING (intent=MOVE)
05:20:58.803 [AMR-01] STATE_TRANSITION MOVING -> EMERGENCY_STOP (intent=STOP)
05:20:58.803 [AMR-01] SAFETY_STOP min_obstacle_distance=1.01m <= 1.2m
05:20:58.904 [AMR-01] CONFLICT_DETECTED peer=AMR-02 type=INTERSECTION node=(12, 9) safe_wait=(13, 9) DECISION=YIELD (Lower precedence at intersection (71.5 vs 71.5) -> Safe wait at (13, 9) for AMR-02)
05:20:58.904 [AMR-01] STATE_TRANSITION EMERGENCY_STOP -> YIELDING (intent=YIELD)
05:20:59.005 [AMR-01] CONFLICT_DETECTED peer=AMR-02 type=INTERSECTION node=(12, 9) safe_wait=(13, 9) DECISION=PROCEED (Higher precedence (71.7 vs 71.5) -> Proceed through (12, 9))
05:20:59.005 [AMR-01] STATE_TRANSITION YIELDING -> MOVING (intent=MOVE)
05:20:59.105 [AMR-01] STATE_TRANSITION MOVING -> EMERGENCY_STOP (intent=STOP)
05:20:59.105 [AMR-01] SAFETY_STOP min_obstacle_distance=1.04m <= 1.2m
05:20:59.206 [AMR-01] CONFLICT_DETECTED peer=AMR-02 type=INTERSECTION node=(12, 9) safe_wait=(13, 9) DECISION=PROCEED (Higher precedence (71.5 vs 71.3) -> Proceed through (12, 9))
05:20:59.206 [AMR-01] STATE_TRANSITION EMERGENCY_STOP -> MOVING (intent=MOVE)
05:20:59.307 [AMR-01] STATE_TRANSITION MOVING -> EMERGENCY_STOP (intent=STOP)
05:20:59.307 [AMR-01] SAFETY_STOP min_obstacle_distance=1.10m <= 1.2m
05:20:59.408 [AMR-01] CONFLICT_DETECTED peer=AMR-02 type=INTERSECTION node=(12, 9) safe_wait=(13, 9) DECISION=YIELD (Lower precedence at intersection (71.4 vs 71.8) -> Safe wait at (13, 9) for AMR-02)
05:20:59.408 [AMR-01] STATE_TRANSITION EMERGENCY_STOP -> YIELDING (intent=YIELD)
05:20:59.508 [AMR-01] CONFLICT_DETECTED peer=AMR-02 type=INTERSECTION node=(12, 9) safe_wait=(13, 9) DECISION=PROCEED (Higher precedence (71.6 vs 71.6) -> Proceed through (12, 9))
05:20:59.508 [AMR-01] STATE_TRANSITION YIELDING -> MOVING (intent=MOVE)
05:20:59.609 [AMR-01] STATE_TRANSITION MOVING -> EMERGENCY_STOP (intent=STOP)
05:20:59.609 [AMR-01] SAFETY_STOP min_obstacle_distance=1.00m <= 1.2m
05:20:59.709 [AMR-01] CONFLICT_DETECTED peer=AMR-02 type=INTERSECTION node=(12, 9) safe_wait=(13, 9) DECISION=PROCEED (Higher precedence (71.2 vs 71.2) -> Proceed through (12, 9))
05:20:59.709 [AMR-01] STATE_TRANSITION EMERGENCY_STOP -> MOVING (intent=MOVE)
05:20:59.810 [AMR-01] STATE_TRANSITION MOVING -> EMERGENCY_STOP (intent=STOP)
05:20:59.810 [AMR-01] SAFETY_STOP min_obstacle_distance=1.01m <= 1.2m
05:20:59.911 [AMR-01] CONFLICT_DETECTED peer=AMR-02 type=INTERSECTION node=(12, 9) safe_wait=(13, 9) DECISION=YIELD (Lower precedence at intersection (71.1 vs 71.4) -> Safe wait at (13, 9) for AMR-02)
05:20:59.911 [AMR-01] STATE_TRANSITION EMERGENCY_STOP -> YIELDING (intent=YIELD)
05:21:00.012 [AMR-01] CONFLICT_DETECTED peer=AMR-02 type=INTERSECTION node=(12, 9) safe_wait=(13, 9) DECISION=PROCEED (Higher precedence (71.3 vs 71.3) -> Proceed through (12, 9))
05:21:00.012 [AMR-01] STATE_TRANSITION YIELDING -> MOVING (intent=MOVE)
05:21:00.112 [AMR-01] STATE_TRANSITION MOVING -> EMERGENCY_STOP (intent=STOP)
05:21:00.112 [AMR-01] SAFETY_STOP min_obstacle_distance=1.04m <= 1.2m
05:21:00.213 [AMR-01] CONFLICT_DETECTED peer=AMR-02 type=INTERSECTION node=(12, 9) safe_wait=(13, 9) DECISION=PROCEED (Higher precedence (71.2 vs 71.2) -> Proceed through (12, 9))
05:21:00.213 [AMR-01] STATE_TRANSITION EMERGENCY_STOP -> MOVING (intent=MOVE)
05:21:00.313 [AMR-01] STATE_TRANSITION MOVING -> EMERGENCY_STOP (intent=STOP)
05:21:00.313 [AMR-01] SAFETY_STOP min_obstacle_distance=1.10m <= 1.2m
05:21:00.414 [AMR-01] CONFLICT_DETECTED peer=AMR-02 type=INTERSECTION node=(12, 9) safe_wait=(13, 9) DECISION=YIELD (Lower precedence at intersection (71.0 vs 71.3) -> Safe wait at (13, 9) for AMR-02)
05:21:00.414 [AMR-01] STATE_TRANSITION EMERGENCY_STOP -> YIELDING (intent=YIELD)
05:21:00.514 [AMR-01] CONFLICT_DETECTED peer=AMR-02 type=INTERSECTION node=(12, 9) safe_wait=(13, 9) DECISION=YIELD (Lower precedence at intersection (71.0 vs 71.2) -> Safe wait at (13, 9) for AMR-02)
05:21:00.615 [AMR-01] CONFLICT_DETECTED peer=AMR-02 type=INTERSECTION node=(12, 9) safe_wait=(13, 9) DECISION=PROCEED (Higher precedence (71.2 vs 71.0) -> Proceed through (12, 9))
05:21:00.615 [AMR-01] STATE_TRANSITION YIELDING -> MOVING (intent=MOVE)
05:21:00.716 [AMR-01] STATE_TRANSITION MOVING -> EMERGENCY_STOP (intent=STOP)
05:21:00.716 [AMR-01] SAFETY_STOP min_obstacle_distance=1.01m <= 1.2m
05:21:00.816 [AMR-01] CONFLICT_DETECTED peer=AMR-02 type=INTERSECTION node=(12, 9) safe_wait=(13, 9) DECISION=PROCEED (Higher precedence (71.1 vs 71.1) -> Proceed through (12, 9))
05:21:00.816 [AMR-01] STATE_TRANSITION EMERGENCY_STOP -> MOVING (intent=MOVE)
05:21:00.916 [AMR-01] STATE_TRANSITION MOVING -> EMERGENCY_STOP (intent=STOP)
05:21:00.916 [AMR-01] SAFETY_STOP min_obstacle_distance=1.04m <= 1.2m
05:21:01.017 [AMR-01] CONFLICT_DETECTED peer=AMR-02 type=INTERSECTION node=(12, 9) safe_wait=(13, 9) DECISION=YIELD (Lower precedence at intersection (71.0 vs 71.3) -> Safe wait at (13, 9) for AMR-02)
05:21:01.017 [AMR-01] STATE_TRANSITION EMERGENCY_STOP -> YIELDING (intent=YIELD)
05:21:01.118 [AMR-01] CONFLICT_DETECTED peer=AMR-02 type=INTERSECTION node=(12, 9) safe_wait=(13, 9) DECISION=PROCEED (Higher precedence (71.2 vs 71.2) -> Proceed through (12, 9))
05:21:01.118 [AMR-01] STATE_TRANSITION YIELDING -> MOVING (intent=MOVE)
05:21:01.219 [AMR-01] STATE_TRANSITION MOVING -> EMERGENCY_STOP (intent=STOP)
05:21:01.219 [AMR-01] SAFETY_STOP min_obstacle_distance=1.10m <= 1.2m
05:21:01.320 [AMR-01] CONFLICT_DETECTED peer=AMR-02 type=INTERSECTION node=(12, 9) safe_wait=(13, 9) DECISION=PROCEED (Higher precedence (71.0 vs 71.0) -> Proceed through (12, 9))
05:21:01.320 [AMR-01] STATE_TRANSITION EMERGENCY_STOP -> MOVING (intent=MOVE)
05:21:01.421 [AMR-01] STATE_TRANSITION MOVING -> EMERGENCY_STOP (intent=STOP)
05:21:01.421 [AMR-01] SAFETY_STOP min_obstacle_distance=1.08m <= 1.2m
05:21:01.522 [AMR-01] CONFLICT_DETECTED peer=AMR-02 type=INTERSECTION node=(12, 9) safe_wait=(13, 9) DECISION=YIELD (Lower precedence at intersection (70.6 vs 71.2) -> Safe wait at (13, 9) for AMR-02)
05:21:01.523 [AMR-01] STATE_TRANSITION EMERGENCY_STOP -> YIELDING (intent=YIELD)
05:21:01.623 [AMR-01] CONFLICT_DETECTED peer=AMR-02 type=INTERSECTION node=(12, 9) safe_wait=(13, 9) DECISION=YIELD (Lower precedence at intersection (70.8 vs 71.3) -> Safe wait at (13, 9) for AMR-02)
05:21:01.723 [AMR-01] CONFLICT_DETECTED peer=AMR-02 type=INTERSECTION node=(12, 9) safe_wait=(13, 9) DECISION=YIELD (Lower precedence at intersection (71.0 vs 71.3) -> Safe wait at (13, 9) for AMR-02)
05:21:01.824 [AMR-01] CONFLICT_DETECTED peer=AMR-02 type=INTERSECTION node=(12, 9) safe_wait=(13, 9) DECISION=PROCEED (Higher precedence (71.2 vs 71.2) -> Proceed through (12, 9))
05:21:01.824 [AMR-01] STATE_TRANSITION YIELDING -> MOVING (intent=MOVE)
05:21:01.924 [AMR-01] STATE_TRANSITION MOVING -> EMERGENCY_STOP (intent=STOP)
05:21:01.924 [AMR-01] SAFETY_STOP min_obstacle_distance=1.01m <= 1.2m
05:21:02.024 [AMR-01] CONFLICT_DETECTED peer=AMR-02 type=INTERSECTION node=(12, 9) safe_wait=(13, 9) DECISION=PROCEED (Higher precedence (71.1 vs 71.0) -> Proceed through (12, 9))
05:21:02.024 [AMR-01] STATE_TRANSITION EMERGENCY_STOP -> MOVING (intent=MOVE)
05:21:02.125 [AMR-01] STATE_TRANSITION MOVING -> EMERGENCY_STOP (intent=STOP)
05:21:02.125 [AMR-01] SAFETY_STOP min_obstacle_distance=1.04m <= 1.2m
05:21:02.225 [AMR-01] CONFLICT_DETECTED peer=AMR-02 type=INTERSECTION node=(12, 9) safe_wait=(13, 9) DECISION=YIELD (Lower precedence at intersection (71.0 vs 71.2) -> Safe wait at (13, 9) for AMR-02)
05:21:02.225 [AMR-01] STATE_TRANSITION EMERGENCY_STOP -> YIELDING (intent=YIELD)
05:21:02.325 [AMR-01] CONFLICT_DETECTED peer=AMR-02 type=INTERSECTION node=(12, 9) safe_wait=(13, 9) DECISION=PROCEED (Higher precedence (71.2 vs 71.1) -> Proceed through (12, 9))
05:21:02.325 [AMR-01] STATE_TRANSITION YIELDING -> MOVING (intent=MOVE)
05:21:02.425 [AMR-01] STATE_TRANSITION MOVING -> EMERGENCY_STOP (intent=STOP)
05:21:02.425 [AMR-01] SAFETY_STOP min_obstacle_distance=1.10m <= 1.2m
05:21:02.526 [AMR-01] CONFLICT_DETECTED peer=AMR-02 type=INTERSECTION node=(12, 9) safe_wait=(13, 9) DECISION=YIELD (Lower precedence at intersection (70.8 vs 71.0) -> Safe wait at (13, 9) for AMR-02)
05:21:02.526 [AMR-01] STATE_TRANSITION EMERGENCY_STOP -> YIELDING (intent=YIELD)
05:21:02.627 [AMR-01] CONFLICT_DETECTED peer=AMR-02 type=INTERSECTION node=(12, 9) safe_wait=(13, 9) DECISION=PROCEED (Higher precedence (71.0 vs 70.7) -> Proceed through (12, 9))
05:21:02.627 [AMR-01] STATE_TRANSITION YIELDING -> MOVING (intent=MOVE)
05:21:02.728 [AMR-01] STATE_TRANSITION MOVING -> EMERGENCY_STOP (intent=STOP)
05:21:02.728 [AMR-01] SAFETY_STOP min_obstacle_distance=1.01m <= 1.2m
05:21:02.829 [AMR-01] CONFLICT_DETECTED peer=AMR-02 type=INTERSECTION node=(12, 9) safe_wait=(13, 9) DECISION=PROCEED (Higher precedence (70.9 vs 70.8) -> Proceed through (12, 9))
05:21:02.829 [AMR-01] STATE_TRANSITION EMERGENCY_STOP -> MOVING (intent=MOVE)
05:21:02.930 [AMR-01] STATE_TRANSITION MOVING -> EMERGENCY_STOP (intent=STOP)
05:21:02.930 [AMR-01] SAFETY_STOP min_obstacle_distance=1.04m <= 1.2m
05:21:03.031 [AMR-01] CONFLICT_DETECTED peer=AMR-02 type=INTERSECTION node=(12, 9) safe_wait=(13, 9) DECISION=YIELD (Lower precedence at intersection (70.8 vs 71.0) -> Safe wait at (13, 9) for AMR-02)
05:21:03.031 [AMR-01] STATE_TRANSITION EMERGENCY_STOP -> YIELDING (intent=YIELD)
05:21:03.132 [AMR-01] CONFLICT_DETECTED peer=AMR-02 type=INTERSECTION node=(12, 9) safe_wait=(13, 9) DECISION=PROCEED (Higher precedence (71.0 vs 70.8) -> Proceed through (12, 9))
05:21:03.132 [AMR-01] STATE_TRANSITION YIELDING -> MOVING (intent=MOVE)
05:21:03.233 [AMR-01] STATE_TRANSITION MOVING -> EMERGENCY_STOP (intent=STOP)
05:21:03.233 [AMR-01] SAFETY_STOP min_obstacle_distance=1.10m <= 1.2m
05:21:03.334 [AMR-01] CONFLICT_DETECTED peer=AMR-02 type=INTERSECTION node=(12, 9) safe_wait=(13, 9) DECISION=PROCEED (Higher precedence (70.8 vs 70.7) -> Proceed through (12, 9))
05:21:03.334 [AMR-01] STATE_TRANSITION EMERGENCY_STOP -> MOVING (intent=MOVE)
05:21:03.435 [AMR-01] STATE_TRANSITION MOVING -> EMERGENCY_STOP (intent=STOP)
05:21:03.435 [AMR-01] SAFETY_STOP min_obstacle_distance=1.07m <= 1.2m
05:21:03.536 [AMR-01] CONFLICT_DETECTED peer=AMR-02 type=INTERSECTION node=(12, 9) safe_wait=(13, 9) DECISION=YIELD (Lower precedence at intersection (70.4 vs 70.9) -> Safe wait at (13, 9) for AMR-02)
05:21:03.536 [AMR-01] STATE_TRANSITION EMERGENCY_STOP -> YIELDING (intent=YIELD)
05:21:03.637 [AMR-01] CONFLICT_DETECTED peer=AMR-02 type=INTERSECTION node=(12, 9) safe_wait=(13, 9) DECISION=PROCEED (Higher precedence (70.6 vs 70.5) -> Proceed through (12, 9))
05:21:03.637 [AMR-01] STATE_TRANSITION YIELDING -> MOVING (intent=MOVE)
05:21:03.738 [AMR-01] STATE_TRANSITION MOVING -> EMERGENCY_STOP (intent=STOP)
05:21:03.738 [AMR-01] SAFETY_STOP min_obstacle_distance=1.01m <= 1.2m
05:21:03.839 [AMR-01] CONFLICT_DETECTED peer=AMR-02 type=INTERSECTION node=(12, 9) safe_wait=(13, 9) DECISION=PROCEED (Higher precedence (70.5 vs 70.4) -> Proceed through (12, 9))
05:21:03.839 [AMR-01] STATE_TRANSITION EMERGENCY_STOP -> MOVING (intent=MOVE)
05:21:03.940 [AMR-01] STATE_TRANSITION MOVING -> EMERGENCY_STOP (intent=STOP)
05:21:03.940 [AMR-01] SAFETY_STOP min_obstacle_distance=1.04m <= 1.2m
05:21:04.040 [AMR-01] CONFLICT_DETECTED peer=AMR-02 type=INTERSECTION node=(12, 9) safe_wait=(13, 9) DECISION=YIELD (Lower precedence at intersection (70.3 vs 70.6) -> Safe wait at (13, 9) for AMR-02)
05:21:04.040 [AMR-01] STATE_TRANSITION EMERGENCY_STOP -> YIELDING (intent=YIELD)
05:21:04.142 [AMR-01] CONFLICT_DETECTED peer=AMR-02 type=INTERSECTION node=(12, 9) safe_wait=(13, 9) DECISION=PROCEED (Higher precedence (70.5 vs 70.4) -> Proceed through (12, 9))
05:21:04.142 [AMR-01] STATE_TRANSITION YIELDING -> MOVING (intent=MOVE)
05:21:04.243 [AMR-01] STATE_TRANSITION MOVING -> EMERGENCY_STOP (intent=STOP)
05:21:04.243 [AMR-01] SAFETY_STOP min_obstacle_distance=1.10m <= 1.2m
05:21:04.344 [AMR-01] CONFLICT_DETECTED peer=AMR-02 type=INTERSECTION node=(12, 9) safe_wait=(13, 9) DECISION=PROCEED (Higher precedence (70.4 vs 70.3) -> Proceed through (12, 9))
05:21:04.344 [AMR-01] STATE_TRANSITION EMERGENCY_STOP -> MOVING (intent=MOVE)
05:21:04.444 [AMR-01] STATE_TRANSITION MOVING -> EMERGENCY_STOP (intent=STOP)
05:21:04.445 [AMR-01] SAFETY_STOP min_obstacle_distance=1.07m <= 1.2m
05:21:04.545 [AMR-01] CONFLICT_DETECTED peer=AMR-02 type=INTERSECTION node=(12, 9) safe_wait=(13, 9) DECISION=YIELD (Lower precedence at intersection (70.0 vs 70.5) -> Safe wait at (13, 9) for AMR-02)
05:21:04.545 [AMR-01] STATE_TRANSITION EMERGENCY_STOP -> YIELDING (intent=YIELD)
05:21:04.646 [AMR-01] CONFLICT_DETECTED peer=AMR-02 type=INTERSECTION node=(12, 9) safe_wait=(13, 9) DECISION=PROCEED (Higher precedence (70.2 vs 70.1) -> Proceed through (12, 9))
05:21:04.646 [AMR-01] STATE_TRANSITION YIELDING -> MOVING (intent=MOVE)
05:21:04.746 [AMR-01] STATE_TRANSITION MOVING -> EMERGENCY_STOP (intent=STOP)
05:21:04.747 [AMR-01] SAFETY_STOP min_obstacle_distance=1.01m <= 1.2m
05:21:04.847 [AMR-01] CONFLICT_DETECTED peer=AMR-02 type=INTERSECTION node=(12, 9) safe_wait=(13, 9) DECISION=PROCEED (Higher precedence (70.1 vs 70.0) -> Proceed through (12, 9))
05:21:04.847 [AMR-01] STATE_TRANSITION EMERGENCY_STOP -> MOVING (intent=MOVE)
05:21:04.947 [AMR-01] STATE_TRANSITION MOVING -> EMERGENCY_STOP (intent=STOP)
05:21:04.947 [AMR-01] SAFETY_STOP min_obstacle_distance=1.04m <= 1.2m
05:21:05.048 [AMR-01] CONFLICT_DETECTED peer=AMR-02 type=INTERSECTION node=(12, 9) safe_wait=(13, 9) DECISION=YIELD (Lower precedence at intersection (69.9 vs 70.2) -> Safe wait at (13, 9) for AMR-02)
05:21:05.048 [AMR-01] STATE_TRANSITION EMERGENCY_STOP -> YIELDING (intent=YIELD)
05:21:05.148 [AMR-01] CONFLICT_DETECTED peer=AMR-02 type=INTERSECTION node=(12, 9) safe_wait=(13, 9) DECISION=PROCEED (Higher precedence (70.1 vs 70.0) -> Proceed through (12, 9))
05:21:05.148 [AMR-01] STATE_TRANSITION YIELDING -> MOVING (intent=MOVE)
05:21:05.248 [AMR-01] STATE_TRANSITION MOVING -> EMERGENCY_STOP (intent=STOP)
05:21:05.248 [AMR-01] SAFETY_STOP min_obstacle_distance=1.10m <= 1.2m
05:21:05.349 [AMR-01] CONFLICT_DETECTED peer=AMR-02 type=INTERSECTION node=(12, 9) safe_wait=(13, 9) DECISION=PROCEED (Higher precedence (70.0 vs 69.9) -> Proceed through (12, 9))
05:21:05.349 [AMR-01] STATE_TRANSITION EMERGENCY_STOP -> MOVING (intent=MOVE)
05:21:05.449 [AMR-01] STATE_TRANSITION MOVING -> EMERGENCY_STOP (intent=STOP)
05:21:05.449 [AMR-01] SAFETY_STOP min_obstacle_distance=1.08m <= 1.2m
05:21:05.550 [AMR-01] CONFLICT_DETECTED peer=AMR-02 type=INTERSECTION node=(12, 9) safe_wait=(13, 9) DECISION=YIELD (Lower precedence at intersection (69.6 vs 70.1) -> Safe wait at (13, 9) for AMR-02)
05:21:05.550 [AMR-01] STATE_TRANSITION EMERGENCY_STOP -> YIELDING (intent=YIELD)
05:21:05.651 [AMR-01] CONFLICT_DETECTED peer=AMR-02 type=INTERSECTION node=(12, 9) safe_wait=(13, 9) DECISION=PROCEED (Higher precedence (69.8 vs 69.7) -> Proceed through (12, 9))
05:21:05.651 [AMR-01] STATE_TRANSITION YIELDING -> MOVING (intent=MOVE)
05:21:05.751 [AMR-01] STATE_TRANSITION MOVING -> EMERGENCY_STOP (intent=STOP)
05:21:05.751 [AMR-01] SAFETY_STOP min_obstacle_distance=1.01m <= 1.2m
05:21:05.852 [AMR-01] CONFLICT_DETECTED peer=AMR-02 type=INTERSECTION node=(12, 9) safe_wait=(13, 9) DECISION=PROCEED (Higher precedence (69.7 vs 69.5) -> Proceed through (12, 9))
05:21:05.852 [AMR-01] STATE_TRANSITION EMERGENCY_STOP -> MOVING (intent=MOVE)
05:21:05.952 [AMR-01] STATE_TRANSITION MOVING -> EMERGENCY_STOP (intent=STOP)
05:21:05.952 [AMR-01] SAFETY_STOP min_obstacle_distance=1.04m <= 1.2m
05:21:06.053 [AMR-01] CONFLICT_DETECTED peer=AMR-02 type=INTERSECTION node=(12, 9) safe_wait=(13, 9) DECISION=YIELD (Lower precedence at intersection (69.5 vs 69.8) -> Safe wait at (13, 9) for AMR-02)
05:21:06.053 [AMR-01] STATE_TRANSITION EMERGENCY_STOP -> YIELDING (intent=YIELD)
05:21:06.153 [AMR-01] CONFLICT_DETECTED peer=AMR-02 type=INTERSECTION node=(12, 9) safe_wait=(13, 9) DECISION=PROCEED (Higher precedence (69.7 vs 69.6) -> Proceed through (12, 9))
05:21:06.153 [AMR-01] STATE_TRANSITION YIELDING -> MOVING (intent=MOVE)
05:21:06.254 [AMR-01] STATE_TRANSITION MOVING -> EMERGENCY_STOP (intent=STOP)
05:21:06.254 [AMR-01] SAFETY_STOP min_obstacle_distance=1.10m <= 1.2m
05:21:06.354 [AMR-01] CONFLICT_DETECTED peer=AMR-02 type=INTERSECTION node=(12, 9) safe_wait=(13, 9) DECISION=PROCEED (Higher precedence (69.6 vs 69.5) -> Proceed through (12, 9))
05:21:06.354 [AMR-01] STATE_TRANSITION EMERGENCY_STOP -> MOVING (intent=MOVE)
05:21:06.455 [AMR-01] STATE_TRANSITION MOVING -> EMERGENCY_STOP (intent=STOP)
05:21:06.455 [AMR-01] SAFETY_STOP min_obstacle_distance=1.08m <= 1.2m
05:21:06.555 [AMR-01] CONFLICT_DETECTED peer=AMR-02 type=INTERSECTION node=(12, 9) safe_wait=(13, 9) DECISION=YIELD (Lower precedence at intersection (69.2 vs 69.7) -> Safe wait at (13, 9) for AMR-02)
05:21:06.555 [AMR-01] STATE_TRANSITION EMERGENCY_STOP -> YIELDING (intent=YIELD)
05:21:06.656 [AMR-01] CONFLICT_DETECTED peer=AMR-02 type=INTERSECTION node=(12, 9) safe_wait=(13, 9) DECISION=PROCEED (Higher precedence (69.4 vs 69.3) -> Proceed through (12, 9))
05:21:06.656 [AMR-01] STATE_TRANSITION YIELDING -> MOVING (intent=MOVE)
05:21:06.757 [AMR-01] STATE_TRANSITION MOVING -> EMERGENCY_STOP (intent=STOP)
05:21:06.757 [AMR-01] SAFETY_STOP min_obstacle_distance=1.01m <= 1.2m
05:21:06.858 [AMR-01] CONFLICT_DETECTED peer=AMR-02 type=INTERSECTION node=(12, 9) safe_wait=(13, 9) DECISION=PROCEED (Higher precedence (69.3 vs 69.2) -> Proceed through (12, 9))
05:21:06.877 [AMR-01] STATE_TRANSITION EMERGENCY_STOP -> MOVING (intent=MOVE)
05:21:06.958 [AMR-01] STATE_TRANSITION MOVING -> EMERGENCY_STOP (intent=STOP)
05:21:06.958 [AMR-01] SAFETY_STOP min_obstacle_distance=1.04m <= 1.2m
05:21:07.058 [AMR-01] CONFLICT_DETECTED peer=AMR-02 type=INTERSECTION node=(12, 9) safe_wait=(13, 9) DECISION=YIELD (Lower precedence at intersection (69.1 vs 69.3) -> Safe wait at (13, 9) for AMR-02)
05:21:07.059 [AMR-01] STATE_TRANSITION EMERGENCY_STOP -> YIELDING (intent=YIELD)
05:21:07.159 [AMR-01] CONFLICT_DETECTED peer=AMR-02 type=INTERSECTION node=(12, 9) safe_wait=(13, 9) DECISION=PROCEED (Higher precedence (69.3 vs 69.2) -> Proceed through (12, 9))
05:21:07.159 [AMR-01] STATE_TRANSITION YIELDING -> MOVING (intent=MOVE)
05:21:07.259 [AMR-01] STATE_TRANSITION MOVING -> EMERGENCY_STOP (intent=STOP)
05:21:07.259 [AMR-01] SAFETY_STOP min_obstacle_distance=1.10m <= 1.2m
05:21:07.360 [AMR-01] CONFLICT_DETECTED peer=AMR-02 type=INTERSECTION node=(12, 9) safe_wait=(13, 9) DECISION=PROCEED (Higher precedence (69.2 vs 69.1) -> Proceed through (12, 9))
05:21:07.360 [AMR-01] STATE_TRANSITION EMERGENCY_STOP -> MOVING (intent=MOVE)
05:21:07.461 [AMR-01] STATE_TRANSITION MOVING -> EMERGENCY_STOP (intent=STOP)
05:21:07.461 [AMR-01] SAFETY_STOP min_obstacle_distance=1.08m <= 1.2m
05:21:07.562 [AMR-01] CONFLICT_DETECTED peer=AMR-02 type=INTERSECTION node=(12, 9) safe_wait=(13, 9) DECISION=YIELD (Lower precedence at intersection (68.8 vs 69.3) -> Safe wait at (13, 9) for AMR-02)
05:21:07.562 [AMR-01] STATE_TRANSITION EMERGENCY_STOP -> YIELDING (intent=YIELD)
05:21:07.663 [AMR-01] CONFLICT_DETECTED peer=AMR-02 type=SAME_NEXT_NODE node=(12, 9) safe_wait=(13, 9) DECISION=YIELD (Lower precedence (69.0 vs 69.4) -> Safe wait at (13, 9) for AMR-02)
05:21:07.763 [AMR-01] RESERVATION_WAIT: Zone (12, 9) reserved by AMR-02 (priority 69.4 >= 69.2)
05:21:07.764 [AMR-01] STATE_TRANSITION YIELDING -> WAITING (intent=WAIT)
05:21:07.864 [AMR-01] CONFLICT_DETECTED peer=AMR-02 type=SAME_NEXT_NODE node=(12, 9) safe_wait=(13, 9) DECISION=PROCEED (Higher precedence (69.4 vs 69.2) -> Proceed through (12, 9))
05:21:07.864 [AMR-01] STATE_TRANSITION WAITING -> MOVING (intent=MOVE)
05:21:07.964 [AMR-01] STATE_TRANSITION MOVING -> EMERGENCY_STOP (intent=STOP)
05:21:07.964 [AMR-01] SAFETY_STOP min_obstacle_distance=1.01m <= 1.2m
05:21:08.065 [AMR-01] CONFLICT_DETECTED peer=AMR-02 type=SAME_NEXT_NODE node=(12, 9) safe_wait=(13, 9) DECISION=PROCEED (Higher precedence (69.3 vs 69.1) -> Proceed through (12, 9))
05:21:08.065 [AMR-01] STATE_TRANSITION EMERGENCY_STOP -> MOVING (intent=MOVE)
05:21:08.165 [AMR-01] STATE_TRANSITION MOVING -> EMERGENCY_STOP (intent=STOP)
05:21:08.165 [AMR-01] SAFETY_STOP min_obstacle_distance=1.04m <= 1.2m
05:21:08.266 [AMR-01] RESERVATION_WAIT: Zone (12, 9) reserved by AMR-02 (priority 69.3 >= 69.1)
05:21:08.266 [AMR-01] STATE_TRANSITION EMERGENCY_STOP -> WAITING (intent=WAIT)
05:21:08.367 [AMR-01] CONFLICT_DETECTED peer=AMR-02 type=SAME_NEXT_NODE node=(12, 9) safe_wait=(13, 9) DECISION=PROCEED (Higher precedence (69.3 vs 69.2) -> Proceed through (12, 9))
05:21:08.367 [AMR-01] STATE_TRANSITION WAITING -> MOVING (intent=MOVE)
05:21:08.468 [AMR-01] STATE_TRANSITION MOVING -> EMERGENCY_STOP (intent=STOP)
05:21:08.468 [AMR-01] SAFETY_STOP min_obstacle_distance=1.10m <= 1.2m
05:21:08.569 [AMR-01] RESERVATION_WAIT: Zone (12, 9) reserved by AMR-02 (priority 69.4 >= 69.0)
05:21:08.569 [AMR-01] STATE_TRANSITION EMERGENCY_STOP -> WAITING (intent=WAIT)
05:21:08.670 [AMR-01] RESERVATION_WAIT: Zone (12, 9) reserved by AMR-02 (priority 69.4 >= 69.2)
05:21:08.770 [AMR-01] RESERVATION_WAIT: Zone (12, 9) reserved by AMR-02 (priority 69.4 >= 69.4)
05:21:08.871 [AMR-01] CONFLICT_DETECTED peer=AMR-02 type=SAME_NEXT_NODE node=(12, 9) safe_wait=(13, 9) DECISION=PROCEED (Higher precedence (69.6 vs 69.2) -> Proceed through (12, 9))
05:21:08.871 [AMR-01] STATE_TRANSITION WAITING -> MOVING (intent=MOVE)
05:21:08.971 [AMR-01] STATE_TRANSITION MOVING -> EMERGENCY_STOP (intent=STOP)
05:21:08.972 [AMR-01] SAFETY_STOP min_obstacle_distance=1.01m <= 1.2m
05:21:09.072 [AMR-01] CONFLICT_DETECTED peer=AMR-02 type=SAME_NEXT_NODE node=(12, 9) safe_wait=(13, 9) DECISION=YIELD (Lower precedence (69.5 vs 69.6) -> Safe wait at (13, 9) for AMR-02)
05:21:09.072 [AMR-01] STATE_TRANSITION EMERGENCY_STOP -> YIELDING (intent=YIELD)
05:21:09.172 [AMR-01] RESERVATION_WAIT: Zone (12, 9) reserved by AMR-02 (priority 69.8 >= 69.7)
05:21:09.172 [AMR-01] STATE_TRANSITION YIELDING -> WAITING (intent=WAIT)
05:21:09.273 [AMR-01] CONFLICT_DETECTED peer=AMR-02 type=SAME_NEXT_NODE node=(12, 9) safe_wait=(13, 9) DECISION=PROCEED (Higher precedence (69.9 vs 69.7) -> Proceed through (12, 9))
05:21:09.273 [AMR-01] STATE_TRANSITION WAITING -> MOVING (intent=MOVE)
05:21:09.373 [AMR-01] STATE_TRANSITION MOVING -> EMERGENCY_STOP (intent=STOP)
05:21:09.373 [AMR-01] SAFETY_STOP min_obstacle_distance=1.04m <= 1.2m
05:21:09.473 [AMR-01] RESERVATION_WAIT: Zone (12, 9) reserved by AMR-02 (priority 69.8 >= 69.7)
05:21:09.473 [AMR-01] STATE_TRANSITION EMERGENCY_STOP -> WAITING (intent=WAIT)
05:21:09.575 [AMR-01] RESERVATION_WAIT: Zone (12, 9) reserved by AMR-02 (priority 70.0 >= 69.8)
05:21:09.675 [AMR-01] RESERVATION_WAIT: Zone (12, 9) reserved by AMR-02 (priority 70.0 >= 70.0)
05:21:09.775 [AMR-01] CONFLICT_DETECTED peer=AMR-02 type=SAME_NEXT_NODE node=(12, 9) safe_wait=(13, 9) DECISION=PROCEED (Higher precedence (70.2 vs 69.8) -> Proceed through (12, 9))
05:21:09.775 [AMR-01] STATE_TRANSITION WAITING -> MOVING (intent=MOVE)
05:21:09.875 [AMR-01] STATE_TRANSITION MOVING -> EMERGENCY_STOP (intent=STOP)
05:21:09.875 [AMR-01] SAFETY_STOP min_obstacle_distance=1.01m <= 1.2m
05:21:09.976 [AMR-01] CONFLICT_DETECTED peer=AMR-02 type=SAME_NEXT_NODE node=(12, 9) safe_wait=(13, 9) DECISION=YIELD (Lower precedence (70.1 vs 70.2) -> Safe wait at (13, 9) for AMR-02)
05:21:09.976 [AMR-01] STATE_TRANSITION EMERGENCY_STOP -> YIELDING (intent=YIELD)
05:21:10.076 [AMR-01] RESERVATION_WAIT: Zone (12, 9) reserved by AMR-02 (priority 70.4 >= 70.3)
05:21:10.076 [AMR-01] STATE_TRANSITION YIELDING -> WAITING (intent=WAIT)
05:21:10.176 [AMR-01] CONFLICT_DETECTED peer=AMR-02 type=SAME_NEXT_NODE node=(12, 9) safe_wait=(13, 9) DECISION=PROCEED (Higher precedence (70.5 vs 70.2) -> Proceed through (12, 9))
05:21:10.177 [AMR-01] STATE_TRANSITION WAITING -> MOVING (intent=MOVE)
05:21:10.277 [AMR-01] STATE_TRANSITION MOVING -> EMERGENCY_STOP (intent=STOP)
05:21:10.277 [AMR-01] SAFETY_STOP min_obstacle_distance=1.04m <= 1.2m
05:21:10.378 [AMR-01] RESERVATION_WAIT: Zone (12, 9) reserved by AMR-02 (priority 70.4 >= 70.3)
05:21:10.378 [AMR-01] STATE_TRANSITION EMERGENCY_STOP -> WAITING (intent=WAIT)
05:21:10.478 [AMR-01] RESERVATION_WAIT: Zone (12, 9) reserved by AMR-02 (priority 70.7 >= 70.5)
05:21:10.579 [AMR-01] RESERVATION_WAIT: Zone (12, 9) reserved by AMR-02 (priority 70.7 >= 70.6)
05:21:10.680 [AMR-01] CONFLICT_DETECTED peer=AMR-02 type=SAME_NEXT_NODE node=(12, 9) safe_wait=(13, 9) DECISION=PROCEED (Higher precedence (70.8 vs 70.4) -> Proceed through (12, 9))
05:21:10.680 [AMR-01] STATE_TRANSITION WAITING -> MOVING (intent=MOVE)
05:21:10.780 [AMR-01] STATE_TRANSITION MOVING -> EMERGENCY_STOP (intent=STOP)
05:21:10.780 [AMR-01] SAFETY_STOP min_obstacle_distance=1.01m <= 1.2m
05:21:10.880 [AMR-01] CONFLICT_DETECTED peer=AMR-02 type=SAME_NEXT_NODE node=(12, 9) safe_wait=(13, 9) DECISION=YIELD (Lower precedence (70.7 vs 70.8) -> Safe wait at (13, 9) for AMR-02)
05:21:10.880 [AMR-01] STATE_TRANSITION EMERGENCY_STOP -> YIELDING (intent=YIELD)
05:21:10.981 [AMR-01] RESERVATION_WAIT: Zone (12, 9) reserved by AMR-02 (priority 71.0 >= 70.9)
05:21:10.981 [AMR-01] STATE_TRANSITION YIELDING -> WAITING (intent=WAIT)
05:21:11.081 [AMR-01] CONFLICT_DETECTED peer=AMR-02 type=SAME_NEXT_NODE node=(12, 9) safe_wait=(13, 9) DECISION=PROCEED (Higher precedence (71.1 vs 70.9) -> Proceed through (12, 9))
05:21:11.081 [AMR-01] STATE_TRANSITION WAITING -> MOVING (intent=MOVE)
05:21:11.182 [AMR-01] STATE_TRANSITION MOVING -> EMERGENCY_STOP (intent=STOP)
05:21:11.182 [AMR-01] SAFETY_STOP min_obstacle_distance=1.04m <= 1.2m
05:21:11.282 [AMR-01] RESERVATION_WAIT: Zone (12, 9) reserved by AMR-02 (priority 71.0 >= 70.9)
05:21:11.283 [AMR-01] STATE_TRANSITION EMERGENCY_STOP -> WAITING (intent=WAIT)
05:21:11.383 [AMR-01] RESERVATION_WAIT: Zone (12, 9) reserved by AMR-02 (priority 71.3 >= 71.1)
05:21:11.484 [AMR-01] CONFLICT_DETECTED peer=AMR-02 type=SAME_NEXT_NODE node=(12, 9) safe_wait=(13, 9) DECISION=PROCEED (Higher precedence (71.3 vs 71.1) -> Proceed through (12, 9))
05:21:11.484 [AMR-01] STATE_TRANSITION WAITING -> MOVING (intent=MOVE)
05:21:11.586 [AMR-01] STATE_TRANSITION MOVING -> EMERGENCY_STOP (intent=STOP)
05:21:11.586 [AMR-01] SAFETY_STOP min_obstacle_distance=1.00m <= 1.2m
05:21:11.687 [AMR-01] RESERVATION_WAIT: Zone (12, 9) reserved by AMR-02 (priority 71.3 >= 71.0)
05:21:11.687 [AMR-01] STATE_TRANSITION EMERGENCY_STOP -> WAITING (intent=WAIT)
05:21:11.787 [AMR-01] RESERVATION_WAIT: Zone (12, 9) reserved by AMR-02 (priority 71.4 >= 71.2)
05:21:11.888 [AMR-01] RESERVATION_WAIT: Zone (12, 9) reserved by AMR-02 (priority 71.4 >= 71.4)
05:21:11.989 [AMR-01] CONFLICT_DETECTED peer=AMR-02 type=SAME_NEXT_NODE node=(12, 9) safe_wait=(13, 9) DECISION=PROCEED (Higher precedence (71.6 vs 71.3) -> Proceed through (12, 9))
05:21:11.989 [AMR-01] STATE_TRANSITION WAITING -> MOVING (intent=MOVE)
05:21:12.090 [AMR-01] STATE_TRANSITION MOVING -> EMERGENCY_STOP (intent=STOP)
05:21:12.090 [AMR-01] SAFETY_STOP min_obstacle_distance=1.01m <= 1.2m
05:21:12.191 [AMR-01] RESERVATION_WAIT: Zone (12, 9) reserved by AMR-02 (priority 71.5 >= 71.5)
05:21:12.191 [AMR-01] STATE_TRANSITION EMERGENCY_STOP -> WAITING (intent=WAIT)
05:21:12.292 [AMR-01] CONFLICT_DETECTED peer=AMR-02 type=SAME_NEXT_NODE node=(12, 9) safe_wait=(13, 9) DECISION=PROCEED (Higher precedence (71.7 vs 71.3) -> Proceed through (12, 9))
05:21:12.293 [AMR-01] STATE_TRANSITION WAITING -> MOVING (intent=MOVE)
05:21:12.394 [AMR-01] STATE_TRANSITION MOVING -> EMERGENCY_STOP (intent=STOP)
05:21:12.394 [AMR-01] SAFETY_STOP min_obstacle_distance=1.04m <= 1.2m
05:21:12.494 [AMR-01] RESERVATION_WAIT: Zone (12, 9) reserved by AMR-02 (priority 71.7 >= 71.5)
05:21:12.495 [AMR-01] STATE_TRANSITION EMERGENCY_STOP -> WAITING (intent=WAIT)
05:21:12.595 [AMR-01] RESERVATION_WAIT: Zone (12, 9) reserved by AMR-02 (priority 71.7 >= 71.6)
05:21:12.696 [AMR-01] CONFLICT_DETECTED peer=AMR-02 type=SAME_NEXT_NODE node=(12, 9) safe_wait=(13, 9) DECISION=PROCEED (Higher precedence (71.8 vs 71.4) -> Proceed through (12, 9))
05:21:12.697 [AMR-01] STATE_TRANSITION WAITING -> MOVING (intent=MOVE)
05:21:12.797 [AMR-01] STATE_TRANSITION MOVING -> EMERGENCY_STOP (intent=STOP)
05:21:12.797 [AMR-01] SAFETY_STOP min_obstacle_distance=1.01m <= 1.2m
05:21:12.897 [AMR-01] RESERVATION_WAIT: Zone (12, 9) reserved by AMR-02 (priority 71.7 >= 71.7)
05:21:12.897 [AMR-01] STATE_TRANSITION EMERGENCY_STOP -> WAITING (intent=WAIT)
05:21:12.997 [AMR-01] RESERVATION_WAIT: Zone (12, 9) reserved by AMR-02 (priority 72.0 >= 71.9)
05:21:13.098 [AMR-01] CONFLICT_DETECTED peer=AMR-02 type=SAME_NEXT_NODE node=(12, 9) safe_wait=(13, 9) DECISION=PROCEED (Higher precedence (72.1 vs 71.9) -> Proceed through (12, 9))
05:21:13.098 [AMR-01] STATE_TRANSITION WAITING -> MOVING (intent=MOVE)
05:21:13.198 [AMR-01] STATE_TRANSITION MOVING -> EMERGENCY_STOP (intent=STOP)
05:21:13.198 [AMR-01] SAFETY_STOP min_obstacle_distance=1.04m <= 1.2m
05:21:13.298 [AMR-01] RESERVATION_WAIT: Zone (12, 9) reserved by AMR-02 (priority 72.0 >= 72.0)
05:21:13.298 [AMR-01] STATE_TRANSITION EMERGENCY_STOP -> WAITING (intent=WAIT)
05:21:13.399 [AMR-01] RESERVATION_WAIT: Zone (12, 9) reserved by AMR-02 (priority 72.3 >= 72.2)
05:21:13.500 [AMR-01] RESERVATION_WAIT: Zone (12, 9) reserved by AMR-02 (priority 72.3 >= 72.2)
05:21:13.601 [AMR-01] CONFLICT_DETECTED peer=AMR-02 type=SAME_NEXT_NODE node=(12, 9) safe_wait=(13, 9) DECISION=PROCEED (Higher precedence (72.4 vs 72.0) -> Proceed through (12, 9))
05:21:13.601 [AMR-01] STATE_TRANSITION WAITING -> MOVING (intent=MOVE)
05:21:13.701 [AMR-01] STATE_TRANSITION MOVING -> EMERGENCY_STOP (intent=STOP)
05:21:13.701 [AMR-01] SAFETY_STOP min_obstacle_distance=1.01m <= 1.2m
05:21:13.802 [AMR-01] RESERVATION_WAIT: Zone (12, 9) reserved by AMR-02 (priority 72.3 >= 72.3)
05:21:13.802 [AMR-01] STATE_TRANSITION EMERGENCY_STOP -> WAITING (intent=WAIT)
05:21:13.903 [AMR-01] RESERVATION_WAIT: Zone (12, 9) reserved by AMR-02 (priority 72.6 >= 72.5)
05:21:14.004 [AMR-01] CONFLICT_DETECTED peer=AMR-02 type=SAME_NEXT_NODE node=(12, 9) safe_wait=(13, 9) DECISION=PROCEED (Higher precedence (72.7 vs 72.5) -> Proceed through (12, 9))
05:21:14.004 [AMR-01] STATE_TRANSITION WAITING -> MOVING (intent=MOVE)
05:21:14.105 [AMR-01] STATE_TRANSITION MOVING -> EMERGENCY_STOP (intent=STOP)
05:21:14.105 [AMR-01] SAFETY_STOP min_obstacle_distance=1.04m <= 1.2m
05:21:14.205 [AMR-01] RESERVATION_WAIT: Zone (12, 9) reserved by AMR-02 (priority 72.6 >= 72.5)
05:21:14.205 [AMR-01] STATE_TRANSITION EMERGENCY_STOP -> WAITING (intent=WAIT)
05:21:14.306 [AMR-01] RESERVATION_WAIT: Zone (12, 9) reserved by AMR-02 (priority 72.9 >= 72.8)
05:21:14.407 [AMR-01] CONFLICT_DETECTED peer=AMR-02 type=SAME_NEXT_NODE node=(12, 9) safe_wait=(13, 9) DECISION=PROCEED (Higher precedence (73.0 vs 72.8) -> Proceed through (12, 9))
05:21:14.407 [AMR-01] STATE_TRANSITION WAITING -> MOVING (intent=MOVE)
05:21:14.507 [AMR-01] STATE_TRANSITION MOVING -> EMERGENCY_STOP (intent=STOP)
05:21:14.507 [AMR-01] SAFETY_STOP min_obstacle_distance=0.70m <= 1.2m
05:21:14.608 [AMR-01] DEADLOCK_DETECTED cycle=['AMR-01', 'AMR-02'] -> Victim is AMR-02 -> WAITING
05:21:14.608 [AMR-01] STATE_TRANSITION EMERGENCY_STOP -> WAITING (intent=WAIT)
05:21:14.709 [AMR-01] DEADLOCK_DETECTED cycle=['AMR-01', 'AMR-02'] -> Victim is AMR-02 -> WAITING
05:21:14.810 [AMR-01] CONFLICT_DETECTED peer=AMR-02 type=SAME_NEXT_NODE node=(11, 9) safe_wait=(12, 9) DECISION=PROCEED (Higher precedence (73.5 vs 73.0) -> Proceed through (11, 9))
05:21:14.810 [AMR-01] STATE_TRANSITION WAITING -> MOVING (intent=MOVE)
05:21:14.911 [AMR-01] STATE_TRANSITION MOVING -> EMERGENCY_STOP (intent=STOP)
05:21:14.911 [AMR-01] SAFETY_STOP min_obstacle_distance=0.85m <= 1.2m
05:21:15.011 [AMR-01] CONFLICT_DETECTED peer=AMR-02 type=SAME_NEXT_NODE node=(11, 9) safe_wait=(12, 9) DECISION=PROCEED (Higher precedence (73.4 vs 73.2) -> Proceed through (11, 9))
05:21:15.011 [AMR-01] STATE_TRANSITION EMERGENCY_STOP -> MOVING (intent=MOVE)
05:21:15.112 [AMR-01] STATE_TRANSITION MOVING -> EMERGENCY_STOP (intent=STOP)
05:21:15.112 [AMR-01] SAFETY_STOP min_obstacle_distance=0.70m <= 1.2m
05:21:15.214 [AMR-01] RESERVATION_WAIT: Zone (11, 9) reserved by AMR-02 (priority 73.4 >= 73.2)
05:21:15.214 [AMR-01] STATE_TRANSITION EMERGENCY_STOP -> WAITING (intent=WAIT)
05:21:15.314 [AMR-01] CONFLICT_DETECTED peer=AMR-02 type=SAME_NEXT_NODE node=(11, 9) safe_wait=(12, 9) DECISION=PROCEED (Higher precedence (73.5 vs 73.4) -> Proceed through (11, 9))
05:21:15.315 [AMR-01] STATE_TRANSITION WAITING -> MOVING (intent=MOVE)
05:21:15.415 [AMR-01] STATE_TRANSITION MOVING -> EMERGENCY_STOP (intent=STOP)
05:21:15.415 [AMR-01] SAFETY_STOP min_obstacle_distance=0.62m <= 1.2m
05:21:15.516 [AMR-01] RESERVATION_WAIT: Zone (11, 9) reserved by AMR-02 (priority 73.4 >= 73.1)
05:21:15.516 [AMR-01] STATE_TRANSITION EMERGENCY_STOP -> WAITING (intent=WAIT)
05:21:15.616 [AMR-01] RESERVATION_WAIT: Zone (11, 9) reserved by AMR-02 (priority 73.4 >= 73.3)
05:21:15.717 [AMR-01] CONFLICT_DETECTED peer=AMR-02 type=FOLLOWING node=(12, 9) safe_wait=(12, 9) DECISION=PROCEED (Higher precedence (73.5 vs 73.2) -> Proceed through (12, 9))
05:21:15.718 [AMR-01] STATE_TRANSITION WAITING -> MOVING (intent=MOVE)
05:21:15.818 [AMR-01] STATE_TRANSITION MOVING -> EMERGENCY_STOP (intent=STOP)
05:21:15.818 [AMR-01] SAFETY_STOP min_obstacle_distance=0.86m <= 1.2m
05:21:15.918 [AMR-01] RESERVATION_WAIT: Zone (11, 9) reserved by AMR-02 (priority 73.4 >= 73.4)
05:21:15.919 [AMR-01] STATE_TRANSITION EMERGENCY_STOP -> WAITING (intent=WAIT)
05:21:16.019 [AMR-01] CONFLICT_DETECTED peer=AMR-02 type=FOLLOWING node=(12, 9) safe_wait=(12, 9) DECISION=PROCEED (Higher precedence (73.6 vs 73.2) -> Proceed through (12, 9))
05:21:16.019 [AMR-01] STATE_TRANSITION WAITING -> MOVING (intent=MOVE)
05:21:16.120 [AMR-01] STATE_TRANSITION MOVING -> EMERGENCY_STOP (intent=STOP)
05:21:16.120 [AMR-01] SAFETY_STOP min_obstacle_distance=0.76m <= 1.2m
05:21:16.220 [AMR-01] CONFLICT_DETECTED peer=AMR-02 type=FOLLOWING node=(12, 9) safe_wait=(12, 9) DECISION=PROCEED (Higher precedence (73.5 vs 73.4) -> Proceed through (12, 9))
05:21:16.220 [AMR-01] STATE_TRANSITION EMERGENCY_STOP -> MOVING (intent=MOVE)
05:21:16.320 [AMR-01] STATE_TRANSITION MOVING -> EMERGENCY_STOP (intent=STOP)
05:21:16.321 [AMR-01] SAFETY_STOP min_obstacle_distance=0.62m <= 1.2m
05:21:16.421 [AMR-01] RESERVATION_WAIT: Zone (11, 9) reserved by AMR-02 (priority 73.6 >= 73.3)
05:21:16.421 [AMR-01] STATE_TRANSITION EMERGENCY_STOP -> WAITING (intent=WAIT)
05:21:16.521 [AMR-01] RESERVATION_WAIT: Zone (11, 9) reserved by AMR-02 (priority 73.4 >= 73.3)
05:21:16.622 [AMR-01] CONFLICT_DETECTED peer=AMR-02 type=FOLLOWING node=(12, 9) safe_wait=(12, 9) DECISION=PROCEED (Higher precedence (73.5 vs 73.4) -> Proceed through (12, 9))
05:21:16.622 [AMR-01] STATE_TRANSITION WAITING -> MOVING (intent=MOVE)
05:21:16.723 [AMR-01] STATE_TRANSITION MOVING -> EMERGENCY_STOP (intent=STOP)
05:21:16.723 [AMR-01] SAFETY_STOP min_obstacle_distance=0.86m <= 1.2m
05:21:16.824 [AMR-01] RESERVATION_WAIT: Zone (11, 9) reserved by AMR-02 (priority 73.4 >= 73.4)
05:21:16.824 [AMR-01] STATE_TRANSITION EMERGENCY_STOP -> WAITING (intent=WAIT)
05:21:16.924 [AMR-01] CONFLICT_DETECTED peer=AMR-02 type=FOLLOWING node=(12, 9) safe_wait=(12, 9) DECISION=PROCEED (Higher precedence (73.6 vs 73.2) -> Proceed through (12, 9))
05:21:16.943 [AMR-01] STATE_TRANSITION WAITING -> MOVING (intent=MOVE)
05:21:17.024 [AMR-01] STATE_TRANSITION MOVING -> EMERGENCY_STOP (intent=STOP)
05:21:17.025 [AMR-01] SAFETY_STOP min_obstacle_distance=0.76m <= 1.2m
05:21:17.125 [AMR-01] CONFLICT_DETECTED peer=AMR-02 type=FOLLOWING node=(12, 9) safe_wait=(12, 9) DECISION=PROCEED (Higher precedence (73.5 vs 73.2) -> Proceed through (12, 9))
05:21:17.125 [AMR-01] STATE_TRANSITION EMERGENCY_STOP -> MOVING (intent=MOVE)
05:21:17.225 [AMR-01] STATE_TRANSITION MOVING -> EMERGENCY_STOP (intent=STOP)
05:21:17.225 [AMR-01] SAFETY_STOP min_obstacle_distance=0.63m <= 1.2m
05:21:17.326 [AMR-01] RESERVATION_WAIT: Zone (11, 9) reserved by AMR-02 (priority 73.6 >= 73.3)
05:21:17.326 [AMR-01] STATE_TRANSITION EMERGENCY_STOP -> WAITING (intent=WAIT)
05:21:17.426 [AMR-01] RESERVATION_WAIT: Zone (11, 9) reserved by AMR-02 (priority 73.6 >= 73.5)
05:21:17.527 [AMR-01] CONFLICT_DETECTED peer=AMR-02 type=FOLLOWING node=(12, 9) safe_wait=(12, 9) DECISION=PROCEED (Higher precedence (73.5 vs 73.4) -> Proceed through (12, 9))
05:21:17.527 [AMR-01] STATE_TRANSITION WAITING -> MOVING (intent=MOVE)
05:21:17.627 [AMR-01] STATE_TRANSITION MOVING -> EMERGENCY_STOP (intent=STOP)
05:21:17.627 [AMR-01] SAFETY_STOP min_obstacle_distance=0.85m <= 1.2m
05:21:17.727 [AMR-01] RESERVATION_WAIT: Zone (11, 9) reserved by AMR-02 (priority 73.4 >= 73.4)
05:21:17.727 [AMR-01] STATE_TRANSITION EMERGENCY_STOP -> WAITING (intent=WAIT)
05:21:17.828 [AMR-01] CONFLICT_DETECTED peer=AMR-02 type=FOLLOWING node=(12, 9) safe_wait=(12, 9) DECISION=PROCEED (Higher precedence (73.6 vs 73.4) -> Proceed through (12, 9))
05:21:17.828 [AMR-01] STATE_TRANSITION WAITING -> MOVING (intent=MOVE)
05:21:17.928 [AMR-01] STATE_TRANSITION MOVING -> EMERGENCY_STOP (intent=STOP)
05:21:17.928 [AMR-01] SAFETY_STOP min_obstacle_distance=0.71m <= 1.2m
05:21:18.028 [AMR-01] CONFLICT_DETECTED peer=AMR-02 type=FOLLOWING node=(12, 9) safe_wait=(12, 9) DECISION=PROCEED (Higher precedence (73.5 vs 73.2) -> Proceed through (12, 9))
05:21:18.029 [AMR-01] STATE_TRANSITION EMERGENCY_STOP -> MOVING (intent=MOVE)
05:21:18.129 [AMR-01] STATE_TRANSITION MOVING -> EMERGENCY_STOP (intent=STOP)
05:21:18.129 [AMR-01] SAFETY_STOP min_obstacle_distance=0.57m <= 1.2m
05:21:18.229 [AMR-01] RESERVATION_WAIT: Zone (11, 9) reserved by AMR-02 (priority 73.6 >= 73.3)
05:21:18.229 [AMR-01] STATE_TRANSITION EMERGENCY_STOP -> WAITING (intent=WAIT)
05:21:18.330 [AMR-01] RESERVATION_WAIT: Zone (11, 9) reserved by AMR-02 (priority 73.6 >= 73.5)
05:21:18.430 [AMR-01] CONFLICT_DETECTED peer=AMR-02 type=FOLLOWING node=(12, 9) safe_wait=(12, 9) DECISION=PROCEED (Higher precedence (73.7 vs 73.4) -> Proceed through (12, 9))
05:21:18.430 [AMR-01] STATE_TRANSITION WAITING -> MOVING (intent=MOVE)
05:21:18.530 [AMR-01] STATE_TRANSITION MOVING -> EMERGENCY_STOP (intent=STOP)
05:21:18.531 [AMR-01] SAFETY_STOP min_obstacle_distance=1.00m <= 1.2m
05:21:18.631 [AMR-01] RESERVATION_WAIT: Zone (11, 9) reserved by AMR-02 (priority 73.4 >= 73.3)
05:21:18.631 [AMR-01] STATE_TRANSITION EMERGENCY_STOP -> WAITING (intent=WAIT)
05:21:18.733 [AMR-01] CONFLICT_DETECTED peer=AMR-02 type=FOLLOWING node=(12, 9) safe_wait=(12, 9) DECISION=PROCEED (Higher precedence (73.5 vs 73.4) -> Proceed through (12, 9))
05:21:18.733 [AMR-01] STATE_TRANSITION WAITING -> MOVING (intent=MOVE)
05:21:18.832 [AMR-01] STATE_TRANSITION MOVING -> EMERGENCY_STOP (intent=STOP)
05:21:18.833 [AMR-01] SAFETY_STOP min_obstacle_distance=0.86m <= 1.2m
05:21:18.933 [AMR-01] RESERVATION_WAIT: Zone (11, 9) reserved by AMR-02 (priority 73.4 >= 73.4)
05:21:18.933 [AMR-01] STATE_TRANSITION EMERGENCY_STOP -> WAITING (intent=WAIT)
05:21:19.033 [AMR-01] CONFLICT_DETECTED peer=AMR-02 type=FOLLOWING node=(12, 9) safe_wait=(12, 9) DECISION=PROCEED (Higher precedence (73.6 vs 73.4) -> Proceed through (12, 9))
05:21:19.034 [AMR-01] STATE_TRANSITION WAITING -> MOVING (intent=MOVE)
05:21:19.134 [AMR-01] STATE_TRANSITION MOVING -> EMERGENCY_STOP (intent=STOP)
05:21:19.134 [AMR-01] SAFETY_STOP min_obstacle_distance=0.76m <= 1.2m
05:21:19.234 [AMR-01] CONFLICT_DETECTED peer=AMR-02 type=FOLLOWING node=(12, 9) safe_wait=(12, 9) DECISION=PROCEED (Higher precedence (73.5 vs 73.2) -> Proceed through (12, 9))
05:21:19.234 [AMR-01] STATE_TRANSITION EMERGENCY_STOP -> MOVING (intent=MOVE)
05:21:19.335 [AMR-01] STATE_TRANSITION MOVING -> EMERGENCY_STOP (intent=STOP)
05:21:19.335 [AMR-01] SAFETY_STOP min_obstacle_distance=0.62m <= 1.2m
05:21:19.436 [AMR-01] RESERVATION_WAIT: Zone (11, 9) reserved by AMR-02 (priority 73.6 >= 73.3)
05:21:19.436 [AMR-01] STATE_TRANSITION EMERGENCY_STOP -> WAITING (intent=WAIT)
05:21:19.537 [AMR-01] RESERVATION_WAIT: Zone (11, 9) reserved by AMR-02 (priority 73.6 >= 73.3)
05:21:19.637 [AMR-01] CONFLICT_DETECTED peer=AMR-02 type=FOLLOWING node=(12, 9) safe_wait=(12, 9) DECISION=PROCEED (Higher precedence (73.5 vs 73.4) -> Proceed through (12, 9))
05:21:19.637 [AMR-01] STATE_TRANSITION WAITING -> MOVING (intent=MOVE)
05:21:19.737 [AMR-01] STATE_TRANSITION MOVING -> EMERGENCY_STOP (intent=STOP)
05:21:19.737 [AMR-01] SAFETY_STOP min_obstacle_distance=0.86m <= 1.2m
05:21:19.838 [AMR-01] RESERVATION_WAIT: Zone (11, 9) reserved by AMR-02 (priority 73.4 >= 73.4)
05:21:19.838 [AMR-01] STATE_TRANSITION EMERGENCY_STOP -> WAITING (intent=WAIT)
05:21:19.938 [AMR-01] CONFLICT_DETECTED peer=AMR-02 type=FOLLOWING node=(12, 9) safe_wait=(12, 9) DECISION=PROCEED (Higher precedence (73.6 vs 73.4) -> Proceed through (12, 9))
05:21:19.938 [AMR-01] STATE_TRANSITION WAITING -> MOVING (intent=MOVE)
05:21:20.038 [AMR-01] STATE_TRANSITION MOVING -> EMERGENCY_STOP (intent=STOP)
05:21:20.039 [AMR-01] SAFETY_STOP min_obstacle_distance=0.76m <= 1.2m
05:21:20.139 [AMR-01] CONFLICT_DETECTED peer=AMR-02 type=FOLLOWING node=(12, 9) safe_wait=(12, 9) DECISION=PROCEED (Higher precedence (73.5 vs 73.2) -> Proceed through (12, 9))
05:21:20.139 [AMR-01] STATE_TRANSITION EMERGENCY_STOP -> MOVING (intent=MOVE)
05:21:20.239 [AMR-01] STATE_TRANSITION MOVING -> EMERGENCY_STOP (intent=STOP)
05:21:20.239 [AMR-01] SAFETY_STOP min_obstacle_distance=0.63m <= 1.2m
05:21:20.340 [AMR-01] RESERVATION_WAIT: Zone (11, 9) reserved by AMR-02 (priority 73.6 >= 73.3)
05:21:20.340 [AMR-01] STATE_TRANSITION EMERGENCY_STOP -> WAITING (intent=WAIT)
05:21:20.440 [AMR-01] RESERVATION_WAIT: Zone (11, 9) reserved by AMR-02 (priority 73.6 >= 73.5)
05:21:20.541 [AMR-01] CONFLICT_DETECTED peer=AMR-02 type=FOLLOWING node=(12, 9) safe_wait=(12, 9) DECISION=PROCEED (Higher precedence (73.5 vs 73.4) -> Proceed through (12, 9))
05:21:20.541 [AMR-01] STATE_TRANSITION WAITING -> MOVING (intent=MOVE)
05:21:20.641 [AMR-01] STATE_TRANSITION MOVING -> EMERGENCY_STOP (intent=STOP)
05:21:20.641 [AMR-01] SAFETY_STOP min_obstacle_distance=0.85m <= 1.2m
05:21:20.742 [AMR-01] RESERVATION_WAIT: Zone (11, 9) reserved by AMR-02 (priority 73.4 >= 73.4)
05:21:20.742 [AMR-01] STATE_TRANSITION EMERGENCY_STOP -> WAITING (intent=WAIT)
05:21:20.843 [AMR-01] CONFLICT_DETECTED peer=AMR-02 type=FOLLOWING node=(12, 9) safe_wait=(12, 9) DECISION=PROCEED (Higher precedence (73.6 vs 73.4) -> Proceed through (12, 9))
05:21:20.843 [AMR-01] STATE_TRANSITION WAITING -> MOVING (intent=MOVE)
05:21:20.943 [AMR-01] STATE_TRANSITION MOVING -> EMERGENCY_STOP (intent=STOP)
05:21:20.943 [AMR-01] SAFETY_STOP min_obstacle_distance=0.71m <= 1.2m
05:21:21.044 [AMR-01] CONFLICT_DETECTED peer=AMR-02 type=FOLLOWING node=(12, 9) safe_wait=(12, 9) DECISION=PROCEED (Higher precedence (73.5 vs 73.2) -> Proceed through (12, 9))
05:21:21.044 [AMR-01] STATE_TRANSITION EMERGENCY_STOP -> MOVING (intent=MOVE)
05:21:21.144 [AMR-01] STATE_TRANSITION MOVING -> EMERGENCY_STOP (intent=STOP)
05:21:21.144 [AMR-01] SAFETY_STOP min_obstacle_distance=0.57m <= 1.2m
05:21:21.244 [AMR-01] RESERVATION_WAIT: Zone (11, 9) reserved by AMR-02 (priority 73.6 >= 73.3)
05:21:21.244 [AMR-01] STATE_TRANSITION EMERGENCY_STOP -> WAITING (intent=WAIT)
05:21:21.345 [AMR-01] RESERVATION_WAIT: Zone (11, 9) reserved by AMR-02 (priority 73.6 >= 73.5)
05:21:21.446 [AMR-01] CONFLICT_DETECTED peer=AMR-02 type=FOLLOWING node=(12, 9) safe_wait=(12, 9) DECISION=PROCEED (Higher precedence (73.7 vs 73.4) -> Proceed through (12, 9))
05:21:21.446 [AMR-01] STATE_TRANSITION WAITING -> MOVING (intent=MOVE)
05:21:21.547 [AMR-01] STATE_TRANSITION MOVING -> EMERGENCY_STOP (intent=STOP)
05:21:21.547 [AMR-01] SAFETY_STOP min_obstacle_distance=1.00m <= 1.2m
05:21:21.647 [AMR-01] RESERVATION_WAIT: Zone (11, 9) reserved by AMR-02 (priority 73.4 >= 73.3)
05:21:21.647 [AMR-01] STATE_TRANSITION EMERGENCY_STOP -> WAITING (intent=WAIT)
05:21:21.748 [AMR-01] CONFLICT_DETECTED peer=AMR-02 type=FOLLOWING node=(12, 9) safe_wait=(12, 9) DECISION=PROCEED (Higher precedence (73.5 vs 73.4) -> Proceed through (12, 9))
05:21:21.748 [AMR-01] STATE_TRANSITION WAITING -> MOVING (intent=MOVE)
05:21:21.848 [AMR-01] STATE_TRANSITION MOVING -> EMERGENCY_STOP (intent=STOP)
05:21:21.848 [AMR-01] SAFETY_STOP min_obstacle_distance=0.86m <= 1.2m
05:21:21.948 [AMR-01] RESERVATION_WAIT: Zone (11, 9) reserved by AMR-02 (priority 73.4 >= 73.4)
05:21:21.949 [AMR-01] STATE_TRANSITION EMERGENCY_STOP -> WAITING (intent=WAIT)
05:21:22.050 [AMR-01] CONFLICT_DETECTED peer=AMR-02 type=FOLLOWING node=(12, 9) safe_wait=(12, 9) DECISION=PROCEED (Higher precedence (73.6 vs 73.4) -> Proceed through (12, 9))
05:21:22.050 [AMR-01] STATE_TRANSITION WAITING -> MOVING (intent=MOVE)
05:21:22.150 [AMR-01] STATE_TRANSITION MOVING -> EMERGENCY_STOP (intent=STOP)
05:21:22.150 [AMR-01] SAFETY_STOP min_obstacle_distance=0.76m <= 1.2m
05:21:22.251 [AMR-01] CONFLICT_DETECTED peer=AMR-02 type=FOLLOWING node=(12, 9) safe_wait=(12, 9) DECISION=PROCEED (Higher precedence (73.5 vs 73.2) -> Proceed through (12, 9))
05:21:22.251 [AMR-01] STATE_TRANSITION EMERGENCY_STOP -> MOVING (intent=MOVE)
05:21:22.353 [AMR-01] STATE_TRANSITION MOVING -> EMERGENCY_STOP (intent=STOP)
05:21:22.353 [AMR-01] SAFETY_STOP min_obstacle_distance=0.63m <= 1.2m
05:21:22.453 [AMR-01] RESERVATION_WAIT: Zone (11, 9) reserved by AMR-02 (priority 73.6 >= 73.3)
05:21:22.453 [AMR-01] STATE_TRANSITION EMERGENCY_STOP -> WAITING (intent=WAIT)
05:21:22.555 [AMR-01] RESERVATION_WAIT: Zone (11, 9) reserved by AMR-02 (priority 73.6 >= 73.3)
05:21:22.656 [AMR-01] CONFLICT_DETECTED peer=AMR-02 type=FOLLOWING node=(12, 9) safe_wait=(12, 9) DECISION=PROCEED (Higher precedence (73.5 vs 73.4) -> Proceed through (12, 9))
05:21:22.656 [AMR-01] STATE_TRANSITION WAITING -> MOVING (intent=MOVE)
05:21:22.756 [AMR-01] STATE_TRANSITION MOVING -> EMERGENCY_STOP (intent=STOP)
05:21:22.756 [AMR-01] SAFETY_STOP min_obstacle_distance=0.86m <= 1.2m
05:21:22.856 [AMR-01] RESERVATION_WAIT: Zone (11, 9) reserved by AMR-02 (priority 73.4 >= 73.4)
05:21:22.856 [AMR-01] STATE_TRANSITION EMERGENCY_STOP -> WAITING (intent=WAIT)
05:21:22.957 [AMR-01] CONFLICT_DETECTED peer=AMR-02 type=FOLLOWING node=(12, 9) safe_wait=(12, 9) DECISION=PROCEED (Higher precedence (73.6 vs 73.4) -> Proceed through (12, 9))
05:21:22.957 [AMR-01] STATE_TRANSITION WAITING -> MOVING (intent=MOVE)
05:21:23.057 [AMR-01] STATE_TRANSITION MOVING -> EMERGENCY_STOP (intent=STOP)
05:21:23.057 [AMR-01] SAFETY_STOP min_obstacle_distance=0.76m <= 1.2m
05:21:23.159 [AMR-01] CONFLICT_DETECTED peer=AMR-02 type=FOLLOWING node=(12, 9) safe_wait=(12, 9) DECISION=PROCEED (Higher precedence (73.5 vs 73.2) -> Proceed through (12, 9))
05:21:23.159 [AMR-01] STATE_TRANSITION EMERGENCY_STOP -> MOVING (intent=MOVE)
05:21:23.258 [AMR-01] STATE_TRANSITION MOVING -> EMERGENCY_STOP (intent=STOP)
05:21:23.258 [AMR-01] SAFETY_STOP min_obstacle_distance=0.62m <= 1.2m
05:21:23.359 [AMR-01] RESERVATION_WAIT: Zone (11, 9) reserved by AMR-02 (priority 73.6 >= 73.3)
05:21:23.359 [AMR-01] STATE_TRANSITION EMERGENCY_STOP -> WAITING (intent=WAIT)
05:21:23.459 [AMR-01] RESERVATION_WAIT: Zone (11, 9) reserved by AMR-02 (priority 73.6 >= 73.5)
05:21:23.561 [AMR-01] CONFLICT_DETECTED peer=AMR-02 type=FOLLOWING node=(12, 9) safe_wait=(12, 9) DECISION=PROCEED (Higher precedence (73.5 vs 73.4) -> Proceed through (12, 9))
05:21:23.561 [AMR-01] STATE_TRANSITION WAITING -> MOVING (intent=MOVE)
05:21:23.662 [AMR-01] STATE_TRANSITION MOVING -> EMERGENCY_STOP (intent=STOP)
05:21:23.662 [AMR-01] SAFETY_STOP min_obstacle_distance=0.85m <= 1.2m
05:21:23.762 [AMR-01] RESERVATION_WAIT: Zone (11, 9) reserved by AMR-02 (priority 73.4 >= 73.4)
05:21:23.762 [AMR-01] STATE_TRANSITION EMERGENCY_STOP -> WAITING (intent=WAIT)
05:21:23.862 [AMR-01] CONFLICT_DETECTED peer=AMR-02 type=FOLLOWING node=(12, 9) safe_wait=(12, 9) DECISION=PROCEED (Higher precedence (73.6 vs 73.4) -> Proceed through (12, 9))
05:21:23.862 [AMR-01] STATE_TRANSITION WAITING -> MOVING (intent=MOVE)
05:21:23.962 [AMR-01] STATE_TRANSITION MOVING -> EMERGENCY_STOP (intent=STOP)
05:21:23.962 [AMR-01] SAFETY_STOP min_obstacle_distance=0.71m <= 1.2m
05:21:24.064 [AMR-01] CONFLICT_DETECTED peer=AMR-02 type=FOLLOWING node=(12, 9) safe_wait=(12, 9) DECISION=PROCEED (Higher precedence (73.5 vs 73.2) -> Proceed through (12, 9))
05:21:24.064 [AMR-01] STATE_TRANSITION EMERGENCY_STOP -> MOVING (intent=MOVE)
05:21:24.165 [AMR-01] STATE_TRANSITION MOVING -> EMERGENCY_STOP (intent=STOP)
05:21:24.165 [AMR-01] SAFETY_STOP min_obstacle_distance=0.57m <= 1.2m
05:21:24.265 [AMR-01] RESERVATION_WAIT: Zone (11, 9) reserved by AMR-02 (priority 73.6 >= 73.3)
05:21:24.265 [AMR-01] STATE_TRANSITION EMERGENCY_STOP -> WAITING (intent=WAIT)
05:21:24.365 [AMR-01] RESERVATION_WAIT: Zone (11, 9) reserved by AMR-02 (priority 73.6 >= 73.5)
05:21:24.466 [AMR-01] CONFLICT_DETECTED peer=AMR-02 type=FOLLOWING node=(12, 9) safe_wait=(12, 9) DECISION=PROCEED (Higher precedence (73.7 vs 73.4) -> Proceed through (12, 9))
05:21:24.466 [AMR-01] STATE_TRANSITION WAITING -> MOVING (intent=MOVE)
05:21:24.566 [AMR-01] STATE_TRANSITION MOVING -> EMERGENCY_STOP (intent=STOP)
05:21:24.566 [AMR-01] SAFETY_STOP min_obstacle_distance=1.00m <= 1.2m
05:21:24.667 [AMR-01] RESERVATION_WAIT: Zone (11, 9) reserved by AMR-02 (priority 73.4 >= 73.3)
05:21:24.667 [AMR-01] STATE_TRANSITION EMERGENCY_STOP -> WAITING (intent=WAIT)
05:21:24.768 [AMR-01] CONFLICT_DETECTED peer=AMR-02 type=FOLLOWING node=(12, 9) safe_wait=(12, 9) DECISION=PROCEED (Higher precedence (73.5 vs 73.4) -> Proceed through (12, 9))
05:21:24.768 [AMR-01] STATE_TRANSITION WAITING -> MOVING (intent=MOVE)
05:21:24.868 [AMR-01] STATE_TRANSITION MOVING -> EMERGENCY_STOP (intent=STOP)
05:21:24.868 [AMR-01] SAFETY_STOP min_obstacle_distance=0.86m <= 1.2m
05:21:24.969 [AMR-01] RESERVATION_WAIT: Zone (11, 9) reserved by AMR-02 (priority 73.4 >= 73.4)
05:21:24.969 [AMR-01] STATE_TRANSITION EMERGENCY_STOP -> WAITING (intent=WAIT)
05:21:25.070 [AMR-01] CONFLICT_DETECTED peer=AMR-02 type=FOLLOWING node=(12, 9) safe_wait=(12, 9) DECISION=PROCEED (Higher precedence (73.6 vs 73.4) -> Proceed through (12, 9))
05:21:25.070 [AMR-01] STATE_TRANSITION WAITING -> MOVING (intent=MOVE)
05:21:25.171 [AMR-01] STATE_TRANSITION MOVING -> EMERGENCY_STOP (intent=STOP)
05:21:25.172 [AMR-01] SAFETY_STOP min_obstacle_distance=0.76m <= 1.2m
05:21:25.272 [AMR-01] CONFLICT_DETECTED peer=AMR-02 type=FOLLOWING node=(12, 9) safe_wait=(12, 9) DECISION=PROCEED (Higher precedence (73.5 vs 73.2) -> Proceed through (12, 9))
05:21:25.272 [AMR-01] STATE_TRANSITION EMERGENCY_STOP -> MOVING (intent=MOVE)
05:21:25.374 [AMR-01] STATE_TRANSITION MOVING -> EMERGENCY_STOP (intent=STOP)
05:21:25.374 [AMR-01] SAFETY_STOP min_obstacle_distance=0.62m <= 1.2m
05:21:25.474 [AMR-01] RESERVATION_WAIT: Zone (11, 9) reserved by AMR-02 (priority 73.6 >= 73.3)
05:21:25.474 [AMR-01] STATE_TRANSITION EMERGENCY_STOP -> WAITING (intent=WAIT)
05:21:25.574 [AMR-01] RESERVATION_WAIT: Zone (11, 9) reserved by AMR-02 (priority 73.6 >= 73.3)
05:21:25.675 [AMR-01] CONFLICT_DETECTED peer=AMR-02 type=FOLLOWING node=(12, 9) safe_wait=(12, 9) DECISION=PROCEED (Higher precedence (73.5 vs 73.4) -> Proceed through (12, 9))
05:21:25.675 [AMR-01] STATE_TRANSITION WAITING -> MOVING (intent=MOVE)
05:21:25.775 [AMR-01] STATE_TRANSITION MOVING -> EMERGENCY_STOP (intent=STOP)
05:21:25.775 [AMR-01] SAFETY_STOP min_obstacle_distance=0.86m <= 1.2m
05:21:25.876 [AMR-01] RESERVATION_WAIT: Zone (11, 9) reserved by AMR-02 (priority 73.4 >= 73.4)
05:21:25.876 [AMR-01] STATE_TRANSITION EMERGENCY_STOP -> WAITING (intent=WAIT)
05:21:25.976 [AMR-01] CONFLICT_DETECTED peer=AMR-02 type=FOLLOWING node=(12, 9) safe_wait=(12, 9) DECISION=PROCEED (Higher precedence (73.6 vs 73.4) -> Proceed through (12, 9))
05:21:25.976 [AMR-01] STATE_TRANSITION WAITING -> MOVING (intent=MOVE)
05:21:26.077 [AMR-01] STATE_TRANSITION MOVING -> EMERGENCY_STOP (intent=STOP)
05:21:26.077 [AMR-01] SAFETY_STOP min_obstacle_distance=0.76m <= 1.2m
05:21:26.177 [AMR-01] CONFLICT_DETECTED peer=AMR-02 type=FOLLOWING node=(12, 9) safe_wait=(12, 9) DECISION=PROCEED (Higher precedence (73.5 vs 73.2) -> Proceed through (12, 9))
05:21:26.177 [AMR-01] STATE_TRANSITION EMERGENCY_STOP -> MOVING (intent=MOVE)
05:21:26.278 [AMR-01] STATE_TRANSITION MOVING -> EMERGENCY_STOP (intent=STOP)
05:21:26.278 [AMR-01] SAFETY_STOP min_obstacle_distance=0.62m <= 1.2m
05:21:26.378 [AMR-01] RESERVATION_WAIT: Zone (11, 9) reserved by AMR-02 (priority 73.6 >= 73.3)
05:21:26.379 [AMR-01] STATE_TRANSITION EMERGENCY_STOP -> WAITING (intent=WAIT)
05:21:26.480 [AMR-01] RESERVATION_WAIT: Zone (11, 9) reserved by AMR-02 (priority 73.6 >= 73.5)
05:21:26.580 [AMR-01] CONFLICT_DETECTED peer=AMR-02 type=FOLLOWING node=(12, 9) safe_wait=(12, 9) DECISION=PROCEED (Higher precedence (73.5 vs 73.4) -> Proceed through (12, 9))
05:21:26.580 [AMR-01] STATE_TRANSITION WAITING -> MOVING (intent=MOVE)
05:21:26.680 [AMR-01] STATE_TRANSITION MOVING -> EMERGENCY_STOP (intent=STOP)
05:21:26.680 [AMR-01] SAFETY_STOP min_obstacle_distance=0.85m <= 1.2m
05:21:26.781 [AMR-01] RESERVATION_WAIT: Zone (11, 9) reserved by AMR-02 (priority 73.4 >= 73.4)
05:21:26.781 [AMR-01] STATE_TRANSITION EMERGENCY_STOP -> WAITING (intent=WAIT)
05:21:26.881 [AMR-01] CONFLICT_DETECTED peer=AMR-02 type=FOLLOWING node=(12, 9) safe_wait=(12, 9) DECISION=PROCEED (Higher precedence (73.6 vs 73.4) -> Proceed through (12, 9))
05:21:26.881 [AMR-01] STATE_TRANSITION WAITING -> MOVING (intent=MOVE)
05:21:26.982 [AMR-01] STATE_TRANSITION MOVING -> EMERGENCY_STOP (intent=STOP)
05:21:26.984 [AMR-01] SAFETY_STOP min_obstacle_distance=0.71m <= 1.2m
05:21:27.082 [AMR-01] CONFLICT_DETECTED peer=AMR-02 type=FOLLOWING node=(12, 9) safe_wait=(12, 9) DECISION=PROCEED (Higher precedence (73.5 vs 73.2) -> Proceed through (12, 9))
05:21:27.082 [AMR-01] STATE_TRANSITION EMERGENCY_STOP -> MOVING (intent=MOVE)
05:21:27.186 [AMR-01] STATE_TRANSITION MOVING -> EMERGENCY_STOP (intent=STOP)
05:21:27.186 [AMR-01] SAFETY_STOP min_obstacle_distance=0.57m <= 1.2m
05:21:27.286 [AMR-01] RESERVATION_WAIT: Zone (11, 9) reserved by AMR-02 (priority 73.6 >= 73.3)
05:21:27.286 [AMR-01] STATE_TRANSITION EMERGENCY_STOP -> WAITING (intent=WAIT)
05:21:27.387 [AMR-01] CONFLICT_DETECTED peer=AMR-02 type=FOLLOWING node=(12, 9) safe_wait=(12, 9) DECISION=PROCEED (Higher precedence (73.5 vs 73.4) -> Proceed through (12, 9))
05:21:27.387 [AMR-01] STATE_TRANSITION WAITING -> MOVING (intent=MOVE)
05:21:27.487 [AMR-01] STATE_TRANSITION MOVING -> EMERGENCY_STOP (intent=STOP)
05:21:27.487 [AMR-01] SAFETY_STOP min_obstacle_distance=0.60m <= 1.2m
05:21:27.588 [AMR-01] RESERVATION_WAIT: Zone (11, 9) reserved by AMR-02 (priority 73.4 >= 73.1)
05:21:27.588 [AMR-01] STATE_TRANSITION EMERGENCY_STOP -> WAITING (intent=WAIT)
05:21:27.689 [AMR-01] RESERVATION_WAIT: Zone (11, 9) reserved by AMR-02 (priority 73.4 >= 73.3)
05:21:27.789 [AMR-01] STATE_TRANSITION WAITING -> MOVING (intent=MOVE)
05:21:27.890 [AMR-01] STATE_TRANSITION MOVING -> EMERGENCY_STOP (intent=STOP)
05:21:27.890 [AMR-01] SAFETY_STOP min_obstacle_distance=1.01m <= 1.2m
05:21:27.991 [AMR-01] RESERVATION_WAIT: Zone (11, 9) reserved by AMR-02 (priority 73.4 >= 73.4)
05:21:27.991 [AMR-01] STATE_TRANSITION EMERGENCY_STOP -> WAITING (intent=WAIT)
05:21:28.091 [AMR-01] CONFLICT_DETECTED peer=AMR-02 type=PROXIMITY node=(12, 9) safe_wait=(12, 9) DECISION=PROCEED (Higher precedence (73.6 vs 73.1) -> Proceed through (12, 9))
05:21:28.091 [AMR-01] STATE_TRANSITION WAITING -> MOVING (intent=MOVE)
05:21:28.193 [AMR-01] STATE_TRANSITION MOVING -> EMERGENCY_STOP (intent=STOP)
05:21:28.193 [AMR-01] SAFETY_STOP min_obstacle_distance=1.04m <= 1.2m
05:21:28.293 [AMR-01] CONFLICT_DETECTED peer=AMR-02 type=PROXIMITY node=(12, 9) safe_wait=(12, 9) DECISION=YIELD (Lower precedence (73.5 vs 73.5) -> Safe wait at (12, 9) for AMR-02)
05:21:28.293 [AMR-01] STATE_TRANSITION EMERGENCY_STOP -> YIELDING (intent=YIELD)
05:21:28.394 [AMR-01] CONFLICT_DETECTED peer=AMR-02 type=PROXIMITY node=(12, 9) safe_wait=(12, 9) DECISION=PROCEED (Higher precedence (73.7 vs 73.4) -> Proceed through (12, 9))
05:21:28.394 [AMR-01] STATE_TRANSITION YIELDING -> MOVING (intent=MOVE)
05:21:28.494 [AMR-01] STATE_TRANSITION MOVING -> EMERGENCY_STOP (intent=STOP)
05:21:28.494 [AMR-01] SAFETY_STOP min_obstacle_distance=1.00m <= 1.2m
05:21:28.595 [AMR-01] RESERVATION_WAIT: Zone (11, 9) reserved by AMR-02 (priority 73.4 >= 73.3)
05:21:28.596 [AMR-01] STATE_TRANSITION EMERGENCY_STOP -> WAITING (intent=WAIT)
05:21:28.696 [AMR-01] STATE_TRANSITION WAITING -> MOVING (intent=MOVE)
05:21:28.797 [AMR-01] STATE_TRANSITION MOVING -> EMERGENCY_STOP (intent=STOP)
05:21:28.797 [AMR-01] SAFETY_STOP min_obstacle_distance=1.01m <= 1.2m
05:21:28.897 [AMR-01] RESERVATION_WAIT: Zone (11, 9) reserved by AMR-02 (priority 73.4 >= 73.4)
05:21:28.898 [AMR-01] STATE_TRANSITION EMERGENCY_STOP -> WAITING (intent=WAIT)
05:21:28.998 [AMR-01] CONFLICT_DETECTED peer=AMR-02 type=PROXIMITY node=(12, 9) safe_wait=(12, 9) DECISION=PROCEED (Higher precedence (73.6 vs 72.7) -> Proceed through (12, 9))
05:21:28.998 [AMR-01] STATE_TRANSITION WAITING -> MOVING (intent=MOVE)
05:21:29.099 [AMR-01] STATE_TRANSITION MOVING -> EMERGENCY_STOP (intent=STOP)
05:21:29.099 [AMR-01] SAFETY_STOP min_obstacle_distance=1.04m <= 1.2m
05:21:29.200 [AMR-01] CONFLICT_DETECTED peer=AMR-02 type=PROXIMITY node=(12, 9) safe_wait=(12, 9) DECISION=PROCEED (Higher precedence (73.5 vs 72.9) -> Proceed through (12, 9))
05:21:29.201 [AMR-01] STATE_TRANSITION EMERGENCY_STOP -> MOVING (intent=MOVE)
05:21:29.300 [AMR-01] STATE_TRANSITION MOVING -> EMERGENCY_STOP (intent=STOP)
05:21:29.300 [AMR-01] SAFETY_STOP min_obstacle_distance=1.03m <= 1.2m
05:21:29.401 [AMR-01] RESERVATION_WAIT: Zone (11, 9) reserved by AMR-02 (priority 73.4 >= 73.3)
05:21:29.401 [AMR-01] STATE_TRANSITION EMERGENCY_STOP -> WAITING (intent=WAIT)
05:21:29.501 [AMR-01] RESERVATION_WAIT: Zone (11, 9) reserved by AMR-02 (priority 73.4 >= 73.3)
05:21:29.602 [AMR-01] STATE_TRANSITION WAITING -> MOVING (intent=MOVE)
05:21:29.702 [AMR-01] STATE_TRANSITION MOVING -> EMERGENCY_STOP (intent=STOP)
05:21:29.702 [AMR-01] SAFETY_STOP min_obstacle_distance=1.01m <= 1.2m
05:21:29.803 [AMR-01] RESERVATION_WAIT: Zone (11, 9) reserved by AMR-02 (priority 73.4 >= 73.4)
05:21:29.803 [AMR-01] STATE_TRANSITION EMERGENCY_STOP -> WAITING (intent=WAIT)
05:21:29.904 [AMR-01] CONFLICT_DETECTED peer=AMR-02 type=PROXIMITY node=(12, 9) safe_wait=(12, 9) DECISION=PROCEED (Higher precedence (73.6 vs 73.1) -> Proceed through (12, 9))
05:21:29.904 [AMR-01] STATE_TRANSITION WAITING -> MOVING (intent=MOVE)
05:21:30.005 [AMR-01] STATE_TRANSITION MOVING -> EMERGENCY_STOP (intent=STOP)
05:21:30.005 [AMR-01] SAFETY_STOP min_obstacle_distance=1.04m <= 1.2m
05:21:30.105 [AMR-01] CONFLICT_DETECTED peer=AMR-02 type=PROXIMITY node=(12, 9) safe_wait=(12, 9) DECISION=YIELD (Lower precedence (73.5 vs 73.5) -> Safe wait at (12, 9) for AMR-02)
05:21:30.105 [AMR-01] STATE_TRANSITION EMERGENCY_STOP -> YIELDING (intent=YIELD)
05:21:30.206 [AMR-01] CONFLICT_DETECTED peer=AMR-02 type=PROXIMITY node=(12, 9) safe_wait=(12, 9) DECISION=PROCEED (Higher precedence (73.7 vs 73.4) -> Proceed through (12, 9))
05:21:30.206 [AMR-01] STATE_TRANSITION YIELDING -> MOVING (intent=MOVE)
05:21:30.306 [AMR-01] STATE_TRANSITION MOVING -> EMERGENCY_STOP (intent=STOP)
05:21:30.307 [AMR-01] SAFETY_STOP min_obstacle_distance=1.00m <= 1.2m
05:21:30.408 [AMR-01] CONFLICT_DETECTED peer=AMR-02 type=PROXIMITY node=(12, 9) safe_wait=(12, 9) DECISION=YIELD (Lower precedence (73.5 vs 73.6) -> Safe wait at (12, 9) for AMR-02)
05:21:30.408 [AMR-01] STATE_TRANSITION EMERGENCY_STOP -> YIELDING (intent=YIELD)
05:21:30.508 [AMR-01] STATE_TRANSITION YIELDING -> MOVING (intent=MOVE)
05:21:30.608 [AMR-01] STATE_TRANSITION MOVING -> EMERGENCY_STOP (intent=STOP)
05:21:30.608 [AMR-01] SAFETY_STOP min_obstacle_distance=1.01m <= 1.2m
05:21:30.709 [AMR-01] STATE_TRANSITION EMERGENCY_STOP -> MOVING (intent=MOVE)
05:21:30.809 [AMR-01] STATE_TRANSITION MOVING -> EMERGENCY_STOP (intent=STOP)
05:21:30.810 [AMR-01] SAFETY_STOP min_obstacle_distance=1.04m <= 1.2m
05:21:30.911 [AMR-01] CONFLICT_DETECTED peer=AMR-02 type=PROXIMITY node=(12, 9) safe_wait=(12, 9) DECISION=PROCEED (Higher precedence (73.2 vs 72.9) -> Proceed through (12, 9))
05:21:30.911 [AMR-01] STATE_TRANSITION EMERGENCY_STOP -> MOVING (intent=MOVE)
05:21:31.011 [AMR-01] STATE_TRANSITION MOVING -> EMERGENCY_STOP (intent=STOP)
05:21:31.011 [AMR-01] SAFETY_STOP min_obstacle_distance=1.03m <= 1.2m
05:21:31.112 [AMR-01] CONFLICT_DETECTED peer=AMR-02 type=PROXIMITY node=(12, 9) safe_wait=(12, 9) DECISION=PROCEED (Higher precedence (73.1 vs 73.1) -> Proceed through (12, 9))
05:21:31.113 [AMR-01] STATE_TRANSITION EMERGENCY_STOP -> MOVING (intent=MOVE)
05:21:31.212 [AMR-01] STATE_TRANSITION MOVING -> EMERGENCY_STOP (intent=STOP)
05:21:31.212 [AMR-01] SAFETY_STOP min_obstacle_distance=1.00m <= 1.2m
05:21:31.312 [AMR-01] CONFLICT_DETECTED peer=AMR-02 type=PROXIMITY node=(11, 9) safe_wait=(11, 9) DECISION=YIELD (Lower precedence (73.0 vs 73.2) -> Safe wait at (11, 9) for AMR-02)
05:21:31.313 [AMR-01] STATE_TRANSITION EMERGENCY_STOP -> YIELDING (intent=YIELD)
05:21:31.414 [AMR-01] CONFLICT_DETECTED peer=AMR-02 type=PROXIMITY node=(11, 9) safe_wait=(11, 9) DECISION=PROCEED (Higher precedence (73.2 vs 73.2) -> Proceed through (11, 9))
05:21:31.414 [AMR-01] STATE_TRANSITION YIELDING -> MOVING (intent=MOVE)
05:21:31.514 [AMR-01] STATE_TRANSITION MOVING -> EMERGENCY_STOP (intent=STOP)
05:21:31.514 [AMR-01] SAFETY_STOP min_obstacle_distance=1.00m <= 1.2m
05:21:31.614 [AMR-01] STATE_TRANSITION EMERGENCY_STOP -> MOVING (intent=MOVE)
05:21:31.715 [AMR-01] STATE_TRANSITION MOVING -> EMERGENCY_STOP (intent=STOP)
05:21:31.715 [AMR-01] SAFETY_STOP min_obstacle_distance=1.01m <= 1.2m
05:21:31.816 [AMR-01] STATE_TRANSITION EMERGENCY_STOP -> MOVING (intent=MOVE)
05:21:31.917 [AMR-01] STATE_TRANSITION MOVING -> EMERGENCY_STOP (intent=STOP)
05:21:31.917 [AMR-01] SAFETY_STOP min_obstacle_distance=1.04m <= 1.2m
05:21:32.017 [AMR-01] STATE_TRANSITION EMERGENCY_STOP -> MOVING (intent=MOVE)
05:21:32.117 [AMR-01] STATE_TRANSITION MOVING -> EMERGENCY_STOP (intent=STOP)
05:21:32.117 [AMR-01] SAFETY_STOP min_obstacle_distance=1.10m <= 1.2m
05:21:32.218 [AMR-01] STATE_TRANSITION EMERGENCY_STOP -> MOVING (intent=MOVE)
05:21:32.318 [AMR-01] STATE_TRANSITION MOVING -> EMERGENCY_STOP (intent=STOP)
05:21:32.318 [AMR-01] SAFETY_STOP min_obstacle_distance=1.08m <= 1.2m
05:21:32.418 [AMR-01] STATE_TRANSITION EMERGENCY_STOP -> MOVING (intent=MOVE)
05:21:32.519 [AMR-01] STATE_TRANSITION MOVING -> EMERGENCY_STOP (intent=STOP)
05:21:32.519 [AMR-01] SAFETY_STOP min_obstacle_distance=1.00m <= 1.2m
05:21:32.620 [AMR-01] STATE_TRANSITION EMERGENCY_STOP -> MOVING (intent=MOVE)
05:21:32.721 [AMR-01] STATE_TRANSITION MOVING -> EMERGENCY_STOP (intent=STOP)
05:21:32.721 [AMR-01] SAFETY_STOP min_obstacle_distance=1.01m <= 1.2m
05:21:32.821 [AMR-01] STATE_TRANSITION EMERGENCY_STOP -> MOVING (intent=MOVE)
05:21:32.921 [AMR-01] STATE_TRANSITION MOVING -> EMERGENCY_STOP (intent=STOP)
05:21:32.921 [AMR-01] SAFETY_STOP min_obstacle_distance=1.04m <= 1.2m
05:21:33.022 [AMR-01] STATE_TRANSITION EMERGENCY_STOP -> MOVING (intent=MOVE)
05:21:33.122 [AMR-01] STATE_TRANSITION MOVING -> EMERGENCY_STOP (intent=STOP)
05:21:33.122 [AMR-01] SAFETY_STOP min_obstacle_distance=1.10m <= 1.2m
05:21:33.222 [AMR-01] STATE_TRANSITION EMERGENCY_STOP -> MOVING (intent=MOVE)
05:21:33.323 [AMR-01] STATE_TRANSITION MOVING -> EMERGENCY_STOP (intent=STOP)
05:21:33.323 [AMR-01] SAFETY_STOP min_obstacle_distance=1.08m <= 1.2m
05:21:33.424 [AMR-01] STATE_TRANSITION EMERGENCY_STOP -> MOVING (intent=MOVE)
05:21:33.524 [AMR-01] STATE_TRANSITION MOVING -> EMERGENCY_STOP (intent=STOP)
05:21:33.524 [AMR-01] SAFETY_STOP min_obstacle_distance=1.00m <= 1.2m
05:21:33.625 [AMR-01] STATE_TRANSITION EMERGENCY_STOP -> MOVING (intent=MOVE)
05:21:33.726 [AMR-01] STATE_TRANSITION MOVING -> EMERGENCY_STOP (intent=STOP)
05:21:33.726 [AMR-01] SAFETY_STOP min_obstacle_distance=1.01m <= 1.2m
05:21:33.826 [AMR-01] STATE_TRANSITION EMERGENCY_STOP -> MOVING (intent=MOVE)
05:21:33.928 [AMR-01] STATE_TRANSITION MOVING -> EMERGENCY_STOP (intent=STOP)
05:21:33.928 [AMR-01] SAFETY_STOP min_obstacle_distance=1.04m <= 1.2m
05:21:34.028 [AMR-01] STATE_TRANSITION EMERGENCY_STOP -> MOVING (intent=MOVE)
05:21:34.129 [AMR-01] STATE_TRANSITION MOVING -> EMERGENCY_STOP (intent=STOP)
05:21:34.129 [AMR-01] SAFETY_STOP min_obstacle_distance=1.10m <= 1.2m
05:21:34.229 [AMR-01] STATE_TRANSITION EMERGENCY_STOP -> MOVING (intent=MOVE)
05:21:34.330 [AMR-01] STATE_TRANSITION MOVING -> EMERGENCY_STOP (intent=STOP)
05:21:34.330 [AMR-01] SAFETY_STOP min_obstacle_distance=1.08m <= 1.2m
05:21:34.430 [AMR-01] STATE_TRANSITION EMERGENCY_STOP -> MOVING (intent=MOVE)
05:21:34.531 [AMR-01] STATE_TRANSITION MOVING -> EMERGENCY_STOP (intent=STOP)
05:21:34.531 [AMR-01] SAFETY_STOP min_obstacle_distance=1.00m <= 1.2m
05:21:34.632 [AMR-01] STATE_TRANSITION EMERGENCY_STOP -> MOVING (intent=MOVE)
05:21:34.733 [AMR-01] STATE_TRANSITION MOVING -> EMERGENCY_STOP (intent=STOP)
05:21:34.733 [AMR-01] SAFETY_STOP min_obstacle_distance=1.01m <= 1.2m
05:21:34.833 [AMR-01] STATE_TRANSITION EMERGENCY_STOP -> MOVING (intent=MOVE)
05:21:34.933 [AMR-01] STATE_TRANSITION MOVING -> EMERGENCY_STOP (intent=STOP)
05:21:34.933 [AMR-01] SAFETY_STOP min_obstacle_distance=1.04m <= 1.2m
05:21:35.034 [AMR-01] STATE_TRANSITION EMERGENCY_STOP -> MOVING (intent=MOVE)
05:21:35.135 [AMR-01] STATE_TRANSITION MOVING -> EMERGENCY_STOP (intent=STOP)
05:21:35.135 [AMR-01] SAFETY_STOP min_obstacle_distance=1.10m <= 1.2m
05:21:35.236 [AMR-01] STATE_TRANSITION EMERGENCY_STOP -> MOVING (intent=MOVE)
05:21:35.337 [AMR-01] STATE_TRANSITION MOVING -> EMERGENCY_STOP (intent=STOP)
05:21:35.337 [AMR-01] SAFETY_STOP min_obstacle_distance=1.08m <= 1.2m
05:21:35.438 [AMR-01] STATE_TRANSITION EMERGENCY_STOP -> MOVING (intent=MOVE)
05:21:35.538 [AMR-01] STATE_TRANSITION MOVING -> EMERGENCY_STOP (intent=STOP)
05:21:35.538 [AMR-01] SAFETY_STOP min_obstacle_distance=1.00m <= 1.2m
05:21:35.638 [AMR-01] STATE_TRANSITION EMERGENCY_STOP -> MOVING (intent=MOVE)
05:21:35.739 [AMR-01] STATE_TRANSITION MOVING -> EMERGENCY_STOP (intent=STOP)
05:21:35.739 [AMR-01] SAFETY_STOP min_obstacle_distance=1.01m <= 1.2m
05:21:35.839 [AMR-01] STATE_TRANSITION EMERGENCY_STOP -> MOVING (intent=MOVE)
05:21:35.942 [AMR-01] STATE_TRANSITION MOVING -> EMERGENCY_STOP (intent=STOP)
05:21:35.942 [AMR-01] SAFETY_STOP min_obstacle_distance=1.04m <= 1.2m
05:21:36.041 [AMR-01] STATE_TRANSITION EMERGENCY_STOP -> MOVING (intent=MOVE)
05:21:36.142 [AMR-01] STATE_TRANSITION MOVING -> EMERGENCY_STOP (intent=STOP)
05:21:36.142 [AMR-01] SAFETY_STOP min_obstacle_distance=1.10m <= 1.2m
05:21:36.243 [AMR-01] STATE_TRANSITION EMERGENCY_STOP -> MOVING (intent=MOVE)
05:21:36.343 [AMR-01] STATE_TRANSITION MOVING -> EMERGENCY_STOP (intent=STOP)
05:21:36.343 [AMR-01] SAFETY_STOP min_obstacle_distance=1.08m <= 1.2m
05:21:36.444 [AMR-01] STATE_TRANSITION EMERGENCY_STOP -> MOVING (intent=MOVE)
05:21:36.544 [AMR-01] STATE_TRANSITION MOVING -> EMERGENCY_STOP (intent=STOP)
05:21:36.544 [AMR-01] SAFETY_STOP min_obstacle_distance=1.00m <= 1.2m
05:21:36.645 [AMR-01] STATE_TRANSITION EMERGENCY_STOP -> MOVING (intent=MOVE)
05:21:36.746 [AMR-01] STATE_TRANSITION MOVING -> EMERGENCY_STOP (intent=STOP)
05:21:36.746 [AMR-01] SAFETY_STOP min_obstacle_distance=1.01m <= 1.2m
05:21:36.846 [AMR-01] STATE_TRANSITION EMERGENCY_STOP -> MOVING (intent=MOVE)
05:21:36.947 [AMR-01] STATE_TRANSITION MOVING -> EMERGENCY_STOP (intent=STOP)
05:21:36.947 [AMR-01] SAFETY_STOP min_obstacle_distance=1.04m <= 1.2m
05:21:37.047 [AMR-01] STATE_TRANSITION EMERGENCY_STOP -> MOVING (intent=MOVE)
05:21:37.147 [AMR-01] STATE_TRANSITION MOVING -> EMERGENCY_STOP (intent=STOP)
05:21:37.147 [AMR-01] SAFETY_STOP min_obstacle_distance=1.10m <= 1.2m
05:21:37.248 [AMR-01] STATE_TRANSITION EMERGENCY_STOP -> MOVING (intent=MOVE)
05:21:37.348 [AMR-01] STATE_TRANSITION MOVING -> EMERGENCY_STOP (intent=STOP)
05:21:37.348 [AMR-01] SAFETY_STOP min_obstacle_distance=1.08m <= 1.2m
05:21:37.449 [AMR-01] STATE_TRANSITION EMERGENCY_STOP -> MOVING (intent=MOVE)
05:21:37.549 [AMR-01] STATE_TRANSITION MOVING -> EMERGENCY_STOP (intent=STOP)
05:21:37.549 [AMR-01] SAFETY_STOP min_obstacle_distance=1.00m <= 1.2m
05:21:37.650 [AMR-01] STATE_TRANSITION EMERGENCY_STOP -> MOVING (intent=MOVE)
05:21:37.751 [AMR-01] STATE_TRANSITION MOVING -> EMERGENCY_STOP (intent=STOP)
05:21:37.751 [AMR-01] SAFETY_STOP min_obstacle_distance=1.01m <= 1.2m
05:21:37.852 [AMR-01] STATE_TRANSITION EMERGENCY_STOP -> MOVING (intent=MOVE)
05:21:37.954 [AMR-01] STATE_TRANSITION MOVING -> EMERGENCY_STOP (intent=STOP)
05:21:37.954 [AMR-01] SAFETY_STOP min_obstacle_distance=1.04m <= 1.2m
05:21:38.054 [AMR-01] STATE_TRANSITION EMERGENCY_STOP -> MOVING (intent=MOVE)
05:21:38.155 [AMR-01] STATE_TRANSITION MOVING -> EMERGENCY_STOP (intent=STOP)
05:21:38.155 [AMR-01] SAFETY_STOP min_obstacle_distance=1.10m <= 1.2m
05:21:38.255 [AMR-01] STATE_TRANSITION EMERGENCY_STOP -> MOVING (intent=MOVE)
05:21:38.355 [AMR-01] STATE_TRANSITION MOVING -> EMERGENCY_STOP (intent=STOP)
05:21:38.356 [AMR-01] SAFETY_STOP min_obstacle_distance=1.08m <= 1.2m
05:21:38.456 [AMR-01] STATE_TRANSITION EMERGENCY_STOP -> MOVING (intent=MOVE)
05:21:38.556 [AMR-01] STATE_TRANSITION MOVING -> EMERGENCY_STOP (intent=STOP)
05:21:38.556 [AMR-01] SAFETY_STOP min_obstacle_distance=1.00m <= 1.2m
05:21:38.657 [AMR-01] STATE_TRANSITION EMERGENCY_STOP -> MOVING (intent=MOVE)
05:21:38.758 [AMR-01] STATE_TRANSITION MOVING -> EMERGENCY_STOP (intent=STOP)
05:21:38.758 [AMR-01] SAFETY_STOP min_obstacle_distance=1.01m <= 1.2m
05:21:38.858 [AMR-01] STATE_TRANSITION EMERGENCY_STOP -> MOVING (intent=MOVE)
05:21:38.959 [AMR-01] STATE_TRANSITION MOVING -> EMERGENCY_STOP (intent=STOP)
05:21:38.959 [AMR-01] SAFETY_STOP min_obstacle_distance=1.04m <= 1.2m
05:21:39.059 [AMR-01] STATE_TRANSITION EMERGENCY_STOP -> MOVING (intent=MOVE)
05:21:39.160 [AMR-01] STATE_TRANSITION MOVING -> EMERGENCY_STOP (intent=STOP)
05:21:39.160 [AMR-01] SAFETY_STOP min_obstacle_distance=1.10m <= 1.2m
05:21:39.260 [AMR-01] STATE_TRANSITION EMERGENCY_STOP -> MOVING (intent=MOVE)
05:21:39.360 [AMR-01] STATE_TRANSITION MOVING -> EMERGENCY_STOP (intent=STOP)
05:21:39.360 [AMR-01] SAFETY_STOP min_obstacle_distance=1.08m <= 1.2m
05:21:39.461 [AMR-01] STATE_TRANSITION EMERGENCY_STOP -> MOVING (intent=MOVE)
05:21:39.562 [AMR-01] STATE_TRANSITION MOVING -> EMERGENCY_STOP (intent=STOP)
05:21:39.562 [AMR-01] SAFETY_STOP min_obstacle_distance=1.00m <= 1.2m
05:21:39.662 [AMR-01] STATE_TRANSITION EMERGENCY_STOP -> MOVING (intent=MOVE)
05:21:39.762 [AMR-01] STATE_TRANSITION MOVING -> EMERGENCY_STOP (intent=STOP)
05:21:39.762 [AMR-01] SAFETY_STOP min_obstacle_distance=1.01m <= 1.2m
05:21:39.864 [AMR-01] STATE_TRANSITION EMERGENCY_STOP -> MOVING (intent=MOVE)
05:21:39.964 [AMR-01] STATE_TRANSITION MOVING -> EMERGENCY_STOP (intent=STOP)
05:21:39.964 [AMR-01] SAFETY_STOP min_obstacle_distance=1.04m <= 1.2m
05:21:40.064 [AMR-01] STATE_TRANSITION EMERGENCY_STOP -> MOVING (intent=MOVE)
05:21:40.164 [AMR-01] STATE_TRANSITION MOVING -> EMERGENCY_STOP (intent=STOP)
05:21:40.164 [AMR-01] SAFETY_STOP min_obstacle_distance=1.10m <= 1.2m
05:21:40.265 [AMR-01] STATE_TRANSITION EMERGENCY_STOP -> MOVING (intent=MOVE)
05:21:40.365 [AMR-01] STATE_TRANSITION MOVING -> EMERGENCY_STOP (intent=STOP)
05:21:40.366 [AMR-01] SAFETY_STOP min_obstacle_distance=1.08m <= 1.2m
05:21:40.466 [AMR-01] STATE_TRANSITION EMERGENCY_STOP -> MOVING (intent=MOVE)
05:21:40.567 [AMR-01] STATE_TRANSITION MOVING -> EMERGENCY_STOP (intent=STOP)
05:21:40.567 [AMR-01] SAFETY_STOP min_obstacle_distance=1.00m <= 1.2m
05:21:40.667 [AMR-01] STATE_TRANSITION EMERGENCY_STOP -> MOVING (intent=MOVE)
05:21:40.768 [AMR-01] STATE_TRANSITION MOVING -> EMERGENCY_STOP (intent=STOP)
05:21:40.768 [AMR-01] SAFETY_STOP min_obstacle_distance=1.01m <= 1.2m
05:21:40.869 [AMR-01] STATE_TRANSITION EMERGENCY_STOP -> MOVING (intent=MOVE)
05:21:40.969 [AMR-01] STATE_TRANSITION MOVING -> EMERGENCY_STOP (intent=STOP)
05:21:40.969 [AMR-01] SAFETY_STOP min_obstacle_distance=1.04m <= 1.2m
05:21:41.069 [AMR-01] STATE_TRANSITION EMERGENCY_STOP -> MOVING (intent=MOVE)
05:21:41.170 [AMR-01] STATE_TRANSITION MOVING -> EMERGENCY_STOP (intent=STOP)
05:21:41.170 [AMR-01] SAFETY_STOP min_obstacle_distance=1.10m <= 1.2m
05:21:41.270 [AMR-01] STATE_TRANSITION EMERGENCY_STOP -> MOVING (intent=MOVE)
05:21:41.371 [AMR-01] STATE_TRANSITION MOVING -> EMERGENCY_STOP (intent=STOP)
05:21:41.371 [AMR-01] SAFETY_STOP min_obstacle_distance=1.08m <= 1.2m
05:21:41.471 [AMR-01] STATE_TRANSITION EMERGENCY_STOP -> MOVING (intent=MOVE)
05:21:41.571 [AMR-01] STATE_TRANSITION MOVING -> EMERGENCY_STOP (intent=STOP)
05:21:41.571 [AMR-01] SAFETY_STOP min_obstacle_distance=1.00m <= 1.2m
05:21:41.672 [AMR-01] STATE_TRANSITION EMERGENCY_STOP -> MOVING (intent=MOVE)
05:21:41.773 [AMR-01] STATE_TRANSITION MOVING -> EMERGENCY_STOP (intent=STOP)
05:21:41.773 [AMR-01] SAFETY_STOP min_obstacle_distance=1.01m <= 1.2m
05:21:41.873 [AMR-01] STATE_TRANSITION EMERGENCY_STOP -> MOVING (intent=MOVE)
05:21:41.973 [AMR-01] STATE_TRANSITION MOVING -> EMERGENCY_STOP (intent=STOP)
05:21:41.974 [AMR-01] SAFETY_STOP min_obstacle_distance=1.04m <= 1.2m
05:21:42.074 [AMR-01] STATE_TRANSITION EMERGENCY_STOP -> MOVING (intent=MOVE)
05:21:42.175 [AMR-01] STATE_TRANSITION MOVING -> EMERGENCY_STOP (intent=STOP)
05:21:42.175 [AMR-01] SAFETY_STOP min_obstacle_distance=1.10m <= 1.2m
05:21:42.275 [AMR-01] STATE_TRANSITION EMERGENCY_STOP -> MOVING (intent=MOVE)
05:21:42.376 [AMR-01] STATE_TRANSITION MOVING -> EMERGENCY_STOP (intent=STOP)
05:21:42.376 [AMR-01] SAFETY_STOP min_obstacle_distance=1.17m <= 1.2m
05:21:42.476 [AMR-01] STATE_TRANSITION EMERGENCY_STOP -> MOVING (intent=MOVE)
05:21:42.577 [AMR-01] STATE_TRANSITION MOVING -> EMERGENCY_STOP (intent=STOP)
05:21:42.577 [AMR-01] SAFETY_STOP min_obstacle_distance=1.00m <= 1.2m
05:21:42.678 [AMR-01] STATE_TRANSITION EMERGENCY_STOP -> MOVING (intent=MOVE)
05:21:42.778 [AMR-01] STATE_TRANSITION MOVING -> EMERGENCY_STOP (intent=STOP)
05:21:42.778 [AMR-01] SAFETY_STOP min_obstacle_distance=1.01m <= 1.2m
05:21:42.878 [AMR-01] STATE_TRANSITION EMERGENCY_STOP -> MOVING (intent=MOVE)
05:21:42.979 [AMR-01] STATE_TRANSITION MOVING -> EMERGENCY_STOP (intent=STOP)
05:21:42.979 [AMR-01] SAFETY_STOP min_obstacle_distance=1.04m <= 1.2m
05:21:43.080 [AMR-01] STATE_TRANSITION EMERGENCY_STOP -> MOVING (intent=MOVE)
05:21:43.183 [AMR-01] STATE_TRANSITION MOVING -> EMERGENCY_STOP (intent=STOP)
05:21:43.183 [AMR-01] SAFETY_STOP min_obstacle_distance=1.10m <= 1.2m
05:21:43.283 [AMR-01] STATE_TRANSITION EMERGENCY_STOP -> MOVING (intent=MOVE)
05:21:43.383 [AMR-01] STATE_TRANSITION MOVING -> EMERGENCY_STOP (intent=STOP)
05:21:43.384 [AMR-01] SAFETY_STOP min_obstacle_distance=1.17m <= 1.2m
05:21:43.484 [AMR-01] STATE_TRANSITION EMERGENCY_STOP -> MOVING (intent=MOVE)
05:21:43.585 [AMR-01] STATE_TRANSITION MOVING -> EMERGENCY_STOP (intent=STOP)
05:21:43.585 [AMR-01] SAFETY_STOP min_obstacle_distance=1.00m <= 1.2m
05:21:43.685 [AMR-01] STATE_TRANSITION EMERGENCY_STOP -> MOVING (intent=MOVE)
05:21:43.786 [AMR-01] STATE_TRANSITION MOVING -> EMERGENCY_STOP (intent=STOP)
05:21:43.786 [AMR-01] SAFETY_STOP min_obstacle_distance=1.01m <= 1.2m
05:21:43.887 [AMR-01] STATE_TRANSITION EMERGENCY_STOP -> MOVING (intent=MOVE)
05:21:43.987 [AMR-01] STATE_TRANSITION MOVING -> EMERGENCY_STOP (intent=STOP)
05:21:43.987 [AMR-01] SAFETY_STOP min_obstacle_distance=1.04m <= 1.2m
05:21:44.088 [AMR-01] STATE_TRANSITION EMERGENCY_STOP -> MOVING (intent=MOVE)
05:21:44.189 [AMR-01] STATE_TRANSITION MOVING -> EMERGENCY_STOP (intent=STOP)
05:21:44.189 [AMR-01] SAFETY_STOP min_obstacle_distance=1.10m <= 1.2m
05:21:44.289 [AMR-01] STATE_TRANSITION EMERGENCY_STOP -> MOVING (intent=MOVE)
05:21:44.390 [AMR-01] STATE_TRANSITION MOVING -> EMERGENCY_STOP (intent=STOP)
05:21:44.390 [AMR-01] SAFETY_STOP min_obstacle_distance=1.17m <= 1.2m
05:21:44.491 [AMR-01] STATE_TRANSITION EMERGENCY_STOP -> MOVING (intent=MOVE)
05:21:44.591 [AMR-01] STATE_TRANSITION MOVING -> EMERGENCY_STOP (intent=STOP)
05:21:44.591 [AMR-01] SAFETY_STOP min_obstacle_distance=1.00m <= 1.2m
05:21:44.692 [AMR-01] STATE_TRANSITION EMERGENCY_STOP -> MOVING (intent=MOVE)
05:21:44.793 [AMR-01] STATE_TRANSITION MOVING -> EMERGENCY_STOP (intent=STOP)
05:21:44.793 [AMR-01] SAFETY_STOP min_obstacle_distance=1.01m <= 1.2m
05:21:44.894 [AMR-01] STATE_TRANSITION EMERGENCY_STOP -> MOVING (intent=MOVE)
05:21:44.994 [AMR-01] STATE_TRANSITION MOVING -> EMERGENCY_STOP (intent=STOP)
05:21:44.994 [AMR-01] SAFETY_STOP min_obstacle_distance=1.04m <= 1.2m
05:21:45.095 [AMR-01] STATE_TRANSITION EMERGENCY_STOP -> MOVING (intent=MOVE)
05:21:45.195 [AMR-01] STATE_TRANSITION MOVING -> EMERGENCY_STOP (intent=STOP)
05:21:45.195 [AMR-01] SAFETY_STOP min_obstacle_distance=1.10m <= 1.2m
05:21:45.296 [AMR-01] STATE_TRANSITION EMERGENCY_STOP -> MOVING (intent=MOVE)
05:21:45.396 [AMR-01] STATE_TRANSITION MOVING -> EMERGENCY_STOP (intent=STOP)
05:21:45.396 [AMR-01] SAFETY_STOP min_obstacle_distance=1.17m <= 1.2m
05:21:45.497 [AMR-01] STATE_TRANSITION EMERGENCY_STOP -> MOVING (intent=MOVE)
05:21:45.598 [AMR-01] STATE_TRANSITION MOVING -> EMERGENCY_STOP (intent=STOP)
05:21:45.598 [AMR-01] SAFETY_STOP min_obstacle_distance=1.01m <= 1.2m
05:21:45.698 [AMR-01] STATE_TRANSITION EMERGENCY_STOP -> MOVING (intent=MOVE)
05:21:45.798 [AMR-01] STATE_TRANSITION MOVING -> EMERGENCY_STOP (intent=STOP)
05:21:45.798 [AMR-01] SAFETY_STOP min_obstacle_distance=1.04m <= 1.2m
05:21:45.898 [AMR-01] STATE_TRANSITION EMERGENCY_STOP -> MOVING (intent=MOVE)
05:21:45.999 [AMR-01] STATE_TRANSITION MOVING -> EMERGENCY_STOP (intent=STOP)
05:21:45.999 [AMR-01] SAFETY_STOP min_obstacle_distance=1.10m <= 1.2m
05:21:46.099 [AMR-01] STATE_TRANSITION EMERGENCY_STOP -> MOVING (intent=MOVE)
05:21:46.200 [AMR-01] STATE_TRANSITION MOVING -> EMERGENCY_STOP (intent=STOP)
05:21:46.200 [AMR-01] SAFETY_STOP min_obstacle_distance=1.17m <= 1.2m
05:21:46.300 [AMR-01] STATE_TRANSITION EMERGENCY_STOP -> MOVING (intent=MOVE)
05:21:46.903 [AMR-01] STATE_TRANSITION MOVING -> EMERGENCY_STOP (intent=STOP)
05:21:46.903 [AMR-01] SAFETY_STOP min_obstacle_distance=1.14m <= 1.2m
05:21:47.003 [AMR-01] STATE_TRANSITION EMERGENCY_STOP -> MOVING (intent=MOVE)
05:21:47.103 [AMR-01] STATE_TRANSITION MOVING -> EMERGENCY_STOP (intent=STOP)
05:21:47.104 [AMR-01] SAFETY_STOP min_obstacle_distance=1.08m <= 1.2m
05:21:47.204 [AMR-01] STATE_TRANSITION EMERGENCY_STOP -> MOVING (intent=MOVE)
05:21:47.305 [AMR-01] STATE_TRANSITION MOVING -> EMERGENCY_STOP (intent=STOP)
05:21:47.305 [AMR-01] SAFETY_STOP min_obstacle_distance=1.03m <= 1.2m
05:21:47.405 [AMR-01] STATE_TRANSITION EMERGENCY_STOP -> MOVING (intent=MOVE)
05:21:47.807 [AMR-01] STATE_TRANSITION MOVING -> EMERGENCY_STOP (intent=STOP)
05:21:47.807 [AMR-01] SAFETY_STOP min_obstacle_distance=1.14m <= 1.2m
05:21:47.908 [AMR-01] STATE_TRANSITION EMERGENCY_STOP -> MOVING (intent=MOVE)
05:21:48.008 [AMR-01] STATE_TRANSITION MOVING -> EMERGENCY_STOP (intent=STOP)
05:21:48.008 [AMR-01] SAFETY_STOP min_obstacle_distance=1.08m <= 1.2m
05:21:48.108 [AMR-01] STATE_TRANSITION EMERGENCY_STOP -> MOVING (intent=MOVE)
05:21:48.209 [AMR-01] STATE_TRANSITION MOVING -> EMERGENCY_STOP (intent=STOP)
05:21:48.209 [AMR-01] SAFETY_STOP min_obstacle_distance=1.03m <= 1.2m
05:21:48.309 [AMR-01] STATE_TRANSITION EMERGENCY_STOP -> MOVING (intent=MOVE)
05:21:48.410 [AMR-01] STATE_TRANSITION MOVING -> EMERGENCY_STOP (intent=STOP)
05:21:48.410 [AMR-01] SAFETY_STOP min_obstacle_distance=1.00m <= 1.2m
05:21:48.510 [AMR-01] STATE_TRANSITION EMERGENCY_STOP -> MOVING (intent=MOVE)
05:21:48.812 [AMR-01] STATE_TRANSITION MOVING -> EMERGENCY_STOP (intent=STOP)
05:21:48.812 [AMR-01] SAFETY_STOP min_obstacle_distance=1.14m <= 1.2m
05:21:48.912 [AMR-01] STATE_TRANSITION EMERGENCY_STOP -> MOVING (intent=MOVE)
05:21:49.013 [AMR-01] STATE_TRANSITION MOVING -> EMERGENCY_STOP (intent=STOP)
05:21:49.013 [AMR-01] SAFETY_STOP min_obstacle_distance=1.08m <= 1.2m
05:21:49.113 [AMR-01] STATE_TRANSITION EMERGENCY_STOP -> MOVING (intent=MOVE)
05:21:49.214 [AMR-01] STATE_TRANSITION MOVING -> EMERGENCY_STOP (intent=STOP)
05:21:49.214 [AMR-01] SAFETY_STOP min_obstacle_distance=1.03m <= 1.2m
05:21:49.315 [AMR-01] STATE_TRANSITION EMERGENCY_STOP -> MOVING (intent=MOVE)
05:21:49.415 [AMR-01] STATE_TRANSITION MOVING -> EMERGENCY_STOP (intent=STOP)
05:21:49.415 [AMR-01] SAFETY_STOP min_obstacle_distance=1.00m <= 1.2m
05:21:49.516 [AMR-01] STATE_TRANSITION EMERGENCY_STOP -> MOVING (intent=MOVE)
05:21:49.817 [AMR-01] STATE_TRANSITION MOVING -> EMERGENCY_STOP (intent=STOP)
05:21:49.817 [AMR-01] SAFETY_STOP min_obstacle_distance=1.14m <= 1.2m
05:21:49.918 [AMR-01] STATE_TRANSITION EMERGENCY_STOP -> MOVING (intent=MOVE)
05:21:50.018 [AMR-01] STATE_TRANSITION MOVING -> EMERGENCY_STOP (intent=STOP)
05:21:50.018 [AMR-01] SAFETY_STOP min_obstacle_distance=1.08m <= 1.2m
05:21:50.119 [AMR-01] STATE_TRANSITION EMERGENCY_STOP -> MOVING (intent=MOVE)
05:21:50.221 [AMR-01] STATE_TRANSITION MOVING -> EMERGENCY_STOP (intent=STOP)
05:21:50.221 [AMR-01] SAFETY_STOP min_obstacle_distance=1.03m <= 1.2m
05:21:50.321 [AMR-01] STATE_TRANSITION EMERGENCY_STOP -> MOVING (intent=MOVE)
05:21:50.422 [AMR-01] STATE_TRANSITION MOVING -> EMERGENCY_STOP (intent=STOP)
05:21:50.422 [AMR-01] SAFETY_STOP min_obstacle_distance=1.00m <= 1.2m
05:21:50.523 [AMR-01] STATE_TRANSITION EMERGENCY_STOP -> MOVING (intent=MOVE)
05:21:50.824 [AMR-01] STATE_TRANSITION MOVING -> EMERGENCY_STOP (intent=STOP)
05:21:50.824 [AMR-01] SAFETY_STOP min_obstacle_distance=1.14m <= 1.2m
05:21:50.925 [AMR-01] STATE_TRANSITION EMERGENCY_STOP -> MOVING (intent=MOVE)
05:21:51.026 [AMR-01] STATE_TRANSITION MOVING -> EMERGENCY_STOP (intent=STOP)
05:21:51.026 [AMR-01] SAFETY_STOP min_obstacle_distance=1.08m <= 1.2m
05:21:51.127 [AMR-01] STATE_TRANSITION EMERGENCY_STOP -> MOVING (intent=MOVE)
05:21:51.228 [AMR-01] STATE_TRANSITION MOVING -> EMERGENCY_STOP (intent=STOP)
05:21:51.228 [AMR-01] SAFETY_STOP min_obstacle_distance=1.03m <= 1.2m
05:21:51.329 [AMR-01] STATE_TRANSITION EMERGENCY_STOP -> MOVING (intent=MOVE)
05:21:51.430 [AMR-01] STATE_TRANSITION MOVING -> EMERGENCY_STOP (intent=STOP)
05:21:51.431 [AMR-01] SAFETY_STOP min_obstacle_distance=1.00m <= 1.2m
05:21:51.531 [AMR-01] STATE_TRANSITION EMERGENCY_STOP -> MOVING (intent=MOVE)
05:21:51.834 [AMR-01] STATE_TRANSITION MOVING -> EMERGENCY_STOP (intent=STOP)
05:21:51.834 [AMR-01] SAFETY_STOP min_obstacle_distance=1.14m <= 1.2m
05:21:51.935 [AMR-01] STATE_TRANSITION EMERGENCY_STOP -> MOVING (intent=MOVE)
05:21:52.036 [AMR-01] STATE_TRANSITION MOVING -> EMERGENCY_STOP (intent=STOP)
05:21:52.036 [AMR-01] SAFETY_STOP min_obstacle_distance=1.07m <= 1.2m
05:21:52.138 [AMR-01] STATE_TRANSITION EMERGENCY_STOP -> MOVING (intent=MOVE)
05:21:52.239 [AMR-01] STATE_TRANSITION MOVING -> EMERGENCY_STOP (intent=STOP)
05:21:52.239 [AMR-01] SAFETY_STOP min_obstacle_distance=1.03m <= 1.2m
05:21:52.340 [AMR-01] STATE_TRANSITION EMERGENCY_STOP -> MOVING (intent=MOVE)
05:21:52.442 [AMR-01] STATE_TRANSITION MOVING -> EMERGENCY_STOP (intent=STOP)
05:21:52.442 [AMR-01] SAFETY_STOP min_obstacle_distance=1.00m <= 1.2m
05:21:52.543 [AMR-01] STATE_TRANSITION EMERGENCY_STOP -> MOVING (intent=MOVE)
05:21:52.846 [AMR-01] STATE_TRANSITION MOVING -> EMERGENCY_STOP (intent=STOP)
05:21:52.846 [AMR-01] SAFETY_STOP min_obstacle_distance=1.14m <= 1.2m
05:21:52.947 [AMR-01] STATE_TRANSITION EMERGENCY_STOP -> MOVING (intent=MOVE)
05:21:53.048 [AMR-01] STATE_TRANSITION MOVING -> EMERGENCY_STOP (intent=STOP)
05:21:53.048 [AMR-01] SAFETY_STOP min_obstacle_distance=1.07m <= 1.2m
05:21:53.150 [AMR-01] STATE_TRANSITION EMERGENCY_STOP -> MOVING (intent=MOVE)
05:21:53.251 [AMR-01] STATE_TRANSITION MOVING -> EMERGENCY_STOP (intent=STOP)
05:21:53.251 [AMR-01] SAFETY_STOP min_obstacle_distance=1.03m <= 1.2m
05:21:53.352 [AMR-01] STATE_TRANSITION EMERGENCY_STOP -> MOVING (intent=MOVE)
05:21:53.453 [AMR-01] STATE_TRANSITION MOVING -> EMERGENCY_STOP (intent=STOP)
05:21:53.453 [AMR-01] SAFETY_STOP min_obstacle_distance=1.00m <= 1.2m
05:21:53.554 [AMR-01] STATE_TRANSITION EMERGENCY_STOP -> MOVING (intent=MOVE)
05:21:53.859 [AMR-01] STATE_TRANSITION MOVING -> EMERGENCY_STOP (intent=STOP)
05:21:53.859 [AMR-01] SAFETY_STOP min_obstacle_distance=1.14m <= 1.2m
05:21:53.960 [AMR-01] STATE_TRANSITION EMERGENCY_STOP -> MOVING (intent=MOVE)
05:21:54.061 [AMR-01] STATE_TRANSITION MOVING -> EMERGENCY_STOP (intent=STOP)
05:21:54.061 [AMR-01] SAFETY_STOP min_obstacle_distance=1.07m <= 1.2m
05:21:54.163 [AMR-01] STATE_TRANSITION EMERGENCY_STOP -> MOVING (intent=MOVE)
05:21:54.263 [AMR-01] STATE_TRANSITION MOVING -> EMERGENCY_STOP (intent=STOP)
05:21:54.263 [AMR-01] SAFETY_STOP min_obstacle_distance=1.03m <= 1.2m
05:21:54.364 [AMR-01] STATE_TRANSITION EMERGENCY_STOP -> MOVING (intent=MOVE)
05:21:54.466 [AMR-01] STATE_TRANSITION MOVING -> EMERGENCY_STOP (intent=STOP)
05:21:54.466 [AMR-01] SAFETY_STOP min_obstacle_distance=1.00m <= 1.2m
05:21:54.567 [AMR-01] STATE_TRANSITION EMERGENCY_STOP -> MOVING (intent=MOVE)
05:21:54.871 [AMR-01] STATE_TRANSITION MOVING -> EMERGENCY_STOP (intent=STOP)
05:21:54.871 [AMR-01] SAFETY_STOP min_obstacle_distance=1.14m <= 1.2m
05:21:54.972 [AMR-01] STATE_TRANSITION EMERGENCY_STOP -> MOVING (intent=MOVE)
05:21:55.073 [AMR-01] STATE_TRANSITION MOVING -> EMERGENCY_STOP (intent=STOP)
05:21:55.073 [AMR-01] SAFETY_STOP min_obstacle_distance=1.07m <= 1.2m
05:21:55.175 [AMR-01] STATE_TRANSITION EMERGENCY_STOP -> MOVING (intent=MOVE)
05:21:55.275 [AMR-01] STATE_TRANSITION MOVING -> EMERGENCY_STOP (intent=STOP)
05:21:55.275 [AMR-01] SAFETY_STOP min_obstacle_distance=1.03m <= 1.2m
05:21:55.376 [AMR-01] STATE_TRANSITION EMERGENCY_STOP -> MOVING (intent=MOVE)
05:21:55.781 [AMR-01] STATE_TRANSITION MOVING -> EMERGENCY_STOP (intent=STOP)
05:21:55.782 [AMR-01] SAFETY_STOP min_obstacle_distance=1.14m <= 1.2m
05:21:55.883 [AMR-01] STATE_TRANSITION EMERGENCY_STOP -> MOVING (intent=MOVE)
05:21:55.984 [AMR-01] STATE_TRANSITION MOVING -> EMERGENCY_STOP (intent=STOP)
05:21:55.984 [AMR-01] SAFETY_STOP min_obstacle_distance=1.07m <= 1.2m
05:21:56.085 [AMR-01] STATE_TRANSITION EMERGENCY_STOP -> MOVING (intent=MOVE)
05:21:56.186 [AMR-01] STATE_TRANSITION MOVING -> EMERGENCY_STOP (intent=STOP)
05:21:56.186 [AMR-01] SAFETY_STOP min_obstacle_distance=1.03m <= 1.2m
05:21:56.287 [AMR-01] STATE_TRANSITION EMERGENCY_STOP -> MOVING (intent=MOVE)
05:21:56.388 [AMR-01] STATE_TRANSITION MOVING -> EMERGENCY_STOP (intent=STOP)
05:21:56.388 [AMR-01] SAFETY_STOP min_obstacle_distance=1.00m <= 1.2m
05:21:56.489 [AMR-01] STATE_TRANSITION EMERGENCY_STOP -> MOVING (intent=MOVE)
05:21:56.793 [AMR-01] STATE_TRANSITION MOVING -> EMERGENCY_STOP (intent=STOP)
05:21:56.793 [AMR-01] SAFETY_STOP min_obstacle_distance=1.14m <= 1.2m
05:21:56.894 [AMR-01] STATE_TRANSITION EMERGENCY_STOP -> MOVING (intent=MOVE)
05:21:56.997 [AMR-01] STATE_TRANSITION MOVING -> EMERGENCY_STOP (intent=STOP)
05:21:56.997 [AMR-01] SAFETY_STOP min_obstacle_distance=1.07m <= 1.2m
05:21:57.097 [AMR-01] STATE_TRANSITION EMERGENCY_STOP -> MOVING (intent=MOVE)
05:21:57.198 [AMR-01] STATE_TRANSITION MOVING -> EMERGENCY_STOP (intent=STOP)
05:21:57.216 [AMR-01] SAFETY_STOP min_obstacle_distance=1.03m <= 1.2m
05:21:57.299 [AMR-01] STATE_TRANSITION EMERGENCY_STOP -> MOVING (intent=MOVE)
05:21:57.400 [AMR-01] STATE_TRANSITION MOVING -> EMERGENCY_STOP (intent=STOP)
05:21:57.400 [AMR-01] SAFETY_STOP min_obstacle_distance=1.00m <= 1.2m
05:21:57.500 [AMR-01] STATE_TRANSITION EMERGENCY_STOP -> MOVING (intent=MOVE)
05:21:57.803 [AMR-01] STATE_TRANSITION MOVING -> EMERGENCY_STOP (intent=STOP)
05:21:57.803 [AMR-01] SAFETY_STOP min_obstacle_distance=1.14m <= 1.2m
05:21:57.908 [AMR-01] STATE_TRANSITION EMERGENCY_STOP -> MOVING (intent=MOVE)
05:21:58.009 [AMR-01] STATE_TRANSITION MOVING -> EMERGENCY_STOP (intent=STOP)
05:21:58.009 [AMR-01] SAFETY_STOP min_obstacle_distance=1.07m <= 1.2m
05:21:58.109 [AMR-01] STATE_TRANSITION EMERGENCY_STOP -> MOVING (intent=MOVE)
05:21:58.210 [AMR-01] STATE_TRANSITION MOVING -> EMERGENCY_STOP (intent=STOP)
05:21:58.210 [AMR-01] SAFETY_STOP min_obstacle_distance=1.03m <= 1.2m
05:21:58.310 [AMR-01] STATE_TRANSITION EMERGENCY_STOP -> MOVING (intent=MOVE)
05:21:58.411 [AMR-01] STATE_TRANSITION MOVING -> EMERGENCY_STOP (intent=STOP)
05:21:58.411 [AMR-01] SAFETY_STOP min_obstacle_distance=1.00m <= 1.2m
05:21:58.511 [AMR-01] STATE_TRANSITION EMERGENCY_STOP -> MOVING (intent=MOVE)
05:21:58.813 [AMR-01] STATE_TRANSITION MOVING -> EMERGENCY_STOP (intent=STOP)
05:21:58.813 [AMR-01] SAFETY_STOP min_obstacle_distance=1.14m <= 1.2m
05:21:58.914 [AMR-01] STATE_TRANSITION EMERGENCY_STOP -> MOVING (intent=MOVE)
05:21:59.015 [AMR-01] STATE_TRANSITION MOVING -> EMERGENCY_STOP (intent=STOP)
05:21:59.015 [AMR-01] SAFETY_STOP min_obstacle_distance=1.08m <= 1.2m
05:21:59.116 [AMR-01] STATE_TRANSITION EMERGENCY_STOP -> MOVING (intent=MOVE)
05:21:59.216 [AMR-01] STATE_TRANSITION MOVING -> EMERGENCY_STOP (intent=STOP)
05:21:59.216 [AMR-01] SAFETY_STOP min_obstacle_distance=1.03m <= 1.2m
05:21:59.317 [AMR-01] STATE_TRANSITION EMERGENCY_STOP -> MOVING (intent=MOVE)
05:21:59.417 [AMR-01] STATE_TRANSITION MOVING -> EMERGENCY_STOP (intent=STOP)
05:21:59.417 [AMR-01] SAFETY_STOP min_obstacle_distance=1.00m <= 1.2m
05:21:59.518 [AMR-01] STATE_TRANSITION EMERGENCY_STOP -> MOVING (intent=MOVE)
05:21:59.819 [AMR-01] STATE_TRANSITION MOVING -> EMERGENCY_STOP (intent=STOP)
05:21:59.819 [AMR-01] SAFETY_STOP min_obstacle_distance=1.14m <= 1.2m
05:21:59.920 [AMR-01] STATE_TRANSITION EMERGENCY_STOP -> MOVING (intent=MOVE)
05:22:00.021 [AMR-01] STATE_TRANSITION MOVING -> EMERGENCY_STOP (intent=STOP)
05:22:00.021 [AMR-01] SAFETY_STOP min_obstacle_distance=1.08m <= 1.2m
05:22:00.121 [AMR-01] STATE_TRANSITION EMERGENCY_STOP -> MOVING (intent=MOVE)
05:22:00.221 [AMR-01] STATE_TRANSITION MOVING -> EMERGENCY_STOP (intent=STOP)
05:22:00.221 [AMR-01] SAFETY_STOP min_obstacle_distance=1.03m <= 1.2m
05:22:00.322 [AMR-01] STATE_TRANSITION EMERGENCY_STOP -> MOVING (intent=MOVE)
05:22:00.422 [AMR-01] STATE_TRANSITION MOVING -> EMERGENCY_STOP (intent=STOP)
05:22:00.422 [AMR-01] SAFETY_STOP min_obstacle_distance=1.00m <= 1.2m
05:22:00.523 [AMR-01] STATE_TRANSITION EMERGENCY_STOP -> MOVING (intent=MOVE)
05:22:00.825 [AMR-01] STATE_TRANSITION MOVING -> EMERGENCY_STOP (intent=STOP)
05:22:00.825 [AMR-01] SAFETY_STOP min_obstacle_distance=1.14m <= 1.2m
05:22:00.925 [AMR-01] STATE_TRANSITION EMERGENCY_STOP -> MOVING (intent=MOVE)
05:22:01.026 [AMR-01] STATE_TRANSITION MOVING -> EMERGENCY_STOP (intent=STOP)
05:22:01.026 [AMR-01] SAFETY_STOP min_obstacle_distance=1.08m <= 1.2m
05:22:01.126 [AMR-01] STATE_TRANSITION EMERGENCY_STOP -> MOVING (intent=MOVE)
05:22:01.227 [AMR-01] STATE_TRANSITION MOVING -> EMERGENCY_STOP (intent=STOP)
05:22:01.227 [AMR-01] SAFETY_STOP min_obstacle_distance=1.03m <= 1.2m
05:22:01.327 [AMR-01] STATE_TRANSITION EMERGENCY_STOP -> MOVING (intent=MOVE)
05:22:01.429 [AMR-01] STATE_TRANSITION MOVING -> EMERGENCY_STOP (intent=STOP)
05:22:01.429 [AMR-01] SAFETY_STOP min_obstacle_distance=1.00m <= 1.2m
05:22:01.530 [AMR-01] STATE_TRANSITION EMERGENCY_STOP -> MOVING (intent=MOVE)
05:22:01.832 [AMR-01] STATE_TRANSITION MOVING -> EMERGENCY_STOP (intent=STOP)
05:22:01.832 [AMR-01] SAFETY_STOP min_obstacle_distance=1.14m <= 1.2m
05:22:01.935 [AMR-01] STATE_TRANSITION EMERGENCY_STOP -> MOVING (intent=MOVE)
05:22:02.035 [AMR-01] STATE_TRANSITION MOVING -> EMERGENCY_STOP (intent=STOP)
05:22:02.035 [AMR-01] SAFETY_STOP min_obstacle_distance=1.07m <= 1.2m
05:22:02.136 [AMR-01] STATE_TRANSITION EMERGENCY_STOP -> MOVING (intent=MOVE)
05:22:02.236 [AMR-01] STATE_TRANSITION MOVING -> EMERGENCY_STOP (intent=STOP)
05:22:02.236 [AMR-01] SAFETY_STOP min_obstacle_distance=1.03m <= 1.2m
05:22:02.337 [AMR-01] STATE_TRANSITION EMERGENCY_STOP -> MOVING (intent=MOVE)
05:22:02.437 [AMR-01] STATE_TRANSITION MOVING -> EMERGENCY_STOP (intent=STOP)
05:22:02.437 [AMR-01] SAFETY_STOP min_obstacle_distance=1.00m <= 1.2m
05:22:02.538 [AMR-01] STATE_TRANSITION EMERGENCY_STOP -> MOVING (intent=MOVE)
05:22:02.839 [AMR-01] STATE_TRANSITION MOVING -> EMERGENCY_STOP (intent=STOP)
05:22:02.839 [AMR-01] SAFETY_STOP min_obstacle_distance=1.14m <= 1.2m
05:22:02.939 [AMR-01] STATE_TRANSITION EMERGENCY_STOP -> MOVING (intent=MOVE)
05:22:03.040 [AMR-01] STATE_TRANSITION MOVING -> EMERGENCY_STOP (intent=STOP)
05:22:03.040 [AMR-01] SAFETY_STOP min_obstacle_distance=1.08m <= 1.2m
05:22:03.141 [AMR-01] STATE_TRANSITION EMERGENCY_STOP -> MOVING (intent=MOVE)
05:22:03.243 [AMR-01] STATE_TRANSITION MOVING -> EMERGENCY_STOP (intent=STOP)
05:22:03.243 [AMR-01] SAFETY_STOP min_obstacle_distance=1.03m <= 1.2m
05:22:03.344 [AMR-01] STATE_TRANSITION EMERGENCY_STOP -> MOVING (intent=MOVE)
05:22:03.446 [AMR-01] STATE_TRANSITION MOVING -> EMERGENCY_STOP (intent=STOP)
05:22:03.446 [AMR-01] SAFETY_STOP min_obstacle_distance=1.00m <= 1.2m
05:22:03.546 [AMR-01] STATE_TRANSITION EMERGENCY_STOP -> MOVING (intent=MOVE)
05:22:03.849 [AMR-01] STATE_TRANSITION MOVING -> EMERGENCY_STOP (intent=STOP)
05:22:03.849 [AMR-01] SAFETY_STOP min_obstacle_distance=1.14m <= 1.2m
05:22:03.951 [AMR-01] STATE_TRANSITION EMERGENCY_STOP -> MOVING (intent=MOVE)
05:22:04.052 [AMR-01] STATE_TRANSITION MOVING -> EMERGENCY_STOP (intent=STOP)
05:22:04.052 [AMR-01] SAFETY_STOP min_obstacle_distance=1.07m <= 1.2m
05:22:04.153 [AMR-01] STATE_TRANSITION EMERGENCY_STOP -> MOVING (intent=MOVE)
05:22:04.255 [AMR-01] STATE_TRANSITION MOVING -> EMERGENCY_STOP (intent=STOP)
05:22:04.255 [AMR-01] SAFETY_STOP min_obstacle_distance=1.03m <= 1.2m
05:22:04.355 [AMR-01] STATE_TRANSITION EMERGENCY_STOP -> MOVING (intent=MOVE)
05:22:04.455 [AMR-01] STATE_TRANSITION MOVING -> EMERGENCY_STOP (intent=STOP)
05:22:04.455 [AMR-01] SAFETY_STOP min_obstacle_distance=1.00m <= 1.2m
05:22:04.556 [AMR-01] STATE_TRANSITION EMERGENCY_STOP -> MOVING (intent=MOVE)
05:22:04.857 [AMR-01] STATE_TRANSITION MOVING -> EMERGENCY_STOP (intent=STOP)
05:22:04.858 [AMR-01] SAFETY_STOP min_obstacle_distance=1.14m <= 1.2m
05:22:04.958 [AMR-01] STATE_TRANSITION EMERGENCY_STOP -> MOVING (intent=MOVE)
05:22:05.058 [AMR-01] STATE_TRANSITION MOVING -> EMERGENCY_STOP (intent=STOP)
05:22:05.058 [AMR-01] SAFETY_STOP min_obstacle_distance=1.08m <= 1.2m
05:22:05.160 [AMR-01] STATE_TRANSITION EMERGENCY_STOP -> MOVING (intent=MOVE)
05:22:05.262 [AMR-01] STATE_TRANSITION MOVING -> EMERGENCY_STOP (intent=STOP)
05:22:05.262 [AMR-01] SAFETY_STOP min_obstacle_distance=1.03m <= 1.2m
05:22:05.362 [AMR-01] STATE_TRANSITION EMERGENCY_STOP -> MOVING (intent=MOVE)
05:22:05.462 [AMR-01] STATE_TRANSITION MOVING -> EMERGENCY_STOP (intent=STOP)
05:22:05.462 [AMR-01] SAFETY_STOP min_obstacle_distance=1.00m <= 1.2m
05:22:05.562 [AMR-01] STATE_TRANSITION EMERGENCY_STOP -> MOVING (intent=MOVE)
05:22:05.865 [AMR-01] STATE_TRANSITION MOVING -> EMERGENCY_STOP (intent=STOP)
05:22:05.865 [AMR-01] SAFETY_STOP min_obstacle_distance=1.14m <= 1.2m
05:22:05.965 [AMR-01] STATE_TRANSITION EMERGENCY_STOP -> MOVING (intent=MOVE)
05:22:06.065 [AMR-01] STATE_TRANSITION MOVING -> EMERGENCY_STOP (intent=STOP)
05:22:06.065 [AMR-01] SAFETY_STOP min_obstacle_distance=1.08m <= 1.2m
05:22:06.166 [AMR-01] STATE_TRANSITION EMERGENCY_STOP -> MOVING (intent=MOVE)
05:22:06.266 [AMR-01] STATE_TRANSITION MOVING -> EMERGENCY_STOP (intent=STOP)
05:22:06.266 [AMR-01] SAFETY_STOP min_obstacle_distance=1.03m <= 1.2m
05:22:06.366 [AMR-01] STATE_TRANSITION EMERGENCY_STOP -> MOVING (intent=MOVE)
05:22:06.769 [AMR-01] STATE_TRANSITION MOVING -> EMERGENCY_STOP (intent=STOP)
05:22:06.770 [AMR-01] SAFETY_STOP min_obstacle_distance=1.14m <= 1.2m
05:22:06.870 [AMR-01] STATE_TRANSITION EMERGENCY_STOP -> MOVING (intent=MOVE)
05:22:06.971 [AMR-01] STATE_TRANSITION MOVING -> EMERGENCY_STOP (intent=STOP)
05:22:06.971 [AMR-01] SAFETY_STOP min_obstacle_distance=1.08m <= 1.2m
05:22:07.072 [AMR-01] STATE_TRANSITION EMERGENCY_STOP -> MOVING (intent=MOVE)
05:22:07.172 [AMR-01] STATE_TRANSITION MOVING -> EMERGENCY_STOP (intent=STOP)
05:22:07.172 [AMR-01] SAFETY_STOP min_obstacle_distance=1.03m <= 1.2m
05:22:07.272 [AMR-01] STATE_TRANSITION EMERGENCY_STOP -> MOVING (intent=MOVE)
05:22:07.374 [AMR-01] STATE_TRANSITION MOVING -> EMERGENCY_STOP (intent=STOP)
05:22:07.374 [AMR-01] SAFETY_STOP min_obstacle_distance=1.00m <= 1.2m
05:22:07.474 [AMR-01] STATE_TRANSITION EMERGENCY_STOP -> MOVING (intent=MOVE)
05:22:07.776 [AMR-01] STATE_TRANSITION MOVING -> EMERGENCY_STOP (intent=STOP)
05:22:07.776 [AMR-01] SAFETY_STOP min_obstacle_distance=1.14m <= 1.2m
05:22:07.877 [AMR-01] STATE_TRANSITION EMERGENCY_STOP -> MOVING (intent=MOVE)
05:22:07.978 [AMR-01] STATE_TRANSITION MOVING -> EMERGENCY_STOP (intent=STOP)
05:22:07.979 [AMR-01] SAFETY_STOP min_obstacle_distance=1.08m <= 1.2m
05:22:08.079 [AMR-01] STATE_TRANSITION EMERGENCY_STOP -> MOVING (intent=MOVE)
05:22:08.179 [AMR-01] STATE_TRANSITION MOVING -> EMERGENCY_STOP (intent=STOP)
05:22:08.179 [AMR-01] SAFETY_STOP min_obstacle_distance=1.03m <= 1.2m
05:22:08.280 [AMR-01] STATE_TRANSITION EMERGENCY_STOP -> MOVING (intent=MOVE)
05:22:08.381 [AMR-01] STATE_TRANSITION MOVING -> EMERGENCY_STOP (intent=STOP)
05:22:08.381 [AMR-01] SAFETY_STOP min_obstacle_distance=1.00m <= 1.2m
05:22:08.482 [AMR-01] STATE_TRANSITION EMERGENCY_STOP -> MOVING (intent=MOVE)
05:22:08.784 [AMR-01] STATE_TRANSITION MOVING -> EMERGENCY_STOP (intent=STOP)
05:22:08.784 [AMR-01] SAFETY_STOP min_obstacle_distance=1.14m <= 1.2m
05:22:08.885 [AMR-01] STATE_TRANSITION EMERGENCY_STOP -> MOVING (intent=MOVE)
05:22:08.986 [AMR-01] STATE_TRANSITION MOVING -> EMERGENCY_STOP (intent=STOP)
05:22:08.986 [AMR-01] SAFETY_STOP min_obstacle_distance=1.08m <= 1.2m
05:22:09.086 [AMR-01] STATE_TRANSITION EMERGENCY_STOP -> MOVING (intent=MOVE)
05:22:09.186 [AMR-01] STATE_TRANSITION MOVING -> EMERGENCY_STOP (intent=STOP)
05:22:09.187 [AMR-01] SAFETY_STOP min_obstacle_distance=1.03m <= 1.2m
05:22:09.287 [AMR-01] STATE_TRANSITION EMERGENCY_STOP -> MOVING (intent=MOVE)
05:22:09.388 [AMR-01] STATE_TRANSITION MOVING -> EMERGENCY_STOP (intent=STOP)
05:22:09.388 [AMR-01] SAFETY_STOP min_obstacle_distance=1.00m <= 1.2m
05:22:09.489 [AMR-01] STATE_TRANSITION EMERGENCY_STOP -> MOVING (intent=MOVE)
05:22:09.790 [AMR-01] STATE_TRANSITION MOVING -> EMERGENCY_STOP (intent=STOP)
05:22:09.790 [AMR-01] SAFETY_STOP min_obstacle_distance=1.14m <= 1.2m
05:22:09.891 [AMR-01] STATE_TRANSITION EMERGENCY_STOP -> MOVING (intent=MOVE)
05:22:09.991 [AMR-01] STATE_TRANSITION MOVING -> EMERGENCY_STOP (intent=STOP)
05:22:09.991 [AMR-01] SAFETY_STOP min_obstacle_distance=1.08m <= 1.2m
05:22:10.091 [AMR-01] STATE_TRANSITION EMERGENCY_STOP -> MOVING (intent=MOVE)
05:22:10.191 [AMR-01] STATE_TRANSITION MOVING -> EMERGENCY_STOP (intent=STOP)
05:22:10.192 [AMR-01] SAFETY_STOP min_obstacle_distance=1.03m <= 1.2m
05:22:10.293 [AMR-01] STATE_TRANSITION EMERGENCY_STOP -> MOVING (intent=MOVE)
05:22:10.394 [AMR-01] STATE_TRANSITION MOVING -> EMERGENCY_STOP (intent=STOP)
05:22:10.394 [AMR-01] SAFETY_STOP min_obstacle_distance=1.00m <= 1.2m
05:22:10.494 [AMR-01] STATE_TRANSITION EMERGENCY_STOP -> MOVING (intent=MOVE)
05:22:10.795 [AMR-01] STATE_TRANSITION MOVING -> EMERGENCY_STOP (intent=STOP)
05:22:10.795 [AMR-01] SAFETY_STOP min_obstacle_distance=1.14m <= 1.2m
05:22:10.896 [AMR-01] STATE_TRANSITION EMERGENCY_STOP -> MOVING (intent=MOVE)
05:22:10.996 [AMR-01] STATE_TRANSITION MOVING -> EMERGENCY_STOP (intent=STOP)
05:22:10.996 [AMR-01] SAFETY_STOP min_obstacle_distance=1.08m <= 1.2m
05:22:11.096 [AMR-01] STATE_TRANSITION EMERGENCY_STOP -> MOVING (intent=MOVE)
05:22:11.197 [AMR-01] STATE_TRANSITION MOVING -> EMERGENCY_STOP (intent=STOP)
05:22:11.197 [AMR-01] SAFETY_STOP min_obstacle_distance=1.03m <= 1.2m
05:22:11.297 [AMR-01] STATE_TRANSITION EMERGENCY_STOP -> MOVING (intent=MOVE)
05:22:11.398 [AMR-01] STATE_TRANSITION MOVING -> EMERGENCY_STOP (intent=STOP)
05:22:11.398 [AMR-01] SAFETY_STOP min_obstacle_distance=1.00m <= 1.2m
05:22:11.498 [AMR-01] STATE_TRANSITION EMERGENCY_STOP -> MOVING (intent=MOVE)
05:22:11.799 [AMR-01] STATE_TRANSITION MOVING -> EMERGENCY_STOP (intent=STOP)
05:22:11.800 [AMR-01] SAFETY_STOP min_obstacle_distance=1.14m <= 1.2m
05:22:11.901 [AMR-01] STATE_TRANSITION EMERGENCY_STOP -> MOVING (intent=MOVE)
05:22:12.001 [AMR-01] STATE_TRANSITION MOVING -> EMERGENCY_STOP (intent=STOP)
05:22:12.001 [AMR-01] SAFETY_STOP min_obstacle_distance=1.08m <= 1.2m
05:22:12.102 [AMR-01] STATE_TRANSITION EMERGENCY_STOP -> MOVING (intent=MOVE)
05:22:12.202 [AMR-01] STATE_TRANSITION MOVING -> EMERGENCY_STOP (intent=STOP)
05:22:12.202 [AMR-01] SAFETY_STOP min_obstacle_distance=1.03m <= 1.2m
05:22:12.302 [AMR-01] STATE_TRANSITION EMERGENCY_STOP -> MOVING (intent=MOVE)
05:22:12.403 [AMR-01] STATE_TRANSITION MOVING -> EMERGENCY_STOP (intent=STOP)
05:22:12.403 [AMR-01] SAFETY_STOP min_obstacle_distance=1.00m <= 1.2m
05:22:12.506 [AMR-01] STATE_TRANSITION EMERGENCY_STOP -> MOVING (intent=MOVE)
05:22:12.806 [AMR-01] STATE_TRANSITION MOVING -> EMERGENCY_STOP (intent=STOP)
05:22:12.806 [AMR-01] SAFETY_STOP min_obstacle_distance=1.14m <= 1.2m
05:22:12.907 [AMR-01] STATE_TRANSITION EMERGENCY_STOP -> MOVING (intent=MOVE)
05:22:13.007 [AMR-01] STATE_TRANSITION MOVING -> EMERGENCY_STOP (intent=STOP)
05:22:13.007 [AMR-01] SAFETY_STOP min_obstacle_distance=1.08m <= 1.2m
05:22:13.107 [AMR-01] STATE_TRANSITION EMERGENCY_STOP -> MOVING (intent=MOVE)
05:22:13.207 [AMR-01] STATE_TRANSITION MOVING -> EMERGENCY_STOP (intent=STOP)
05:22:13.208 [AMR-01] SAFETY_STOP min_obstacle_distance=1.03m <= 1.2m
05:22:13.308 [AMR-01] STATE_TRANSITION EMERGENCY_STOP -> MOVING (intent=MOVE)
05:22:13.408 [AMR-01] STATE_TRANSITION MOVING -> EMERGENCY_STOP (intent=STOP)
05:22:13.408 [AMR-01] SAFETY_STOP min_obstacle_distance=1.00m <= 1.2m
05:22:13.509 [AMR-01] STATE_TRANSITION EMERGENCY_STOP -> MOVING (intent=MOVE)
05:22:13.812 [AMR-01] STATE_TRANSITION MOVING -> EMERGENCY_STOP (intent=STOP)
05:22:13.813 [AMR-01] SAFETY_STOP min_obstacle_distance=1.14m <= 1.2m
05:22:13.913 [AMR-01] STATE_TRANSITION EMERGENCY_STOP -> MOVING (intent=MOVE)
05:22:14.014 [AMR-01] STATE_TRANSITION MOVING -> EMERGENCY_STOP (intent=STOP)
05:22:14.014 [AMR-01] SAFETY_STOP min_obstacle_distance=1.07m <= 1.2m
05:22:14.115 [AMR-01] STATE_TRANSITION EMERGENCY_STOP -> MOVING (intent=MOVE)
05:22:14.215 [AMR-01] STATE_TRANSITION MOVING -> EMERGENCY_STOP (intent=STOP)
05:22:14.215 [AMR-01] SAFETY_STOP min_obstacle_distance=1.03m <= 1.2m
05:22:14.316 [AMR-01] STATE_TRANSITION EMERGENCY_STOP -> MOVING (intent=MOVE)
05:22:14.416 [AMR-01] STATE_TRANSITION MOVING -> EMERGENCY_STOP (intent=STOP)
05:22:14.417 [AMR-01] SAFETY_STOP min_obstacle_distance=1.00m <= 1.2m
05:22:14.517 [AMR-01] STATE_TRANSITION EMERGENCY_STOP -> MOVING (intent=MOVE)
05:22:14.820 [AMR-01] STATE_TRANSITION MOVING -> EMERGENCY_STOP (intent=STOP)
05:22:14.820 [AMR-01] SAFETY_STOP min_obstacle_distance=1.14m <= 1.2m
05:22:14.920 [AMR-01] STATE_TRANSITION EMERGENCY_STOP -> MOVING (intent=MOVE)
05:22:15.021 [AMR-01] STATE_TRANSITION MOVING -> EMERGENCY_STOP (intent=STOP)
05:22:15.021 [AMR-01] SAFETY_STOP min_obstacle_distance=1.08m <= 1.2m
05:22:15.121 [AMR-01] STATE_TRANSITION EMERGENCY_STOP -> MOVING (intent=MOVE)
05:22:15.222 [AMR-01] STATE_TRANSITION MOVING -> EMERGENCY_STOP (intent=STOP)
05:22:15.222 [AMR-01] SAFETY_STOP min_obstacle_distance=1.03m <= 1.2m
05:22:15.322 [AMR-01] STATE_TRANSITION EMERGENCY_STOP -> MOVING (intent=MOVE)
05:22:15.423 [AMR-01] STATE_TRANSITION MOVING -> EMERGENCY_STOP (intent=STOP)
05:22:15.423 [AMR-01] SAFETY_STOP min_obstacle_distance=1.00m <= 1.2m
05:22:15.524 [AMR-01] STATE_TRANSITION EMERGENCY_STOP -> MOVING (intent=MOVE)
05:22:15.825 [AMR-01] STATE_TRANSITION MOVING -> EMERGENCY_STOP (intent=STOP)
05:22:15.825 [AMR-01] SAFETY_STOP min_obstacle_distance=1.14m <= 1.2m
05:22:15.926 [AMR-01] STATE_TRANSITION EMERGENCY_STOP -> MOVING (intent=MOVE)
05:22:16.027 [AMR-01] STATE_TRANSITION MOVING -> EMERGENCY_STOP (intent=STOP)
05:22:16.027 [AMR-01] SAFETY_STOP min_obstacle_distance=1.08m <= 1.2m
05:22:16.128 [AMR-01] STATE_TRANSITION EMERGENCY_STOP -> MOVING (intent=MOVE)
05:22:16.229 [AMR-01] STATE_TRANSITION MOVING -> EMERGENCY_STOP (intent=STOP)
05:22:16.229 [AMR-01] SAFETY_STOP min_obstacle_distance=1.03m <= 1.2m
05:22:16.329 [AMR-01] STATE_TRANSITION EMERGENCY_STOP -> MOVING (intent=MOVE)
05:22:16.431 [AMR-01] STATE_TRANSITION MOVING -> EMERGENCY_STOP (intent=STOP)
05:22:16.431 [AMR-01] SAFETY_STOP min_obstacle_distance=1.00m <= 1.2m
05:22:16.532 [AMR-01] STATE_TRANSITION EMERGENCY_STOP -> MOVING (intent=MOVE)
05:22:16.833 [AMR-01] STATE_TRANSITION MOVING -> EMERGENCY_STOP (intent=STOP)
05:22:16.833 [AMR-01] SAFETY_STOP min_obstacle_distance=1.14m <= 1.2m
05:22:16.935 [AMR-01] STATE_TRANSITION EMERGENCY_STOP -> MOVING (intent=MOVE)
05:22:17.035 [AMR-01] STATE_TRANSITION MOVING -> EMERGENCY_STOP (intent=STOP)
05:22:17.035 [AMR-01] SAFETY_STOP min_obstacle_distance=1.07m <= 1.2m
05:22:17.136 [AMR-01] STATE_TRANSITION EMERGENCY_STOP -> MOVING (intent=MOVE)
05:22:17.237 [AMR-01] STATE_TRANSITION MOVING -> EMERGENCY_STOP (intent=STOP)
05:22:17.237 [AMR-01] SAFETY_STOP min_obstacle_distance=1.03m <= 1.2m
05:22:17.338 [AMR-01] STATE_TRANSITION EMERGENCY_STOP -> MOVING (intent=MOVE)
05:22:17.439 [AMR-01] STATE_TRANSITION MOVING -> EMERGENCY_STOP (intent=STOP)
05:22:17.439 [AMR-01] SAFETY_STOP min_obstacle_distance=1.00m <= 1.2m
05:22:17.539 [AMR-01] STATE_TRANSITION EMERGENCY_STOP -> MOVING (intent=MOVE)
05:22:17.843 [AMR-01] STATE_TRANSITION MOVING -> EMERGENCY_STOP (intent=STOP)
05:22:17.844 [AMR-01] SAFETY_STOP min_obstacle_distance=1.14m <= 1.2m
05:22:17.945 [AMR-01] STATE_TRANSITION EMERGENCY_STOP -> MOVING (intent=MOVE)
05:22:18.046 [AMR-01] STATE_TRANSITION MOVING -> EMERGENCY_STOP (intent=STOP)
05:22:18.046 [AMR-01] SAFETY_STOP min_obstacle_distance=1.07m <= 1.2m
05:22:18.147 [AMR-01] STATE_TRANSITION EMERGENCY_STOP -> MOVING (intent=MOVE)
05:22:18.248 [AMR-01] STATE_TRANSITION MOVING -> EMERGENCY_STOP (intent=STOP)
05:22:18.249 [AMR-01] SAFETY_STOP min_obstacle_distance=1.03m <= 1.2m
05:22:18.350 [AMR-01] STATE_TRANSITION EMERGENCY_STOP -> MOVING (intent=MOVE)
05:22:18.451 [AMR-01] STATE_TRANSITION MOVING -> EMERGENCY_STOP (intent=STOP)
05:22:18.451 [AMR-01] SAFETY_STOP min_obstacle_distance=1.00m <= 1.2m
05:22:18.552 [AMR-01] STATE_TRANSITION EMERGENCY_STOP -> MOVING (intent=MOVE)
05:22:18.856 [AMR-01] STATE_TRANSITION MOVING -> EMERGENCY_STOP (intent=STOP)
05:22:18.856 [AMR-01] SAFETY_STOP min_obstacle_distance=1.14m <= 1.2m
05:22:18.957 [AMR-01] STATE_TRANSITION EMERGENCY_STOP -> MOVING (intent=MOVE)
05:22:19.058 [AMR-01] STATE_TRANSITION MOVING -> EMERGENCY_STOP (intent=STOP)
05:22:19.058 [AMR-01] SAFETY_STOP min_obstacle_distance=1.07m <= 1.2m
05:22:19.160 [AMR-01] STATE_TRANSITION EMERGENCY_STOP -> MOVING (intent=MOVE)
05:22:19.262 [AMR-01] STATE_TRANSITION MOVING -> EMERGENCY_STOP (intent=STOP)
05:22:19.262 [AMR-01] SAFETY_STOP min_obstacle_distance=1.03m <= 1.2m
05:22:19.363 [AMR-01] STATE_TRANSITION EMERGENCY_STOP -> MOVING (intent=MOVE)
05:22:19.464 [AMR-01] STATE_TRANSITION MOVING -> EMERGENCY_STOP (intent=STOP)
05:22:19.464 [AMR-01] SAFETY_STOP min_obstacle_distance=1.00m <= 1.2m
05:22:19.565 [AMR-01] STATE_TRANSITION EMERGENCY_STOP -> MOVING (intent=MOVE)
05:22:19.868 [AMR-01] STATE_TRANSITION MOVING -> EMERGENCY_STOP (intent=STOP)
05:22:19.868 [AMR-01] SAFETY_STOP min_obstacle_distance=1.14m <= 1.2m
05:22:19.969 [AMR-01] STATE_TRANSITION EMERGENCY_STOP -> MOVING (intent=MOVE)
05:22:20.071 [AMR-01] STATE_TRANSITION MOVING -> EMERGENCY_STOP (intent=STOP)
05:22:20.071 [AMR-01] SAFETY_STOP min_obstacle_distance=1.07m <= 1.2m
05:22:20.171 [AMR-01] STATE_TRANSITION EMERGENCY_STOP -> MOVING (intent=MOVE)
05:22:20.272 [AMR-01] STATE_TRANSITION MOVING -> EMERGENCY_STOP (intent=STOP)
05:22:20.272 [AMR-01] SAFETY_STOP min_obstacle_distance=1.03m <= 1.2m
05:22:20.373 [AMR-01] STATE_TRANSITION EMERGENCY_STOP -> MOVING (intent=MOVE)
05:22:20.778 [AMR-01] STATE_TRANSITION MOVING -> EMERGENCY_STOP (intent=STOP)
05:22:20.778 [AMR-01] SAFETY_STOP min_obstacle_distance=1.14m <= 1.2m
05:22:20.879 [AMR-01] STATE_TRANSITION EMERGENCY_STOP -> MOVING (intent=MOVE)
05:22:20.984 [AMR-01] STATE_TRANSITION MOVING -> EMERGENCY_STOP (intent=STOP)
05:22:20.984 [AMR-01] SAFETY_STOP min_obstacle_distance=1.07m <= 1.2m
05:22:21.084 [AMR-01] STATE_TRANSITION EMERGENCY_STOP -> MOVING (intent=MOVE)
05:22:21.185 [AMR-01] STATE_TRANSITION MOVING -> EMERGENCY_STOP (intent=STOP)
05:22:21.185 [AMR-01] SAFETY_STOP min_obstacle_distance=1.03m <= 1.2m
05:22:21.286 [AMR-01] STATE_TRANSITION EMERGENCY_STOP -> MOVING (intent=MOVE)
05:22:21.387 [AMR-01] STATE_TRANSITION MOVING -> EMERGENCY_STOP (intent=STOP)
05:22:21.387 [AMR-01] SAFETY_STOP min_obstacle_distance=1.00m <= 1.2m
05:22:21.487 [AMR-01] STATE_TRANSITION EMERGENCY_STOP -> MOVING (intent=MOVE)
05:22:21.588 [AMR-01] STATE_TRANSITION MOVING -> EMERGENCY_STOP (intent=STOP)
05:22:21.588 [AMR-01] SAFETY_STOP min_obstacle_distance=1.01m <= 1.2m
05:22:21.689 [AMR-01] STATE_TRANSITION EMERGENCY_STOP -> MOVING (intent=MOVE)
05:22:21.789 [AMR-01] STATE_TRANSITION MOVING -> EMERGENCY_STOP (intent=STOP)
05:22:21.789 [AMR-01] SAFETY_STOP min_obstacle_distance=1.04m <= 1.2m
05:22:21.890 [AMR-01] STATE_TRANSITION EMERGENCY_STOP -> MOVING (intent=MOVE)
05:22:21.991 [AMR-01] STATE_TRANSITION MOVING -> EMERGENCY_STOP (intent=STOP)
05:22:21.991 [AMR-01] SAFETY_STOP min_obstacle_distance=1.10m <= 1.2m
05:22:22.092 [AMR-01] STATE_TRANSITION EMERGENCY_STOP -> MOVING (intent=MOVE)
05:22:22.192 [AMR-01] STATE_TRANSITION MOVING -> EMERGENCY_STOP (intent=STOP)
05:22:22.192 [AMR-01] SAFETY_STOP min_obstacle_distance=1.08m <= 1.2m
05:22:22.292 [AMR-01] STATE_TRANSITION EMERGENCY_STOP -> MOVING (intent=MOVE)
05:22:22.393 [AMR-01] STATE_TRANSITION MOVING -> EMERGENCY_STOP (intent=STOP)
05:22:22.394 [AMR-01] SAFETY_STOP min_obstacle_distance=1.03m <= 1.2m
05:22:22.493 [AMR-01] STATE_TRANSITION EMERGENCY_STOP -> MOVING (intent=MOVE)
05:22:22.594 [AMR-01] STATE_TRANSITION MOVING -> EMERGENCY_STOP (intent=STOP)
05:22:22.595 [AMR-01] SAFETY_STOP min_obstacle_distance=1.01m <= 1.2m
05:22:22.695 [AMR-01] STATE_TRANSITION EMERGENCY_STOP -> MOVING (intent=MOVE)
05:22:22.796 [AMR-01] STATE_TRANSITION MOVING -> EMERGENCY_STOP (intent=STOP)
05:22:22.797 [AMR-01] SAFETY_STOP min_obstacle_distance=1.04m <= 1.2m
05:22:22.897 [AMR-01] STATE_TRANSITION EMERGENCY_STOP -> MOVING (intent=MOVE)
05:22:22.997 [AMR-01] STATE_TRANSITION MOVING -> EMERGENCY_STOP (intent=STOP)
05:22:22.997 [AMR-01] SAFETY_STOP min_obstacle_distance=1.10m <= 1.2m
05:22:23.098 [AMR-01] STATE_TRANSITION EMERGENCY_STOP -> MOVING (intent=MOVE)
05:22:23.198 [AMR-01] STATE_TRANSITION MOVING -> EMERGENCY_STOP (intent=STOP)
05:22:23.198 [AMR-01] SAFETY_STOP min_obstacle_distance=1.08m <= 1.2m
05:22:23.298 [AMR-01] STATE_TRANSITION EMERGENCY_STOP -> MOVING (intent=MOVE)
05:22:23.399 [AMR-01] STATE_TRANSITION MOVING -> EMERGENCY_STOP (intent=STOP)
05:22:23.399 [AMR-01] SAFETY_STOP min_obstacle_distance=1.03m <= 1.2m
05:22:23.499 [AMR-01] STATE_TRANSITION EMERGENCY_STOP -> MOVING (intent=MOVE)
05:22:23.600 [AMR-01] STATE_TRANSITION MOVING -> EMERGENCY_STOP (intent=STOP)
05:22:23.600 [AMR-01] SAFETY_STOP min_obstacle_distance=1.01m <= 1.2m
05:22:23.701 [AMR-01] STATE_TRANSITION EMERGENCY_STOP -> MOVING (intent=MOVE)
05:22:23.802 [AMR-01] STATE_TRANSITION MOVING -> EMERGENCY_STOP (intent=STOP)
05:22:23.802 [AMR-01] SAFETY_STOP min_obstacle_distance=1.04m <= 1.2m
05:22:23.902 [AMR-01] STATE_TRANSITION EMERGENCY_STOP -> MOVING (intent=MOVE)
05:22:24.002 [AMR-01] STATE_TRANSITION MOVING -> EMERGENCY_STOP (intent=STOP)
05:22:24.002 [AMR-01] SAFETY_STOP min_obstacle_distance=1.10m <= 1.2m
05:22:24.103 [AMR-01] STATE_TRANSITION EMERGENCY_STOP -> MOVING (intent=MOVE)
05:22:24.204 [AMR-01] STATE_TRANSITION MOVING -> EMERGENCY_STOP (intent=STOP)
05:22:24.204 [AMR-01] SAFETY_STOP min_obstacle_distance=1.08m <= 1.2m
05:22:24.305 [AMR-01] STATE_TRANSITION EMERGENCY_STOP -> MOVING (intent=MOVE)
05:22:24.406 [AMR-01] STATE_TRANSITION MOVING -> EMERGENCY_STOP (intent=STOP)
05:22:24.406 [AMR-01] SAFETY_STOP min_obstacle_distance=1.03m <= 1.2m
05:22:24.506 [AMR-01] STATE_TRANSITION EMERGENCY_STOP -> MOVING (intent=MOVE)
05:22:24.607 [AMR-01] STATE_TRANSITION MOVING -> EMERGENCY_STOP (intent=STOP)
05:22:24.607 [AMR-01] SAFETY_STOP min_obstacle_distance=1.01m <= 1.2m
05:22:24.709 [AMR-01] STATE_TRANSITION EMERGENCY_STOP -> MOVING (intent=MOVE)
05:22:24.809 [AMR-01] STATE_TRANSITION MOVING -> EMERGENCY_STOP (intent=STOP)
05:22:24.809 [AMR-01] SAFETY_STOP min_obstacle_distance=1.04m <= 1.2m
05:22:24.909 [AMR-01] STATE_TRANSITION EMERGENCY_STOP -> MOVING (intent=MOVE)
05:22:25.009 [AMR-01] STATE_TRANSITION MOVING -> EMERGENCY_STOP (intent=STOP)
05:22:25.010 [AMR-01] SAFETY_STOP min_obstacle_distance=1.10m <= 1.2m
05:22:25.110 [AMR-01] STATE_TRANSITION EMERGENCY_STOP -> MOVING (intent=MOVE)
05:22:25.210 [AMR-01] STATE_TRANSITION MOVING -> EMERGENCY_STOP (intent=STOP)
05:22:25.210 [AMR-01] SAFETY_STOP min_obstacle_distance=1.08m <= 1.2m
05:22:25.311 [AMR-01] STATE_TRANSITION EMERGENCY_STOP -> MOVING (intent=MOVE)
05:22:25.411 [AMR-01] STATE_TRANSITION MOVING -> EMERGENCY_STOP (intent=STOP)
05:22:25.411 [AMR-01] SAFETY_STOP min_obstacle_distance=1.03m <= 1.2m
05:22:25.511 [AMR-01] STATE_TRANSITION EMERGENCY_STOP -> MOVING (intent=MOVE)
05:22:25.612 [AMR-01] STATE_TRANSITION MOVING -> EMERGENCY_STOP (intent=STOP)
05:22:25.613 [AMR-01] SAFETY_STOP min_obstacle_distance=1.01m <= 1.2m
05:22:25.713 [AMR-01] STATE_TRANSITION EMERGENCY_STOP -> MOVING (intent=MOVE)
05:22:25.813 [AMR-01] STATE_TRANSITION MOVING -> EMERGENCY_STOP (intent=STOP)
05:22:25.813 [AMR-01] SAFETY_STOP min_obstacle_distance=1.04m <= 1.2m
05:22:25.914 [AMR-01] STATE_TRANSITION EMERGENCY_STOP -> MOVING (intent=MOVE)
05:22:26.014 [AMR-01] STATE_TRANSITION MOVING -> EMERGENCY_STOP (intent=STOP)
05:22:26.014 [AMR-01] SAFETY_STOP min_obstacle_distance=1.10m <= 1.2m
05:22:26.115 [AMR-01] STATE_TRANSITION EMERGENCY_STOP -> MOVING (intent=MOVE)
05:22:26.215 [AMR-01] STATE_TRANSITION MOVING -> EMERGENCY_STOP (intent=STOP)
05:22:26.215 [AMR-01] SAFETY_STOP min_obstacle_distance=1.08m <= 1.2m
05:22:26.316 [AMR-01] STATE_TRANSITION EMERGENCY_STOP -> MOVING (intent=MOVE)
05:22:26.418 [AMR-01] STATE_TRANSITION MOVING -> EMERGENCY_STOP (intent=STOP)
05:22:26.418 [AMR-01] SAFETY_STOP min_obstacle_distance=1.03m <= 1.2m
05:22:26.518 [AMR-01] STATE_TRANSITION EMERGENCY_STOP -> MOVING (intent=MOVE)
05:22:26.619 [AMR-01] STATE_TRANSITION MOVING -> EMERGENCY_STOP (intent=STOP)
05:22:26.619 [AMR-01] SAFETY_STOP min_obstacle_distance=1.01m <= 1.2m
05:22:26.720 [AMR-01] STATE_TRANSITION EMERGENCY_STOP -> MOVING (intent=MOVE)
05:22:26.820 [AMR-01] STATE_TRANSITION MOVING -> EMERGENCY_STOP (intent=STOP)
05:22:26.820 [AMR-01] SAFETY_STOP min_obstacle_distance=1.04m <= 1.2m
05:22:26.921 [AMR-01] STATE_TRANSITION EMERGENCY_STOP -> MOVING (intent=MOVE)
05:22:27.021 [AMR-01] STATE_TRANSITION MOVING -> EMERGENCY_STOP (intent=STOP)
05:22:27.021 [AMR-01] SAFETY_STOP min_obstacle_distance=1.10m <= 1.2m
05:22:27.123 [AMR-01] STATE_TRANSITION EMERGENCY_STOP -> MOVING (intent=MOVE)
05:22:27.223 [AMR-01] STATE_TRANSITION MOVING -> EMERGENCY_STOP (intent=STOP)
05:22:27.223 [AMR-01] SAFETY_STOP min_obstacle_distance=1.08m <= 1.2m
05:22:27.323 [AMR-01] STATE_TRANSITION EMERGENCY_STOP -> MOVING (intent=MOVE)
05:22:27.423 [AMR-01] STATE_TRANSITION MOVING -> EMERGENCY_STOP (intent=STOP)
05:22:27.423 [AMR-01] SAFETY_STOP min_obstacle_distance=1.03m <= 1.2m
05:22:27.524 [AMR-01] STATE_TRANSITION EMERGENCY_STOP -> MOVING (intent=MOVE)
05:22:27.624 [AMR-01] STATE_TRANSITION MOVING -> EMERGENCY_STOP (intent=STOP)
05:22:27.624 [AMR-01] SAFETY_STOP min_obstacle_distance=1.01m <= 1.2m
05:22:27.725 [AMR-01] STATE_TRANSITION EMERGENCY_STOP -> MOVING (intent=MOVE)
05:22:27.826 [AMR-01] STATE_TRANSITION MOVING -> EMERGENCY_STOP (intent=STOP)
05:22:27.826 [AMR-01] SAFETY_STOP min_obstacle_distance=1.04m <= 1.2m
05:22:27.926 [AMR-01] STATE_TRANSITION EMERGENCY_STOP -> MOVING (intent=MOVE)
05:22:28.027 [AMR-01] STATE_TRANSITION MOVING -> EMERGENCY_STOP (intent=STOP)
05:22:28.027 [AMR-01] SAFETY_STOP min_obstacle_distance=1.10m <= 1.2m
05:22:28.128 [AMR-01] STATE_TRANSITION EMERGENCY_STOP -> MOVING (intent=MOVE)
05:22:28.229 [AMR-01] STATE_TRANSITION MOVING -> EMERGENCY_STOP (intent=STOP)
05:22:28.229 [AMR-01] SAFETY_STOP min_obstacle_distance=1.08m <= 1.2m
05:22:28.330 [AMR-01] STATE_TRANSITION EMERGENCY_STOP -> MOVING (intent=MOVE)
05:22:28.431 [AMR-01] STATE_TRANSITION MOVING -> EMERGENCY_STOP (intent=STOP)
05:22:28.431 [AMR-01] SAFETY_STOP min_obstacle_distance=1.03m <= 1.2m
05:22:28.532 [AMR-01] STATE_TRANSITION EMERGENCY_STOP -> MOVING (intent=MOVE)
05:22:28.633 [AMR-01] STATE_TRANSITION MOVING -> EMERGENCY_STOP (intent=STOP)
05:22:28.633 [AMR-01] SAFETY_STOP min_obstacle_distance=1.01m <= 1.2m
05:22:28.734 [AMR-01] STATE_TRANSITION EMERGENCY_STOP -> MOVING (intent=MOVE)
05:22:28.835 [AMR-01] STATE_TRANSITION MOVING -> EMERGENCY_STOP (intent=STOP)
05:22:28.835 [AMR-01] SAFETY_STOP min_obstacle_distance=1.04m <= 1.2m
05:22:28.935 [AMR-01] STATE_TRANSITION EMERGENCY_STOP -> MOVING (intent=MOVE)
05:22:29.036 [AMR-01] STATE_TRANSITION MOVING -> EMERGENCY_STOP (intent=STOP)
05:22:29.036 [AMR-01] SAFETY_STOP min_obstacle_distance=1.10m <= 1.2m
05:22:29.137 [AMR-01] STATE_TRANSITION EMERGENCY_STOP -> MOVING (intent=MOVE)
05:22:29.237 [AMR-01] STATE_TRANSITION MOVING -> EMERGENCY_STOP (intent=STOP)
05:22:29.237 [AMR-01] SAFETY_STOP min_obstacle_distance=1.08m <= 1.2m
05:22:29.337 [AMR-01] STATE_TRANSITION EMERGENCY_STOP -> MOVING (intent=MOVE)
05:22:29.438 [AMR-01] STATE_TRANSITION MOVING -> EMERGENCY_STOP (intent=STOP)
05:22:29.438 [AMR-01] SAFETY_STOP min_obstacle_distance=1.03m <= 1.2m
05:22:29.538 [AMR-01] STATE_TRANSITION EMERGENCY_STOP -> MOVING (intent=MOVE)
05:22:29.639 [AMR-01] STATE_TRANSITION MOVING -> EMERGENCY_STOP (intent=STOP)
05:22:29.639 [AMR-01] SAFETY_STOP min_obstacle_distance=1.01m <= 1.2m
05:22:29.740 [AMR-01] STATE_TRANSITION EMERGENCY_STOP -> MOVING (intent=MOVE)
05:22:29.841 [AMR-01] STATE_TRANSITION MOVING -> EMERGENCY_STOP (intent=STOP)
05:22:29.841 [AMR-01] SAFETY_STOP min_obstacle_distance=1.04m <= 1.2m
05:22:29.942 [AMR-01] STATE_TRANSITION EMERGENCY_STOP -> MOVING (intent=MOVE)
05:22:30.042 [AMR-01] STATE_TRANSITION MOVING -> EMERGENCY_STOP (intent=STOP)
05:22:30.042 [AMR-01] SAFETY_STOP min_obstacle_distance=1.10m <= 1.2m
05:22:30.143 [AMR-01] STATE_TRANSITION EMERGENCY_STOP -> MOVING (intent=MOVE)
05:22:30.244 [AMR-01] STATE_TRANSITION MOVING -> EMERGENCY_STOP (intent=STOP)
05:22:30.244 [AMR-01] SAFETY_STOP min_obstacle_distance=1.08m <= 1.2m
05:22:30.345 [AMR-01] STATE_TRANSITION EMERGENCY_STOP -> MOVING (intent=MOVE)
05:22:30.445 [AMR-01] STATE_TRANSITION MOVING -> EMERGENCY_STOP (intent=STOP)
05:22:30.445 [AMR-01] SAFETY_STOP min_obstacle_distance=1.03m <= 1.2m
05:22:30.546 [AMR-01] STATE_TRANSITION EMERGENCY_STOP -> MOVING (intent=MOVE)
05:22:30.647 [AMR-01] STATE_TRANSITION MOVING -> EMERGENCY_STOP (intent=STOP)
05:22:30.647 [AMR-01] SAFETY_STOP min_obstacle_distance=1.01m <= 1.2m
05:22:30.748 [AMR-01] STATE_TRANSITION EMERGENCY_STOP -> MOVING (intent=MOVE)
05:22:30.848 [AMR-01] STATE_TRANSITION MOVING -> EMERGENCY_STOP (intent=STOP)
05:22:30.848 [AMR-01] SAFETY_STOP min_obstacle_distance=1.04m <= 1.2m
05:22:30.949 [AMR-01] STATE_TRANSITION EMERGENCY_STOP -> MOVING (intent=MOVE)
05:22:31.049 [AMR-01] STATE_TRANSITION MOVING -> EMERGENCY_STOP (intent=STOP)
05:22:31.049 [AMR-01] SAFETY_STOP min_obstacle_distance=1.10m <= 1.2m
05:22:31.150 [AMR-01] STATE_TRANSITION EMERGENCY_STOP -> MOVING (intent=MOVE)
05:22:31.250 [AMR-01] STATE_TRANSITION MOVING -> EMERGENCY_STOP (intent=STOP)
05:22:31.250 [AMR-01] SAFETY_STOP min_obstacle_distance=1.08m <= 1.2m
05:22:31.351 [AMR-01] STATE_TRANSITION EMERGENCY_STOP -> MOVING (intent=MOVE)
05:22:31.451 [AMR-01] STATE_TRANSITION MOVING -> EMERGENCY_STOP (intent=STOP)
05:22:31.451 [AMR-01] SAFETY_STOP min_obstacle_distance=1.03m <= 1.2m
05:22:31.552 [AMR-01] STATE_TRANSITION EMERGENCY_STOP -> MOVING (intent=MOVE)
05:22:31.654 [AMR-01] STATE_TRANSITION MOVING -> EMERGENCY_STOP (intent=STOP)
05:22:31.654 [AMR-01] SAFETY_STOP min_obstacle_distance=1.01m <= 1.2m
05:22:31.754 [AMR-01] STATE_TRANSITION EMERGENCY_STOP -> MOVING (intent=MOVE)
05:22:31.855 [AMR-01] STATE_TRANSITION MOVING -> EMERGENCY_STOP (intent=STOP)
05:22:31.855 [AMR-01] SAFETY_STOP min_obstacle_distance=1.04m <= 1.2m
05:22:31.955 [AMR-01] STATE_TRANSITION EMERGENCY_STOP -> MOVING (intent=MOVE)
05:22:32.055 [AMR-01] STATE_TRANSITION MOVING -> EMERGENCY_STOP (intent=STOP)
05:22:32.055 [AMR-01] SAFETY_STOP min_obstacle_distance=1.10m <= 1.2m
05:22:32.156 [AMR-01] STATE_TRANSITION EMERGENCY_STOP -> MOVING (intent=MOVE)
05:22:32.256 [AMR-01] STATE_TRANSITION MOVING -> EMERGENCY_STOP (intent=STOP)
05:22:32.256 [AMR-01] SAFETY_STOP min_obstacle_distance=1.08m <= 1.2m
05:22:32.357 [AMR-01] STATE_TRANSITION EMERGENCY_STOP -> MOVING (intent=MOVE)
05:22:32.457 [AMR-01] STATE_TRANSITION MOVING -> EMERGENCY_STOP (intent=STOP)
05:22:32.457 [AMR-01] SAFETY_STOP min_obstacle_distance=1.03m <= 1.2m
05:22:32.558 [AMR-01] STATE_TRANSITION EMERGENCY_STOP -> MOVING (intent=MOVE)
05:22:32.658 [AMR-01] STATE_TRANSITION MOVING -> EMERGENCY_STOP (intent=STOP)
05:22:32.658 [AMR-01] SAFETY_STOP min_obstacle_distance=1.01m <= 1.2m
05:22:32.759 [AMR-01] STATE_TRANSITION EMERGENCY_STOP -> MOVING (intent=MOVE)
05:22:32.859 [AMR-01] STATE_TRANSITION MOVING -> EMERGENCY_STOP (intent=STOP)
05:22:32.860 [AMR-01] SAFETY_STOP min_obstacle_distance=1.04m <= 1.2m
05:22:32.960 [AMR-01] STATE_TRANSITION EMERGENCY_STOP -> MOVING (intent=MOVE)
05:22:33.061 [AMR-01] STATE_TRANSITION MOVING -> EMERGENCY_STOP (intent=STOP)
05:22:33.061 [AMR-01] SAFETY_STOP min_obstacle_distance=1.10m <= 1.2m
05:22:33.162 [AMR-01] STATE_TRANSITION EMERGENCY_STOP -> MOVING (intent=MOVE)
05:22:33.262 [AMR-01] STATE_TRANSITION MOVING -> EMERGENCY_STOP (intent=STOP)
05:22:33.263 [AMR-01] SAFETY_STOP min_obstacle_distance=1.08m <= 1.2m
05:22:33.363 [AMR-01] STATE_TRANSITION EMERGENCY_STOP -> MOVING (intent=MOVE)
05:22:33.464 [AMR-01] STATE_TRANSITION MOVING -> EMERGENCY_STOP (intent=STOP)
05:22:33.464 [AMR-01] SAFETY_STOP min_obstacle_distance=1.03m <= 1.2m
05:22:33.564 [AMR-01] STATE_TRANSITION EMERGENCY_STOP -> MOVING (intent=MOVE)
05:22:33.665 [AMR-01] STATE_TRANSITION MOVING -> EMERGENCY_STOP (intent=STOP)
05:22:33.665 [AMR-01] SAFETY_STOP min_obstacle_distance=1.01m <= 1.2m
05:22:33.765 [AMR-01] STATE_TRANSITION EMERGENCY_STOP -> MOVING (intent=MOVE)
05:22:33.866 [AMR-01] STATE_TRANSITION MOVING -> EMERGENCY_STOP (intent=STOP)
05:22:33.866 [AMR-01] SAFETY_STOP min_obstacle_distance=1.04m <= 1.2m
05:22:33.966 [AMR-01] STATE_TRANSITION EMERGENCY_STOP -> MOVING (intent=MOVE)
05:22:34.067 [AMR-01] STATE_TRANSITION MOVING -> EMERGENCY_STOP (intent=STOP)
05:22:34.067 [AMR-01] SAFETY_STOP min_obstacle_distance=1.10m <= 1.2m
05:22:34.169 [AMR-01] STATE_TRANSITION EMERGENCY_STOP -> MOVING (intent=MOVE)
05:22:34.269 [AMR-01] STATE_TRANSITION MOVING -> EMERGENCY_STOP (intent=STOP)
05:22:34.269 [AMR-01] SAFETY_STOP min_obstacle_distance=1.08m <= 1.2m
05:22:34.369 [AMR-01] STATE_TRANSITION EMERGENCY_STOP -> MOVING (intent=MOVE)
05:22:34.470 [AMR-01] STATE_TRANSITION MOVING -> EMERGENCY_STOP (intent=STOP)
05:22:34.470 [AMR-01] SAFETY_STOP min_obstacle_distance=1.00m <= 1.2m
05:22:34.570 [AMR-01] STATE_TRANSITION EMERGENCY_STOP -> MOVING (intent=MOVE)
05:22:34.671 [AMR-01] STATE_TRANSITION MOVING -> EMERGENCY_STOP (intent=STOP)
05:22:34.671 [AMR-01] SAFETY_STOP min_obstacle_distance=1.01m <= 1.2m
05:22:34.771 [AMR-01] STATE_TRANSITION EMERGENCY_STOP -> MOVING (intent=MOVE)
05:22:34.873 [AMR-01] STATE_TRANSITION MOVING -> EMERGENCY_STOP (intent=STOP)
05:22:34.873 [AMR-01] SAFETY_STOP min_obstacle_distance=1.04m <= 1.2m
05:22:34.973 [AMR-01] STATE_TRANSITION EMERGENCY_STOP -> MOVING (intent=MOVE)
05:22:35.075 [AMR-01] STATE_TRANSITION MOVING -> EMERGENCY_STOP (intent=STOP)
05:22:35.075 [AMR-01] SAFETY_STOP min_obstacle_distance=1.10m <= 1.2m
05:22:35.175 [AMR-01] STATE_TRANSITION EMERGENCY_STOP -> MOVING (intent=MOVE)
05:22:35.276 [AMR-01] STATE_TRANSITION MOVING -> EMERGENCY_STOP (intent=STOP)
05:22:35.276 [AMR-01] SAFETY_STOP min_obstacle_distance=1.08m <= 1.2m
05:22:35.376 [AMR-01] STATE_TRANSITION EMERGENCY_STOP -> MOVING (intent=MOVE)
05:22:35.476 [AMR-01] STATE_TRANSITION MOVING -> EMERGENCY_STOP (intent=STOP)
05:22:35.476 [AMR-01] SAFETY_STOP min_obstacle_distance=1.00m <= 1.2m
05:22:35.579 [AMR-01] STATE_TRANSITION EMERGENCY_STOP -> MOVING (intent=MOVE)
05:22:35.679 [AMR-01] STATE_TRANSITION MOVING -> EMERGENCY_STOP (intent=STOP)
05:22:35.679 [AMR-01] SAFETY_STOP min_obstacle_distance=1.01m <= 1.2m
05:22:35.779 [AMR-01] STATE_TRANSITION EMERGENCY_STOP -> MOVING (intent=MOVE)
05:22:35.880 [AMR-01] STATE_TRANSITION MOVING -> EMERGENCY_STOP (intent=STOP)
05:22:35.880 [AMR-01] SAFETY_STOP min_obstacle_distance=1.04m <= 1.2m
05:22:35.980 [AMR-01] STATE_TRANSITION EMERGENCY_STOP -> MOVING (intent=MOVE)
05:22:36.081 [AMR-01] STATE_TRANSITION MOVING -> EMERGENCY_STOP (intent=STOP)
05:22:36.081 [AMR-01] SAFETY_STOP min_obstacle_distance=1.10m <= 1.2m
05:22:36.181 [AMR-01] STATE_TRANSITION EMERGENCY_STOP -> MOVING (intent=MOVE)
05:22:36.282 [AMR-01] STATE_TRANSITION MOVING -> EMERGENCY_STOP (intent=STOP)
05:22:36.282 [AMR-01] SAFETY_STOP min_obstacle_distance=1.08m <= 1.2m
05:22:36.383 [AMR-01] STATE_TRANSITION EMERGENCY_STOP -> MOVING (intent=MOVE)
05:22:36.484 [AMR-01] STATE_TRANSITION MOVING -> EMERGENCY_STOP (intent=STOP)
05:22:36.484 [AMR-01] SAFETY_STOP min_obstacle_distance=1.00m <= 1.2m
05:22:36.585 [AMR-01] STATE_TRANSITION EMERGENCY_STOP -> MOVING (intent=MOVE)
05:22:36.685 [AMR-01] STATE_TRANSITION MOVING -> EMERGENCY_STOP (intent=STOP)
05:22:36.685 [AMR-01] SAFETY_STOP min_obstacle_distance=1.01m <= 1.2m
05:22:36.786 [AMR-01] STATE_TRANSITION EMERGENCY_STOP -> MOVING (intent=MOVE)
05:22:36.886 [AMR-01] STATE_TRANSITION MOVING -> EMERGENCY_STOP (intent=STOP)
05:22:36.886 [AMR-01] SAFETY_STOP min_obstacle_distance=1.04m <= 1.2m
05:22:36.987 [AMR-01] STATE_TRANSITION EMERGENCY_STOP -> MOVING (intent=MOVE)
05:22:37.087 [AMR-01] STATE_TRANSITION MOVING -> EMERGENCY_STOP (intent=STOP)
05:22:37.087 [AMR-01] SAFETY_STOP min_obstacle_distance=1.10m <= 1.2m
05:22:37.187 [AMR-01] STATE_TRANSITION EMERGENCY_STOP -> MOVING (intent=MOVE)
05:22:37.288 [AMR-01] STATE_TRANSITION MOVING -> EMERGENCY_STOP (intent=STOP)
05:22:37.288 [AMR-01] SAFETY_STOP min_obstacle_distance=1.08m <= 1.2m
05:22:37.389 [AMR-01] STATE_TRANSITION EMERGENCY_STOP -> MOVING (intent=MOVE)
05:22:37.490 [AMR-01] STATE_TRANSITION MOVING -> EMERGENCY_STOP (intent=STOP)
05:22:37.490 [AMR-01] SAFETY_STOP min_obstacle_distance=1.00m <= 1.2m
05:22:37.591 [AMR-01] STATE_TRANSITION EMERGENCY_STOP -> MOVING (intent=MOVE)
05:22:37.692 [AMR-01] STATE_TRANSITION MOVING -> EMERGENCY_STOP (intent=STOP)
05:22:37.692 [AMR-01] SAFETY_STOP min_obstacle_distance=1.01m <= 1.2m
05:22:37.793 [AMR-01] STATE_TRANSITION EMERGENCY_STOP -> MOVING (intent=MOVE)
05:22:37.893 [AMR-01] STATE_TRANSITION MOVING -> EMERGENCY_STOP (intent=STOP)
05:22:37.893 [AMR-01] SAFETY_STOP min_obstacle_distance=1.04m <= 1.2m
05:22:37.995 [AMR-01] STATE_TRANSITION EMERGENCY_STOP -> MOVING (intent=MOVE)
05:22:38.095 [AMR-01] STATE_TRANSITION MOVING -> EMERGENCY_STOP (intent=STOP)
05:22:38.095 [AMR-01] SAFETY_STOP min_obstacle_distance=1.10m <= 1.2m
05:22:38.196 [AMR-01] STATE_TRANSITION EMERGENCY_STOP -> MOVING (intent=MOVE)
05:22:38.297 [AMR-01] STATE_TRANSITION MOVING -> EMERGENCY_STOP (intent=STOP)
05:22:38.297 [AMR-01] SAFETY_STOP min_obstacle_distance=1.07m <= 1.2m
05:22:38.398 [AMR-01] STATE_TRANSITION EMERGENCY_STOP -> MOVING (intent=MOVE)
05:22:38.498 [AMR-01] STATE_TRANSITION MOVING -> EMERGENCY_STOP (intent=STOP)
05:22:38.499 [AMR-01] SAFETY_STOP min_obstacle_distance=1.00m <= 1.2m
05:22:38.599 [AMR-01] STATE_TRANSITION EMERGENCY_STOP -> MOVING (intent=MOVE)
05:22:38.700 [AMR-01] STATE_TRANSITION MOVING -> EMERGENCY_STOP (intent=STOP)
05:22:38.700 [AMR-01] SAFETY_STOP min_obstacle_distance=1.01m <= 1.2m
05:22:38.801 [AMR-01] STATE_TRANSITION EMERGENCY_STOP -> MOVING (intent=MOVE)
05:22:38.902 [AMR-01] STATE_TRANSITION MOVING -> EMERGENCY_STOP (intent=STOP)
05:22:38.902 [AMR-01] SAFETY_STOP min_obstacle_distance=1.04m <= 1.2m
05:22:39.002 [AMR-01] STATE_TRANSITION EMERGENCY_STOP -> MOVING (intent=MOVE)
05:22:39.105 [AMR-01] STATE_TRANSITION MOVING -> EMERGENCY_STOP (intent=STOP)
05:22:39.105 [AMR-01] SAFETY_STOP min_obstacle_distance=1.10m <= 1.2m
05:22:39.204 [AMR-01] STATE_TRANSITION EMERGENCY_STOP -> MOVING (intent=MOVE)
05:22:39.306 [AMR-01] STATE_TRANSITION MOVING -> EMERGENCY_STOP (intent=STOP)
05:22:39.306 [AMR-01] SAFETY_STOP min_obstacle_distance=1.08m <= 1.2m
05:22:39.407 [AMR-01] STATE_TRANSITION EMERGENCY_STOP -> MOVING (intent=MOVE)
05:22:39.507 [AMR-01] STATE_TRANSITION MOVING -> EMERGENCY_STOP (intent=STOP)
05:22:39.507 [AMR-01] SAFETY_STOP min_obstacle_distance=1.00m <= 1.2m
05:22:39.608 [AMR-01] STATE_TRANSITION EMERGENCY_STOP -> MOVING (intent=MOVE)
05:22:39.709 [AMR-01] STATE_TRANSITION MOVING -> EMERGENCY_STOP (intent=STOP)
05:22:39.709 [AMR-01] SAFETY_STOP min_obstacle_distance=1.01m <= 1.2m
05:22:39.809 [AMR-01] STATE_TRANSITION EMERGENCY_STOP -> MOVING (intent=MOVE)
05:22:39.910 [AMR-01] STATE_TRANSITION MOVING -> EMERGENCY_STOP (intent=STOP)
05:22:39.910 [AMR-01] SAFETY_STOP min_obstacle_distance=1.04m <= 1.2m
05:22:40.011 [AMR-01] STATE_TRANSITION EMERGENCY_STOP -> MOVING (intent=MOVE)
05:22:40.112 [AMR-01] STATE_TRANSITION MOVING -> EMERGENCY_STOP (intent=STOP)
05:22:40.112 [AMR-01] SAFETY_STOP min_obstacle_distance=1.10m <= 1.2m
05:22:40.212 [AMR-01] STATE_TRANSITION EMERGENCY_STOP -> MOVING (intent=MOVE)
05:22:40.313 [AMR-01] STATE_TRANSITION MOVING -> EMERGENCY_STOP (intent=STOP)
05:22:40.313 [AMR-01] SAFETY_STOP min_obstacle_distance=1.08m <= 1.2m
05:22:40.413 [AMR-01] STATE_TRANSITION EMERGENCY_STOP -> MOVING (intent=MOVE)
05:22:40.514 [AMR-01] STATE_TRANSITION MOVING -> EMERGENCY_STOP (intent=STOP)
05:22:40.514 [AMR-01] SAFETY_STOP min_obstacle_distance=1.00m <= 1.2m
05:22:40.615 [AMR-01] STATE_TRANSITION EMERGENCY_STOP -> MOVING (intent=MOVE)
05:22:40.715 [AMR-01] STATE_TRANSITION MOVING -> EMERGENCY_STOP (intent=STOP)
05:22:40.715 [AMR-01] SAFETY_STOP min_obstacle_distance=1.01m <= 1.2m
05:22:40.815 [AMR-01] STATE_TRANSITION EMERGENCY_STOP -> MOVING (intent=MOVE)
05:22:40.916 [AMR-01] STATE_TRANSITION MOVING -> EMERGENCY_STOP (intent=STOP)
05:22:40.916 [AMR-01] SAFETY_STOP min_obstacle_distance=1.04m <= 1.2m
05:22:41.017 [AMR-01] STATE_TRANSITION EMERGENCY_STOP -> MOVING (intent=MOVE)
05:22:41.117 [AMR-01] STATE_TRANSITION MOVING -> EMERGENCY_STOP (intent=STOP)
05:22:41.117 [AMR-01] SAFETY_STOP min_obstacle_distance=1.10m <= 1.2m
05:22:41.218 [AMR-01] STATE_TRANSITION EMERGENCY_STOP -> MOVING (intent=MOVE)
05:22:41.318 [AMR-01] STATE_TRANSITION MOVING -> EMERGENCY_STOP (intent=STOP)
05:22:41.318 [AMR-01] SAFETY_STOP min_obstacle_distance=1.08m <= 1.2m
05:22:41.421 [AMR-01] STATE_TRANSITION EMERGENCY_STOP -> MOVING (intent=MOVE)
05:22:41.521 [AMR-01] STATE_TRANSITION MOVING -> EMERGENCY_STOP (intent=STOP)
05:22:41.522 [AMR-01] SAFETY_STOP min_obstacle_distance=1.00m <= 1.2m
05:22:41.623 [AMR-01] STATE_TRANSITION EMERGENCY_STOP -> MOVING (intent=MOVE)
05:22:41.723 [AMR-01] STATE_TRANSITION MOVING -> EMERGENCY_STOP (intent=STOP)
05:22:41.724 [AMR-01] SAFETY_STOP min_obstacle_distance=1.01m <= 1.2m
05:22:41.824 [AMR-01] STATE_TRANSITION EMERGENCY_STOP -> MOVING (intent=MOVE)
05:22:41.924 [AMR-01] STATE_TRANSITION MOVING -> EMERGENCY_STOP (intent=STOP)
05:22:41.924 [AMR-01] SAFETY_STOP min_obstacle_distance=1.04m <= 1.2m
05:22:42.025 [AMR-01] STATE_TRANSITION EMERGENCY_STOP -> MOVING (intent=MOVE)
05:22:42.126 [AMR-01] STATE_TRANSITION MOVING -> EMERGENCY_STOP (intent=STOP)
05:22:42.126 [AMR-01] SAFETY_STOP min_obstacle_distance=1.10m <= 1.2m
05:22:42.226 [AMR-01] STATE_TRANSITION EMERGENCY_STOP -> MOVING (intent=MOVE)
05:22:42.328 [AMR-01] STATE_TRANSITION MOVING -> EMERGENCY_STOP (intent=STOP)
05:22:42.328 [AMR-01] SAFETY_STOP min_obstacle_distance=1.08m <= 1.2m
05:22:42.427 [AMR-01] STATE_TRANSITION EMERGENCY_STOP -> MOVING (intent=MOVE)
05:22:42.528 [AMR-01] STATE_TRANSITION MOVING -> EMERGENCY_STOP (intent=STOP)
05:22:42.528 [AMR-01] SAFETY_STOP min_obstacle_distance=1.00m <= 1.2m
05:22:42.628 [AMR-01] STATE_TRANSITION EMERGENCY_STOP -> MOVING (intent=MOVE)
05:22:42.729 [AMR-01] STATE_TRANSITION MOVING -> EMERGENCY_STOP (intent=STOP)
05:22:42.729 [AMR-01] SAFETY_STOP min_obstacle_distance=1.01m <= 1.2m
05:22:42.829 [AMR-01] STATE_TRANSITION EMERGENCY_STOP -> MOVING (intent=MOVE)
05:22:42.929 [AMR-01] STATE_TRANSITION MOVING -> EMERGENCY_STOP (intent=STOP)
05:22:42.929 [AMR-01] SAFETY_STOP min_obstacle_distance=1.04m <= 1.2m
05:22:43.030 [AMR-01] STATE_TRANSITION EMERGENCY_STOP -> MOVING (intent=MOVE)
05:22:43.130 [AMR-01] STATE_TRANSITION MOVING -> EMERGENCY_STOP (intent=STOP)
05:22:43.130 [AMR-01] SAFETY_STOP min_obstacle_distance=1.10m <= 1.2m
05:22:43.231 [AMR-01] STATE_TRANSITION EMERGENCY_STOP -> MOVING (intent=MOVE)
05:22:43.332 [AMR-01] STATE_TRANSITION MOVING -> EMERGENCY_STOP (intent=STOP)
05:22:43.332 [AMR-01] SAFETY_STOP min_obstacle_distance=1.08m <= 1.2m
05:22:43.433 [AMR-01] STATE_TRANSITION EMERGENCY_STOP -> MOVING (intent=MOVE)
05:22:43.535 [AMR-01] STATE_TRANSITION MOVING -> EMERGENCY_STOP (intent=STOP)
05:22:43.535 [AMR-01] SAFETY_STOP min_obstacle_distance=1.00m <= 1.2m
05:22:43.636 [AMR-01] STATE_TRANSITION EMERGENCY_STOP -> MOVING (intent=MOVE)
05:22:43.736 [AMR-01] STATE_TRANSITION MOVING -> EMERGENCY_STOP (intent=STOP)
05:22:43.736 [AMR-01] SAFETY_STOP min_obstacle_distance=1.01m <= 1.2m
05:22:43.837 [AMR-01] STATE_TRANSITION EMERGENCY_STOP -> MOVING (intent=MOVE)
05:22:43.937 [AMR-01] STATE_TRANSITION MOVING -> EMERGENCY_STOP (intent=STOP)
05:22:43.937 [AMR-01] SAFETY_STOP min_obstacle_distance=1.04m <= 1.2m
05:22:44.039 [AMR-01] STATE_TRANSITION EMERGENCY_STOP -> MOVING (intent=MOVE)
05:22:44.138 [AMR-01] STATE_TRANSITION MOVING -> EMERGENCY_STOP (intent=STOP)
05:22:44.138 [AMR-01] SAFETY_STOP min_obstacle_distance=1.10m <= 1.2m
05:22:44.238 [AMR-01] STATE_TRANSITION EMERGENCY_STOP -> MOVING (intent=MOVE)
05:22:44.338 [AMR-01] STATE_TRANSITION MOVING -> EMERGENCY_STOP (intent=STOP)
05:22:44.338 [AMR-01] SAFETY_STOP min_obstacle_distance=1.08m <= 1.2m
05:22:44.440 [AMR-01] STATE_TRANSITION EMERGENCY_STOP -> MOVING (intent=MOVE)
05:22:44.540 [AMR-01] STATE_TRANSITION MOVING -> EMERGENCY_STOP (intent=STOP)
05:22:44.540 [AMR-01] SAFETY_STOP min_obstacle_distance=1.00m <= 1.2m
05:22:44.641 [AMR-01] STATE_TRANSITION EMERGENCY_STOP -> MOVING (intent=MOVE)
05:22:44.741 [AMR-01] STATE_TRANSITION MOVING -> EMERGENCY_STOP (intent=STOP)
05:22:44.741 [AMR-01] SAFETY_STOP min_obstacle_distance=1.01m <= 1.2m
05:22:44.842 [AMR-01] STATE_TRANSITION EMERGENCY_STOP -> MOVING (intent=MOVE)
05:22:44.942 [AMR-01] STATE_TRANSITION MOVING -> EMERGENCY_STOP (intent=STOP)
05:22:44.942 [AMR-01] SAFETY_STOP min_obstacle_distance=1.04m <= 1.2m
05:22:45.043 [AMR-01] STATE_TRANSITION EMERGENCY_STOP -> MOVING (intent=MOVE)
05:22:45.143 [AMR-01] STATE_TRANSITION MOVING -> EMERGENCY_STOP (intent=STOP)
05:22:45.143 [AMR-01] SAFETY_STOP min_obstacle_distance=1.10m <= 1.2m
05:22:45.244 [AMR-01] STATE_TRANSITION EMERGENCY_STOP -> MOVING (intent=MOVE)
05:22:45.345 [AMR-01] STATE_TRANSITION MOVING -> EMERGENCY_STOP (intent=STOP)
05:22:45.345 [AMR-01] SAFETY_STOP min_obstacle_distance=1.08m <= 1.2m
05:22:45.446 [AMR-01] STATE_TRANSITION EMERGENCY_STOP -> MOVING (intent=MOVE)
05:22:45.546 [AMR-01] STATE_TRANSITION MOVING -> EMERGENCY_STOP (intent=STOP)
05:22:45.546 [AMR-01] SAFETY_STOP min_obstacle_distance=1.00m <= 1.2m
05:22:45.647 [AMR-01] STATE_TRANSITION EMERGENCY_STOP -> MOVING (intent=MOVE)
05:22:45.748 [AMR-01] STATE_TRANSITION MOVING -> EMERGENCY_STOP (intent=STOP)
05:22:45.748 [AMR-01] SAFETY_STOP min_obstacle_distance=1.01m <= 1.2m
05:22:45.848 [AMR-01] STATE_TRANSITION EMERGENCY_STOP -> MOVING (intent=MOVE)
05:22:45.949 [AMR-01] STATE_TRANSITION MOVING -> EMERGENCY_STOP (intent=STOP)
05:22:45.949 [AMR-01] SAFETY_STOP min_obstacle_distance=1.04m <= 1.2m
05:22:46.050 [AMR-01] STATE_TRANSITION EMERGENCY_STOP -> MOVING (intent=MOVE)
05:22:46.151 [AMR-01] STATE_TRANSITION MOVING -> EMERGENCY_STOP (intent=STOP)
05:22:46.152 [AMR-01] SAFETY_STOP min_obstacle_distance=1.10m <= 1.2m
05:22:46.254 [AMR-01] STATE_TRANSITION EMERGENCY_STOP -> MOVING (intent=MOVE)
05:22:46.354 [AMR-01] STATE_TRANSITION MOVING -> EMERGENCY_STOP (intent=STOP)
05:22:46.354 [AMR-01] SAFETY_STOP min_obstacle_distance=1.07m <= 1.2m
05:22:46.455 [AMR-01] STATE_TRANSITION EMERGENCY_STOP -> MOVING (intent=MOVE)
05:22:46.556 [AMR-01] STATE_TRANSITION MOVING -> EMERGENCY_STOP (intent=STOP)
05:22:46.556 [AMR-01] SAFETY_STOP min_obstacle_distance=1.00m <= 1.2m
05:22:46.657 [AMR-01] STATE_TRANSITION EMERGENCY_STOP -> MOVING (intent=MOVE)
05:22:46.757 [AMR-01] STATE_TRANSITION MOVING -> EMERGENCY_STOP (intent=STOP)
05:22:46.757 [AMR-01] SAFETY_STOP min_obstacle_distance=1.01m <= 1.2m
05:22:46.858 [AMR-01] STATE_TRANSITION EMERGENCY_STOP -> MOVING (intent=MOVE)
05:22:46.959 [AMR-01] STATE_TRANSITION MOVING -> EMERGENCY_STOP (intent=STOP)
05:22:46.959 [AMR-01] SAFETY_STOP min_obstacle_distance=1.04m <= 1.2m
05:22:47.059 [AMR-01] STATE_TRANSITION EMERGENCY_STOP -> MOVING (intent=MOVE)
05:22:47.160 [AMR-01] STATE_TRANSITION MOVING -> EMERGENCY_STOP (intent=STOP)
05:22:47.160 [AMR-01] SAFETY_STOP min_obstacle_distance=1.10m <= 1.2m
05:22:47.260 [AMR-01] STATE_TRANSITION EMERGENCY_STOP -> MOVING (intent=MOVE)
05:22:47.361 [AMR-01] STATE_TRANSITION MOVING -> EMERGENCY_STOP (intent=STOP)
05:22:47.361 [AMR-01] SAFETY_STOP min_obstacle_distance=1.08m <= 1.2m
05:22:47.461 [AMR-01] STATE_TRANSITION EMERGENCY_STOP -> MOVING (intent=MOVE)
05:22:47.562 [AMR-01] STATE_TRANSITION MOVING -> EMERGENCY_STOP (intent=STOP)
05:22:47.562 [AMR-01] SAFETY_STOP min_obstacle_distance=1.00m <= 1.2m
05:22:47.663 [AMR-01] STATE_TRANSITION EMERGENCY_STOP -> MOVING (intent=MOVE)
05:22:47.763 [AMR-01] STATE_TRANSITION MOVING -> EMERGENCY_STOP (intent=STOP)
05:22:47.763 [AMR-01] SAFETY_STOP min_obstacle_distance=1.01m <= 1.2m
05:22:47.864 [AMR-01] STATE_TRANSITION EMERGENCY_STOP -> MOVING (intent=MOVE)
05:22:47.965 [AMR-01] STATE_TRANSITION MOVING -> EMERGENCY_STOP (intent=STOP)
05:22:47.965 [AMR-01] SAFETY_STOP min_obstacle_distance=1.04m <= 1.2m
05:22:48.065 [AMR-01] STATE_TRANSITION EMERGENCY_STOP -> MOVING (intent=MOVE)
05:22:48.166 [AMR-01] STATE_TRANSITION MOVING -> EMERGENCY_STOP (intent=STOP)
05:22:48.166 [AMR-01] SAFETY_STOP min_obstacle_distance=1.10m <= 1.2m
05:22:48.267 [AMR-01] STATE_TRANSITION EMERGENCY_STOP -> MOVING (intent=MOVE)
05:22:48.368 [AMR-01] STATE_TRANSITION MOVING -> EMERGENCY_STOP (intent=STOP)
05:22:48.368 [AMR-01] SAFETY_STOP min_obstacle_distance=1.17m <= 1.2m
05:22:48.468 [AMR-01] STATE_TRANSITION EMERGENCY_STOP -> MOVING (intent=MOVE)
05:22:48.568 [AMR-01] STATE_TRANSITION MOVING -> EMERGENCY_STOP (intent=STOP)
05:22:48.568 [AMR-01] SAFETY_STOP min_obstacle_distance=1.00m <= 1.2m
05:22:48.669 [AMR-01] STATE_TRANSITION EMERGENCY_STOP -> MOVING (intent=MOVE)
05:22:48.770 [AMR-01] STATE_TRANSITION MOVING -> EMERGENCY_STOP (intent=STOP)
05:22:48.770 [AMR-01] SAFETY_STOP min_obstacle_distance=1.01m <= 1.2m
05:22:48.870 [AMR-01] STATE_TRANSITION EMERGENCY_STOP -> MOVING (intent=MOVE)
05:22:48.971 [AMR-01] STATE_TRANSITION MOVING -> EMERGENCY_STOP (intent=STOP)
05:22:48.971 [AMR-01] SAFETY_STOP min_obstacle_distance=1.04m <= 1.2m
05:22:49.071 [AMR-01] STATE_TRANSITION EMERGENCY_STOP -> MOVING (intent=MOVE)
05:22:49.172 [AMR-01] STATE_TRANSITION MOVING -> EMERGENCY_STOP (intent=STOP)
05:22:49.172 [AMR-01] SAFETY_STOP min_obstacle_distance=1.10m <= 1.2m
05:22:49.273 [AMR-01] STATE_TRANSITION EMERGENCY_STOP -> MOVING (intent=MOVE)
05:22:49.373 [AMR-01] STATE_TRANSITION MOVING -> EMERGENCY_STOP (intent=STOP)
05:22:49.373 [AMR-01] SAFETY_STOP min_obstacle_distance=1.17m <= 1.2m
05:22:49.473 [AMR-01] STATE_TRANSITION EMERGENCY_STOP -> MOVING (intent=MOVE)
05:22:49.574 [AMR-01] STATE_TRANSITION MOVING -> EMERGENCY_STOP (intent=STOP)
05:22:49.574 [AMR-01] SAFETY_STOP min_obstacle_distance=1.00m <= 1.2m
05:22:49.674 [AMR-01] STATE_TRANSITION EMERGENCY_STOP -> MOVING (intent=MOVE)
05:22:49.775 [AMR-01] STATE_TRANSITION MOVING -> EMERGENCY_STOP (intent=STOP)
05:22:49.775 [AMR-01] SAFETY_STOP min_obstacle_distance=1.01m <= 1.2m
05:22:49.876 [AMR-01] STATE_TRANSITION EMERGENCY_STOP -> MOVING (intent=MOVE)
05:22:49.976 [AMR-01] STATE_TRANSITION MOVING -> EMERGENCY_STOP (intent=STOP)
05:22:49.976 [AMR-01] SAFETY_STOP min_obstacle_distance=1.04m <= 1.2m
05:22:50.077 [AMR-01] STATE_TRANSITION EMERGENCY_STOP -> MOVING (intent=MOVE)
05:22:50.177 [AMR-01] STATE_TRANSITION MOVING -> EMERGENCY_STOP (intent=STOP)
05:22:50.177 [AMR-01] SAFETY_STOP min_obstacle_distance=1.10m <= 1.2m
05:22:50.277 [AMR-01] STATE_TRANSITION EMERGENCY_STOP -> MOVING (intent=MOVE)
05:22:50.378 [AMR-01] STATE_TRANSITION MOVING -> EMERGENCY_STOP (intent=STOP)
05:22:50.378 [AMR-01] SAFETY_STOP min_obstacle_distance=1.17m <= 1.2m
05:22:50.478 [AMR-01] STATE_TRANSITION EMERGENCY_STOP -> MOVING (intent=MOVE)
05:22:50.579 [AMR-01] STATE_TRANSITION MOVING -> EMERGENCY_STOP (intent=STOP)
05:22:50.579 [AMR-01] SAFETY_STOP min_obstacle_distance=1.01m <= 1.2m
05:22:50.680 [AMR-01] STATE_TRANSITION EMERGENCY_STOP -> MOVING (intent=MOVE)
05:22:50.780 [AMR-01] STATE_TRANSITION MOVING -> EMERGENCY_STOP (intent=STOP)
05:22:50.780 [AMR-01] SAFETY_STOP min_obstacle_distance=1.04m <= 1.2m
05:22:50.880 [AMR-01] STATE_TRANSITION EMERGENCY_STOP -> MOVING (intent=MOVE)
05:22:50.981 [AMR-01] STATE_TRANSITION MOVING -> EMERGENCY_STOP (intent=STOP)
05:22:50.981 [AMR-01] SAFETY_STOP min_obstacle_distance=1.10m <= 1.2m
05:22:51.082 [AMR-01] STATE_TRANSITION EMERGENCY_STOP -> MOVING (intent=MOVE)
05:22:51.182 [AMR-01] STATE_TRANSITION MOVING -> EMERGENCY_STOP (intent=STOP)
05:22:51.182 [AMR-01] SAFETY_STOP min_obstacle_distance=1.17m <= 1.2m
05:22:51.283 [AMR-01] STATE_TRANSITION EMERGENCY_STOP -> MOVING (intent=MOVE)
05:22:51.483 [AMR-01] STATE_TRANSITION MOVING -> EMERGENCY_STOP (intent=STOP)
05:22:51.483 [AMR-01] SAFETY_STOP min_obstacle_distance=1.00m <= 1.2m
05:22:51.584 [AMR-01] STATE_TRANSITION EMERGENCY_STOP -> MOVING (intent=MOVE)
05:22:51.685 [AMR-01] STATE_TRANSITION MOVING -> EMERGENCY_STOP (intent=STOP)
05:22:51.685 [AMR-01] SAFETY_STOP min_obstacle_distance=1.01m <= 1.2m
05:22:51.786 [AMR-01] STATE_TRANSITION EMERGENCY_STOP -> MOVING (intent=MOVE)
05:22:51.887 [AMR-01] STATE_TRANSITION MOVING -> EMERGENCY_STOP (intent=STOP)
05:22:51.887 [AMR-01] SAFETY_STOP min_obstacle_distance=1.04m <= 1.2m
05:22:51.988 [AMR-01] STATE_TRANSITION EMERGENCY_STOP -> MOVING (intent=MOVE)
05:22:52.089 [AMR-01] STATE_TRANSITION MOVING -> EMERGENCY_STOP (intent=STOP)
05:22:52.089 [AMR-01] SAFETY_STOP min_obstacle_distance=1.10m <= 1.2m
05:22:52.190 [AMR-01] STATE_TRANSITION EMERGENCY_STOP -> MOVING (intent=MOVE)
05:22:52.290 [AMR-01] STATE_TRANSITION MOVING -> EMERGENCY_STOP (intent=STOP)
05:22:52.290 [AMR-01] SAFETY_STOP min_obstacle_distance=1.17m <= 1.2m
05:22:52.391 [AMR-01] STATE_TRANSITION EMERGENCY_STOP -> MOVING (intent=MOVE)
05:22:52.492 [AMR-01] STATE_TRANSITION MOVING -> EMERGENCY_STOP (intent=STOP)
05:22:52.492 [AMR-01] SAFETY_STOP min_obstacle_distance=1.00m <= 1.2m
05:22:52.593 [AMR-01] STATE_TRANSITION EMERGENCY_STOP -> MOVING (intent=MOVE)
05:22:52.693 [AMR-01] STATE_TRANSITION MOVING -> EMERGENCY_STOP (intent=STOP)
05:22:52.693 [AMR-01] SAFETY_STOP min_obstacle_distance=1.01m <= 1.2m
05:22:52.794 [AMR-01] STATE_TRANSITION EMERGENCY_STOP -> MOVING (intent=MOVE)
05:22:52.895 [AMR-01] STATE_TRANSITION MOVING -> EMERGENCY_STOP (intent=STOP)
05:22:52.895 [AMR-01] SAFETY_STOP min_obstacle_distance=1.04m <= 1.2m
05:22:52.995 [AMR-01] STATE_TRANSITION EMERGENCY_STOP -> MOVING (intent=MOVE)
05:22:53.096 [AMR-01] STATE_TRANSITION MOVING -> EMERGENCY_STOP (intent=STOP)
05:22:53.096 [AMR-01] SAFETY_STOP min_obstacle_distance=1.10m <= 1.2m
05:22:53.197 [AMR-01] STATE_TRANSITION EMERGENCY_STOP -> MOVING (intent=MOVE)
05:22:53.298 [AMR-01] STATE_TRANSITION MOVING -> EMERGENCY_STOP (intent=STOP)
05:22:53.298 [AMR-01] SAFETY_STOP min_obstacle_distance=1.17m <= 1.2m
05:22:53.398 [AMR-01] STATE_TRANSITION EMERGENCY_STOP -> MOVING (intent=MOVE)
05:22:55.212 [AMR-01] GOAL_REACHED at pos=(2.251, 9.749) travel_time=231.64s reroutes=1 obstacles=0
05:22:55.213 [AMR-01] STATE_TRANSITION MOVING -> PLANNING (intent=MOVE)
05:22:55.213 [AMR-01] GOAL_SET goal=(22.0, 10.0)
05:22:55.313 [AMR-01] STATE_TRANSITION PLANNING -> MOVING (intent=MOVE)
05:22:55.313 [AMR-01] PATH_PLANNED length=23 waypoints=[(2, 10), (3, 10), (3, 9), (4, 9), (5, 9)]...
05:22:55.816 [AMR-01] STATE_TRANSITION MOVING -> EMERGENCY_STOP (intent=STOP)
05:22:55.817 [AMR-01] SAFETY_STOP min_obstacle_distance=1.14m <= 1.2m
05:22:55.917 [AMR-01] STATE_TRANSITION EMERGENCY_STOP -> MOVING (intent=MOVE)
05:22:56.018 [AMR-01] STATE_TRANSITION MOVING -> EMERGENCY_STOP (intent=STOP)
05:22:56.018 [AMR-01] SAFETY_STOP min_obstacle_distance=1.08m <= 1.2m
05:22:56.119 [AMR-01] STATE_TRANSITION EMERGENCY_STOP -> MOVING (intent=MOVE)
05:22:56.219 [AMR-01] STATE_TRANSITION MOVING -> EMERGENCY_STOP (intent=STOP)
05:22:56.220 [AMR-01] SAFETY_STOP min_obstacle_distance=1.03m <= 1.2m
05:22:56.320 [AMR-01] STATE_TRANSITION EMERGENCY_STOP -> MOVING (intent=MOVE)
05:22:56.421 [AMR-01] STATE_TRANSITION MOVING -> EMERGENCY_STOP (intent=STOP)
05:22:56.421 [AMR-01] SAFETY_STOP min_obstacle_distance=1.00m <= 1.2m
05:22:56.522 [AMR-01] STATE_TRANSITION EMERGENCY_STOP -> MOVING (intent=MOVE)
05:22:56.823 [AMR-01] STATE_TRANSITION MOVING -> EMERGENCY_STOP (intent=STOP)
05:22:56.823 [AMR-01] SAFETY_STOP min_obstacle_distance=1.14m <= 1.2m
05:22:56.924 [AMR-01] STATE_TRANSITION EMERGENCY_STOP -> MOVING (intent=MOVE)
05:22:57.024 [AMR-01] STATE_TRANSITION MOVING -> EMERGENCY_STOP (intent=STOP)
05:22:57.024 [AMR-01] SAFETY_STOP min_obstacle_distance=1.08m <= 1.2m
05:22:57.124 [AMR-01] STATE_TRANSITION EMERGENCY_STOP -> MOVING (intent=MOVE)
05:22:57.225 [AMR-01] STATE_TRANSITION MOVING -> EMERGENCY_STOP (intent=STOP)
05:22:57.225 [AMR-01] SAFETY_STOP min_obstacle_distance=1.03m <= 1.2m
05:22:57.325 [AMR-01] STATE_TRANSITION EMERGENCY_STOP -> MOVING (intent=MOVE)
05:22:57.426 [AMR-01] STATE_TRANSITION MOVING -> EMERGENCY_STOP (intent=STOP)
05:22:57.426 [AMR-01] SAFETY_STOP min_obstacle_distance=1.00m <= 1.2m
05:22:57.527 [AMR-01] STATE_TRANSITION EMERGENCY_STOP -> MOVING (intent=MOVE)
05:22:57.828 [AMR-01] STATE_TRANSITION MOVING -> EMERGENCY_STOP (intent=STOP)
05:22:57.828 [AMR-01] SAFETY_STOP min_obstacle_distance=1.14m <= 1.2m
05:22:57.929 [AMR-01] STATE_TRANSITION EMERGENCY_STOP -> MOVING (intent=MOVE)
05:22:58.029 [AMR-01] STATE_TRANSITION MOVING -> EMERGENCY_STOP (intent=STOP)
05:22:58.030 [AMR-01] SAFETY_STOP min_obstacle_distance=1.08m <= 1.2m
05:22:58.130 [AMR-01] STATE_TRANSITION EMERGENCY_STOP -> MOVING (intent=MOVE)
05:22:58.231 [AMR-01] STATE_TRANSITION MOVING -> EMERGENCY_STOP (intent=STOP)
05:22:58.231 [AMR-01] SAFETY_STOP min_obstacle_distance=1.03m <= 1.2m
05:22:58.332 [AMR-01] STATE_TRANSITION EMERGENCY_STOP -> MOVING (intent=MOVE)
05:22:58.433 [AMR-01] STATE_TRANSITION MOVING -> EMERGENCY_STOP (intent=STOP)
05:22:58.433 [AMR-01] SAFETY_STOP min_obstacle_distance=1.00m <= 1.2m
05:22:58.533 [AMR-01] STATE_TRANSITION EMERGENCY_STOP -> MOVING (intent=MOVE)
05:22:58.835 [AMR-01] STATE_TRANSITION MOVING -> EMERGENCY_STOP (intent=STOP)
05:22:58.835 [AMR-01] SAFETY_STOP min_obstacle_distance=1.14m <= 1.2m
05:22:58.936 [AMR-01] STATE_TRANSITION EMERGENCY_STOP -> MOVING (intent=MOVE)
05:22:59.036 [AMR-01] STATE_TRANSITION MOVING -> EMERGENCY_STOP (intent=STOP)
05:22:59.036 [AMR-01] SAFETY_STOP min_obstacle_distance=1.08m <= 1.2m
05:22:59.137 [AMR-01] STATE_TRANSITION EMERGENCY_STOP -> MOVING (intent=MOVE)
05:22:59.237 [AMR-01] STATE_TRANSITION MOVING -> EMERGENCY_STOP (intent=STOP)
05:22:59.237 [AMR-01] SAFETY_STOP min_obstacle_distance=1.03m <= 1.2m
05:22:59.338 [AMR-01] STATE_TRANSITION EMERGENCY_STOP -> MOVING (intent=MOVE)
05:22:59.438 [AMR-01] STATE_TRANSITION MOVING -> EMERGENCY_STOP (intent=STOP)
05:22:59.438 [AMR-01] SAFETY_STOP min_obstacle_distance=1.00m <= 1.2m
05:22:59.539 [AMR-01] STATE_TRANSITION EMERGENCY_STOP -> MOVING (intent=MOVE)
05:22:59.841 [AMR-01] STATE_TRANSITION MOVING -> EMERGENCY_STOP (intent=STOP)
05:22:59.841 [AMR-01] SAFETY_STOP min_obstacle_distance=1.14m <= 1.2m
05:22:59.942 [AMR-01] STATE_TRANSITION EMERGENCY_STOP -> MOVING (intent=MOVE)
05:23:00.042 [AMR-01] STATE_TRANSITION MOVING -> EMERGENCY_STOP (intent=STOP)
05:23:00.042 [AMR-01] SAFETY_STOP min_obstacle_distance=1.08m <= 1.2m
05:23:00.143 [AMR-01] STATE_TRANSITION EMERGENCY_STOP -> MOVING (intent=MOVE)
05:23:00.243 [AMR-01] STATE_TRANSITION MOVING -> EMERGENCY_STOP (intent=STOP)
05:23:00.244 [AMR-01] SAFETY_STOP min_obstacle_distance=1.03m <= 1.2m
05:23:00.344 [AMR-01] STATE_TRANSITION EMERGENCY_STOP -> MOVING (intent=MOVE)
05:23:00.445 [AMR-01] STATE_TRANSITION MOVING -> EMERGENCY_STOP (intent=STOP)
05:23:00.445 [AMR-01] SAFETY_STOP min_obstacle_distance=1.00m <= 1.2m
05:23:00.546 [AMR-01] STATE_TRANSITION EMERGENCY_STOP -> MOVING (intent=MOVE)
05:23:00.847 [AMR-01] STATE_TRANSITION MOVING -> EMERGENCY_STOP (intent=STOP)
05:23:00.848 [AMR-01] SAFETY_STOP min_obstacle_distance=1.14m <= 1.2m
05:23:00.948 [AMR-01] STATE_TRANSITION EMERGENCY_STOP -> MOVING (intent=MOVE)
05:23:01.049 [AMR-01] STATE_TRANSITION MOVING -> EMERGENCY_STOP (intent=STOP)
05:23:01.049 [AMR-01] SAFETY_STOP min_obstacle_distance=1.08m <= 1.2m
05:23:01.150 [AMR-01] STATE_TRANSITION EMERGENCY_STOP -> MOVING (intent=MOVE)
05:23:01.250 [AMR-01] STATE_TRANSITION MOVING -> EMERGENCY_STOP (intent=STOP)
05:23:01.250 [AMR-01] SAFETY_STOP min_obstacle_distance=1.03m <= 1.2m
05:23:01.352 [AMR-01] STATE_TRANSITION EMERGENCY_STOP -> MOVING (intent=MOVE)
05:23:01.453 [AMR-01] STATE_TRANSITION MOVING -> EMERGENCY_STOP (intent=STOP)
05:23:01.453 [AMR-01] SAFETY_STOP min_obstacle_distance=1.00m <= 1.2m
05:23:01.554 [AMR-01] STATE_TRANSITION EMERGENCY_STOP -> MOVING (intent=MOVE)
05:23:01.857 [AMR-01] STATE_TRANSITION MOVING -> EMERGENCY_STOP (intent=STOP)
05:23:01.857 [AMR-01] SAFETY_STOP min_obstacle_distance=1.14m <= 1.2m
05:23:01.958 [AMR-01] STATE_TRANSITION EMERGENCY_STOP -> MOVING (intent=MOVE)
05:23:02.058 [AMR-01] STATE_TRANSITION MOVING -> EMERGENCY_STOP (intent=STOP)
05:23:02.058 [AMR-01] SAFETY_STOP min_obstacle_distance=1.07m <= 1.2m
05:23:02.160 [AMR-01] STATE_TRANSITION EMERGENCY_STOP -> MOVING (intent=MOVE)
05:23:02.261 [AMR-01] STATE_TRANSITION MOVING -> EMERGENCY_STOP (intent=STOP)
05:23:02.261 [AMR-01] SAFETY_STOP min_obstacle_distance=1.03m <= 1.2m
05:23:02.361 [AMR-01] STATE_TRANSITION EMERGENCY_STOP -> MOVING (intent=MOVE)
05:23:02.462 [AMR-01] STATE_TRANSITION MOVING -> EMERGENCY_STOP (intent=STOP)
05:23:02.463 [AMR-01] SAFETY_STOP min_obstacle_distance=1.00m <= 1.2m
05:23:02.563 [AMR-01] STATE_TRANSITION EMERGENCY_STOP -> MOVING (intent=MOVE)
05:23:02.864 [AMR-01] STATE_TRANSITION MOVING -> EMERGENCY_STOP (intent=STOP)
05:23:02.864 [AMR-01] SAFETY_STOP min_obstacle_distance=1.14m <= 1.2m
05:23:02.965 [AMR-01] STATE_TRANSITION EMERGENCY_STOP -> MOVING (intent=MOVE)
05:23:03.065 [AMR-01] STATE_TRANSITION MOVING -> EMERGENCY_STOP (intent=STOP)
05:23:03.065 [AMR-01] SAFETY_STOP min_obstacle_distance=1.08m <= 1.2m
05:23:03.166 [AMR-01] STATE_TRANSITION EMERGENCY_STOP -> MOVING (intent=MOVE)
05:23:03.266 [AMR-01] STATE_TRANSITION MOVING -> EMERGENCY_STOP (intent=STOP)
05:23:03.266 [AMR-01] SAFETY_STOP min_obstacle_distance=1.03m <= 1.2m
05:23:03.367 [AMR-01] STATE_TRANSITION EMERGENCY_STOP -> MOVING (intent=MOVE)
05:23:03.469 [AMR-01] STATE_TRANSITION MOVING -> EMERGENCY_STOP (intent=STOP)
05:23:03.469 [AMR-01] SAFETY_STOP min_obstacle_distance=1.00m <= 1.2m
05:23:03.569 [AMR-01] STATE_TRANSITION EMERGENCY_STOP -> MOVING (intent=MOVE)
05:23:03.870 [AMR-01] STATE_TRANSITION MOVING -> EMERGENCY_STOP (intent=STOP)
05:23:03.870 [AMR-01] SAFETY_STOP min_obstacle_distance=1.14m <= 1.2m
05:23:03.970 [AMR-01] STATE_TRANSITION EMERGENCY_STOP -> MOVING (intent=MOVE)
05:23:04.071 [AMR-01] STATE_TRANSITION MOVING -> EMERGENCY_STOP (intent=STOP)
05:23:04.071 [AMR-01] SAFETY_STOP min_obstacle_distance=1.08m <= 1.2m
05:23:04.172 [AMR-01] STATE_TRANSITION EMERGENCY_STOP -> MOVING (intent=MOVE)
05:23:04.273 [AMR-01] STATE_TRANSITION MOVING -> EMERGENCY_STOP (intent=STOP)
05:23:04.273 [AMR-01] SAFETY_STOP min_obstacle_distance=1.03m <= 1.2m
05:23:04.374 [AMR-01] STATE_TRANSITION EMERGENCY_STOP -> MOVING (intent=MOVE)
05:23:04.777 [AMR-01] STATE_TRANSITION MOVING -> EMERGENCY_STOP (intent=STOP)
05:23:04.777 [AMR-01] SAFETY_STOP min_obstacle_distance=1.14m <= 1.2m
05:23:04.878 [AMR-01] STATE_TRANSITION EMERGENCY_STOP -> MOVING (intent=MOVE)
05:23:04.978 [AMR-01] STATE_TRANSITION MOVING -> EMERGENCY_STOP (intent=STOP)
05:23:04.978 [AMR-01] SAFETY_STOP min_obstacle_distance=1.08m <= 1.2m
05:23:05.078 [AMR-01] STATE_TRANSITION EMERGENCY_STOP -> MOVING (intent=MOVE)
05:23:05.179 [AMR-01] STATE_TRANSITION MOVING -> EMERGENCY_STOP (intent=STOP)
05:23:05.179 [AMR-01] SAFETY_STOP min_obstacle_distance=1.03m <= 1.2m
05:23:05.279 [AMR-01] STATE_TRANSITION EMERGENCY_STOP -> MOVING (intent=MOVE)
05:23:05.379 [AMR-01] STATE_TRANSITION MOVING -> EMERGENCY_STOP (intent=STOP)
05:23:05.380 [AMR-01] SAFETY_STOP min_obstacle_distance=1.00m <= 1.2m
05:23:05.481 [AMR-01] STATE_TRANSITION EMERGENCY_STOP -> MOVING (intent=MOVE)
05:23:05.783 [AMR-01] STATE_TRANSITION MOVING -> EMERGENCY_STOP (intent=STOP)
05:23:05.783 [AMR-01] SAFETY_STOP min_obstacle_distance=1.14m <= 1.2m
05:23:05.883 [AMR-01] STATE_TRANSITION EMERGENCY_STOP -> MOVING (intent=MOVE)
05:23:05.984 [AMR-01] STATE_TRANSITION MOVING -> EMERGENCY_STOP (intent=STOP)
05:23:05.984 [AMR-01] SAFETY_STOP min_obstacle_distance=1.08m <= 1.2m
05:23:06.084 [AMR-01] STATE_TRANSITION EMERGENCY_STOP -> MOVING (intent=MOVE)
05:23:06.186 [AMR-01] STATE_TRANSITION MOVING -> EMERGENCY_STOP (intent=STOP)
05:23:06.186 [AMR-01] SAFETY_STOP min_obstacle_distance=1.03m <= 1.2m
05:23:06.286 [AMR-01] STATE_TRANSITION EMERGENCY_STOP -> MOVING (intent=MOVE)
05:23:06.387 [AMR-01] STATE_TRANSITION MOVING -> EMERGENCY_STOP (intent=STOP)
05:23:06.387 [AMR-01] SAFETY_STOP min_obstacle_distance=1.00m <= 1.2m
05:23:06.487 [AMR-01] STATE_TRANSITION EMERGENCY_STOP -> MOVING (intent=MOVE)
05:23:06.789 [AMR-01] STATE_TRANSITION MOVING -> EMERGENCY_STOP (intent=STOP)
05:23:06.789 [AMR-01] SAFETY_STOP min_obstacle_distance=1.14m <= 1.2m
05:23:06.889 [AMR-01] STATE_TRANSITION EMERGENCY_STOP -> MOVING (intent=MOVE)
05:23:06.990 [AMR-01] STATE_TRANSITION MOVING -> EMERGENCY_STOP (intent=STOP)
05:23:06.990 [AMR-01] SAFETY_STOP min_obstacle_distance=1.08m <= 1.2m
05:23:07.090 [AMR-01] STATE_TRANSITION EMERGENCY_STOP -> MOVING (intent=MOVE)
05:23:07.190 [AMR-01] STATE_TRANSITION MOVING -> EMERGENCY_STOP (intent=STOP)
05:23:07.190 [AMR-01] SAFETY_STOP min_obstacle_distance=1.03m <= 1.2m
05:23:07.291 [AMR-01] STATE_TRANSITION EMERGENCY_STOP -> MOVING (intent=MOVE)
05:23:07.391 [AMR-01] STATE_TRANSITION MOVING -> EMERGENCY_STOP (intent=STOP)
05:23:07.391 [AMR-01] SAFETY_STOP min_obstacle_distance=1.00m <= 1.2m
05:23:07.493 [AMR-01] STATE_TRANSITION EMERGENCY_STOP -> MOVING (intent=MOVE)
05:23:07.794 [AMR-01] STATE_TRANSITION MOVING -> EMERGENCY_STOP (intent=STOP)
05:23:07.794 [AMR-01] SAFETY_STOP min_obstacle_distance=1.14m <= 1.2m
05:23:07.894 [AMR-01] STATE_TRANSITION EMERGENCY_STOP -> MOVING (intent=MOVE)
05:23:07.995 [AMR-01] STATE_TRANSITION MOVING -> EMERGENCY_STOP (intent=STOP)
05:23:07.995 [AMR-01] SAFETY_STOP min_obstacle_distance=1.08m <= 1.2m
05:23:08.095 [AMR-01] STATE_TRANSITION EMERGENCY_STOP -> MOVING (intent=MOVE)
05:23:08.196 [AMR-01] STATE_TRANSITION MOVING -> EMERGENCY_STOP (intent=STOP)
05:23:08.196 [AMR-01] SAFETY_STOP min_obstacle_distance=1.03m <= 1.2m
05:23:08.296 [AMR-01] STATE_TRANSITION EMERGENCY_STOP -> MOVING (intent=MOVE)
05:23:08.396 [AMR-01] STATE_TRANSITION MOVING -> EMERGENCY_STOP (intent=STOP)
05:23:08.396 [AMR-01] SAFETY_STOP min_obstacle_distance=1.00m <= 1.2m
05:23:08.497 [AMR-01] STATE_TRANSITION EMERGENCY_STOP -> MOVING (intent=MOVE)
05:23:08.801 [AMR-01] STATE_TRANSITION MOVING -> EMERGENCY_STOP (intent=STOP)
05:23:08.801 [AMR-01] SAFETY_STOP min_obstacle_distance=1.14m <= 1.2m
05:23:08.902 [AMR-01] STATE_TRANSITION EMERGENCY_STOP -> MOVING (intent=MOVE)
05:23:09.004 [AMR-01] STATE_TRANSITION MOVING -> EMERGENCY_STOP (intent=STOP)
05:23:09.004 [AMR-01] SAFETY_STOP min_obstacle_distance=1.07m <= 1.2m
05:23:09.106 [AMR-01] STATE_TRANSITION EMERGENCY_STOP -> MOVING (intent=MOVE)
05:23:09.207 [AMR-01] STATE_TRANSITION MOVING -> EMERGENCY_STOP (intent=STOP)
05:23:09.207 [AMR-01] SAFETY_STOP min_obstacle_distance=1.03m <= 1.2m
05:23:09.308 [AMR-01] STATE_TRANSITION EMERGENCY_STOP -> MOVING (intent=MOVE)
05:23:09.409 [AMR-01] STATE_TRANSITION MOVING -> EMERGENCY_STOP (intent=STOP)
05:23:09.409 [AMR-01] SAFETY_STOP min_obstacle_distance=1.00m <= 1.2m
05:23:09.510 [AMR-01] STATE_TRANSITION EMERGENCY_STOP -> MOVING (intent=MOVE)
05:23:09.811 [AMR-01] STATE_TRANSITION MOVING -> EMERGENCY_STOP (intent=STOP)
05:23:09.811 [AMR-01] SAFETY_STOP min_obstacle_distance=1.14m <= 1.2m
05:23:09.912 [AMR-01] STATE_TRANSITION EMERGENCY_STOP -> MOVING (intent=MOVE)
05:23:10.013 [AMR-01] STATE_TRANSITION MOVING -> EMERGENCY_STOP (intent=STOP)
05:23:10.013 [AMR-01] SAFETY_STOP min_obstacle_distance=1.08m <= 1.2m
05:23:10.114 [AMR-01] STATE_TRANSITION EMERGENCY_STOP -> MOVING (intent=MOVE)
05:23:10.216 [AMR-01] STATE_TRANSITION MOVING -> EMERGENCY_STOP (intent=STOP)
05:23:10.216 [AMR-01] SAFETY_STOP min_obstacle_distance=1.03m <= 1.2m
05:23:10.316 [AMR-01] STATE_TRANSITION EMERGENCY_STOP -> MOVING (intent=MOVE)
05:23:10.417 [AMR-01] STATE_TRANSITION MOVING -> EMERGENCY_STOP (intent=STOP)
05:23:10.417 [AMR-01] SAFETY_STOP min_obstacle_distance=1.00m <= 1.2m
05:23:10.518 [AMR-01] STATE_TRANSITION EMERGENCY_STOP -> MOVING (intent=MOVE)
05:23:10.822 [AMR-01] STATE_TRANSITION MOVING -> EMERGENCY_STOP (intent=STOP)
05:23:10.822 [AMR-01] SAFETY_STOP min_obstacle_distance=1.14m <= 1.2m
05:23:10.924 [AMR-01] STATE_TRANSITION EMERGENCY_STOP -> MOVING (intent=MOVE)
05:23:11.025 [AMR-01] STATE_TRANSITION MOVING -> EMERGENCY_STOP (intent=STOP)
05:23:11.025 [AMR-01] SAFETY_STOP min_obstacle_distance=1.07m <= 1.2m
05:23:11.126 [AMR-01] STATE_TRANSITION EMERGENCY_STOP -> MOVING (intent=MOVE)
05:23:11.229 [AMR-01] STATE_TRANSITION MOVING -> EMERGENCY_STOP (intent=STOP)
05:23:11.229 [AMR-01] SAFETY_STOP min_obstacle_distance=1.03m <= 1.2m
05:23:11.330 [AMR-01] STATE_TRANSITION EMERGENCY_STOP -> MOVING (intent=MOVE)
05:23:11.430 [AMR-01] STATE_TRANSITION MOVING -> EMERGENCY_STOP (intent=STOP)
05:23:11.430 [AMR-01] SAFETY_STOP min_obstacle_distance=1.00m <= 1.2m
05:23:11.531 [AMR-01] STATE_TRANSITION EMERGENCY_STOP -> MOVING (intent=MOVE)
05:23:11.833 [AMR-01] STATE_TRANSITION MOVING -> EMERGENCY_STOP (intent=STOP)
05:23:11.833 [AMR-01] SAFETY_STOP min_obstacle_distance=1.14m <= 1.2m
05:23:11.933 [AMR-01] STATE_TRANSITION EMERGENCY_STOP -> MOVING (intent=MOVE)
05:23:12.034 [AMR-01] STATE_TRANSITION MOVING -> EMERGENCY_STOP (intent=STOP)
05:23:12.035 [AMR-01] SAFETY_STOP min_obstacle_distance=1.08m <= 1.2m
05:23:12.136 [AMR-01] STATE_TRANSITION EMERGENCY_STOP -> MOVING (intent=MOVE)
05:23:12.237 [AMR-01] STATE_TRANSITION MOVING -> EMERGENCY_STOP (intent=STOP)
05:23:12.238 [AMR-01] SAFETY_STOP min_obstacle_distance=1.03m <= 1.2m
05:23:12.339 [AMR-01] STATE_TRANSITION EMERGENCY_STOP -> MOVING (intent=MOVE)
05:23:12.440 [AMR-01] STATE_TRANSITION MOVING -> EMERGENCY_STOP (intent=STOP)
05:23:12.440 [AMR-01] SAFETY_STOP min_obstacle_distance=1.00m <= 1.2m
05:23:12.541 [AMR-01] STATE_TRANSITION EMERGENCY_STOP -> MOVING (intent=MOVE)
05:23:12.845 [AMR-01] STATE_TRANSITION MOVING -> EMERGENCY_STOP (intent=STOP)
05:23:12.845 [AMR-01] SAFETY_STOP min_obstacle_distance=1.14m <= 1.2m
05:23:12.946 [AMR-01] STATE_TRANSITION EMERGENCY_STOP -> MOVING (intent=MOVE)
05:23:13.047 [AMR-01] STATE_TRANSITION MOVING -> EMERGENCY_STOP (intent=STOP)
05:23:13.047 [AMR-01] SAFETY_STOP min_obstacle_distance=1.07m <= 1.2m
05:23:13.149 [AMR-01] STATE_TRANSITION EMERGENCY_STOP -> MOVING (intent=MOVE)
