05:11:57.743 [AMR-04] INITIALIZED at pos=(22.0, 17.0) port=5004
05:11:57.744 [AMR-04] P2P Network Node listening on UDP 127.0.0.1:5004
05:11:57.744 [AMR-04] STATE_TRANSITION IDLE -> PLANNING (intent=MOVE)
05:11:57.744 [AMR-04] GOAL_SET goal=(22.0, 2.0)
05:11:57.744 [AMR-04] CONTROL_LOOP STARTED at 10.0 Hz
05:11:57.744 [AMR-04] STATE_TRANSITION PLANNING -> MOVING (intent=MOVE)
05:11:57.744 [AMR-04] PATH_PLANNED length=16 waypoints=[(22, 17), (22, 16), (22, 15), (22, 14), (22, 13)]...
05:11:57.744 WebSocket Server listening on ws://127.0.0.1:8004
05:11:57.744 [AMR-04] FRONTEND_CONNECTED ws://127.0.0.1:8004
05:11:57.744 [AMR-04] STATE_TRANSITION MOVING -> PLANNING (intent=MOVE)
05:11:57.744 [AMR-04] GOAL_SET goal=(22.0, 2.0)
05:11:57.845 [AMR-04] P2P: AMR-04 ↔ AMR-01 connected
05:11:57.845 [AMR-04] P2P: AMR-04 ↔ AMR-02 connected
05:11:57.845 [AMR-04] P2P: AMR-04 ↔ AMR-03 connected
05:11:57.846 [AMR-04] STATE_TRANSITION PLANNING -> MOVING (intent=MOVE)
05:11:57.846 [AMR-04] PATH_PLANNED length=16 waypoints=[(22, 17), (22, 16), (22, 15), (22, 14), (22, 13)]...
05:12:00.970 [AMR-04] STATE_TRANSITION MOVING -> EMERGENCY_STOP (intent=STOP)
05:12:00.971 [AMR-04] SAFETY_STOP min_obstacle_distance=1.14m <= 1.2m
05:12:01.070 [AMR-04] STATE_TRANSITION EMERGENCY_STOP -> MOVING (intent=MOVE)
05:12:01.171 [AMR-04] STATE_TRANSITION MOVING -> EMERGENCY_STOP (intent=STOP)
05:12:01.171 [AMR-04] SAFETY_STOP min_obstacle_distance=1.08m <= 1.2m
05:12:01.273 [AMR-04] STATE_TRANSITION EMERGENCY_STOP -> MOVING (intent=MOVE)
05:12:01.373 [AMR-04] STATE_TRANSITION MOVING -> EMERGENCY_STOP (intent=STOP)
05:12:01.373 [AMR-04] SAFETY_STOP min_obstacle_distance=1.03m <= 1.2m
05:12:01.473 [AMR-04] STATE_TRANSITION EMERGENCY_STOP -> MOVING (intent=MOVE)
05:12:01.575 [AMR-04] STATE_TRANSITION MOVING -> EMERGENCY_STOP (intent=STOP)
05:12:01.575 [AMR-04] SAFETY_STOP min_obstacle_distance=1.00m <= 1.2m
05:12:01.675 [AMR-04] STATE_TRANSITION EMERGENCY_STOP -> MOVING (intent=MOVE)
05:12:01.776 [AMR-04] STATE_TRANSITION MOVING -> EMERGENCY_STOP (intent=STOP)
05:12:01.776 [AMR-04] SAFETY_STOP min_obstacle_distance=1.00m <= 1.2m
05:12:01.876 [AMR-04] STATE_TRANSITION EMERGENCY_STOP -> MOVING (intent=MOVE)
05:12:01.977 [AMR-04] STATE_TRANSITION MOVING -> EMERGENCY_STOP (intent=STOP)
05:12:01.977 [AMR-04] SAFETY_STOP min_obstacle_distance=1.01m <= 1.2m
05:12:02.079 [AMR-04] STATE_TRANSITION EMERGENCY_STOP -> MOVING (intent=MOVE)
05:12:02.179 [AMR-04] STATE_TRANSITION MOVING -> EMERGENCY_STOP (intent=STOP)
05:12:02.179 [AMR-04] SAFETY_STOP min_obstacle_distance=1.04m <= 1.2m
05:12:02.280 [AMR-04] STATE_TRANSITION EMERGENCY_STOP -> MOVING (intent=MOVE)
05:12:02.380 [AMR-04] STATE_TRANSITION MOVING -> EMERGENCY_STOP (intent=STOP)
05:12:02.380 [AMR-04] SAFETY_STOP min_obstacle_distance=1.10m <= 1.2m
05:12:02.481 [AMR-04] STATE_TRANSITION EMERGENCY_STOP -> MOVING (intent=MOVE)
05:12:02.581 [AMR-04] STATE_TRANSITION MOVING -> EMERGENCY_STOP (intent=STOP)
05:12:02.581 [AMR-04] SAFETY_STOP min_obstacle_distance=1.08m <= 1.2m
05:12:02.682 [AMR-04] STATE_TRANSITION EMERGENCY_STOP -> MOVING (intent=MOVE)
05:12:02.782 [AMR-04] STATE_TRANSITION MOVING -> EMERGENCY_STOP (intent=STOP)
05:12:02.782 [AMR-04] SAFETY_STOP min_obstacle_distance=1.03m <= 1.2m
05:12:02.883 [AMR-04] STATE_TRANSITION EMERGENCY_STOP -> MOVING (intent=MOVE)
05:12:02.984 [AMR-04] STATE_TRANSITION MOVING -> EMERGENCY_STOP (intent=STOP)
05:12:02.984 [AMR-04] SAFETY_STOP min_obstacle_distance=1.00m <= 1.2m
05:12:03.085 [AMR-04] STATE_TRANSITION EMERGENCY_STOP -> MOVING (intent=MOVE)
05:12:03.185 [AMR-04] STATE_TRANSITION MOVING -> EMERGENCY_STOP (intent=STOP)
05:12:03.185 [AMR-04] SAFETY_STOP min_obstacle_distance=1.00m <= 1.2m
05:12:03.286 [AMR-04] STATE_TRANSITION EMERGENCY_STOP -> MOVING (intent=MOVE)
05:12:03.387 [AMR-04] STATE_TRANSITION MOVING -> EMERGENCY_STOP (intent=STOP)
05:12:03.387 [AMR-04] SAFETY_STOP min_obstacle_distance=1.01m <= 1.2m
05:12:03.487 [AMR-04] STATE_TRANSITION EMERGENCY_STOP -> MOVING (intent=MOVE)
05:12:03.588 [AMR-04] STATE_TRANSITION MOVING -> EMERGENCY_STOP (intent=STOP)
05:12:03.588 [AMR-04] SAFETY_STOP min_obstacle_distance=1.04m <= 1.2m
05:12:03.689 [AMR-04] STATE_TRANSITION EMERGENCY_STOP -> MOVING (intent=MOVE)
05:12:03.789 [AMR-04] STATE_TRANSITION MOVING -> EMERGENCY_STOP (intent=STOP)
05:12:03.789 [AMR-04] SAFETY_STOP min_obstacle_distance=1.10m <= 1.2m
05:12:03.890 [AMR-04] STATE_TRANSITION EMERGENCY_STOP -> MOVING (intent=MOVE)
05:12:03.991 [AMR-04] STATE_TRANSITION MOVING -> EMERGENCY_STOP (intent=STOP)
05:12:03.991 [AMR-04] SAFETY_STOP min_obstacle_distance=1.17m <= 1.2m
05:12:04.091 [AMR-04] STATE_TRANSITION EMERGENCY_STOP -> MOVING (intent=MOVE)
05:12:04.696 [AMR-04] STATE_TRANSITION MOVING -> EMERGENCY_STOP (intent=STOP)
05:12:04.696 [AMR-04] SAFETY_STOP min_obstacle_distance=1.14m <= 1.2m
05:12:04.797 [AMR-04] STATE_TRANSITION EMERGENCY_STOP -> MOVING (intent=MOVE)
05:12:04.898 [AMR-04] STATE_TRANSITION MOVING -> EMERGENCY_STOP (intent=STOP)
05:12:04.898 [AMR-04] SAFETY_STOP min_obstacle_distance=1.07m <= 1.2m
05:12:04.998 [AMR-04] STATE_TRANSITION EMERGENCY_STOP -> MOVING (intent=MOVE)
05:12:05.099 [AMR-04] STATE_TRANSITION MOVING -> EMERGENCY_STOP (intent=STOP)
05:12:05.099 [AMR-04] SAFETY_STOP min_obstacle_distance=1.03m <= 1.2m
05:12:05.200 [AMR-04] STATE_TRANSITION EMERGENCY_STOP -> MOVING (intent=MOVE)
05:12:05.300 [AMR-04] STATE_TRANSITION MOVING -> EMERGENCY_STOP (intent=STOP)
05:12:05.300 [AMR-04] SAFETY_STOP min_obstacle_distance=1.00m <= 1.2m
05:12:05.401 [AMR-04] STATE_TRANSITION EMERGENCY_STOP -> MOVING (intent=MOVE)
05:12:05.501 [AMR-04] STATE_TRANSITION MOVING -> EMERGENCY_STOP (intent=STOP)
05:12:05.501 [AMR-04] SAFETY_STOP min_obstacle_distance=1.00m <= 1.2m
05:12:05.603 [AMR-04] STATE_TRANSITION EMERGENCY_STOP -> MOVING (intent=MOVE)
05:12:05.703 [AMR-04] STATE_TRANSITION MOVING -> EMERGENCY_STOP (intent=STOP)
05:12:05.703 [AMR-04] SAFETY_STOP min_obstacle_distance=1.01m <= 1.2m
05:12:05.804 [AMR-04] STATE_TRANSITION EMERGENCY_STOP -> MOVING (intent=MOVE)
05:12:05.905 [AMR-04] STATE_TRANSITION MOVING -> EMERGENCY_STOP (intent=STOP)
05:12:05.905 [AMR-04] SAFETY_STOP min_obstacle_distance=1.04m <= 1.2m
05:12:06.006 [AMR-04] STATE_TRANSITION EMERGENCY_STOP -> MOVING (intent=MOVE)
05:12:06.107 [AMR-04] STATE_TRANSITION MOVING -> EMERGENCY_STOP (intent=STOP)
05:12:06.107 [AMR-04] SAFETY_STOP min_obstacle_distance=1.10m <= 1.2m
05:12:06.209 [AMR-04] STATE_TRANSITION EMERGENCY_STOP -> MOVING (intent=MOVE)
05:12:06.309 [AMR-04] STATE_TRANSITION MOVING -> EMERGENCY_STOP (intent=STOP)
05:12:06.309 [AMR-04] SAFETY_STOP min_obstacle_distance=1.07m <= 1.2m
05:12:06.410 [AMR-04] STATE_TRANSITION EMERGENCY_STOP -> MOVING (intent=MOVE)
05:12:06.510 [AMR-04] STATE_TRANSITION MOVING -> EMERGENCY_STOP (intent=STOP)
05:12:06.510 [AMR-04] SAFETY_STOP min_obstacle_distance=1.03m <= 1.2m
05:12:06.611 [AMR-04] STATE_TRANSITION EMERGENCY_STOP -> MOVING (intent=MOVE)
05:12:06.711 [AMR-04] STATE_TRANSITION MOVING -> EMERGENCY_STOP (intent=STOP)
05:12:06.711 [AMR-04] SAFETY_STOP min_obstacle_distance=1.00m <= 1.2m
05:12:06.811 [AMR-04] STATE_TRANSITION EMERGENCY_STOP -> MOVING (intent=MOVE)
05:12:06.912 [AMR-04] STATE_TRANSITION MOVING -> EMERGENCY_STOP (intent=STOP)
05:12:06.912 [AMR-04] SAFETY_STOP min_obstacle_distance=1.00m <= 1.2m
05:12:07.013 [AMR-04] STATE_TRANSITION EMERGENCY_STOP -> MOVING (intent=MOVE)
05:12:07.114 [AMR-04] STATE_TRANSITION MOVING -> EMERGENCY_STOP (intent=STOP)
05:12:07.114 [AMR-04] SAFETY_STOP min_obstacle_distance=1.01m <= 1.2m
05:12:07.215 [AMR-04] STATE_TRANSITION EMERGENCY_STOP -> MOVING (intent=MOVE)
05:12:07.315 [AMR-04] STATE_TRANSITION MOVING -> EMERGENCY_STOP (intent=STOP)
05:12:07.315 [AMR-04] SAFETY_STOP min_obstacle_distance=1.04m <= 1.2m
05:12:07.417 [AMR-04] STATE_TRANSITION EMERGENCY_STOP -> MOVING (intent=MOVE)
05:12:07.516 [AMR-04] STATE_TRANSITION MOVING -> EMERGENCY_STOP (intent=STOP)
05:12:07.516 [AMR-04] SAFETY_STOP min_obstacle_distance=1.10m <= 1.2m
05:12:07.618 [AMR-04] STATE_TRANSITION EMERGENCY_STOP -> MOVING (intent=MOVE)
05:12:07.718 [AMR-04] STATE_TRANSITION MOVING -> EMERGENCY_STOP (intent=STOP)
05:12:07.718 [AMR-04] SAFETY_STOP min_obstacle_distance=1.17m <= 1.2m
05:12:07.819 [AMR-04] STATE_TRANSITION EMERGENCY_STOP -> MOVING (intent=MOVE)
05:12:09.129 [AMR-04] STATE_TRANSITION MOVING -> EMERGENCY_STOP (intent=STOP)
05:12:09.129 [AMR-04] SAFETY_STOP min_obstacle_distance=1.14m <= 1.2m
05:12:09.230 [AMR-04] STATE_TRANSITION EMERGENCY_STOP -> MOVING (intent=MOVE)
05:12:09.331 [AMR-04] STATE_TRANSITION MOVING -> EMERGENCY_STOP (intent=STOP)
05:12:09.331 [AMR-04] SAFETY_STOP min_obstacle_distance=1.08m <= 1.2m
05:12:09.432 [AMR-04] STATE_TRANSITION EMERGENCY_STOP -> MOVING (intent=MOVE)
05:12:09.533 [AMR-04] STATE_TRANSITION MOVING -> EMERGENCY_STOP (intent=STOP)
05:12:09.533 [AMR-04] SAFETY_STOP min_obstacle_distance=1.03m <= 1.2m
05:12:09.634 [AMR-04] STATE_TRANSITION EMERGENCY_STOP -> MOVING (intent=MOVE)
05:12:09.735 [AMR-04] STATE_TRANSITION MOVING -> EMERGENCY_STOP (intent=STOP)
05:12:09.735 [AMR-04] SAFETY_STOP min_obstacle_distance=1.00m <= 1.2m
05:12:09.836 [AMR-04] STATE_TRANSITION EMERGENCY_STOP -> MOVING (intent=MOVE)
05:12:09.936 [AMR-04] STATE_TRANSITION MOVING -> EMERGENCY_STOP (intent=STOP)
05:12:09.937 [AMR-04] SAFETY_STOP min_obstacle_distance=1.00m <= 1.2m
05:12:10.038 [AMR-04] STATE_TRANSITION EMERGENCY_STOP -> MOVING (intent=MOVE)
05:12:10.139 [AMR-04] STATE_TRANSITION MOVING -> EMERGENCY_STOP (intent=STOP)
05:12:10.140 [AMR-04] SAFETY_STOP min_obstacle_distance=1.01m <= 1.2m
05:12:10.240 [AMR-04] STATE_TRANSITION EMERGENCY_STOP -> MOVING (intent=MOVE)
05:12:10.342 [AMR-04] STATE_TRANSITION MOVING -> EMERGENCY_STOP (intent=STOP)
05:12:10.342 [AMR-04] SAFETY_STOP min_obstacle_distance=1.05m <= 1.2m
05:12:10.446 [AMR-04] STATE_TRANSITION EMERGENCY_STOP -> MOVING (intent=MOVE)
05:12:10.546 [AMR-04] STATE_TRANSITION MOVING -> EMERGENCY_STOP (intent=STOP)
05:12:10.546 [AMR-04] SAFETY_STOP min_obstacle_distance=1.10m <= 1.2m
05:12:10.647 [AMR-04] STATE_TRANSITION EMERGENCY_STOP -> MOVING (intent=MOVE)
05:12:10.748 [AMR-04] STATE_TRANSITION MOVING -> EMERGENCY_STOP (intent=STOP)
05:12:10.748 [AMR-04] SAFETY_STOP min_obstacle_distance=1.07m <= 1.2m
05:12:10.848 [AMR-04] STATE_TRANSITION EMERGENCY_STOP -> MOVING (intent=MOVE)
05:12:10.948 [AMR-04] STATE_TRANSITION MOVING -> EMERGENCY_STOP (intent=STOP)
05:12:10.948 [AMR-04] SAFETY_STOP min_obstacle_distance=1.03m <= 1.2m
05:12:11.048 [AMR-04] STATE_TRANSITION EMERGENCY_STOP -> MOVING (intent=MOVE)
05:12:11.149 [AMR-04] STATE_TRANSITION MOVING -> EMERGENCY_STOP (intent=STOP)
05:12:11.149 [AMR-04] SAFETY_STOP min_obstacle_distance=1.00m <= 1.2m
05:12:11.250 [AMR-04] STATE_TRANSITION EMERGENCY_STOP -> MOVING (intent=MOVE)
05:12:11.336 Frontend simulation connected from 127.0.0.1:52752
05:12:11.344 [AMR-04] STATE_TRANSITION MOVING -> PLANNING (intent=MOVE)
05:12:11.344 [AMR-04] GOAL_SET goal=(22.0, 2.0)
05:12:11.351 [AMR-04] STATE_TRANSITION PLANNING -> MOVING (intent=MOVE)
05:12:11.351 [AMR-04] PATH_PLANNED length=5 waypoints=[(22, 6), (22, 5), (22, 4), (22, 3), (22, 2)]...
05:12:11.451 [AMR-04] STATE_TRANSITION MOVING -> EMERGENCY_STOP (intent=STOP)
05:12:11.451 [AMR-04] SAFETY_STOP min_obstacle_distance=1.01m <= 1.2m
05:12:11.551 [AMR-04] STATE_TRANSITION EMERGENCY_STOP -> MOVING (intent=MOVE)
05:12:11.652 [AMR-04] STATE_TRANSITION MOVING -> EMERGENCY_STOP (intent=STOP)
05:12:11.653 [AMR-04] SAFETY_STOP min_obstacle_distance=1.04m <= 1.2m
05:12:11.753 [AMR-04] STATE_TRANSITION EMERGENCY_STOP -> MOVING (intent=MOVE)
05:12:11.853 [AMR-04] STATE_TRANSITION MOVING -> EMERGENCY_STOP (intent=STOP)
05:12:11.853 [AMR-04] SAFETY_STOP min_obstacle_distance=1.10m <= 1.2m
05:12:11.956 [AMR-04] STATE_TRANSITION EMERGENCY_STOP -> MOVING (intent=MOVE)
05:12:12.055 [AMR-04] STATE_TRANSITION MOVING -> EMERGENCY_STOP (intent=STOP)
05:12:12.056 [AMR-04] SAFETY_STOP min_obstacle_distance=1.17m <= 1.2m
05:12:12.158 [AMR-04] STATE_TRANSITION EMERGENCY_STOP -> MOVING (intent=MOVE)
05:12:12.360 [AMR-04] STATE_TRANSITION MOVING -> EMERGENCY_STOP (intent=STOP)
05:12:12.361 [AMR-04] SAFETY_STOP min_obstacle_distance=1.00m <= 1.2m
05:12:12.462 [AMR-04] STATE_TRANSITION EMERGENCY_STOP -> MOVING (intent=MOVE)
05:12:12.563 [AMR-04] STATE_TRANSITION MOVING -> EMERGENCY_STOP (intent=STOP)
05:12:12.563 [AMR-04] SAFETY_STOP min_obstacle_distance=1.01m <= 1.2m
05:12:12.663 [AMR-04] STATE_TRANSITION EMERGENCY_STOP -> MOVING (intent=MOVE)
05:12:12.763 [AMR-04] STATE_TRANSITION MOVING -> EMERGENCY_STOP (intent=STOP)
05:12:12.763 [AMR-04] SAFETY_STOP min_obstacle_distance=1.05m <= 1.2m
05:12:12.863 [AMR-04] STATE_TRANSITION EMERGENCY_STOP -> MOVING (intent=MOVE)
05:12:12.965 [AMR-04] STATE_TRANSITION MOVING -> EMERGENCY_STOP (intent=STOP)
05:12:12.965 [AMR-04] SAFETY_STOP min_obstacle_distance=1.10m <= 1.2m
05:12:13.066 [AMR-04] STATE_TRANSITION EMERGENCY_STOP -> MOVING (intent=MOVE)
05:12:13.167 [AMR-04] STATE_TRANSITION MOVING -> EMERGENCY_STOP (intent=STOP)
05:12:13.167 [AMR-04] SAFETY_STOP min_obstacle_distance=1.17m <= 1.2m
05:12:13.270 [AMR-04] STATE_TRANSITION EMERGENCY_STOP -> MOVING (intent=MOVE)
05:12:13.369 [AMR-04] STATE_TRANSITION MOVING -> EMERGENCY_STOP (intent=STOP)
05:12:13.369 [AMR-04] SAFETY_STOP min_obstacle_distance=1.00m <= 1.2m
05:12:13.470 [AMR-04] STATE_TRANSITION EMERGENCY_STOP -> MOVING (intent=MOVE)
05:12:13.570 [AMR-04] STATE_TRANSITION MOVING -> EMERGENCY_STOP (intent=STOP)
05:12:13.570 [AMR-04] SAFETY_STOP min_obstacle_distance=1.01m <= 1.2m
05:12:13.671 [AMR-04] STATE_TRANSITION EMERGENCY_STOP -> MOVING (intent=MOVE)
05:12:13.771 [AMR-04] STATE_TRANSITION MOVING -> EMERGENCY_STOP (intent=STOP)
05:12:13.771 [AMR-04] SAFETY_STOP min_obstacle_distance=1.04m <= 1.2m
05:12:13.873 [AMR-04] STATE_TRANSITION EMERGENCY_STOP -> MOVING (intent=MOVE)
05:12:13.974 [AMR-04] STATE_TRANSITION MOVING -> EMERGENCY_STOP (intent=STOP)
05:12:13.974 [AMR-04] SAFETY_STOP min_obstacle_distance=1.10m <= 1.2m
05:12:14.075 [AMR-04] STATE_TRANSITION EMERGENCY_STOP -> MOVING (intent=MOVE)
05:12:14.176 [AMR-04] STATE_TRANSITION MOVING -> EMERGENCY_STOP (intent=STOP)
05:12:14.176 [AMR-04] SAFETY_STOP min_obstacle_distance=1.17m <= 1.2m
05:12:14.277 [AMR-04] STATE_TRANSITION EMERGENCY_STOP -> MOVING (intent=MOVE)
05:12:14.378 [AMR-04] STATE_TRANSITION MOVING -> EMERGENCY_STOP (intent=STOP)
05:12:14.378 [AMR-04] SAFETY_STOP min_obstacle_distance=1.00m <= 1.2m
05:12:14.479 [AMR-04] STATE_TRANSITION EMERGENCY_STOP -> MOVING (intent=MOVE)
05:12:14.580 [AMR-04] STATE_TRANSITION MOVING -> EMERGENCY_STOP (intent=STOP)
05:12:14.580 [AMR-04] SAFETY_STOP min_obstacle_distance=1.01m <= 1.2m
05:12:14.682 [AMR-04] STATE_TRANSITION EMERGENCY_STOP -> MOVING (intent=MOVE)
05:12:14.783 [AMR-04] STATE_TRANSITION MOVING -> EMERGENCY_STOP (intent=STOP)
05:12:14.783 [AMR-04] SAFETY_STOP min_obstacle_distance=1.05m <= 1.2m
05:12:14.884 [AMR-04] STATE_TRANSITION EMERGENCY_STOP -> MOVING (intent=MOVE)
05:12:14.985 [AMR-04] STATE_TRANSITION MOVING -> EMERGENCY_STOP (intent=STOP)
05:12:14.985 [AMR-04] SAFETY_STOP min_obstacle_distance=1.10m <= 1.2m
05:12:15.086 [AMR-04] STATE_TRANSITION EMERGENCY_STOP -> MOVING (intent=MOVE)
05:12:15.187 [AMR-04] STATE_TRANSITION MOVING -> EMERGENCY_STOP (intent=STOP)
05:12:15.187 [AMR-04] SAFETY_STOP min_obstacle_distance=1.17m <= 1.2m
05:12:15.290 [AMR-04] STATE_TRANSITION EMERGENCY_STOP -> MOVING (intent=MOVE)
05:12:15.690 [AMR-04] STATE_TRANSITION MOVING -> EMERGENCY_STOP (intent=STOP)
05:12:15.690 [AMR-04] SAFETY_STOP min_obstacle_distance=1.14m <= 1.2m
05:12:15.791 [AMR-04] STATE_TRANSITION EMERGENCY_STOP -> MOVING (intent=MOVE)
05:12:15.891 [AMR-04] STATE_TRANSITION MOVING -> EMERGENCY_STOP (intent=STOP)
05:12:15.891 [AMR-04] SAFETY_STOP min_obstacle_distance=1.08m <= 1.2m
05:12:15.992 [AMR-04] STATE_TRANSITION EMERGENCY_STOP -> MOVING (intent=MOVE)
05:12:16.092 [AMR-04] STATE_TRANSITION MOVING -> EMERGENCY_STOP (intent=STOP)
05:12:16.092 [AMR-04] SAFETY_STOP min_obstacle_distance=1.03m <= 1.2m
05:12:16.192 [AMR-04] STATE_TRANSITION EMERGENCY_STOP -> MOVING (intent=MOVE)
05:12:16.293 [AMR-04] STATE_TRANSITION MOVING -> EMERGENCY_STOP (intent=STOP)
05:12:16.293 [AMR-04] SAFETY_STOP min_obstacle_distance=1.00m <= 1.2m
05:12:16.395 [AMR-04] STATE_TRANSITION EMERGENCY_STOP -> MOVING (intent=MOVE)
05:12:16.698 [AMR-04] STATE_TRANSITION MOVING -> EMERGENCY_STOP (intent=STOP)
05:12:16.698 [AMR-04] SAFETY_STOP min_obstacle_distance=1.14m <= 1.2m
05:12:16.799 [AMR-04] STATE_TRANSITION EMERGENCY_STOP -> MOVING (intent=MOVE)
05:12:16.900 [AMR-04] STATE_TRANSITION MOVING -> EMERGENCY_STOP (intent=STOP)
05:12:16.900 [AMR-04] SAFETY_STOP min_obstacle_distance=1.07m <= 1.2m
05:12:17.001 [AMR-04] STATE_TRANSITION EMERGENCY_STOP -> MOVING (intent=MOVE)
05:12:17.101 [AMR-04] STATE_TRANSITION MOVING -> EMERGENCY_STOP (intent=STOP)
05:12:17.101 [AMR-04] SAFETY_STOP min_obstacle_distance=1.03m <= 1.2m
05:12:17.202 [AMR-04] STATE_TRANSITION EMERGENCY_STOP -> MOVING (intent=MOVE)
05:12:17.303 [AMR-04] STATE_TRANSITION MOVING -> EMERGENCY_STOP (intent=STOP)
05:12:17.303 [AMR-04] SAFETY_STOP min_obstacle_distance=1.00m <= 1.2m
05:12:17.405 [AMR-04] STATE_TRANSITION EMERGENCY_STOP -> MOVING (intent=MOVE)
05:12:17.707 [AMR-04] STATE_TRANSITION MOVING -> EMERGENCY_STOP (intent=STOP)
05:12:17.707 [AMR-04] SAFETY_STOP min_obstacle_distance=1.14m <= 1.2m
05:12:17.808 [AMR-04] STATE_TRANSITION EMERGENCY_STOP -> MOVING (intent=MOVE)
05:12:17.908 [AMR-04] STATE_TRANSITION MOVING -> EMERGENCY_STOP (intent=STOP)
05:12:17.908 [AMR-04] SAFETY_STOP min_obstacle_distance=1.08m <= 1.2m
05:12:18.009 [AMR-04] STATE_TRANSITION EMERGENCY_STOP -> MOVING (intent=MOVE)
05:12:18.109 [AMR-04] STATE_TRANSITION MOVING -> EMERGENCY_STOP (intent=STOP)
05:12:18.109 [AMR-04] SAFETY_STOP min_obstacle_distance=1.03m <= 1.2m
05:12:18.209 [AMR-04] STATE_TRANSITION EMERGENCY_STOP -> MOVING (intent=MOVE)
05:12:18.310 [AMR-04] STATE_TRANSITION MOVING -> EMERGENCY_STOP (intent=STOP)
05:12:18.310 [AMR-04] SAFETY_STOP min_obstacle_distance=1.00m <= 1.2m
05:12:18.410 [AMR-04] STATE_TRANSITION EMERGENCY_STOP -> MOVING (intent=MOVE)
05:12:18.712 [AMR-04] STATE_TRANSITION MOVING -> EMERGENCY_STOP (intent=STOP)
05:12:18.712 [AMR-04] SAFETY_STOP min_obstacle_distance=1.14m <= 1.2m
05:12:18.813 [AMR-04] STATE_TRANSITION EMERGENCY_STOP -> MOVING (intent=MOVE)
05:12:18.913 [AMR-04] STATE_TRANSITION MOVING -> EMERGENCY_STOP (intent=STOP)
05:12:18.913 [AMR-04] SAFETY_STOP min_obstacle_distance=1.08m <= 1.2m
05:12:19.015 [AMR-04] STATE_TRANSITION EMERGENCY_STOP -> MOVING (intent=MOVE)
05:12:19.115 [AMR-04] STATE_TRANSITION MOVING -> EMERGENCY_STOP (intent=STOP)
05:12:19.115 [AMR-04] SAFETY_STOP min_obstacle_distance=1.03m <= 1.2m
05:12:19.216 [AMR-04] STATE_TRANSITION EMERGENCY_STOP -> MOVING (intent=MOVE)
05:12:19.316 [AMR-04] STATE_TRANSITION MOVING -> EMERGENCY_STOP (intent=STOP)
05:12:19.316 [AMR-04] SAFETY_STOP min_obstacle_distance=1.00m <= 1.2m
05:12:19.418 [AMR-04] STATE_TRANSITION EMERGENCY_STOP -> MOVING (intent=MOVE)
05:12:19.720 [AMR-04] STATE_TRANSITION MOVING -> EMERGENCY_STOP (intent=STOP)
05:12:19.720 [AMR-04] SAFETY_STOP min_obstacle_distance=1.14m <= 1.2m
05:12:19.820 [AMR-04] STATE_TRANSITION EMERGENCY_STOP -> MOVING (intent=MOVE)
05:12:19.921 [AMR-04] STATE_TRANSITION MOVING -> EMERGENCY_STOP (intent=STOP)
05:12:19.921 [AMR-04] SAFETY_STOP min_obstacle_distance=1.08m <= 1.2m
05:12:20.021 [AMR-04] STATE_TRANSITION EMERGENCY_STOP -> MOVING (intent=MOVE)
05:12:20.122 [AMR-04] STATE_TRANSITION MOVING -> EMERGENCY_STOP (intent=STOP)
05:12:20.122 [AMR-04] SAFETY_STOP min_obstacle_distance=1.03m <= 1.2m
05:12:20.222 [AMR-04] STATE_TRANSITION EMERGENCY_STOP -> MOVING (intent=MOVE)
05:12:20.323 [AMR-04] STATE_TRANSITION MOVING -> EMERGENCY_STOP (intent=STOP)
05:12:20.323 [AMR-04] SAFETY_STOP min_obstacle_distance=1.00m <= 1.2m
05:12:20.423 [AMR-04] STATE_TRANSITION EMERGENCY_STOP -> MOVING (intent=MOVE)
05:12:20.725 [AMR-04] STATE_TRANSITION MOVING -> EMERGENCY_STOP (intent=STOP)
05:12:20.725 [AMR-04] SAFETY_STOP min_obstacle_distance=1.14m <= 1.2m
05:12:20.826 [AMR-04] STATE_TRANSITION EMERGENCY_STOP -> MOVING (intent=MOVE)
05:12:20.927 [AMR-04] STATE_TRANSITION MOVING -> EMERGENCY_STOP (intent=STOP)
05:12:20.927 [AMR-04] SAFETY_STOP min_obstacle_distance=1.08m <= 1.2m
05:12:21.028 [AMR-04] STATE_TRANSITION EMERGENCY_STOP -> MOVING (intent=MOVE)
05:12:21.128 [AMR-04] STATE_TRANSITION MOVING -> EMERGENCY_STOP (intent=STOP)
05:12:21.129 [AMR-04] SAFETY_STOP min_obstacle_distance=1.03m <= 1.2m
05:12:21.229 [AMR-04] STATE_TRANSITION EMERGENCY_STOP -> MOVING (intent=MOVE)
05:12:21.330 [AMR-04] STATE_TRANSITION MOVING -> EMERGENCY_STOP (intent=STOP)
05:12:21.330 [AMR-04] SAFETY_STOP min_obstacle_distance=1.00m <= 1.2m
05:12:21.430 [AMR-04] STATE_TRANSITION EMERGENCY_STOP -> MOVING (intent=MOVE)
05:12:21.733 [AMR-04] STATE_TRANSITION MOVING -> EMERGENCY_STOP (intent=STOP)
05:12:21.734 [AMR-04] SAFETY_STOP min_obstacle_distance=1.14m <= 1.2m
05:12:21.834 [AMR-04] STATE_TRANSITION EMERGENCY_STOP -> MOVING (intent=MOVE)
05:12:21.934 [AMR-04] STATE_TRANSITION MOVING -> EMERGENCY_STOP (intent=STOP)
05:12:21.934 [AMR-04] SAFETY_STOP min_obstacle_distance=1.08m <= 1.2m
05:12:22.035 [AMR-04] STATE_TRANSITION EMERGENCY_STOP -> MOVING (intent=MOVE)
05:12:22.136 [AMR-04] STATE_TRANSITION MOVING -> EMERGENCY_STOP (intent=STOP)
05:12:22.137 [AMR-04] SAFETY_STOP min_obstacle_distance=1.03m <= 1.2m
05:12:22.237 [AMR-04] STATE_TRANSITION EMERGENCY_STOP -> MOVING (intent=MOVE)
05:12:22.338 [AMR-04] STATE_TRANSITION MOVING -> EMERGENCY_STOP (intent=STOP)
05:12:22.338 [AMR-04] SAFETY_STOP min_obstacle_distance=1.00m <= 1.2m
05:12:22.439 [AMR-04] STATE_TRANSITION EMERGENCY_STOP -> MOVING (intent=MOVE)
05:12:22.741 [AMR-04] STATE_TRANSITION MOVING -> EMERGENCY_STOP (intent=STOP)
05:12:22.741 [AMR-04] SAFETY_STOP min_obstacle_distance=1.14m <= 1.2m
05:12:22.842 [AMR-04] STATE_TRANSITION EMERGENCY_STOP -> MOVING (intent=MOVE)
05:12:22.942 [AMR-04] STATE_TRANSITION MOVING -> EMERGENCY_STOP (intent=STOP)
05:12:22.942 [AMR-04] SAFETY_STOP min_obstacle_distance=1.08m <= 1.2m
05:12:23.043 [AMR-04] STATE_TRANSITION EMERGENCY_STOP -> MOVING (intent=MOVE)
05:12:23.143 [AMR-04] STATE_TRANSITION MOVING -> EMERGENCY_STOP (intent=STOP)
05:12:23.143 [AMR-04] SAFETY_STOP min_obstacle_distance=1.03m <= 1.2m
05:12:23.244 [AMR-04] STATE_TRANSITION EMERGENCY_STOP -> MOVING (intent=MOVE)
05:12:23.647 [AMR-04] STATE_TRANSITION MOVING -> EMERGENCY_STOP (intent=STOP)
05:12:23.647 [AMR-04] SAFETY_STOP min_obstacle_distance=1.14m <= 1.2m
05:12:23.748 [AMR-04] STATE_TRANSITION EMERGENCY_STOP -> MOVING (intent=MOVE)
05:12:23.849 [AMR-04] STATE_TRANSITION MOVING -> EMERGENCY_STOP (intent=STOP)
05:12:23.849 [AMR-04] SAFETY_STOP min_obstacle_distance=1.07m <= 1.2m
05:12:23.950 [AMR-04] STATE_TRANSITION EMERGENCY_STOP -> MOVING (intent=MOVE)
05:12:24.253 [AMR-04] STATE_TRANSITION MOVING -> EMERGENCY_STOP (intent=STOP)
05:12:24.253 [AMR-04] SAFETY_STOP min_obstacle_distance=1.00m <= 1.2m
05:12:24.354 [AMR-04] STATE_TRANSITION EMERGENCY_STOP -> MOVING (intent=MOVE)
05:12:24.454 [AMR-04] STATE_TRANSITION MOVING -> EMERGENCY_STOP (intent=STOP)
05:12:24.454 [AMR-04] SAFETY_STOP min_obstacle_distance=1.00m <= 1.2m
05:12:24.555 [AMR-04] STATE_TRANSITION EMERGENCY_STOP -> MOVING (intent=MOVE)
05:12:24.655 [AMR-04] STATE_TRANSITION MOVING -> EMERGENCY_STOP (intent=STOP)
05:12:24.655 [AMR-04] SAFETY_STOP min_obstacle_distance=1.00m <= 1.2m
05:12:24.756 [AMR-04] STATE_TRANSITION EMERGENCY_STOP -> MOVING (intent=MOVE)
05:12:24.857 [AMR-04] STATE_TRANSITION MOVING -> EMERGENCY_STOP (intent=STOP)
05:12:24.857 [AMR-04] SAFETY_STOP min_obstacle_distance=1.00m <= 1.2m
05:12:24.957 [AMR-04] STATE_TRANSITION EMERGENCY_STOP -> MOVING (intent=MOVE)
05:12:25.058 [AMR-04] STATE_TRANSITION MOVING -> EMERGENCY_STOP (intent=STOP)
05:12:25.058 [AMR-04] SAFETY_STOP min_obstacle_distance=1.01m <= 1.2m
05:12:25.158 [AMR-04] STATE_TRANSITION EMERGENCY_STOP -> MOVING (intent=MOVE)
05:12:25.258 [AMR-04] STATE_TRANSITION MOVING -> EMERGENCY_STOP (intent=STOP)
05:12:25.259 [AMR-04] SAFETY_STOP min_obstacle_distance=1.00m <= 1.2m
05:12:25.359 [AMR-04] STATE_TRANSITION EMERGENCY_STOP -> MOVING (intent=MOVE)
05:12:25.459 [AMR-04] STATE_TRANSITION MOVING -> EMERGENCY_STOP (intent=STOP)
05:12:25.459 [AMR-04] SAFETY_STOP min_obstacle_distance=1.00m <= 1.2m
05:12:25.560 [AMR-04] STATE_TRANSITION EMERGENCY_STOP -> MOVING (intent=MOVE)
05:12:25.661 [AMR-04] STATE_TRANSITION MOVING -> EMERGENCY_STOP (intent=STOP)
05:12:25.661 [AMR-04] SAFETY_STOP min_obstacle_distance=1.01m <= 1.2m
05:12:25.761 [AMR-04] STATE_TRANSITION EMERGENCY_STOP -> MOVING (intent=MOVE)
05:12:25.862 [AMR-04] STATE_TRANSITION MOVING -> EMERGENCY_STOP (intent=STOP)
05:12:25.862 [AMR-04] SAFETY_STOP min_obstacle_distance=1.01m <= 1.2m
05:12:25.962 [AMR-04] STATE_TRANSITION EMERGENCY_STOP -> MOVING (intent=MOVE)
05:12:26.063 [AMR-04] STATE_TRANSITION MOVING -> EMERGENCY_STOP (intent=STOP)
05:12:26.063 [AMR-04] SAFETY_STOP min_obstacle_distance=1.00m <= 1.2m
05:12:26.164 [AMR-04] STATE_TRANSITION EMERGENCY_STOP -> MOVING (intent=MOVE)
05:12:26.265 [AMR-04] STATE_TRANSITION MOVING -> EMERGENCY_STOP (intent=STOP)
05:12:26.265 [AMR-04] SAFETY_STOP min_obstacle_distance=1.00m <= 1.2m
05:12:26.365 [AMR-04] STATE_TRANSITION EMERGENCY_STOP -> MOVING (intent=MOVE)
05:12:26.466 [AMR-04] STATE_TRANSITION MOVING -> EMERGENCY_STOP (intent=STOP)
05:12:26.466 [AMR-04] SAFETY_STOP min_obstacle_distance=1.01m <= 1.2m
05:12:26.567 [AMR-04] STATE_TRANSITION EMERGENCY_STOP -> MOVING (intent=MOVE)
05:12:26.668 [AMR-04] STATE_TRANSITION MOVING -> EMERGENCY_STOP (intent=STOP)
05:12:26.668 [AMR-04] SAFETY_STOP min_obstacle_distance=1.00m <= 1.2m
05:12:26.768 [AMR-04] STATE_TRANSITION EMERGENCY_STOP -> MOVING (intent=MOVE)
05:12:28.179 [AMR-04] STATE_TRANSITION MOVING -> EMERGENCY_STOP (intent=STOP)
05:12:28.179 [AMR-04] SAFETY_STOP min_obstacle_distance=1.00m <= 1.2m
05:12:28.279 [AMR-04] STATE_TRANSITION EMERGENCY_STOP -> MOVING (intent=MOVE)
05:12:28.379 [AMR-04] STATE_TRANSITION MOVING -> EMERGENCY_STOP (intent=STOP)
05:12:28.379 [AMR-04] SAFETY_STOP min_obstacle_distance=1.00m <= 1.2m
05:12:28.480 [AMR-04] STATE_TRANSITION EMERGENCY_STOP -> MOVING (intent=MOVE)
05:12:28.581 [AMR-04] STATE_TRANSITION MOVING -> EMERGENCY_STOP (intent=STOP)
05:12:28.581 [AMR-04] SAFETY_STOP min_obstacle_distance=1.00m <= 1.2m
05:12:28.681 [AMR-04] STATE_TRANSITION EMERGENCY_STOP -> MOVING (intent=MOVE)
05:12:28.782 [AMR-04] STATE_TRANSITION MOVING -> EMERGENCY_STOP (intent=STOP)
05:12:28.782 [AMR-04] SAFETY_STOP min_obstacle_distance=1.01m <= 1.2m
05:12:28.882 [AMR-04] STATE_TRANSITION EMERGENCY_STOP -> MOVING (intent=MOVE)
05:12:28.983 [AMR-04] STATE_TRANSITION MOVING -> EMERGENCY_STOP (intent=STOP)
05:12:28.983 [AMR-04] SAFETY_STOP min_obstacle_distance=1.00m <= 1.2m
05:12:29.084 [AMR-04] STATE_TRANSITION EMERGENCY_STOP -> MOVING (intent=MOVE)
05:12:29.185 [AMR-04] STATE_TRANSITION MOVING -> EMERGENCY_STOP (intent=STOP)
05:12:29.185 [AMR-04] SAFETY_STOP min_obstacle_distance=1.00m <= 1.2m
05:12:29.286 [AMR-04] STATE_TRANSITION EMERGENCY_STOP -> MOVING (intent=MOVE)
05:12:29.386 [AMR-04] STATE_TRANSITION MOVING -> EMERGENCY_STOP (intent=STOP)
05:12:29.386 [AMR-04] SAFETY_STOP min_obstacle_distance=1.01m <= 1.2m
05:12:29.487 [AMR-04] STATE_TRANSITION EMERGENCY_STOP -> MOVING (intent=MOVE)
05:12:29.587 [AMR-04] STATE_TRANSITION MOVING -> EMERGENCY_STOP (intent=STOP)
05:12:29.587 [AMR-04] SAFETY_STOP min_obstacle_distance=1.00m <= 1.2m
05:12:29.688 [AMR-04] STATE_TRANSITION EMERGENCY_STOP -> MOVING (intent=MOVE)
05:12:29.788 [AMR-04] STATE_TRANSITION MOVING -> EMERGENCY_STOP (intent=STOP)
05:12:29.788 [AMR-04] SAFETY_STOP min_obstacle_distance=1.00m <= 1.2m
05:12:29.888 [AMR-04] STATE_TRANSITION EMERGENCY_STOP -> MOVING (intent=MOVE)
05:12:29.989 [AMR-04] STATE_TRANSITION MOVING -> EMERGENCY_STOP (intent=STOP)
05:12:29.989 [AMR-04] SAFETY_STOP min_obstacle_distance=1.00m <= 1.2m
05:12:30.089 [AMR-04] STATE_TRANSITION EMERGENCY_STOP -> MOVING (intent=MOVE)
05:12:30.190 [AMR-04] STATE_TRANSITION MOVING -> EMERGENCY_STOP (intent=STOP)
05:12:30.190 [AMR-04] SAFETY_STOP min_obstacle_distance=1.01m <= 1.2m
05:12:30.291 [AMR-04] STATE_TRANSITION EMERGENCY_STOP -> MOVING (intent=MOVE)
05:12:30.392 [AMR-04] STATE_TRANSITION MOVING -> EMERGENCY_STOP (intent=STOP)
05:12:30.392 [AMR-04] SAFETY_STOP min_obstacle_distance=1.00m <= 1.2m
05:12:30.493 [AMR-04] STATE_TRANSITION EMERGENCY_STOP -> MOVING (intent=MOVE)
05:12:31.297 [AMR-04] STATE_TRANSITION MOVING -> EMERGENCY_STOP (intent=STOP)
05:12:31.297 [AMR-04] SAFETY_STOP min_obstacle_distance=1.00m <= 1.2m
05:12:31.398 [AMR-04] STATE_TRANSITION EMERGENCY_STOP -> MOVING (intent=MOVE)
05:12:31.499 [AMR-04] STATE_TRANSITION MOVING -> EMERGENCY_STOP (intent=STOP)
05:12:31.499 [AMR-04] SAFETY_STOP min_obstacle_distance=1.00m <= 1.2m
05:12:31.600 [AMR-04] STATE_TRANSITION EMERGENCY_STOP -> MOVING (intent=MOVE)
05:12:31.701 [AMR-04] STATE_TRANSITION MOVING -> EMERGENCY_STOP (intent=STOP)
05:12:31.701 [AMR-04] SAFETY_STOP min_obstacle_distance=1.01m <= 1.2m
05:12:31.801 [AMR-04] STATE_TRANSITION EMERGENCY_STOP -> MOVING (intent=MOVE)
05:12:31.902 [AMR-04] STATE_TRANSITION MOVING -> EMERGENCY_STOP (intent=STOP)
05:12:31.902 [AMR-04] SAFETY_STOP min_obstacle_distance=1.00m <= 1.2m
05:12:32.003 [AMR-04] STATE_TRANSITION EMERGENCY_STOP -> MOVING (intent=MOVE)
05:12:32.103 [AMR-04] STATE_TRANSITION MOVING -> EMERGENCY_STOP (intent=STOP)
05:12:32.103 [AMR-04] SAFETY_STOP min_obstacle_distance=1.00m <= 1.2m
05:12:32.205 [AMR-04] STATE_TRANSITION EMERGENCY_STOP -> MOVING (intent=MOVE)
05:12:32.307 [AMR-04] STATE_TRANSITION MOVING -> EMERGENCY_STOP (intent=STOP)
05:12:32.307 [AMR-04] SAFETY_STOP min_obstacle_distance=1.00m <= 1.2m
05:12:32.408 [AMR-04] DEADLOCK_DETECTED cycle=['AMR-01', 'AMR-02'] -> Victim is AMR-02 -> WAITING
05:12:32.408 [AMR-04] STATE_TRANSITION EMERGENCY_STOP -> WAITING (intent=WAIT)
05:12:32.508 [AMR-04] STATE_TRANSITION WAITING -> MOVING (intent=MOVE)
05:12:32.608 [AMR-04] STATE_TRANSITION MOVING -> EMERGENCY_STOP (intent=STOP)
05:12:32.608 [AMR-04] SAFETY_STOP min_obstacle_distance=1.00m <= 1.2m
05:12:32.709 [AMR-04] STATE_TRANSITION EMERGENCY_STOP -> MOVING (intent=MOVE)
05:12:32.809 [AMR-04] STATE_TRANSITION MOVING -> EMERGENCY_STOP (intent=STOP)
05:12:32.809 [AMR-04] SAFETY_STOP min_obstacle_distance=1.00m <= 1.2m
05:12:32.911 [AMR-04] STATE_TRANSITION EMERGENCY_STOP -> MOVING (intent=MOVE)
05:12:33.011 [AMR-04] STATE_TRANSITION MOVING -> EMERGENCY_STOP (intent=STOP)
05:12:33.013 [AMR-04] SAFETY_STOP min_obstacle_distance=1.00m <= 1.2m
05:12:33.111 [AMR-04] STATE_TRANSITION EMERGENCY_STOP -> MOVING (intent=MOVE)
05:12:33.212 [AMR-04] STATE_TRANSITION MOVING -> EMERGENCY_STOP (intent=STOP)
05:12:33.212 [AMR-04] SAFETY_STOP min_obstacle_distance=1.00m <= 1.2m
05:12:33.313 [AMR-04] STATE_TRANSITION EMERGENCY_STOP -> MOVING (intent=MOVE)
05:12:33.414 [AMR-04] STATE_TRANSITION MOVING -> EMERGENCY_STOP (intent=STOP)
05:12:33.414 [AMR-04] SAFETY_STOP min_obstacle_distance=1.00m <= 1.2m
05:12:33.515 [AMR-04] STATE_TRANSITION EMERGENCY_STOP -> MOVING (intent=MOVE)
05:12:33.583 [AMR-04] GOAL_REACHED at pos=(22.0, 2.0) travel_time=22.23s reroutes=0 obstacles=0
05:12:33.583 [AMR-04] STATE_TRANSITION MOVING -> PLANNING (intent=MOVE)
05:12:33.583 [AMR-04] GOAL_SET goal=(22.0, 17.0)
05:12:33.615 [AMR-04] STATE_TRANSITION PLANNING -> MOVING (intent=MOVE)
05:12:33.615 [AMR-04] PATH_PLANNED length=16 waypoints=[(22, 2), (22, 3), (22, 4), (22, 5), (22, 6)]...
05:12:34.218 [AMR-04] STATE_TRANSITION MOVING -> EMERGENCY_STOP (intent=STOP)
05:12:34.218 [AMR-04] SAFETY_STOP min_obstacle_distance=1.00m <= 1.2m
05:12:34.318 [AMR-04] STATE_TRANSITION EMERGENCY_STOP -> MOVING (intent=MOVE)
05:12:34.418 [AMR-04] STATE_TRANSITION MOVING -> EMERGENCY_STOP (intent=STOP)
05:12:34.418 [AMR-04] SAFETY_STOP min_obstacle_distance=1.00m <= 1.2m
05:12:34.519 [AMR-04] STATE_TRANSITION EMERGENCY_STOP -> MOVING (intent=MOVE)
05:12:34.620 [AMR-04] STATE_TRANSITION MOVING -> EMERGENCY_STOP (intent=STOP)
05:12:34.620 [AMR-04] SAFETY_STOP min_obstacle_distance=1.01m <= 1.2m
05:12:34.721 [AMR-04] STATE_TRANSITION EMERGENCY_STOP -> MOVING (intent=MOVE)
05:12:34.822 [AMR-04] STATE_TRANSITION MOVING -> EMERGENCY_STOP (intent=STOP)
05:12:34.822 [AMR-04] SAFETY_STOP min_obstacle_distance=1.00m <= 1.2m
05:12:34.923 [AMR-04] STATE_TRANSITION EMERGENCY_STOP -> MOVING (intent=MOVE)
05:12:35.023 [AMR-04] STATE_TRANSITION MOVING -> EMERGENCY_STOP (intent=STOP)
05:12:35.024 [AMR-04] SAFETY_STOP min_obstacle_distance=1.00m <= 1.2m
05:12:35.124 [AMR-04] STATE_TRANSITION EMERGENCY_STOP -> MOVING (intent=MOVE)
05:12:35.224 [AMR-04] STATE_TRANSITION MOVING -> EMERGENCY_STOP (intent=STOP)
05:12:35.224 [AMR-04] SAFETY_STOP min_obstacle_distance=1.00m <= 1.2m
05:12:35.325 [AMR-04] STATE_TRANSITION EMERGENCY_STOP -> MOVING (intent=MOVE)
05:12:35.426 [AMR-04] STATE_TRANSITION MOVING -> EMERGENCY_STOP (intent=STOP)
05:12:35.426 [AMR-04] SAFETY_STOP min_obstacle_distance=1.00m <= 1.2m
05:12:35.526 [AMR-04] STATE_TRANSITION EMERGENCY_STOP -> MOVING (intent=MOVE)
05:12:35.627 [AMR-04] STATE_TRANSITION MOVING -> EMERGENCY_STOP (intent=STOP)
05:12:35.627 [AMR-04] SAFETY_STOP min_obstacle_distance=1.00m <= 1.2m
05:12:35.728 [AMR-04] CONFLICT_DETECTED peer=AMR-01 type=INTERSECTION node=(22, 9) safe_wait=(22, 8) DECISION=YIELD (Lower precedence at intersection (53.5 vs 59.0) -> Safe wait at (22, 8) for AMR-01)
05:12:35.728 [AMR-04] STATE_TRANSITION EMERGENCY_STOP -> YIELDING (intent=YIELD)
05:12:35.828 [AMR-04] CONFLICT_DETECTED peer=AMR-01 type=INTERSECTION node=(22, 9) safe_wait=(22, 8) DECISION=YIELD (Lower precedence at intersection (53.7 vs 59.0) -> Safe wait at (22, 8) for AMR-01)
05:12:35.929 [AMR-04] CONFLICT_DETECTED peer=AMR-01 type=INTERSECTION node=(22, 9) safe_wait=(22, 8) DECISION=YIELD (Lower precedence at intersection (53.9 vs 58.8) -> Safe wait at (22, 8) for AMR-01)
05:12:36.031 [AMR-04] CONFLICT_DETECTED peer=AMR-01 type=INTERSECTION node=(22, 9) safe_wait=(22, 8) DECISION=YIELD (Lower precedence at intersection (54.1 vs 58.8) -> Safe wait at (22, 8) for AMR-01)
05:12:36.130 [AMR-04] CONFLICT_DETECTED peer=AMR-01 type=INTERSECTION node=(22, 9) safe_wait=(22, 8) DECISION=YIELD (Lower precedence at intersection (54.3 vs 58.6) -> Safe wait at (22, 8) for AMR-01)
05:12:36.232 [AMR-04] CONFLICT_DETECTED peer=AMR-01 type=INTERSECTION node=(22, 9) safe_wait=(22, 8) DECISION=YIELD (Lower precedence at intersection (54.5 vs 58.6) -> Safe wait at (22, 8) for AMR-01)
05:12:36.333 [AMR-04] CONFLICT_DETECTED peer=AMR-01 type=INTERSECTION node=(22, 9) safe_wait=(22, 8) DECISION=YIELD (Lower precedence at intersection (54.7 vs 58.4) -> Safe wait at (22, 8) for AMR-01)
05:12:36.434 [AMR-04] CONFLICT_DETECTED peer=AMR-01 type=INTERSECTION node=(22, 9) safe_wait=(22, 8) DECISION=YIELD (Lower precedence at intersection (54.9 vs 58.4) -> Safe wait at (22, 8) for AMR-01)
05:12:36.535 [AMR-04] CONFLICT_DETECTED peer=AMR-01 type=INTERSECTION node=(22, 9) safe_wait=(22, 8) DECISION=YIELD (Lower precedence at intersection (55.1 vs 58.2) -> Safe wait at (22, 8) for AMR-01)
05:12:36.635 [AMR-04] CONFLICT_DETECTED peer=AMR-01 type=INTERSECTION node=(22, 9) safe_wait=(22, 8) DECISION=YIELD (Lower precedence at intersection (55.3 vs 58.2) -> Safe wait at (22, 8) for AMR-01)
05:12:36.736 [AMR-04] CONFLICT_DETECTED peer=AMR-01 type=INTERSECTION node=(22, 9) safe_wait=(22, 8) DECISION=YIELD (Lower precedence at intersection (55.5 vs 58.5) -> Safe wait at (22, 8) for AMR-01)
05:12:36.837 [AMR-04] CONFLICT_DETECTED peer=AMR-01 type=INTERSECTION node=(22, 9) safe_wait=(22, 8) DECISION=YIELD (Lower precedence at intersection (55.7 vs 58.2) -> Safe wait at (22, 8) for AMR-01)
05:12:36.937 [AMR-04] CONFLICT_DETECTED peer=AMR-01 type=INTERSECTION node=(22, 9) safe_wait=(22, 8) DECISION=YIELD (Lower precedence at intersection (55.9 vs 58.1) -> Safe wait at (22, 8) for AMR-01)
05:12:37.039 [AMR-04] CONFLICT_DETECTED peer=AMR-01 type=INTERSECTION node=(22, 9) safe_wait=(22, 8) DECISION=YIELD (Lower precedence at intersection (56.1 vs 57.9) -> Safe wait at (22, 8) for AMR-01)
05:12:37.139 [AMR-04] CONFLICT_DETECTED peer=AMR-01 type=INTERSECTION node=(22, 9) safe_wait=(22, 8) DECISION=YIELD (Lower precedence at intersection (56.3 vs 57.6) -> Safe wait at (22, 8) for AMR-01)
05:12:37.240 [AMR-04] CONFLICT_DETECTED peer=AMR-01 type=INTERSECTION node=(22, 9) safe_wait=(22, 8) DECISION=YIELD (Lower precedence at intersection (56.5 vs 57.5) -> Safe wait at (22, 8) for AMR-01)
05:12:37.342 [AMR-04] CONFLICT_DETECTED peer=AMR-01 type=INTERSECTION node=(22, 9) safe_wait=(22, 8) DECISION=YIELD (Lower precedence at intersection (56.7 vs 57.9) -> Safe wait at (22, 8) for AMR-01)
05:12:37.442 [AMR-04] CONFLICT_DETECTED peer=AMR-01 type=INTERSECTION node=(22, 9) safe_wait=(22, 8) DECISION=YIELD (Lower precedence at intersection (56.9 vs 57.9) -> Safe wait at (22, 8) for AMR-01)
05:12:37.543 [AMR-04] CONFLICT_DETECTED peer=AMR-01 type=INTERSECTION node=(22, 9) safe_wait=(22, 8) DECISION=YIELD (Lower precedence at intersection (57.1 vs 57.9) -> Safe wait at (22, 8) for AMR-01)
05:12:37.644 [AMR-04] CONFLICT_DETECTED peer=AMR-01 type=INTERSECTION node=(22, 9) safe_wait=(22, 8) DECISION=YIELD (Lower precedence at intersection (57.3 vs 57.9) -> Safe wait at (22, 8) for AMR-01)
05:12:37.744 [AMR-04] CONFLICT_DETECTED peer=AMR-01 type=INTERSECTION node=(22, 9) safe_wait=(22, 8) DECISION=YIELD (Lower precedence at intersection (57.5 vs 57.9) -> Safe wait at (22, 8) for AMR-01)
05:12:37.845 [AMR-04] CONFLICT_DETECTED peer=AMR-01 type=INTERSECTION node=(22, 9) safe_wait=(22, 8) DECISION=YIELD (Lower precedence at intersection (57.7 vs 57.9) -> Safe wait at (22, 8) for AMR-01)
05:12:37.945 [AMR-04] CONFLICT_DETECTED peer=AMR-01 type=INTERSECTION node=(22, 9) safe_wait=(22, 8) DECISION=YIELD (Lower precedence at intersection (57.9 vs 57.9) -> Safe wait at (22, 8) for AMR-01)
05:12:38.046 [AMR-04] CONFLICT_DETECTED peer=AMR-01 type=INTERSECTION node=(22, 9) safe_wait=(22, 8) DECISION=PROCEED (Higher precedence (58.1 vs 57.9) -> Proceed through (22, 9))
05:12:38.046 [AMR-04] STATE_TRANSITION YIELDING -> MOVING (intent=MOVE)
05:12:38.147 [AMR-04] STATE_TRANSITION MOVING -> EMERGENCY_STOP (intent=STOP)
05:12:38.147 [AMR-04] SAFETY_STOP min_obstacle_distance=1.00m <= 1.2m
05:12:38.247 [AMR-04] CONFLICT_DETECTED peer=AMR-01 type=INTERSECTION node=(22, 9) safe_wait=(22, 8) DECISION=YIELD (Lower precedence at intersection (57.9 vs 57.9) -> Safe wait at (22, 8) for AMR-01)
05:12:38.247 [AMR-04] STATE_TRANSITION EMERGENCY_STOP -> YIELDING (intent=YIELD)
05:12:38.348 [AMR-04] CONFLICT_DETECTED peer=AMR-01 type=INTERSECTION node=(22, 9) safe_wait=(22, 8) DECISION=YIELD (Lower precedence at intersection (58.1 vs 58.1) -> Safe wait at (22, 8) for AMR-01)
05:12:38.448 [AMR-04] CONFLICT_DETECTED peer=AMR-01 type=INTERSECTION node=(22, 9) safe_wait=(22, 8) DECISION=PROCEED (Higher precedence (58.3 vs 57.9) -> Proceed through (22, 9))
05:12:38.448 [AMR-04] STATE_TRANSITION YIELDING -> MOVING (intent=MOVE)
05:12:38.549 [AMR-04] STATE_TRANSITION MOVING -> EMERGENCY_STOP (intent=STOP)
05:12:38.549 [AMR-04] SAFETY_STOP min_obstacle_distance=1.00m <= 1.2m
05:12:38.650 [AMR-04] CONFLICT_DETECTED peer=AMR-01 type=INTERSECTION node=(22, 9) safe_wait=(22, 8) DECISION=YIELD (Lower precedence at intersection (58.1 vs 58.1) -> Safe wait at (22, 8) for AMR-01)
05:12:38.650 [AMR-04] STATE_TRANSITION EMERGENCY_STOP -> YIELDING (intent=YIELD)
05:12:38.751 [AMR-04] CONFLICT_DETECTED peer=AMR-01 type=INTERSECTION node=(22, 9) safe_wait=(22, 8) DECISION=YIELD (Lower precedence at intersection (58.3 vs 58.3) -> Safe wait at (22, 8) for AMR-01)
05:12:38.851 [AMR-04] CONFLICT_DETECTED peer=AMR-01 type=INTERSECTION node=(22, 9) safe_wait=(22, 8) DECISION=PROCEED (Higher precedence (58.5 vs 58.1) -> Proceed through (22, 9))
05:12:38.851 [AMR-04] STATE_TRANSITION YIELDING -> MOVING (intent=MOVE)
05:12:38.952 [AMR-04] STATE_TRANSITION MOVING -> EMERGENCY_STOP (intent=STOP)
05:12:38.952 [AMR-04] SAFETY_STOP min_obstacle_distance=1.00m <= 1.2m
05:12:39.053 [AMR-04] CONFLICT_DETECTED peer=AMR-01 type=INTERSECTION node=(22, 9) safe_wait=(22, 8) DECISION=YIELD (Lower precedence at intersection (58.3 vs 58.3) -> Safe wait at (22, 8) for AMR-01)
05:12:39.053 [AMR-04] STATE_TRANSITION EMERGENCY_STOP -> YIELDING (intent=YIELD)
05:12:39.154 [AMR-04] CONFLICT_DETECTED peer=AMR-01 type=INTERSECTION node=(22, 9) safe_wait=(22, 8) DECISION=YIELD (Lower precedence at intersection (58.5 vs 58.5) -> Safe wait at (22, 8) for AMR-01)
05:12:39.255 [AMR-04] CONFLICT_DETECTED peer=AMR-01 type=INTERSECTION node=(22, 9) safe_wait=(22, 8) DECISION=PROCEED (Higher precedence (58.8 vs 58.3) -> Proceed through (22, 9))
05:12:39.255 [AMR-04] STATE_TRANSITION YIELDING -> MOVING (intent=MOVE)
05:12:39.355 [AMR-04] STATE_TRANSITION MOVING -> EMERGENCY_STOP (intent=STOP)
05:12:39.355 [AMR-04] SAFETY_STOP min_obstacle_distance=1.00m <= 1.2m
05:12:39.455 [AMR-04] CONFLICT_DETECTED peer=AMR-01 type=INTERSECTION node=(22, 9) safe_wait=(22, 8) DECISION=YIELD (Lower precedence at intersection (58.5 vs 58.6) -> Safe wait at (22, 8) for AMR-01)
05:12:39.456 [AMR-04] STATE_TRANSITION EMERGENCY_STOP -> YIELDING (intent=YIELD)
05:12:39.556 [AMR-04] CONFLICT_DETECTED peer=AMR-01 type=INTERSECTION node=(22, 9) safe_wait=(22, 8) DECISION=PROCEED (Higher precedence (58.7 vs 58.6) -> Proceed through (22, 9))
05:12:39.556 [AMR-04] STATE_TRANSITION YIELDING -> MOVING (intent=MOVE)
05:12:39.656 [AMR-04] CONFLICT_DETECTED peer=AMR-01 type=INTERSECTION node=(22, 9) safe_wait=(22, 8) DECISION=PROCEED (Higher precedence (59.0 vs 58.4) -> Proceed through (22, 9))
05:12:39.758 [AMR-04] CONFLICT_DETECTED peer=AMR-01 type=INTERSECTION node=(22, 9) safe_wait=(22, 8) DECISION=PROCEED (Higher precedence (58.9 vs 58.4) -> Proceed through (22, 9))
05:12:39.858 [AMR-04] CONFLICT_DETECTED peer=AMR-01 type=INTERSECTION node=(22, 9) safe_wait=(22, 8) DECISION=PROCEED (Higher precedence (58.6 vs 58.6) -> Proceed through (22, 9))
05:12:39.959 [AMR-04] CONFLICT_DETECTED peer=AMR-01 type=INTERSECTION node=(22, 9) safe_wait=(22, 8) DECISION=YIELD (Lower precedence at intersection (58.4 vs 58.8) -> Safe wait at (22, 8) for AMR-01)
05:12:39.959 [AMR-04] STATE_TRANSITION MOVING -> YIELDING (intent=YIELD)
05:12:40.059 [AMR-04] CONFLICT_DETECTED peer=AMR-01 type=INTERSECTION node=(22, 9) safe_wait=(22, 8) DECISION=YIELD (Lower precedence at intersection (58.6 vs 59.0) -> Safe wait at (22, 8) for AMR-01)
05:12:40.160 [AMR-04] CONFLICT_DETECTED peer=AMR-01 type=INTERSECTION node=(22, 9) safe_wait=(22, 8) DECISION=PROCEED (Higher precedence (58.8 vs 58.8) -> Proceed through (22, 9))
05:12:40.161 [AMR-04] STATE_TRANSITION YIELDING -> MOVING (intent=MOVE)
05:12:40.262 [AMR-04] CONFLICT_DETECTED peer=AMR-01 type=INTERSECTION node=(22, 9) safe_wait=(22, 8) DECISION=YIELD (Lower precedence at intersection (58.6 vs 58.8) -> Safe wait at (22, 8) for AMR-01)
05:12:40.262 [AMR-04] STATE_TRANSITION MOVING -> YIELDING (intent=YIELD)
05:12:40.362 [AMR-04] CONFLICT_DETECTED peer=AMR-01 type=INTERSECTION node=(22, 9) safe_wait=(22, 8) DECISION=PROCEED (Higher precedence (58.8 vs 58.6) -> Proceed through (22, 9))
05:12:40.362 [AMR-04] STATE_TRANSITION YIELDING -> MOVING (intent=MOVE)
05:12:40.462 [AMR-04] CONFLICT_DETECTED peer=AMR-01 type=INTERSECTION node=(22, 9) safe_wait=(22, 8) DECISION=PROCEED (Higher precedence (58.6 vs 58.6) -> Proceed through (22, 9))
05:12:40.563 [AMR-04] CONFLICT_DETECTED peer=AMR-01 type=INTERSECTION node=(22, 9) safe_wait=(22, 8) DECISION=YIELD (Lower precedence at intersection (58.5 vs 58.8) -> Safe wait at (22, 8) for AMR-01)
05:12:40.563 [AMR-04] STATE_TRANSITION MOVING -> YIELDING (intent=YIELD)
05:12:40.663 [AMR-04] CONFLICT_DETECTED peer=AMR-01 type=INTERSECTION node=(22, 9) safe_wait=(22, 8) DECISION=PROCEED (Higher precedence (59.1 vs 59.0) -> Proceed through (22, 9))
05:12:40.663 [AMR-04] STATE_TRANSITION YIELDING -> MOVING (intent=MOVE)
05:12:40.763 [AMR-04] STATE_TRANSITION MOVING -> EMERGENCY_STOP (intent=STOP)
05:12:40.763 [AMR-04] SAFETY_STOP min_obstacle_distance=1.00m <= 1.2m
05:12:40.864 [AMR-04] CONFLICT_DETECTED peer=AMR-01 type=INTERSECTION node=(22, 9) safe_wait=(22, 8) DECISION=PROCEED (Higher precedence (58.9 vs 58.8) -> Proceed through (22, 9))
05:12:40.864 [AMR-04] STATE_TRANSITION EMERGENCY_STOP -> MOVING (intent=MOVE)
05:12:40.965 [AMR-04] STATE_TRANSITION MOVING -> EMERGENCY_STOP (intent=STOP)
05:12:40.965 [AMR-04] SAFETY_STOP min_obstacle_distance=1.00m <= 1.2m
05:12:41.065 [AMR-04] CONFLICT_DETECTED peer=AMR-01 type=INTERSECTION node=(22, 9) safe_wait=(22, 8) DECISION=YIELD (Lower precedence at intersection (58.7 vs 59.3) -> Safe wait at (22, 8) for AMR-01)
05:12:41.065 [AMR-04] STATE_TRANSITION EMERGENCY_STOP -> YIELDING (intent=YIELD)
05:12:41.165 [AMR-04] CONFLICT_DETECTED peer=AMR-01 type=INTERSECTION node=(22, 9) safe_wait=(22, 8) DECISION=YIELD (Lower precedence at intersection (58.9 vs 59.3) -> Safe wait at (22, 8) for AMR-01)
05:12:41.266 [AMR-04] CONFLICT_DETECTED peer=AMR-01 type=INTERSECTION node=(22, 9) safe_wait=(22, 8) DECISION=YIELD (Lower precedence at intersection (59.1 vs 59.1) -> Safe wait at (22, 8) for AMR-01)
05:12:41.366 [AMR-04] CONFLICT_DETECTED peer=AMR-01 type=INTERSECTION node=(22, 9) safe_wait=(22, 8) DECISION=PROCEED (Higher precedence (59.3 vs 59.1) -> Proceed through (22, 9))
05:12:41.366 [AMR-04] STATE_TRANSITION YIELDING -> MOVING (intent=MOVE)
05:12:41.467 [AMR-04] STATE_TRANSITION MOVING -> EMERGENCY_STOP (intent=STOP)
05:12:41.467 [AMR-04] SAFETY_STOP min_obstacle_distance=1.00m <= 1.2m
05:12:41.567 [AMR-04] CONFLICT_DETECTED peer=AMR-01 type=INTERSECTION node=(22, 9) safe_wait=(22, 8) DECISION=PROCEED (Higher precedence (59.1 vs 58.9) -> Proceed through (22, 9))
05:12:41.567 [AMR-04] STATE_TRANSITION EMERGENCY_STOP -> MOVING (intent=MOVE)
05:12:41.667 [AMR-04] STATE_TRANSITION MOVING -> EMERGENCY_STOP (intent=STOP)
05:12:41.667 [AMR-04] SAFETY_STOP min_obstacle_distance=1.00m <= 1.2m
05:12:41.768 [AMR-04] CONFLICT_DETECTED peer=AMR-01 type=INTERSECTION node=(22, 9) safe_wait=(22, 8) DECISION=YIELD (Lower precedence at intersection (58.9 vs 59.3) -> Safe wait at (22, 8) for AMR-01)
05:12:41.768 [AMR-04] STATE_TRANSITION EMERGENCY_STOP -> YIELDING (intent=YIELD)
05:12:41.869 [AMR-04] CONFLICT_DETECTED peer=AMR-01 type=INTERSECTION node=(22, 9) safe_wait=(22, 8) DECISION=PROCEED (Higher precedence (59.1 vs 59.1) -> Proceed through (22, 9))
05:12:41.869 [AMR-04] STATE_TRANSITION YIELDING -> MOVING (intent=MOVE)
05:12:41.969 [AMR-04] STATE_TRANSITION MOVING -> EMERGENCY_STOP (intent=STOP)
05:12:41.969 [AMR-04] SAFETY_STOP min_obstacle_distance=1.01m <= 1.2m
05:12:42.070 [AMR-04] CONFLICT_DETECTED peer=AMR-01 type=INTERSECTION node=(22, 9) safe_wait=(22, 8) DECISION=YIELD (Lower precedence at intersection (58.9 vs 59.0) -> Safe wait at (22, 8) for AMR-01)
05:12:42.071 [AMR-04] STATE_TRANSITION EMERGENCY_STOP -> YIELDING (intent=YIELD)
05:12:42.172 [AMR-04] CONFLICT_DETECTED peer=AMR-01 type=INTERSECTION node=(22, 9) safe_wait=(22, 8) DECISION=PROCEED (Higher precedence (59.1 vs 58.9) -> Proceed through (22, 9))
05:12:42.172 [AMR-04] STATE_TRANSITION YIELDING -> MOVING (intent=MOVE)
05:12:42.273 [AMR-04] STATE_TRANSITION MOVING -> EMERGENCY_STOP (intent=STOP)
05:12:42.273 [AMR-04] SAFETY_STOP min_obstacle_distance=1.00m <= 1.2m
05:12:42.374 [AMR-04] CONFLICT_DETECTED peer=AMR-01 type=INTERSECTION node=(22, 9) safe_wait=(22, 8) DECISION=PROCEED (Higher precedence (59.4 vs 58.9) -> Proceed through (22, 9))
05:12:42.374 [AMR-04] STATE_TRANSITION EMERGENCY_STOP -> MOVING (intent=MOVE)
05:12:42.474 [AMR-04] STATE_TRANSITION MOVING -> EMERGENCY_STOP (intent=STOP)
05:12:42.474 [AMR-04] SAFETY_STOP min_obstacle_distance=1.00m <= 1.2m
05:12:42.574 [AMR-04] CONFLICT_DETECTED peer=AMR-01 type=INTERSECTION node=(22, 9) safe_wait=(22, 8) DECISION=PROCEED (Higher precedence (59.2 vs 59.1) -> Proceed through (22, 9))
05:12:42.574 [AMR-04] STATE_TRANSITION EMERGENCY_STOP -> MOVING (intent=MOVE)
05:12:42.675 [AMR-04] STATE_TRANSITION MOVING -> EMERGENCY_STOP (intent=STOP)
05:12:42.675 [AMR-04] SAFETY_STOP min_obstacle_distance=1.00m <= 1.2m
05:12:42.775 [AMR-04] CONFLICT_DETECTED peer=AMR-01 type=INTERSECTION node=(22, 9) safe_wait=(22, 8) DECISION=YIELD (Lower precedence at intersection (59.0 vs 59.1) -> Safe wait at (22, 8) for AMR-01)
05:12:42.775 [AMR-04] STATE_TRANSITION EMERGENCY_STOP -> YIELDING (intent=YIELD)
05:12:42.876 [AMR-04] CONFLICT_DETECTED peer=AMR-01 type=INTERSECTION node=(22, 9) safe_wait=(22, 8) DECISION=YIELD (Lower precedence at intersection (59.2 vs 59.5) -> Safe wait at (22, 8) for AMR-01)
05:12:42.976 [AMR-04] CONFLICT_DETECTED peer=AMR-01 type=INTERSECTION node=(22, 9) safe_wait=(22, 8) DECISION=PROCEED (Higher precedence (59.4 vs 59.3) -> Proceed through (22, 9))
05:12:42.976 [AMR-04] STATE_TRANSITION YIELDING -> MOVING (intent=MOVE)
05:12:43.076 [AMR-04] STATE_TRANSITION MOVING -> EMERGENCY_STOP (intent=STOP)
05:12:43.077 [AMR-04] SAFETY_STOP min_obstacle_distance=1.00m <= 1.2m
05:12:43.177 [AMR-04] CONFLICT_DETECTED peer=AMR-01 type=INTERSECTION node=(22, 9) safe_wait=(22, 8) DECISION=YIELD (Lower precedence at intersection (59.2 vs 59.3) -> Safe wait at (22, 8) for AMR-01)
05:12:43.177 [AMR-04] STATE_TRANSITION EMERGENCY_STOP -> YIELDING (intent=YIELD)
05:12:43.278 [AMR-04] CONFLICT_DETECTED peer=AMR-01 type=INTERSECTION node=(22, 9) safe_wait=(22, 8) DECISION=PROCEED (Higher precedence (59.4 vs 59.3) -> Proceed through (22, 9))
05:12:43.278 [AMR-04] STATE_TRANSITION YIELDING -> MOVING (intent=MOVE)
05:12:43.378 [AMR-04] STATE_TRANSITION MOVING -> EMERGENCY_STOP (intent=STOP)
05:12:43.378 [AMR-04] SAFETY_STOP min_obstacle_distance=1.00m <= 1.2m
05:12:43.478 [AMR-04] CONFLICT_DETECTED peer=AMR-01 type=INTERSECTION node=(22, 9) safe_wait=(22, 8) DECISION=YIELD (Lower precedence at intersection (59.2 vs 59.3) -> Safe wait at (22, 8) for AMR-01)
05:12:43.478 [AMR-04] STATE_TRANSITION EMERGENCY_STOP -> YIELDING (intent=YIELD)
05:12:43.579 [AMR-04] CONFLICT_DETECTED peer=AMR-01 type=INTERSECTION node=(22, 9) safe_wait=(22, 8) DECISION=PROCEED (Higher precedence (59.4 vs 59.3) -> Proceed through (22, 9))
05:12:43.579 [AMR-04] STATE_TRANSITION YIELDING -> MOVING (intent=MOVE)
05:12:43.679 [AMR-04] STATE_TRANSITION MOVING -> EMERGENCY_STOP (intent=STOP)
05:12:43.679 [AMR-04] SAFETY_STOP min_obstacle_distance=1.00m <= 1.2m
05:12:43.779 [AMR-04] CONFLICT_DETECTED peer=AMR-01 type=INTERSECTION node=(22, 9) safe_wait=(22, 8) DECISION=YIELD (Lower precedence at intersection (59.2 vs 59.3) -> Safe wait at (22, 8) for AMR-01)
05:12:43.779 [AMR-04] STATE_TRANSITION EMERGENCY_STOP -> YIELDING (intent=YIELD)
05:12:43.880 [AMR-04] CONFLICT_DETECTED peer=AMR-01 type=INTERSECTION node=(22, 9) safe_wait=(22, 8) DECISION=PROCEED (Higher precedence (59.4 vs 59.3) -> Proceed through (22, 9))
05:12:43.880 [AMR-04] STATE_TRANSITION YIELDING -> MOVING (intent=MOVE)
05:12:43.981 [AMR-04] CONFLICT_DETECTED peer=AMR-01 type=SAME_NEXT_NODE node=(22, 9) safe_wait=(22, 8) DECISION=PROCEED (Higher precedence (59.7 vs 59.5) -> Proceed through (22, 9))
05:12:44.081 [AMR-04] CONFLICT_DETECTED peer=AMR-01 type=SAME_NEXT_NODE node=(22, 9) safe_wait=(22, 8) DECISION=PROCEED (Higher precedence (59.5 vs 59.3) -> Proceed through (22, 9))
05:12:44.182 [AMR-04] RESERVATION_WAIT: Zone (22, 9) reserved by AMR-01 (priority 59.5 >= 59.4)
05:12:44.182 [AMR-04] STATE_TRANSITION MOVING -> WAITING (intent=WAIT)
05:12:44.282 [AMR-04] CONFLICT_DETECTED peer=AMR-01 type=SAME_NEXT_NODE node=(22, 9) safe_wait=(22, 8) DECISION=PROCEED (Higher precedence (59.5 vs 59.5) -> Proceed through (22, 9))
05:12:44.282 [AMR-04] STATE_TRANSITION WAITING -> MOVING (intent=MOVE)
05:12:44.384 [AMR-04] RESERVATION_WAIT: Zone (22, 9) reserved by AMR-01 (priority 59.7 >= 59.3)
05:12:44.384 [AMR-04] STATE_TRANSITION MOVING -> WAITING (intent=WAIT)
05:12:44.486 [AMR-04] RESERVATION_WAIT: Zone (22, 9) reserved by AMR-01 (priority 59.7 >= 59.5)
05:12:44.587 [AMR-04] CONFLICT_DETECTED peer=AMR-01 type=INTERSECTION node=(22, 10) safe_wait=(22, 9) DECISION=PROCEED (Higher precedence (59.7 vs 59.7) -> Proceed through (22, 10))
05:12:44.587 [AMR-04] STATE_TRANSITION WAITING -> MOVING (intent=MOVE)
05:12:44.687 [AMR-04] STATE_TRANSITION MOVING -> EMERGENCY_STOP (intent=STOP)
05:12:44.687 [AMR-04] SAFETY_STOP min_obstacle_distance=1.00m <= 1.2m
05:12:44.788 [AMR-04] RESERVATION_WAIT: Zone (22, 9) reserved by AMR-01 (priority 59.7 >= 59.5)
05:12:44.788 [AMR-04] STATE_TRANSITION EMERGENCY_STOP -> WAITING (intent=WAIT)
05:12:44.889 [AMR-04] CONFLICT_DETECTED peer=AMR-01 type=INTERSECTION node=(22, 10) safe_wait=(22, 9) DECISION=PROCEED (Higher precedence (59.7 vs 59.7) -> Proceed through (22, 10))
05:12:44.889 [AMR-04] STATE_TRANSITION WAITING -> MOVING (intent=MOVE)
05:12:44.989 [AMR-04] STATE_TRANSITION MOVING -> EMERGENCY_STOP (intent=STOP)
05:12:44.989 [AMR-04] SAFETY_STOP min_obstacle_distance=1.00m <= 1.2m
05:12:45.090 [AMR-04] RESERVATION_WAIT: Zone (22, 9) reserved by AMR-01 (priority 59.7 >= 59.5)
05:12:45.090 [AMR-04] STATE_TRANSITION EMERGENCY_STOP -> WAITING (intent=WAIT)
05:12:45.190 [AMR-04] CONFLICT_DETECTED peer=AMR-01 type=INTERSECTION node=(22, 10) safe_wait=(22, 9) DECISION=PROCEED (Higher precedence (59.7 vs 59.7) -> Proceed through (22, 10))
05:12:45.190 [AMR-04] STATE_TRANSITION WAITING -> MOVING (intent=MOVE)
05:12:45.291 [AMR-04] STATE_TRANSITION MOVING -> EMERGENCY_STOP (intent=STOP)
05:12:45.291 [AMR-04] SAFETY_STOP min_obstacle_distance=1.00m <= 1.2m
05:12:45.392 [AMR-04] RESERVATION_WAIT: Zone (22, 9) reserved by AMR-01 (priority 59.7 >= 59.5)
05:12:45.392 [AMR-04] STATE_TRANSITION EMERGENCY_STOP -> WAITING (intent=WAIT)
05:12:45.493 [AMR-04] CONFLICT_DETECTED peer=AMR-01 type=INTERSECTION node=(22, 10) safe_wait=(22, 9) DECISION=PROCEED (Higher precedence (59.7 vs 59.7) -> Proceed through (22, 10))
05:12:45.493 [AMR-04] STATE_TRANSITION WAITING -> MOVING (intent=MOVE)
05:12:45.593 [AMR-04] STATE_TRANSITION MOVING -> EMERGENCY_STOP (intent=STOP)
05:12:45.593 [AMR-04] SAFETY_STOP min_obstacle_distance=0.85m <= 1.2m
05:12:45.694 [AMR-04] CONFLICT_DETECTED peer=AMR-01 type=SAME_NEXT_NODE node=(22, 10) safe_wait=(22, 9) DECISION=PROCEED (Higher precedence (60.0 vs 59.8) -> Proceed through (22, 10))
05:12:45.694 [AMR-04] STATE_TRANSITION EMERGENCY_STOP -> MOVING (intent=MOVE)
05:12:45.794 [AMR-04] STATE_TRANSITION MOVING -> EMERGENCY_STOP (intent=STOP)
05:12:45.794 [AMR-04] SAFETY_STOP min_obstacle_distance=0.00m <= 1.2m
05:12:45.894 [AMR-04] RESERVATION_WAIT: Zone (22, 10) reserved by AMR-01 (priority 59.9 >= 59.8)
05:12:45.895 [AMR-04] STATE_TRANSITION EMERGENCY_STOP -> WAITING (intent=WAIT)
05:12:45.996 [AMR-04] RESERVATION_WAIT: Zone (22, 10) reserved by AMR-01 (priority 60.1 >= 60.0)
05:12:46.097 [AMR-04] CONFLICT_DETECTED peer=AMR-01 type=PROXIMITY node=(22, 9) safe_wait=(22, 9) DECISION=PROCEED (Higher precedence (60.2 vs 50.4) -> Proceed through (22, 9))
05:12:46.097 [AMR-04] STATE_TRANSITION WAITING -> MOVING (intent=MOVE)
05:12:46.197 [AMR-04] STATE_TRANSITION MOVING -> EMERGENCY_STOP (intent=STOP)
05:12:46.197 [AMR-04] SAFETY_STOP min_obstacle_distance=1.00m <= 1.2m
05:12:46.298 [AMR-04] RESERVATION_WAIT: Zone (22, 10) reserved by AMR-01 (priority 60.1 >= 60.0)
05:12:46.298 [AMR-04] STATE_TRANSITION EMERGENCY_STOP -> WAITING (intent=WAIT)
05:12:46.399 [AMR-04] CONFLICT_DETECTED peer=AMR-01 type=INTERSECTION node=(22, 11) safe_wait=(22, 10) DECISION=PROCEED (Higher precedence (60.2 vs 50.6) -> Proceed through (22, 11))
05:12:46.399 [AMR-04] STATE_TRANSITION WAITING -> MOVING (intent=MOVE)
05:12:46.499 [AMR-04] STATE_TRANSITION MOVING -> EMERGENCY_STOP (intent=STOP)
05:12:46.499 [AMR-04] SAFETY_STOP min_obstacle_distance=1.00m <= 1.2m
05:12:46.599 [AMR-04] RESERVATION_WAIT: Zone (22, 10) reserved by AMR-01 (priority 60.1 >= 60.0)
05:12:46.599 [AMR-04] STATE_TRANSITION EMERGENCY_STOP -> WAITING (intent=WAIT)
05:12:46.699 [AMR-04] CONFLICT_DETECTED peer=AMR-01 type=INTERSECTION node=(22, 11) safe_wait=(22, 10) DECISION=PROCEED (Higher precedence (60.2 vs 51.2) -> Proceed through (22, 11))
05:12:46.699 [AMR-04] STATE_TRANSITION WAITING -> MOVING (intent=MOVE)
05:12:46.800 [AMR-04] STATE_TRANSITION MOVING -> EMERGENCY_STOP (intent=STOP)
05:12:46.800 [AMR-04] SAFETY_STOP min_obstacle_distance=1.00m <= 1.2m
05:12:46.901 [AMR-04] RESERVATION_WAIT: Zone (22, 10) reserved by AMR-01 (priority 60.1 >= 60.0)
05:12:46.901 [AMR-04] STATE_TRANSITION EMERGENCY_STOP -> WAITING (intent=WAIT)
05:12:47.001 [AMR-04] CONFLICT_DETECTED peer=AMR-01 type=INTERSECTION node=(22, 11) safe_wait=(22, 10) DECISION=PROCEED (Higher precedence (60.2 vs 51.8) -> Proceed through (22, 11))
05:12:47.001 [AMR-04] STATE_TRANSITION WAITING -> MOVING (intent=MOVE)
05:12:47.102 [AMR-04] STATE_TRANSITION MOVING -> EMERGENCY_STOP (intent=STOP)
05:12:47.102 [AMR-04] SAFETY_STOP min_obstacle_distance=1.00m <= 1.2m
05:12:47.202 [AMR-04] RESERVATION_WAIT: Zone (22, 10) reserved by AMR-01 (priority 60.1 >= 60.0)
05:12:47.202 [AMR-04] STATE_TRANSITION EMERGENCY_STOP -> WAITING (intent=WAIT)
05:12:47.303 [AMR-04] CONFLICT_DETECTED peer=AMR-01 type=INTERSECTION node=(22, 11) safe_wait=(22, 10) DECISION=PROCEED (Higher precedence (60.2 vs 52.4) -> Proceed through (22, 11))
05:12:47.303 [AMR-04] STATE_TRANSITION WAITING -> MOVING (intent=MOVE)
05:12:47.404 [AMR-04] STATE_TRANSITION MOVING -> EMERGENCY_STOP (intent=STOP)
05:12:47.404 [AMR-04] SAFETY_STOP min_obstacle_distance=1.00m <= 1.2m
05:12:47.504 [AMR-04] RESERVATION_WAIT: Zone (22, 10) reserved by AMR-01 (priority 60.1 >= 60.0)
05:12:47.504 [AMR-04] STATE_TRANSITION EMERGENCY_STOP -> WAITING (intent=WAIT)
05:12:47.604 [AMR-04] CONFLICT_DETECTED peer=AMR-01 type=INTERSECTION node=(22, 11) safe_wait=(22, 10) DECISION=PROCEED (Higher precedence (60.2 vs 53.0) -> Proceed through (22, 11))
05:12:47.604 [AMR-04] STATE_TRANSITION WAITING -> MOVING (intent=MOVE)
05:12:47.705 [AMR-04] STATE_TRANSITION MOVING -> EMERGENCY_STOP (intent=STOP)
05:12:47.705 [AMR-04] SAFETY_STOP min_obstacle_distance=1.00m <= 1.2m
05:12:47.806 [AMR-04] RESERVATION_WAIT: Zone (22, 10) reserved by AMR-01 (priority 60.1 >= 60.0)
05:12:47.806 [AMR-04] STATE_TRANSITION EMERGENCY_STOP -> WAITING (intent=WAIT)
05:12:47.906 [AMR-04] CONFLICT_DETECTED peer=AMR-01 type=INTERSECTION node=(22, 11) safe_wait=(22, 10) DECISION=PROCEED (Higher precedence (60.2 vs 53.6) -> Proceed through (22, 11))
05:12:47.906 [AMR-04] STATE_TRANSITION WAITING -> MOVING (intent=MOVE)
05:12:48.006 [AMR-04] STATE_TRANSITION MOVING -> EMERGENCY_STOP (intent=STOP)
05:12:48.006 [AMR-04] SAFETY_STOP min_obstacle_distance=1.00m <= 1.2m
05:12:48.107 [AMR-04] RESERVATION_WAIT: Zone (22, 10) reserved by AMR-01 (priority 60.1 >= 60.0)
05:12:48.107 [AMR-04] STATE_TRANSITION EMERGENCY_STOP -> WAITING (intent=WAIT)
05:12:48.208 [AMR-04] CONFLICT_DETECTED peer=AMR-01 type=INTERSECTION node=(22, 11) safe_wait=(22, 10) DECISION=PROCEED (Higher precedence (60.2 vs 54.2) -> Proceed through (22, 11))
05:12:48.208 [AMR-04] STATE_TRANSITION WAITING -> MOVING (intent=MOVE)
05:12:48.309 [AMR-04] STATE_TRANSITION MOVING -> EMERGENCY_STOP (intent=STOP)
05:12:48.309 [AMR-04] SAFETY_STOP min_obstacle_distance=1.00m <= 1.2m
05:12:48.410 [AMR-04] RESERVATION_WAIT: Zone (22, 10) reserved by AMR-01 (priority 60.1 >= 60.0)
05:12:48.410 [AMR-04] STATE_TRANSITION EMERGENCY_STOP -> WAITING (intent=WAIT)
05:12:48.511 [AMR-04] CONFLICT_DETECTED peer=AMR-01 type=INTERSECTION node=(22, 11) safe_wait=(22, 10) DECISION=PROCEED (Higher precedence (60.2 vs 54.8) -> Proceed through (22, 11))
05:12:48.511 [AMR-04] STATE_TRANSITION WAITING -> MOVING (intent=MOVE)
05:12:48.612 [AMR-04] STATE_TRANSITION MOVING -> EMERGENCY_STOP (intent=STOP)
05:12:48.612 [AMR-04] SAFETY_STOP min_obstacle_distance=1.00m <= 1.2m
05:12:48.712 [AMR-04] RESERVATION_WAIT: Zone (22, 10) reserved by AMR-01 (priority 60.1 >= 60.0)
05:12:48.712 [AMR-04] STATE_TRANSITION EMERGENCY_STOP -> WAITING (intent=WAIT)
05:12:48.813 [AMR-04] CONFLICT_DETECTED peer=AMR-01 type=INTERSECTION node=(22, 11) safe_wait=(22, 10) DECISION=PROCEED (Higher precedence (60.2 vs 55.4) -> Proceed through (22, 11))
05:12:48.813 [AMR-04] STATE_TRANSITION WAITING -> MOVING (intent=MOVE)
05:12:48.913 [AMR-04] STATE_TRANSITION MOVING -> EMERGENCY_STOP (intent=STOP)
05:12:48.913 [AMR-04] SAFETY_STOP min_obstacle_distance=1.00m <= 1.2m
05:12:49.014 [AMR-04] CONFLICT_DETECTED peer=AMR-01 type=INTERSECTION node=(22, 11) safe_wait=(22, 10) DECISION=PROCEED (Higher precedence (60.0 vs 55.8) -> Proceed through (22, 11))
05:12:49.014 [AMR-04] STATE_TRANSITION EMERGENCY_STOP -> MOVING (intent=MOVE)
05:12:49.114 [AMR-04] STATE_TRANSITION MOVING -> EMERGENCY_STOP (intent=STOP)
05:12:49.114 [AMR-04] SAFETY_STOP min_obstacle_distance=1.00m <= 1.2m
05:12:49.215 [AMR-04] CONFLICT_DETECTED peer=AMR-01 type=INTERSECTION node=(22, 11) safe_wait=(22, 10) DECISION=PROCEED (Higher precedence (59.8 vs 56.2) -> Proceed through (22, 11))
05:12:49.215 [AMR-04] STATE_TRANSITION EMERGENCY_STOP -> MOVING (intent=MOVE)
05:12:49.316 [AMR-04] STATE_TRANSITION MOVING -> EMERGENCY_STOP (intent=STOP)
05:12:49.316 [AMR-04] SAFETY_STOP min_obstacle_distance=1.00m <= 1.2m
05:12:49.416 [AMR-04] CONFLICT_DETECTED peer=AMR-01 type=INTERSECTION node=(22, 11) safe_wait=(22, 10) DECISION=PROCEED (Higher precedence (59.6 vs 56.6) -> Proceed through (22, 11))
05:12:49.416 [AMR-04] STATE_TRANSITION EMERGENCY_STOP -> MOVING (intent=MOVE)
05:12:49.516 [AMR-04] STATE_TRANSITION MOVING -> EMERGENCY_STOP (intent=STOP)
05:12:49.516 [AMR-04] SAFETY_STOP min_obstacle_distance=1.00m <= 1.2m
05:12:49.616 [AMR-04] CONFLICT_DETECTED peer=AMR-01 type=INTERSECTION node=(22, 11) safe_wait=(22, 10) DECISION=PROCEED (Higher precedence (59.4 vs 57.0) -> Proceed through (22, 11))
05:12:49.617 [AMR-04] STATE_TRANSITION EMERGENCY_STOP -> MOVING (intent=MOVE)
05:12:49.718 [AMR-04] STATE_TRANSITION MOVING -> EMERGENCY_STOP (intent=STOP)
05:12:49.718 [AMR-04] SAFETY_STOP min_obstacle_distance=1.00m <= 1.2m
05:12:49.819 [AMR-04] CONFLICT_DETECTED peer=AMR-01 type=INTERSECTION node=(22, 11) safe_wait=(22, 10) DECISION=PROCEED (Higher precedence (59.2 vs 57.4) -> Proceed through (22, 11))
05:12:49.819 [AMR-04] STATE_TRANSITION EMERGENCY_STOP -> MOVING (intent=MOVE)
05:12:49.920 [AMR-04] STATE_TRANSITION MOVING -> EMERGENCY_STOP (intent=STOP)
05:12:49.920 [AMR-04] SAFETY_STOP min_obstacle_distance=1.00m <= 1.2m
05:12:50.021 [AMR-04] CONFLICT_DETECTED peer=AMR-01 type=INTERSECTION node=(22, 11) safe_wait=(22, 10) DECISION=PROCEED (Higher precedence (59.0 vs 57.9) -> Proceed through (22, 11))
05:12:50.021 [AMR-04] STATE_TRANSITION EMERGENCY_STOP -> MOVING (intent=MOVE)
05:12:50.122 [AMR-04] STATE_TRANSITION MOVING -> EMERGENCY_STOP (intent=STOP)
05:12:50.122 [AMR-04] SAFETY_STOP min_obstacle_distance=1.00m <= 1.2m
05:12:50.223 [AMR-04] CONFLICT_DETECTED peer=AMR-01 type=INTERSECTION node=(22, 11) safe_wait=(22, 10) DECISION=PROCEED (Higher precedence (58.8 vs 58.2) -> Proceed through (22, 11))
05:12:50.223 [AMR-04] STATE_TRANSITION EMERGENCY_STOP -> MOVING (intent=MOVE)
05:12:50.323 [AMR-04] STATE_TRANSITION MOVING -> EMERGENCY_STOP (intent=STOP)
05:12:50.323 [AMR-04] SAFETY_STOP min_obstacle_distance=1.00m <= 1.2m
05:12:50.424 [AMR-04] CONFLICT_DETECTED peer=AMR-01 type=INTERSECTION node=(22, 11) safe_wait=(22, 10) DECISION=YIELD (Lower precedence at intersection (58.6 vs 58.7) -> Safe wait at (22, 10) for AMR-01)
05:12:50.424 [AMR-04] STATE_TRANSITION EMERGENCY_STOP -> YIELDING (intent=YIELD)
05:12:50.524 [AMR-04] CONFLICT_DETECTED peer=AMR-01 type=INTERSECTION node=(22, 11) safe_wait=(22, 10) DECISION=YIELD (Lower precedence at intersection (58.8 vs 58.9) -> Safe wait at (22, 10) for AMR-01)
05:12:50.625 [AMR-04] CONFLICT_DETECTED peer=AMR-01 type=INTERSECTION node=(22, 11) safe_wait=(22, 10) DECISION=PROCEED (Higher precedence (59.0 vs 58.7) -> Proceed through (22, 11))
05:12:50.625 [AMR-04] STATE_TRANSITION YIELDING -> MOVING (intent=MOVE)
05:12:50.725 [AMR-04] STATE_TRANSITION MOVING -> EMERGENCY_STOP (intent=STOP)
05:12:50.725 [AMR-04] SAFETY_STOP min_obstacle_distance=1.00m <= 1.2m
05:12:50.826 [AMR-04] CONFLICT_DETECTED peer=AMR-01 type=INTERSECTION node=(22, 11) safe_wait=(22, 10) DECISION=YIELD (Lower precedence at intersection (58.8 vs 58.9) -> Safe wait at (22, 10) for AMR-01)
05:12:50.826 [AMR-04] STATE_TRANSITION EMERGENCY_STOP -> YIELDING (intent=YIELD)
05:12:50.928 [AMR-04] CONFLICT_DETECTED peer=AMR-01 type=INTERSECTION node=(22, 11) safe_wait=(22, 10) DECISION=YIELD (Lower precedence at intersection (59.0 vs 59.1) -> Safe wait at (22, 10) for AMR-01)
05:12:51.028 [AMR-04] CONFLICT_DETECTED peer=AMR-01 type=INTERSECTION node=(22, 11) safe_wait=(22, 10) DECISION=PROCEED (Higher precedence (59.2 vs 58.9) -> Proceed through (22, 11))
05:12:51.028 [AMR-04] STATE_TRANSITION YIELDING -> MOVING (intent=MOVE)
05:12:51.129 [AMR-04] STATE_TRANSITION MOVING -> EMERGENCY_STOP (intent=STOP)
05:12:51.129 [AMR-04] SAFETY_STOP min_obstacle_distance=0.00m <= 1.2m
05:12:51.230 [AMR-04] CONFLICT_DETECTED peer=AMR-01 type=SAME_NEXT_NODE node=(22, 11) safe_wait=(22, 10) DECISION=PROCEED (Higher precedence (59.5 vs 59.1) -> Proceed through (22, 11))
05:12:51.230 [AMR-04] STATE_TRANSITION EMERGENCY_STOP -> MOVING (intent=MOVE)
05:12:51.331 [AMR-04] STATE_TRANSITION MOVING -> EMERGENCY_STOP (intent=STOP)
05:12:51.331 [AMR-04] SAFETY_STOP min_obstacle_distance=0.00m <= 1.2m
05:12:51.432 [AMR-04] CONFLICT_DETECTED peer=AMR-01 type=SAME_NEXT_NODE node=(22, 11) safe_wait=(22, 10) DECISION=YIELD (Lower precedence (59.3 vs 59.5) -> Safe wait at (22, 10) for AMR-01)
05:12:51.432 [AMR-04] STATE_TRANSITION EMERGENCY_STOP -> YIELDING (intent=YIELD)
05:12:51.532 [AMR-04] RESERVATION_WAIT: Zone (22, 11) reserved by AMR-01 (priority 59.7 >= 59.5)
05:12:51.533 [AMR-04] STATE_TRANSITION YIELDING -> WAITING (intent=WAIT)
05:12:51.633 [AMR-04] CONFLICT_DETECTED peer=AMR-01 type=SAME_NEXT_NODE node=(22, 11) safe_wait=(22, 10) DECISION=PROCEED (Higher precedence (59.7 vs 59.5) -> Proceed through (22, 11))
05:12:51.633 [AMR-04] STATE_TRANSITION WAITING -> MOVING (intent=MOVE)
05:12:51.734 [AMR-04] STATE_TRANSITION MOVING -> EMERGENCY_STOP (intent=STOP)
05:12:51.734 [AMR-04] SAFETY_STOP min_obstacle_distance=0.00m <= 1.2m
05:12:51.835 [AMR-04] RESERVATION_WAIT: Zone (22, 11) reserved by AMR-01 (priority 59.7 >= 59.5)
05:12:51.835 [AMR-04] STATE_TRANSITION EMERGENCY_STOP -> WAITING (intent=WAIT)
05:12:51.935 [AMR-04] RESERVATION_WAIT: Zone (22, 11) reserved by AMR-01 (priority 59.9 >= 59.7)
05:12:52.036 [AMR-04] CONFLICT_DETECTED peer=AMR-01 type=SAME_NEXT_NODE node=(22, 11) safe_wait=(22, 10) DECISION=PROCEED (Higher precedence (59.9 vs 59.7) -> Proceed through (22, 11))
05:12:52.036 [AMR-04] STATE_TRANSITION WAITING -> MOVING (intent=MOVE)
05:12:52.137 [AMR-04] STATE_TRANSITION MOVING -> EMERGENCY_STOP (intent=STOP)
05:12:52.137 [AMR-04] SAFETY_STOP min_obstacle_distance=0.00m <= 1.2m
05:12:52.237 [AMR-04] RESERVATION_WAIT: Zone (22, 11) reserved by AMR-01 (priority 59.9 >= 59.7)
05:12:52.237 [AMR-04] STATE_TRANSITION EMERGENCY_STOP -> WAITING (intent=WAIT)
05:12:52.339 [AMR-04] RESERVATION_WAIT: Zone (22, 11) reserved by AMR-01 (priority 60.1 >= 59.9)
05:12:52.439 [AMR-04] CONFLICT_DETECTED peer=AMR-01 type=SAME_NEXT_NODE node=(22, 11) safe_wait=(22, 10) DECISION=PROCEED (Higher precedence (60.1 vs 59.9) -> Proceed through (22, 11))
05:12:52.439 [AMR-04] STATE_TRANSITION WAITING -> MOVING (intent=MOVE)
05:12:52.540 [AMR-04] STATE_TRANSITION MOVING -> EMERGENCY_STOP (intent=STOP)
05:12:52.540 [AMR-04] SAFETY_STOP min_obstacle_distance=0.00m <= 1.2m
05:12:52.640 [AMR-04] RESERVATION_WAIT: Zone (22, 11) reserved by AMR-01 (priority 60.1 >= 59.9)
05:12:52.640 [AMR-04] STATE_TRANSITION EMERGENCY_STOP -> WAITING (intent=WAIT)
05:12:52.740 [AMR-04] RESERVATION_WAIT: Zone (22, 11) reserved by AMR-01 (priority 60.3 >= 60.1)
05:12:52.841 [AMR-04] CONFLICT_DETECTED peer=AMR-01 type=INTERSECTION node=(22, 12) safe_wait=(22, 11) DECISION=PROCEED (Higher precedence (60.3 vs 60.1) -> Proceed through (22, 12))
05:12:52.842 [AMR-04] STATE_TRANSITION WAITING -> MOVING (intent=MOVE)
05:12:52.941 [AMR-04] STATE_TRANSITION MOVING -> EMERGENCY_STOP (intent=STOP)
05:12:52.941 [AMR-04] SAFETY_STOP min_obstacle_distance=0.85m <= 1.2m
05:12:53.042 [AMR-04] RESERVATION_WAIT: Zone (22, 11) reserved by AMR-01 (priority 60.3 >= 60.1)
05:12:53.042 [AMR-04] STATE_TRANSITION EMERGENCY_STOP -> WAITING (intent=WAIT)
05:12:53.143 [AMR-04] CONFLICT_DETECTED peer=AMR-01 type=INTERSECTION node=(22, 12) safe_wait=(22, 11) DECISION=YIELD (Lower precedence at intersection (60.3 vs 60.5) -> Safe wait at (22, 11) for AMR-01)
05:12:53.143 [AMR-04] STATE_TRANSITION WAITING -> YIELDING (intent=YIELD)
05:12:53.243 [AMR-04] CONFLICT_DETECTED peer=AMR-01 type=INTERSECTION node=(22, 12) safe_wait=(22, 11) DECISION=PROCEED (Higher precedence (60.5 vs 60.3) -> Proceed through (22, 12))
05:12:53.243 [AMR-04] STATE_TRANSITION YIELDING -> MOVING (intent=MOVE)
05:12:53.344 [AMR-04] STATE_TRANSITION MOVING -> EMERGENCY_STOP (intent=STOP)
05:12:53.344 [AMR-04] SAFETY_STOP min_obstacle_distance=1.00m <= 1.2m
05:12:53.444 [AMR-04] CONFLICT_DETECTED peer=AMR-01 type=INTERSECTION node=(22, 12) safe_wait=(22, 11) DECISION=YIELD (Lower precedence at intersection (60.3 vs 60.5) -> Safe wait at (22, 11) for AMR-01)
05:12:53.445 [AMR-04] STATE_TRANSITION EMERGENCY_STOP -> YIELDING (intent=YIELD)
05:12:53.545 [AMR-04] CONFLICT_DETECTED peer=AMR-01 type=INTERSECTION node=(22, 12) safe_wait=(22, 11) DECISION=YIELD (Lower precedence at intersection (60.5 vs 60.7) -> Safe wait at (22, 11) for AMR-01)
05:12:53.647 [AMR-04] CONFLICT_DETECTED peer=AMR-01 type=INTERSECTION node=(22, 12) safe_wait=(22, 11) DECISION=PROCEED (Higher precedence (60.7 vs 60.5) -> Proceed through (22, 12))
05:12:53.647 [AMR-04] STATE_TRANSITION YIELDING -> MOVING (intent=MOVE)
05:12:53.747 [AMR-04] STATE_TRANSITION MOVING -> EMERGENCY_STOP (intent=STOP)
05:12:53.747 [AMR-04] SAFETY_STOP min_obstacle_distance=1.00m <= 1.2m
05:12:53.849 [AMR-04] CONFLICT_DETECTED peer=AMR-01 type=SAME_NEXT_NODE node=(22, 12) safe_wait=(22, 11) DECISION=PROCEED (Higher precedence (61.0 vs 60.7) -> Proceed through (22, 12))
05:12:53.849 [AMR-04] STATE_TRANSITION EMERGENCY_STOP -> MOVING (intent=MOVE)
05:12:53.950 [AMR-04] STATE_TRANSITION MOVING -> EMERGENCY_STOP (intent=STOP)
05:12:53.950 [AMR-04] SAFETY_STOP min_obstacle_distance=0.00m <= 1.2m
05:12:54.050 [AMR-04] RESERVATION_WAIT: Zone (22, 12) reserved by AMR-01 (priority 60.9 >= 60.8)
05:12:54.050 [AMR-04] STATE_TRANSITION EMERGENCY_STOP -> WAITING (intent=WAIT)
05:12:54.150 [AMR-04] CONFLICT_DETECTED peer=AMR-01 type=SAME_NEXT_NODE node=(22, 12) safe_wait=(22, 11) DECISION=PROCEED (Higher precedence (61.0 vs 60.7) -> Proceed through (22, 12))
05:12:54.150 [AMR-04] STATE_TRANSITION WAITING -> MOVING (intent=MOVE)
05:12:54.251 [AMR-04] STATE_TRANSITION MOVING -> EMERGENCY_STOP (intent=STOP)
05:12:54.251 [AMR-04] SAFETY_STOP min_obstacle_distance=0.00m <= 1.2m
05:12:54.351 [AMR-04] RESERVATION_WAIT: Zone (22, 12) reserved by AMR-01 (priority 61.1 >= 60.8)
05:12:54.351 [AMR-04] STATE_TRANSITION EMERGENCY_STOP -> WAITING (intent=WAIT)
05:12:54.452 [AMR-04] RESERVATION_WAIT: Zone (22, 12) reserved by AMR-01 (priority 61.1 >= 61.0)
05:12:54.552 [AMR-04] CONFLICT_DETECTED peer=AMR-01 type=SAME_NEXT_NODE node=(22, 12) safe_wait=(22, 11) DECISION=PROCEED (Higher precedence (61.2 vs 60.9) -> Proceed through (22, 12))
05:12:54.552 [AMR-04] STATE_TRANSITION WAITING -> MOVING (intent=MOVE)
05:12:54.654 [AMR-04] STATE_TRANSITION MOVING -> EMERGENCY_STOP (intent=STOP)
05:12:54.655 [AMR-04] SAFETY_STOP min_obstacle_distance=0.00m <= 1.2m
05:12:54.755 [AMR-04] RESERVATION_WAIT: Zone (22, 12) reserved by AMR-01 (priority 61.1 >= 61.0)
05:12:54.755 [AMR-04] STATE_TRANSITION EMERGENCY_STOP -> WAITING (intent=WAIT)
05:12:54.856 [AMR-04] CONFLICT_DETECTED peer=AMR-01 type=SAME_NEXT_NODE node=(22, 12) safe_wait=(22, 11) DECISION=PROCEED (Higher precedence (61.2 vs 60.9) -> Proceed through (22, 12))
05:12:54.856 [AMR-04] STATE_TRANSITION WAITING -> MOVING (intent=MOVE)
05:12:54.956 [AMR-04] STATE_TRANSITION MOVING -> EMERGENCY_STOP (intent=STOP)
05:12:54.956 [AMR-04] SAFETY_STOP min_obstacle_distance=0.00m <= 1.2m
05:12:55.057 [AMR-04] RESERVATION_WAIT: Zone (22, 12) reserved by AMR-01 (priority 61.3 >= 61.0)
05:12:55.057 [AMR-04] STATE_TRANSITION EMERGENCY_STOP -> WAITING (intent=WAIT)
05:12:55.158 [AMR-04] RESERVATION_WAIT: Zone (22, 12) reserved by AMR-01 (priority 61.3 >= 61.2)
05:12:55.258 [AMR-04] CONFLICT_DETECTED peer=AMR-01 type=FOLLOWING node=(22, 11) safe_wait=(22, 11) DECISION=PROCEED (Higher precedence (61.4 vs 61.1) -> Proceed through (22, 11))
05:12:55.258 [AMR-04] STATE_TRANSITION WAITING -> MOVING (intent=MOVE)
05:12:55.359 [AMR-04] STATE_TRANSITION MOVING -> EMERGENCY_STOP (intent=STOP)
05:12:55.359 [AMR-04] SAFETY_STOP min_obstacle_distance=1.00m <= 1.2m
05:12:55.459 [AMR-04] CONFLICT_DETECTED peer=AMR-01 type=FOLLOWING node=(22, 11) safe_wait=(22, 11) DECISION=PROCEED (Higher precedence (61.2 vs 60.9) -> Proceed through (22, 11))
05:12:55.459 [AMR-04] STATE_TRANSITION EMERGENCY_STOP -> MOVING (intent=MOVE)
05:12:55.559 [AMR-04] STATE_TRANSITION MOVING -> EMERGENCY_STOP (intent=STOP)
05:12:55.560 [AMR-04] SAFETY_STOP min_obstacle_distance=1.00m <= 1.2m
05:12:55.660 [AMR-04] RESERVATION_WAIT: Zone (22, 12) reserved by AMR-01 (priority 61.3 >= 61.0)
05:12:55.660 [AMR-04] STATE_TRANSITION EMERGENCY_STOP -> WAITING (intent=WAIT)
05:12:55.761 [AMR-04] RESERVATION_WAIT: Zone (22, 12) reserved by AMR-01 (priority 61.3 >= 61.2)
05:12:55.862 [AMR-04] CONFLICT_DETECTED peer=AMR-01 type=FOLLOWING node=(22, 11) safe_wait=(22, 11) DECISION=PROCEED (Higher precedence (61.4 vs 61.1) -> Proceed through (22, 11))
05:12:55.862 [AMR-04] STATE_TRANSITION WAITING -> MOVING (intent=MOVE)
05:12:55.962 [AMR-04] STATE_TRANSITION MOVING -> EMERGENCY_STOP (intent=STOP)
05:12:55.962 [AMR-04] SAFETY_STOP min_obstacle_distance=1.00m <= 1.2m
05:12:56.063 [AMR-04] CONFLICT_DETECTED peer=AMR-01 type=FOLLOWING node=(22, 11) safe_wait=(22, 11) DECISION=PROCEED (Higher precedence (61.2 vs 60.9) -> Proceed through (22, 11))
05:12:56.063 [AMR-04] STATE_TRANSITION EMERGENCY_STOP -> MOVING (intent=MOVE)
05:12:56.163 [AMR-04] STATE_TRANSITION MOVING -> EMERGENCY_STOP (intent=STOP)
05:12:56.163 [AMR-04] SAFETY_STOP min_obstacle_distance=1.00m <= 1.2m
05:12:56.263 [AMR-04] RESERVATION_WAIT: Zone (22, 12) reserved by AMR-01 (priority 61.3 >= 61.0)
05:12:56.263 [AMR-04] STATE_TRANSITION EMERGENCY_STOP -> WAITING (intent=WAIT)
05:12:56.365 [AMR-04] RESERVATION_WAIT: Zone (22, 12) reserved by AMR-01 (priority 61.3 >= 61.2)
05:12:56.465 [AMR-04] STATE_TRANSITION WAITING -> MOVING (intent=MOVE)
05:12:56.566 [AMR-04] STATE_TRANSITION MOVING -> EMERGENCY_STOP (intent=STOP)
05:12:56.566 [AMR-04] SAFETY_STOP min_obstacle_distance=1.00m <= 1.2m
05:12:56.666 [AMR-04] STATE_TRANSITION EMERGENCY_STOP -> MOVING (intent=MOVE)
05:12:56.766 [AMR-04] STATE_TRANSITION MOVING -> EMERGENCY_STOP (intent=STOP)
05:12:56.766 [AMR-04] SAFETY_STOP min_obstacle_distance=1.00m <= 1.2m
05:12:56.867 [AMR-04] CONFLICT_DETECTED peer=AMR-01 type=PROXIMITY node=(22, 12) safe_wait=(22, 12) DECISION=PROCEED (Higher precedence (61.5 vs 61.1) -> Proceed through (22, 12))
05:12:56.867 [AMR-04] STATE_TRANSITION EMERGENCY_STOP -> MOVING (intent=MOVE)
05:12:56.967 [AMR-04] STATE_TRANSITION MOVING -> EMERGENCY_STOP (intent=STOP)
05:12:56.967 [AMR-04] SAFETY_STOP min_obstacle_distance=1.16m <= 1.2m
05:12:57.067 [AMR-04] CONFLICT_DETECTED peer=AMR-01 type=PROXIMITY node=(22, 12) safe_wait=(22, 12) DECISION=PROCEED (Higher precedence (61.4 vs 61.0) -> Proceed through (22, 12))
05:12:57.068 [AMR-04] STATE_TRANSITION EMERGENCY_STOP -> MOVING (intent=MOVE)
05:12:57.168 [AMR-04] STATE_TRANSITION MOVING -> EMERGENCY_STOP (intent=STOP)
05:12:57.168 [AMR-04] SAFETY_STOP min_obstacle_distance=1.19m <= 1.2m
05:12:57.268 [AMR-04] CONFLICT_DETECTED peer=AMR-01 type=PROXIMITY node=(22, 12) safe_wait=(22, 12) DECISION=YIELD (Lower precedence (61.3 vs 61.4) -> Safe wait at (22, 12) for AMR-01)
05:12:57.268 [AMR-04] STATE_TRANSITION EMERGENCY_STOP -> YIELDING (intent=YIELD)
05:12:57.369 [AMR-04] CONFLICT_DETECTED peer=AMR-01 type=PROXIMITY node=(22, 12) safe_wait=(22, 12) DECISION=YIELD (Lower precedence (61.3 vs 61.6) -> Safe wait at (22, 12) for AMR-01)
05:12:57.470 [AMR-04] CONFLICT_DETECTED peer=AMR-01 type=PROXIMITY node=(22, 12) safe_wait=(22, 12) DECISION=PROCEED (Higher precedence (61.5 vs 61.3) -> Proceed through (22, 12))
05:12:57.470 [AMR-04] STATE_TRANSITION YIELDING -> MOVING (intent=MOVE)
05:12:57.570 [AMR-04] STATE_TRANSITION MOVING -> EMERGENCY_STOP (intent=STOP)
05:12:57.570 [AMR-04] SAFETY_STOP min_obstacle_distance=1.01m <= 1.2m
05:12:57.671 [AMR-04] CONFLICT_DETECTED peer=AMR-01 type=PROXIMITY node=(22, 12) safe_wait=(22, 12) DECISION=YIELD (Lower precedence (61.4 vs 61.5) -> Safe wait at (22, 12) for AMR-01)
05:12:57.671 [AMR-04] STATE_TRANSITION EMERGENCY_STOP -> YIELDING (intent=YIELD)
05:12:57.771 [AMR-04] CONFLICT_DETECTED peer=AMR-01 type=PROXIMITY node=(22, 12) safe_wait=(22, 12) DECISION=YIELD (Lower precedence (61.6 vs 61.7) -> Safe wait at (22, 12) for AMR-01)
05:12:57.871 [AMR-04] CONFLICT_DETECTED peer=AMR-01 type=PROXIMITY node=(22, 12) safe_wait=(22, 12) DECISION=PROCEED (Higher precedence (61.8 vs 61.6) -> Proceed through (22, 12))
05:12:57.871 [AMR-04] STATE_TRANSITION YIELDING -> MOVING (intent=MOVE)
05:12:57.972 [AMR-04] STATE_TRANSITION MOVING -> EMERGENCY_STOP (intent=STOP)
05:12:57.972 [AMR-04] SAFETY_STOP min_obstacle_distance=1.19m <= 1.2m
05:12:58.073 [AMR-04] CONFLICT_DETECTED peer=AMR-01 type=PROXIMITY node=(22, 12) safe_wait=(22, 12) DECISION=YIELD (Lower precedence (61.7 vs 61.8) -> Safe wait at (22, 12) for AMR-01)
05:12:58.073 [AMR-04] STATE_TRANSITION EMERGENCY_STOP -> YIELDING (intent=YIELD)
05:12:58.173 [AMR-04] CONFLICT_DETECTED peer=AMR-01 type=PROXIMITY node=(22, 12) safe_wait=(22, 12) DECISION=YIELD (Lower precedence (61.9 vs 62.0) -> Safe wait at (22, 12) for AMR-01)
05:12:58.273 [AMR-04] STATE_TRANSITION YIELDING -> MOVING (intent=MOVE)
05:12:58.474 [AMR-04] STATE_TRANSITION MOVING -> EMERGENCY_STOP (intent=STOP)
05:12:58.474 [AMR-04] SAFETY_STOP min_obstacle_distance=1.01m <= 1.2m
05:12:58.575 [AMR-04] CONFLICT_DETECTED peer=AMR-01 type=PROXIMITY node=(22, 12) safe_wait=(22, 12) DECISION=PROCEED (Higher precedence (61.6 vs 61.5) -> Proceed through (22, 12))
05:12:58.575 [AMR-04] STATE_TRANSITION EMERGENCY_STOP -> MOVING (intent=MOVE)
05:12:58.675 [AMR-04] STATE_TRANSITION MOVING -> EMERGENCY_STOP (intent=STOP)
05:12:58.675 [AMR-04] SAFETY_STOP min_obstacle_distance=1.04m <= 1.2m
05:12:58.775 [AMR-04] CONFLICT_DETECTED peer=AMR-01 type=PROXIMITY node=(22, 12) safe_wait=(22, 12) DECISION=YIELD (Lower precedence (61.5 vs 61.6) -> Safe wait at (22, 12) for AMR-01)
05:12:58.775 [AMR-04] STATE_TRANSITION EMERGENCY_STOP -> YIELDING (intent=YIELD)
05:12:58.876 [AMR-04] CONFLICT_DETECTED peer=AMR-01 type=PROXIMITY node=(22, 12) safe_wait=(22, 12) DECISION=PROCEED (Higher precedence (61.7 vs 61.6) -> Proceed through (22, 12))
05:12:58.876 [AMR-04] STATE_TRANSITION YIELDING -> MOVING (intent=MOVE)
05:12:58.976 [AMR-04] STATE_TRANSITION MOVING -> EMERGENCY_STOP (intent=STOP)
05:12:58.976 [AMR-04] SAFETY_STOP min_obstacle_distance=1.14m <= 1.2m
05:12:59.076 [AMR-04] STATE_TRANSITION EMERGENCY_STOP -> MOVING (intent=MOVE)
05:12:59.177 [AMR-04] STATE_TRANSITION MOVING -> EMERGENCY_STOP (intent=STOP)
05:12:59.177 [AMR-04] SAFETY_STOP min_obstacle_distance=1.08m <= 1.2m
05:12:59.277 [AMR-04] STATE_TRANSITION EMERGENCY_STOP -> MOVING (intent=MOVE)
05:12:59.479 [AMR-04] STATE_TRANSITION MOVING -> EMERGENCY_STOP (intent=STOP)
05:12:59.479 [AMR-04] SAFETY_STOP min_obstacle_distance=1.01m <= 1.2m
05:12:59.580 [AMR-04] CONFLICT_DETECTED peer=AMR-01 type=PROXIMITY node=(22, 12) safe_wait=(22, 12) DECISION=YIELD (Lower precedence (60.8 vs 61.1) -> Safe wait at (22, 12) for AMR-01)
05:12:59.580 [AMR-04] STATE_TRANSITION EMERGENCY_STOP -> YIELDING (intent=YIELD)
05:12:59.680 [AMR-04] CONFLICT_DETECTED peer=AMR-01 type=PROXIMITY node=(22, 12) safe_wait=(22, 12) DECISION=PROCEED (Higher precedence (61.0 vs 61.0) -> Proceed through (22, 12))
05:12:59.680 [AMR-04] STATE_TRANSITION YIELDING -> MOVING (intent=MOVE)
05:12:59.780 [AMR-04] STATE_TRANSITION MOVING -> EMERGENCY_STOP (intent=STOP)
05:12:59.780 [AMR-04] SAFETY_STOP min_obstacle_distance=1.19m <= 1.2m
05:12:59.881 [AMR-04] STATE_TRANSITION EMERGENCY_STOP -> MOVING (intent=MOVE)
05:12:59.982 [AMR-04] STATE_TRANSITION MOVING -> EMERGENCY_STOP (intent=STOP)
05:12:59.982 [AMR-04] SAFETY_STOP min_obstacle_distance=1.14m <= 1.2m
05:13:00.082 [AMR-04] STATE_TRANSITION EMERGENCY_STOP -> MOVING (intent=MOVE)
05:13:00.184 [AMR-04] STATE_TRANSITION MOVING -> EMERGENCY_STOP (intent=STOP)
05:13:00.184 [AMR-04] SAFETY_STOP min_obstacle_distance=1.08m <= 1.2m
05:13:00.284 [AMR-04] STATE_TRANSITION EMERGENCY_STOP -> MOVING (intent=MOVE)
05:13:00.486 [AMR-04] STATE_TRANSITION MOVING -> EMERGENCY_STOP (intent=STOP)
05:13:00.486 [AMR-04] SAFETY_STOP min_obstacle_distance=1.01m <= 1.2m
05:13:00.587 [AMR-04] CONFLICT_DETECTED peer=AMR-01 type=PROXIMITY node=(22, 12) safe_wait=(22, 12) DECISION=YIELD (Lower precedence (60.0 vs 60.1) -> Safe wait at (22, 12) for AMR-01)
05:13:00.587 [AMR-04] STATE_TRANSITION EMERGENCY_STOP -> YIELDING (intent=YIELD)
05:13:00.687 [AMR-04] CONFLICT_DETECTED peer=AMR-01 type=PROXIMITY node=(22, 12) safe_wait=(22, 12) DECISION=YIELD (Lower precedence (60.2 vs 60.3) -> Safe wait at (22, 12) for AMR-01)
05:13:00.788 [AMR-04] CONFLICT_DETECTED peer=AMR-01 type=PROXIMITY node=(22, 12) safe_wait=(22, 12) DECISION=PROCEED (Higher precedence (60.4 vs 60.2) -> Proceed through (22, 12))
05:13:00.788 [AMR-04] STATE_TRANSITION YIELDING -> MOVING (intent=MOVE)
05:13:00.889 [AMR-04] STATE_TRANSITION MOVING -> EMERGENCY_STOP (intent=STOP)
05:13:00.889 [AMR-04] SAFETY_STOP min_obstacle_distance=1.19m <= 1.2m
05:13:00.990 [AMR-04] CONFLICT_DETECTED peer=AMR-01 type=PROXIMITY node=(22, 12) safe_wait=(22, 12) DECISION=YIELD (Lower precedence (60.3 vs 60.4) -> Safe wait at (22, 12) for AMR-01)
05:13:00.990 [AMR-04] STATE_TRANSITION EMERGENCY_STOP -> YIELDING (intent=YIELD)
05:13:01.090 [AMR-04] CONFLICT_DETECTED peer=AMR-01 type=PROXIMITY node=(22, 12) safe_wait=(22, 12) DECISION=YIELD (Lower precedence (60.5 vs 60.6) -> Safe wait at (22, 12) for AMR-01)
05:13:01.190 [AMR-04] STATE_TRANSITION YIELDING -> MOVING (intent=MOVE)
05:13:01.291 [AMR-04] STATE_TRANSITION MOVING -> EMERGENCY_STOP (intent=STOP)
05:13:01.291 [AMR-04] SAFETY_STOP min_obstacle_distance=1.14m <= 1.2m
05:13:01.391 [AMR-04] STATE_TRANSITION EMERGENCY_STOP -> MOVING (intent=MOVE)
05:13:01.491 [AMR-04] STATE_TRANSITION MOVING -> EMERGENCY_STOP (intent=STOP)
05:13:01.491 [AMR-04] SAFETY_STOP min_obstacle_distance=1.01m <= 1.2m
05:13:01.592 [AMR-04] CONFLICT_DETECTED peer=AMR-01 type=PROXIMITY node=(22, 12) safe_wait=(22, 12) DECISION=YIELD (Lower precedence (60.2 vs 60.3) -> Safe wait at (22, 12) for AMR-01)
05:13:01.592 [AMR-04] STATE_TRANSITION EMERGENCY_STOP -> YIELDING (intent=YIELD)
05:13:01.692 [AMR-04] CONFLICT_DETECTED peer=AMR-01 type=PROXIMITY node=(22, 12) safe_wait=(22, 12) DECISION=YIELD (Lower precedence (60.4 vs 60.5) -> Safe wait at (22, 12) for AMR-01)
05:13:01.793 [AMR-04] CONFLICT_DETECTED peer=AMR-01 type=PROXIMITY node=(22, 12) safe_wait=(22, 12) DECISION=PROCEED (Higher precedence (60.6 vs 60.4) -> Proceed through (22, 12))
05:13:01.793 [AMR-04] STATE_TRANSITION YIELDING -> MOVING (intent=MOVE)
05:13:01.893 [AMR-04] STATE_TRANSITION MOVING -> EMERGENCY_STOP (intent=STOP)
05:13:01.893 [AMR-04] SAFETY_STOP min_obstacle_distance=1.19m <= 1.2m
05:13:01.994 [AMR-04] CONFLICT_DETECTED peer=AMR-01 type=PROXIMITY node=(22, 12) safe_wait=(22, 12) DECISION=YIELD (Lower precedence (60.5 vs 60.6) -> Safe wait at (22, 12) for AMR-01)
05:13:01.994 [AMR-04] STATE_TRANSITION EMERGENCY_STOP -> YIELDING (intent=YIELD)
05:13:02.094 [AMR-04] CONFLICT_DETECTED peer=AMR-01 type=PROXIMITY node=(22, 12) safe_wait=(22, 12) DECISION=YIELD (Lower precedence (60.7 vs 60.8) -> Safe wait at (22, 12) for AMR-01)
05:13:02.195 [AMR-04] STATE_TRANSITION YIELDING -> MOVING (intent=MOVE)
05:13:02.296 [AMR-04] STATE_TRANSITION MOVING -> EMERGENCY_STOP (intent=STOP)
05:13:02.296 [AMR-04] SAFETY_STOP min_obstacle_distance=1.14m <= 1.2m
05:13:02.397 [AMR-04] STATE_TRANSITION EMERGENCY_STOP -> MOVING (intent=MOVE)
05:13:02.498 [AMR-04] STATE_TRANSITION MOVING -> EMERGENCY_STOP (intent=STOP)
05:13:02.498 [AMR-04] SAFETY_STOP min_obstacle_distance=1.01m <= 1.2m
05:13:02.598 [AMR-04] CONFLICT_DETECTED peer=AMR-01 type=PROXIMITY node=(22, 12) safe_wait=(22, 12) DECISION=YIELD (Lower precedence (60.4 vs 60.5) -> Safe wait at (22, 12) for AMR-01)
05:13:02.598 [AMR-04] STATE_TRANSITION EMERGENCY_STOP -> YIELDING (intent=YIELD)
05:13:02.698 [AMR-04] CONFLICT_DETECTED peer=AMR-01 type=PROXIMITY node=(22, 12) safe_wait=(22, 12) DECISION=YIELD (Lower precedence (60.6 vs 60.7) -> Safe wait at (22, 12) for AMR-01)
05:13:02.799 [AMR-04] CONFLICT_DETECTED peer=AMR-01 type=PROXIMITY node=(22, 12) safe_wait=(22, 12) DECISION=PROCEED (Higher precedence (60.8 vs 60.6) -> Proceed through (22, 12))
05:13:02.799 [AMR-04] STATE_TRANSITION YIELDING -> MOVING (intent=MOVE)
05:13:02.900 [AMR-04] STATE_TRANSITION MOVING -> EMERGENCY_STOP (intent=STOP)
05:13:02.900 [AMR-04] SAFETY_STOP min_obstacle_distance=1.19m <= 1.2m
05:13:03.000 [AMR-04] CONFLICT_DETECTED peer=AMR-01 type=PROXIMITY node=(22, 12) safe_wait=(22, 12) DECISION=YIELD (Lower precedence (60.7 vs 60.8) -> Safe wait at (22, 12) for AMR-01)
05:13:03.000 [AMR-04] STATE_TRANSITION EMERGENCY_STOP -> YIELDING (intent=YIELD)
05:13:03.101 [AMR-04] CONFLICT_DETECTED peer=AMR-01 type=PROXIMITY node=(22, 12) safe_wait=(22, 12) DECISION=YIELD (Lower precedence (60.9 vs 61.0) -> Safe wait at (22, 12) for AMR-01)
05:13:03.201 [AMR-04] STATE_TRANSITION YIELDING -> MOVING (intent=MOVE)
05:13:03.302 [AMR-04] STATE_TRANSITION MOVING -> EMERGENCY_STOP (intent=STOP)
05:13:03.302 [AMR-04] SAFETY_STOP min_obstacle_distance=1.14m <= 1.2m
05:13:03.405 [AMR-04] CONFLICT_DETECTED peer=AMR-01 type=PROXIMITY node=(22, 12) safe_wait=(22, 12) DECISION=YIELD (Lower precedence (60.7 vs 60.8) -> Safe wait at (22, 12) for AMR-01)
05:13:03.405 [AMR-04] STATE_TRANSITION EMERGENCY_STOP -> YIELDING (intent=YIELD)
05:13:03.504 [AMR-04] CONFLICT_DETECTED peer=AMR-01 type=PROXIMITY node=(22, 12) safe_wait=(22, 12) DECISION=PROCEED (Higher precedence (60.9 vs 60.5) -> Proceed through (22, 12))
05:13:03.505 [AMR-04] STATE_TRANSITION YIELDING -> MOVING (intent=MOVE)
05:13:03.605 [AMR-04] STATE_TRANSITION MOVING -> EMERGENCY_STOP (intent=STOP)
05:13:03.605 [AMR-04] SAFETY_STOP min_obstacle_distance=1.01m <= 1.2m
05:13:03.705 [AMR-04] CONFLICT_DETECTED peer=AMR-01 type=PROXIMITY node=(22, 12) safe_wait=(22, 12) DECISION=YIELD (Lower precedence (60.8 vs 60.9) -> Safe wait at (22, 12) for AMR-01)
05:13:03.705 [AMR-04] STATE_TRANSITION EMERGENCY_STOP -> YIELDING (intent=YIELD)
05:13:03.806 [AMR-04] CONFLICT_DETECTED peer=AMR-01 type=PROXIMITY node=(22, 12) safe_wait=(22, 12) DECISION=PROCEED (Higher precedence (61.0 vs 60.8) -> Proceed through (22, 12))
05:13:03.806 [AMR-04] STATE_TRANSITION YIELDING -> MOVING (intent=MOVE)
05:13:03.906 [AMR-04] STATE_TRANSITION MOVING -> EMERGENCY_STOP (intent=STOP)
05:13:03.906 [AMR-04] SAFETY_STOP min_obstacle_distance=1.19m <= 1.2m
05:13:04.008 [AMR-04] CONFLICT_DETECTED peer=AMR-01 type=PROXIMITY node=(22, 12) safe_wait=(22, 12) DECISION=YIELD (Lower precedence (60.9 vs 61.0) -> Safe wait at (22, 12) for AMR-01)
05:13:04.008 [AMR-04] STATE_TRANSITION EMERGENCY_STOP -> YIELDING (intent=YIELD)
05:13:04.108 [AMR-04] CONFLICT_DETECTED peer=AMR-01 type=PROXIMITY node=(22, 12) safe_wait=(22, 12) DECISION=YIELD (Lower precedence (61.1 vs 61.2) -> Safe wait at (22, 12) for AMR-01)
05:13:04.208 [AMR-04] STATE_TRANSITION YIELDING -> MOVING (intent=MOVE)
05:13:04.309 [AMR-04] STATE_TRANSITION MOVING -> EMERGENCY_STOP (intent=STOP)
05:13:04.309 [AMR-04] SAFETY_STOP min_obstacle_distance=1.14m <= 1.2m
05:13:04.409 [AMR-04] STATE_TRANSITION EMERGENCY_STOP -> MOVING (intent=MOVE)
05:13:04.510 [AMR-04] STATE_TRANSITION MOVING -> EMERGENCY_STOP (intent=STOP)
05:13:04.510 [AMR-04] SAFETY_STOP min_obstacle_distance=1.01m <= 1.2m
05:13:04.610 [AMR-04] CONFLICT_DETECTED peer=AMR-01 type=PROXIMITY node=(22, 12) safe_wait=(22, 12) DECISION=YIELD (Lower precedence (60.8 vs 60.9) -> Safe wait at (22, 12) for AMR-01)
05:13:04.611 [AMR-04] STATE_TRANSITION EMERGENCY_STOP -> YIELDING (intent=YIELD)
05:13:04.711 [AMR-04] CONFLICT_DETECTED peer=AMR-01 type=PROXIMITY node=(22, 12) safe_wait=(22, 12) DECISION=YIELD (Lower precedence (61.0 vs 61.1) -> Safe wait at (22, 12) for AMR-01)
05:13:04.811 [AMR-04] CONFLICT_DETECTED peer=AMR-01 type=PROXIMITY node=(22, 12) safe_wait=(22, 12) DECISION=PROCEED (Higher precedence (61.2 vs 61.0) -> Proceed through (22, 12))
05:13:04.811 [AMR-04] STATE_TRANSITION YIELDING -> MOVING (intent=MOVE)
05:13:04.912 [AMR-04] STATE_TRANSITION MOVING -> EMERGENCY_STOP (intent=STOP)
05:13:04.912 [AMR-04] SAFETY_STOP min_obstacle_distance=1.19m <= 1.2m
05:13:05.013 [AMR-04] CONFLICT_DETECTED peer=AMR-01 type=PROXIMITY node=(22, 12) safe_wait=(22, 12) DECISION=YIELD (Lower precedence (61.1 vs 61.2) -> Safe wait at (22, 12) for AMR-01)
05:13:05.013 [AMR-04] STATE_TRANSITION EMERGENCY_STOP -> YIELDING (intent=YIELD)
05:13:05.113 [AMR-04] CONFLICT_DETECTED peer=AMR-01 type=PROXIMITY node=(22, 12) safe_wait=(22, 12) DECISION=YIELD (Lower precedence (61.3 vs 61.4) -> Safe wait at (22, 12) for AMR-01)
05:13:05.213 [AMR-04] STATE_TRANSITION YIELDING -> MOVING (intent=MOVE)
05:13:05.314 [AMR-04] STATE_TRANSITION MOVING -> EMERGENCY_STOP (intent=STOP)
05:13:05.314 [AMR-04] SAFETY_STOP min_obstacle_distance=1.14m <= 1.2m
05:13:05.414 [AMR-04] STATE_TRANSITION EMERGENCY_STOP -> MOVING (intent=MOVE)
05:13:05.515 [AMR-04] STATE_TRANSITION MOVING -> EMERGENCY_STOP (intent=STOP)
05:13:05.515 [AMR-04] SAFETY_STOP min_obstacle_distance=1.01m <= 1.2m
05:13:05.616 [AMR-04] CONFLICT_DETECTED peer=AMR-01 type=PROXIMITY node=(22, 12) safe_wait=(22, 12) DECISION=YIELD (Lower precedence (61.0 vs 61.1) -> Safe wait at (22, 12) for AMR-01)
05:13:05.616 [AMR-04] STATE_TRANSITION EMERGENCY_STOP -> YIELDING (intent=YIELD)
05:13:05.716 [AMR-04] CONFLICT_DETECTED peer=AMR-01 type=PROXIMITY node=(22, 12) safe_wait=(22, 12) DECISION=YIELD (Lower precedence (61.2 vs 61.3) -> Safe wait at (22, 12) for AMR-01)
05:13:05.816 [AMR-04] CONFLICT_DETECTED peer=AMR-01 type=PROXIMITY node=(22, 12) safe_wait=(22, 12) DECISION=PROCEED (Higher precedence (61.4 vs 61.2) -> Proceed through (22, 12))
05:13:05.816 [AMR-04] STATE_TRANSITION YIELDING -> MOVING (intent=MOVE)
05:13:05.916 [AMR-04] STATE_TRANSITION MOVING -> EMERGENCY_STOP (intent=STOP)
05:13:05.916 [AMR-04] SAFETY_STOP min_obstacle_distance=1.19m <= 1.2m
05:13:06.017 [AMR-04] STATE_TRANSITION EMERGENCY_STOP -> MOVING (intent=MOVE)
05:13:06.118 [AMR-04] STATE_TRANSITION MOVING -> EMERGENCY_STOP (intent=STOP)
05:13:06.118 [AMR-04] SAFETY_STOP min_obstacle_distance=1.14m <= 1.2m
05:13:06.219 [AMR-04] STATE_TRANSITION EMERGENCY_STOP -> MOVING (intent=MOVE)
05:13:06.421 [AMR-04] STATE_TRANSITION MOVING -> EMERGENCY_STOP (intent=STOP)
05:13:06.421 [AMR-04] SAFETY_STOP min_obstacle_distance=1.01m <= 1.2m
05:13:06.521 [AMR-04] CONFLICT_DETECTED peer=AMR-01 type=PROXIMITY node=(22, 12) safe_wait=(22, 12) DECISION=PROCEED (Higher precedence (60.6 vs 60.5) -> Proceed through (22, 12))
05:13:06.522 [AMR-04] STATE_TRANSITION EMERGENCY_STOP -> MOVING (intent=MOVE)
05:13:06.622 [AMR-04] STATE_TRANSITION MOVING -> EMERGENCY_STOP (intent=STOP)
05:13:06.622 [AMR-04] SAFETY_STOP min_obstacle_distance=1.04m <= 1.2m
05:13:06.722 [AMR-04] CONFLICT_DETECTED peer=AMR-01 type=PROXIMITY node=(22, 12) safe_wait=(22, 12) DECISION=YIELD (Lower precedence (60.5 vs 60.6) -> Safe wait at (22, 12) for AMR-01)
05:13:06.722 [AMR-04] STATE_TRANSITION EMERGENCY_STOP -> YIELDING (intent=YIELD)
05:13:06.823 [AMR-04] CONFLICT_DETECTED peer=AMR-01 type=PROXIMITY node=(22, 12) safe_wait=(22, 12) DECISION=PROCEED (Higher precedence (60.7 vs 60.6) -> Proceed through (22, 12))
05:13:06.823 [AMR-04] STATE_TRANSITION YIELDING -> MOVING (intent=MOVE)
05:13:06.924 [AMR-04] STATE_TRANSITION MOVING -> EMERGENCY_STOP (intent=STOP)
05:13:06.924 [AMR-04] SAFETY_STOP min_obstacle_distance=1.14m <= 1.2m
05:13:07.025 [AMR-04] STATE_TRANSITION EMERGENCY_STOP -> MOVING (intent=MOVE)
05:13:07.126 [AMR-04] STATE_TRANSITION MOVING -> EMERGENCY_STOP (intent=STOP)
05:13:07.126 [AMR-04] SAFETY_STOP min_obstacle_distance=1.08m <= 1.2m
05:13:07.227 [AMR-04] STATE_TRANSITION EMERGENCY_STOP -> MOVING (intent=MOVE)
05:13:07.327 [AMR-04] STATE_TRANSITION MOVING -> EMERGENCY_STOP (intent=STOP)
05:13:07.327 [AMR-04] SAFETY_STOP min_obstacle_distance=1.03m <= 1.2m
05:13:07.429 [AMR-04] STATE_TRANSITION EMERGENCY_STOP -> MOVING (intent=MOVE)
05:13:07.730 [AMR-04] STATE_TRANSITION MOVING -> EMERGENCY_STOP (intent=STOP)
05:13:07.731 [AMR-04] SAFETY_STOP min_obstacle_distance=1.14m <= 1.2m
05:13:07.831 [AMR-04] STATE_TRANSITION EMERGENCY_STOP -> MOVING (intent=MOVE)
05:13:07.932 [AMR-04] STATE_TRANSITION MOVING -> EMERGENCY_STOP (intent=STOP)
05:13:07.932 [AMR-04] SAFETY_STOP min_obstacle_distance=1.08m <= 1.2m
05:13:08.032 [AMR-04] STATE_TRANSITION EMERGENCY_STOP -> MOVING (intent=MOVE)
05:13:08.133 [AMR-04] STATE_TRANSITION MOVING -> EMERGENCY_STOP (intent=STOP)
05:13:08.133 [AMR-04] SAFETY_STOP min_obstacle_distance=1.03m <= 1.2m
05:13:08.233 [AMR-04] STATE_TRANSITION EMERGENCY_STOP -> MOVING (intent=MOVE)
05:13:08.334 [AMR-04] STATE_TRANSITION MOVING -> EMERGENCY_STOP (intent=STOP)
05:13:08.334 [AMR-04] SAFETY_STOP min_obstacle_distance=1.00m <= 1.2m
05:13:08.435 [AMR-04] STATE_TRANSITION EMERGENCY_STOP -> MOVING (intent=MOVE)
05:13:08.536 [AMR-04] STATE_TRANSITION MOVING -> EMERGENCY_STOP (intent=STOP)
05:13:08.536 [AMR-04] SAFETY_STOP min_obstacle_distance=1.01m <= 1.2m
05:13:08.636 [AMR-04] STATE_TRANSITION EMERGENCY_STOP -> MOVING (intent=MOVE)
05:13:08.736 [AMR-04] STATE_TRANSITION MOVING -> EMERGENCY_STOP (intent=STOP)
05:13:08.736 [AMR-04] SAFETY_STOP min_obstacle_distance=1.04m <= 1.2m
05:13:08.837 [AMR-04] STATE_TRANSITION EMERGENCY_STOP -> MOVING (intent=MOVE)
05:13:08.937 [AMR-04] STATE_TRANSITION MOVING -> EMERGENCY_STOP (intent=STOP)
05:13:08.937 [AMR-04] SAFETY_STOP min_obstacle_distance=1.10m <= 1.2m
05:13:09.038 [AMR-04] STATE_TRANSITION EMERGENCY_STOP -> MOVING (intent=MOVE)
05:13:09.138 [AMR-04] STATE_TRANSITION MOVING -> EMERGENCY_STOP (intent=STOP)
05:13:09.138 [AMR-04] SAFETY_STOP min_obstacle_distance=1.08m <= 1.2m
05:13:09.239 [AMR-04] STATE_TRANSITION EMERGENCY_STOP -> MOVING (intent=MOVE)
05:13:09.340 [AMR-04] STATE_TRANSITION MOVING -> EMERGENCY_STOP (intent=STOP)
05:13:09.340 [AMR-04] SAFETY_STOP min_obstacle_distance=1.00m <= 1.2m
05:13:09.440 [AMR-04] STATE_TRANSITION EMERGENCY_STOP -> MOVING (intent=MOVE)
05:13:09.540 [AMR-04] STATE_TRANSITION MOVING -> EMERGENCY_STOP (intent=STOP)
05:13:09.540 [AMR-04] SAFETY_STOP min_obstacle_distance=1.01m <= 1.2m
05:13:09.641 [AMR-04] STATE_TRANSITION EMERGENCY_STOP -> MOVING (intent=MOVE)
05:13:09.741 [AMR-04] STATE_TRANSITION MOVING -> EMERGENCY_STOP (intent=STOP)
05:13:09.741 [AMR-04] SAFETY_STOP min_obstacle_distance=1.04m <= 1.2m
05:13:09.842 [AMR-04] STATE_TRANSITION EMERGENCY_STOP -> MOVING (intent=MOVE)
05:13:09.942 [AMR-04] STATE_TRANSITION MOVING -> EMERGENCY_STOP (intent=STOP)
05:13:09.942 [AMR-04] SAFETY_STOP min_obstacle_distance=1.10m <= 1.2m
05:13:10.043 [AMR-04] STATE_TRANSITION EMERGENCY_STOP -> MOVING (intent=MOVE)
05:13:10.144 [AMR-04] STATE_TRANSITION MOVING -> EMERGENCY_STOP (intent=STOP)
05:13:10.144 [AMR-04] SAFETY_STOP min_obstacle_distance=1.08m <= 1.2m
05:13:10.244 [AMR-04] STATE_TRANSITION EMERGENCY_STOP -> MOVING (intent=MOVE)
05:13:10.345 [AMR-04] STATE_TRANSITION MOVING -> EMERGENCY_STOP (intent=STOP)
05:13:10.345 [AMR-04] SAFETY_STOP min_obstacle_distance=1.00m <= 1.2m
05:13:10.445 [AMR-04] STATE_TRANSITION EMERGENCY_STOP -> MOVING (intent=MOVE)
05:13:10.546 [AMR-04] STATE_TRANSITION MOVING -> EMERGENCY_STOP (intent=STOP)
05:13:10.546 [AMR-04] SAFETY_STOP min_obstacle_distance=1.01m <= 1.2m
05:13:10.647 [AMR-04] STATE_TRANSITION EMERGENCY_STOP -> MOVING (intent=MOVE)
05:13:10.748 [AMR-04] STATE_TRANSITION MOVING -> EMERGENCY_STOP (intent=STOP)
05:13:10.748 [AMR-04] SAFETY_STOP min_obstacle_distance=1.04m <= 1.2m
05:13:10.849 [AMR-04] STATE_TRANSITION EMERGENCY_STOP -> MOVING (intent=MOVE)
05:13:10.949 [AMR-04] STATE_TRANSITION MOVING -> EMERGENCY_STOP (intent=STOP)
05:13:10.949 [AMR-04] SAFETY_STOP min_obstacle_distance=1.10m <= 1.2m
05:13:11.049 [AMR-04] STATE_TRANSITION EMERGENCY_STOP -> MOVING (intent=MOVE)
05:13:11.150 [AMR-04] STATE_TRANSITION MOVING -> EMERGENCY_STOP (intent=STOP)
05:13:11.150 [AMR-04] SAFETY_STOP min_obstacle_distance=1.08m <= 1.2m
05:13:11.250 [AMR-04] STATE_TRANSITION EMERGENCY_STOP -> MOVING (intent=MOVE)
05:13:11.350 [AMR-04] STATE_TRANSITION MOVING -> EMERGENCY_STOP (intent=STOP)
05:13:11.351 [AMR-04] SAFETY_STOP min_obstacle_distance=1.00m <= 1.2m
05:13:11.451 [AMR-04] STATE_TRANSITION EMERGENCY_STOP -> MOVING (intent=MOVE)
05:13:11.551 [AMR-04] STATE_TRANSITION MOVING -> EMERGENCY_STOP (intent=STOP)
05:13:11.551 [AMR-04] SAFETY_STOP min_obstacle_distance=1.01m <= 1.2m
05:13:11.652 [AMR-04] STATE_TRANSITION EMERGENCY_STOP -> MOVING (intent=MOVE)
05:13:11.752 [AMR-04] STATE_TRANSITION MOVING -> EMERGENCY_STOP (intent=STOP)
05:13:11.752 [AMR-04] SAFETY_STOP min_obstacle_distance=1.04m <= 1.2m
05:13:11.854 [AMR-04] STATE_TRANSITION EMERGENCY_STOP -> MOVING (intent=MOVE)
05:13:11.953 [AMR-04] STATE_TRANSITION MOVING -> EMERGENCY_STOP (intent=STOP)
05:13:11.953 [AMR-04] SAFETY_STOP min_obstacle_distance=1.10m <= 1.2m
05:13:12.054 [AMR-04] STATE_TRANSITION EMERGENCY_STOP -> MOVING (intent=MOVE)
05:13:12.155 [AMR-04] STATE_TRANSITION MOVING -> EMERGENCY_STOP (intent=STOP)
05:13:12.155 [AMR-04] SAFETY_STOP min_obstacle_distance=1.08m <= 1.2m
05:13:12.256 [AMR-04] STATE_TRANSITION EMERGENCY_STOP -> MOVING (intent=MOVE)
05:13:12.356 [AMR-04] STATE_TRANSITION MOVING -> EMERGENCY_STOP (intent=STOP)
05:13:12.356 [AMR-04] SAFETY_STOP min_obstacle_distance=1.00m <= 1.2m
05:13:12.457 [AMR-04] STATE_TRANSITION EMERGENCY_STOP -> MOVING (intent=MOVE)
05:13:12.558 [AMR-04] STATE_TRANSITION MOVING -> EMERGENCY_STOP (intent=STOP)
05:13:12.558 [AMR-04] SAFETY_STOP min_obstacle_distance=1.01m <= 1.2m
05:13:12.659 [AMR-04] STATE_TRANSITION EMERGENCY_STOP -> MOVING (intent=MOVE)
05:13:12.759 [AMR-04] STATE_TRANSITION MOVING -> EMERGENCY_STOP (intent=STOP)
05:13:12.759 [AMR-04] SAFETY_STOP min_obstacle_distance=1.04m <= 1.2m
05:13:12.859 [AMR-04] STATE_TRANSITION EMERGENCY_STOP -> MOVING (intent=MOVE)
05:13:12.959 [AMR-04] STATE_TRANSITION MOVING -> EMERGENCY_STOP (intent=STOP)
05:13:12.960 [AMR-04] SAFETY_STOP min_obstacle_distance=1.10m <= 1.2m
05:13:13.061 [AMR-04] STATE_TRANSITION EMERGENCY_STOP -> MOVING (intent=MOVE)
05:13:13.161 [AMR-04] STATE_TRANSITION MOVING -> EMERGENCY_STOP (intent=STOP)
05:13:13.161 [AMR-04] SAFETY_STOP min_obstacle_distance=1.08m <= 1.2m
05:13:13.261 [AMR-04] STATE_TRANSITION EMERGENCY_STOP -> MOVING (intent=MOVE)
05:13:13.362 [AMR-04] STATE_TRANSITION MOVING -> EMERGENCY_STOP (intent=STOP)
05:13:13.362 [AMR-04] SAFETY_STOP min_obstacle_distance=1.00m <= 1.2m
05:13:13.462 [AMR-04] STATE_TRANSITION EMERGENCY_STOP -> MOVING (intent=MOVE)
05:13:13.563 [AMR-04] STATE_TRANSITION MOVING -> EMERGENCY_STOP (intent=STOP)
05:13:13.563 [AMR-04] SAFETY_STOP min_obstacle_distance=1.01m <= 1.2m
05:13:13.663 [AMR-04] STATE_TRANSITION EMERGENCY_STOP -> MOVING (intent=MOVE)
05:13:13.764 [AMR-04] STATE_TRANSITION MOVING -> EMERGENCY_STOP (intent=STOP)
05:13:13.764 [AMR-04] SAFETY_STOP min_obstacle_distance=1.04m <= 1.2m
05:13:13.864 [AMR-04] STATE_TRANSITION EMERGENCY_STOP -> MOVING (intent=MOVE)
05:13:13.964 [AMR-04] STATE_TRANSITION MOVING -> EMERGENCY_STOP (intent=STOP)
05:13:13.964 [AMR-04] SAFETY_STOP min_obstacle_distance=1.10m <= 1.2m
05:13:14.065 [AMR-04] STATE_TRANSITION EMERGENCY_STOP -> MOVING (intent=MOVE)
05:13:14.165 [AMR-04] STATE_TRANSITION MOVING -> EMERGENCY_STOP (intent=STOP)
05:13:14.165 [AMR-04] SAFETY_STOP min_obstacle_distance=1.17m <= 1.2m
05:13:14.266 [AMR-04] STATE_TRANSITION EMERGENCY_STOP -> MOVING (intent=MOVE)
05:13:14.366 [AMR-04] STATE_TRANSITION MOVING -> EMERGENCY_STOP (intent=STOP)
05:13:14.366 [AMR-04] SAFETY_STOP min_obstacle_distance=1.00m <= 1.2m
05:13:14.466 [AMR-04] STATE_TRANSITION EMERGENCY_STOP -> MOVING (intent=MOVE)
05:13:14.566 [AMR-04] STATE_TRANSITION MOVING -> EMERGENCY_STOP (intent=STOP)
05:13:14.566 [AMR-04] SAFETY_STOP min_obstacle_distance=1.01m <= 1.2m
05:13:14.667 [AMR-04] STATE_TRANSITION EMERGENCY_STOP -> MOVING (intent=MOVE)
05:13:14.768 [AMR-04] STATE_TRANSITION MOVING -> EMERGENCY_STOP (intent=STOP)
05:13:14.768 [AMR-04] SAFETY_STOP min_obstacle_distance=1.04m <= 1.2m
05:13:14.869 [AMR-04] STATE_TRANSITION EMERGENCY_STOP -> MOVING (intent=MOVE)
05:13:14.970 [AMR-04] STATE_TRANSITION MOVING -> EMERGENCY_STOP (intent=STOP)
05:13:14.970 [AMR-04] SAFETY_STOP min_obstacle_distance=1.10m <= 1.2m
05:13:15.071 [AMR-04] STATE_TRANSITION EMERGENCY_STOP -> MOVING (intent=MOVE)
05:13:15.172 [AMR-04] STATE_TRANSITION MOVING -> EMERGENCY_STOP (intent=STOP)
05:13:15.172 [AMR-04] SAFETY_STOP min_obstacle_distance=1.17m <= 1.2m
05:13:15.273 [AMR-04] STATE_TRANSITION EMERGENCY_STOP -> MOVING (intent=MOVE)
05:13:15.374 [AMR-04] STATE_TRANSITION MOVING -> EMERGENCY_STOP (intent=STOP)
05:13:15.375 [AMR-04] SAFETY_STOP min_obstacle_distance=1.00m <= 1.2m
05:13:15.476 [AMR-04] STATE_TRANSITION EMERGENCY_STOP -> MOVING (intent=MOVE)
05:13:15.576 [AMR-04] STATE_TRANSITION MOVING -> EMERGENCY_STOP (intent=STOP)
05:13:15.577 [AMR-04] SAFETY_STOP min_obstacle_distance=1.01m <= 1.2m
05:13:15.677 [AMR-04] STATE_TRANSITION EMERGENCY_STOP -> MOVING (intent=MOVE)
05:13:15.778 [AMR-04] STATE_TRANSITION MOVING -> EMERGENCY_STOP (intent=STOP)
05:13:15.778 [AMR-04] SAFETY_STOP min_obstacle_distance=1.04m <= 1.2m
05:13:15.879 [AMR-04] STATE_TRANSITION EMERGENCY_STOP -> MOVING (intent=MOVE)
05:13:15.980 [AMR-04] STATE_TRANSITION MOVING -> EMERGENCY_STOP (intent=STOP)
05:13:15.980 [AMR-04] SAFETY_STOP min_obstacle_distance=1.10m <= 1.2m
05:13:16.080 [AMR-04] STATE_TRANSITION EMERGENCY_STOP -> MOVING (intent=MOVE)
05:13:16.181 [AMR-04] STATE_TRANSITION MOVING -> EMERGENCY_STOP (intent=STOP)
05:13:16.182 [AMR-04] SAFETY_STOP min_obstacle_distance=1.17m <= 1.2m
05:13:16.281 [AMR-04] STATE_TRANSITION EMERGENCY_STOP -> MOVING (intent=MOVE)
05:13:16.381 [AMR-04] STATE_TRANSITION MOVING -> EMERGENCY_STOP (intent=STOP)
05:13:16.381 [AMR-04] SAFETY_STOP min_obstacle_distance=1.00m <= 1.2m
05:13:16.482 [AMR-04] STATE_TRANSITION EMERGENCY_STOP -> MOVING (intent=MOVE)
05:13:16.583 [AMR-04] STATE_TRANSITION MOVING -> EMERGENCY_STOP (intent=STOP)
05:13:16.583 [AMR-04] SAFETY_STOP min_obstacle_distance=1.01m <= 1.2m
05:13:16.685 [AMR-04] STATE_TRANSITION EMERGENCY_STOP -> MOVING (intent=MOVE)
05:13:16.785 [AMR-04] STATE_TRANSITION MOVING -> EMERGENCY_STOP (intent=STOP)
05:13:16.785 [AMR-04] SAFETY_STOP min_obstacle_distance=1.05m <= 1.2m
05:13:16.886 [AMR-04] STATE_TRANSITION EMERGENCY_STOP -> MOVING (intent=MOVE)
05:13:16.988 [AMR-04] STATE_TRANSITION MOVING -> EMERGENCY_STOP (intent=STOP)
05:13:16.988 [AMR-04] SAFETY_STOP min_obstacle_distance=1.10m <= 1.2m
05:13:17.088 [AMR-04] STATE_TRANSITION EMERGENCY_STOP -> MOVING (intent=MOVE)
05:13:17.190 [AMR-04] STATE_TRANSITION MOVING -> EMERGENCY_STOP (intent=STOP)
05:13:17.190 [AMR-04] SAFETY_STOP min_obstacle_distance=1.17m <= 1.2m
05:13:17.291 [AMR-04] STATE_TRANSITION EMERGENCY_STOP -> MOVING (intent=MOVE)
05:13:22.735 [AMR-04] GOAL_REACHED at pos=(22.0, 16.605) travel_time=49.12s reroutes=0 obstacles=0
05:13:22.735 [AMR-04] STATE_TRANSITION MOVING -> PLANNING (intent=MOVE)
05:13:22.735 [AMR-04] GOAL_SET goal=(22.0, 2.0)
05:13:22.836 [AMR-04] STATE_TRANSITION PLANNING -> MOVING (intent=MOVE)
05:13:22.836 [AMR-04] PATH_PLANNED length=16 waypoints=[(22, 17), (22, 16), (22, 15), (22, 14), (22, 13)]...
05:13:26.260 [AMR-04] STATE_TRANSITION MOVING -> EMERGENCY_STOP (intent=STOP)
05:13:26.260 [AMR-04] SAFETY_STOP min_obstacle_distance=1.19m <= 1.2m
05:13:26.360 [AMR-04] STATE_TRANSITION EMERGENCY_STOP -> MOVING (intent=MOVE)
05:13:27.266 [AMR-04] STATE_TRANSITION MOVING -> EMERGENCY_STOP (intent=STOP)
05:13:27.266 [AMR-04] SAFETY_STOP min_obstacle_distance=1.19m <= 1.2m
05:13:27.366 [AMR-04] STATE_TRANSITION EMERGENCY_STOP -> MOVING (intent=MOVE)
05:13:28.274 [AMR-04] STATE_TRANSITION MOVING -> EMERGENCY_STOP (intent=STOP)
05:13:28.274 [AMR-04] SAFETY_STOP min_obstacle_distance=1.19m <= 1.2m
05:13:28.374 [AMR-04] STATE_TRANSITION EMERGENCY_STOP -> MOVING (intent=MOVE)
05:13:29.281 [AMR-04] STATE_TRANSITION MOVING -> EMERGENCY_STOP (intent=STOP)
05:13:29.281 [AMR-04] SAFETY_STOP min_obstacle_distance=1.19m <= 1.2m
05:13:29.381 [AMR-04] STATE_TRANSITION EMERGENCY_STOP -> MOVING (intent=MOVE)
05:13:30.289 [AMR-04] STATE_TRANSITION MOVING -> EMERGENCY_STOP (intent=STOP)
05:13:30.289 [AMR-04] SAFETY_STOP min_obstacle_distance=1.19m <= 1.2m
05:13:30.389 [AMR-04] STATE_TRANSITION EMERGENCY_STOP -> MOVING (intent=MOVE)
05:13:31.295 [AMR-04] STATE_TRANSITION MOVING -> EMERGENCY_STOP (intent=STOP)
05:13:31.295 [AMR-04] SAFETY_STOP min_obstacle_distance=1.19m <= 1.2m
05:13:31.395 [AMR-04] STATE_TRANSITION EMERGENCY_STOP -> MOVING (intent=MOVE)
05:13:32.301 [AMR-04] STATE_TRANSITION MOVING -> EMERGENCY_STOP (intent=STOP)
05:13:32.302 [AMR-04] SAFETY_STOP min_obstacle_distance=1.19m <= 1.2m
05:13:32.403 [AMR-04] STATE_TRANSITION EMERGENCY_STOP -> MOVING (intent=MOVE)
05:13:33.311 [AMR-04] STATE_TRANSITION MOVING -> EMERGENCY_STOP (intent=STOP)
05:13:33.311 [AMR-04] SAFETY_STOP min_obstacle_distance=1.19m <= 1.2m
05:13:33.410 [AMR-04] STATE_TRANSITION EMERGENCY_STOP -> MOVING (intent=MOVE)
05:13:34.619 [AMR-04] STATE_TRANSITION MOVING -> EMERGENCY_STOP (intent=STOP)
05:13:34.619 [AMR-04] SAFETY_STOP min_obstacle_distance=1.00m <= 1.2m
05:13:34.721 [AMR-04] STATE_TRANSITION EMERGENCY_STOP -> MOVING (intent=MOVE)
05:13:34.821 [AMR-04] STATE_TRANSITION MOVING -> EMERGENCY_STOP (intent=STOP)
05:13:34.821 [AMR-04] SAFETY_STOP min_obstacle_distance=1.00m <= 1.2m
05:13:34.922 [AMR-04] STATE_TRANSITION EMERGENCY_STOP -> MOVING (intent=MOVE)
05:13:35.022 [AMR-04] STATE_TRANSITION MOVING -> EMERGENCY_STOP (intent=STOP)
05:13:35.022 [AMR-04] SAFETY_STOP min_obstacle_distance=1.00m <= 1.2m
05:13:35.124 [AMR-04] STATE_TRANSITION EMERGENCY_STOP -> MOVING (intent=MOVE)
05:13:35.225 [AMR-04] STATE_TRANSITION MOVING -> EMERGENCY_STOP (intent=STOP)
05:13:35.225 [AMR-04] SAFETY_STOP min_obstacle_distance=1.00m <= 1.2m
05:13:35.325 [AMR-04] STATE_TRANSITION EMERGENCY_STOP -> MOVING (intent=MOVE)
05:13:35.425 [AMR-04] STATE_TRANSITION MOVING -> EMERGENCY_STOP (intent=STOP)
05:13:35.425 [AMR-04] SAFETY_STOP min_obstacle_distance=1.00m <= 1.2m
05:13:35.526 [AMR-04] STATE_TRANSITION EMERGENCY_STOP -> MOVING (intent=MOVE)
05:13:35.628 [AMR-04] STATE_TRANSITION MOVING -> EMERGENCY_STOP (intent=STOP)
05:13:35.628 [AMR-04] SAFETY_STOP min_obstacle_distance=1.00m <= 1.2m
05:13:35.729 [AMR-04] STATE_TRANSITION EMERGENCY_STOP -> MOVING (intent=MOVE)
05:13:35.829 [AMR-04] STATE_TRANSITION MOVING -> EMERGENCY_STOP (intent=STOP)
05:13:35.829 [AMR-04] SAFETY_STOP min_obstacle_distance=1.00m <= 1.2m
05:13:35.930 [AMR-04] STATE_TRANSITION EMERGENCY_STOP -> MOVING (intent=MOVE)
05:13:36.030 [AMR-04] STATE_TRANSITION MOVING -> EMERGENCY_STOP (intent=STOP)
05:13:36.030 [AMR-04] SAFETY_STOP min_obstacle_distance=1.00m <= 1.2m
05:13:36.131 [AMR-04] STATE_TRANSITION EMERGENCY_STOP -> MOVING (intent=MOVE)
05:13:36.231 [AMR-04] STATE_TRANSITION MOVING -> EMERGENCY_STOP (intent=STOP)
05:13:36.231 [AMR-04] SAFETY_STOP min_obstacle_distance=1.00m <= 1.2m
05:13:36.331 [AMR-04] STATE_TRANSITION EMERGENCY_STOP -> MOVING (intent=MOVE)
05:13:36.431 [AMR-04] STATE_TRANSITION MOVING -> EMERGENCY_STOP (intent=STOP)
05:13:36.432 [AMR-04] SAFETY_STOP min_obstacle_distance=1.00m <= 1.2m
05:13:36.532 [AMR-04] STATE_TRANSITION EMERGENCY_STOP -> MOVING (intent=MOVE)
05:13:36.633 [AMR-04] STATE_TRANSITION MOVING -> EMERGENCY_STOP (intent=STOP)
05:13:36.633 [AMR-04] SAFETY_STOP min_obstacle_distance=1.00m <= 1.2m
05:13:36.735 [AMR-04] STATE_TRANSITION EMERGENCY_STOP -> MOVING (intent=MOVE)
05:13:36.835 [AMR-04] STATE_TRANSITION MOVING -> EMERGENCY_STOP (intent=STOP)
05:13:36.835 [AMR-04] SAFETY_STOP min_obstacle_distance=1.00m <= 1.2m
05:13:36.935 [AMR-04] STATE_TRANSITION EMERGENCY_STOP -> MOVING (intent=MOVE)
05:13:37.639 [AMR-04] STATE_TRANSITION MOVING -> EMERGENCY_STOP (intent=STOP)
05:13:37.639 [AMR-04] SAFETY_STOP min_obstacle_distance=1.00m <= 1.2m
05:13:37.740 [AMR-04] STATE_TRANSITION EMERGENCY_STOP -> MOVING (intent=MOVE)
05:13:37.840 [AMR-04] STATE_TRANSITION MOVING -> EMERGENCY_STOP (intent=STOP)
05:13:37.840 [AMR-04] SAFETY_STOP min_obstacle_distance=1.00m <= 1.2m
05:13:37.941 [AMR-04] STATE_TRANSITION EMERGENCY_STOP -> MOVING (intent=MOVE)
05:13:38.041 [AMR-04] STATE_TRANSITION MOVING -> EMERGENCY_STOP (intent=STOP)
05:13:38.041 [AMR-04] SAFETY_STOP min_obstacle_distance=1.00m <= 1.2m
05:13:38.141 [AMR-04] STATE_TRANSITION EMERGENCY_STOP -> MOVING (intent=MOVE)
05:13:38.242 [AMR-04] STATE_TRANSITION MOVING -> EMERGENCY_STOP (intent=STOP)
05:13:38.242 [AMR-04] SAFETY_STOP min_obstacle_distance=1.00m <= 1.2m
05:13:38.342 [AMR-04] STATE_TRANSITION EMERGENCY_STOP -> MOVING (intent=MOVE)
05:13:38.443 [AMR-04] STATE_TRANSITION MOVING -> EMERGENCY_STOP (intent=STOP)
05:13:38.445 [AMR-04] SAFETY_STOP min_obstacle_distance=1.01m <= 1.2m
05:13:38.543 [AMR-04] STATE_TRANSITION EMERGENCY_STOP -> MOVING (intent=MOVE)
05:13:38.644 [AMR-04] STATE_TRANSITION MOVING -> EMERGENCY_STOP (intent=STOP)
05:13:38.644 [AMR-04] SAFETY_STOP min_obstacle_distance=1.04m <= 1.2m
05:13:38.744 [AMR-04] STATE_TRANSITION EMERGENCY_STOP -> MOVING (intent=MOVE)
05:13:38.846 [AMR-04] STATE_TRANSITION MOVING -> EMERGENCY_STOP (intent=STOP)
05:13:38.846 [AMR-04] SAFETY_STOP min_obstacle_distance=1.10m <= 1.2m
05:13:38.946 [AMR-04] STATE_TRANSITION EMERGENCY_STOP -> MOVING (intent=MOVE)
05:13:39.046 [AMR-04] STATE_TRANSITION MOVING -> EMERGENCY_STOP (intent=STOP)
05:13:39.046 [AMR-04] SAFETY_STOP min_obstacle_distance=1.08m <= 1.2m
05:13:39.147 [AMR-04] STATE_TRANSITION EMERGENCY_STOP -> MOVING (intent=MOVE)
05:13:39.249 [AMR-04] STATE_TRANSITION MOVING -> EMERGENCY_STOP (intent=STOP)
05:13:39.249 [AMR-04] SAFETY_STOP min_obstacle_distance=1.01m <= 1.2m
05:13:39.350 [AMR-04] STATE_TRANSITION EMERGENCY_STOP -> MOVING (intent=MOVE)
05:13:39.451 [AMR-04] STATE_TRANSITION MOVING -> EMERGENCY_STOP (intent=STOP)
05:13:39.451 [AMR-04] SAFETY_STOP min_obstacle_distance=1.00m <= 1.2m
05:13:39.551 [AMR-04] STATE_TRANSITION EMERGENCY_STOP -> MOVING (intent=MOVE)
05:13:39.652 [AMR-04] STATE_TRANSITION MOVING -> EMERGENCY_STOP (intent=STOP)
05:13:39.652 [AMR-04] SAFETY_STOP min_obstacle_distance=1.00m <= 1.2m
05:13:39.752 [AMR-04] STATE_TRANSITION EMERGENCY_STOP -> MOVING (intent=MOVE)
05:13:39.853 [AMR-04] STATE_TRANSITION MOVING -> EMERGENCY_STOP (intent=STOP)
05:13:39.853 [AMR-04] SAFETY_STOP min_obstacle_distance=1.01m <= 1.2m
05:13:39.954 [AMR-04] STATE_TRANSITION EMERGENCY_STOP -> MOVING (intent=MOVE)
05:13:40.055 [AMR-04] STATE_TRANSITION MOVING -> EMERGENCY_STOP (intent=STOP)
05:13:40.055 [AMR-04] SAFETY_STOP min_obstacle_distance=1.00m <= 1.2m
05:13:40.156 [AMR-04] STATE_TRANSITION EMERGENCY_STOP -> MOVING (intent=MOVE)
05:13:40.257 [AMR-04] STATE_TRANSITION MOVING -> EMERGENCY_STOP (intent=STOP)
05:13:40.257 [AMR-04] SAFETY_STOP min_obstacle_distance=1.00m <= 1.2m
05:13:40.357 [AMR-04] STATE_TRANSITION EMERGENCY_STOP -> MOVING (intent=MOVE)
05:13:40.458 [AMR-04] STATE_TRANSITION MOVING -> EMERGENCY_STOP (intent=STOP)
05:13:40.458 [AMR-04] SAFETY_STOP min_obstacle_distance=1.00m <= 1.2m
05:13:40.558 [AMR-04] STATE_TRANSITION EMERGENCY_STOP -> MOVING (intent=MOVE)
05:13:40.658 [AMR-04] STATE_TRANSITION MOVING -> EMERGENCY_STOP (intent=STOP)
05:13:40.658 [AMR-04] SAFETY_STOP min_obstacle_distance=1.01m <= 1.2m
05:13:40.759 [AMR-04] STATE_TRANSITION EMERGENCY_STOP -> MOVING (intent=MOVE)
05:13:41.765 [AMR-04] STATE_TRANSITION MOVING -> EMERGENCY_STOP (intent=STOP)
05:13:41.766 [AMR-04] SAFETY_STOP min_obstacle_distance=1.14m <= 1.2m
05:13:41.867 [AMR-04] STATE_TRANSITION EMERGENCY_STOP -> MOVING (intent=MOVE)
05:13:41.968 [AMR-04] STATE_TRANSITION MOVING -> EMERGENCY_STOP (intent=STOP)
05:13:41.968 [AMR-04] SAFETY_STOP min_obstacle_distance=1.08m <= 1.2m
05:13:42.068 [AMR-04] STATE_TRANSITION EMERGENCY_STOP -> MOVING (intent=MOVE)
05:13:42.169 [AMR-04] STATE_TRANSITION MOVING -> EMERGENCY_STOP (intent=STOP)
05:13:42.169 [AMR-04] SAFETY_STOP min_obstacle_distance=1.03m <= 1.2m
05:13:42.270 [AMR-04] STATE_TRANSITION EMERGENCY_STOP -> MOVING (intent=MOVE)
05:13:42.672 [AMR-04] STATE_TRANSITION MOVING -> EMERGENCY_STOP (intent=STOP)
05:13:42.672 [AMR-04] SAFETY_STOP min_obstacle_distance=1.14m <= 1.2m
05:13:42.772 [AMR-04] STATE_TRANSITION EMERGENCY_STOP -> MOVING (intent=MOVE)
05:13:42.872 [AMR-04] STATE_TRANSITION MOVING -> EMERGENCY_STOP (intent=STOP)
05:13:42.872 [AMR-04] SAFETY_STOP min_obstacle_distance=1.08m <= 1.2m
05:13:42.975 [AMR-04] STATE_TRANSITION EMERGENCY_STOP -> MOVING (intent=MOVE)
05:13:43.074 [AMR-04] STATE_TRANSITION MOVING -> EMERGENCY_STOP (intent=STOP)
05:13:43.074 [AMR-04] SAFETY_STOP min_obstacle_distance=1.03m <= 1.2m
05:13:43.175 [AMR-04] STATE_TRANSITION EMERGENCY_STOP -> MOVING (intent=MOVE)
05:13:43.276 [AMR-04] STATE_TRANSITION MOVING -> EMERGENCY_STOP (intent=STOP)
05:13:43.276 [AMR-04] SAFETY_STOP min_obstacle_distance=1.00m <= 1.2m
05:13:43.376 [AMR-04] STATE_TRANSITION EMERGENCY_STOP -> MOVING (intent=MOVE)
05:13:43.678 [AMR-04] STATE_TRANSITION MOVING -> EMERGENCY_STOP (intent=STOP)
05:13:43.678 [AMR-04] SAFETY_STOP min_obstacle_distance=1.14m <= 1.2m
05:13:43.778 [AMR-04] STATE_TRANSITION EMERGENCY_STOP -> MOVING (intent=MOVE)
05:13:43.878 [AMR-04] STATE_TRANSITION MOVING -> EMERGENCY_STOP (intent=STOP)
05:13:43.878 [AMR-04] SAFETY_STOP min_obstacle_distance=1.08m <= 1.2m
05:13:43.979 [AMR-04] STATE_TRANSITION EMERGENCY_STOP -> MOVING (intent=MOVE)
05:13:44.079 [AMR-04] STATE_TRANSITION MOVING -> EMERGENCY_STOP (intent=STOP)
05:13:44.079 [AMR-04] SAFETY_STOP min_obstacle_distance=1.03m <= 1.2m
05:13:44.179 [AMR-04] STATE_TRANSITION EMERGENCY_STOP -> MOVING (intent=MOVE)
05:13:44.280 [AMR-04] STATE_TRANSITION MOVING -> EMERGENCY_STOP (intent=STOP)
05:13:44.280 [AMR-04] SAFETY_STOP min_obstacle_distance=1.00m <= 1.2m
05:13:44.381 [AMR-04] STATE_TRANSITION EMERGENCY_STOP -> MOVING (intent=MOVE)
05:13:44.682 [AMR-04] STATE_TRANSITION MOVING -> EMERGENCY_STOP (intent=STOP)
05:13:44.682 [AMR-04] SAFETY_STOP min_obstacle_distance=1.14m <= 1.2m
05:13:44.783 [AMR-04] STATE_TRANSITION EMERGENCY_STOP -> MOVING (intent=MOVE)
05:13:44.883 [AMR-04] STATE_TRANSITION MOVING -> EMERGENCY_STOP (intent=STOP)
05:13:44.883 [AMR-04] SAFETY_STOP min_obstacle_distance=1.08m <= 1.2m
05:13:44.984 [AMR-04] STATE_TRANSITION EMERGENCY_STOP -> MOVING (intent=MOVE)
05:13:45.084 [AMR-04] STATE_TRANSITION MOVING -> EMERGENCY_STOP (intent=STOP)
05:13:45.084 [AMR-04] SAFETY_STOP min_obstacle_distance=1.03m <= 1.2m
05:13:45.185 [AMR-04] STATE_TRANSITION EMERGENCY_STOP -> MOVING (intent=MOVE)
05:13:45.286 [AMR-04] STATE_TRANSITION MOVING -> EMERGENCY_STOP (intent=STOP)
05:13:45.286 [AMR-04] SAFETY_STOP min_obstacle_distance=1.00m <= 1.2m
05:13:45.390 [AMR-04] STATE_TRANSITION EMERGENCY_STOP -> MOVING (intent=MOVE)
05:13:45.690 [AMR-04] STATE_TRANSITION MOVING -> EMERGENCY_STOP (intent=STOP)
05:13:45.690 [AMR-04] SAFETY_STOP min_obstacle_distance=1.14m <= 1.2m
05:13:45.791 [AMR-04] STATE_TRANSITION EMERGENCY_STOP -> MOVING (intent=MOVE)
05:13:45.890 [AMR-04] STATE_TRANSITION MOVING -> EMERGENCY_STOP (intent=STOP)
05:13:45.890 [AMR-04] SAFETY_STOP min_obstacle_distance=1.08m <= 1.2m
05:13:45.991 [AMR-04] STATE_TRANSITION EMERGENCY_STOP -> MOVING (intent=MOVE)
05:13:46.091 [AMR-04] STATE_TRANSITION MOVING -> EMERGENCY_STOP (intent=STOP)
05:13:46.091 [AMR-04] SAFETY_STOP min_obstacle_distance=1.03m <= 1.2m
05:13:46.193 [AMR-04] STATE_TRANSITION EMERGENCY_STOP -> MOVING (intent=MOVE)
05:13:46.293 [AMR-04] STATE_TRANSITION MOVING -> EMERGENCY_STOP (intent=STOP)
05:13:46.293 [AMR-04] SAFETY_STOP min_obstacle_distance=1.00m <= 1.2m
05:13:46.394 [AMR-04] STATE_TRANSITION EMERGENCY_STOP -> MOVING (intent=MOVE)
05:13:46.796 [AMR-04] STATE_TRANSITION MOVING -> EMERGENCY_STOP (intent=STOP)
05:13:46.797 [AMR-04] SAFETY_STOP min_obstacle_distance=1.14m <= 1.2m
05:13:46.898 [AMR-04] STATE_TRANSITION EMERGENCY_STOP -> MOVING (intent=MOVE)
05:13:46.998 [AMR-04] STATE_TRANSITION MOVING -> EMERGENCY_STOP (intent=STOP)
05:13:46.998 [AMR-04] SAFETY_STOP min_obstacle_distance=1.08m <= 1.2m
05:13:47.099 [AMR-04] STATE_TRANSITION EMERGENCY_STOP -> MOVING (intent=MOVE)
05:13:47.200 [AMR-04] STATE_TRANSITION MOVING -> EMERGENCY_STOP (intent=STOP)
05:13:47.200 [AMR-04] SAFETY_STOP min_obstacle_distance=1.03m <= 1.2m
05:13:47.301 [AMR-04] STATE_TRANSITION EMERGENCY_STOP -> MOVING (intent=MOVE)
05:13:47.401 [AMR-04] STATE_TRANSITION MOVING -> EMERGENCY_STOP (intent=STOP)
05:13:47.401 [AMR-04] SAFETY_STOP min_obstacle_distance=1.00m <= 1.2m
05:13:47.501 [AMR-04] STATE_TRANSITION EMERGENCY_STOP -> MOVING (intent=MOVE)
05:13:47.802 [AMR-04] STATE_TRANSITION MOVING -> EMERGENCY_STOP (intent=STOP)
05:13:47.802 [AMR-04] SAFETY_STOP min_obstacle_distance=1.14m <= 1.2m
05:13:47.903 [AMR-04] STATE_TRANSITION EMERGENCY_STOP -> MOVING (intent=MOVE)
05:13:48.003 [AMR-04] STATE_TRANSITION MOVING -> EMERGENCY_STOP (intent=STOP)
05:13:48.003 [AMR-04] SAFETY_STOP min_obstacle_distance=1.08m <= 1.2m
05:13:48.105 [AMR-04] STATE_TRANSITION EMERGENCY_STOP -> MOVING (intent=MOVE)
05:13:48.204 [AMR-04] STATE_TRANSITION MOVING -> EMERGENCY_STOP (intent=STOP)
05:13:48.204 [AMR-04] SAFETY_STOP min_obstacle_distance=1.03m <= 1.2m
05:13:48.305 [AMR-04] STATE_TRANSITION EMERGENCY_STOP -> MOVING (intent=MOVE)
05:13:48.406 [AMR-04] STATE_TRANSITION MOVING -> EMERGENCY_STOP (intent=STOP)
05:13:48.406 [AMR-04] SAFETY_STOP min_obstacle_distance=1.00m <= 1.2m
05:13:48.507 [AMR-04] STATE_TRANSITION EMERGENCY_STOP -> MOVING (intent=MOVE)
05:13:48.810 [AMR-04] STATE_TRANSITION MOVING -> EMERGENCY_STOP (intent=STOP)
05:13:48.810 [AMR-04] SAFETY_STOP min_obstacle_distance=1.14m <= 1.2m
05:13:48.911 [AMR-04] STATE_TRANSITION EMERGENCY_STOP -> MOVING (intent=MOVE)
05:13:49.012 [AMR-04] STATE_TRANSITION MOVING -> EMERGENCY_STOP (intent=STOP)
05:13:49.012 [AMR-04] SAFETY_STOP min_obstacle_distance=1.07m <= 1.2m
05:13:49.113 [AMR-04] STATE_TRANSITION EMERGENCY_STOP -> MOVING (intent=MOVE)
05:13:49.213 [AMR-04] STATE_TRANSITION MOVING -> EMERGENCY_STOP (intent=STOP)
05:13:49.213 [AMR-04] SAFETY_STOP min_obstacle_distance=1.03m <= 1.2m
05:13:49.314 [AMR-04] STATE_TRANSITION EMERGENCY_STOP -> MOVING (intent=MOVE)
05:13:49.414 [AMR-04] STATE_TRANSITION MOVING -> EMERGENCY_STOP (intent=STOP)
05:13:49.414 [AMR-04] SAFETY_STOP min_obstacle_distance=1.00m <= 1.2m
05:13:49.515 [AMR-04] STATE_TRANSITION EMERGENCY_STOP -> MOVING (intent=MOVE)
05:13:49.818 [AMR-04] STATE_TRANSITION MOVING -> EMERGENCY_STOP (intent=STOP)
05:13:49.818 [AMR-04] SAFETY_STOP min_obstacle_distance=1.14m <= 1.2m
05:13:49.919 [AMR-04] STATE_TRANSITION EMERGENCY_STOP -> MOVING (intent=MOVE)
05:13:50.020 [AMR-04] STATE_TRANSITION MOVING -> EMERGENCY_STOP (intent=STOP)
05:13:50.020 [AMR-04] SAFETY_STOP min_obstacle_distance=1.08m <= 1.2m
05:13:50.120 [AMR-04] STATE_TRANSITION EMERGENCY_STOP -> MOVING (intent=MOVE)
05:13:50.220 [AMR-04] STATE_TRANSITION MOVING -> EMERGENCY_STOP (intent=STOP)
05:13:50.220 [AMR-04] SAFETY_STOP min_obstacle_distance=1.03m <= 1.2m
05:13:50.322 [AMR-04] STATE_TRANSITION EMERGENCY_STOP -> MOVING (intent=MOVE)
05:13:50.422 [AMR-04] STATE_TRANSITION MOVING -> EMERGENCY_STOP (intent=STOP)
05:13:50.423 [AMR-04] SAFETY_STOP min_obstacle_distance=1.00m <= 1.2m
05:13:50.523 [AMR-04] STATE_TRANSITION EMERGENCY_STOP -> MOVING (intent=MOVE)
05:13:50.825 [AMR-04] STATE_TRANSITION MOVING -> EMERGENCY_STOP (intent=STOP)
05:13:50.826 [AMR-04] SAFETY_STOP min_obstacle_distance=1.14m <= 1.2m
05:13:50.927 [AMR-04] STATE_TRANSITION EMERGENCY_STOP -> MOVING (intent=MOVE)
05:13:51.027 [AMR-04] STATE_TRANSITION MOVING -> EMERGENCY_STOP (intent=STOP)
05:13:51.027 [AMR-04] SAFETY_STOP min_obstacle_distance=1.08m <= 1.2m
05:13:51.129 [AMR-04] STATE_TRANSITION EMERGENCY_STOP -> MOVING (intent=MOVE)
05:13:51.230 [AMR-04] STATE_TRANSITION MOVING -> EMERGENCY_STOP (intent=STOP)
05:13:51.230 [AMR-04] SAFETY_STOP min_obstacle_distance=1.03m <= 1.2m
05:13:51.331 [AMR-04] STATE_TRANSITION EMERGENCY_STOP -> MOVING (intent=MOVE)
05:13:51.432 [AMR-04] STATE_TRANSITION MOVING -> EMERGENCY_STOP (intent=STOP)
05:13:51.432 [AMR-04] SAFETY_STOP min_obstacle_distance=1.00m <= 1.2m
05:13:51.532 [AMR-04] STATE_TRANSITION EMERGENCY_STOP -> MOVING (intent=MOVE)
05:13:51.834 [AMR-04] STATE_TRANSITION MOVING -> EMERGENCY_STOP (intent=STOP)
05:13:51.834 [AMR-04] SAFETY_STOP min_obstacle_distance=1.14m <= 1.2m
05:13:51.935 [AMR-04] STATE_TRANSITION EMERGENCY_STOP -> MOVING (intent=MOVE)
05:13:52.037 [AMR-04] STATE_TRANSITION MOVING -> EMERGENCY_STOP (intent=STOP)
05:13:52.037 [AMR-04] SAFETY_STOP min_obstacle_distance=1.08m <= 1.2m
05:13:52.137 [AMR-04] STATE_TRANSITION EMERGENCY_STOP -> MOVING (intent=MOVE)
05:13:52.237 [AMR-04] STATE_TRANSITION MOVING -> EMERGENCY_STOP (intent=STOP)
05:13:52.237 [AMR-04] SAFETY_STOP min_obstacle_distance=1.03m <= 1.2m
05:13:52.338 [AMR-04] STATE_TRANSITION EMERGENCY_STOP -> MOVING (intent=MOVE)
05:13:52.740 [AMR-04] STATE_TRANSITION MOVING -> EMERGENCY_STOP (intent=STOP)
05:13:52.740 [AMR-04] SAFETY_STOP min_obstacle_distance=1.14m <= 1.2m
05:13:52.841 [AMR-04] STATE_TRANSITION EMERGENCY_STOP -> MOVING (intent=MOVE)
05:13:52.942 [AMR-04] STATE_TRANSITION MOVING -> EMERGENCY_STOP (intent=STOP)
05:13:52.942 [AMR-04] SAFETY_STOP min_obstacle_distance=1.08m <= 1.2m
05:13:53.044 [AMR-04] STATE_TRANSITION EMERGENCY_STOP -> MOVING (intent=MOVE)
05:13:53.145 [AMR-04] STATE_TRANSITION MOVING -> EMERGENCY_STOP (intent=STOP)
05:13:53.145 [AMR-04] SAFETY_STOP min_obstacle_distance=1.03m <= 1.2m
05:13:53.245 [AMR-04] STATE_TRANSITION EMERGENCY_STOP -> MOVING (intent=MOVE)
05:13:53.346 [AMR-04] STATE_TRANSITION MOVING -> EMERGENCY_STOP (intent=STOP)
05:13:53.346 [AMR-04] SAFETY_STOP min_obstacle_distance=1.00m <= 1.2m
05:13:53.447 [AMR-04] STATE_TRANSITION EMERGENCY_STOP -> MOVING (intent=MOVE)
05:13:53.747 [AMR-04] STATE_TRANSITION MOVING -> EMERGENCY_STOP (intent=STOP)
05:13:53.748 [AMR-04] SAFETY_STOP min_obstacle_distance=1.14m <= 1.2m
05:13:53.849 [AMR-04] STATE_TRANSITION EMERGENCY_STOP -> MOVING (intent=MOVE)
05:13:53.949 [AMR-04] STATE_TRANSITION MOVING -> EMERGENCY_STOP (intent=STOP)
05:13:53.950 [AMR-04] SAFETY_STOP min_obstacle_distance=1.08m <= 1.2m
05:13:54.050 [AMR-04] STATE_TRANSITION EMERGENCY_STOP -> MOVING (intent=MOVE)
05:13:54.150 [AMR-04] STATE_TRANSITION MOVING -> EMERGENCY_STOP (intent=STOP)
05:13:54.150 [AMR-04] SAFETY_STOP min_obstacle_distance=1.03m <= 1.2m
05:13:54.251 [AMR-04] STATE_TRANSITION EMERGENCY_STOP -> MOVING (intent=MOVE)
05:13:54.351 [AMR-04] STATE_TRANSITION MOVING -> EMERGENCY_STOP (intent=STOP)
05:13:54.351 [AMR-04] SAFETY_STOP min_obstacle_distance=1.00m <= 1.2m
05:13:54.453 [AMR-04] STATE_TRANSITION EMERGENCY_STOP -> MOVING (intent=MOVE)
05:13:54.853 [AMR-04] STATE_TRANSITION MOVING -> EMERGENCY_STOP (intent=STOP)
05:13:54.854 [AMR-04] SAFETY_STOP min_obstacle_distance=1.14m <= 1.2m
05:13:54.954 [AMR-04] STATE_TRANSITION EMERGENCY_STOP -> MOVING (intent=MOVE)
05:13:55.054 [AMR-04] STATE_TRANSITION MOVING -> EMERGENCY_STOP (intent=STOP)
05:13:55.054 [AMR-04] SAFETY_STOP min_obstacle_distance=1.08m <= 1.2m
05:13:55.155 [AMR-04] STATE_TRANSITION EMERGENCY_STOP -> MOVING (intent=MOVE)
05:13:55.255 [AMR-04] STATE_TRANSITION MOVING -> EMERGENCY_STOP (intent=STOP)
05:13:55.255 [AMR-04] SAFETY_STOP min_obstacle_distance=1.03m <= 1.2m
05:13:55.356 [AMR-04] STATE_TRANSITION EMERGENCY_STOP -> MOVING (intent=MOVE)
05:13:55.457 [AMR-04] STATE_TRANSITION MOVING -> EMERGENCY_STOP (intent=STOP)
05:13:55.457 [AMR-04] SAFETY_STOP min_obstacle_distance=1.00m <= 1.2m
05:13:55.558 [AMR-04] STATE_TRANSITION EMERGENCY_STOP -> MOVING (intent=MOVE)
05:13:55.658 [AMR-04] STATE_TRANSITION MOVING -> EMERGENCY_STOP (intent=STOP)
05:13:55.658 [AMR-04] SAFETY_STOP min_obstacle_distance=1.01m <= 1.2m
05:13:55.759 [AMR-04] STATE_TRANSITION EMERGENCY_STOP -> MOVING (intent=MOVE)
05:13:55.860 [AMR-04] STATE_TRANSITION MOVING -> EMERGENCY_STOP (intent=STOP)
05:13:55.860 [AMR-04] SAFETY_STOP min_obstacle_distance=1.04m <= 1.2m
05:13:55.961 [AMR-04] STATE_TRANSITION EMERGENCY_STOP -> MOVING (intent=MOVE)
05:13:56.062 [AMR-04] STATE_TRANSITION MOVING -> EMERGENCY_STOP (intent=STOP)
05:13:56.062 [AMR-04] SAFETY_STOP min_obstacle_distance=1.10m <= 1.2m
05:13:56.163 [AMR-04] STATE_TRANSITION EMERGENCY_STOP -> MOVING (intent=MOVE)
05:13:56.263 [AMR-04] STATE_TRANSITION MOVING -> EMERGENCY_STOP (intent=STOP)
05:13:56.263 [AMR-04] SAFETY_STOP min_obstacle_distance=1.08m <= 1.2m
05:13:56.364 [AMR-04] STATE_TRANSITION EMERGENCY_STOP -> MOVING (intent=MOVE)
05:13:56.465 [AMR-04] STATE_TRANSITION MOVING -> EMERGENCY_STOP (intent=STOP)
05:13:56.465 [AMR-04] SAFETY_STOP min_obstacle_distance=1.00m <= 1.2m
05:13:56.566 [AMR-04] STATE_TRANSITION EMERGENCY_STOP -> MOVING (intent=MOVE)
05:13:56.666 [AMR-04] STATE_TRANSITION MOVING -> EMERGENCY_STOP (intent=STOP)
05:13:56.666 [AMR-04] SAFETY_STOP min_obstacle_distance=1.01m <= 1.2m
05:13:56.767 [AMR-04] STATE_TRANSITION EMERGENCY_STOP -> MOVING (intent=MOVE)
05:13:56.868 [AMR-04] STATE_TRANSITION MOVING -> EMERGENCY_STOP (intent=STOP)
05:13:56.868 [AMR-04] SAFETY_STOP min_obstacle_distance=1.04m <= 1.2m
05:13:56.968 [AMR-04] STATE_TRANSITION EMERGENCY_STOP -> MOVING (intent=MOVE)
05:13:57.070 [AMR-04] STATE_TRANSITION MOVING -> EMERGENCY_STOP (intent=STOP)
05:13:57.070 [AMR-04] SAFETY_STOP min_obstacle_distance=1.10m <= 1.2m
05:13:57.170 [AMR-04] STATE_TRANSITION EMERGENCY_STOP -> MOVING (intent=MOVE)
05:13:57.271 [AMR-04] STATE_TRANSITION MOVING -> EMERGENCY_STOP (intent=STOP)
05:13:57.271 [AMR-04] SAFETY_STOP min_obstacle_distance=1.08m <= 1.2m
05:13:57.371 [AMR-04] STATE_TRANSITION EMERGENCY_STOP -> MOVING (intent=MOVE)
05:13:57.471 [AMR-04] STATE_TRANSITION MOVING -> EMERGENCY_STOP (intent=STOP)
05:13:57.471 [AMR-04] SAFETY_STOP min_obstacle_distance=1.00m <= 1.2m
05:13:57.571 [AMR-04] STATE_TRANSITION EMERGENCY_STOP -> MOVING (intent=MOVE)
05:13:57.672 [AMR-04] STATE_TRANSITION MOVING -> EMERGENCY_STOP (intent=STOP)
05:13:57.672 [AMR-04] SAFETY_STOP min_obstacle_distance=1.01m <= 1.2m
05:13:57.772 [AMR-04] STATE_TRANSITION EMERGENCY_STOP -> MOVING (intent=MOVE)
05:13:57.873 [AMR-04] STATE_TRANSITION MOVING -> EMERGENCY_STOP (intent=STOP)
05:13:57.873 [AMR-04] SAFETY_STOP min_obstacle_distance=1.04m <= 1.2m
05:13:57.974 [AMR-04] STATE_TRANSITION EMERGENCY_STOP -> MOVING (intent=MOVE)
05:13:58.074 [AMR-04] STATE_TRANSITION MOVING -> EMERGENCY_STOP (intent=STOP)
05:13:58.075 [AMR-04] SAFETY_STOP min_obstacle_distance=1.10m <= 1.2m
05:13:58.175 [AMR-04] STATE_TRANSITION EMERGENCY_STOP -> MOVING (intent=MOVE)
05:13:58.275 [AMR-04] STATE_TRANSITION MOVING -> EMERGENCY_STOP (intent=STOP)
05:13:58.275 [AMR-04] SAFETY_STOP min_obstacle_distance=1.08m <= 1.2m
05:13:58.377 [AMR-04] STATE_TRANSITION EMERGENCY_STOP -> MOVING (intent=MOVE)
05:13:58.477 [AMR-04] STATE_TRANSITION MOVING -> EMERGENCY_STOP (intent=STOP)
05:13:58.477 [AMR-04] SAFETY_STOP min_obstacle_distance=1.00m <= 1.2m
05:13:58.578 [AMR-04] STATE_TRANSITION EMERGENCY_STOP -> MOVING (intent=MOVE)
05:13:58.679 [AMR-04] STATE_TRANSITION MOVING -> EMERGENCY_STOP (intent=STOP)
05:13:58.679 [AMR-04] SAFETY_STOP min_obstacle_distance=1.01m <= 1.2m
05:13:58.779 [AMR-04] STATE_TRANSITION EMERGENCY_STOP -> MOVING (intent=MOVE)
05:13:58.879 [AMR-04] STATE_TRANSITION MOVING -> EMERGENCY_STOP (intent=STOP)
05:13:58.879 [AMR-04] SAFETY_STOP min_obstacle_distance=1.04m <= 1.2m
05:13:58.979 [AMR-04] STATE_TRANSITION EMERGENCY_STOP -> MOVING (intent=MOVE)
05:13:59.081 [AMR-04] STATE_TRANSITION MOVING -> EMERGENCY_STOP (intent=STOP)
05:13:59.081 [AMR-04] SAFETY_STOP min_obstacle_distance=1.10m <= 1.2m
05:13:59.181 [AMR-04] STATE_TRANSITION EMERGENCY_STOP -> MOVING (intent=MOVE)
05:13:59.282 [AMR-04] STATE_TRANSITION MOVING -> EMERGENCY_STOP (intent=STOP)
05:13:59.282 [AMR-04] SAFETY_STOP min_obstacle_distance=1.08m <= 1.2m
05:13:59.382 [AMR-04] STATE_TRANSITION EMERGENCY_STOP -> MOVING (intent=MOVE)
05:13:59.484 [AMR-04] STATE_TRANSITION MOVING -> EMERGENCY_STOP (intent=STOP)
05:13:59.484 [AMR-04] SAFETY_STOP min_obstacle_distance=1.00m <= 1.2m
05:13:59.584 [AMR-04] STATE_TRANSITION EMERGENCY_STOP -> MOVING (intent=MOVE)
05:13:59.685 [AMR-04] STATE_TRANSITION MOVING -> EMERGENCY_STOP (intent=STOP)
05:13:59.685 [AMR-04] SAFETY_STOP min_obstacle_distance=1.01m <= 1.2m
05:13:59.786 [AMR-04] STATE_TRANSITION EMERGENCY_STOP -> MOVING (intent=MOVE)
05:13:59.887 [AMR-04] STATE_TRANSITION MOVING -> EMERGENCY_STOP (intent=STOP)
05:13:59.887 [AMR-04] SAFETY_STOP min_obstacle_distance=1.04m <= 1.2m
05:13:59.988 [AMR-04] STATE_TRANSITION EMERGENCY_STOP -> MOVING (intent=MOVE)
05:14:00.088 [AMR-04] STATE_TRANSITION MOVING -> EMERGENCY_STOP (intent=STOP)
05:14:00.088 [AMR-04] SAFETY_STOP min_obstacle_distance=1.10m <= 1.2m
05:14:00.188 [AMR-04] STATE_TRANSITION EMERGENCY_STOP -> MOVING (intent=MOVE)
05:14:00.289 [AMR-04] STATE_TRANSITION MOVING -> EMERGENCY_STOP (intent=STOP)
05:14:00.289 [AMR-04] SAFETY_STOP min_obstacle_distance=1.17m <= 1.2m
05:14:00.390 [AMR-04] STATE_TRANSITION EMERGENCY_STOP -> MOVING (intent=MOVE)
05:14:00.490 [AMR-04] STATE_TRANSITION MOVING -> EMERGENCY_STOP (intent=STOP)
05:14:00.491 [AMR-04] SAFETY_STOP min_obstacle_distance=1.00m <= 1.2m
05:14:00.592 [AMR-04] STATE_TRANSITION EMERGENCY_STOP -> MOVING (intent=MOVE)
05:14:00.693 [AMR-04] STATE_TRANSITION MOVING -> EMERGENCY_STOP (intent=STOP)
05:14:00.693 [AMR-04] SAFETY_STOP min_obstacle_distance=1.01m <= 1.2m
05:14:00.793 [AMR-04] STATE_TRANSITION EMERGENCY_STOP -> MOVING (intent=MOVE)
05:14:00.893 [AMR-04] STATE_TRANSITION MOVING -> EMERGENCY_STOP (intent=STOP)
05:14:00.893 [AMR-04] SAFETY_STOP min_obstacle_distance=1.04m <= 1.2m
05:14:00.995 [AMR-04] STATE_TRANSITION EMERGENCY_STOP -> MOVING (intent=MOVE)
05:14:01.095 [AMR-04] STATE_TRANSITION MOVING -> EMERGENCY_STOP (intent=STOP)
05:14:01.095 [AMR-04] SAFETY_STOP min_obstacle_distance=1.10m <= 1.2m
05:14:01.195 [AMR-04] STATE_TRANSITION EMERGENCY_STOP -> MOVING (intent=MOVE)
05:14:01.295 [AMR-04] STATE_TRANSITION MOVING -> EMERGENCY_STOP (intent=STOP)
05:14:01.295 [AMR-04] SAFETY_STOP min_obstacle_distance=1.17m <= 1.2m
05:14:01.396 [AMR-04] STATE_TRANSITION EMERGENCY_STOP -> MOVING (intent=MOVE)
05:14:01.497 [AMR-04] STATE_TRANSITION MOVING -> EMERGENCY_STOP (intent=STOP)
05:14:01.497 [AMR-04] SAFETY_STOP min_obstacle_distance=1.00m <= 1.2m
05:14:01.598 [AMR-04] STATE_TRANSITION EMERGENCY_STOP -> MOVING (intent=MOVE)
05:14:01.699 [AMR-04] STATE_TRANSITION MOVING -> EMERGENCY_STOP (intent=STOP)
05:14:01.700 [AMR-04] SAFETY_STOP min_obstacle_distance=1.01m <= 1.2m
05:14:01.800 [AMR-04] STATE_TRANSITION EMERGENCY_STOP -> MOVING (intent=MOVE)
05:14:01.900 [AMR-04] STATE_TRANSITION MOVING -> EMERGENCY_STOP (intent=STOP)
05:14:01.900 [AMR-04] SAFETY_STOP min_obstacle_distance=1.04m <= 1.2m
05:14:02.002 [AMR-04] STATE_TRANSITION EMERGENCY_STOP -> MOVING (intent=MOVE)
05:14:02.102 [AMR-04] STATE_TRANSITION MOVING -> EMERGENCY_STOP (intent=STOP)
05:14:02.102 [AMR-04] SAFETY_STOP min_obstacle_distance=1.10m <= 1.2m
05:14:02.203 [AMR-04] STATE_TRANSITION EMERGENCY_STOP -> MOVING (intent=MOVE)
05:14:02.304 [AMR-04] STATE_TRANSITION MOVING -> EMERGENCY_STOP (intent=STOP)
05:14:02.304 [AMR-04] SAFETY_STOP min_obstacle_distance=1.17m <= 1.2m
05:14:02.404 [AMR-04] STATE_TRANSITION EMERGENCY_STOP -> MOVING (intent=MOVE)
05:14:02.504 [AMR-04] STATE_TRANSITION MOVING -> EMERGENCY_STOP (intent=STOP)
05:14:02.504 [AMR-04] SAFETY_STOP min_obstacle_distance=1.00m <= 1.2m
05:14:02.605 [AMR-04] STATE_TRANSITION EMERGENCY_STOP -> MOVING (intent=MOVE)
05:14:02.705 [AMR-04] STATE_TRANSITION MOVING -> EMERGENCY_STOP (intent=STOP)
05:14:02.705 [AMR-04] SAFETY_STOP min_obstacle_distance=1.01m <= 1.2m
05:14:02.806 [AMR-04] STATE_TRANSITION EMERGENCY_STOP -> MOVING (intent=MOVE)
05:14:02.906 [AMR-04] STATE_TRANSITION MOVING -> EMERGENCY_STOP (intent=STOP)
05:14:02.906 [AMR-04] SAFETY_STOP min_obstacle_distance=1.04m <= 1.2m
05:14:03.007 [AMR-04] STATE_TRANSITION EMERGENCY_STOP -> MOVING (intent=MOVE)
05:14:03.108 [AMR-04] STATE_TRANSITION MOVING -> EMERGENCY_STOP (intent=STOP)
05:14:03.108 [AMR-04] SAFETY_STOP min_obstacle_distance=1.10m <= 1.2m
05:14:03.209 [AMR-04] STATE_TRANSITION EMERGENCY_STOP -> MOVING (intent=MOVE)
05:14:03.309 [AMR-04] STATE_TRANSITION MOVING -> EMERGENCY_STOP (intent=STOP)
05:14:03.309 [AMR-04] SAFETY_STOP min_obstacle_distance=1.17m <= 1.2m
05:14:03.410 [AMR-04] STATE_TRANSITION EMERGENCY_STOP -> MOVING (intent=MOVE)
05:14:03.812 [AMR-04] STATE_TRANSITION MOVING -> EMERGENCY_STOP (intent=STOP)
05:14:03.812 [AMR-04] SAFETY_STOP min_obstacle_distance=1.14m <= 1.2m
05:14:03.914 [AMR-04] STATE_TRANSITION EMERGENCY_STOP -> MOVING (intent=MOVE)
05:14:04.014 [AMR-04] STATE_TRANSITION MOVING -> EMERGENCY_STOP (intent=STOP)
05:14:04.014 [AMR-04] SAFETY_STOP min_obstacle_distance=1.08m <= 1.2m
05:14:04.115 [AMR-04] STATE_TRANSITION EMERGENCY_STOP -> MOVING (intent=MOVE)
05:14:04.215 [AMR-04] STATE_TRANSITION MOVING -> EMERGENCY_STOP (intent=STOP)
05:14:04.215 [AMR-04] SAFETY_STOP min_obstacle_distance=1.03m <= 1.2m
05:14:04.316 [AMR-04] STATE_TRANSITION EMERGENCY_STOP -> MOVING (intent=MOVE)
05:14:04.418 [AMR-04] STATE_TRANSITION MOVING -> EMERGENCY_STOP (intent=STOP)
05:14:04.418 [AMR-04] SAFETY_STOP min_obstacle_distance=1.00m <= 1.2m
05:14:04.519 [AMR-04] STATE_TRANSITION EMERGENCY_STOP -> MOVING (intent=MOVE)
05:14:04.822 [AMR-04] STATE_TRANSITION MOVING -> EMERGENCY_STOP (intent=STOP)
05:14:04.822 [AMR-04] SAFETY_STOP min_obstacle_distance=1.14m <= 1.2m
05:14:04.923 [AMR-04] STATE_TRANSITION EMERGENCY_STOP -> MOVING (intent=MOVE)
05:14:05.023 [AMR-04] STATE_TRANSITION MOVING -> EMERGENCY_STOP (intent=STOP)
05:14:05.023 [AMR-04] SAFETY_STOP min_obstacle_distance=1.07m <= 1.2m
05:14:05.125 [AMR-04] STATE_TRANSITION EMERGENCY_STOP -> MOVING (intent=MOVE)
05:14:05.225 [AMR-04] STATE_TRANSITION MOVING -> EMERGENCY_STOP (intent=STOP)
05:14:05.225 [AMR-04] SAFETY_STOP min_obstacle_distance=1.03m <= 1.2m
05:14:05.326 [AMR-04] STATE_TRANSITION EMERGENCY_STOP -> MOVING (intent=MOVE)
05:14:05.426 [AMR-04] STATE_TRANSITION MOVING -> EMERGENCY_STOP (intent=STOP)
05:14:05.427 [AMR-04] SAFETY_STOP min_obstacle_distance=1.00m <= 1.2m
05:14:05.527 [AMR-04] STATE_TRANSITION EMERGENCY_STOP -> MOVING (intent=MOVE)
05:14:05.828 [AMR-04] STATE_TRANSITION MOVING -> EMERGENCY_STOP (intent=STOP)
05:14:05.828 [AMR-04] SAFETY_STOP min_obstacle_distance=1.14m <= 1.2m
05:14:05.930 [AMR-04] STATE_TRANSITION EMERGENCY_STOP -> MOVING (intent=MOVE)
05:14:06.030 [AMR-04] STATE_TRANSITION MOVING -> EMERGENCY_STOP (intent=STOP)
05:14:06.030 [AMR-04] SAFETY_STOP min_obstacle_distance=1.08m <= 1.2m
05:14:06.132 [AMR-04] STATE_TRANSITION EMERGENCY_STOP -> MOVING (intent=MOVE)
05:14:06.231 [AMR-04] STATE_TRANSITION MOVING -> EMERGENCY_STOP (intent=STOP)
05:14:06.232 [AMR-04] SAFETY_STOP min_obstacle_distance=1.03m <= 1.2m
05:14:06.333 [AMR-04] STATE_TRANSITION EMERGENCY_STOP -> MOVING (intent=MOVE)
05:14:06.433 [AMR-04] STATE_TRANSITION MOVING -> EMERGENCY_STOP (intent=STOP)
05:14:06.433 [AMR-04] SAFETY_STOP min_obstacle_distance=1.00m <= 1.2m
05:14:06.533 [AMR-04] STATE_TRANSITION EMERGENCY_STOP -> MOVING (intent=MOVE)
05:14:06.835 [AMR-04] STATE_TRANSITION MOVING -> EMERGENCY_STOP (intent=STOP)
05:14:06.835 [AMR-04] SAFETY_STOP min_obstacle_distance=1.14m <= 1.2m
05:14:06.936 [AMR-04] STATE_TRANSITION EMERGENCY_STOP -> MOVING (intent=MOVE)
05:14:07.037 [AMR-04] STATE_TRANSITION MOVING -> EMERGENCY_STOP (intent=STOP)
05:14:07.037 [AMR-04] SAFETY_STOP min_obstacle_distance=1.08m <= 1.2m
05:14:07.137 [AMR-04] STATE_TRANSITION EMERGENCY_STOP -> MOVING (intent=MOVE)
05:14:07.238 [AMR-04] STATE_TRANSITION MOVING -> EMERGENCY_STOP (intent=STOP)
05:14:07.238 [AMR-04] SAFETY_STOP min_obstacle_distance=1.03m <= 1.2m
05:14:07.338 [AMR-04] STATE_TRANSITION EMERGENCY_STOP -> MOVING (intent=MOVE)
05:14:07.439 [AMR-04] STATE_TRANSITION MOVING -> EMERGENCY_STOP (intent=STOP)
05:14:07.439 [AMR-04] SAFETY_STOP min_obstacle_distance=1.00m <= 1.2m
05:14:07.539 [AMR-04] STATE_TRANSITION EMERGENCY_STOP -> MOVING (intent=MOVE)
05:14:07.842 [AMR-04] STATE_TRANSITION MOVING -> EMERGENCY_STOP (intent=STOP)
05:14:07.842 [AMR-04] SAFETY_STOP min_obstacle_distance=1.14m <= 1.2m
05:14:07.942 [AMR-04] STATE_TRANSITION EMERGENCY_STOP -> MOVING (intent=MOVE)
05:14:08.043 [AMR-04] STATE_TRANSITION MOVING -> EMERGENCY_STOP (intent=STOP)
05:14:08.043 [AMR-04] SAFETY_STOP min_obstacle_distance=1.08m <= 1.2m
05:14:08.143 [AMR-04] STATE_TRANSITION EMERGENCY_STOP -> MOVING (intent=MOVE)
05:14:08.245 [AMR-04] STATE_TRANSITION MOVING -> EMERGENCY_STOP (intent=STOP)
05:14:08.245 [AMR-04] SAFETY_STOP min_obstacle_distance=1.03m <= 1.2m
05:14:08.345 [AMR-04] STATE_TRANSITION EMERGENCY_STOP -> MOVING (intent=MOVE)
05:14:08.445 [AMR-04] STATE_TRANSITION MOVING -> EMERGENCY_STOP (intent=STOP)
05:14:08.445 [AMR-04] SAFETY_STOP min_obstacle_distance=1.00m <= 1.2m
05:14:08.545 [AMR-04] STATE_TRANSITION EMERGENCY_STOP -> MOVING (intent=MOVE)
05:14:08.847 [AMR-04] STATE_TRANSITION MOVING -> EMERGENCY_STOP (intent=STOP)
05:14:08.847 [AMR-04] SAFETY_STOP min_obstacle_distance=1.14m <= 1.2m
05:14:08.947 [AMR-04] STATE_TRANSITION EMERGENCY_STOP -> MOVING (intent=MOVE)
05:14:09.048 [AMR-04] STATE_TRANSITION MOVING -> EMERGENCY_STOP (intent=STOP)
05:14:09.048 [AMR-04] SAFETY_STOP min_obstacle_distance=1.08m <= 1.2m
05:14:09.148 [AMR-04] STATE_TRANSITION EMERGENCY_STOP -> MOVING (intent=MOVE)
05:14:09.249 [AMR-04] STATE_TRANSITION MOVING -> EMERGENCY_STOP (intent=STOP)
05:14:09.249 [AMR-04] SAFETY_STOP min_obstacle_distance=1.03m <= 1.2m
05:14:09.350 [AMR-04] STATE_TRANSITION EMERGENCY_STOP -> MOVING (intent=MOVE)
05:14:09.853 [AMR-04] STATE_TRANSITION MOVING -> EMERGENCY_STOP (intent=STOP)
05:14:09.853 [AMR-04] SAFETY_STOP min_obstacle_distance=1.14m <= 1.2m
05:14:09.954 [AMR-04] STATE_TRANSITION EMERGENCY_STOP -> MOVING (intent=MOVE)
05:14:10.054 [AMR-04] STATE_TRANSITION MOVING -> EMERGENCY_STOP (intent=STOP)
05:14:10.054 [AMR-04] SAFETY_STOP min_obstacle_distance=1.08m <= 1.2m
05:14:10.154 [AMR-04] STATE_TRANSITION EMERGENCY_STOP -> MOVING (intent=MOVE)
05:14:10.256 [AMR-04] STATE_TRANSITION MOVING -> EMERGENCY_STOP (intent=STOP)
05:14:10.256 [AMR-04] SAFETY_STOP min_obstacle_distance=1.03m <= 1.2m
05:14:10.357 [AMR-04] STATE_TRANSITION EMERGENCY_STOP -> MOVING (intent=MOVE)
05:14:10.762 [AMR-04] STATE_TRANSITION MOVING -> EMERGENCY_STOP (intent=STOP)
05:14:10.762 [AMR-04] SAFETY_STOP min_obstacle_distance=1.14m <= 1.2m
05:14:10.864 [AMR-04] STATE_TRANSITION EMERGENCY_STOP -> MOVING (intent=MOVE)
05:14:10.965 [AMR-04] STATE_TRANSITION MOVING -> EMERGENCY_STOP (intent=STOP)
05:14:10.965 [AMR-04] SAFETY_STOP min_obstacle_distance=1.07m <= 1.2m
05:14:11.067 [AMR-04] STATE_TRANSITION EMERGENCY_STOP -> MOVING (intent=MOVE)
05:14:11.168 [AMR-04] STATE_TRANSITION MOVING -> EMERGENCY_STOP (intent=STOP)
05:14:11.169 [AMR-04] SAFETY_STOP min_obstacle_distance=1.03m <= 1.2m
05:14:11.270 [AMR-04] STATE_TRANSITION EMERGENCY_STOP -> MOVING (intent=MOVE)
05:14:11.372 [AMR-04] STATE_TRANSITION MOVING -> EMERGENCY_STOP (intent=STOP)
05:14:11.372 [AMR-04] SAFETY_STOP min_obstacle_distance=1.00m <= 1.2m
05:14:11.473 [AMR-04] STATE_TRANSITION EMERGENCY_STOP -> MOVING (intent=MOVE)
05:14:11.777 [AMR-04] STATE_TRANSITION MOVING -> EMERGENCY_STOP (intent=STOP)
05:14:11.777 [AMR-04] SAFETY_STOP min_obstacle_distance=1.14m <= 1.2m
05:14:11.878 [AMR-04] STATE_TRANSITION EMERGENCY_STOP -> MOVING (intent=MOVE)
05:14:11.980 [AMR-04] STATE_TRANSITION MOVING -> EMERGENCY_STOP (intent=STOP)
05:14:11.980 [AMR-04] SAFETY_STOP min_obstacle_distance=1.07m <= 1.2m
05:14:12.082 [AMR-04] STATE_TRANSITION EMERGENCY_STOP -> MOVING (intent=MOVE)
05:14:12.183 [AMR-04] STATE_TRANSITION MOVING -> EMERGENCY_STOP (intent=STOP)
05:14:12.183 [AMR-04] SAFETY_STOP min_obstacle_distance=1.03m <= 1.2m
05:14:12.285 [AMR-04] STATE_TRANSITION EMERGENCY_STOP -> MOVING (intent=MOVE)
05:14:12.387 [AMR-04] STATE_TRANSITION MOVING -> EMERGENCY_STOP (intent=STOP)
05:14:12.387 [AMR-04] SAFETY_STOP min_obstacle_distance=1.00m <= 1.2m
05:14:12.488 [AMR-04] STATE_TRANSITION EMERGENCY_STOP -> MOVING (intent=MOVE)
05:14:12.792 [AMR-04] STATE_TRANSITION MOVING -> EMERGENCY_STOP (intent=STOP)
05:14:12.792 [AMR-04] SAFETY_STOP min_obstacle_distance=1.14m <= 1.2m
05:14:12.895 [AMR-04] STATE_TRANSITION EMERGENCY_STOP -> MOVING (intent=MOVE)
05:14:12.995 [AMR-04] STATE_TRANSITION MOVING -> EMERGENCY_STOP (intent=STOP)
05:14:12.996 [AMR-04] SAFETY_STOP min_obstacle_distance=1.07m <= 1.2m
05:14:13.096 [AMR-04] STATE_TRANSITION EMERGENCY_STOP -> MOVING (intent=MOVE)
05:14:13.197 [AMR-04] STATE_TRANSITION MOVING -> EMERGENCY_STOP (intent=STOP)
05:14:13.197 [AMR-04] SAFETY_STOP min_obstacle_distance=1.03m <= 1.2m
05:14:13.298 [AMR-04] STATE_TRANSITION EMERGENCY_STOP -> MOVING (intent=MOVE)
05:14:13.399 [AMR-04] STATE_TRANSITION MOVING -> EMERGENCY_STOP (intent=STOP)
05:14:13.399 [AMR-04] SAFETY_STOP min_obstacle_distance=1.00m <= 1.2m
05:14:13.499 [AMR-04] STATE_TRANSITION EMERGENCY_STOP -> MOVING (intent=MOVE)
05:14:13.801 [AMR-04] STATE_TRANSITION MOVING -> EMERGENCY_STOP (intent=STOP)
05:14:13.801 [AMR-04] SAFETY_STOP min_obstacle_distance=1.14m <= 1.2m
05:14:13.901 [AMR-04] STATE_TRANSITION EMERGENCY_STOP -> MOVING (intent=MOVE)
05:14:14.002 [AMR-04] STATE_TRANSITION MOVING -> EMERGENCY_STOP (intent=STOP)
05:14:14.002 [AMR-04] SAFETY_STOP min_obstacle_distance=1.08m <= 1.2m
05:14:14.103 [AMR-04] STATE_TRANSITION EMERGENCY_STOP -> MOVING (intent=MOVE)
05:14:14.204 [AMR-04] STATE_TRANSITION MOVING -> EMERGENCY_STOP (intent=STOP)
05:14:14.204 [AMR-04] SAFETY_STOP min_obstacle_distance=1.03m <= 1.2m
05:14:14.306 [AMR-04] STATE_TRANSITION EMERGENCY_STOP -> MOVING (intent=MOVE)
05:14:14.406 [AMR-04] STATE_TRANSITION MOVING -> EMERGENCY_STOP (intent=STOP)
05:14:14.406 [AMR-04] SAFETY_STOP min_obstacle_distance=1.00m <= 1.2m
05:14:14.506 [AMR-04] STATE_TRANSITION EMERGENCY_STOP -> MOVING (intent=MOVE)
05:14:14.808 [AMR-04] STATE_TRANSITION MOVING -> EMERGENCY_STOP (intent=STOP)
05:14:14.809 [AMR-04] SAFETY_STOP min_obstacle_distance=1.14m <= 1.2m
05:14:14.910 [AMR-04] STATE_TRANSITION EMERGENCY_STOP -> MOVING (intent=MOVE)
05:14:15.010 [AMR-04] STATE_TRANSITION MOVING -> EMERGENCY_STOP (intent=STOP)
05:14:15.010 [AMR-04] SAFETY_STOP min_obstacle_distance=1.08m <= 1.2m
05:14:15.111 [AMR-04] STATE_TRANSITION EMERGENCY_STOP -> MOVING (intent=MOVE)
05:14:15.212 [AMR-04] STATE_TRANSITION MOVING -> EMERGENCY_STOP (intent=STOP)
05:14:15.213 [AMR-04] SAFETY_STOP min_obstacle_distance=1.03m <= 1.2m
05:14:15.312 [AMR-04] STATE_TRANSITION EMERGENCY_STOP -> MOVING (intent=MOVE)
05:14:15.413 [AMR-04] STATE_TRANSITION MOVING -> EMERGENCY_STOP (intent=STOP)
05:14:15.413 [AMR-04] SAFETY_STOP min_obstacle_distance=1.00m <= 1.2m
05:14:15.513 [AMR-04] STATE_TRANSITION EMERGENCY_STOP -> MOVING (intent=MOVE)
05:14:15.816 [AMR-04] STATE_TRANSITION MOVING -> EMERGENCY_STOP (intent=STOP)
05:14:15.816 [AMR-04] SAFETY_STOP min_obstacle_distance=1.14m <= 1.2m
05:14:15.916 [AMR-04] STATE_TRANSITION EMERGENCY_STOP -> MOVING (intent=MOVE)
05:14:16.017 [AMR-04] STATE_TRANSITION MOVING -> EMERGENCY_STOP (intent=STOP)
05:14:16.017 [AMR-04] SAFETY_STOP min_obstacle_distance=1.08m <= 1.2m
05:14:16.118 [AMR-04] STATE_TRANSITION EMERGENCY_STOP -> MOVING (intent=MOVE)
05:14:16.218 [AMR-04] STATE_TRANSITION MOVING -> EMERGENCY_STOP (intent=STOP)
05:14:16.218 [AMR-04] SAFETY_STOP min_obstacle_distance=1.03m <= 1.2m
05:14:16.319 [AMR-04] STATE_TRANSITION EMERGENCY_STOP -> MOVING (intent=MOVE)
05:14:16.419 [AMR-04] STATE_TRANSITION MOVING -> EMERGENCY_STOP (intent=STOP)
05:14:16.419 [AMR-04] SAFETY_STOP min_obstacle_distance=1.00m <= 1.2m
05:14:16.519 [AMR-04] STATE_TRANSITION EMERGENCY_STOP -> MOVING (intent=MOVE)
05:14:16.822 [AMR-04] STATE_TRANSITION MOVING -> EMERGENCY_STOP (intent=STOP)
05:14:16.822 [AMR-04] SAFETY_STOP min_obstacle_distance=1.14m <= 1.2m
05:14:16.923 [AMR-04] STATE_TRANSITION EMERGENCY_STOP -> MOVING (intent=MOVE)
05:14:17.023 [AMR-04] STATE_TRANSITION MOVING -> EMERGENCY_STOP (intent=STOP)
05:14:17.023 [AMR-04] SAFETY_STOP min_obstacle_distance=1.08m <= 1.2m
05:14:17.124 [AMR-04] STATE_TRANSITION EMERGENCY_STOP -> MOVING (intent=MOVE)
05:14:17.225 [AMR-04] STATE_TRANSITION MOVING -> EMERGENCY_STOP (intent=STOP)
05:14:17.225 [AMR-04] SAFETY_STOP min_obstacle_distance=1.03m <= 1.2m
05:14:17.325 [AMR-04] STATE_TRANSITION EMERGENCY_STOP -> MOVING (intent=MOVE)
05:14:17.426 [AMR-04] STATE_TRANSITION MOVING -> EMERGENCY_STOP (intent=STOP)
05:14:17.426 [AMR-04] SAFETY_STOP min_obstacle_distance=1.00m <= 1.2m
05:14:17.526 [AMR-04] STATE_TRANSITION EMERGENCY_STOP -> MOVING (intent=MOVE)
05:14:17.827 [AMR-04] STATE_TRANSITION MOVING -> EMERGENCY_STOP (intent=STOP)
05:14:17.827 [AMR-04] SAFETY_STOP min_obstacle_distance=1.14m <= 1.2m
05:14:17.928 [AMR-04] STATE_TRANSITION EMERGENCY_STOP -> MOVING (intent=MOVE)
05:14:18.029 [AMR-04] STATE_TRANSITION MOVING -> EMERGENCY_STOP (intent=STOP)
05:14:18.029 [AMR-04] SAFETY_STOP min_obstacle_distance=1.08m <= 1.2m
05:14:18.130 [AMR-04] STATE_TRANSITION EMERGENCY_STOP -> MOVING (intent=MOVE)
05:14:18.231 [AMR-04] STATE_TRANSITION MOVING -> EMERGENCY_STOP (intent=STOP)
05:14:18.231 [AMR-04] SAFETY_STOP min_obstacle_distance=1.03m <= 1.2m
05:14:18.332 [AMR-04] STATE_TRANSITION EMERGENCY_STOP -> MOVING (intent=MOVE)
05:14:18.434 [AMR-04] STATE_TRANSITION MOVING -> EMERGENCY_STOP (intent=STOP)
05:14:18.434 [AMR-04] SAFETY_STOP min_obstacle_distance=1.00m <= 1.2m
05:14:18.534 [AMR-04] STATE_TRANSITION EMERGENCY_STOP -> MOVING (intent=MOVE)
05:14:18.838 [AMR-04] STATE_TRANSITION MOVING -> EMERGENCY_STOP (intent=STOP)
05:14:18.838 [AMR-04] SAFETY_STOP min_obstacle_distance=1.14m <= 1.2m
05:14:18.940 [AMR-04] STATE_TRANSITION EMERGENCY_STOP -> MOVING (intent=MOVE)
05:14:19.041 [AMR-04] STATE_TRANSITION MOVING -> EMERGENCY_STOP (intent=STOP)
05:14:19.041 [AMR-04] SAFETY_STOP min_obstacle_distance=1.07m <= 1.2m
05:14:19.143 [AMR-04] STATE_TRANSITION EMERGENCY_STOP -> MOVING (intent=MOVE)
05:14:19.244 [AMR-04] STATE_TRANSITION MOVING -> EMERGENCY_STOP (intent=STOP)
05:14:19.244 [AMR-04] SAFETY_STOP min_obstacle_distance=1.03m <= 1.2m
05:14:19.345 [AMR-04] STATE_TRANSITION EMERGENCY_STOP -> MOVING (intent=MOVE)
05:14:19.447 [AMR-04] STATE_TRANSITION MOVING -> EMERGENCY_STOP (intent=STOP)
05:14:19.447 [AMR-04] SAFETY_STOP min_obstacle_distance=1.00m <= 1.2m
05:14:19.547 [AMR-04] STATE_TRANSITION EMERGENCY_STOP -> MOVING (intent=MOVE)
05:14:19.852 [AMR-04] STATE_TRANSITION MOVING -> EMERGENCY_STOP (intent=STOP)
05:14:19.852 [AMR-04] SAFETY_STOP min_obstacle_distance=1.14m <= 1.2m
05:14:19.954 [AMR-04] STATE_TRANSITION EMERGENCY_STOP -> MOVING (intent=MOVE)
05:14:20.056 [AMR-04] STATE_TRANSITION MOVING -> EMERGENCY_STOP (intent=STOP)
05:14:20.056 [AMR-04] SAFETY_STOP min_obstacle_distance=1.07m <= 1.2m
05:14:20.158 [AMR-04] STATE_TRANSITION EMERGENCY_STOP -> MOVING (intent=MOVE)
05:14:20.259 [AMR-04] STATE_TRANSITION MOVING -> EMERGENCY_STOP (intent=STOP)
05:14:20.259 [AMR-04] SAFETY_STOP min_obstacle_distance=1.03m <= 1.2m
05:14:20.361 [AMR-04] STATE_TRANSITION EMERGENCY_STOP -> MOVING (intent=MOVE)
05:14:20.766 [AMR-04] STATE_TRANSITION MOVING -> EMERGENCY_STOP (intent=STOP)
05:14:20.766 [AMR-04] SAFETY_STOP min_obstacle_distance=1.14m <= 1.2m
05:14:20.867 [AMR-04] STATE_TRANSITION EMERGENCY_STOP -> MOVING (intent=MOVE)
05:14:20.968 [AMR-04] STATE_TRANSITION MOVING -> EMERGENCY_STOP (intent=STOP)
05:14:20.968 [AMR-04] SAFETY_STOP min_obstacle_distance=1.07m <= 1.2m
05:14:21.070 [AMR-04] STATE_TRANSITION EMERGENCY_STOP -> MOVING (intent=MOVE)
05:14:21.171 [AMR-04] STATE_TRANSITION MOVING -> EMERGENCY_STOP (intent=STOP)
05:14:21.171 [AMR-04] SAFETY_STOP min_obstacle_distance=1.03m <= 1.2m
05:14:21.272 [AMR-04] STATE_TRANSITION EMERGENCY_STOP -> MOVING (intent=MOVE)
05:14:21.373 [AMR-04] STATE_TRANSITION MOVING -> EMERGENCY_STOP (intent=STOP)
05:14:21.373 [AMR-04] SAFETY_STOP min_obstacle_distance=1.00m <= 1.2m
05:14:21.474 [AMR-04] STATE_TRANSITION EMERGENCY_STOP -> MOVING (intent=MOVE)
05:14:21.778 [AMR-04] STATE_TRANSITION MOVING -> EMERGENCY_STOP (intent=STOP)
05:14:21.778 [AMR-04] SAFETY_STOP min_obstacle_distance=1.14m <= 1.2m
05:14:21.879 [AMR-04] STATE_TRANSITION EMERGENCY_STOP -> MOVING (intent=MOVE)
05:14:21.981 [AMR-04] STATE_TRANSITION MOVING -> EMERGENCY_STOP (intent=STOP)
05:14:21.981 [AMR-04] SAFETY_STOP min_obstacle_distance=1.07m <= 1.2m
05:14:22.083 [AMR-04] STATE_TRANSITION EMERGENCY_STOP -> MOVING (intent=MOVE)
05:14:22.185 [AMR-04] STATE_TRANSITION MOVING -> EMERGENCY_STOP (intent=STOP)
05:14:22.185 [AMR-04] SAFETY_STOP min_obstacle_distance=1.03m <= 1.2m
05:14:22.286 [AMR-04] STATE_TRANSITION EMERGENCY_STOP -> MOVING (intent=MOVE)
05:14:22.386 [AMR-04] STATE_TRANSITION MOVING -> EMERGENCY_STOP (intent=STOP)
05:14:22.387 [AMR-04] SAFETY_STOP min_obstacle_distance=1.00m <= 1.2m
05:14:22.487 [AMR-04] STATE_TRANSITION EMERGENCY_STOP -> MOVING (intent=MOVE)
05:14:22.790 [AMR-04] STATE_TRANSITION MOVING -> EMERGENCY_STOP (intent=STOP)
05:14:22.790 [AMR-04] SAFETY_STOP min_obstacle_distance=1.14m <= 1.2m
05:14:22.891 [AMR-04] STATE_TRANSITION EMERGENCY_STOP -> MOVING (intent=MOVE)
05:14:22.992 [AMR-04] STATE_TRANSITION MOVING -> EMERGENCY_STOP (intent=STOP)
05:14:22.993 [AMR-04] SAFETY_STOP min_obstacle_distance=1.08m <= 1.2m
05:14:23.094 [AMR-04] STATE_TRANSITION EMERGENCY_STOP -> MOVING (intent=MOVE)
05:14:23.196 [AMR-04] STATE_TRANSITION MOVING -> EMERGENCY_STOP (intent=STOP)
05:14:23.196 [AMR-04] SAFETY_STOP min_obstacle_distance=1.03m <= 1.2m
05:14:23.297 [AMR-04] STATE_TRANSITION EMERGENCY_STOP -> MOVING (intent=MOVE)
05:14:23.398 [AMR-04] STATE_TRANSITION MOVING -> EMERGENCY_STOP (intent=STOP)
05:14:23.399 [AMR-04] SAFETY_STOP min_obstacle_distance=1.00m <= 1.2m
05:14:23.499 [AMR-04] STATE_TRANSITION EMERGENCY_STOP -> MOVING (intent=MOVE)
05:14:23.803 [AMR-04] STATE_TRANSITION MOVING -> EMERGENCY_STOP (intent=STOP)
05:14:23.803 [AMR-04] SAFETY_STOP min_obstacle_distance=1.14m <= 1.2m
05:14:23.905 [AMR-04] STATE_TRANSITION EMERGENCY_STOP -> MOVING (intent=MOVE)
05:14:24.006 [AMR-04] STATE_TRANSITION MOVING -> EMERGENCY_STOP (intent=STOP)
05:14:24.006 [AMR-04] SAFETY_STOP min_obstacle_distance=1.07m <= 1.2m
05:14:24.107 [AMR-04] STATE_TRANSITION EMERGENCY_STOP -> MOVING (intent=MOVE)
05:14:24.208 [AMR-04] STATE_TRANSITION MOVING -> EMERGENCY_STOP (intent=STOP)
05:14:24.209 [AMR-04] SAFETY_STOP min_obstacle_distance=1.03m <= 1.2m
05:14:24.310 [AMR-04] STATE_TRANSITION EMERGENCY_STOP -> MOVING (intent=MOVE)
05:14:24.411 [AMR-04] STATE_TRANSITION MOVING -> EMERGENCY_STOP (intent=STOP)
05:14:24.411 [AMR-04] SAFETY_STOP min_obstacle_distance=1.00m <= 1.2m
05:14:24.511 [AMR-04] STATE_TRANSITION EMERGENCY_STOP -> MOVING (intent=MOVE)
05:14:24.816 [AMR-04] STATE_TRANSITION MOVING -> EMERGENCY_STOP (intent=STOP)
05:14:24.816 [AMR-04] SAFETY_STOP min_obstacle_distance=1.14m <= 1.2m
05:14:24.918 [AMR-04] STATE_TRANSITION EMERGENCY_STOP -> MOVING (intent=MOVE)
05:14:25.020 [AMR-04] STATE_TRANSITION MOVING -> EMERGENCY_STOP (intent=STOP)
05:14:25.020 [AMR-04] SAFETY_STOP min_obstacle_distance=1.07m <= 1.2m
05:14:25.121 [AMR-04] STATE_TRANSITION EMERGENCY_STOP -> MOVING (intent=MOVE)
05:14:25.222 [AMR-04] STATE_TRANSITION MOVING -> EMERGENCY_STOP (intent=STOP)
05:14:25.222 [AMR-04] SAFETY_STOP min_obstacle_distance=1.03m <= 1.2m
05:14:25.323 [AMR-04] STATE_TRANSITION EMERGENCY_STOP -> MOVING (intent=MOVE)
05:14:25.424 [AMR-04] STATE_TRANSITION MOVING -> EMERGENCY_STOP (intent=STOP)
05:14:25.424 [AMR-04] SAFETY_STOP min_obstacle_distance=1.00m <= 1.2m
05:14:25.525 [AMR-04] STATE_TRANSITION EMERGENCY_STOP -> MOVING (intent=MOVE)
05:14:25.829 [AMR-04] STATE_TRANSITION MOVING -> EMERGENCY_STOP (intent=STOP)
05:14:25.829 [AMR-04] SAFETY_STOP min_obstacle_distance=1.14m <= 1.2m
05:14:25.931 [AMR-04] STATE_TRANSITION EMERGENCY_STOP -> MOVING (intent=MOVE)
05:14:26.035 [AMR-04] STATE_TRANSITION MOVING -> EMERGENCY_STOP (intent=STOP)
05:14:26.035 [AMR-04] SAFETY_STOP min_obstacle_distance=1.07m <= 1.2m
05:14:26.135 [AMR-04] STATE_TRANSITION EMERGENCY_STOP -> MOVING (intent=MOVE)
05:14:26.235 [AMR-04] STATE_TRANSITION MOVING -> EMERGENCY_STOP (intent=STOP)
05:14:26.235 [AMR-04] SAFETY_STOP min_obstacle_distance=1.03m <= 1.2m
05:14:26.336 [AMR-04] STATE_TRANSITION EMERGENCY_STOP -> MOVING (intent=MOVE)
05:14:26.437 [AMR-04] STATE_TRANSITION MOVING -> EMERGENCY_STOP (intent=STOP)
05:14:26.437 [AMR-04] SAFETY_STOP min_obstacle_distance=1.00m <= 1.2m
05:14:26.539 [AMR-04] STATE_TRANSITION EMERGENCY_STOP -> MOVING (intent=MOVE)
05:14:26.843 [AMR-04] STATE_TRANSITION MOVING -> EMERGENCY_STOP (intent=STOP)
05:14:26.843 [AMR-04] SAFETY_STOP min_obstacle_distance=1.14m <= 1.2m
05:14:26.944 [AMR-04] STATE_TRANSITION EMERGENCY_STOP -> MOVING (intent=MOVE)
05:14:27.045 [AMR-04] STATE_TRANSITION MOVING -> EMERGENCY_STOP (intent=STOP)
05:14:27.045 [AMR-04] SAFETY_STOP min_obstacle_distance=1.07m <= 1.2m
05:14:27.147 [AMR-04] STATE_TRANSITION EMERGENCY_STOP -> MOVING (intent=MOVE)
05:14:27.248 [AMR-04] STATE_TRANSITION MOVING -> EMERGENCY_STOP (intent=STOP)
05:14:27.248 [AMR-04] SAFETY_STOP min_obstacle_distance=1.03m <= 1.2m
05:14:27.350 [AMR-04] STATE_TRANSITION EMERGENCY_STOP -> MOVING (intent=MOVE)
05:14:27.452 [AMR-04] STATE_TRANSITION MOVING -> EMERGENCY_STOP (intent=STOP)
05:14:27.452 [AMR-04] SAFETY_STOP min_obstacle_distance=1.00m <= 1.2m
05:14:27.552 [AMR-04] STATE_TRANSITION EMERGENCY_STOP -> MOVING (intent=MOVE)
05:14:27.856 [AMR-04] STATE_TRANSITION MOVING -> EMERGENCY_STOP (intent=STOP)
05:14:27.856 [AMR-04] SAFETY_STOP min_obstacle_distance=1.14m <= 1.2m
05:14:27.957 [AMR-04] STATE_TRANSITION EMERGENCY_STOP -> MOVING (intent=MOVE)
05:14:28.059 [AMR-04] STATE_TRANSITION MOVING -> EMERGENCY_STOP (intent=STOP)
05:14:28.059 [AMR-04] SAFETY_STOP min_obstacle_distance=1.07m <= 1.2m
05:14:28.161 [AMR-04] STATE_TRANSITION EMERGENCY_STOP -> MOVING (intent=MOVE)
05:14:28.262 [AMR-04] STATE_TRANSITION MOVING -> EMERGENCY_STOP (intent=STOP)
05:14:28.262 [AMR-04] SAFETY_STOP min_obstacle_distance=1.03m <= 1.2m
05:14:28.363 [AMR-04] STATE_TRANSITION EMERGENCY_STOP -> MOVING (intent=MOVE)
05:14:28.463 [AMR-04] STATE_TRANSITION MOVING -> EMERGENCY_STOP (intent=STOP)
05:14:28.463 [AMR-04] SAFETY_STOP min_obstacle_distance=1.00m <= 1.2m
05:14:28.564 [AMR-04] STATE_TRANSITION EMERGENCY_STOP -> MOVING (intent=MOVE)
05:14:28.666 [AMR-04] STATE_TRANSITION MOVING -> EMERGENCY_STOP (intent=STOP)
05:14:28.666 [AMR-04] SAFETY_STOP min_obstacle_distance=1.01m <= 1.2m
05:14:28.768 [AMR-04] STATE_TRANSITION EMERGENCY_STOP -> MOVING (intent=MOVE)
05:14:28.870 [AMR-04] STATE_TRANSITION MOVING -> EMERGENCY_STOP (intent=STOP)
05:14:28.870 [AMR-04] SAFETY_STOP min_obstacle_distance=1.05m <= 1.2m
05:14:28.970 [AMR-04] STATE_TRANSITION EMERGENCY_STOP -> MOVING (intent=MOVE)
05:14:29.071 [AMR-04] STATE_TRANSITION MOVING -> EMERGENCY_STOP (intent=STOP)
05:14:29.072 [AMR-04] SAFETY_STOP min_obstacle_distance=1.10m <= 1.2m
05:14:29.172 [AMR-04] STATE_TRANSITION EMERGENCY_STOP -> MOVING (intent=MOVE)
05:14:29.272 [AMR-04] STATE_TRANSITION MOVING -> EMERGENCY_STOP (intent=STOP)
05:14:29.273 [AMR-04] SAFETY_STOP min_obstacle_distance=1.07m <= 1.2m
05:14:29.374 [AMR-04] STATE_TRANSITION EMERGENCY_STOP -> MOVING (intent=MOVE)
05:14:29.473 [AMR-04] STATE_TRANSITION MOVING -> EMERGENCY_STOP (intent=STOP)
05:14:29.473 [AMR-04] SAFETY_STOP min_obstacle_distance=1.00m <= 1.2m
05:14:29.575 [AMR-04] STATE_TRANSITION EMERGENCY_STOP -> MOVING (intent=MOVE)
05:14:29.675 [AMR-04] STATE_TRANSITION MOVING -> EMERGENCY_STOP (intent=STOP)
05:14:29.675 [AMR-04] SAFETY_STOP min_obstacle_distance=1.01m <= 1.2m
05:14:29.776 [AMR-04] STATE_TRANSITION EMERGENCY_STOP -> MOVING (intent=MOVE)
05:14:29.878 [AMR-04] STATE_TRANSITION MOVING -> EMERGENCY_STOP (intent=STOP)
05:14:29.878 [AMR-04] SAFETY_STOP min_obstacle_distance=1.04m <= 1.2m
05:14:29.979 [AMR-04] STATE_TRANSITION EMERGENCY_STOP -> MOVING (intent=MOVE)
05:14:30.079 [AMR-04] STATE_TRANSITION MOVING -> EMERGENCY_STOP (intent=STOP)
05:14:30.079 [AMR-04] SAFETY_STOP min_obstacle_distance=1.10m <= 1.2m
05:14:30.180 [AMR-04] STATE_TRANSITION EMERGENCY_STOP -> MOVING (intent=MOVE)
05:14:30.281 [AMR-04] STATE_TRANSITION MOVING -> EMERGENCY_STOP (intent=STOP)
05:14:30.281 [AMR-04] SAFETY_STOP min_obstacle_distance=1.08m <= 1.2m
05:14:30.382 [AMR-04] STATE_TRANSITION EMERGENCY_STOP -> MOVING (intent=MOVE)
05:14:30.483 [AMR-04] STATE_TRANSITION MOVING -> EMERGENCY_STOP (intent=STOP)
05:14:30.483 [AMR-04] SAFETY_STOP min_obstacle_distance=1.00m <= 1.2m
05:14:30.583 [AMR-04] STATE_TRANSITION EMERGENCY_STOP -> MOVING (intent=MOVE)
05:14:30.684 [AMR-04] STATE_TRANSITION MOVING -> EMERGENCY_STOP (intent=STOP)
05:14:30.684 [AMR-04] SAFETY_STOP min_obstacle_distance=1.01m <= 1.2m
05:14:30.784 [AMR-04] STATE_TRANSITION EMERGENCY_STOP -> MOVING (intent=MOVE)
05:14:30.885 [AMR-04] STATE_TRANSITION MOVING -> EMERGENCY_STOP (intent=STOP)
05:14:30.885 [AMR-04] SAFETY_STOP min_obstacle_distance=1.04m <= 1.2m
05:14:30.985 [AMR-04] STATE_TRANSITION EMERGENCY_STOP -> MOVING (intent=MOVE)
05:14:31.086 [AMR-04] STATE_TRANSITION MOVING -> EMERGENCY_STOP (intent=STOP)
05:14:31.086 [AMR-04] SAFETY_STOP min_obstacle_distance=1.10m <= 1.2m
05:14:31.187 [AMR-04] STATE_TRANSITION EMERGENCY_STOP -> MOVING (intent=MOVE)
05:14:31.287 [AMR-04] STATE_TRANSITION MOVING -> EMERGENCY_STOP (intent=STOP)
05:14:31.287 [AMR-04] SAFETY_STOP min_obstacle_distance=1.08m <= 1.2m
05:14:31.388 [AMR-04] STATE_TRANSITION EMERGENCY_STOP -> MOVING (intent=MOVE)
05:14:31.489 [AMR-04] STATE_TRANSITION MOVING -> EMERGENCY_STOP (intent=STOP)
05:14:31.489 [AMR-04] SAFETY_STOP min_obstacle_distance=1.00m <= 1.2m
05:14:31.590 [AMR-04] STATE_TRANSITION EMERGENCY_STOP -> MOVING (intent=MOVE)
05:14:31.690 [AMR-04] STATE_TRANSITION MOVING -> EMERGENCY_STOP (intent=STOP)
05:14:31.690 [AMR-04] SAFETY_STOP min_obstacle_distance=1.01m <= 1.2m
05:14:31.792 [AMR-04] STATE_TRANSITION EMERGENCY_STOP -> MOVING (intent=MOVE)
05:14:31.892 [AMR-04] STATE_TRANSITION MOVING -> EMERGENCY_STOP (intent=STOP)
05:14:31.892 [AMR-04] SAFETY_STOP min_obstacle_distance=1.04m <= 1.2m
05:14:31.993 [AMR-04] STATE_TRANSITION EMERGENCY_STOP -> MOVING (intent=MOVE)
05:14:32.093 [AMR-04] STATE_TRANSITION MOVING -> EMERGENCY_STOP (intent=STOP)
05:14:32.093 [AMR-04] SAFETY_STOP min_obstacle_distance=1.10m <= 1.2m
05:14:32.195 [AMR-04] STATE_TRANSITION EMERGENCY_STOP -> MOVING (intent=MOVE)
05:14:32.295 [AMR-04] STATE_TRANSITION MOVING -> EMERGENCY_STOP (intent=STOP)
05:14:32.295 [AMR-04] SAFETY_STOP min_obstacle_distance=1.08m <= 1.2m
05:14:32.396 [AMR-04] STATE_TRANSITION EMERGENCY_STOP -> MOVING (intent=MOVE)
05:14:32.498 [AMR-04] STATE_TRANSITION MOVING -> EMERGENCY_STOP (intent=STOP)
05:14:32.499 [AMR-04] SAFETY_STOP min_obstacle_distance=1.00m <= 1.2m
05:14:32.599 [AMR-04] STATE_TRANSITION EMERGENCY_STOP -> MOVING (intent=MOVE)
05:14:32.698 [AMR-04] STATE_TRANSITION MOVING -> EMERGENCY_STOP (intent=STOP)
05:14:32.699 [AMR-04] SAFETY_STOP min_obstacle_distance=1.01m <= 1.2m
05:14:32.799 [AMR-04] STATE_TRANSITION EMERGENCY_STOP -> MOVING (intent=MOVE)
05:14:32.900 [AMR-04] STATE_TRANSITION MOVING -> EMERGENCY_STOP (intent=STOP)
05:14:32.900 [AMR-04] SAFETY_STOP min_obstacle_distance=1.04m <= 1.2m
05:14:33.001 [AMR-04] STATE_TRANSITION EMERGENCY_STOP -> MOVING (intent=MOVE)
05:14:33.101 [AMR-04] STATE_TRANSITION MOVING -> EMERGENCY_STOP (intent=STOP)
05:14:33.102 [AMR-04] SAFETY_STOP min_obstacle_distance=1.10m <= 1.2m
05:14:33.202 [AMR-04] STATE_TRANSITION EMERGENCY_STOP -> MOVING (intent=MOVE)
05:14:33.302 [AMR-04] STATE_TRANSITION MOVING -> EMERGENCY_STOP (intent=STOP)
05:14:33.302 [AMR-04] SAFETY_STOP min_obstacle_distance=1.08m <= 1.2m
05:14:33.403 [AMR-04] STATE_TRANSITION EMERGENCY_STOP -> MOVING (intent=MOVE)
05:14:33.503 [AMR-04] STATE_TRANSITION MOVING -> EMERGENCY_STOP (intent=STOP)
05:14:33.503 [AMR-04] SAFETY_STOP min_obstacle_distance=1.00m <= 1.2m
05:14:33.606 [AMR-04] STATE_TRANSITION EMERGENCY_STOP -> MOVING (intent=MOVE)
05:14:33.706 [AMR-04] STATE_TRANSITION MOVING -> EMERGENCY_STOP (intent=STOP)
05:14:33.706 [AMR-04] SAFETY_STOP min_obstacle_distance=1.01m <= 1.2m
05:14:33.807 [AMR-04] STATE_TRANSITION EMERGENCY_STOP -> MOVING (intent=MOVE)
05:14:33.906 [AMR-04] STATE_TRANSITION MOVING -> EMERGENCY_STOP (intent=STOP)
05:14:33.908 [AMR-04] SAFETY_STOP min_obstacle_distance=1.04m <= 1.2m
05:14:34.006 [AMR-04] STATE_TRANSITION EMERGENCY_STOP -> MOVING (intent=MOVE)
05:14:34.107 [AMR-04] STATE_TRANSITION MOVING -> EMERGENCY_STOP (intent=STOP)
05:14:34.107 [AMR-04] SAFETY_STOP min_obstacle_distance=1.10m <= 1.2m
05:14:34.207 [AMR-04] STATE_TRANSITION EMERGENCY_STOP -> MOVING (intent=MOVE)
05:14:34.308 [AMR-04] STATE_TRANSITION MOVING -> EMERGENCY_STOP (intent=STOP)
05:14:34.308 [AMR-04] SAFETY_STOP min_obstacle_distance=1.17m <= 1.2m
05:14:34.408 [AMR-04] GOAL_REACHED at pos=(22.0, 2.397) travel_time=71.57s reroutes=0 obstacles=0
05:14:34.409 [AMR-04] STATE_TRANSITION EMERGENCY_STOP -> PLANNING (intent=MOVE)
05:14:34.409 [AMR-04] GOAL_SET goal=(22.0, 17.0)
05:14:34.509 [AMR-04] STATE_TRANSITION PLANNING -> MOVING (intent=MOVE)
05:14:34.509 [AMR-04] PATH_PLANNED length=15 waypoints=[(22, 3), (22, 4), (22, 5), (22, 6), (22, 7)]...
05:14:34.610 [AMR-04] STATE_TRANSITION MOVING -> EMERGENCY_STOP (intent=STOP)
05:14:34.610 [AMR-04] SAFETY_STOP min_obstacle_distance=1.01m <= 1.2m
05:14:34.710 [AMR-04] STATE_TRANSITION EMERGENCY_STOP -> MOVING (intent=MOVE)
05:14:34.811 [AMR-04] STATE_TRANSITION MOVING -> EMERGENCY_STOP (intent=STOP)
05:14:34.811 [AMR-04] SAFETY_STOP min_obstacle_distance=1.04m <= 1.2m
05:14:34.912 [AMR-04] STATE_TRANSITION EMERGENCY_STOP -> MOVING (intent=MOVE)
05:14:35.012 [AMR-04] STATE_TRANSITION MOVING -> EMERGENCY_STOP (intent=STOP)
05:14:35.012 [AMR-04] SAFETY_STOP min_obstacle_distance=1.10m <= 1.2m
05:14:35.112 [AMR-04] STATE_TRANSITION EMERGENCY_STOP -> MOVING (intent=MOVE)
05:14:35.212 [AMR-04] STATE_TRANSITION MOVING -> EMERGENCY_STOP (intent=STOP)
05:14:35.212 [AMR-04] SAFETY_STOP min_obstacle_distance=1.08m <= 1.2m
05:14:35.313 [AMR-04] STATE_TRANSITION EMERGENCY_STOP -> MOVING (intent=MOVE)
05:14:35.413 [AMR-04] STATE_TRANSITION MOVING -> EMERGENCY_STOP (intent=STOP)
05:14:35.413 [AMR-04] SAFETY_STOP min_obstacle_distance=1.03m <= 1.2m
05:14:35.514 [AMR-04] CONFLICT_DETECTED peer=AMR-02 type=INTERSECTION node=(22, 9) safe_wait=(22, 8) DECISION=YIELD (Lower precedence at intersection (53.0 vs 57.9) -> Safe wait at (22, 8) for AMR-02)
05:14:35.514 [AMR-04] STATE_TRANSITION EMERGENCY_STOP -> YIELDING (intent=YIELD)
05:14:35.615 [AMR-04] CONFLICT_DETECTED peer=AMR-02 type=INTERSECTION node=(22, 9) safe_wait=(22, 8) DECISION=YIELD (Lower precedence at intersection (53.2 vs 57.5) -> Safe wait at (22, 8) for AMR-02)
05:14:35.714 [AMR-04] CONFLICT_DETECTED peer=AMR-02 type=INTERSECTION node=(22, 9) safe_wait=(22, 8) DECISION=YIELD (Lower precedence at intersection (53.4 vs 57.5) -> Safe wait at (22, 8) for AMR-02)
05:14:35.815 [AMR-04] CONFLICT_DETECTED peer=AMR-02 type=INTERSECTION node=(22, 9) safe_wait=(22, 8) DECISION=YIELD (Lower precedence at intersection (53.6 vs 57.6) -> Safe wait at (22, 8) for AMR-02)
05:14:35.915 [AMR-04] CONFLICT_DETECTED peer=AMR-02 type=INTERSECTION node=(22, 9) safe_wait=(22, 8) DECISION=YIELD (Lower precedence at intersection (53.8 vs 57.7) -> Safe wait at (22, 8) for AMR-02)
05:14:36.017 [AMR-04] CONFLICT_DETECTED peer=AMR-02 type=INTERSECTION node=(22, 9) safe_wait=(22, 8) DECISION=YIELD (Lower precedence at intersection (54.0 vs 57.7) -> Safe wait at (22, 8) for AMR-02)
05:14:36.117 [AMR-04] CONFLICT_DETECTED peer=AMR-02 type=INTERSECTION node=(22, 9) safe_wait=(22, 8) DECISION=YIELD (Lower precedence at intersection (54.2 vs 57.8) -> Safe wait at (22, 8) for AMR-02)
05:14:36.219 [AMR-04] CONFLICT_DETECTED peer=AMR-02 type=INTERSECTION node=(22, 9) safe_wait=(22, 8) DECISION=YIELD (Lower precedence at intersection (54.4 vs 57.8) -> Safe wait at (22, 8) for AMR-02)
05:14:36.320 [AMR-04] CONFLICT_DETECTED peer=AMR-02 type=INTERSECTION node=(22, 9) safe_wait=(22, 8) DECISION=YIELD (Lower precedence at intersection (54.6 vs 57.8) -> Safe wait at (22, 8) for AMR-02)
05:14:36.420 [AMR-04] CONFLICT_DETECTED peer=AMR-02 type=INTERSECTION node=(22, 9) safe_wait=(22, 8) DECISION=YIELD (Lower precedence at intersection (54.8 vs 57.8) -> Safe wait at (22, 8) for AMR-02)
05:14:36.520 [AMR-04] CONFLICT_DETECTED peer=AMR-02 type=INTERSECTION node=(22, 9) safe_wait=(22, 8) DECISION=YIELD (Lower precedence at intersection (55.0 vs 57.9) -> Safe wait at (22, 8) for AMR-02)
05:14:36.620 [AMR-04] CONFLICT_DETECTED peer=AMR-02 type=INTERSECTION node=(22, 9) safe_wait=(22, 8) DECISION=YIELD (Lower precedence at intersection (55.2 vs 57.5) -> Safe wait at (22, 8) for AMR-02)
05:14:36.722 [AMR-04] CONFLICT_DETECTED peer=AMR-02 type=INTERSECTION node=(22, 9) safe_wait=(22, 8) DECISION=YIELD (Lower precedence at intersection (55.4 vs 57.5) -> Safe wait at (22, 8) for AMR-02)
05:14:36.823 [AMR-04] CONFLICT_DETECTED peer=AMR-02 type=INTERSECTION node=(22, 9) safe_wait=(22, 8) DECISION=YIELD (Lower precedence at intersection (55.6 vs 57.6) -> Safe wait at (22, 8) for AMR-02)
05:14:36.924 [AMR-04] CONFLICT_DETECTED peer=AMR-02 type=INTERSECTION node=(22, 9) safe_wait=(22, 8) DECISION=YIELD (Lower precedence at intersection (55.8 vs 57.7) -> Safe wait at (22, 8) for AMR-02)
05:14:37.025 [AMR-04] CONFLICT_DETECTED peer=AMR-02 type=INTERSECTION node=(22, 9) safe_wait=(22, 8) DECISION=YIELD (Lower precedence at intersection (56.0 vs 57.7) -> Safe wait at (22, 8) for AMR-02)
05:14:37.125 [AMR-04] CONFLICT_DETECTED peer=AMR-02 type=INTERSECTION node=(22, 9) safe_wait=(22, 8) DECISION=YIELD (Lower precedence at intersection (56.2 vs 57.8) -> Safe wait at (22, 8) for AMR-02)
05:14:37.226 [AMR-04] CONFLICT_DETECTED peer=AMR-02 type=INTERSECTION node=(22, 9) safe_wait=(22, 8) DECISION=YIELD (Lower precedence at intersection (56.4 vs 57.8) -> Safe wait at (22, 8) for AMR-02)
05:14:37.326 [AMR-04] CONFLICT_DETECTED peer=AMR-02 type=INTERSECTION node=(22, 9) safe_wait=(22, 8) DECISION=YIELD (Lower precedence at intersection (56.6 vs 57.8) -> Safe wait at (22, 8) for AMR-02)
05:14:37.428 [AMR-04] CONFLICT_DETECTED peer=AMR-02 type=INTERSECTION node=(22, 9) safe_wait=(22, 8) DECISION=YIELD (Lower precedence at intersection (56.8 vs 57.8) -> Safe wait at (22, 8) for AMR-02)
05:14:37.527 [AMR-04] CONFLICT_DETECTED peer=AMR-02 type=INTERSECTION node=(22, 9) safe_wait=(22, 8) DECISION=YIELD (Lower precedence at intersection (57.0 vs 57.9) -> Safe wait at (22, 8) for AMR-02)
05:14:37.629 [AMR-04] CONFLICT_DETECTED peer=AMR-02 type=INTERSECTION node=(22, 9) safe_wait=(22, 8) DECISION=YIELD (Lower precedence at intersection (57.2 vs 57.5) -> Safe wait at (22, 8) for AMR-02)
05:14:37.730 [AMR-04] CONFLICT_DETECTED peer=AMR-02 type=INTERSECTION node=(22, 9) safe_wait=(22, 8) DECISION=YIELD (Lower precedence at intersection (57.4 vs 57.5) -> Safe wait at (22, 8) for AMR-02)
05:14:37.831 [AMR-04] CONFLICT_DETECTED peer=AMR-02 type=INTERSECTION node=(22, 9) safe_wait=(22, 8) DECISION=PROCEED (Higher precedence (57.6 vs 57.6) -> Proceed through (22, 9))
05:14:37.832 [AMR-04] STATE_TRANSITION YIELDING -> MOVING (intent=MOVE)
05:14:37.932 [AMR-04] STATE_TRANSITION MOVING -> EMERGENCY_STOP (intent=STOP)
05:14:37.933 [AMR-04] SAFETY_STOP min_obstacle_distance=1.01m <= 1.2m
05:14:38.033 [AMR-04] CONFLICT_DETECTED peer=AMR-02 type=INTERSECTION node=(22, 9) safe_wait=(22, 8) DECISION=YIELD (Lower precedence at intersection (57.5 vs 57.7) -> Safe wait at (22, 8) for AMR-02)
05:14:38.033 [AMR-04] STATE_TRANSITION EMERGENCY_STOP -> YIELDING (intent=YIELD)
05:14:38.134 [AMR-04] CONFLICT_DETECTED peer=AMR-02 type=INTERSECTION node=(22, 9) safe_wait=(22, 8) DECISION=YIELD (Lower precedence at intersection (57.7 vs 57.8) -> Safe wait at (22, 8) for AMR-02)
05:14:38.234 [AMR-04] CONFLICT_DETECTED peer=AMR-02 type=INTERSECTION node=(22, 9) safe_wait=(22, 8) DECISION=PROCEED (Higher precedence (57.9 vs 57.8) -> Proceed through (22, 9))
05:14:38.234 [AMR-04] STATE_TRANSITION YIELDING -> MOVING (intent=MOVE)
05:14:38.334 [AMR-04] STATE_TRANSITION MOVING -> EMERGENCY_STOP (intent=STOP)
05:14:38.334 [AMR-04] SAFETY_STOP min_obstacle_distance=1.04m <= 1.2m
05:14:38.435 [AMR-04] CONFLICT_DETECTED peer=AMR-02 type=INTERSECTION node=(22, 9) safe_wait=(22, 8) DECISION=YIELD (Lower precedence at intersection (57.8 vs 57.8) -> Safe wait at (22, 8) for AMR-02)
05:14:38.436 [AMR-04] STATE_TRANSITION EMERGENCY_STOP -> YIELDING (intent=YIELD)
05:14:38.535 [AMR-04] CONFLICT_DETECTED peer=AMR-02 type=INTERSECTION node=(22, 9) safe_wait=(22, 8) DECISION=YIELD (Lower precedence at intersection (57.8 vs 58.0) -> Safe wait at (22, 8) for AMR-02)
05:14:38.635 [AMR-04] CONFLICT_DETECTED peer=AMR-02 type=INTERSECTION node=(22, 9) safe_wait=(22, 8) DECISION=PROCEED (Higher precedence (58.0 vs 57.5) -> Proceed through (22, 9))
05:14:38.636 [AMR-04] STATE_TRANSITION YIELDING -> MOVING (intent=MOVE)
05:14:38.736 [AMR-04] STATE_TRANSITION MOVING -> EMERGENCY_STOP (intent=STOP)
05:14:38.736 [AMR-04] SAFETY_STOP min_obstacle_distance=1.01m <= 1.2m
05:14:38.837 [AMR-04] CONFLICT_DETECTED peer=AMR-02 type=INTERSECTION node=(22, 9) safe_wait=(22, 8) DECISION=PROCEED (Higher precedence (57.9 vs 57.9) -> Proceed through (22, 9))
05:14:38.837 [AMR-04] STATE_TRANSITION EMERGENCY_STOP -> MOVING (intent=MOVE)
05:14:38.937 [AMR-04] STATE_TRANSITION MOVING -> EMERGENCY_STOP (intent=STOP)
05:14:38.937 [AMR-04] SAFETY_STOP min_obstacle_distance=1.04m <= 1.2m
05:14:39.038 [AMR-04] CONFLICT_DETECTED peer=AMR-02 type=INTERSECTION node=(22, 9) safe_wait=(22, 8) DECISION=YIELD (Lower precedence at intersection (57.8 vs 57.9) -> Safe wait at (22, 8) for AMR-02)
05:14:39.038 [AMR-04] STATE_TRANSITION EMERGENCY_STOP -> YIELDING (intent=YIELD)
05:14:39.138 [AMR-04] CONFLICT_DETECTED peer=AMR-02 type=INTERSECTION node=(22, 9) safe_wait=(22, 8) DECISION=PROCEED (Higher precedence (58.0 vs 57.8) -> Proceed through (22, 9))
05:14:39.138 [AMR-04] STATE_TRANSITION YIELDING -> MOVING (intent=MOVE)
05:14:39.239 [AMR-04] STATE_TRANSITION MOVING -> EMERGENCY_STOP (intent=STOP)
05:14:39.239 [AMR-04] SAFETY_STOP min_obstacle_distance=1.10m <= 1.2m
05:14:39.339 [AMR-04] CONFLICT_DETECTED peer=AMR-02 type=INTERSECTION node=(22, 9) safe_wait=(22, 8) DECISION=PROCEED (Higher precedence (57.9 vs 57.7) -> Proceed through (22, 9))
05:14:39.339 [AMR-04] STATE_TRANSITION EMERGENCY_STOP -> MOVING (intent=MOVE)
05:14:39.440 [AMR-04] STATE_TRANSITION MOVING -> EMERGENCY_STOP (intent=STOP)
05:14:39.440 [AMR-04] SAFETY_STOP min_obstacle_distance=1.08m <= 1.2m
05:14:39.541 [AMR-04] CONFLICT_DETECTED peer=AMR-02 type=INTERSECTION node=(22, 9) safe_wait=(22, 8) DECISION=YIELD (Lower precedence at intersection (57.4 vs 57.8) -> Safe wait at (22, 8) for AMR-02)
05:14:39.541 [AMR-04] STATE_TRANSITION EMERGENCY_STOP -> YIELDING (intent=YIELD)
05:14:39.642 [AMR-04] CONFLICT_DETECTED peer=AMR-02 type=INTERSECTION node=(22, 9) safe_wait=(22, 8) DECISION=PROCEED (Higher precedence (57.6 vs 57.5) -> Proceed through (22, 9))
05:14:39.642 [AMR-04] STATE_TRANSITION YIELDING -> MOVING (intent=MOVE)
05:14:39.742 [AMR-04] STATE_TRANSITION MOVING -> EMERGENCY_STOP (intent=STOP)
05:14:39.742 [AMR-04] SAFETY_STOP min_obstacle_distance=1.01m <= 1.2m
05:14:39.842 [AMR-04] CONFLICT_DETECTED peer=AMR-02 type=INTERSECTION node=(22, 9) safe_wait=(22, 8) DECISION=YIELD (Lower precedence at intersection (57.5 vs 57.6) -> Safe wait at (22, 8) for AMR-02)
05:14:39.843 [AMR-04] STATE_TRANSITION EMERGENCY_STOP -> YIELDING (intent=YIELD)
05:14:39.943 [AMR-04] CONFLICT_DETECTED peer=AMR-02 type=INTERSECTION node=(22, 9) safe_wait=(22, 8) DECISION=YIELD (Lower precedence at intersection (57.7 vs 57.8) -> Safe wait at (22, 8) for AMR-02)
05:14:40.044 [AMR-04] CONFLICT_DETECTED peer=AMR-02 type=INTERSECTION node=(22, 9) safe_wait=(22, 8) DECISION=PROCEED (Higher precedence (57.9 vs 57.7) -> Proceed through (22, 9))
05:14:40.044 [AMR-04] STATE_TRANSITION YIELDING -> MOVING (intent=MOVE)
05:14:40.144 [AMR-04] STATE_TRANSITION MOVING -> EMERGENCY_STOP (intent=STOP)
05:14:40.144 [AMR-04] SAFETY_STOP min_obstacle_distance=1.04m <= 1.2m
05:14:40.244 [AMR-04] CONFLICT_DETECTED peer=AMR-02 type=INTERSECTION node=(22, 9) safe_wait=(22, 8) DECISION=YIELD (Lower precedence at intersection (57.8 vs 57.9) -> Safe wait at (22, 8) for AMR-02)
05:14:40.245 [AMR-04] STATE_TRANSITION EMERGENCY_STOP -> YIELDING (intent=YIELD)
05:14:40.346 [AMR-04] CONFLICT_DETECTED peer=AMR-02 type=INTERSECTION node=(22, 9) safe_wait=(22, 8) DECISION=YIELD (Lower precedence at intersection (58.0 vs 58.1) -> Safe wait at (22, 8) for AMR-02)
05:14:40.447 [AMR-04] CONFLICT_DETECTED peer=AMR-02 type=INTERSECTION node=(22, 9) safe_wait=(22, 8) DECISION=PROCEED (Higher precedence (58.2 vs 58.0) -> Proceed through (22, 9))
05:14:40.447 [AMR-04] STATE_TRANSITION YIELDING -> MOVING (intent=MOVE)
05:14:40.547 [AMR-04] STATE_TRANSITION MOVING -> EMERGENCY_STOP (intent=STOP)
05:14:40.547 [AMR-04] SAFETY_STOP min_obstacle_distance=1.00m <= 1.2m
05:14:40.648 [AMR-04] CONFLICT_DETECTED peer=AMR-02 type=INTERSECTION node=(22, 9) safe_wait=(22, 8) DECISION=YIELD (Lower precedence at intersection (57.8 vs 57.9) -> Safe wait at (22, 8) for AMR-02)
05:14:40.648 [AMR-04] STATE_TRANSITION EMERGENCY_STOP -> YIELDING (intent=YIELD)
05:14:40.748 [AMR-04] CONFLICT_DETECTED peer=AMR-02 type=INTERSECTION node=(22, 9) safe_wait=(22, 8) DECISION=YIELD (Lower precedence at intersection (58.0 vs 58.1) -> Safe wait at (22, 8) for AMR-02)
05:14:40.849 [AMR-04] CONFLICT_DETECTED peer=AMR-02 type=INTERSECTION node=(22, 9) safe_wait=(22, 8) DECISION=PROCEED (Higher precedence (58.2 vs 57.9) -> Proceed through (22, 9))
05:14:40.849 [AMR-04] STATE_TRANSITION YIELDING -> MOVING (intent=MOVE)
05:14:40.949 [AMR-04] STATE_TRANSITION MOVING -> EMERGENCY_STOP (intent=STOP)
05:14:40.949 [AMR-04] SAFETY_STOP min_obstacle_distance=1.01m <= 1.2m
05:14:41.050 [AMR-04] CONFLICT_DETECTED peer=AMR-02 type=INTERSECTION node=(22, 9) safe_wait=(22, 8) DECISION=PROCEED (Higher precedence (58.1 vs 58.0) -> Proceed through (22, 9))
05:14:41.050 [AMR-04] STATE_TRANSITION EMERGENCY_STOP -> MOVING (intent=MOVE)
05:14:41.150 [AMR-04] STATE_TRANSITION MOVING -> EMERGENCY_STOP (intent=STOP)
05:14:41.150 [AMR-04] SAFETY_STOP min_obstacle_distance=1.04m <= 1.2m
05:14:41.251 [AMR-04] CONFLICT_DETECTED peer=AMR-02 type=INTERSECTION node=(22, 9) safe_wait=(22, 8) DECISION=YIELD (Lower precedence at intersection (58.0 vs 58.1) -> Safe wait at (22, 8) for AMR-02)
05:14:41.251 [AMR-04] STATE_TRANSITION EMERGENCY_STOP -> YIELDING (intent=YIELD)
05:14:41.352 [AMR-04] CONFLICT_DETECTED peer=AMR-02 type=INTERSECTION node=(22, 9) safe_wait=(22, 8) DECISION=PROCEED (Higher precedence (58.2 vs 58.1) -> Proceed through (22, 9))
05:14:41.352 [AMR-04] STATE_TRANSITION YIELDING -> MOVING (intent=MOVE)
05:14:41.452 [AMR-04] STATE_TRANSITION MOVING -> EMERGENCY_STOP (intent=STOP)
05:14:41.452 [AMR-04] SAFETY_STOP min_obstacle_distance=1.00m <= 1.2m
05:14:41.553 [AMR-04] CONFLICT_DETECTED peer=AMR-02 type=INTERSECTION node=(22, 9) safe_wait=(22, 8) DECISION=PROCEED (Higher precedence (57.8 vs 57.6) -> Proceed through (22, 9))
05:14:41.553 [AMR-04] STATE_TRANSITION EMERGENCY_STOP -> MOVING (intent=MOVE)
05:14:41.654 [AMR-04] STATE_TRANSITION MOVING -> EMERGENCY_STOP (intent=STOP)
05:14:41.654 [AMR-04] SAFETY_STOP min_obstacle_distance=1.01m <= 1.2m
05:14:41.754 [AMR-04] CONFLICT_DETECTED peer=AMR-02 type=INTERSECTION node=(22, 9) safe_wait=(22, 8) DECISION=YIELD (Lower precedence at intersection (57.7 vs 57.7) -> Safe wait at (22, 8) for AMR-02)
05:14:41.754 [AMR-04] STATE_TRANSITION EMERGENCY_STOP -> YIELDING (intent=YIELD)
05:14:41.854 [AMR-04] CONFLICT_DETECTED peer=AMR-02 type=INTERSECTION node=(22, 9) safe_wait=(22, 8) DECISION=YIELD (Lower precedence at intersection (57.9 vs 57.9) -> Safe wait at (22, 8) for AMR-02)
05:14:41.955 [AMR-04] CONFLICT_DETECTED peer=AMR-02 type=INTERSECTION node=(22, 9) safe_wait=(22, 8) DECISION=PROCEED (Higher precedence (58.1 vs 57.8) -> Proceed through (22, 9))
05:14:41.955 [AMR-04] STATE_TRANSITION YIELDING -> MOVING (intent=MOVE)
05:14:42.056 [AMR-04] STATE_TRANSITION MOVING -> EMERGENCY_STOP (intent=STOP)
05:14:42.056 [AMR-04] SAFETY_STOP min_obstacle_distance=1.04m <= 1.2m
05:14:42.156 [AMR-04] CONFLICT_DETECTED peer=AMR-02 type=INTERSECTION node=(22, 9) safe_wait=(22, 8) DECISION=PROCEED (Higher precedence (58.0 vs 57.7) -> Proceed through (22, 9))
05:14:42.156 [AMR-04] STATE_TRANSITION EMERGENCY_STOP -> MOVING (intent=MOVE)
05:14:42.256 [AMR-04] STATE_TRANSITION MOVING -> EMERGENCY_STOP (intent=STOP)
05:14:42.257 [AMR-04] SAFETY_STOP min_obstacle_distance=1.10m <= 1.2m
05:14:42.358 [AMR-04] CONFLICT_DETECTED peer=AMR-02 type=INTERSECTION node=(22, 9) safe_wait=(22, 8) DECISION=YIELD (Lower precedence at intersection (57.9 vs 58.1) -> Safe wait at (22, 8) for AMR-02)
05:14:42.358 [AMR-04] STATE_TRANSITION EMERGENCY_STOP -> YIELDING (intent=YIELD)
05:14:42.459 [AMR-04] CONFLICT_DETECTED peer=AMR-02 type=INTERSECTION node=(22, 9) safe_wait=(22, 8) DECISION=PROCEED (Higher precedence (58.1 vs 58.0) -> Proceed through (22, 9))
05:14:42.459 [AMR-04] STATE_TRANSITION YIELDING -> MOVING (intent=MOVE)
05:14:42.558 [AMR-04] STATE_TRANSITION MOVING -> EMERGENCY_STOP (intent=STOP)
05:14:42.558 [AMR-04] SAFETY_STOP min_obstacle_distance=1.00m <= 1.2m
05:14:42.659 [AMR-04] CONFLICT_DETECTED peer=AMR-02 type=INTERSECTION node=(22, 9) safe_wait=(22, 8) DECISION=PROCEED (Higher precedence (57.6 vs 57.5) -> Proceed through (22, 9))
05:14:42.659 [AMR-04] STATE_TRANSITION EMERGENCY_STOP -> MOVING (intent=MOVE)
05:14:42.760 [AMR-04] STATE_TRANSITION MOVING -> EMERGENCY_STOP (intent=STOP)
05:14:42.760 [AMR-04] SAFETY_STOP min_obstacle_distance=1.01m <= 1.2m
05:14:42.860 [AMR-04] CONFLICT_DETECTED peer=AMR-02 type=INTERSECTION node=(22, 9) safe_wait=(22, 8) DECISION=YIELD (Lower precedence at intersection (57.5 vs 57.5) -> Safe wait at (22, 8) for AMR-02)
05:14:42.860 [AMR-04] STATE_TRANSITION EMERGENCY_STOP -> YIELDING (intent=YIELD)
05:14:42.961 [AMR-04] CONFLICT_DETECTED peer=AMR-02 type=INTERSECTION node=(22, 9) safe_wait=(22, 8) DECISION=YIELD (Lower precedence at intersection (57.7 vs 57.7) -> Safe wait at (22, 8) for AMR-02)
05:14:43.061 [AMR-04] CONFLICT_DETECTED peer=AMR-02 type=INTERSECTION node=(22, 9) safe_wait=(22, 8) DECISION=PROCEED (Higher precedence (57.9 vs 57.6) -> Proceed through (22, 9))
05:14:43.061 [AMR-04] STATE_TRANSITION YIELDING -> MOVING (intent=MOVE)
05:14:43.161 [AMR-04] STATE_TRANSITION MOVING -> EMERGENCY_STOP (intent=STOP)
05:14:43.161 [AMR-04] SAFETY_STOP min_obstacle_distance=1.04m <= 1.2m
05:14:43.263 [AMR-04] CONFLICT_DETECTED peer=AMR-02 type=INTERSECTION node=(22, 9) safe_wait=(22, 8) DECISION=PROCEED (Higher precedence (57.8 vs 57.7) -> Proceed through (22, 9))
05:14:43.263 [AMR-04] STATE_TRANSITION EMERGENCY_STOP -> MOVING (intent=MOVE)
05:14:43.363 [AMR-04] STATE_TRANSITION MOVING -> EMERGENCY_STOP (intent=STOP)
05:14:43.363 [AMR-04] SAFETY_STOP min_obstacle_distance=1.10m <= 1.2m
05:14:43.465 [AMR-04] CONFLICT_DETECTED peer=AMR-02 type=INTERSECTION node=(22, 9) safe_wait=(22, 8) DECISION=PROCEED (Higher precedence (57.9 vs 57.8) -> Proceed through (22, 9))
05:14:43.465 [AMR-04] STATE_TRANSITION EMERGENCY_STOP -> MOVING (intent=MOVE)
05:14:43.566 [AMR-04] STATE_TRANSITION MOVING -> EMERGENCY_STOP (intent=STOP)
05:14:43.566 [AMR-04] SAFETY_STOP min_obstacle_distance=1.01m <= 1.2m
05:14:43.668 [AMR-04] CONFLICT_DETECTED peer=AMR-02 type=INTERSECTION node=(22, 9) safe_wait=(22, 8) DECISION=PROCEED (Higher precedence (57.8 vs 57.6) -> Proceed through (22, 9))
05:14:43.668 [AMR-04] STATE_TRANSITION EMERGENCY_STOP -> MOVING (intent=MOVE)
05:14:43.769 [AMR-04] STATE_TRANSITION MOVING -> EMERGENCY_STOP (intent=STOP)
05:14:43.769 [AMR-04] SAFETY_STOP min_obstacle_distance=1.05m <= 1.2m
05:14:43.870 [AMR-04] CONFLICT_DETECTED peer=AMR-02 type=INTERSECTION node=(22, 9) safe_wait=(22, 8) DECISION=YIELD (Lower precedence at intersection (57.7 vs 57.7) -> Safe wait at (22, 8) for AMR-02)
05:14:43.870 [AMR-04] STATE_TRANSITION EMERGENCY_STOP -> YIELDING (intent=YIELD)
05:14:43.972 [AMR-04] CONFLICT_DETECTED peer=AMR-02 type=INTERSECTION node=(22, 9) safe_wait=(22, 8) DECISION=YIELD (Lower precedence at intersection (57.9 vs 57.9) -> Safe wait at (22, 8) for AMR-02)
05:14:44.073 [AMR-04] CONFLICT_DETECTED peer=AMR-02 type=INTERSECTION node=(22, 9) safe_wait=(22, 8) DECISION=PROCEED (Higher precedence (58.1 vs 57.8) -> Proceed through (22, 9))
05:14:44.073 [AMR-04] STATE_TRANSITION YIELDING -> MOVING (intent=MOVE)
05:14:44.175 [AMR-04] STATE_TRANSITION MOVING -> EMERGENCY_STOP (intent=STOP)
05:14:44.175 [AMR-04] SAFETY_STOP min_obstacle_distance=1.10m <= 1.2m
05:14:44.277 [AMR-04] CONFLICT_DETECTED peer=AMR-02 type=INTERSECTION node=(22, 9) safe_wait=(22, 8) DECISION=PROCEED (Higher precedence (58.0 vs 57.7) -> Proceed through (22, 9))
05:14:44.277 [AMR-04] STATE_TRANSITION EMERGENCY_STOP -> MOVING (intent=MOVE)
05:14:44.378 [AMR-04] STATE_TRANSITION MOVING -> EMERGENCY_STOP (intent=STOP)
05:14:44.378 [AMR-04] SAFETY_STOP min_obstacle_distance=1.17m <= 1.2m
05:14:44.479 [AMR-04] CONFLICT_DETECTED peer=AMR-02 type=INTERSECTION node=(22, 9) safe_wait=(22, 8) DECISION=YIELD (Lower precedence at intersection (57.5 vs 58.1) -> Safe wait at (22, 8) for AMR-02)
05:14:44.479 [AMR-04] STATE_TRANSITION EMERGENCY_STOP -> YIELDING (intent=YIELD)
05:14:44.581 [AMR-04] CONFLICT_DETECTED peer=AMR-02 type=INTERSECTION node=(22, 9) safe_wait=(22, 8) DECISION=PROCEED (Higher precedence (57.7 vs 57.6) -> Proceed through (22, 9))
05:14:44.581 [AMR-04] STATE_TRANSITION YIELDING -> MOVING (intent=MOVE)
05:14:44.681 [AMR-04] STATE_TRANSITION MOVING -> EMERGENCY_STOP (intent=STOP)
05:14:44.681 [AMR-04] SAFETY_STOP min_obstacle_distance=1.01m <= 1.2m
05:14:44.783 [AMR-04] CONFLICT_DETECTED peer=AMR-02 type=INTERSECTION node=(22, 9) safe_wait=(22, 8) DECISION=YIELD (Lower precedence at intersection (57.6 vs 57.7) -> Safe wait at (22, 8) for AMR-02)
05:14:44.783 [AMR-04] STATE_TRANSITION EMERGENCY_STOP -> YIELDING (intent=YIELD)
05:14:44.884 [AMR-04] CONFLICT_DETECTED peer=AMR-02 type=INTERSECTION node=(22, 9) safe_wait=(22, 8) DECISION=PROCEED (Higher precedence (57.8 vs 57.6) -> Proceed through (22, 9))
05:14:44.884 [AMR-04] STATE_TRANSITION YIELDING -> MOVING (intent=MOVE)
05:14:44.985 [AMR-04] STATE_TRANSITION MOVING -> EMERGENCY_STOP (intent=STOP)
05:14:44.985 [AMR-04] SAFETY_STOP min_obstacle_distance=1.04m <= 1.2m
05:14:45.086 [AMR-04] CONFLICT_DETECTED peer=AMR-02 type=INTERSECTION node=(22, 9) safe_wait=(22, 8) DECISION=YIELD (Lower precedence at intersection (57.7 vs 57.7) -> Safe wait at (22, 8) for AMR-02)
05:14:45.086 [AMR-04] STATE_TRANSITION EMERGENCY_STOP -> YIELDING (intent=YIELD)
05:14:45.188 [AMR-04] CONFLICT_DETECTED peer=AMR-02 type=INTERSECTION node=(22, 9) safe_wait=(22, 8) DECISION=YIELD (Lower precedence at intersection (57.9 vs 57.9) -> Safe wait at (22, 8) for AMR-02)
05:14:45.290 [AMR-04] CONFLICT_DETECTED peer=AMR-02 type=INTERSECTION node=(22, 9) safe_wait=(22, 8) DECISION=PROCEED (Higher precedence (58.1 vs 57.8) -> Proceed through (22, 9))
05:14:45.290 [AMR-04] STATE_TRANSITION YIELDING -> MOVING (intent=MOVE)
05:14:45.392 [AMR-04] STATE_TRANSITION MOVING -> EMERGENCY_STOP (intent=STOP)
05:14:45.392 [AMR-04] SAFETY_STOP min_obstacle_distance=1.10m <= 1.2m
05:14:45.492 [AMR-04] CONFLICT_DETECTED peer=AMR-02 type=INTERSECTION node=(22, 9) safe_wait=(22, 8) DECISION=YIELD (Lower precedence at intersection (57.7 vs 58.0) -> Safe wait at (22, 8) for AMR-02)
05:14:45.492 [AMR-04] STATE_TRANSITION EMERGENCY_STOP -> YIELDING (intent=YIELD)
05:14:45.594 [AMR-04] CONFLICT_DETECTED peer=AMR-02 type=INTERSECTION node=(22, 9) safe_wait=(22, 8) DECISION=PROCEED (Higher precedence (57.9 vs 57.9) -> Proceed through (22, 9))
05:14:45.594 [AMR-04] STATE_TRANSITION YIELDING -> MOVING (intent=MOVE)
05:14:45.695 [AMR-04] STATE_TRANSITION MOVING -> EMERGENCY_STOP (intent=STOP)
05:14:45.695 [AMR-04] SAFETY_STOP min_obstacle_distance=1.01m <= 1.2m
05:14:45.797 [AMR-04] CONFLICT_DETECTED peer=AMR-02 type=INTERSECTION node=(22, 9) safe_wait=(22, 8) DECISION=YIELD (Lower precedence at intersection (57.8 vs 57.9) -> Safe wait at (22, 8) for AMR-02)
05:14:45.797 [AMR-04] STATE_TRANSITION EMERGENCY_STOP -> YIELDING (intent=YIELD)
05:14:45.898 [AMR-04] CONFLICT_DETECTED peer=AMR-02 type=INTERSECTION node=(22, 9) safe_wait=(22, 8) DECISION=PROCEED (Higher precedence (58.0 vs 57.8) -> Proceed through (22, 9))
05:14:45.899 [AMR-04] STATE_TRANSITION YIELDING -> MOVING (intent=MOVE)
05:14:45.999 [AMR-04] STATE_TRANSITION MOVING -> EMERGENCY_STOP (intent=STOP)
05:14:45.999 [AMR-04] SAFETY_STOP min_obstacle_distance=1.05m <= 1.2m
05:14:46.100 [AMR-04] CONFLICT_DETECTED peer=AMR-02 type=INTERSECTION node=(22, 9) safe_wait=(22, 8) DECISION=PROCEED (Higher precedence (57.9 vs 57.7) -> Proceed through (22, 9))
05:14:46.101 [AMR-04] STATE_TRANSITION EMERGENCY_STOP -> MOVING (intent=MOVE)
05:14:46.200 [AMR-04] STATE_TRANSITION MOVING -> EMERGENCY_STOP (intent=STOP)
05:14:46.200 [AMR-04] SAFETY_STOP min_obstacle_distance=1.10m <= 1.2m
05:14:46.301 [AMR-04] CONFLICT_DETECTED peer=AMR-02 type=INTERSECTION node=(22, 9) safe_wait=(22, 8) DECISION=YIELD (Lower precedence at intersection (57.8 vs 57.8) -> Safe wait at (22, 8) for AMR-02)
05:14:46.301 [AMR-04] STATE_TRANSITION EMERGENCY_STOP -> YIELDING (intent=YIELD)
05:14:46.403 [AMR-04] CONFLICT_DETECTED peer=AMR-02 type=INTERSECTION node=(22, 9) safe_wait=(22, 8) DECISION=PROCEED (Higher precedence (58.0 vs 57.8) -> Proceed through (22, 9))
05:14:46.404 [AMR-04] STATE_TRANSITION YIELDING -> MOVING (intent=MOVE)
05:14:46.503 [AMR-04] STATE_TRANSITION MOVING -> EMERGENCY_STOP (intent=STOP)
05:14:46.503 [AMR-04] SAFETY_STOP min_obstacle_distance=1.00m <= 1.2m
05:14:46.605 [AMR-04] CONFLICT_DETECTED peer=AMR-02 type=INTERSECTION node=(22, 9) safe_wait=(22, 8) DECISION=PROCEED (Higher precedence (57.5 vs 57.5) -> Proceed through (22, 9))
05:14:46.605 [AMR-04] STATE_TRANSITION EMERGENCY_STOP -> MOVING (intent=MOVE)
05:14:46.707 [AMR-04] STATE_TRANSITION MOVING -> EMERGENCY_STOP (intent=STOP)
05:14:46.707 [AMR-04] SAFETY_STOP min_obstacle_distance=1.01m <= 1.2m
05:14:46.808 [AMR-04] CONFLICT_DETECTED peer=AMR-02 type=INTERSECTION node=(22, 9) safe_wait=(22, 8) DECISION=YIELD (Lower precedence at intersection (57.4 vs 57.5) -> Safe wait at (22, 8) for AMR-02)
05:14:46.808 [AMR-04] STATE_TRANSITION EMERGENCY_STOP -> YIELDING (intent=YIELD)
05:14:46.908 [AMR-04] CONFLICT_DETECTED peer=AMR-02 type=INTERSECTION node=(22, 9) safe_wait=(22, 8) DECISION=YIELD (Lower precedence at intersection (57.6 vs 57.6) -> Safe wait at (22, 8) for AMR-02)
05:14:47.009 [AMR-04] CONFLICT_DETECTED peer=AMR-02 type=INTERSECTION node=(22, 9) safe_wait=(22, 8) DECISION=PROCEED (Higher precedence (57.8 vs 57.7) -> Proceed through (22, 9))
05:14:47.009 [AMR-04] STATE_TRANSITION YIELDING -> MOVING (intent=MOVE)
05:14:47.110 [AMR-04] STATE_TRANSITION MOVING -> EMERGENCY_STOP (intent=STOP)
05:14:47.110 [AMR-04] SAFETY_STOP min_obstacle_distance=1.04m <= 1.2m
05:14:47.211 [AMR-04] CONFLICT_DETECTED peer=AMR-02 type=INTERSECTION node=(22, 9) safe_wait=(22, 8) DECISION=YIELD (Lower precedence at intersection (57.7 vs 57.8) -> Safe wait at (22, 8) for AMR-02)
05:14:47.211 [AMR-04] STATE_TRANSITION EMERGENCY_STOP -> YIELDING (intent=YIELD)
05:14:47.313 [AMR-04] CONFLICT_DETECTED peer=AMR-02 type=INTERSECTION node=(22, 9) safe_wait=(22, 8) DECISION=PROCEED (Higher precedence (57.9 vs 57.8) -> Proceed through (22, 9))
05:14:47.313 [AMR-04] STATE_TRANSITION YIELDING -> MOVING (intent=MOVE)
05:14:47.414 [AMR-04] STATE_TRANSITION MOVING -> EMERGENCY_STOP (intent=STOP)
05:14:47.414 [AMR-04] SAFETY_STOP min_obstacle_distance=1.10m <= 1.2m
05:14:47.515 [AMR-04] CONFLICT_DETECTED peer=AMR-02 type=INTERSECTION node=(22, 9) safe_wait=(22, 8) DECISION=YIELD (Lower precedence at intersection (57.5 vs 57.8) -> Safe wait at (22, 8) for AMR-02)
05:14:47.515 [AMR-04] STATE_TRANSITION EMERGENCY_STOP -> YIELDING (intent=YIELD)
05:14:47.616 [AMR-04] CONFLICT_DETECTED peer=AMR-02 type=INTERSECTION node=(22, 9) safe_wait=(22, 8) DECISION=PROCEED (Higher precedence (57.7 vs 57.6) -> Proceed through (22, 9))
05:14:47.617 [AMR-04] STATE_TRANSITION YIELDING -> MOVING (intent=MOVE)
05:14:47.716 [AMR-04] STATE_TRANSITION MOVING -> EMERGENCY_STOP (intent=STOP)
05:14:47.716 [AMR-04] SAFETY_STOP min_obstacle_distance=1.01m <= 1.2m
05:14:47.818 [AMR-04] CONFLICT_DETECTED peer=AMR-02 type=INTERSECTION node=(22, 9) safe_wait=(22, 8) DECISION=YIELD (Lower precedence at intersection (57.6 vs 57.7) -> Safe wait at (22, 8) for AMR-02)
05:14:47.818 [AMR-04] STATE_TRANSITION EMERGENCY_STOP -> YIELDING (intent=YIELD)
05:14:47.919 [AMR-04] CONFLICT_DETECTED peer=AMR-02 type=INTERSECTION node=(22, 9) safe_wait=(22, 8) DECISION=PROCEED (Higher precedence (57.8 vs 57.6) -> Proceed through (22, 9))
05:14:47.919 [AMR-04] STATE_TRANSITION YIELDING -> MOVING (intent=MOVE)
05:14:48.021 [AMR-04] STATE_TRANSITION MOVING -> EMERGENCY_STOP (intent=STOP)
05:14:48.021 [AMR-04] SAFETY_STOP min_obstacle_distance=1.04m <= 1.2m
05:14:48.121 [AMR-04] CONFLICT_DETECTED peer=AMR-02 type=INTERSECTION node=(22, 9) safe_wait=(22, 8) DECISION=YIELD (Lower precedence at intersection (57.7 vs 57.7) -> Safe wait at (22, 8) for AMR-02)
05:14:48.121 [AMR-04] STATE_TRANSITION EMERGENCY_STOP -> YIELDING (intent=YIELD)
05:14:48.221 [AMR-04] CONFLICT_DETECTED peer=AMR-02 type=INTERSECTION node=(22, 9) safe_wait=(22, 8) DECISION=YIELD (Lower precedence at intersection (57.9 vs 57.9) -> Safe wait at (22, 8) for AMR-02)
05:14:48.321 [AMR-04] CONFLICT_DETECTED peer=AMR-02 type=INTERSECTION node=(22, 9) safe_wait=(22, 8) DECISION=PROCEED (Higher precedence (58.1 vs 57.8) -> Proceed through (22, 9))
05:14:48.321 [AMR-04] STATE_TRANSITION YIELDING -> MOVING (intent=MOVE)
05:14:48.423 [AMR-04] STATE_TRANSITION MOVING -> EMERGENCY_STOP (intent=STOP)
05:14:48.423 [AMR-04] SAFETY_STOP min_obstacle_distance=1.10m <= 1.2m
05:14:48.522 [AMR-04] CONFLICT_DETECTED peer=AMR-02 type=INTERSECTION node=(22, 9) safe_wait=(22, 8) DECISION=YIELD (Lower precedence at intersection (57.7 vs 58.0) -> Safe wait at (22, 8) for AMR-02)
05:14:48.522 [AMR-04] STATE_TRANSITION EMERGENCY_STOP -> YIELDING (intent=YIELD)
05:14:48.624 [AMR-04] CONFLICT_DETECTED peer=AMR-02 type=INTERSECTION node=(22, 9) safe_wait=(22, 8) DECISION=PROCEED (Higher precedence (57.9 vs 57.9) -> Proceed through (22, 9))
05:14:48.624 [AMR-04] STATE_TRANSITION YIELDING -> MOVING (intent=MOVE)
05:14:48.725 [AMR-04] STATE_TRANSITION MOVING -> EMERGENCY_STOP (intent=STOP)
05:14:48.725 [AMR-04] SAFETY_STOP min_obstacle_distance=1.01m <= 1.2m
05:14:48.826 [AMR-04] CONFLICT_DETECTED peer=AMR-02 type=INTERSECTION node=(22, 9) safe_wait=(22, 8) DECISION=PROCEED (Higher precedence (57.8 vs 57.6) -> Proceed through (22, 9))
05:14:48.826 [AMR-04] STATE_TRANSITION EMERGENCY_STOP -> MOVING (intent=MOVE)
05:14:48.926 [AMR-04] STATE_TRANSITION MOVING -> EMERGENCY_STOP (intent=STOP)
05:14:48.926 [AMR-04] SAFETY_STOP min_obstacle_distance=1.04m <= 1.2m
05:14:49.027 [AMR-04] CONFLICT_DETECTED peer=AMR-02 type=INTERSECTION node=(22, 9) safe_wait=(22, 8) DECISION=YIELD (Lower precedence at intersection (57.7 vs 57.7) -> Safe wait at (22, 8) for AMR-02)
05:14:49.028 [AMR-04] STATE_TRANSITION EMERGENCY_STOP -> YIELDING (intent=YIELD)
05:14:49.129 [AMR-04] CONFLICT_DETECTED peer=AMR-02 type=INTERSECTION node=(22, 9) safe_wait=(22, 8) DECISION=PROCEED (Higher precedence (57.9 vs 57.7) -> Proceed through (22, 9))
05:14:49.130 [AMR-04] STATE_TRANSITION YIELDING -> MOVING (intent=MOVE)
05:14:49.229 [AMR-04] STATE_TRANSITION MOVING -> EMERGENCY_STOP (intent=STOP)
05:14:49.229 [AMR-04] SAFETY_STOP min_obstacle_distance=1.10m <= 1.2m
05:14:49.331 [AMR-04] CONFLICT_DETECTED peer=AMR-02 type=INTERSECTION node=(22, 9) safe_wait=(22, 8) DECISION=YIELD (Lower precedence at intersection (57.8 vs 57.8) -> Safe wait at (22, 8) for AMR-02)
05:14:49.331 [AMR-04] STATE_TRANSITION EMERGENCY_STOP -> YIELDING (intent=YIELD)
05:14:49.432 [AMR-04] CONFLICT_DETECTED peer=AMR-02 type=INTERSECTION node=(22, 9) safe_wait=(22, 8) DECISION=YIELD (Lower precedence at intersection (58.0 vs 58.0) -> Safe wait at (22, 8) for AMR-02)
05:14:49.532 [AMR-04] CONFLICT_DETECTED peer=AMR-02 type=INTERSECTION node=(22, 9) safe_wait=(22, 8) DECISION=PROCEED (Higher precedence (57.9 vs 57.8) -> Proceed through (22, 9))
05:14:49.532 [AMR-04] STATE_TRANSITION YIELDING -> MOVING (intent=MOVE)
05:14:49.634 [AMR-04] STATE_TRANSITION MOVING -> EMERGENCY_STOP (intent=STOP)
05:14:49.634 [AMR-04] SAFETY_STOP min_obstacle_distance=1.01m <= 1.2m
05:14:49.735 [AMR-04] CONFLICT_DETECTED peer=AMR-02 type=INTERSECTION node=(22, 9) safe_wait=(22, 8) DECISION=PROCEED (Higher precedence (57.8 vs 57.6) -> Proceed through (22, 9))
05:14:49.735 [AMR-04] STATE_TRANSITION EMERGENCY_STOP -> MOVING (intent=MOVE)
05:14:49.837 [AMR-04] STATE_TRANSITION MOVING -> EMERGENCY_STOP (intent=STOP)
05:14:49.837 [AMR-04] SAFETY_STOP min_obstacle_distance=1.04m <= 1.2m
05:14:49.939 [AMR-04] CONFLICT_DETECTED peer=AMR-02 type=INTERSECTION node=(22, 9) safe_wait=(22, 8) DECISION=YIELD (Lower precedence at intersection (57.7 vs 57.7) -> Safe wait at (22, 8) for AMR-02)
05:14:49.939 [AMR-04] STATE_TRANSITION EMERGENCY_STOP -> YIELDING (intent=YIELD)
05:14:50.040 [AMR-04] CONFLICT_DETECTED peer=AMR-02 type=INTERSECTION node=(22, 9) safe_wait=(22, 8) DECISION=YIELD (Lower precedence at intersection (57.9 vs 57.9) -> Safe wait at (22, 8) for AMR-02)
05:14:50.141 [AMR-04] CONFLICT_DETECTED peer=AMR-02 type=INTERSECTION node=(22, 9) safe_wait=(22, 8) DECISION=PROCEED (Higher precedence (58.1 vs 57.8) -> Proceed through (22, 9))
05:14:50.141 [AMR-04] STATE_TRANSITION YIELDING -> MOVING (intent=MOVE)
05:14:50.243 [AMR-04] STATE_TRANSITION MOVING -> EMERGENCY_STOP (intent=STOP)
05:14:50.243 [AMR-04] SAFETY_STOP min_obstacle_distance=1.10m <= 1.2m
05:14:50.344 [AMR-04] CONFLICT_DETECTED peer=AMR-02 type=INTERSECTION node=(22, 9) safe_wait=(22, 8) DECISION=PROCEED (Higher precedence (58.0 vs 57.7) -> Proceed through (22, 9))
05:14:50.344 [AMR-04] STATE_TRANSITION EMERGENCY_STOP -> MOVING (intent=MOVE)
05:14:50.445 [AMR-04] STATE_TRANSITION MOVING -> EMERGENCY_STOP (intent=STOP)
05:14:50.445 [AMR-04] SAFETY_STOP min_obstacle_distance=1.17m <= 1.2m
05:14:50.546 [AMR-04] CONFLICT_DETECTED peer=AMR-02 type=INTERSECTION node=(22, 9) safe_wait=(22, 8) DECISION=YIELD (Lower precedence at intersection (57.5 vs 58.1) -> Safe wait at (22, 8) for AMR-02)
05:14:50.546 [AMR-04] STATE_TRANSITION EMERGENCY_STOP -> YIELDING (intent=YIELD)
05:14:50.648 [AMR-04] CONFLICT_DETECTED peer=AMR-02 type=INTERSECTION node=(22, 9) safe_wait=(22, 8) DECISION=PROCEED (Higher precedence (57.7 vs 57.6) -> Proceed through (22, 9))
05:14:50.648 [AMR-04] STATE_TRANSITION YIELDING -> MOVING (intent=MOVE)
05:14:50.749 [AMR-04] STATE_TRANSITION MOVING -> EMERGENCY_STOP (intent=STOP)
05:14:50.749 [AMR-04] SAFETY_STOP min_obstacle_distance=1.01m <= 1.2m
05:14:50.850 [AMR-04] CONFLICT_DETECTED peer=AMR-02 type=INTERSECTION node=(22, 9) safe_wait=(22, 8) DECISION=YIELD (Lower precedence at intersection (57.6 vs 57.7) -> Safe wait at (22, 8) for AMR-02)
05:14:50.851 [AMR-04] STATE_TRANSITION EMERGENCY_STOP -> YIELDING (intent=YIELD)
05:14:50.952 [AMR-04] CONFLICT_DETECTED peer=AMR-02 type=INTERSECTION node=(22, 9) safe_wait=(22, 8) DECISION=PROCEED (Higher precedence (57.8 vs 57.6) -> Proceed through (22, 9))
05:14:50.952 [AMR-04] STATE_TRANSITION YIELDING -> MOVING (intent=MOVE)
05:14:51.054 [AMR-04] STATE_TRANSITION MOVING -> EMERGENCY_STOP (intent=STOP)
05:14:51.054 [AMR-04] SAFETY_STOP min_obstacle_distance=1.05m <= 1.2m
05:14:51.155 [AMR-04] CONFLICT_DETECTED peer=AMR-02 type=INTERSECTION node=(22, 9) safe_wait=(22, 8) DECISION=YIELD (Lower precedence at intersection (57.7 vs 57.7) -> Safe wait at (22, 8) for AMR-02)
05:14:51.155 [AMR-04] STATE_TRANSITION EMERGENCY_STOP -> YIELDING (intent=YIELD)
05:14:51.257 [AMR-04] CONFLICT_DETECTED peer=AMR-02 type=INTERSECTION node=(22, 9) safe_wait=(22, 8) DECISION=YIELD (Lower precedence at intersection (57.9 vs 57.9) -> Safe wait at (22, 8) for AMR-02)
05:14:51.359 [AMR-04] CONFLICT_DETECTED peer=AMR-02 type=INTERSECTION node=(22, 9) safe_wait=(22, 8) DECISION=PROCEED (Higher precedence (58.1 vs 57.8) -> Proceed through (22, 9))
05:14:51.360 [AMR-04] STATE_TRANSITION YIELDING -> MOVING (intent=MOVE)
05:14:51.461 [AMR-04] STATE_TRANSITION MOVING -> EMERGENCY_STOP (intent=STOP)
05:14:51.461 [AMR-04] SAFETY_STOP min_obstacle_distance=1.00m <= 1.2m
05:14:51.561 [AMR-04] CONFLICT_DETECTED peer=AMR-02 type=INTERSECTION node=(22, 9) safe_wait=(22, 8) DECISION=PROCEED (Higher precedence (57.7 vs 57.6) -> Proceed through (22, 9))
05:14:51.561 [AMR-04] STATE_TRANSITION EMERGENCY_STOP -> MOVING (intent=MOVE)
05:14:51.662 [AMR-04] STATE_TRANSITION MOVING -> EMERGENCY_STOP (intent=STOP)
05:14:51.662 [AMR-04] SAFETY_STOP min_obstacle_distance=1.01m <= 1.2m
05:14:51.764 [AMR-04] CONFLICT_DETECTED peer=AMR-02 type=INTERSECTION node=(22, 9) safe_wait=(22, 8) DECISION=YIELD (Lower precedence at intersection (57.6 vs 57.7) -> Safe wait at (22, 8) for AMR-02)
05:14:51.765 [AMR-04] STATE_TRANSITION EMERGENCY_STOP -> YIELDING (intent=YIELD)
05:14:51.865 [AMR-04] CONFLICT_DETECTED peer=AMR-02 type=INTERSECTION node=(22, 9) safe_wait=(22, 8) DECISION=PROCEED (Higher precedence (57.8 vs 57.6) -> Proceed through (22, 9))
05:14:51.865 [AMR-04] STATE_TRANSITION YIELDING -> MOVING (intent=MOVE)
05:14:51.966 [AMR-04] STATE_TRANSITION MOVING -> EMERGENCY_STOP (intent=STOP)
05:14:51.966 [AMR-04] SAFETY_STOP min_obstacle_distance=1.04m <= 1.2m
05:14:52.067 [AMR-04] CONFLICT_DETECTED peer=AMR-02 type=INTERSECTION node=(22, 9) safe_wait=(22, 8) DECISION=PROCEED (Higher precedence (57.7 vs 57.7) -> Proceed through (22, 9))
05:14:52.067 [AMR-04] STATE_TRANSITION EMERGENCY_STOP -> MOVING (intent=MOVE)
05:14:52.167 [AMR-04] STATE_TRANSITION MOVING -> EMERGENCY_STOP (intent=STOP)
05:14:52.167 [AMR-04] SAFETY_STOP min_obstacle_distance=1.10m <= 1.2m
05:14:52.267 [AMR-04] CONFLICT_DETECTED peer=AMR-02 type=INTERSECTION node=(22, 9) safe_wait=(22, 8) DECISION=YIELD (Lower precedence at intersection (57.5 vs 57.8) -> Safe wait at (22, 8) for AMR-02)
05:14:52.267 [AMR-04] STATE_TRANSITION EMERGENCY_STOP -> YIELDING (intent=YIELD)
05:14:52.368 [AMR-04] CONFLICT_DETECTED peer=AMR-02 type=INTERSECTION node=(22, 9) safe_wait=(22, 8) DECISION=YIELD (Lower precedence at intersection (57.8 vs 57.8) -> Safe wait at (22, 8) for AMR-02)
05:14:52.469 [AMR-04] CONFLICT_DETECTED peer=AMR-02 type=INTERSECTION node=(22, 9) safe_wait=(22, 8) DECISION=PROCEED (Higher precedence (58.0 vs 57.8) -> Proceed through (22, 9))
05:14:52.470 [AMR-04] STATE_TRANSITION YIELDING -> MOVING (intent=MOVE)
05:14:52.569 [AMR-04] STATE_TRANSITION MOVING -> EMERGENCY_STOP (intent=STOP)
05:14:52.570 [AMR-04] SAFETY_STOP min_obstacle_distance=1.00m <= 1.2m
05:14:52.670 [AMR-04] CONFLICT_DETECTED peer=AMR-02 type=INTERSECTION node=(22, 9) safe_wait=(22, 8) DECISION=YIELD (Lower precedence at intersection (57.5 vs 57.9) -> Safe wait at (22, 8) for AMR-02)
05:14:52.670 [AMR-04] STATE_TRANSITION EMERGENCY_STOP -> YIELDING (intent=YIELD)
05:14:52.771 [AMR-04] CONFLICT_DETECTED peer=AMR-02 type=INTERSECTION node=(22, 9) safe_wait=(22, 8) DECISION=YIELD (Lower precedence at intersection (57.7 vs 57.9) -> Safe wait at (22, 8) for AMR-02)
05:14:52.873 [AMR-04] CONFLICT_DETECTED peer=AMR-02 type=INTERSECTION node=(22, 9) safe_wait=(22, 8) DECISION=YIELD (Lower precedence at intersection (57.9 vs 58.0) -> Safe wait at (22, 8) for AMR-02)
05:14:52.975 [AMR-04] CONFLICT_DETECTED peer=AMR-02 type=INTERSECTION node=(22, 9) safe_wait=(22, 8) DECISION=PROCEED (Higher precedence (58.1 vs 58.0) -> Proceed through (22, 9))
05:14:52.975 [AMR-04] STATE_TRANSITION YIELDING -> MOVING (intent=MOVE)
05:14:53.076 [AMR-04] STATE_TRANSITION MOVING -> EMERGENCY_STOP (intent=STOP)
05:14:53.077 [AMR-04] SAFETY_STOP min_obstacle_distance=1.01m <= 1.2m
05:14:53.178 [AMR-04] CONFLICT_DETECTED peer=AMR-02 type=INTERSECTION node=(22, 9) safe_wait=(22, 8) DECISION=YIELD (Lower precedence at intersection (58.0 vs 58.1) -> Safe wait at (22, 8) for AMR-02)
05:14:53.179 [AMR-04] STATE_TRANSITION EMERGENCY_STOP -> YIELDING (intent=YIELD)
05:14:53.280 [AMR-04] CONFLICT_DETECTED peer=AMR-02 type=INTERSECTION node=(22, 9) safe_wait=(22, 8) DECISION=YIELD (Lower precedence at intersection (58.2 vs 58.3) -> Safe wait at (22, 8) for AMR-02)
05:14:53.382 [AMR-04] CONFLICT_DETECTED peer=AMR-02 type=INTERSECTION node=(22, 9) safe_wait=(22, 8) DECISION=PROCEED (Higher precedence (58.4 vs 58.2) -> Proceed through (22, 9))
05:14:53.383 [AMR-04] STATE_TRANSITION YIELDING -> MOVING (intent=MOVE)
05:14:53.484 [AMR-04] STATE_TRANSITION MOVING -> EMERGENCY_STOP (intent=STOP)
05:14:53.484 [AMR-04] SAFETY_STOP min_obstacle_distance=1.00m <= 1.2m
05:14:53.585 [AMR-04] CONFLICT_DETECTED peer=AMR-02 type=INTERSECTION node=(22, 9) safe_wait=(22, 8) DECISION=YIELD (Lower precedence at intersection (58.1 vs 58.1) -> Safe wait at (22, 8) for AMR-02)
05:14:53.586 [AMR-04] STATE_TRANSITION EMERGENCY_STOP -> YIELDING (intent=YIELD)
05:14:53.686 [AMR-04] CONFLICT_DETECTED peer=AMR-02 type=INTERSECTION node=(22, 9) safe_wait=(22, 8) DECISION=YIELD (Lower precedence at intersection (58.3 vs 58.4) -> Safe wait at (22, 8) for AMR-02)
05:14:53.787 [AMR-04] CONFLICT_DETECTED peer=AMR-02 type=INTERSECTION node=(22, 9) safe_wait=(22, 8) DECISION=PROCEED (Higher precedence (58.5 vs 58.2) -> Proceed through (22, 9))
05:14:53.787 [AMR-04] STATE_TRANSITION YIELDING -> MOVING (intent=MOVE)
05:14:53.889 [AMR-04] STATE_TRANSITION MOVING -> EMERGENCY_STOP (intent=STOP)
05:14:53.889 [AMR-04] SAFETY_STOP min_obstacle_distance=1.01m <= 1.2m
05:14:53.991 [AMR-04] CONFLICT_DETECTED peer=AMR-02 type=INTERSECTION node=(22, 9) safe_wait=(22, 8) DECISION=YIELD (Lower precedence at intersection (58.4 vs 58.4) -> Safe wait at (22, 8) for AMR-02)
05:14:53.992 [AMR-04] STATE_TRANSITION EMERGENCY_STOP -> YIELDING (intent=YIELD)
05:14:54.093 [AMR-04] CONFLICT_DETECTED peer=AMR-02 type=INTERSECTION node=(22, 9) safe_wait=(22, 8) DECISION=YIELD (Lower precedence at intersection (58.6 vs 58.6) -> Safe wait at (22, 8) for AMR-02)
05:14:54.195 [AMR-04] CONFLICT_DETECTED peer=AMR-02 type=INTERSECTION node=(22, 9) safe_wait=(22, 8) DECISION=PROCEED (Higher precedence (58.8 vs 58.5) -> Proceed through (22, 9))
05:14:54.195 [AMR-04] STATE_TRANSITION YIELDING -> MOVING (intent=MOVE)
05:14:54.296 [AMR-04] STATE_TRANSITION MOVING -> EMERGENCY_STOP (intent=STOP)
05:14:54.297 [AMR-04] SAFETY_STOP min_obstacle_distance=1.05m <= 1.2m
05:14:54.398 [AMR-04] CONFLICT_DETECTED peer=AMR-02 type=INTERSECTION node=(22, 9) safe_wait=(22, 8) DECISION=YIELD (Lower precedence at intersection (58.7 vs 58.7) -> Safe wait at (22, 8) for AMR-02)
05:14:54.398 [AMR-04] STATE_TRANSITION EMERGENCY_STOP -> YIELDING (intent=YIELD)
05:14:54.499 [AMR-04] CONFLICT_DETECTED peer=AMR-02 type=INTERSECTION node=(22, 9) safe_wait=(22, 8) DECISION=YIELD (Lower precedence at intersection (58.7 vs 58.9) -> Safe wait at (22, 8) for AMR-02)
05:14:54.601 [AMR-04] CONFLICT_DETECTED peer=AMR-02 type=INTERSECTION node=(22, 9) safe_wait=(22, 8) DECISION=PROCEED (Higher precedence (58.9 vs 58.5) -> Proceed through (22, 9))
05:14:54.601 [AMR-04] STATE_TRANSITION YIELDING -> MOVING (intent=MOVE)
05:14:54.702 [AMR-04] STATE_TRANSITION MOVING -> EMERGENCY_STOP (intent=STOP)
05:14:54.702 [AMR-04] SAFETY_STOP min_obstacle_distance=1.01m <= 1.2m
05:14:54.804 [AMR-04] CONFLICT_DETECTED peer=AMR-02 type=INTERSECTION node=(22, 9) safe_wait=(22, 8) DECISION=PROCEED (Higher precedence (58.8 vs 58.8) -> Proceed through (22, 9))
05:14:54.804 [AMR-04] STATE_TRANSITION EMERGENCY_STOP -> MOVING (intent=MOVE)
05:14:54.905 [AMR-04] STATE_TRANSITION MOVING -> EMERGENCY_STOP (intent=STOP)
05:14:54.905 [AMR-04] SAFETY_STOP min_obstacle_distance=1.05m <= 1.2m
05:14:55.006 [AMR-04] CONFLICT_DETECTED peer=AMR-02 type=INTERSECTION node=(22, 9) safe_wait=(22, 8) DECISION=YIELD (Lower precedence at intersection (58.7 vs 58.8) -> Safe wait at (22, 8) for AMR-02)
05:14:55.006 [AMR-04] STATE_TRANSITION EMERGENCY_STOP -> YIELDING (intent=YIELD)
05:14:55.108 [AMR-04] CONFLICT_DETECTED peer=AMR-02 type=INTERSECTION node=(22, 9) safe_wait=(22, 8) DECISION=PROCEED (Higher precedence (58.9 vs 58.8) -> Proceed through (22, 9))
05:14:55.108 [AMR-04] STATE_TRANSITION YIELDING -> MOVING (intent=MOVE)
05:14:55.209 [AMR-04] STATE_TRANSITION MOVING -> EMERGENCY_STOP (intent=STOP)
05:14:55.209 [AMR-04] SAFETY_STOP min_obstacle_distance=1.10m <= 1.2m
05:14:55.310 [AMR-04] CONFLICT_DETECTED peer=AMR-02 type=INTERSECTION node=(22, 9) safe_wait=(22, 8) DECISION=PROCEED (Higher precedence (58.8 vs 58.7) -> Proceed through (22, 9))
05:14:55.311 [AMR-04] STATE_TRANSITION EMERGENCY_STOP -> MOVING (intent=MOVE)
05:14:55.412 [AMR-04] STATE_TRANSITION MOVING -> EMERGENCY_STOP (intent=STOP)
05:14:55.412 [AMR-04] SAFETY_STOP min_obstacle_distance=1.17m <= 1.2m
05:14:55.512 [AMR-04] CONFLICT_DETECTED peer=AMR-02 type=INTERSECTION node=(22, 9) safe_wait=(22, 8) DECISION=YIELD (Lower precedence at intersection (58.3 vs 58.8) -> Safe wait at (22, 8) for AMR-02)
05:14:55.512 [AMR-04] STATE_TRANSITION EMERGENCY_STOP -> YIELDING (intent=YIELD)
05:14:55.614 [AMR-04] CONFLICT_DETECTED peer=AMR-02 type=INTERSECTION node=(22, 9) safe_wait=(22, 8) DECISION=YIELD (Lower precedence at intersection (58.5 vs 58.5) -> Safe wait at (22, 8) for AMR-02)
05:14:55.716 [AMR-04] CONFLICT_DETECTED peer=AMR-02 type=INTERSECTION node=(22, 9) safe_wait=(22, 8) DECISION=YIELD (Lower precedence at intersection (58.7 vs 58.8) -> Safe wait at (22, 8) for AMR-02)
05:14:55.817 [AMR-04] CONFLICT_DETECTED peer=AMR-02 type=INTERSECTION node=(22, 9) safe_wait=(22, 8) DECISION=PROCEED (Higher precedence (58.9 vs 58.6) -> Proceed through (22, 9))
05:14:55.817 [AMR-04] STATE_TRANSITION YIELDING -> MOVING (intent=MOVE)
05:14:55.917 [AMR-04] STATE_TRANSITION MOVING -> EMERGENCY_STOP (intent=STOP)
05:14:55.917 [AMR-04] SAFETY_STOP min_obstacle_distance=1.01m <= 1.2m
05:14:56.017 [AMR-04] CONFLICT_DETECTED peer=AMR-02 type=INTERSECTION node=(22, 9) safe_wait=(22, 8) DECISION=YIELD (Lower precedence at intersection (58.8 vs 58.8) -> Safe wait at (22, 8) for AMR-02)
05:14:56.018 [AMR-04] STATE_TRANSITION EMERGENCY_STOP -> YIELDING (intent=YIELD)
05:14:56.119 [AMR-04] CONFLICT_DETECTED peer=AMR-02 type=INTERSECTION node=(22, 9) safe_wait=(22, 8) DECISION=YIELD (Lower precedence at intersection (59.0 vs 59.0) -> Safe wait at (22, 8) for AMR-02)
05:14:56.219 [AMR-04] CONFLICT_DETECTED peer=AMR-02 type=INTERSECTION node=(22, 9) safe_wait=(22, 8) DECISION=PROCEED (Higher precedence (59.2 vs 58.9) -> Proceed through (22, 9))
05:14:56.219 [AMR-04] STATE_TRANSITION YIELDING -> MOVING (intent=MOVE)
05:14:56.320 [AMR-04] STATE_TRANSITION MOVING -> EMERGENCY_STOP (intent=STOP)
05:14:56.320 [AMR-04] SAFETY_STOP min_obstacle_distance=1.04m <= 1.2m
05:14:56.420 [AMR-04] CONFLICT_DETECTED peer=AMR-02 type=INTERSECTION node=(22, 9) safe_wait=(22, 8) DECISION=YIELD (Lower precedence at intersection (59.1 vs 59.1) -> Safe wait at (22, 8) for AMR-02)
05:14:56.420 [AMR-04] STATE_TRANSITION EMERGENCY_STOP -> YIELDING (intent=YIELD)
05:14:56.520 [AMR-04] CONFLICT_DETECTED peer=AMR-02 type=INTERSECTION node=(22, 9) safe_wait=(22, 8) DECISION=YIELD (Lower precedence at intersection (59.1 vs 59.3) -> Safe wait at (22, 8) for AMR-02)
05:14:56.621 [AMR-04] CONFLICT_DETECTED peer=AMR-02 type=INTERSECTION node=(22, 9) safe_wait=(22, 8) DECISION=PROCEED (Higher precedence (59.3 vs 59.0) -> Proceed through (22, 9))
05:14:56.622 [AMR-04] STATE_TRANSITION YIELDING -> MOVING (intent=MOVE)
05:14:56.721 [AMR-04] STATE_TRANSITION MOVING -> EMERGENCY_STOP (intent=STOP)
05:14:56.722 [AMR-04] SAFETY_STOP min_obstacle_distance=1.01m <= 1.2m
05:14:56.822 [AMR-04] CONFLICT_DETECTED peer=AMR-02 type=INTERSECTION node=(22, 9) safe_wait=(22, 8) DECISION=PROCEED (Higher precedence (59.2 vs 59.1) -> Proceed through (22, 9))
05:14:56.822 [AMR-04] STATE_TRANSITION EMERGENCY_STOP -> MOVING (intent=MOVE)
05:14:56.923 [AMR-04] STATE_TRANSITION MOVING -> EMERGENCY_STOP (intent=STOP)
05:14:56.924 [AMR-04] SAFETY_STOP min_obstacle_distance=1.04m <= 1.2m
05:14:57.025 [AMR-04] CONFLICT_DETECTED peer=AMR-02 type=INTERSECTION node=(22, 9) safe_wait=(22, 8) DECISION=YIELD (Lower precedence at intersection (59.1 vs 59.2) -> Safe wait at (22, 8) for AMR-02)
05:14:57.025 [AMR-04] STATE_TRANSITION EMERGENCY_STOP -> YIELDING (intent=YIELD)
05:14:57.126 [AMR-04] CONFLICT_DETECTED peer=AMR-02 type=INTERSECTION node=(22, 9) safe_wait=(22, 8) DECISION=PROCEED (Higher precedence (59.3 vs 59.2) -> Proceed through (22, 9))
05:14:57.126 [AMR-04] STATE_TRANSITION YIELDING -> MOVING (intent=MOVE)
05:14:57.226 [AMR-04] STATE_TRANSITION MOVING -> EMERGENCY_STOP (intent=STOP)
05:14:57.226 [AMR-04] SAFETY_STOP min_obstacle_distance=1.10m <= 1.2m
05:14:57.327 [AMR-04] CONFLICT_DETECTED peer=AMR-02 type=INTERSECTION node=(22, 9) safe_wait=(22, 8) DECISION=PROCEED (Higher precedence (59.2 vs 59.1) -> Proceed through (22, 9))
05:14:57.327 [AMR-04] STATE_TRANSITION EMERGENCY_STOP -> MOVING (intent=MOVE)
05:14:57.428 [AMR-04] STATE_TRANSITION MOVING -> EMERGENCY_STOP (intent=STOP)
05:14:57.428 [AMR-04] SAFETY_STOP min_obstacle_distance=1.17m <= 1.2m
05:14:57.528 [AMR-04] CONFLICT_DETECTED peer=AMR-02 type=INTERSECTION node=(22, 9) safe_wait=(22, 8) DECISION=YIELD (Lower precedence at intersection (58.7 vs 59.2) -> Safe wait at (22, 8) for AMR-02)
05:14:57.528 [AMR-04] STATE_TRANSITION EMERGENCY_STOP -> YIELDING (intent=YIELD)
05:14:57.630 [AMR-04] CONFLICT_DETECTED peer=AMR-02 type=INTERSECTION node=(22, 9) safe_wait=(22, 8) DECISION=YIELD (Lower precedence at intersection (58.9 vs 59.0) -> Safe wait at (22, 8) for AMR-02)
05:14:57.731 [AMR-04] CONFLICT_DETECTED peer=AMR-02 type=INTERSECTION node=(22, 9) safe_wait=(22, 8) DECISION=YIELD (Lower precedence at intersection (59.1 vs 59.1) -> Safe wait at (22, 8) for AMR-02)
05:14:57.832 [AMR-04] CONFLICT_DETECTED peer=AMR-02 type=INTERSECTION node=(22, 9) safe_wait=(22, 8) DECISION=PROCEED (Higher precedence (59.4 vs 59.0) -> Proceed through (22, 9))
05:14:57.832 [AMR-04] STATE_TRANSITION YIELDING -> MOVING (intent=MOVE)
05:14:57.932 [AMR-04] STATE_TRANSITION MOVING -> EMERGENCY_STOP (intent=STOP)
05:14:57.932 [AMR-04] SAFETY_STOP min_obstacle_distance=1.01m <= 1.2m
05:14:58.033 [AMR-04] CONFLICT_DETECTED peer=AMR-02 type=INTERSECTION node=(22, 9) safe_wait=(22, 8) DECISION=YIELD (Lower precedence at intersection (59.2 vs 59.2) -> Safe wait at (22, 8) for AMR-02)
05:14:58.033 [AMR-04] STATE_TRANSITION EMERGENCY_STOP -> YIELDING (intent=YIELD)
05:14:58.134 [AMR-04] CONFLICT_DETECTED peer=AMR-02 type=INTERSECTION node=(22, 9) safe_wait=(22, 8) DECISION=YIELD (Lower precedence at intersection (59.4 vs 59.4) -> Safe wait at (22, 8) for AMR-02)
05:14:58.234 [AMR-04] CONFLICT_DETECTED peer=AMR-02 type=INTERSECTION node=(22, 9) safe_wait=(22, 8) DECISION=PROCEED (Higher precedence (59.6 vs 59.3) -> Proceed through (22, 9))
05:14:58.234 [AMR-04] STATE_TRANSITION YIELDING -> MOVING (intent=MOVE)
05:14:58.335 [AMR-04] STATE_TRANSITION MOVING -> EMERGENCY_STOP (intent=STOP)
05:14:58.335 [AMR-04] SAFETY_STOP min_obstacle_distance=1.04m <= 1.2m
05:14:58.436 [AMR-04] CONFLICT_DETECTED peer=AMR-02 type=INTERSECTION node=(22, 9) safe_wait=(22, 8) DECISION=YIELD (Lower precedence at intersection (59.5 vs 59.5) -> Safe wait at (22, 8) for AMR-02)
05:14:58.436 [AMR-04] STATE_TRANSITION EMERGENCY_STOP -> YIELDING (intent=YIELD)
05:14:58.536 [AMR-04] CONFLICT_DETECTED peer=AMR-02 type=INTERSECTION node=(22, 9) safe_wait=(22, 8) DECISION=YIELD (Lower precedence at intersection (59.5 vs 59.7) -> Safe wait at (22, 8) for AMR-02)
05:14:58.638 [AMR-04] CONFLICT_DETECTED peer=AMR-02 type=INTERSECTION node=(22, 9) safe_wait=(22, 8) DECISION=PROCEED (Higher precedence (59.8 vs 59.4) -> Proceed through (22, 9))
05:14:58.638 [AMR-04] STATE_TRANSITION YIELDING -> MOVING (intent=MOVE)
05:14:58.738 [AMR-04] STATE_TRANSITION MOVING -> EMERGENCY_STOP (intent=STOP)
05:14:58.738 [AMR-04] SAFETY_STOP min_obstacle_distance=1.01m <= 1.2m
05:14:58.839 [AMR-04] CONFLICT_DETECTED peer=AMR-02 type=INTERSECTION node=(22, 9) safe_wait=(22, 8) DECISION=PROCEED (Higher precedence (59.6 vs 59.6) -> Proceed through (22, 9))
05:14:58.840 [AMR-04] STATE_TRANSITION EMERGENCY_STOP -> MOVING (intent=MOVE)
05:14:58.940 [AMR-04] STATE_TRANSITION MOVING -> EMERGENCY_STOP (intent=STOP)
05:14:58.940 [AMR-04] SAFETY_STOP min_obstacle_distance=1.04m <= 1.2m
05:14:59.042 [AMR-04] CONFLICT_DETECTED peer=AMR-02 type=INTERSECTION node=(22, 9) safe_wait=(22, 8) DECISION=YIELD (Lower precedence at intersection (59.5 vs 59.6) -> Safe wait at (22, 8) for AMR-02)
05:14:59.042 [AMR-04] STATE_TRANSITION EMERGENCY_STOP -> YIELDING (intent=YIELD)
05:14:59.143 [AMR-04] CONFLICT_DETECTED peer=AMR-02 type=INTERSECTION node=(22, 9) safe_wait=(22, 8) DECISION=PROCEED (Higher precedence (59.7 vs 59.6) -> Proceed through (22, 9))
05:14:59.144 [AMR-04] STATE_TRANSITION YIELDING -> MOVING (intent=MOVE)
05:14:59.242 [AMR-04] STATE_TRANSITION MOVING -> EMERGENCY_STOP (intent=STOP)
05:14:59.242 [AMR-04] SAFETY_STOP min_obstacle_distance=1.10m <= 1.2m
05:14:59.344 [AMR-04] CONFLICT_DETECTED peer=AMR-02 type=INTERSECTION node=(22, 9) safe_wait=(22, 8) DECISION=PROCEED (Higher precedence (59.6 vs 59.5) -> Proceed through (22, 9))
05:14:59.344 [AMR-04] STATE_TRANSITION EMERGENCY_STOP -> MOVING (intent=MOVE)
05:14:59.445 [AMR-04] STATE_TRANSITION MOVING -> EMERGENCY_STOP (intent=STOP)
05:14:59.445 [AMR-04] SAFETY_STOP min_obstacle_distance=1.17m <= 1.2m
05:14:59.544 [AMR-04] CONFLICT_DETECTED peer=AMR-02 type=INTERSECTION node=(22, 9) safe_wait=(22, 8) DECISION=YIELD (Lower precedence at intersection (59.1 vs 59.6) -> Safe wait at (22, 8) for AMR-02)
05:14:59.544 [AMR-04] STATE_TRANSITION EMERGENCY_STOP -> YIELDING (intent=YIELD)
05:14:59.646 [AMR-04] CONFLICT_DETECTED peer=AMR-02 type=INTERSECTION node=(22, 9) safe_wait=(22, 8) DECISION=YIELD (Lower precedence at intersection (59.4 vs 59.4) -> Safe wait at (22, 8) for AMR-02)
05:14:59.746 [AMR-04] CONFLICT_DETECTED peer=AMR-02 type=INTERSECTION node=(22, 9) safe_wait=(22, 8) DECISION=YIELD (Lower precedence at intersection (59.5 vs 59.6) -> Safe wait at (22, 8) for AMR-02)
05:14:59.846 [AMR-04] CONFLICT_DETECTED peer=AMR-02 type=INTERSECTION node=(22, 9) safe_wait=(22, 8) DECISION=PROCEED (Higher precedence (59.8 vs 59.4) -> Proceed through (22, 9))
05:14:59.846 [AMR-04] STATE_TRANSITION YIELDING -> MOVING (intent=MOVE)
05:14:59.947 [AMR-04] STATE_TRANSITION MOVING -> EMERGENCY_STOP (intent=STOP)
05:14:59.947 [AMR-04] SAFETY_STOP min_obstacle_distance=1.01m <= 1.2m
05:15:00.048 [AMR-04] CONFLICT_DETECTED peer=AMR-02 type=INTERSECTION node=(22, 9) safe_wait=(22, 8) DECISION=YIELD (Lower precedence at intersection (59.6 vs 59.6) -> Safe wait at (22, 8) for AMR-02)
05:15:00.049 [AMR-04] STATE_TRANSITION EMERGENCY_STOP -> YIELDING (intent=YIELD)
05:15:00.149 [AMR-04] CONFLICT_DETECTED peer=AMR-02 type=INTERSECTION node=(22, 9) safe_wait=(22, 8) DECISION=YIELD (Lower precedence at intersection (59.8 vs 59.8) -> Safe wait at (22, 8) for AMR-02)
05:15:00.250 [AMR-04] CONFLICT_DETECTED peer=AMR-02 type=INTERSECTION node=(22, 9) safe_wait=(22, 8) DECISION=PROCEED (Higher precedence (60.0 vs 59.7) -> Proceed through (22, 9))
05:15:00.251 [AMR-04] STATE_TRANSITION YIELDING -> MOVING (intent=MOVE)
05:15:00.350 [AMR-04] STATE_TRANSITION MOVING -> EMERGENCY_STOP (intent=STOP)
05:15:00.350 [AMR-04] SAFETY_STOP min_obstacle_distance=1.04m <= 1.2m
05:15:00.452 [AMR-04] CONFLICT_DETECTED peer=AMR-02 type=INTERSECTION node=(22, 9) safe_wait=(22, 8) DECISION=PROCEED (Higher precedence (59.9 vs 59.9) -> Proceed through (22, 9))
05:15:00.452 [AMR-04] STATE_TRANSITION EMERGENCY_STOP -> MOVING (intent=MOVE)
05:15:00.552 [AMR-04] STATE_TRANSITION MOVING -> EMERGENCY_STOP (intent=STOP)
05:15:00.552 [AMR-04] SAFETY_STOP min_obstacle_distance=1.00m <= 1.2m
05:15:00.653 [AMR-04] CONFLICT_DETECTED peer=AMR-02 type=INTERSECTION node=(22, 9) safe_wait=(22, 8) DECISION=YIELD (Lower precedence at intersection (59.5 vs 59.8) -> Safe wait at (22, 8) for AMR-02)
05:15:00.654 [AMR-04] STATE_TRANSITION EMERGENCY_STOP -> YIELDING (intent=YIELD)
05:15:00.755 [AMR-04] CONFLICT_DETECTED peer=AMR-02 type=INTERSECTION node=(22, 9) safe_wait=(22, 8) DECISION=YIELD (Lower precedence at intersection (59.8 vs 59.8) -> Safe wait at (22, 8) for AMR-02)
05:15:00.856 [AMR-04] CONFLICT_DETECTED peer=AMR-02 type=INTERSECTION node=(22, 9) safe_wait=(22, 8) DECISION=PROCEED (Higher precedence (60.0 vs 59.6) -> Proceed through (22, 9))
05:15:00.856 [AMR-04] STATE_TRANSITION YIELDING -> MOVING (intent=MOVE)
05:15:00.956 [AMR-04] STATE_TRANSITION MOVING -> EMERGENCY_STOP (intent=STOP)
05:15:00.956 [AMR-04] SAFETY_STOP min_obstacle_distance=1.01m <= 1.2m
05:15:01.056 [AMR-04] CONFLICT_DETECTED peer=AMR-02 type=INTERSECTION node=(22, 9) safe_wait=(22, 8) DECISION=YIELD (Lower precedence at intersection (59.8 vs 59.8) -> Safe wait at (22, 8) for AMR-02)
05:15:01.056 [AMR-04] STATE_TRANSITION EMERGENCY_STOP -> YIELDING (intent=YIELD)
05:15:01.156 [AMR-04] CONFLICT_DETECTED peer=AMR-02 type=INTERSECTION node=(22, 9) safe_wait=(22, 8) DECISION=YIELD (Lower precedence at intersection (60.0 vs 60.0) -> Safe wait at (22, 8) for AMR-02)
05:15:01.257 [AMR-04] CONFLICT_DETECTED peer=AMR-02 type=INTERSECTION node=(22, 9) safe_wait=(22, 8) DECISION=PROCEED (Higher precedence (60.2 vs 59.9) -> Proceed through (22, 9))
05:15:01.258 [AMR-04] STATE_TRANSITION YIELDING -> MOVING (intent=MOVE)
05:15:01.358 [AMR-04] STATE_TRANSITION MOVING -> EMERGENCY_STOP (intent=STOP)
05:15:01.358 [AMR-04] SAFETY_STOP min_obstacle_distance=1.04m <= 1.2m
05:15:01.458 [AMR-04] CONFLICT_DETECTED peer=AMR-02 type=INTERSECTION node=(22, 9) safe_wait=(22, 8) DECISION=PROCEED (Higher precedence (60.5 vs 60.1) -> Proceed through (22, 9))
05:15:01.458 [AMR-04] STATE_TRANSITION EMERGENCY_STOP -> MOVING (intent=MOVE)
05:15:01.559 [AMR-04] CONFLICT_DETECTED peer=AMR-02 type=INTERSECTION node=(22, 9) safe_wait=(22, 8) DECISION=PROCEED (Higher precedence (60.3 vs 60.2) -> Proceed through (22, 9))
05:15:01.659 [AMR-04] CONFLICT_DETECTED peer=AMR-02 type=INTERSECTION node=(22, 9) safe_wait=(22, 8) DECISION=PROCEED (Higher precedence (60.2 vs 60.0) -> Proceed through (22, 9))
05:15:01.760 [AMR-04] STATE_TRANSITION MOVING -> EMERGENCY_STOP (intent=STOP)
05:15:01.760 [AMR-04] SAFETY_STOP min_obstacle_distance=1.14m <= 1.2m
05:15:01.860 [AMR-04] CONFLICT_DETECTED peer=AMR-02 type=INTERSECTION node=(22, 9) safe_wait=(22, 8) DECISION=YIELD (Lower precedence at intersection (60.1 vs 60.2) -> Safe wait at (22, 8) for AMR-02)
05:15:01.860 [AMR-04] STATE_TRANSITION EMERGENCY_STOP -> YIELDING (intent=YIELD)
05:15:01.961 [AMR-04] CONFLICT_DETECTED peer=AMR-02 type=INTERSECTION node=(22, 9) safe_wait=(22, 8) DECISION=PROCEED (Higher precedence (60.3 vs 60.1) -> Proceed through (22, 9))
05:15:01.961 [AMR-04] STATE_TRANSITION YIELDING -> MOVING (intent=MOVE)
05:15:02.061 [AMR-04] STATE_TRANSITION MOVING -> EMERGENCY_STOP (intent=STOP)
05:15:02.061 [AMR-04] SAFETY_STOP min_obstacle_distance=1.08m <= 1.2m
05:15:02.163 [AMR-04] CONFLICT_DETECTED peer=AMR-02 type=INTERSECTION node=(22, 9) safe_wait=(22, 8) DECISION=PROCEED (Higher precedence (60.1 vs 60.0) -> Proceed through (22, 9))
05:15:02.163 [AMR-04] STATE_TRANSITION EMERGENCY_STOP -> MOVING (intent=MOVE)
05:15:02.263 [AMR-04] STATE_TRANSITION MOVING -> EMERGENCY_STOP (intent=STOP)
05:15:02.263 [AMR-04] SAFETY_STOP min_obstacle_distance=1.03m <= 1.2m
05:15:02.363 [AMR-04] CONFLICT_DETECTED peer=AMR-02 type=INTERSECTION node=(22, 9) safe_wait=(22, 8) DECISION=YIELD (Lower precedence at intersection (60.0 vs 60.2) -> Safe wait at (22, 8) for AMR-02)
05:15:02.363 [AMR-04] STATE_TRANSITION EMERGENCY_STOP -> YIELDING (intent=YIELD)
05:15:02.463 [AMR-04] CONFLICT_DETECTED peer=AMR-02 type=INTERSECTION node=(22, 9) safe_wait=(22, 8) DECISION=YIELD (Lower precedence at intersection (59.9 vs 60.0) -> Safe wait at (22, 8) for AMR-02)
05:15:02.564 [AMR-04] CONFLICT_DETECTED peer=AMR-02 type=INTERSECTION node=(22, 9) safe_wait=(22, 8) DECISION=PROCEED (Higher precedence (60.0 vs 59.8) -> Proceed through (22, 9))
05:15:02.564 [AMR-04] STATE_TRANSITION YIELDING -> MOVING (intent=MOVE)
05:15:02.665 [AMR-04] CONFLICT_DETECTED peer=AMR-02 type=INTERSECTION node=(22, 9) safe_wait=(22, 8) DECISION=YIELD (Lower precedence at intersection (59.9 vs 60.0) -> Safe wait at (22, 8) for AMR-02)
05:15:02.665 [AMR-04] STATE_TRANSITION MOVING -> YIELDING (intent=YIELD)
05:15:02.765 [AMR-04] CONFLICT_DETECTED peer=AMR-02 type=INTERSECTION node=(22, 9) safe_wait=(22, 8) DECISION=PROCEED (Higher precedence (60.1 vs 59.8) -> Proceed through (22, 9))
05:15:02.765 [AMR-04] STATE_TRANSITION YIELDING -> MOVING (intent=MOVE)
05:15:02.866 [AMR-04] CONFLICT_DETECTED peer=AMR-02 type=INTERSECTION node=(22, 9) safe_wait=(22, 8) DECISION=PROCEED (Higher precedence (60.0 vs 59.8) -> Proceed through (22, 9))
05:15:02.967 [AMR-04] STATE_TRANSITION MOVING -> EMERGENCY_STOP (intent=STOP)
05:15:02.968 [AMR-04] SAFETY_STOP min_obstacle_distance=1.14m <= 1.2m
05:15:03.068 [AMR-04] CONFLICT_DETECTED peer=AMR-02 type=INTERSECTION node=(22, 9) safe_wait=(22, 8) DECISION=YIELD (Lower precedence at intersection (59.9 vs 60.2) -> Safe wait at (22, 8) for AMR-02)
05:15:03.068 [AMR-04] STATE_TRANSITION EMERGENCY_STOP -> YIELDING (intent=YIELD)
05:15:03.169 [AMR-04] CONFLICT_DETECTED peer=AMR-02 type=INTERSECTION node=(22, 9) safe_wait=(22, 8) DECISION=YIELD (Lower precedence at intersection (60.1 vs 60.1) -> Safe wait at (22, 8) for AMR-02)
05:15:03.269 [AMR-04] CONFLICT_DETECTED peer=AMR-02 type=INTERSECTION node=(22, 9) safe_wait=(22, 8) DECISION=PROCEED (Higher precedence (60.3 vs 60.1) -> Proceed through (22, 9))
05:15:03.270 [AMR-04] STATE_TRANSITION YIELDING -> MOVING (intent=MOVE)
05:15:03.370 [AMR-04] STATE_TRANSITION MOVING -> EMERGENCY_STOP (intent=STOP)
05:15:03.370 [AMR-04] SAFETY_STOP min_obstacle_distance=1.08m <= 1.2m
05:15:03.471 [AMR-04] CONFLICT_DETECTED peer=AMR-02 type=INTERSECTION node=(22, 9) safe_wait=(22, 8) DECISION=YIELD (Lower precedence at intersection (59.9 vs 60.0) -> Safe wait at (22, 8) for AMR-02)
05:15:03.471 [AMR-04] STATE_TRANSITION EMERGENCY_STOP -> YIELDING (intent=YIELD)
05:15:03.572 [AMR-04] CONFLICT_DETECTED peer=AMR-02 type=INTERSECTION node=(22, 9) safe_wait=(22, 8) DECISION=PROCEED (Higher precedence (60.0 vs 60.0) -> Proceed through (22, 9))
05:15:03.572 [AMR-04] STATE_TRANSITION YIELDING -> MOVING (intent=MOVE)
05:15:03.672 [AMR-04] CONFLICT_DETECTED peer=AMR-02 type=INTERSECTION node=(22, 9) safe_wait=(22, 8) DECISION=YIELD (Lower precedence at intersection (59.9 vs 60.2) -> Safe wait at (22, 8) for AMR-02)
05:15:03.673 [AMR-04] STATE_TRANSITION MOVING -> YIELDING (intent=YIELD)
05:15:03.773 [AMR-04] CONFLICT_DETECTED peer=AMR-02 type=INTERSECTION node=(22, 9) safe_wait=(22, 8) DECISION=PROCEED (Higher precedence (60.1 vs 60.0) -> Proceed through (22, 9))
05:15:03.773 [AMR-04] STATE_TRANSITION YIELDING -> MOVING (intent=MOVE)
05:15:03.873 [AMR-04] CONFLICT_DETECTED peer=AMR-02 type=INTERSECTION node=(22, 9) safe_wait=(22, 8) DECISION=YIELD (Lower precedence at intersection (60.0 vs 60.0) -> Safe wait at (22, 8) for AMR-02)
05:15:03.874 [AMR-04] STATE_TRANSITION MOVING -> YIELDING (intent=YIELD)
05:15:03.974 [AMR-04] CONFLICT_DETECTED peer=AMR-02 type=INTERSECTION node=(22, 9) safe_wait=(22, 8) DECISION=PROCEED (Higher precedence (60.2 vs 59.9) -> Proceed through (22, 9))
05:15:03.974 [AMR-04] STATE_TRANSITION YIELDING -> MOVING (intent=MOVE)
05:15:04.075 [AMR-04] STATE_TRANSITION MOVING -> EMERGENCY_STOP (intent=STOP)
05:15:04.075 [AMR-04] SAFETY_STOP min_obstacle_distance=1.14m <= 1.2m
05:15:04.175 [AMR-04] CONFLICT_DETECTED peer=AMR-02 type=INTERSECTION node=(22, 9) safe_wait=(22, 8) DECISION=YIELD (Lower precedence at intersection (60.1 vs 60.1) -> Safe wait at (22, 8) for AMR-02)
05:15:04.175 [AMR-04] STATE_TRANSITION EMERGENCY_STOP -> YIELDING (intent=YIELD)
05:15:04.275 [AMR-04] CONFLICT_DETECTED peer=AMR-02 type=INTERSECTION node=(22, 9) safe_wait=(22, 8) DECISION=YIELD (Lower precedence at intersection (60.3 vs 60.3) -> Safe wait at (22, 8) for AMR-02)
05:15:04.376 [AMR-04] CONFLICT_DETECTED peer=AMR-02 type=INTERSECTION node=(22, 9) safe_wait=(22, 8) DECISION=PROCEED (Higher precedence (60.5 vs 60.2) -> Proceed through (22, 9))
05:15:04.377 [AMR-04] STATE_TRANSITION YIELDING -> MOVING (intent=MOVE)
05:15:04.477 [AMR-04] CONFLICT_DETECTED peer=AMR-02 type=INTERSECTION node=(22, 9) safe_wait=(22, 8) DECISION=YIELD (Lower precedence at intersection (60.0 vs 60.2) -> Safe wait at (22, 8) for AMR-02)
05:15:04.478 [AMR-04] STATE_TRANSITION MOVING -> YIELDING (intent=YIELD)
05:15:04.578 [AMR-04] CONFLICT_DETECTED peer=AMR-02 type=INTERSECTION node=(22, 9) safe_wait=(22, 8) DECISION=PROCEED (Higher precedence (60.2 vs 60.2) -> Proceed through (22, 9))
05:15:04.578 [AMR-04] STATE_TRANSITION YIELDING -> MOVING (intent=MOVE)
05:15:04.679 [AMR-04] CONFLICT_DETECTED peer=AMR-02 type=INTERSECTION node=(22, 9) safe_wait=(22, 8) DECISION=YIELD (Lower precedence at intersection (60.1 vs 60.4) -> Safe wait at (22, 8) for AMR-02)
05:15:04.679 [AMR-04] STATE_TRANSITION MOVING -> YIELDING (intent=YIELD)
05:15:04.779 [AMR-04] CONFLICT_DETECTED peer=AMR-02 type=INTERSECTION node=(22, 9) safe_wait=(22, 8) DECISION=PROCEED (Higher precedence (60.3 vs 60.2) -> Proceed through (22, 9))
05:15:04.779 [AMR-04] STATE_TRANSITION YIELDING -> MOVING (intent=MOVE)
05:15:04.880 [AMR-04] CONFLICT_DETECTED peer=AMR-02 type=INTERSECTION node=(22, 9) safe_wait=(22, 8) DECISION=YIELD (Lower precedence at intersection (60.2 vs 60.2) -> Safe wait at (22, 8) for AMR-02)
05:15:04.880 [AMR-04] STATE_TRANSITION MOVING -> YIELDING (intent=YIELD)
05:15:04.980 [AMR-04] CONFLICT_DETECTED peer=AMR-02 type=INTERSECTION node=(22, 9) safe_wait=(22, 8) DECISION=PROCEED (Higher precedence (60.4 vs 60.1) -> Proceed through (22, 9))
05:15:04.981 [AMR-04] STATE_TRANSITION YIELDING -> MOVING (intent=MOVE)
05:15:05.081 [AMR-04] STATE_TRANSITION MOVING -> EMERGENCY_STOP (intent=STOP)
05:15:05.081 [AMR-04] SAFETY_STOP min_obstacle_distance=1.14m <= 1.2m
05:15:05.181 [AMR-04] CONFLICT_DETECTED peer=AMR-02 type=INTERSECTION node=(22, 9) safe_wait=(22, 8) DECISION=YIELD (Lower precedence at intersection (60.3 vs 60.3) -> Safe wait at (22, 8) for AMR-02)
05:15:05.181 [AMR-04] STATE_TRANSITION EMERGENCY_STOP -> YIELDING (intent=YIELD)
05:15:05.282 [AMR-04] CONFLICT_DETECTED peer=AMR-02 type=INTERSECTION node=(22, 9) safe_wait=(22, 8) DECISION=YIELD (Lower precedence at intersection (60.5 vs 60.5) -> Safe wait at (22, 8) for AMR-02)
05:15:05.382 [AMR-04] CONFLICT_DETECTED peer=AMR-02 type=INTERSECTION node=(22, 9) safe_wait=(22, 8) DECISION=PROCEED (Higher precedence (60.7 vs 60.4) -> Proceed through (22, 9))
05:15:05.382 [AMR-04] STATE_TRANSITION YIELDING -> MOVING (intent=MOVE)
05:15:05.482 [AMR-04] CONFLICT_DETECTED peer=AMR-02 type=INTERSECTION node=(22, 9) safe_wait=(22, 8) DECISION=YIELD (Lower precedence at intersection (60.2 vs 60.4) -> Safe wait at (22, 8) for AMR-02)
05:15:05.483 [AMR-04] STATE_TRANSITION MOVING -> YIELDING (intent=YIELD)
05:15:05.584 [AMR-04] CONFLICT_DETECTED peer=AMR-02 type=INTERSECTION node=(22, 9) safe_wait=(22, 8) DECISION=PROCEED (Higher precedence (60.5 vs 60.4) -> Proceed through (22, 9))
05:15:05.584 [AMR-04] STATE_TRANSITION YIELDING -> MOVING (intent=MOVE)
05:15:05.684 [AMR-04] CONFLICT_DETECTED peer=AMR-02 type=INTERSECTION node=(22, 9) safe_wait=(22, 8) DECISION=YIELD (Lower precedence at intersection (60.3 vs 60.6) -> Safe wait at (22, 8) for AMR-02)
05:15:05.685 [AMR-04] STATE_TRANSITION MOVING -> YIELDING (intent=YIELD)
05:15:05.784 [AMR-04] CONFLICT_DETECTED peer=AMR-02 type=INTERSECTION node=(22, 9) safe_wait=(22, 8) DECISION=PROCEED (Higher precedence (60.5 vs 60.4) -> Proceed through (22, 9))
05:15:05.785 [AMR-04] STATE_TRANSITION YIELDING -> MOVING (intent=MOVE)
05:15:05.885 [AMR-04] CONFLICT_DETECTED peer=AMR-02 type=INTERSECTION node=(22, 9) safe_wait=(22, 8) DECISION=YIELD (Lower precedence at intersection (60.4 vs 60.4) -> Safe wait at (22, 8) for AMR-02)
05:15:05.885 [AMR-04] STATE_TRANSITION MOVING -> YIELDING (intent=YIELD)
05:15:05.986 [AMR-04] CONFLICT_DETECTED peer=AMR-02 type=INTERSECTION node=(22, 9) safe_wait=(22, 8) DECISION=PROCEED (Higher precedence (60.6 vs 60.3) -> Proceed through (22, 9))
05:15:05.986 [AMR-04] STATE_TRANSITION YIELDING -> MOVING (intent=MOVE)
05:15:06.086 [AMR-04] STATE_TRANSITION MOVING -> EMERGENCY_STOP (intent=STOP)
05:15:06.086 [AMR-04] SAFETY_STOP min_obstacle_distance=1.14m <= 1.2m
05:15:06.187 [AMR-04] CONFLICT_DETECTED peer=AMR-02 type=INTERSECTION node=(22, 9) safe_wait=(22, 8) DECISION=YIELD (Lower precedence at intersection (60.5 vs 60.5) -> Safe wait at (22, 8) for AMR-02)
05:15:06.187 [AMR-04] STATE_TRANSITION EMERGENCY_STOP -> YIELDING (intent=YIELD)
05:15:06.287 [AMR-04] CONFLICT_DETECTED peer=AMR-02 type=INTERSECTION node=(22, 9) safe_wait=(22, 8) DECISION=YIELD (Lower precedence at intersection (60.7 vs 60.7) -> Safe wait at (22, 8) for AMR-02)
05:15:06.388 [AMR-04] CONFLICT_DETECTED peer=AMR-02 type=INTERSECTION node=(22, 9) safe_wait=(22, 8) DECISION=PROCEED (Higher precedence (60.9 vs 60.6) -> Proceed through (22, 9))
05:15:06.388 [AMR-04] STATE_TRANSITION YIELDING -> MOVING (intent=MOVE)
05:15:06.489 [AMR-04] CONFLICT_DETECTED peer=AMR-02 type=INTERSECTION node=(22, 9) safe_wait=(22, 8) DECISION=YIELD (Lower precedence at intersection (60.5 vs 60.6) -> Safe wait at (22, 8) for AMR-02)
05:15:06.489 [AMR-04] STATE_TRANSITION MOVING -> YIELDING (intent=YIELD)
05:15:06.590 [AMR-04] CONFLICT_DETECTED peer=AMR-02 type=INTERSECTION node=(22, 9) safe_wait=(22, 8) DECISION=PROCEED (Higher precedence (60.6 vs 60.6) -> Proceed through (22, 9))
05:15:06.590 [AMR-04] STATE_TRANSITION YIELDING -> MOVING (intent=MOVE)
05:15:06.690 [AMR-04] CONFLICT_DETECTED peer=AMR-02 type=INTERSECTION node=(22, 9) safe_wait=(22, 8) DECISION=YIELD (Lower precedence at intersection (60.5 vs 60.8) -> Safe wait at (22, 8) for AMR-02)
05:15:06.690 [AMR-04] STATE_TRANSITION MOVING -> YIELDING (intent=YIELD)
05:15:06.791 [AMR-04] CONFLICT_DETECTED peer=AMR-02 type=INTERSECTION node=(22, 9) safe_wait=(22, 8) DECISION=PROCEED (Higher precedence (60.7 vs 60.6) -> Proceed through (22, 9))
05:15:06.792 [AMR-04] STATE_TRANSITION YIELDING -> MOVING (intent=MOVE)
05:15:06.892 [AMR-04] CONFLICT_DETECTED peer=AMR-02 type=INTERSECTION node=(22, 9) safe_wait=(22, 8) DECISION=YIELD (Lower precedence at intersection (60.6 vs 60.6) -> Safe wait at (22, 8) for AMR-02)
05:15:06.892 [AMR-04] STATE_TRANSITION MOVING -> YIELDING (intent=YIELD)
05:15:06.992 [AMR-04] CONFLICT_DETECTED peer=AMR-02 type=INTERSECTION node=(22, 9) safe_wait=(22, 8) DECISION=PROCEED (Higher precedence (60.8 vs 60.5) -> Proceed through (22, 9))
05:15:06.992 [AMR-04] STATE_TRANSITION YIELDING -> MOVING (intent=MOVE)
05:15:07.092 [AMR-04] STATE_TRANSITION MOVING -> EMERGENCY_STOP (intent=STOP)
05:15:07.092 [AMR-04] SAFETY_STOP min_obstacle_distance=1.14m <= 1.2m
05:15:07.193 [AMR-04] CONFLICT_DETECTED peer=AMR-02 type=INTERSECTION node=(22, 9) safe_wait=(22, 8) DECISION=YIELD (Lower precedence at intersection (60.7 vs 60.7) -> Safe wait at (22, 8) for AMR-02)
05:15:07.193 [AMR-04] STATE_TRANSITION EMERGENCY_STOP -> YIELDING (intent=YIELD)
05:15:07.294 [AMR-04] CONFLICT_DETECTED peer=AMR-02 type=INTERSECTION node=(22, 9) safe_wait=(22, 8) DECISION=YIELD (Lower precedence at intersection (60.9 vs 60.9) -> Safe wait at (22, 8) for AMR-02)
05:15:07.395 [AMR-04] CONFLICT_DETECTED peer=AMR-02 type=INTERSECTION node=(22, 9) safe_wait=(22, 8) DECISION=PROCEED (Higher precedence (61.1 vs 60.8) -> Proceed through (22, 9))
05:15:07.395 [AMR-04] STATE_TRANSITION YIELDING -> MOVING (intent=MOVE)
05:15:07.496 [AMR-04] CONFLICT_DETECTED peer=AMR-02 type=INTERSECTION node=(22, 9) safe_wait=(22, 8) DECISION=YIELD (Lower precedence at intersection (60.6 vs 60.8) -> Safe wait at (22, 8) for AMR-02)
05:15:07.496 [AMR-04] STATE_TRANSITION MOVING -> YIELDING (intent=YIELD)
05:15:07.597 [AMR-04] CONFLICT_DETECTED peer=AMR-02 type=INTERSECTION node=(22, 9) safe_wait=(22, 8) DECISION=PROCEED (Higher precedence (60.9 vs 60.8) -> Proceed through (22, 9))
05:15:07.597 [AMR-04] STATE_TRANSITION YIELDING -> MOVING (intent=MOVE)
05:15:07.697 [AMR-04] CONFLICT_DETECTED peer=AMR-02 type=INTERSECTION node=(22, 9) safe_wait=(22, 8) DECISION=YIELD (Lower precedence at intersection (60.7 vs 61.0) -> Safe wait at (22, 8) for AMR-02)
05:15:07.697 [AMR-04] STATE_TRANSITION MOVING -> YIELDING (intent=YIELD)
05:15:07.798 [AMR-04] CONFLICT_DETECTED peer=AMR-02 type=INTERSECTION node=(22, 9) safe_wait=(22, 8) DECISION=PROCEED (Higher precedence (60.9 vs 60.8) -> Proceed through (22, 9))
05:15:07.798 [AMR-04] STATE_TRANSITION YIELDING -> MOVING (intent=MOVE)
05:15:07.899 [AMR-04] CONFLICT_DETECTED peer=AMR-02 type=INTERSECTION node=(22, 9) safe_wait=(22, 8) DECISION=YIELD (Lower precedence at intersection (60.8 vs 60.8) -> Safe wait at (22, 8) for AMR-02)
05:15:07.900 [AMR-04] STATE_TRANSITION MOVING -> YIELDING (intent=YIELD)
05:15:08.000 [AMR-04] CONFLICT_DETECTED peer=AMR-02 type=INTERSECTION node=(22, 9) safe_wait=(22, 8) DECISION=PROCEED (Higher precedence (61.0 vs 60.7) -> Proceed through (22, 9))
05:15:08.000 [AMR-04] STATE_TRANSITION YIELDING -> MOVING (intent=MOVE)
05:15:08.100 [AMR-04] STATE_TRANSITION MOVING -> EMERGENCY_STOP (intent=STOP)
05:15:08.101 [AMR-04] SAFETY_STOP min_obstacle_distance=1.14m <= 1.2m
05:15:08.202 [AMR-04] CONFLICT_DETECTED peer=AMR-02 type=INTERSECTION node=(22, 9) safe_wait=(22, 8) DECISION=YIELD (Lower precedence at intersection (60.9 vs 60.9) -> Safe wait at (22, 8) for AMR-02)
05:15:08.202 [AMR-04] STATE_TRANSITION EMERGENCY_STOP -> YIELDING (intent=YIELD)
05:15:08.302 [AMR-04] CONFLICT_DETECTED peer=AMR-02 type=INTERSECTION node=(22, 9) safe_wait=(22, 8) DECISION=YIELD (Lower precedence at intersection (61.1 vs 61.1) -> Safe wait at (22, 8) for AMR-02)
05:15:08.402 [AMR-04] CONFLICT_DETECTED peer=AMR-02 type=INTERSECTION node=(22, 9) safe_wait=(22, 8) DECISION=PROCEED (Higher precedence (61.3 vs 61.0) -> Proceed through (22, 9))
05:15:08.403 [AMR-04] STATE_TRANSITION YIELDING -> MOVING (intent=MOVE)
05:15:08.503 [AMR-04] STATE_TRANSITION MOVING -> EMERGENCY_STOP (intent=STOP)
05:15:08.503 [AMR-04] SAFETY_STOP min_obstacle_distance=1.00m <= 1.2m
05:15:08.604 [AMR-04] CONFLICT_DETECTED peer=AMR-02 type=INTERSECTION node=(22, 9) safe_wait=(22, 8) DECISION=PROCEED (Higher precedence (61.4 vs 61.0) -> Proceed through (22, 9))
05:15:08.605 [AMR-04] STATE_TRANSITION EMERGENCY_STOP -> MOVING (intent=MOVE)
05:15:08.705 [AMR-04] STATE_TRANSITION MOVING -> EMERGENCY_STOP (intent=STOP)
05:15:08.705 [AMR-04] SAFETY_STOP min_obstacle_distance=1.01m <= 1.2m
05:15:08.806 [AMR-04] CONFLICT_DETECTED peer=AMR-02 type=INTERSECTION node=(22, 9) safe_wait=(22, 8) DECISION=YIELD (Lower precedence at intersection (61.2 vs 61.4) -> Safe wait at (22, 8) for AMR-02)
05:15:08.806 [AMR-04] STATE_TRANSITION EMERGENCY_STOP -> YIELDING (intent=YIELD)
05:15:08.908 [AMR-04] CONFLICT_DETECTED peer=AMR-02 type=INTERSECTION node=(22, 9) safe_wait=(22, 8) DECISION=PROCEED (Higher precedence (61.4 vs 61.2) -> Proceed through (22, 9))
05:15:08.908 [AMR-04] STATE_TRANSITION YIELDING -> MOVING (intent=MOVE)
05:15:09.008 [AMR-04] STATE_TRANSITION MOVING -> EMERGENCY_STOP (intent=STOP)
05:15:09.008 [AMR-04] SAFETY_STOP min_obstacle_distance=1.04m <= 1.2m
05:15:09.109 [AMR-04] CONFLICT_DETECTED peer=AMR-02 type=INTERSECTION node=(22, 9) safe_wait=(22, 8) DECISION=PROCEED (Higher precedence (61.3 vs 61.1) -> Proceed through (22, 9))
05:15:09.109 [AMR-04] STATE_TRANSITION EMERGENCY_STOP -> MOVING (intent=MOVE)
05:15:09.209 [AMR-04] STATE_TRANSITION MOVING -> EMERGENCY_STOP (intent=STOP)
05:15:09.211 [AMR-04] SAFETY_STOP min_obstacle_distance=1.10m <= 1.2m
05:15:09.309 [AMR-04] CONFLICT_DETECTED peer=AMR-02 type=INTERSECTION node=(22, 9) safe_wait=(22, 8) DECISION=YIELD (Lower precedence at intersection (61.2 vs 61.3) -> Safe wait at (22, 8) for AMR-02)
05:15:09.309 [AMR-04] STATE_TRANSITION EMERGENCY_STOP -> YIELDING (intent=YIELD)
05:15:09.410 [AMR-04] CONFLICT_DETECTED peer=AMR-02 type=INTERSECTION node=(22, 9) safe_wait=(22, 8) DECISION=YIELD (Lower precedence at intersection (61.4 vs 61.5) -> Safe wait at (22, 8) for AMR-02)
05:15:09.512 [AMR-04] CONFLICT_DETECTED peer=AMR-02 type=INTERSECTION node=(22, 9) safe_wait=(22, 8) DECISION=YIELD (Lower precedence at intersection (61.4 vs 61.4) -> Safe wait at (22, 8) for AMR-02)
05:15:09.612 [AMR-04] CONFLICT_DETECTED peer=AMR-02 type=INTERSECTION node=(22, 9) safe_wait=(22, 8) DECISION=PROCEED (Higher precedence (61.6 vs 61.2) -> Proceed through (22, 9))
05:15:09.612 [AMR-04] STATE_TRANSITION YIELDING -> MOVING (intent=MOVE)
05:15:09.712 [AMR-04] STATE_TRANSITION MOVING -> EMERGENCY_STOP (intent=STOP)
05:15:09.713 [AMR-04] SAFETY_STOP min_obstacle_distance=1.01m <= 1.2m
05:15:09.814 [AMR-04] CONFLICT_DETECTED peer=AMR-02 type=INTERSECTION node=(22, 9) safe_wait=(22, 8) DECISION=YIELD (Lower precedence at intersection (61.4 vs 61.6) -> Safe wait at (22, 8) for AMR-02)
05:15:09.814 [AMR-04] STATE_TRANSITION EMERGENCY_STOP -> YIELDING (intent=YIELD)
05:15:09.915 [AMR-04] CONFLICT_DETECTED peer=AMR-02 type=INTERSECTION node=(22, 9) safe_wait=(22, 8) DECISION=YIELD (Lower precedence at intersection (61.6 vs 61.8) -> Safe wait at (22, 8) for AMR-02)
05:15:10.016 [AMR-04] CONFLICT_DETECTED peer=AMR-02 type=INTERSECTION node=(22, 9) safe_wait=(22, 8) DECISION=PROCEED (Higher precedence (61.8 vs 61.6) -> Proceed through (22, 9))
05:15:10.017 [AMR-04] STATE_TRANSITION YIELDING -> MOVING (intent=MOVE)
05:15:10.116 [AMR-04] STATE_TRANSITION MOVING -> EMERGENCY_STOP (intent=STOP)
05:15:10.116 [AMR-04] SAFETY_STOP min_obstacle_distance=1.04m <= 1.2m
05:15:10.216 [AMR-04] CONFLICT_DETECTED peer=AMR-02 type=INTERSECTION node=(22, 9) safe_wait=(22, 8) DECISION=PROCEED (Higher precedence (61.7 vs 61.5) -> Proceed through (22, 9))
05:15:10.217 [AMR-04] STATE_TRANSITION EMERGENCY_STOP -> MOVING (intent=MOVE)
05:15:10.317 [AMR-04] STATE_TRANSITION MOVING -> EMERGENCY_STOP (intent=STOP)
05:15:10.317 [AMR-04] SAFETY_STOP min_obstacle_distance=1.10m <= 1.2m
05:15:10.417 [AMR-04] CONFLICT_DETECTED peer=AMR-02 type=INTERSECTION node=(22, 9) safe_wait=(22, 8) DECISION=YIELD (Lower precedence at intersection (61.6 vs 61.7) -> Safe wait at (22, 8) for AMR-02)
05:15:10.417 [AMR-04] STATE_TRANSITION EMERGENCY_STOP -> YIELDING (intent=YIELD)
05:15:10.517 [AMR-04] CONFLICT_DETECTED peer=AMR-02 type=INTERSECTION node=(22, 9) safe_wait=(22, 8) DECISION=YIELD (Lower precedence at intersection (61.6 vs 61.9) -> Safe wait at (22, 8) for AMR-02)
05:15:10.618 [AMR-04] CONFLICT_DETECTED peer=AMR-02 type=INTERSECTION node=(22, 9) safe_wait=(22, 8) DECISION=PROCEED (Higher precedence (61.8 vs 61.6) -> Proceed through (22, 9))
05:15:10.619 [AMR-04] STATE_TRANSITION YIELDING -> MOVING (intent=MOVE)
05:15:10.718 [AMR-04] STATE_TRANSITION MOVING -> EMERGENCY_STOP (intent=STOP)
05:15:10.718 [AMR-04] SAFETY_STOP min_obstacle_distance=1.01m <= 1.2m
05:15:10.819 [AMR-04] CONFLICT_DETECTED peer=AMR-02 type=INTERSECTION node=(22, 9) safe_wait=(22, 8) DECISION=YIELD (Lower precedence at intersection (61.6 vs 61.8) -> Safe wait at (22, 8) for AMR-02)
05:15:10.819 [AMR-04] STATE_TRANSITION EMERGENCY_STOP -> YIELDING (intent=YIELD)
05:15:10.919 [AMR-04] CONFLICT_DETECTED peer=AMR-02 type=INTERSECTION node=(22, 9) safe_wait=(22, 8) DECISION=PROCEED (Higher precedence (61.8 vs 61.6) -> Proceed through (22, 9))
05:15:10.919 [AMR-04] STATE_TRANSITION YIELDING -> MOVING (intent=MOVE)
05:15:11.020 [AMR-04] STATE_TRANSITION MOVING -> EMERGENCY_STOP (intent=STOP)
05:15:11.020 [AMR-04] SAFETY_STOP min_obstacle_distance=1.04m <= 1.2m
05:15:11.121 [AMR-04] CONFLICT_DETECTED peer=AMR-02 type=INTERSECTION node=(22, 9) safe_wait=(22, 8) DECISION=YIELD (Lower precedence at intersection (61.7 vs 61.8) -> Safe wait at (22, 8) for AMR-02)
05:15:11.121 [AMR-04] STATE_TRANSITION EMERGENCY_STOP -> YIELDING (intent=YIELD)
05:15:11.222 [AMR-04] CONFLICT_DETECTED peer=AMR-02 type=INTERSECTION node=(22, 9) safe_wait=(22, 8) DECISION=PROCEED (Higher precedence (61.9 vs 61.7) -> Proceed through (22, 9))
05:15:11.222 [AMR-04] STATE_TRANSITION YIELDING -> MOVING (intent=MOVE)
05:15:11.323 [AMR-04] STATE_TRANSITION MOVING -> EMERGENCY_STOP (intent=STOP)
05:15:11.323 [AMR-04] SAFETY_STOP min_obstacle_distance=1.10m <= 1.2m
05:15:11.424 [AMR-04] CONFLICT_DETECTED peer=AMR-02 type=INTERSECTION node=(22, 9) safe_wait=(22, 8) DECISION=YIELD (Lower precedence at intersection (61.8 vs 61.9) -> Safe wait at (22, 8) for AMR-02)
05:15:11.424 [AMR-04] STATE_TRANSITION EMERGENCY_STOP -> YIELDING (intent=YIELD)
05:15:11.524 [AMR-04] CONFLICT_DETECTED peer=AMR-02 type=INTERSECTION node=(22, 9) safe_wait=(22, 8) DECISION=YIELD (Lower precedence at intersection (61.8 vs 62.1) -> Safe wait at (22, 8) for AMR-02)
05:15:11.625 [AMR-04] CONFLICT_DETECTED peer=AMR-02 type=INTERSECTION node=(22, 9) safe_wait=(22, 8) DECISION=YIELD (Lower precedence at intersection (62.0 vs 62.2) -> Safe wait at (22, 8) for AMR-02)
05:15:11.726 [AMR-04] CONFLICT_DETECTED peer=AMR-02 type=INTERSECTION node=(22, 9) safe_wait=(22, 8) DECISION=YIELD (Lower precedence at intersection (62.2 vs 62.2) -> Safe wait at (22, 8) for AMR-02)
05:15:11.826 [AMR-04] CONFLICT_DETECTED peer=AMR-02 type=INTERSECTION node=(22, 9) safe_wait=(22, 8) DECISION=PROCEED (Higher precedence (62.4 vs 62.1) -> Proceed through (22, 9))
05:15:11.826 [AMR-04] STATE_TRANSITION YIELDING -> MOVING (intent=MOVE)
05:15:11.927 [AMR-04] STATE_TRANSITION MOVING -> EMERGENCY_STOP (intent=STOP)
05:15:11.927 [AMR-04] SAFETY_STOP min_obstacle_distance=1.01m <= 1.2m
05:15:12.028 [AMR-04] CONFLICT_DETECTED peer=AMR-02 type=INTERSECTION node=(22, 9) safe_wait=(22, 8) DECISION=YIELD (Lower precedence at intersection (62.2 vs 62.3) -> Safe wait at (22, 8) for AMR-02)
05:15:12.029 [AMR-04] STATE_TRANSITION EMERGENCY_STOP -> YIELDING (intent=YIELD)
05:15:12.129 [AMR-04] CONFLICT_DETECTED peer=AMR-02 type=INTERSECTION node=(22, 9) safe_wait=(22, 8) DECISION=YIELD (Lower precedence at intersection (62.4 vs 62.5) -> Safe wait at (22, 8) for AMR-02)
05:15:12.230 [AMR-04] CONFLICT_DETECTED peer=AMR-02 type=INTERSECTION node=(22, 9) safe_wait=(22, 8) DECISION=PROCEED (Higher precedence (62.6 vs 62.4) -> Proceed through (22, 9))
05:15:12.230 [AMR-04] STATE_TRANSITION YIELDING -> MOVING (intent=MOVE)
05:15:12.330 [AMR-04] STATE_TRANSITION MOVING -> EMERGENCY_STOP (intent=STOP)
05:15:12.330 [AMR-04] SAFETY_STOP min_obstacle_distance=1.04m <= 1.2m
05:15:12.430 [AMR-04] CONFLICT_DETECTED peer=AMR-02 type=INTERSECTION node=(22, 9) safe_wait=(22, 8) DECISION=YIELD (Lower precedence at intersection (62.5 vs 62.6) -> Safe wait at (22, 8) for AMR-02)
05:15:12.430 [AMR-04] STATE_TRANSITION EMERGENCY_STOP -> YIELDING (intent=YIELD)
05:15:12.530 [AMR-04] CONFLICT_DETECTED peer=AMR-02 type=INTERSECTION node=(22, 9) safe_wait=(22, 8) DECISION=YIELD (Lower precedence at intersection (62.6 vs 62.8) -> Safe wait at (22, 8) for AMR-02)
05:15:12.631 [AMR-04] CONFLICT_DETECTED peer=AMR-02 type=INTERSECTION node=(22, 9) safe_wait=(22, 8) DECISION=PROCEED (Higher precedence (62.8 vs 62.5) -> Proceed through (22, 9))
05:15:12.631 [AMR-04] STATE_TRANSITION YIELDING -> MOVING (intent=MOVE)
05:15:12.732 [AMR-04] STATE_TRANSITION MOVING -> EMERGENCY_STOP (intent=STOP)
05:15:12.733 [AMR-04] SAFETY_STOP min_obstacle_distance=1.01m <= 1.2m
05:15:12.832 [AMR-04] CONFLICT_DETECTED peer=AMR-02 type=INTERSECTION node=(22, 9) safe_wait=(22, 8) DECISION=YIELD (Lower precedence at intersection (62.6 vs 62.6) -> Safe wait at (22, 8) for AMR-02)
05:15:12.832 [AMR-04] STATE_TRANSITION EMERGENCY_STOP -> YIELDING (intent=YIELD)
05:15:12.933 [AMR-04] CONFLICT_DETECTED peer=AMR-02 type=INTERSECTION node=(22, 9) safe_wait=(22, 8) DECISION=YIELD (Lower precedence at intersection (62.8 vs 62.9) -> Safe wait at (22, 8) for AMR-02)
05:15:13.035 [AMR-04] CONFLICT_DETECTED peer=AMR-02 type=INTERSECTION node=(22, 9) safe_wait=(22, 8) DECISION=PROCEED (Higher precedence (63.0 vs 62.7) -> Proceed through (22, 9))
05:15:13.035 [AMR-04] STATE_TRANSITION YIELDING -> MOVING (intent=MOVE)
05:15:13.135 [AMR-04] STATE_TRANSITION MOVING -> EMERGENCY_STOP (intent=STOP)
05:15:13.135 [AMR-04] SAFETY_STOP min_obstacle_distance=1.04m <= 1.2m
05:15:13.236 [AMR-04] CONFLICT_DETECTED peer=AMR-02 type=INTERSECTION node=(22, 9) safe_wait=(22, 8) DECISION=YIELD (Lower precedence at intersection (62.9 vs 62.9) -> Safe wait at (22, 8) for AMR-02)
05:15:13.236 [AMR-04] STATE_TRANSITION EMERGENCY_STOP -> YIELDING (intent=YIELD)
05:15:13.336 [AMR-04] CONFLICT_DETECTED peer=AMR-02 type=INTERSECTION node=(22, 9) safe_wait=(22, 8) DECISION=YIELD (Lower precedence at intersection (63.1 vs 63.1) -> Safe wait at (22, 8) for AMR-02)
05:15:13.438 [AMR-04] CONFLICT_DETECTED peer=AMR-02 type=INTERSECTION node=(22, 9) safe_wait=(22, 8) DECISION=PROCEED (Higher precedence (63.3 vs 63.0) -> Proceed through (22, 9))
05:15:13.439 [AMR-04] STATE_TRANSITION YIELDING -> MOVING (intent=MOVE)
05:15:13.537 [AMR-04] STATE_TRANSITION MOVING -> EMERGENCY_STOP (intent=STOP)
05:15:13.537 [AMR-04] SAFETY_STOP min_obstacle_distance=1.00m <= 1.2m
05:15:13.638 [AMR-04] CONFLICT_DETECTED peer=AMR-02 type=INTERSECTION node=(22, 9) safe_wait=(22, 8) DECISION=YIELD (Lower precedence at intersection (63.0 vs 63.0) -> Safe wait at (22, 8) for AMR-02)
05:15:13.638 [AMR-04] STATE_TRANSITION EMERGENCY_STOP -> YIELDING (intent=YIELD)
05:15:13.739 [AMR-04] CONFLICT_DETECTED peer=AMR-02 type=INTERSECTION node=(22, 9) safe_wait=(22, 8) DECISION=YIELD (Lower precedence at intersection (63.2 vs 63.2) -> Safe wait at (22, 8) for AMR-02)
05:15:13.840 [AMR-04] CONFLICT_DETECTED peer=AMR-02 type=INTERSECTION node=(22, 9) safe_wait=(22, 8) DECISION=PROCEED (Higher precedence (63.4 vs 63.1) -> Proceed through (22, 9))
05:15:13.840 [AMR-04] STATE_TRANSITION YIELDING -> MOVING (intent=MOVE)
05:15:13.940 [AMR-04] STATE_TRANSITION MOVING -> EMERGENCY_STOP (intent=STOP)
05:15:13.940 [AMR-04] SAFETY_STOP min_obstacle_distance=1.01m <= 1.2m
05:15:14.041 [AMR-04] CONFLICT_DETECTED peer=AMR-02 type=INTERSECTION node=(22, 9) safe_wait=(22, 8) DECISION=YIELD (Lower precedence at intersection (63.2 vs 63.3) -> Safe wait at (22, 8) for AMR-02)
05:15:14.041 [AMR-04] STATE_TRANSITION EMERGENCY_STOP -> YIELDING (intent=YIELD)
05:15:14.142 [AMR-04] CONFLICT_DETECTED peer=AMR-02 type=INTERSECTION node=(22, 9) safe_wait=(22, 8) DECISION=YIELD (Lower precedence at intersection (63.5 vs 63.5) -> Safe wait at (22, 8) for AMR-02)
05:15:14.242 [AMR-04] CONFLICT_DETECTED peer=AMR-02 type=INTERSECTION node=(22, 9) safe_wait=(22, 8) DECISION=PROCEED (Higher precedence (63.6 vs 63.4) -> Proceed through (22, 9))
05:15:14.245 [AMR-04] STATE_TRANSITION YIELDING -> MOVING (intent=MOVE)
05:15:14.343 [AMR-04] STATE_TRANSITION MOVING -> EMERGENCY_STOP (intent=STOP)
05:15:14.343 [AMR-04] SAFETY_STOP min_obstacle_distance=1.04m <= 1.2m
05:15:14.444 [AMR-04] CONFLICT_DETECTED peer=AMR-02 type=INTERSECTION node=(22, 9) safe_wait=(22, 8) DECISION=YIELD (Lower precedence at intersection (63.5 vs 63.6) -> Safe wait at (22, 8) for AMR-02)
05:15:14.444 [AMR-04] STATE_TRANSITION EMERGENCY_STOP -> YIELDING (intent=YIELD)
05:15:14.544 [AMR-04] CONFLICT_DETECTED peer=AMR-02 type=INTERSECTION node=(22, 9) safe_wait=(22, 8) DECISION=YIELD (Lower precedence at intersection (63.6 vs 63.8) -> Safe wait at (22, 8) for AMR-02)
05:15:14.645 [AMR-04] CONFLICT_DETECTED peer=AMR-02 type=INTERSECTION node=(22, 9) safe_wait=(22, 8) DECISION=PROCEED (Higher precedence (63.8 vs 63.5) -> Proceed through (22, 9))
05:15:14.646 [AMR-04] STATE_TRANSITION YIELDING -> MOVING (intent=MOVE)
05:15:14.745 [AMR-04] STATE_TRANSITION MOVING -> EMERGENCY_STOP (intent=STOP)
05:15:14.745 [AMR-04] SAFETY_STOP min_obstacle_distance=1.01m <= 1.2m
05:15:14.847 [AMR-04] CONFLICT_DETECTED peer=AMR-02 type=INTERSECTION node=(22, 9) safe_wait=(22, 8) DECISION=YIELD (Lower precedence at intersection (63.6 vs 63.6) -> Safe wait at (22, 8) for AMR-02)
05:15:14.847 [AMR-04] STATE_TRANSITION EMERGENCY_STOP -> YIELDING (intent=YIELD)
05:15:14.948 [AMR-04] CONFLICT_DETECTED peer=AMR-02 type=INTERSECTION node=(22, 9) safe_wait=(22, 8) DECISION=YIELD (Lower precedence at intersection (63.9 vs 63.9) -> Safe wait at (22, 8) for AMR-02)
05:15:15.049 [AMR-04] CONFLICT_DETECTED peer=AMR-02 type=INTERSECTION node=(22, 9) safe_wait=(22, 8) DECISION=PROCEED (Higher precedence (64.0 vs 63.7) -> Proceed through (22, 9))
05:15:15.050 [AMR-04] STATE_TRANSITION YIELDING -> MOVING (intent=MOVE)
05:15:15.150 [AMR-04] STATE_TRANSITION MOVING -> EMERGENCY_STOP (intent=STOP)
05:15:15.150 [AMR-04] SAFETY_STOP min_obstacle_distance=1.05m <= 1.2m
05:15:15.251 [AMR-04] CONFLICT_DETECTED peer=AMR-02 type=INTERSECTION node=(22, 9) safe_wait=(22, 8) DECISION=YIELD (Lower precedence at intersection (63.9 vs 64.1) -> Safe wait at (22, 8) for AMR-02)
05:15:15.251 [AMR-04] STATE_TRANSITION EMERGENCY_STOP -> YIELDING (intent=YIELD)
05:15:15.350 [AMR-04] CONFLICT_DETECTED peer=AMR-02 type=INTERSECTION node=(22, 9) safe_wait=(22, 8) DECISION=YIELD (Lower precedence at intersection (64.1 vs 64.1) -> Safe wait at (22, 8) for AMR-02)
05:15:15.451 [AMR-04] CONFLICT_DETECTED peer=AMR-02 type=INTERSECTION node=(22, 9) safe_wait=(22, 8) DECISION=PROCEED (Higher precedence (64.2 vs 64.0) -> Proceed through (22, 9))
05:15:15.451 [AMR-04] STATE_TRANSITION YIELDING -> MOVING (intent=MOVE)
05:15:15.553 [AMR-04] STATE_TRANSITION MOVING -> EMERGENCY_STOP (intent=STOP)
05:15:15.553 [AMR-04] SAFETY_STOP min_obstacle_distance=1.01m <= 1.2m
05:15:15.653 [AMR-04] CONFLICT_DETECTED peer=AMR-02 type=INTERSECTION node=(22, 9) safe_wait=(22, 8) DECISION=YIELD (Lower precedence at intersection (64.0 vs 64.1) -> Safe wait at (22, 8) for AMR-02)
05:15:15.653 [AMR-04] STATE_TRANSITION EMERGENCY_STOP -> YIELDING (intent=YIELD)
05:15:15.754 [AMR-04] CONFLICT_DETECTED peer=AMR-02 type=INTERSECTION node=(22, 9) safe_wait=(22, 8) DECISION=YIELD (Lower precedence at intersection (64.2 vs 64.3) -> Safe wait at (22, 8) for AMR-02)
05:15:15.855 [AMR-04] CONFLICT_DETECTED peer=AMR-02 type=INTERSECTION node=(22, 9) safe_wait=(22, 8) DECISION=PROCEED (Higher precedence (64.5 vs 64.1) -> Proceed through (22, 9))
05:15:15.855 [AMR-04] STATE_TRANSITION YIELDING -> MOVING (intent=MOVE)
05:15:15.956 [AMR-04] STATE_TRANSITION MOVING -> EMERGENCY_STOP (intent=STOP)
05:15:15.956 [AMR-04] SAFETY_STOP min_obstacle_distance=1.04m <= 1.2m
05:15:16.056 [AMR-04] CONFLICT_DETECTED peer=AMR-02 type=INTERSECTION node=(22, 9) safe_wait=(22, 8) DECISION=YIELD (Lower precedence at intersection (64.3 vs 64.3) -> Safe wait at (22, 8) for AMR-02)
05:15:16.056 [AMR-04] STATE_TRANSITION EMERGENCY_STOP -> YIELDING (intent=YIELD)
05:15:16.157 [AMR-04] CONFLICT_DETECTED peer=AMR-02 type=INTERSECTION node=(22, 9) safe_wait=(22, 8) DECISION=YIELD (Lower precedence at intersection (64.5 vs 64.5) -> Safe wait at (22, 8) for AMR-02)
05:15:16.257 [AMR-04] CONFLICT_DETECTED peer=AMR-02 type=INTERSECTION node=(22, 9) safe_wait=(22, 8) DECISION=PROCEED (Higher precedence (64.7 vs 64.4) -> Proceed through (22, 9))
05:15:16.257 [AMR-04] STATE_TRANSITION YIELDING -> MOVING (intent=MOVE)
05:15:16.357 [AMR-04] STATE_TRANSITION MOVING -> EMERGENCY_STOP (intent=STOP)
05:15:16.357 [AMR-04] SAFETY_STOP min_obstacle_distance=1.10m <= 1.2m
05:15:16.458 [AMR-04] CONFLICT_DETECTED peer=AMR-02 type=INTERSECTION node=(22, 9) safe_wait=(22, 8) DECISION=YIELD (Lower precedence at intersection (64.6 vs 64.6) -> Safe wait at (22, 8) for AMR-02)
05:15:16.458 [AMR-04] STATE_TRANSITION EMERGENCY_STOP -> YIELDING (intent=YIELD)
05:15:16.559 [AMR-04] CONFLICT_DETECTED peer=AMR-02 type=INTERSECTION node=(22, 9) safe_wait=(22, 8) DECISION=YIELD (Lower precedence at intersection (64.6 vs 64.8) -> Safe wait at (22, 8) for AMR-02)
05:15:16.660 [AMR-04] CONFLICT_DETECTED peer=AMR-02 type=INTERSECTION node=(22, 9) safe_wait=(22, 8) DECISION=PROCEED (Higher precedence (64.8 vs 64.5) -> Proceed through (22, 9))
05:15:16.661 [AMR-04] STATE_TRANSITION YIELDING -> MOVING (intent=MOVE)
05:15:16.761 [AMR-04] STATE_TRANSITION MOVING -> EMERGENCY_STOP (intent=STOP)
05:15:16.761 [AMR-04] SAFETY_STOP min_obstacle_distance=1.01m <= 1.2m
05:15:16.862 [AMR-04] CONFLICT_DETECTED peer=AMR-02 type=INTERSECTION node=(22, 9) safe_wait=(22, 8) DECISION=YIELD (Lower precedence at intersection (64.7 vs 64.7) -> Safe wait at (22, 8) for AMR-02)
05:15:16.862 [AMR-04] STATE_TRANSITION EMERGENCY_STOP -> YIELDING (intent=YIELD)
05:15:16.962 [AMR-04] CONFLICT_DETECTED peer=AMR-02 type=INTERSECTION node=(22, 9) safe_wait=(22, 8) DECISION=YIELD (Lower precedence at intersection (64.8 vs 64.9) -> Safe wait at (22, 8) for AMR-02)
05:15:17.063 [AMR-04] CONFLICT_DETECTED peer=AMR-02 type=INTERSECTION node=(22, 9) safe_wait=(22, 8) DECISION=PROCEED (Higher precedence (65.0 vs 64.7) -> Proceed through (22, 9))
05:15:17.063 [AMR-04] STATE_TRANSITION YIELDING -> MOVING (intent=MOVE)
05:15:17.163 [AMR-04] STATE_TRANSITION MOVING -> EMERGENCY_STOP (intent=STOP)
05:15:17.164 [AMR-04] SAFETY_STOP min_obstacle_distance=1.04m <= 1.2m
05:15:17.264 [AMR-04] CONFLICT_DETECTED peer=AMR-02 type=INTERSECTION node=(22, 9) safe_wait=(22, 8) DECISION=YIELD (Lower precedence at intersection (64.9 vs 64.9) -> Safe wait at (22, 8) for AMR-02)
05:15:17.264 [AMR-04] STATE_TRANSITION EMERGENCY_STOP -> YIELDING (intent=YIELD)
05:15:17.365 [AMR-04] CONFLICT_DETECTED peer=AMR-02 type=INTERSECTION node=(22, 9) safe_wait=(22, 8) DECISION=YIELD (Lower precedence at intersection (65.1 vs 65.1) -> Safe wait at (22, 8) for AMR-02)
05:15:17.465 [AMR-04] CONFLICT_DETECTED peer=AMR-02 type=INTERSECTION node=(22, 9) safe_wait=(22, 8) DECISION=PROCEED (Higher precedence (65.2 vs 65.0) -> Proceed through (22, 9))
05:15:17.465 [AMR-04] STATE_TRANSITION YIELDING -> MOVING (intent=MOVE)
05:15:17.566 [AMR-04] STATE_TRANSITION MOVING -> EMERGENCY_STOP (intent=STOP)
05:15:17.566 [AMR-04] SAFETY_STOP min_obstacle_distance=1.01m <= 1.2m
05:15:17.666 [AMR-04] CONFLICT_DETECTED peer=AMR-02 type=INTERSECTION node=(22, 9) safe_wait=(22, 8) DECISION=YIELD (Lower precedence at intersection (65.0 vs 65.1) -> Safe wait at (22, 8) for AMR-02)
05:15:17.666 [AMR-04] STATE_TRANSITION EMERGENCY_STOP -> YIELDING (intent=YIELD)
05:15:17.767 [AMR-04] CONFLICT_DETECTED peer=AMR-02 type=INTERSECTION node=(22, 9) safe_wait=(22, 8) DECISION=YIELD (Lower precedence at intersection (65.2 vs 65.3) -> Safe wait at (22, 8) for AMR-02)
05:15:17.867 [AMR-04] CONFLICT_DETECTED peer=AMR-02 type=INTERSECTION node=(22, 9) safe_wait=(22, 8) DECISION=PROCEED (Higher precedence (65.5 vs 65.1) -> Proceed through (22, 9))
05:15:17.867 [AMR-04] STATE_TRANSITION YIELDING -> MOVING (intent=MOVE)
05:15:17.968 [AMR-04] STATE_TRANSITION MOVING -> EMERGENCY_STOP (intent=STOP)
05:15:17.968 [AMR-04] SAFETY_STOP min_obstacle_distance=1.04m <= 1.2m
05:15:18.069 [AMR-04] CONFLICT_DETECTED peer=AMR-02 type=INTERSECTION node=(22, 9) safe_wait=(22, 8) DECISION=YIELD (Lower precedence at intersection (65.3 vs 65.3) -> Safe wait at (22, 8) for AMR-02)
05:15:18.069 [AMR-04] STATE_TRANSITION EMERGENCY_STOP -> YIELDING (intent=YIELD)
05:15:18.170 [AMR-04] CONFLICT_DETECTED peer=AMR-02 type=INTERSECTION node=(22, 9) safe_wait=(22, 8) DECISION=YIELD (Lower precedence at intersection (65.5 vs 65.5) -> Safe wait at (22, 8) for AMR-02)
05:15:18.270 [AMR-04] CONFLICT_DETECTED peer=AMR-02 type=INTERSECTION node=(22, 9) safe_wait=(22, 8) DECISION=PROCEED (Higher precedence (65.7 vs 65.4) -> Proceed through (22, 9))
05:15:18.270 [AMR-04] STATE_TRANSITION YIELDING -> MOVING (intent=MOVE)
05:15:18.371 [AMR-04] STATE_TRANSITION MOVING -> EMERGENCY_STOP (intent=STOP)
05:15:18.371 [AMR-04] SAFETY_STOP min_obstacle_distance=1.10m <= 1.2m
05:15:18.473 [AMR-04] CONFLICT_DETECTED peer=AMR-02 type=INTERSECTION node=(22, 9) safe_wait=(22, 8) DECISION=YIELD (Lower precedence at intersection (65.4 vs 65.6) -> Safe wait at (22, 8) for AMR-02)
05:15:18.473 [AMR-04] STATE_TRANSITION EMERGENCY_STOP -> YIELDING (intent=YIELD)
05:15:18.572 [AMR-04] CONFLICT_DETECTED peer=AMR-02 type=INTERSECTION node=(22, 9) safe_wait=(22, 8) DECISION=YIELD (Lower precedence at intersection (65.6 vs 65.7) -> Safe wait at (22, 8) for AMR-02)
05:15:18.673 [AMR-04] CONFLICT_DETECTED peer=AMR-02 type=INTERSECTION node=(22, 9) safe_wait=(22, 8) DECISION=PROCEED (Higher precedence (65.8 vs 65.5) -> Proceed through (22, 9))
05:15:18.673 [AMR-04] STATE_TRANSITION YIELDING -> MOVING (intent=MOVE)
05:15:18.773 [AMR-04] STATE_TRANSITION MOVING -> EMERGENCY_STOP (intent=STOP)
05:15:18.773 [AMR-04] SAFETY_STOP min_obstacle_distance=1.01m <= 1.2m
05:15:18.874 [AMR-04] CONFLICT_DETECTED peer=AMR-02 type=INTERSECTION node=(22, 9) safe_wait=(22, 8) DECISION=YIELD (Lower precedence at intersection (65.7 vs 65.7) -> Safe wait at (22, 8) for AMR-02)
05:15:18.874 [AMR-04] STATE_TRANSITION EMERGENCY_STOP -> YIELDING (intent=YIELD)
05:15:18.974 [AMR-04] CONFLICT_DETECTED peer=AMR-02 type=INTERSECTION node=(22, 9) safe_wait=(22, 8) DECISION=YIELD (Lower precedence at intersection (65.9 vs 65.9) -> Safe wait at (22, 8) for AMR-02)
05:15:19.076 [AMR-04] CONFLICT_DETECTED peer=AMR-02 type=INTERSECTION node=(22, 9) safe_wait=(22, 8) DECISION=PROCEED (Higher precedence (66.1 vs 65.8) -> Proceed through (22, 9))
05:15:19.076 [AMR-04] STATE_TRANSITION YIELDING -> MOVING (intent=MOVE)
05:15:19.176 [AMR-04] STATE_TRANSITION MOVING -> EMERGENCY_STOP (intent=STOP)
05:15:19.176 [AMR-04] SAFETY_STOP min_obstacle_distance=1.04m <= 1.2m
05:15:19.276 [AMR-04] CONFLICT_DETECTED peer=AMR-02 type=INTERSECTION node=(22, 9) safe_wait=(22, 8) DECISION=YIELD (Lower precedence at intersection (65.9 vs 66.0) -> Safe wait at (22, 8) for AMR-02)
05:15:19.276 [AMR-04] STATE_TRANSITION EMERGENCY_STOP -> YIELDING (intent=YIELD)
05:15:19.376 [AMR-04] CONFLICT_DETECTED peer=AMR-02 type=INTERSECTION node=(22, 9) safe_wait=(22, 8) DECISION=YIELD (Lower precedence at intersection (66.1 vs 66.2) -> Safe wait at (22, 8) for AMR-02)
05:15:19.477 [AMR-04] CONFLICT_DETECTED peer=AMR-02 type=INTERSECTION node=(22, 9) safe_wait=(22, 8) DECISION=PROCEED (Higher precedence (66.2 vs 66.1) -> Proceed through (22, 9))
05:15:19.477 [AMR-04] STATE_TRANSITION YIELDING -> MOVING (intent=MOVE)
05:15:19.578 [AMR-04] STATE_TRANSITION MOVING -> EMERGENCY_STOP (intent=STOP)
05:15:19.579 [AMR-04] SAFETY_STOP min_obstacle_distance=1.01m <= 1.2m
05:15:19.678 [AMR-04] CONFLICT_DETECTED peer=AMR-02 type=INTERSECTION node=(22, 9) safe_wait=(22, 8) DECISION=YIELD (Lower precedence at intersection (66.1 vs 66.2) -> Safe wait at (22, 8) for AMR-02)
05:15:19.678 [AMR-04] STATE_TRANSITION EMERGENCY_STOP -> YIELDING (intent=YIELD)
05:15:19.779 [AMR-04] CONFLICT_DETECTED peer=AMR-02 type=INTERSECTION node=(22, 9) safe_wait=(22, 8) DECISION=PROCEED (Higher precedence (66.3 vs 66.2) -> Proceed through (22, 9))
05:15:19.779 [AMR-04] STATE_TRANSITION YIELDING -> MOVING (intent=MOVE)
05:15:19.879 [AMR-04] STATE_TRANSITION MOVING -> EMERGENCY_STOP (intent=STOP)
05:15:19.879 [AMR-04] SAFETY_STOP min_obstacle_distance=1.04m <= 1.2m
05:15:19.980 [AMR-04] CONFLICT_DETECTED peer=AMR-02 type=INTERSECTION node=(22, 9) safe_wait=(22, 8) DECISION=PROCEED (Higher precedence (66.1 vs 66.1) -> Proceed through (22, 9))
05:15:19.981 [AMR-04] STATE_TRANSITION EMERGENCY_STOP -> MOVING (intent=MOVE)
05:15:20.081 [AMR-04] STATE_TRANSITION MOVING -> EMERGENCY_STOP (intent=STOP)
05:15:20.081 [AMR-04] SAFETY_STOP min_obstacle_distance=1.10m <= 1.2m
05:15:20.182 [AMR-04] CONFLICT_DETECTED peer=AMR-02 type=INTERSECTION node=(22, 9) safe_wait=(22, 8) DECISION=YIELD (Lower precedence at intersection (66.0 vs 66.1) -> Safe wait at (22, 8) for AMR-02)
05:15:20.182 [AMR-04] STATE_TRANSITION EMERGENCY_STOP -> YIELDING (intent=YIELD)
05:15:20.282 [AMR-04] CONFLICT_DETECTED peer=AMR-02 type=INTERSECTION node=(22, 9) safe_wait=(22, 8) DECISION=PROCEED (Higher precedence (66.2 vs 66.1) -> Proceed through (22, 9))
05:15:20.283 [AMR-04] STATE_TRANSITION YIELDING -> MOVING (intent=MOVE)
05:15:20.383 [AMR-04] STATE_TRANSITION MOVING -> EMERGENCY_STOP (intent=STOP)
05:15:20.383 [AMR-04] SAFETY_STOP min_obstacle_distance=1.08m <= 1.2m
05:15:20.484 [AMR-04] CONFLICT_DETECTED peer=AMR-02 type=INTERSECTION node=(22, 9) safe_wait=(22, 8) DECISION=YIELD (Lower precedence at intersection (65.8 vs 66.0) -> Safe wait at (22, 8) for AMR-02)
05:15:20.485 [AMR-04] STATE_TRANSITION EMERGENCY_STOP -> YIELDING (intent=YIELD)
05:15:20.585 [AMR-04] CONFLICT_DETECTED peer=AMR-02 type=INTERSECTION node=(22, 9) safe_wait=(22, 8) DECISION=PROCEED (Higher precedence (66.0 vs 65.9) -> Proceed through (22, 9))
05:15:20.586 [AMR-04] STATE_TRANSITION YIELDING -> MOVING (intent=MOVE)
05:15:20.685 [AMR-04] STATE_TRANSITION MOVING -> EMERGENCY_STOP (intent=STOP)
05:15:20.685 [AMR-04] SAFETY_STOP min_obstacle_distance=1.01m <= 1.2m
05:15:20.785 [AMR-04] CONFLICT_DETECTED peer=AMR-02 type=INTERSECTION node=(22, 9) safe_wait=(22, 8) DECISION=YIELD (Lower precedence at intersection (65.8 vs 66.0) -> Safe wait at (22, 8) for AMR-02)
05:15:20.785 [AMR-04] STATE_TRANSITION EMERGENCY_STOP -> YIELDING (intent=YIELD)
05:15:20.886 [AMR-04] CONFLICT_DETECTED peer=AMR-02 type=INTERSECTION node=(22, 9) safe_wait=(22, 8) DECISION=PROCEED (Higher precedence (66.1 vs 66.0) -> Proceed through (22, 9))
05:15:20.887 [AMR-04] STATE_TRANSITION YIELDING -> MOVING (intent=MOVE)
05:15:20.987 [AMR-04] STATE_TRANSITION MOVING -> EMERGENCY_STOP (intent=STOP)
05:15:20.987 [AMR-04] SAFETY_STOP min_obstacle_distance=1.04m <= 1.2m
05:15:21.088 [AMR-04] CONFLICT_DETECTED peer=AMR-02 type=INTERSECTION node=(22, 9) safe_wait=(22, 8) DECISION=PROCEED (Higher precedence (65.9 vs 65.9) -> Proceed through (22, 9))
05:15:21.089 [AMR-04] STATE_TRANSITION EMERGENCY_STOP -> MOVING (intent=MOVE)
05:15:21.189 [AMR-04] STATE_TRANSITION MOVING -> EMERGENCY_STOP (intent=STOP)
05:15:21.190 [AMR-04] SAFETY_STOP min_obstacle_distance=1.10m <= 1.2m
05:15:21.290 [AMR-04] CONFLICT_DETECTED peer=AMR-02 type=INTERSECTION node=(22, 9) safe_wait=(22, 8) DECISION=YIELD (Lower precedence at intersection (65.8 vs 65.9) -> Safe wait at (22, 8) for AMR-02)
05:15:21.291 [AMR-04] STATE_TRANSITION EMERGENCY_STOP -> YIELDING (intent=YIELD)
05:15:21.391 [AMR-04] CONFLICT_DETECTED peer=AMR-02 type=INTERSECTION node=(22, 9) safe_wait=(22, 8) DECISION=PROCEED (Higher precedence (66.0 vs 65.9) -> Proceed through (22, 9))
05:15:21.392 [AMR-04] STATE_TRANSITION YIELDING -> MOVING (intent=MOVE)
05:15:21.491 [AMR-04] STATE_TRANSITION MOVING -> EMERGENCY_STOP (intent=STOP)
05:15:21.491 [AMR-04] SAFETY_STOP min_obstacle_distance=1.00m <= 1.2m
05:15:21.592 [AMR-04] CONFLICT_DETECTED peer=AMR-02 type=INTERSECTION node=(22, 9) safe_wait=(22, 8) DECISION=PROCEED (Higher precedence (65.6 vs 65.5) -> Proceed through (22, 9))
05:15:21.593 [AMR-04] STATE_TRANSITION EMERGENCY_STOP -> MOVING (intent=MOVE)
05:15:21.693 [AMR-04] STATE_TRANSITION MOVING -> EMERGENCY_STOP (intent=STOP)
05:15:21.693 [AMR-04] SAFETY_STOP min_obstacle_distance=1.01m <= 1.2m
05:15:21.794 [AMR-04] CONFLICT_DETECTED peer=AMR-02 type=INTERSECTION node=(22, 9) safe_wait=(22, 8) DECISION=YIELD (Lower precedence at intersection (65.5 vs 65.6) -> Safe wait at (22, 8) for AMR-02)
05:15:21.794 [AMR-04] STATE_TRANSITION EMERGENCY_STOP -> YIELDING (intent=YIELD)
05:15:21.894 [AMR-04] CONFLICT_DETECTED peer=AMR-02 type=INTERSECTION node=(22, 9) safe_wait=(22, 8) DECISION=PROCEED (Higher precedence (65.7 vs 65.6) -> Proceed through (22, 9))
05:15:21.895 [AMR-04] STATE_TRANSITION YIELDING -> MOVING (intent=MOVE)
05:15:21.995 [AMR-04] STATE_TRANSITION MOVING -> EMERGENCY_STOP (intent=STOP)
05:15:21.995 [AMR-04] SAFETY_STOP min_obstacle_distance=1.04m <= 1.2m
05:15:22.096 [AMR-04] CONFLICT_DETECTED peer=AMR-02 type=INTERSECTION node=(22, 9) safe_wait=(22, 8) DECISION=PROCEED (Higher precedence (65.5 vs 65.5) -> Proceed through (22, 9))
05:15:22.096 [AMR-04] STATE_TRANSITION EMERGENCY_STOP -> MOVING (intent=MOVE)
05:15:22.196 [AMR-04] STATE_TRANSITION MOVING -> EMERGENCY_STOP (intent=STOP)
05:15:22.196 [AMR-04] SAFETY_STOP min_obstacle_distance=1.10m <= 1.2m
05:15:22.296 [AMR-04] CONFLICT_DETECTED peer=AMR-02 type=INTERSECTION node=(22, 9) safe_wait=(22, 8) DECISION=YIELD (Lower precedence at intersection (65.4 vs 65.5) -> Safe wait at (22, 8) for AMR-02)
05:15:22.296 [AMR-04] STATE_TRANSITION EMERGENCY_STOP -> YIELDING (intent=YIELD)
05:15:22.397 [AMR-04] CONFLICT_DETECTED peer=AMR-02 type=INTERSECTION node=(22, 9) safe_wait=(22, 8) DECISION=PROCEED (Higher precedence (65.6 vs 65.5) -> Proceed through (22, 9))
05:15:22.397 [AMR-04] STATE_TRANSITION YIELDING -> MOVING (intent=MOVE)
05:15:22.497 [AMR-04] STATE_TRANSITION MOVING -> EMERGENCY_STOP (intent=STOP)
05:15:22.497 [AMR-04] SAFETY_STOP min_obstacle_distance=1.00m <= 1.2m
05:15:22.598 [AMR-04] CONFLICT_DETECTED peer=AMR-02 type=INTERSECTION node=(22, 9) safe_wait=(22, 8) DECISION=PROCEED (Higher precedence (65.2 vs 65.1) -> Proceed through (22, 9))
05:15:22.598 [AMR-04] STATE_TRANSITION EMERGENCY_STOP -> MOVING (intent=MOVE)
05:15:22.699 [AMR-04] STATE_TRANSITION MOVING -> EMERGENCY_STOP (intent=STOP)
05:15:22.699 [AMR-04] SAFETY_STOP min_obstacle_distance=1.01m <= 1.2m
05:15:22.799 [AMR-04] CONFLICT_DETECTED peer=AMR-02 type=INTERSECTION node=(22, 9) safe_wait=(22, 8) DECISION=YIELD (Lower precedence at intersection (65.0 vs 65.2) -> Safe wait at (22, 8) for AMR-02)
05:15:22.799 [AMR-04] STATE_TRANSITION EMERGENCY_STOP -> YIELDING (intent=YIELD)
05:15:22.900 [AMR-04] CONFLICT_DETECTED peer=AMR-02 type=INTERSECTION node=(22, 9) safe_wait=(22, 8) DECISION=PROCEED (Higher precedence (65.2 vs 65.2) -> Proceed through (22, 9))
05:15:22.900 [AMR-04] STATE_TRANSITION YIELDING -> MOVING (intent=MOVE)
05:15:23.000 [AMR-04] STATE_TRANSITION MOVING -> EMERGENCY_STOP (intent=STOP)
05:15:23.000 [AMR-04] SAFETY_STOP min_obstacle_distance=1.04m <= 1.2m
05:15:23.102 [AMR-04] CONFLICT_DETECTED peer=AMR-02 type=INTERSECTION node=(22, 9) safe_wait=(22, 8) DECISION=PROCEED (Higher precedence (65.1 vs 65.1) -> Proceed through (22, 9))
05:15:23.102 [AMR-04] STATE_TRANSITION EMERGENCY_STOP -> MOVING (intent=MOVE)
05:15:23.203 [AMR-04] STATE_TRANSITION MOVING -> EMERGENCY_STOP (intent=STOP)
05:15:23.203 [AMR-04] SAFETY_STOP min_obstacle_distance=1.10m <= 1.2m
05:15:23.302 [AMR-04] CONFLICT_DETECTED peer=AMR-02 type=INTERSECTION node=(22, 9) safe_wait=(22, 8) DECISION=YIELD (Lower precedence at intersection (65.0 vs 65.1) -> Safe wait at (22, 8) for AMR-02)
05:15:23.302 [AMR-04] STATE_TRANSITION EMERGENCY_STOP -> YIELDING (intent=YIELD)
05:15:23.404 [AMR-04] CONFLICT_DETECTED peer=AMR-02 type=INTERSECTION node=(22, 9) safe_wait=(22, 8) DECISION=PROCEED (Higher precedence (65.2 vs 65.1) -> Proceed through (22, 9))
05:15:23.404 [AMR-04] STATE_TRANSITION YIELDING -> MOVING (intent=MOVE)
05:15:23.504 [AMR-04] STATE_TRANSITION MOVING -> EMERGENCY_STOP (intent=STOP)
05:15:23.504 [AMR-04] SAFETY_STOP min_obstacle_distance=1.00m <= 1.2m
05:15:23.605 [AMR-04] CONFLICT_DETECTED peer=AMR-02 type=INTERSECTION node=(22, 9) safe_wait=(22, 8) DECISION=PROCEED (Higher precedence (64.8 vs 64.7) -> Proceed through (22, 9))
05:15:23.605 [AMR-04] STATE_TRANSITION EMERGENCY_STOP -> MOVING (intent=MOVE)
05:15:23.706 [AMR-04] STATE_TRANSITION MOVING -> EMERGENCY_STOP (intent=STOP)
05:15:23.706 [AMR-04] SAFETY_STOP min_obstacle_distance=1.01m <= 1.2m
05:15:23.807 [AMR-04] CONFLICT_DETECTED peer=AMR-02 type=INTERSECTION node=(22, 9) safe_wait=(22, 8) DECISION=YIELD (Lower precedence at intersection (64.7 vs 64.8) -> Safe wait at (22, 8) for AMR-02)
05:15:23.807 [AMR-04] STATE_TRANSITION EMERGENCY_STOP -> YIELDING (intent=YIELD)
05:15:23.908 [AMR-04] CONFLICT_DETECTED peer=AMR-02 type=INTERSECTION node=(22, 9) safe_wait=(22, 8) DECISION=PROCEED (Higher precedence (64.8 vs 64.8) -> Proceed through (22, 9))
05:15:23.908 [AMR-04] STATE_TRANSITION YIELDING -> MOVING (intent=MOVE)
05:15:24.009 [AMR-04] STATE_TRANSITION MOVING -> EMERGENCY_STOP (intent=STOP)
05:15:24.009 [AMR-04] SAFETY_STOP min_obstacle_distance=1.04m <= 1.2m
05:15:24.110 [AMR-04] CONFLICT_DETECTED peer=AMR-02 type=INTERSECTION node=(22, 9) safe_wait=(22, 8) DECISION=PROCEED (Higher precedence (64.7 vs 64.7) -> Proceed through (22, 9))
05:15:24.110 [AMR-04] STATE_TRANSITION EMERGENCY_STOP -> MOVING (intent=MOVE)
05:15:24.211 [AMR-04] STATE_TRANSITION MOVING -> EMERGENCY_STOP (intent=STOP)
05:15:24.211 [AMR-04] SAFETY_STOP min_obstacle_distance=1.10m <= 1.2m
05:15:24.313 [AMR-04] CONFLICT_DETECTED peer=AMR-02 type=INTERSECTION node=(22, 9) safe_wait=(22, 8) DECISION=YIELD (Lower precedence at intersection (64.6 vs 64.7) -> Safe wait at (22, 8) for AMR-02)
05:15:24.313 [AMR-04] STATE_TRANSITION EMERGENCY_STOP -> YIELDING (intent=YIELD)
05:15:24.414 [AMR-04] CONFLICT_DETECTED peer=AMR-02 type=INTERSECTION node=(22, 9) safe_wait=(22, 8) DECISION=PROCEED (Higher precedence (64.8 vs 64.7) -> Proceed through (22, 9))
05:15:24.414 [AMR-04] STATE_TRANSITION YIELDING -> MOVING (intent=MOVE)
05:15:24.514 [AMR-04] STATE_TRANSITION MOVING -> EMERGENCY_STOP (intent=STOP)
05:15:24.514 [AMR-04] SAFETY_STOP min_obstacle_distance=1.00m <= 1.2m
05:15:24.615 [AMR-04] CONFLICT_DETECTED peer=AMR-02 type=INTERSECTION node=(22, 9) safe_wait=(22, 8) DECISION=PROCEED (Higher precedence (64.9 vs 64.3) -> Proceed through (22, 9))
05:15:24.615 [AMR-04] STATE_TRANSITION EMERGENCY_STOP -> MOVING (intent=MOVE)
05:15:24.716 [AMR-04] STATE_TRANSITION MOVING -> EMERGENCY_STOP (intent=STOP)
05:15:24.716 [AMR-04] SAFETY_STOP min_obstacle_distance=1.01m <= 1.2m
05:15:24.817 [AMR-04] CONFLICT_DETECTED peer=AMR-02 type=INTERSECTION node=(22, 9) safe_wait=(22, 8) DECISION=PROCEED (Higher precedence (64.7 vs 64.7) -> Proceed through (22, 9))
05:15:24.817 [AMR-04] STATE_TRANSITION EMERGENCY_STOP -> MOVING (intent=MOVE)
05:15:24.919 [AMR-04] STATE_TRANSITION MOVING -> EMERGENCY_STOP (intent=STOP)
05:15:24.919 [AMR-04] SAFETY_STOP min_obstacle_distance=1.04m <= 1.2m
05:15:25.020 [AMR-04] CONFLICT_DETECTED peer=AMR-02 type=INTERSECTION node=(22, 9) safe_wait=(22, 8) DECISION=YIELD (Lower precedence at intersection (64.6 vs 64.8) -> Safe wait at (22, 8) for AMR-02)
05:15:25.020 [AMR-04] STATE_TRANSITION EMERGENCY_STOP -> YIELDING (intent=YIELD)
05:15:25.122 [AMR-04] CONFLICT_DETECTED peer=AMR-02 type=INTERSECTION node=(22, 9) safe_wait=(22, 8) DECISION=PROCEED (Higher precedence (64.8 vs 64.8) -> Proceed through (22, 9))
05:15:25.122 [AMR-04] STATE_TRANSITION YIELDING -> MOVING (intent=MOVE)
05:15:25.223 [AMR-04] STATE_TRANSITION MOVING -> EMERGENCY_STOP (intent=STOP)
05:15:25.224 [AMR-04] SAFETY_STOP min_obstacle_distance=1.10m <= 1.2m
05:15:25.325 [AMR-04] CONFLICT_DETECTED peer=AMR-02 type=INTERSECTION node=(22, 9) safe_wait=(22, 8) DECISION=PROCEED (Higher precedence (64.7 vs 64.7) -> Proceed through (22, 9))
05:15:25.325 [AMR-04] STATE_TRANSITION EMERGENCY_STOP -> MOVING (intent=MOVE)
05:15:25.426 [AMR-04] STATE_TRANSITION MOVING -> EMERGENCY_STOP (intent=STOP)
05:15:25.426 [AMR-04] SAFETY_STOP min_obstacle_distance=1.17m <= 1.2m
05:15:25.527 [AMR-04] CONFLICT_DETECTED peer=AMR-02 type=INTERSECTION node=(22, 9) safe_wait=(22, 8) DECISION=YIELD (Lower precedence at intersection (64.3 vs 64.7) -> Safe wait at (22, 8) for AMR-02)
05:15:25.527 [AMR-04] STATE_TRANSITION EMERGENCY_STOP -> YIELDING (intent=YIELD)
05:15:25.628 [AMR-04] CONFLICT_DETECTED peer=AMR-02 type=INTERSECTION node=(22, 9) safe_wait=(22, 8) DECISION=YIELD (Lower precedence at intersection (64.5 vs 64.5) -> Safe wait at (22, 8) for AMR-02)
05:15:25.730 [AMR-04] CONFLICT_DETECTED peer=AMR-02 type=INTERSECTION node=(22, 9) safe_wait=(22, 8) DECISION=YIELD (Lower precedence at intersection (64.7 vs 64.7) -> Safe wait at (22, 8) for AMR-02)
05:15:25.832 [AMR-04] CONFLICT_DETECTED peer=AMR-02 type=INTERSECTION node=(22, 9) safe_wait=(22, 8) DECISION=PROCEED (Higher precedence (64.9 vs 64.6) -> Proceed through (22, 9))
05:15:25.832 [AMR-04] STATE_TRANSITION YIELDING -> MOVING (intent=MOVE)
05:15:25.933 [AMR-04] STATE_TRANSITION MOVING -> EMERGENCY_STOP (intent=STOP)
05:15:25.934 [AMR-04] SAFETY_STOP min_obstacle_distance=1.01m <= 1.2m
05:15:26.036 [AMR-04] CONFLICT_DETECTED peer=AMR-02 type=INTERSECTION node=(22, 9) safe_wait=(22, 8) DECISION=YIELD (Lower precedence at intersection (64.7 vs 64.8) -> Safe wait at (22, 8) for AMR-02)
05:15:26.036 [AMR-04] STATE_TRANSITION EMERGENCY_STOP -> YIELDING (intent=YIELD)
05:15:26.136 [AMR-04] CONFLICT_DETECTED peer=AMR-02 type=INTERSECTION node=(22, 9) safe_wait=(22, 8) DECISION=YIELD (Lower precedence at intersection (65.0 vs 65.0) -> Safe wait at (22, 8) for AMR-02)
05:15:26.237 [AMR-04] CONFLICT_DETECTED peer=AMR-02 type=INTERSECTION node=(22, 9) safe_wait=(22, 8) DECISION=PROCEED (Higher precedence (65.2 vs 64.9) -> Proceed through (22, 9))
05:15:26.237 [AMR-04] STATE_TRANSITION YIELDING -> MOVING (intent=MOVE)
05:15:26.338 [AMR-04] STATE_TRANSITION MOVING -> EMERGENCY_STOP (intent=STOP)
05:15:26.338 [AMR-04] SAFETY_STOP min_obstacle_distance=1.05m <= 1.2m
05:15:26.439 [AMR-04] CONFLICT_DETECTED peer=AMR-02 type=INTERSECTION node=(22, 9) safe_wait=(22, 8) DECISION=YIELD (Lower precedence at intersection (65.0 vs 65.1) -> Safe wait at (22, 8) for AMR-02)
05:15:26.440 [AMR-04] STATE_TRANSITION EMERGENCY_STOP -> YIELDING (intent=YIELD)
05:15:26.540 [AMR-04] CONFLICT_DETECTED peer=AMR-02 type=INTERSECTION node=(22, 9) safe_wait=(22, 8) DECISION=YIELD (Lower precedence at intersection (65.1 vs 65.3) -> Safe wait at (22, 8) for AMR-02)
05:15:26.641 [AMR-04] CONFLICT_DETECTED peer=AMR-02 type=INTERSECTION node=(22, 9) safe_wait=(22, 8) DECISION=PROCEED (Higher precedence (65.3 vs 64.9) -> Proceed through (22, 9))
05:15:26.641 [AMR-04] STATE_TRANSITION YIELDING -> MOVING (intent=MOVE)
05:15:26.742 [AMR-04] STATE_TRANSITION MOVING -> EMERGENCY_STOP (intent=STOP)
05:15:26.742 [AMR-04] SAFETY_STOP min_obstacle_distance=1.01m <= 1.2m
05:15:26.844 [AMR-04] CONFLICT_DETECTED peer=AMR-02 type=INTERSECTION node=(22, 9) safe_wait=(22, 8) DECISION=PROCEED (Higher precedence (65.2 vs 65.1) -> Proceed through (22, 9))
05:15:26.844 [AMR-04] STATE_TRANSITION EMERGENCY_STOP -> MOVING (intent=MOVE)
05:15:26.945 [AMR-04] STATE_TRANSITION MOVING -> EMERGENCY_STOP (intent=STOP)
05:15:26.945 [AMR-04] SAFETY_STOP min_obstacle_distance=1.04m <= 1.2m
05:15:27.047 [AMR-04] CONFLICT_DETECTED peer=AMR-02 type=INTERSECTION node=(22, 9) safe_wait=(22, 8) DECISION=YIELD (Lower precedence at intersection (65.0 vs 65.2) -> Safe wait at (22, 8) for AMR-02)
05:15:27.047 [AMR-04] STATE_TRANSITION EMERGENCY_STOP -> YIELDING (intent=YIELD)
05:15:27.149 [AMR-04] CONFLICT_DETECTED peer=AMR-02 type=INTERSECTION node=(22, 9) safe_wait=(22, 8) DECISION=PROCEED (Higher precedence (65.2 vs 65.2) -> Proceed through (22, 9))
05:15:27.149 [AMR-04] STATE_TRANSITION YIELDING -> MOVING (intent=MOVE)
05:15:27.250 [AMR-04] STATE_TRANSITION MOVING -> EMERGENCY_STOP (intent=STOP)
05:15:27.250 [AMR-04] SAFETY_STOP min_obstacle_distance=1.10m <= 1.2m
05:15:27.352 [AMR-04] CONFLICT_DETECTED peer=AMR-02 type=INTERSECTION node=(22, 9) safe_wait=(22, 8) DECISION=PROCEED (Higher precedence (65.1 vs 65.1) -> Proceed through (22, 9))
05:15:27.352 [AMR-04] STATE_TRANSITION EMERGENCY_STOP -> MOVING (intent=MOVE)
05:15:27.455 [AMR-04] STATE_TRANSITION MOVING -> EMERGENCY_STOP (intent=STOP)
05:15:27.455 [AMR-04] SAFETY_STOP min_obstacle_distance=1.17m <= 1.2m
05:15:27.554 [AMR-04] CONFLICT_DETECTED peer=AMR-02 type=INTERSECTION node=(22, 9) safe_wait=(22, 8) DECISION=YIELD (Lower precedence at intersection (64.7 vs 65.1) -> Safe wait at (22, 8) for AMR-02)
05:15:27.554 [AMR-04] STATE_TRANSITION EMERGENCY_STOP -> YIELDING (intent=YIELD)
05:15:27.655 [AMR-04] CONFLICT_DETECTED peer=AMR-02 type=INTERSECTION node=(22, 9) safe_wait=(22, 8) DECISION=YIELD (Lower precedence at intersection (64.9 vs 64.9) -> Safe wait at (22, 8) for AMR-02)
05:15:27.757 [AMR-04] CONFLICT_DETECTED peer=AMR-02 type=INTERSECTION node=(22, 9) safe_wait=(22, 8) DECISION=YIELD (Lower precedence at intersection (65.1 vs 65.1) -> Safe wait at (22, 8) for AMR-02)
05:15:27.859 [AMR-04] CONFLICT_DETECTED peer=AMR-02 type=INTERSECTION node=(22, 9) safe_wait=(22, 8) DECISION=PROCEED (Higher precedence (65.3 vs 65.0) -> Proceed through (22, 9))
05:15:27.859 [AMR-04] STATE_TRANSITION YIELDING -> MOVING (intent=MOVE)
05:15:27.960 [AMR-04] STATE_TRANSITION MOVING -> EMERGENCY_STOP (intent=STOP)
05:15:27.961 [AMR-04] SAFETY_STOP min_obstacle_distance=1.01m <= 1.2m
05:15:28.061 [AMR-04] CONFLICT_DETECTED peer=AMR-02 type=INTERSECTION node=(22, 9) safe_wait=(22, 8) DECISION=YIELD (Lower precedence at intersection (65.1 vs 65.2) -> Safe wait at (22, 8) for AMR-02)
05:15:28.061 [AMR-04] STATE_TRANSITION EMERGENCY_STOP -> YIELDING (intent=YIELD)
05:15:28.162 [AMR-04] CONFLICT_DETECTED peer=AMR-02 type=INTERSECTION node=(22, 9) safe_wait=(22, 8) DECISION=YIELD (Lower precedence at intersection (65.3 vs 65.4) -> Safe wait at (22, 8) for AMR-02)
05:15:28.263 [AMR-04] CONFLICT_DETECTED peer=AMR-02 type=INTERSECTION node=(22, 9) safe_wait=(22, 8) DECISION=PROCEED (Higher precedence (65.5 vs 65.3) -> Proceed through (22, 9))
05:15:28.263 [AMR-04] STATE_TRANSITION YIELDING -> MOVING (intent=MOVE)
05:15:28.364 [AMR-04] STATE_TRANSITION MOVING -> EMERGENCY_STOP (intent=STOP)
05:15:28.364 [AMR-04] SAFETY_STOP min_obstacle_distance=1.05m <= 1.2m
05:15:28.466 [AMR-04] CONFLICT_DETECTED peer=AMR-02 type=INTERSECTION node=(22, 9) safe_wait=(22, 8) DECISION=YIELD (Lower precedence at intersection (65.3 vs 65.5) -> Safe wait at (22, 8) for AMR-02)
05:15:28.466 [AMR-04] STATE_TRANSITION EMERGENCY_STOP -> YIELDING (intent=YIELD)
05:15:28.567 [AMR-04] CONFLICT_DETECTED peer=AMR-02 type=INTERSECTION node=(22, 9) safe_wait=(22, 8) DECISION=YIELD (Lower precedence at intersection (65.5 vs 65.5) -> Safe wait at (22, 8) for AMR-02)
05:15:28.668 [AMR-04] CONFLICT_DETECTED peer=AMR-02 type=INTERSECTION node=(22, 9) safe_wait=(22, 8) DECISION=PROCEED (Higher precedence (65.7 vs 65.4) -> Proceed through (22, 9))
05:15:28.668 [AMR-04] STATE_TRANSITION YIELDING -> MOVING (intent=MOVE)
05:15:28.769 [AMR-04] STATE_TRANSITION MOVING -> EMERGENCY_STOP (intent=STOP)
05:15:28.769 [AMR-04] SAFETY_STOP min_obstacle_distance=1.01m <= 1.2m
05:15:28.870 [AMR-04] CONFLICT_DETECTED peer=AMR-02 type=INTERSECTION node=(22, 9) safe_wait=(22, 8) DECISION=YIELD (Lower precedence at intersection (65.5 vs 65.6) -> Safe wait at (22, 8) for AMR-02)
05:15:28.870 [AMR-04] STATE_TRANSITION EMERGENCY_STOP -> YIELDING (intent=YIELD)
05:15:28.972 [AMR-04] CONFLICT_DETECTED peer=AMR-02 type=INTERSECTION node=(22, 9) safe_wait=(22, 8) DECISION=YIELD (Lower precedence at intersection (65.8 vs 65.8) -> Safe wait at (22, 8) for AMR-02)
05:15:29.073 [AMR-04] CONFLICT_DETECTED peer=AMR-02 type=INTERSECTION node=(22, 9) safe_wait=(22, 8) DECISION=PROCEED (Higher precedence (66.0 vs 65.7) -> Proceed through (22, 9))
05:15:29.073 [AMR-04] STATE_TRANSITION YIELDING -> MOVING (intent=MOVE)
05:15:29.174 [AMR-04] STATE_TRANSITION MOVING -> EMERGENCY_STOP (intent=STOP)
05:15:29.175 [AMR-04] SAFETY_STOP min_obstacle_distance=1.04m <= 1.2m
05:15:29.276 [AMR-04] CONFLICT_DETECTED peer=AMR-02 type=INTERSECTION node=(22, 9) safe_wait=(22, 8) DECISION=YIELD (Lower precedence at intersection (65.8 vs 65.9) -> Safe wait at (22, 8) for AMR-02)
05:15:29.276 [AMR-04] STATE_TRANSITION EMERGENCY_STOP -> YIELDING (intent=YIELD)
05:15:29.377 [AMR-04] CONFLICT_DETECTED peer=AMR-02 type=INTERSECTION node=(22, 9) safe_wait=(22, 8) DECISION=YIELD (Lower precedence at intersection (66.0 vs 66.1) -> Safe wait at (22, 8) for AMR-02)
05:15:29.479 [AMR-04] CONFLICT_DETECTED peer=AMR-02 type=INTERSECTION node=(22, 9) safe_wait=(22, 8) DECISION=PROCEED (Higher precedence (66.1 vs 65.9) -> Proceed through (22, 9))
05:15:29.479 [AMR-04] STATE_TRANSITION YIELDING -> MOVING (intent=MOVE)
05:15:29.579 [AMR-04] STATE_TRANSITION MOVING -> EMERGENCY_STOP (intent=STOP)
05:15:29.579 [AMR-04] SAFETY_STOP min_obstacle_distance=1.01m <= 1.2m
05:15:29.681 [AMR-04] CONFLICT_DETECTED peer=AMR-02 type=INTERSECTION node=(22, 9) safe_wait=(22, 8) DECISION=PROCEED (Higher precedence (66.0 vs 65.9) -> Proceed through (22, 9))
05:15:29.681 [AMR-04] STATE_TRANSITION EMERGENCY_STOP -> MOVING (intent=MOVE)
05:15:29.783 [AMR-04] STATE_TRANSITION MOVING -> EMERGENCY_STOP (intent=STOP)
05:15:29.783 [AMR-04] SAFETY_STOP min_obstacle_distance=1.05m <= 1.2m
05:15:29.883 [AMR-04] CONFLICT_DETECTED peer=AMR-02 type=INTERSECTION node=(22, 9) safe_wait=(22, 8) DECISION=YIELD (Lower precedence at intersection (65.8 vs 66.0) -> Safe wait at (22, 8) for AMR-02)
05:15:29.883 [AMR-04] STATE_TRANSITION EMERGENCY_STOP -> YIELDING (intent=YIELD)
05:15:29.985 [AMR-04] CONFLICT_DETECTED peer=AMR-02 type=INTERSECTION node=(22, 9) safe_wait=(22, 8) DECISION=PROCEED (Higher precedence (66.0 vs 66.0) -> Proceed through (22, 9))
05:15:29.985 [AMR-04] STATE_TRANSITION YIELDING -> MOVING (intent=MOVE)
05:15:30.087 [AMR-04] STATE_TRANSITION MOVING -> EMERGENCY_STOP (intent=STOP)
05:15:30.087 [AMR-04] SAFETY_STOP min_obstacle_distance=1.10m <= 1.2m
05:15:30.188 [AMR-04] CONFLICT_DETECTED peer=AMR-02 type=INTERSECTION node=(22, 9) safe_wait=(22, 8) DECISION=PROCEED (Higher precedence (65.9 vs 65.9) -> Proceed through (22, 9))
05:15:30.188 [AMR-04] STATE_TRANSITION EMERGENCY_STOP -> MOVING (intent=MOVE)
05:15:30.289 [AMR-04] STATE_TRANSITION MOVING -> EMERGENCY_STOP (intent=STOP)
05:15:30.289 [AMR-04] SAFETY_STOP min_obstacle_distance=1.17m <= 1.2m
05:15:30.391 [AMR-04] CONFLICT_DETECTED peer=AMR-02 type=INTERSECTION node=(22, 9) safe_wait=(22, 8) DECISION=YIELD (Lower precedence at intersection (65.8 vs 65.9) -> Safe wait at (22, 8) for AMR-02)
05:15:30.391 [AMR-04] STATE_TRANSITION EMERGENCY_STOP -> YIELDING (intent=YIELD)
05:15:30.492 [AMR-04] CONFLICT_DETECTED peer=AMR-02 type=INTERSECTION node=(22, 9) safe_wait=(22, 8) DECISION=YIELD (Lower precedence at intersection (65.7 vs 65.9) -> Safe wait at (22, 8) for AMR-02)
05:15:30.593 [AMR-04] CONFLICT_DETECTED peer=AMR-02 type=INTERSECTION node=(22, 9) safe_wait=(22, 8) DECISION=PROCEED (Higher precedence (65.9 vs 65.5) -> Proceed through (22, 9))
05:15:30.593 [AMR-04] STATE_TRANSITION YIELDING -> MOVING (intent=MOVE)
05:15:30.694 [AMR-04] STATE_TRANSITION MOVING -> EMERGENCY_STOP (intent=STOP)
05:15:30.695 [AMR-04] SAFETY_STOP min_obstacle_distance=1.01m <= 1.2m
05:15:30.796 [AMR-04] CONFLICT_DETECTED peer=AMR-02 type=INTERSECTION node=(22, 9) safe_wait=(22, 8) DECISION=PROCEED (Higher precedence (65.8 vs 65.7) -> Proceed through (22, 9))
05:15:30.796 [AMR-04] STATE_TRANSITION EMERGENCY_STOP -> MOVING (intent=MOVE)
05:15:30.897 [AMR-04] STATE_TRANSITION MOVING -> EMERGENCY_STOP (intent=STOP)
05:15:30.897 [AMR-04] SAFETY_STOP min_obstacle_distance=1.05m <= 1.2m
05:15:30.999 [AMR-04] CONFLICT_DETECTED peer=AMR-02 type=INTERSECTION node=(22, 9) safe_wait=(22, 8) DECISION=YIELD (Lower precedence at intersection (65.6 vs 65.8) -> Safe wait at (22, 8) for AMR-02)
05:15:30.999 [AMR-04] STATE_TRANSITION EMERGENCY_STOP -> YIELDING (intent=YIELD)
05:15:31.100 [AMR-04] CONFLICT_DETECTED peer=AMR-02 type=INTERSECTION node=(22, 9) safe_wait=(22, 8) DECISION=PROCEED (Higher precedence (65.8 vs 65.8) -> Proceed through (22, 9))
05:15:31.101 [AMR-04] STATE_TRANSITION YIELDING -> MOVING (intent=MOVE)
05:15:31.202 [AMR-04] STATE_TRANSITION MOVING -> EMERGENCY_STOP (intent=STOP)
05:15:31.202 [AMR-04] SAFETY_STOP min_obstacle_distance=1.10m <= 1.2m
05:15:31.304 [AMR-04] CONFLICT_DETECTED peer=AMR-02 type=INTERSECTION node=(22, 9) safe_wait=(22, 8) DECISION=PROCEED (Higher precedence (65.7 vs 65.7) -> Proceed through (22, 9))
05:15:31.304 [AMR-04] STATE_TRANSITION EMERGENCY_STOP -> MOVING (intent=MOVE)
05:15:31.405 [AMR-04] STATE_TRANSITION MOVING -> EMERGENCY_STOP (intent=STOP)
05:15:31.405 [AMR-04] SAFETY_STOP min_obstacle_distance=1.17m <= 1.2m
05:15:31.506 [AMR-04] CONFLICT_DETECTED peer=AMR-02 type=INTERSECTION node=(22, 9) safe_wait=(22, 8) DECISION=YIELD (Lower precedence at intersection (65.3 vs 65.7) -> Safe wait at (22, 8) for AMR-02)
05:15:31.506 [AMR-04] STATE_TRANSITION EMERGENCY_STOP -> YIELDING (intent=YIELD)
05:15:31.607 [AMR-04] CONFLICT_DETECTED peer=AMR-02 type=INTERSECTION node=(22, 9) safe_wait=(22, 8) DECISION=YIELD (Lower precedence at intersection (65.5 vs 65.5) -> Safe wait at (22, 8) for AMR-02)
05:15:31.708 [AMR-04] CONFLICT_DETECTED peer=AMR-02 type=INTERSECTION node=(22, 9) safe_wait=(22, 8) DECISION=YIELD (Lower precedence at intersection (65.7 vs 65.7) -> Safe wait at (22, 8) for AMR-02)
05:15:31.809 [AMR-04] CONFLICT_DETECTED peer=AMR-02 type=INTERSECTION node=(22, 9) safe_wait=(22, 8) DECISION=PROCEED (Higher precedence (65.9 vs 65.6) -> Proceed through (22, 9))
05:15:31.809 [AMR-04] STATE_TRANSITION YIELDING -> MOVING (intent=MOVE)
05:15:31.910 [AMR-04] STATE_TRANSITION MOVING -> EMERGENCY_STOP (intent=STOP)
05:15:31.910 [AMR-04] SAFETY_STOP min_obstacle_distance=1.01m <= 1.2m
05:15:32.011 [AMR-04] CONFLICT_DETECTED peer=AMR-02 type=INTERSECTION node=(22, 9) safe_wait=(22, 8) DECISION=YIELD (Lower precedence at intersection (65.8 vs 65.8) -> Safe wait at (22, 8) for AMR-02)
05:15:32.011 [AMR-04] STATE_TRANSITION EMERGENCY_STOP -> YIELDING (intent=YIELD)
05:15:32.113 [AMR-04] CONFLICT_DETECTED peer=AMR-02 type=INTERSECTION node=(22, 9) safe_wait=(22, 8) DECISION=YIELD (Lower precedence at intersection (66.0 vs 66.0) -> Safe wait at (22, 8) for AMR-02)
05:15:32.215 [AMR-04] CONFLICT_DETECTED peer=AMR-02 type=INTERSECTION node=(22, 9) safe_wait=(22, 8) DECISION=PROCEED (Higher precedence (66.2 vs 65.9) -> Proceed through (22, 9))
05:15:32.215 [AMR-04] STATE_TRANSITION YIELDING -> MOVING (intent=MOVE)
05:15:32.316 [AMR-04] STATE_TRANSITION MOVING -> EMERGENCY_STOP (intent=STOP)
05:15:32.316 [AMR-04] SAFETY_STOP min_obstacle_distance=1.05m <= 1.2m
05:15:32.418 [AMR-04] CONFLICT_DETECTED peer=AMR-02 type=INTERSECTION node=(22, 9) safe_wait=(22, 8) DECISION=YIELD (Lower precedence at intersection (66.0 vs 66.1) -> Safe wait at (22, 8) for AMR-02)
05:15:32.419 [AMR-04] STATE_TRANSITION EMERGENCY_STOP -> YIELDING (intent=YIELD)
05:15:32.518 [AMR-04] CONFLICT_DETECTED peer=AMR-02 type=INTERSECTION node=(22, 9) safe_wait=(22, 8) DECISION=YIELD (Lower precedence at intersection (66.1 vs 66.3) -> Safe wait at (22, 8) for AMR-02)
05:15:32.619 [AMR-04] CONFLICT_DETECTED peer=AMR-02 type=INTERSECTION node=(22, 9) safe_wait=(22, 8) DECISION=PROCEED (Higher precedence (66.3 vs 65.9) -> Proceed through (22, 9))
05:15:32.619 [AMR-04] STATE_TRANSITION YIELDING -> MOVING (intent=MOVE)
05:15:32.720 [AMR-04] STATE_TRANSITION MOVING -> EMERGENCY_STOP (intent=STOP)
05:15:32.720 [AMR-04] SAFETY_STOP min_obstacle_distance=1.01m <= 1.2m
05:15:32.821 [AMR-04] CONFLICT_DETECTED peer=AMR-02 type=INTERSECTION node=(22, 9) safe_wait=(22, 8) DECISION=PROCEED (Higher precedence (66.2 vs 66.1) -> Proceed through (22, 9))
05:15:32.821 [AMR-04] STATE_TRANSITION EMERGENCY_STOP -> MOVING (intent=MOVE)
05:15:32.923 [AMR-04] STATE_TRANSITION MOVING -> EMERGENCY_STOP (intent=STOP)
05:15:32.923 [AMR-04] SAFETY_STOP min_obstacle_distance=1.04m <= 1.2m
05:15:33.024 [AMR-04] CONFLICT_DETECTED peer=AMR-02 type=INTERSECTION node=(22, 9) safe_wait=(22, 8) DECISION=YIELD (Lower precedence at intersection (66.0 vs 66.2) -> Safe wait at (22, 8) for AMR-02)
05:15:33.025 [AMR-04] STATE_TRANSITION EMERGENCY_STOP -> YIELDING (intent=YIELD)
05:15:33.126 [AMR-04] CONFLICT_DETECTED peer=AMR-02 type=INTERSECTION node=(22, 9) safe_wait=(22, 8) DECISION=PROCEED (Higher precedence (66.2 vs 66.2) -> Proceed through (22, 9))
05:15:33.126 [AMR-04] STATE_TRANSITION YIELDING -> MOVING (intent=MOVE)
05:15:33.228 [AMR-04] STATE_TRANSITION MOVING -> EMERGENCY_STOP (intent=STOP)
05:15:33.228 [AMR-04] SAFETY_STOP min_obstacle_distance=1.10m <= 1.2m
05:15:33.328 [AMR-04] CONFLICT_DETECTED peer=AMR-02 type=INTERSECTION node=(22, 9) safe_wait=(22, 8) DECISION=PROCEED (Higher precedence (66.1 vs 66.1) -> Proceed through (22, 9))
05:15:33.328 [AMR-04] STATE_TRANSITION EMERGENCY_STOP -> MOVING (intent=MOVE)
05:15:33.428 [AMR-04] STATE_TRANSITION MOVING -> EMERGENCY_STOP (intent=STOP)
05:15:33.428 [AMR-04] SAFETY_STOP min_obstacle_distance=1.17m <= 1.2m
05:15:33.528 [AMR-04] CONFLICT_DETECTED peer=AMR-02 type=INTERSECTION node=(22, 9) safe_wait=(22, 8) DECISION=YIELD (Lower precedence at intersection (65.7 vs 66.1) -> Safe wait at (22, 8) for AMR-02)
05:15:33.528 [AMR-04] STATE_TRANSITION EMERGENCY_STOP -> YIELDING (intent=YIELD)
05:15:33.629 [AMR-04] CONFLICT_DETECTED peer=AMR-02 type=INTERSECTION node=(22, 9) safe_wait=(22, 8) DECISION=YIELD (Lower precedence at intersection (65.9 vs 65.9) -> Safe wait at (22, 8) for AMR-02)
05:15:33.730 [AMR-04] CONFLICT_DETECTED peer=AMR-02 type=INTERSECTION node=(22, 9) safe_wait=(22, 8) DECISION=YIELD (Lower precedence at intersection (66.1 vs 66.1) -> Safe wait at (22, 8) for AMR-02)
05:15:33.831 [AMR-04] CONFLICT_DETECTED peer=AMR-02 type=INTERSECTION node=(22, 9) safe_wait=(22, 8) DECISION=PROCEED (Higher precedence (66.3 vs 66.0) -> Proceed through (22, 9))
05:15:33.831 [AMR-04] STATE_TRANSITION YIELDING -> MOVING (intent=MOVE)
05:15:33.931 [AMR-04] STATE_TRANSITION MOVING -> EMERGENCY_STOP (intent=STOP)
05:15:33.931 [AMR-04] SAFETY_STOP min_obstacle_distance=1.01m <= 1.2m
05:15:34.032 [AMR-04] CONFLICT_DETECTED peer=AMR-02 type=INTERSECTION node=(22, 9) safe_wait=(22, 8) DECISION=YIELD (Lower precedence at intersection (66.2 vs 66.2) -> Safe wait at (22, 8) for AMR-02)
05:15:34.032 [AMR-04] STATE_TRANSITION EMERGENCY_STOP -> YIELDING (intent=YIELD)
05:15:34.133 [AMR-04] CONFLICT_DETECTED peer=AMR-02 type=INTERSECTION node=(22, 9) safe_wait=(22, 8) DECISION=YIELD (Lower precedence at intersection (66.3 vs 66.4) -> Safe wait at (22, 8) for AMR-02)
05:15:34.233 [AMR-04] CONFLICT_DETECTED peer=AMR-02 type=INTERSECTION node=(22, 9) safe_wait=(22, 8) DECISION=PROCEED (Higher precedence (66.6 vs 66.3) -> Proceed through (22, 9))
05:15:34.233 [AMR-04] STATE_TRANSITION YIELDING -> MOVING (intent=MOVE)
05:15:34.334 [AMR-04] STATE_TRANSITION MOVING -> EMERGENCY_STOP (intent=STOP)
05:15:34.334 [AMR-04] SAFETY_STOP min_obstacle_distance=1.04m <= 1.2m
05:15:34.435 [AMR-04] CONFLICT_DETECTED peer=AMR-02 type=INTERSECTION node=(22, 9) safe_wait=(22, 8) DECISION=YIELD (Lower precedence at intersection (66.4 vs 66.5) -> Safe wait at (22, 8) for AMR-02)
05:15:34.435 [AMR-04] STATE_TRANSITION EMERGENCY_STOP -> YIELDING (intent=YIELD)
05:15:34.536 [AMR-04] CONFLICT_DETECTED peer=AMR-02 type=INTERSECTION node=(22, 9) safe_wait=(22, 8) DECISION=YIELD (Lower precedence at intersection (66.5 vs 66.7) -> Safe wait at (22, 8) for AMR-02)
05:15:34.637 [AMR-04] CONFLICT_DETECTED peer=AMR-02 type=INTERSECTION node=(22, 9) safe_wait=(22, 8) DECISION=PROCEED (Higher precedence (66.7 vs 66.3) -> Proceed through (22, 9))
05:15:34.638 [AMR-04] STATE_TRANSITION YIELDING -> MOVING (intent=MOVE)
05:15:34.737 [AMR-04] STATE_TRANSITION MOVING -> EMERGENCY_STOP (intent=STOP)
05:15:34.737 [AMR-04] SAFETY_STOP min_obstacle_distance=1.01m <= 1.2m
05:15:34.838 [AMR-04] CONFLICT_DETECTED peer=AMR-02 type=INTERSECTION node=(22, 9) safe_wait=(22, 8) DECISION=PROCEED (Higher precedence (66.6 vs 66.5) -> Proceed through (22, 9))
05:15:34.838 [AMR-04] STATE_TRANSITION EMERGENCY_STOP -> MOVING (intent=MOVE)
05:15:34.939 [AMR-04] STATE_TRANSITION MOVING -> EMERGENCY_STOP (intent=STOP)
05:15:34.939 [AMR-04] SAFETY_STOP min_obstacle_distance=1.04m <= 1.2m
05:15:35.041 [AMR-04] CONFLICT_DETECTED peer=AMR-02 type=INTERSECTION node=(22, 9) safe_wait=(22, 8) DECISION=YIELD (Lower precedence at intersection (66.4 vs 66.6) -> Safe wait at (22, 8) for AMR-02)
05:15:35.041 [AMR-04] STATE_TRANSITION EMERGENCY_STOP -> YIELDING (intent=YIELD)
05:15:35.141 [AMR-04] CONFLICT_DETECTED peer=AMR-02 type=INTERSECTION node=(22, 9) safe_wait=(22, 8) DECISION=PROCEED (Higher precedence (66.6 vs 66.6) -> Proceed through (22, 9))
05:15:35.141 [AMR-04] STATE_TRANSITION YIELDING -> MOVING (intent=MOVE)
05:15:35.242 [AMR-04] STATE_TRANSITION MOVING -> EMERGENCY_STOP (intent=STOP)
05:15:35.242 [AMR-04] SAFETY_STOP min_obstacle_distance=1.10m <= 1.2m
05:15:35.342 [AMR-04] CONFLICT_DETECTED peer=AMR-02 type=INTERSECTION node=(22, 9) safe_wait=(22, 8) DECISION=PROCEED (Higher precedence (66.5 vs 66.5) -> Proceed through (22, 9))
05:15:35.343 [AMR-04] STATE_TRANSITION EMERGENCY_STOP -> MOVING (intent=MOVE)
05:15:35.442 [AMR-04] STATE_TRANSITION MOVING -> EMERGENCY_STOP (intent=STOP)
05:15:35.443 [AMR-04] SAFETY_STOP min_obstacle_distance=1.17m <= 1.2m
05:15:35.543 [AMR-04] CONFLICT_DETECTED peer=AMR-02 type=INTERSECTION node=(22, 9) safe_wait=(22, 8) DECISION=YIELD (Lower precedence at intersection (66.1 vs 66.5) -> Safe wait at (22, 8) for AMR-02)
05:15:35.543 [AMR-04] STATE_TRANSITION EMERGENCY_STOP -> YIELDING (intent=YIELD)
05:15:35.644 [AMR-04] CONFLICT_DETECTED peer=AMR-02 type=INTERSECTION node=(22, 9) safe_wait=(22, 8) DECISION=YIELD (Lower precedence at intersection (66.3 vs 66.7) -> Safe wait at (22, 8) for AMR-02)
05:15:35.746 [AMR-04] CONFLICT_DETECTED peer=AMR-02 type=INTERSECTION node=(22, 9) safe_wait=(22, 8) DECISION=YIELD (Lower precedence at intersection (66.5 vs 66.6) -> Safe wait at (22, 8) for AMR-02)
05:15:35.846 [AMR-04] CONFLICT_DETECTED peer=AMR-02 type=INTERSECTION node=(22, 9) safe_wait=(22, 8) DECISION=PROCEED (Higher precedence (66.7 vs 66.6) -> Proceed through (22, 9))
05:15:35.846 [AMR-04] STATE_TRANSITION YIELDING -> MOVING (intent=MOVE)
05:15:35.947 [AMR-04] STATE_TRANSITION MOVING -> EMERGENCY_STOP (intent=STOP)
05:15:35.947 [AMR-04] SAFETY_STOP min_obstacle_distance=1.01m <= 1.2m
05:15:36.048 [AMR-04] CONFLICT_DETECTED peer=AMR-02 type=INTERSECTION node=(22, 9) safe_wait=(22, 8) DECISION=PROCEED (Higher precedence (66.6 vs 66.4) -> Proceed through (22, 9))
05:15:36.048 [AMR-04] STATE_TRANSITION EMERGENCY_STOP -> MOVING (intent=MOVE)
05:15:36.149 [AMR-04] STATE_TRANSITION MOVING -> EMERGENCY_STOP (intent=STOP)
05:15:36.149 [AMR-04] SAFETY_STOP min_obstacle_distance=1.04m <= 1.2m
05:15:36.250 [AMR-04] CONFLICT_DETECTED peer=AMR-02 type=INTERSECTION node=(22, 9) safe_wait=(22, 8) DECISION=YIELD (Lower precedence at intersection (66.4 vs 66.8) -> Safe wait at (22, 8) for AMR-02)
05:15:36.251 [AMR-04] STATE_TRANSITION EMERGENCY_STOP -> YIELDING (intent=YIELD)
05:15:36.351 [AMR-04] CONFLICT_DETECTED peer=AMR-02 type=INTERSECTION node=(22, 9) safe_wait=(22, 8) DECISION=YIELD (Lower precedence at intersection (66.6 vs 66.7) -> Safe wait at (22, 8) for AMR-02)
05:15:36.452 [AMR-04] CONFLICT_DETECTED peer=AMR-02 type=INTERSECTION node=(22, 9) safe_wait=(22, 8) DECISION=PROCEED (Higher precedence (66.8 vs 66.7) -> Proceed through (22, 9))
05:15:36.452 [AMR-04] STATE_TRANSITION YIELDING -> MOVING (intent=MOVE)
05:15:36.552 [AMR-04] STATE_TRANSITION MOVING -> EMERGENCY_STOP (intent=STOP)
05:15:36.552 [AMR-04] SAFETY_STOP min_obstacle_distance=1.00m <= 1.2m
05:15:36.653 [AMR-04] CONFLICT_DETECTED peer=AMR-02 type=INTERSECTION node=(22, 9) safe_wait=(22, 8) DECISION=PROCEED (Higher precedence (66.5 vs 66.3) -> Proceed through (22, 9))
05:15:36.653 [AMR-04] STATE_TRANSITION EMERGENCY_STOP -> MOVING (intent=MOVE)
05:15:36.754 [AMR-04] STATE_TRANSITION MOVING -> EMERGENCY_STOP (intent=STOP)
05:15:36.754 [AMR-04] SAFETY_STOP min_obstacle_distance=1.01m <= 1.2m
05:15:36.856 [AMR-04] CONFLICT_DETECTED peer=AMR-02 type=INTERSECTION node=(22, 9) safe_wait=(22, 8) DECISION=YIELD (Lower precedence at intersection (66.4 vs 66.7) -> Safe wait at (22, 8) for AMR-02)
05:15:36.856 [AMR-04] STATE_TRANSITION EMERGENCY_STOP -> YIELDING (intent=YIELD)
05:15:36.956 [AMR-04] CONFLICT_DETECTED peer=AMR-02 type=INTERSECTION node=(22, 9) safe_wait=(22, 8) DECISION=YIELD (Lower precedence at intersection (66.6 vs 66.6) -> Safe wait at (22, 8) for AMR-02)
05:15:37.058 [AMR-04] CONFLICT_DETECTED peer=AMR-02 type=INTERSECTION node=(22, 9) safe_wait=(22, 8) DECISION=PROCEED (Higher precedence (66.8 vs 66.6) -> Proceed through (22, 9))
05:15:37.058 [AMR-04] STATE_TRANSITION YIELDING -> MOVING (intent=MOVE)
05:15:37.158 [AMR-04] STATE_TRANSITION MOVING -> EMERGENCY_STOP (intent=STOP)
05:15:37.158 [AMR-04] SAFETY_STOP min_obstacle_distance=1.04m <= 1.2m
05:15:37.260 [AMR-04] CONFLICT_DETECTED peer=AMR-02 type=INTERSECTION node=(22, 9) safe_wait=(22, 8) DECISION=PROCEED (Higher precedence (66.6 vs 66.4) -> Proceed through (22, 9))
05:15:37.260 [AMR-04] STATE_TRANSITION EMERGENCY_STOP -> MOVING (intent=MOVE)
05:15:37.360 [AMR-04] STATE_TRANSITION MOVING -> EMERGENCY_STOP (intent=STOP)
05:15:37.360 [AMR-04] SAFETY_STOP min_obstacle_distance=1.10m <= 1.2m
05:15:37.462 [AMR-04] CONFLICT_DETECTED peer=AMR-02 type=INTERSECTION node=(22, 9) safe_wait=(22, 8) DECISION=YIELD (Lower precedence at intersection (66.3 vs 66.8) -> Safe wait at (22, 8) for AMR-02)
05:15:37.462 [AMR-04] STATE_TRANSITION EMERGENCY_STOP -> YIELDING (intent=YIELD)
05:15:37.562 [AMR-04] CONFLICT_DETECTED peer=AMR-02 type=INTERSECTION node=(22, 9) safe_wait=(22, 8) DECISION=YIELD (Lower precedence at intersection (66.5 vs 66.5) -> Safe wait at (22, 8) for AMR-02)
05:15:37.663 [AMR-04] CONFLICT_DETECTED peer=AMR-02 type=INTERSECTION node=(22, 9) safe_wait=(22, 8) DECISION=PROCEED (Higher precedence (66.7 vs 66.5) -> Proceed through (22, 9))
05:15:37.663 [AMR-04] STATE_TRANSITION YIELDING -> MOVING (intent=MOVE)
05:15:37.763 [AMR-04] STATE_TRANSITION MOVING -> EMERGENCY_STOP (intent=STOP)
05:15:37.763 [AMR-04] SAFETY_STOP min_obstacle_distance=1.01m <= 1.2m
05:15:37.864 [AMR-04] CONFLICT_DETECTED peer=AMR-02 type=INTERSECTION node=(22, 9) safe_wait=(22, 8) DECISION=YIELD (Lower precedence at intersection (66.6 vs 66.6) -> Safe wait at (22, 8) for AMR-02)
05:15:37.864 [AMR-04] STATE_TRANSITION EMERGENCY_STOP -> YIELDING (intent=YIELD)
05:15:37.964 [AMR-04] CONFLICT_DETECTED peer=AMR-02 type=INTERSECTION node=(22, 9) safe_wait=(22, 8) DECISION=PROCEED (Higher precedence (66.8 vs 66.6) -> Proceed through (22, 9))
05:15:37.964 [AMR-04] STATE_TRANSITION YIELDING -> MOVING (intent=MOVE)
05:15:38.064 [AMR-04] STATE_TRANSITION MOVING -> EMERGENCY_STOP (intent=STOP)
05:15:38.064 [AMR-04] SAFETY_STOP min_obstacle_distance=1.04m <= 1.2m
05:15:38.165 [AMR-04] CONFLICT_DETECTED peer=AMR-02 type=INTERSECTION node=(22, 9) safe_wait=(22, 8) DECISION=YIELD (Lower precedence at intersection (66.6 vs 66.6) -> Safe wait at (22, 8) for AMR-02)
05:15:38.166 [AMR-04] STATE_TRANSITION EMERGENCY_STOP -> YIELDING (intent=YIELD)
05:15:38.265 [AMR-04] CONFLICT_DETECTED peer=AMR-02 type=INTERSECTION node=(22, 9) safe_wait=(22, 8) DECISION=PROCEED (Higher precedence (66.8 vs 66.6) -> Proceed through (22, 9))
05:15:38.265 [AMR-04] STATE_TRANSITION YIELDING -> MOVING (intent=MOVE)
05:15:38.367 [AMR-04] STATE_TRANSITION MOVING -> EMERGENCY_STOP (intent=STOP)
05:15:38.367 [AMR-04] SAFETY_STOP min_obstacle_distance=1.10m <= 1.2m
05:15:38.467 [AMR-04] CONFLICT_DETECTED peer=AMR-02 type=INTERSECTION node=(22, 9) safe_wait=(22, 8) DECISION=YIELD (Lower precedence at intersection (66.5 vs 66.7) -> Safe wait at (22, 8) for AMR-02)
05:15:38.468 [AMR-04] STATE_TRANSITION EMERGENCY_STOP -> YIELDING (intent=YIELD)
05:15:38.567 [AMR-04] CONFLICT_DETECTED peer=AMR-02 type=INTERSECTION node=(22, 9) safe_wait=(22, 8) DECISION=PROCEED (Higher precedence (66.7 vs 66.5) -> Proceed through (22, 9))
05:15:38.567 [AMR-04] STATE_TRANSITION YIELDING -> MOVING (intent=MOVE)
05:15:38.668 [AMR-04] STATE_TRANSITION MOVING -> EMERGENCY_STOP (intent=STOP)
05:15:38.668 [AMR-04] SAFETY_STOP min_obstacle_distance=1.01m <= 1.2m
05:15:38.768 [AMR-04] CONFLICT_DETECTED peer=AMR-02 type=INTERSECTION node=(22, 9) safe_wait=(22, 8) DECISION=YIELD (Lower precedence at intersection (66.6 vs 67.0) -> Safe wait at (22, 8) for AMR-02)
05:15:38.768 [AMR-04] STATE_TRANSITION EMERGENCY_STOP -> YIELDING (intent=YIELD)
05:15:38.870 [AMR-04] CONFLICT_DETECTED peer=AMR-02 type=INTERSECTION node=(22, 9) safe_wait=(22, 8) DECISION=YIELD (Lower precedence at intersection (66.8 vs 66.8) -> Safe wait at (22, 8) for AMR-02)
05:15:38.970 [AMR-04] CONFLICT_DETECTED peer=AMR-02 type=INTERSECTION node=(22, 9) safe_wait=(22, 8) DECISION=PROCEED (Higher precedence (67.0 vs 66.8) -> Proceed through (22, 9))
05:15:38.970 [AMR-04] STATE_TRANSITION YIELDING -> MOVING (intent=MOVE)
05:15:39.070 [AMR-04] STATE_TRANSITION MOVING -> EMERGENCY_STOP (intent=STOP)
05:15:39.071 [AMR-04] SAFETY_STOP min_obstacle_distance=1.04m <= 1.2m
05:15:39.171 [AMR-04] CONFLICT_DETECTED peer=AMR-02 type=INTERSECTION node=(22, 9) safe_wait=(22, 8) DECISION=PROCEED (Higher precedence (66.8 vs 66.6) -> Proceed through (22, 9))
05:15:39.171 [AMR-04] STATE_TRANSITION EMERGENCY_STOP -> MOVING (intent=MOVE)
05:15:39.271 [AMR-04] STATE_TRANSITION MOVING -> EMERGENCY_STOP (intent=STOP)
05:15:39.271 [AMR-04] SAFETY_STOP min_obstacle_distance=1.10m <= 1.2m
05:15:39.372 [AMR-04] CONFLICT_DETECTED peer=AMR-02 type=INTERSECTION node=(22, 9) safe_wait=(22, 8) DECISION=YIELD (Lower precedence at intersection (66.7 vs 67.0) -> Safe wait at (22, 8) for AMR-02)
05:15:39.374 [AMR-04] STATE_TRANSITION EMERGENCY_STOP -> YIELDING (intent=YIELD)
05:15:39.473 [AMR-04] CONFLICT_DETECTED peer=AMR-02 type=INTERSECTION node=(22, 9) safe_wait=(22, 8) DECISION=YIELD (Lower precedence at intersection (66.7 vs 66.9) -> Safe wait at (22, 8) for AMR-02)
05:15:39.576 [AMR-04] CONFLICT_DETECTED peer=AMR-02 type=INTERSECTION node=(22, 9) safe_wait=(22, 8) DECISION=PROCEED (Higher precedence (66.9 vs 66.7) -> Proceed through (22, 9))
05:15:39.576 [AMR-04] STATE_TRANSITION YIELDING -> MOVING (intent=MOVE)
05:15:39.678 [AMR-04] STATE_TRANSITION MOVING -> EMERGENCY_STOP (intent=STOP)
05:15:39.678 [AMR-04] SAFETY_STOP min_obstacle_distance=1.01m <= 1.2m
05:15:39.779 [AMR-04] CONFLICT_DETECTED peer=AMR-02 type=INTERSECTION node=(22, 9) safe_wait=(22, 8) DECISION=YIELD (Lower precedence at intersection (66.8 vs 66.8) -> Safe wait at (22, 8) for AMR-02)
05:15:39.780 [AMR-04] STATE_TRANSITION EMERGENCY_STOP -> YIELDING (intent=YIELD)
05:15:39.882 [AMR-04] CONFLICT_DETECTED peer=AMR-02 type=INTERSECTION node=(22, 9) safe_wait=(22, 8) DECISION=PROCEED (Higher precedence (67.0 vs 66.8) -> Proceed through (22, 9))
05:15:39.882 [AMR-04] STATE_TRANSITION YIELDING -> MOVING (intent=MOVE)
05:15:39.981 [AMR-04] STATE_TRANSITION MOVING -> EMERGENCY_STOP (intent=STOP)
05:15:39.981 [AMR-04] SAFETY_STOP min_obstacle_distance=1.05m <= 1.2m
05:15:40.083 [AMR-04] CONFLICT_DETECTED peer=AMR-02 type=INTERSECTION node=(22, 9) safe_wait=(22, 8) DECISION=PROCEED (Higher precedence (66.8 vs 66.8) -> Proceed through (22, 9))
05:15:40.083 [AMR-04] STATE_TRANSITION EMERGENCY_STOP -> MOVING (intent=MOVE)
05:15:40.184 [AMR-04] STATE_TRANSITION MOVING -> EMERGENCY_STOP (intent=STOP)
05:15:40.185 [AMR-04] SAFETY_STOP min_obstacle_distance=1.10m <= 1.2m
05:15:40.286 [AMR-04] CONFLICT_DETECTED peer=AMR-02 type=INTERSECTION node=(22, 9) safe_wait=(22, 8) DECISION=YIELD (Lower precedence at intersection (66.7 vs 67.0) -> Safe wait at (22, 8) for AMR-02)
05:15:40.287 [AMR-04] STATE_TRANSITION EMERGENCY_STOP -> YIELDING (intent=YIELD)
05:15:40.388 [AMR-04] CONFLICT_DETECTED peer=AMR-02 type=INTERSECTION node=(22, 9) safe_wait=(22, 8) DECISION=PROCEED (Higher precedence (66.9 vs 66.9) -> Proceed through (22, 9))
05:15:40.388 [AMR-04] STATE_TRANSITION YIELDING -> MOVING (intent=MOVE)
05:15:40.487 [AMR-04] STATE_TRANSITION MOVING -> EMERGENCY_STOP (intent=STOP)
05:15:40.487 [AMR-04] SAFETY_STOP min_obstacle_distance=1.00m <= 1.2m
05:15:40.590 [AMR-04] CONFLICT_DETECTED peer=AMR-02 type=INTERSECTION node=(22, 9) safe_wait=(22, 8) DECISION=YIELD (Lower precedence at intersection (66.5 vs 66.5) -> Safe wait at (22, 8) for AMR-02)
05:15:40.590 [AMR-04] STATE_TRANSITION EMERGENCY_STOP -> YIELDING (intent=YIELD)
05:15:40.691 [AMR-04] CONFLICT_DETECTED peer=AMR-02 type=INTERSECTION node=(22, 9) safe_wait=(22, 8) DECISION=PROCEED (Higher precedence (66.7 vs 66.5) -> Proceed through (22, 9))
05:15:40.691 [AMR-04] STATE_TRANSITION YIELDING -> MOVING (intent=MOVE)
05:15:40.793 [AMR-04] STATE_TRANSITION MOVING -> EMERGENCY_STOP (intent=STOP)
05:15:40.793 [AMR-04] SAFETY_STOP min_obstacle_distance=1.01m <= 1.2m
05:15:40.894 [AMR-04] CONFLICT_DETECTED peer=AMR-02 type=INTERSECTION node=(22, 9) safe_wait=(22, 8) DECISION=YIELD (Lower precedence at intersection (66.6 vs 67.0) -> Safe wait at (22, 8) for AMR-02)
05:15:40.895 [AMR-04] STATE_TRANSITION EMERGENCY_STOP -> YIELDING (intent=YIELD)
05:15:40.995 [AMR-04] CONFLICT_DETECTED peer=AMR-02 type=INTERSECTION node=(22, 9) safe_wait=(22, 8) DECISION=YIELD (Lower precedence at intersection (66.8 vs 66.8) -> Safe wait at (22, 8) for AMR-02)
05:15:41.095 [AMR-04] CONFLICT_DETECTED peer=AMR-02 type=INTERSECTION node=(22, 9) safe_wait=(22, 8) DECISION=PROCEED (Higher precedence (67.0 vs 66.8) -> Proceed through (22, 9))
05:15:41.096 [AMR-04] STATE_TRANSITION YIELDING -> MOVING (intent=MOVE)
05:15:41.197 [AMR-04] STATE_TRANSITION MOVING -> EMERGENCY_STOP (intent=STOP)
05:15:41.197 [AMR-04] SAFETY_STOP min_obstacle_distance=1.05m <= 1.2m
05:15:41.298 [AMR-04] CONFLICT_DETECTED peer=AMR-02 type=INTERSECTION node=(22, 9) safe_wait=(22, 8) DECISION=PROCEED (Higher precedence (66.8 vs 66.6) -> Proceed through (22, 9))
05:15:41.299 [AMR-04] STATE_TRANSITION EMERGENCY_STOP -> MOVING (intent=MOVE)
05:15:41.399 [AMR-04] STATE_TRANSITION MOVING -> EMERGENCY_STOP (intent=STOP)
05:15:41.399 [AMR-04] SAFETY_STOP min_obstacle_distance=1.10m <= 1.2m
05:15:41.499 [AMR-04] CONFLICT_DETECTED peer=AMR-02 type=INTERSECTION node=(22, 9) safe_wait=(22, 8) DECISION=YIELD (Lower precedence at intersection (66.5 vs 67.0) -> Safe wait at (22, 8) for AMR-02)
05:15:41.499 [AMR-04] STATE_TRANSITION EMERGENCY_STOP -> YIELDING (intent=YIELD)
05:15:41.601 [AMR-04] CONFLICT_DETECTED peer=AMR-02 type=INTERSECTION node=(22, 9) safe_wait=(22, 8) DECISION=YIELD (Lower precedence at intersection (66.7 vs 66.8) -> Safe wait at (22, 8) for AMR-02)
05:15:41.700 [AMR-04] CONFLICT_DETECTED peer=AMR-02 type=INTERSECTION node=(22, 9) safe_wait=(22, 8) DECISION=PROCEED (Higher precedence (66.9 vs 66.8) -> Proceed through (22, 9))
05:15:41.701 [AMR-04] STATE_TRANSITION YIELDING -> MOVING (intent=MOVE)
05:15:41.801 [AMR-04] STATE_TRANSITION MOVING -> EMERGENCY_STOP (intent=STOP)
05:15:41.801 [AMR-04] SAFETY_STOP min_obstacle_distance=1.01m <= 1.2m
05:15:41.902 [AMR-04] CONFLICT_DETECTED peer=AMR-02 type=INTERSECTION node=(22, 9) safe_wait=(22, 8) DECISION=YIELD (Lower precedence at intersection (66.8 vs 66.8) -> Safe wait at (22, 8) for AMR-02)
05:15:41.902 [AMR-04] STATE_TRANSITION EMERGENCY_STOP -> YIELDING (intent=YIELD)
05:15:42.003 [AMR-04] CONFLICT_DETECTED peer=AMR-02 type=INTERSECTION node=(22, 9) safe_wait=(22, 8) DECISION=PROCEED (Higher precedence (67.0 vs 66.8) -> Proceed through (22, 9))
05:15:42.004 [AMR-04] STATE_TRANSITION YIELDING -> MOVING (intent=MOVE)
05:15:42.106 [AMR-04] STATE_TRANSITION MOVING -> EMERGENCY_STOP (intent=STOP)
05:15:42.106 [AMR-04] SAFETY_STOP min_obstacle_distance=1.04m <= 1.2m
05:15:42.206 [AMR-04] CONFLICT_DETECTED peer=AMR-02 type=INTERSECTION node=(22, 9) safe_wait=(22, 8) DECISION=YIELD (Lower precedence at intersection (66.8 vs 66.8) -> Safe wait at (22, 8) for AMR-02)
05:15:42.206 [AMR-04] STATE_TRANSITION EMERGENCY_STOP -> YIELDING (intent=YIELD)
05:15:42.308 [AMR-04] CONFLICT_DETECTED peer=AMR-02 type=INTERSECTION node=(22, 9) safe_wait=(22, 8) DECISION=PROCEED (Higher precedence (67.0 vs 66.8) -> Proceed through (22, 9))
05:15:42.309 [AMR-04] STATE_TRANSITION YIELDING -> MOVING (intent=MOVE)
05:15:42.409 [AMR-04] STATE_TRANSITION MOVING -> EMERGENCY_STOP (intent=STOP)
05:15:42.409 [AMR-04] SAFETY_STOP min_obstacle_distance=1.10m <= 1.2m
05:15:42.508 [AMR-04] CONFLICT_DETECTED peer=AMR-02 type=INTERSECTION node=(22, 9) safe_wait=(22, 8) DECISION=YIELD (Lower precedence at intersection (66.7 vs 66.9) -> Safe wait at (22, 8) for AMR-02)
05:15:42.508 [AMR-04] STATE_TRANSITION EMERGENCY_STOP -> YIELDING (intent=YIELD)
05:15:42.611 [AMR-04] CONFLICT_DETECTED peer=AMR-02 type=INTERSECTION node=(22, 9) safe_wait=(22, 8) DECISION=PROCEED (Higher precedence (66.9 vs 66.7) -> Proceed through (22, 9))
05:15:42.612 [AMR-04] STATE_TRANSITION YIELDING -> MOVING (intent=MOVE)
05:15:42.712 [AMR-04] STATE_TRANSITION MOVING -> EMERGENCY_STOP (intent=STOP)
05:15:42.712 [AMR-04] SAFETY_STOP min_obstacle_distance=1.01m <= 1.2m
05:15:42.812 [AMR-04] CONFLICT_DETECTED peer=AMR-02 type=INTERSECTION node=(22, 9) safe_wait=(22, 8) DECISION=YIELD (Lower precedence at intersection (66.8 vs 67.2) -> Safe wait at (22, 8) for AMR-02)
05:15:42.812 [AMR-04] STATE_TRANSITION EMERGENCY_STOP -> YIELDING (intent=YIELD)
05:15:42.915 [AMR-04] CONFLICT_DETECTED peer=AMR-02 type=INTERSECTION node=(22, 9) safe_wait=(22, 8) DECISION=YIELD (Lower precedence at intersection (67.0 vs 67.0) -> Safe wait at (22, 8) for AMR-02)
05:15:43.015 [AMR-04] CONFLICT_DETECTED peer=AMR-02 type=INTERSECTION node=(22, 9) safe_wait=(22, 8) DECISION=PROCEED (Higher precedence (67.2 vs 67.0) -> Proceed through (22, 9))
05:15:43.015 [AMR-04] STATE_TRANSITION YIELDING -> MOVING (intent=MOVE)
05:15:43.117 [AMR-04] STATE_TRANSITION MOVING -> EMERGENCY_STOP (intent=STOP)
05:15:43.117 [AMR-04] SAFETY_STOP min_obstacle_distance=1.04m <= 1.2m
05:15:43.217 [AMR-04] CONFLICT_DETECTED peer=AMR-02 type=INTERSECTION node=(22, 9) safe_wait=(22, 8) DECISION=PROCEED (Higher precedence (67.0 vs 66.8) -> Proceed through (22, 9))
05:15:43.217 [AMR-04] STATE_TRANSITION EMERGENCY_STOP -> MOVING (intent=MOVE)
05:15:43.318 [AMR-04] STATE_TRANSITION MOVING -> EMERGENCY_STOP (intent=STOP)
05:15:43.318 [AMR-04] SAFETY_STOP min_obstacle_distance=1.10m <= 1.2m
05:15:43.420 [AMR-04] CONFLICT_DETECTED peer=AMR-02 type=INTERSECTION node=(22, 9) safe_wait=(22, 8) DECISION=YIELD (Lower precedence at intersection (66.9 vs 67.2) -> Safe wait at (22, 8) for AMR-02)
05:15:43.420 [AMR-04] STATE_TRANSITION EMERGENCY_STOP -> YIELDING (intent=YIELD)
05:15:43.520 [AMR-04] CONFLICT_DETECTED peer=AMR-02 type=INTERSECTION node=(22, 9) safe_wait=(22, 8) DECISION=YIELD (Lower precedence at intersection (66.9 vs 67.1) -> Safe wait at (22, 8) for AMR-02)
05:15:43.622 [AMR-04] CONFLICT_DETECTED peer=AMR-02 type=INTERSECTION node=(22, 9) safe_wait=(22, 8) DECISION=PROCEED (Higher precedence (67.1 vs 66.9) -> Proceed through (22, 9))
05:15:43.623 [AMR-04] STATE_TRANSITION YIELDING -> MOVING (intent=MOVE)
05:15:43.725 [AMR-04] STATE_TRANSITION MOVING -> EMERGENCY_STOP (intent=STOP)
05:15:43.725 [AMR-04] SAFETY_STOP min_obstacle_distance=1.01m <= 1.2m
05:15:43.825 [AMR-04] CONFLICT_DETECTED peer=AMR-02 type=INTERSECTION node=(22, 9) safe_wait=(22, 8) DECISION=YIELD (Lower precedence at intersection (67.0 vs 67.0) -> Safe wait at (22, 8) for AMR-02)
05:15:43.826 [AMR-04] STATE_TRANSITION EMERGENCY_STOP -> YIELDING (intent=YIELD)
05:15:43.926 [AMR-04] CONFLICT_DETECTED peer=AMR-02 type=INTERSECTION node=(22, 9) safe_wait=(22, 8) DECISION=YIELD (Lower precedence at intersection (67.2 vs 67.2) -> Safe wait at (22, 8) for AMR-02)
05:15:44.028 [AMR-04] CONFLICT_DETECTED peer=AMR-02 type=INTERSECTION node=(22, 9) safe_wait=(22, 8) DECISION=PROCEED (Higher precedence (67.4 vs 67.2) -> Proceed through (22, 9))
05:15:44.028 [AMR-04] STATE_TRANSITION YIELDING -> MOVING (intent=MOVE)
05:15:44.127 [AMR-04] STATE_TRANSITION MOVING -> EMERGENCY_STOP (intent=STOP)
05:15:44.127 [AMR-04] SAFETY_STOP min_obstacle_distance=1.05m <= 1.2m
05:15:44.227 [AMR-04] CONFLICT_DETECTED peer=AMR-02 type=INTERSECTION node=(22, 9) safe_wait=(22, 8) DECISION=PROCEED (Higher precedence (67.2 vs 67.0) -> Proceed through (22, 9))
05:15:44.228 [AMR-04] STATE_TRANSITION EMERGENCY_STOP -> MOVING (intent=MOVE)
05:15:44.328 [AMR-04] STATE_TRANSITION MOVING -> EMERGENCY_STOP (intent=STOP)
05:15:44.328 [AMR-04] SAFETY_STOP min_obstacle_distance=1.10m <= 1.2m
05:15:44.428 [AMR-04] CONFLICT_DETECTED peer=AMR-02 type=INTERSECTION node=(22, 9) safe_wait=(22, 8) DECISION=YIELD (Lower precedence at intersection (67.1 vs 67.4) -> Safe wait at (22, 8) for AMR-02)
05:15:44.448 [AMR-04] STATE_TRANSITION EMERGENCY_STOP -> YIELDING (intent=YIELD)
05:15:44.528 [AMR-04] CONFLICT_DETECTED peer=AMR-02 type=INTERSECTION node=(22, 9) safe_wait=(22, 8) DECISION=YIELD (Lower precedence at intersection (67.1 vs 67.3) -> Safe wait at (22, 8) for AMR-02)
05:15:44.631 [AMR-04] CONFLICT_DETECTED peer=AMR-02 type=INTERSECTION node=(22, 9) safe_wait=(22, 8) DECISION=PROCEED (Higher precedence (67.3 vs 67.1) -> Proceed through (22, 9))
05:15:44.631 [AMR-04] STATE_TRANSITION YIELDING -> MOVING (intent=MOVE)
05:15:44.731 [AMR-04] STATE_TRANSITION MOVING -> EMERGENCY_STOP (intent=STOP)
05:15:44.731 [AMR-04] SAFETY_STOP min_obstacle_distance=1.01m <= 1.2m
05:15:44.832 [AMR-04] CONFLICT_DETECTED peer=AMR-02 type=INTERSECTION node=(22, 9) safe_wait=(22, 8) DECISION=YIELD (Lower precedence at intersection (67.2 vs 67.2) -> Safe wait at (22, 8) for AMR-02)
05:15:44.832 [AMR-04] STATE_TRANSITION EMERGENCY_STOP -> YIELDING (intent=YIELD)
05:15:44.934 [AMR-04] CONFLICT_DETECTED peer=AMR-02 type=INTERSECTION node=(22, 9) safe_wait=(22, 8) DECISION=PROCEED (Higher precedence (67.4 vs 67.2) -> Proceed through (22, 9))
05:15:44.934 [AMR-04] STATE_TRANSITION YIELDING -> MOVING (intent=MOVE)
05:15:45.035 [AMR-04] STATE_TRANSITION MOVING -> EMERGENCY_STOP (intent=STOP)
05:15:45.035 [AMR-04] SAFETY_STOP min_obstacle_distance=1.05m <= 1.2m
05:15:45.137 [AMR-04] CONFLICT_DETECTED peer=AMR-02 type=INTERSECTION node=(22, 9) safe_wait=(22, 8) DECISION=YIELD (Lower precedence at intersection (67.2 vs 67.2) -> Safe wait at (22, 8) for AMR-02)
05:15:45.137 [AMR-04] STATE_TRANSITION EMERGENCY_STOP -> YIELDING (intent=YIELD)
05:15:45.238 [AMR-04] CONFLICT_DETECTED peer=AMR-02 type=INTERSECTION node=(22, 9) safe_wait=(22, 8) DECISION=PROCEED (Higher precedence (67.4 vs 67.2) -> Proceed through (22, 9))
05:15:45.239 [AMR-04] STATE_TRANSITION YIELDING -> MOVING (intent=MOVE)
05:15:45.339 [AMR-04] STATE_TRANSITION MOVING -> EMERGENCY_STOP (intent=STOP)
05:15:45.339 [AMR-04] SAFETY_STOP min_obstacle_distance=1.10m <= 1.2m
05:15:45.442 [AMR-04] CONFLICT_DETECTED peer=AMR-02 type=INTERSECTION node=(22, 9) safe_wait=(22, 8) DECISION=PROCEED (Higher precedence (67.3 vs 67.3) -> Proceed through (22, 9))
05:15:45.442 [AMR-04] STATE_TRANSITION EMERGENCY_STOP -> MOVING (intent=MOVE)
05:15:45.542 [AMR-04] STATE_TRANSITION MOVING -> EMERGENCY_STOP (intent=STOP)
05:15:45.542 [AMR-04] SAFETY_STOP min_obstacle_distance=1.00m <= 1.2m
05:15:45.643 [AMR-04] CONFLICT_DETECTED peer=AMR-02 type=INTERSECTION node=(22, 9) safe_wait=(22, 8) DECISION=YIELD (Lower precedence at intersection (66.9 vs 67.3) -> Safe wait at (22, 8) for AMR-02)
05:15:45.644 [AMR-04] STATE_TRANSITION EMERGENCY_STOP -> YIELDING (intent=YIELD)
05:15:45.744 [AMR-04] CONFLICT_DETECTED peer=AMR-02 type=INTERSECTION node=(22, 9) safe_wait=(22, 8) DECISION=YIELD (Lower precedence at intersection (67.1 vs 67.2) -> Safe wait at (22, 8) for AMR-02)
05:15:45.845 [AMR-04] CONFLICT_DETECTED peer=AMR-02 type=INTERSECTION node=(22, 9) safe_wait=(22, 8) DECISION=PROCEED (Higher precedence (67.3 vs 67.2) -> Proceed through (22, 9))
05:15:45.845 [AMR-04] STATE_TRANSITION YIELDING -> MOVING (intent=MOVE)
05:15:45.946 [AMR-04] STATE_TRANSITION MOVING -> EMERGENCY_STOP (intent=STOP)
05:15:45.946 [AMR-04] SAFETY_STOP min_obstacle_distance=1.01m <= 1.2m
05:15:46.046 [AMR-04] CONFLICT_DETECTED peer=AMR-02 type=INTERSECTION node=(22, 9) safe_wait=(22, 8) DECISION=YIELD (Lower precedence at intersection (67.2 vs 67.2) -> Safe wait at (22, 8) for AMR-02)
05:15:46.046 [AMR-04] STATE_TRANSITION EMERGENCY_STOP -> YIELDING (intent=YIELD)
05:15:46.146 [AMR-04] CONFLICT_DETECTED peer=AMR-02 type=INTERSECTION node=(22, 9) safe_wait=(22, 8) DECISION=PROCEED (Higher precedence (67.4 vs 67.2) -> Proceed through (22, 9))
05:15:46.147 [AMR-04] STATE_TRANSITION YIELDING -> MOVING (intent=MOVE)
05:15:46.247 [AMR-04] STATE_TRANSITION MOVING -> EMERGENCY_STOP (intent=STOP)
05:15:46.247 [AMR-04] SAFETY_STOP min_obstacle_distance=1.04m <= 1.2m
05:15:46.348 [AMR-04] CONFLICT_DETECTED peer=AMR-02 type=INTERSECTION node=(22, 9) safe_wait=(22, 8) DECISION=YIELD (Lower precedence at intersection (67.2 vs 67.3) -> Safe wait at (22, 8) for AMR-02)
05:15:46.348 [AMR-04] STATE_TRANSITION EMERGENCY_STOP -> YIELDING (intent=YIELD)
05:15:46.449 [AMR-04] CONFLICT_DETECTED peer=AMR-02 type=INTERSECTION node=(22, 9) safe_wait=(22, 8) DECISION=PROCEED (Higher precedence (67.4 vs 67.3) -> Proceed through (22, 9))
05:15:46.449 [AMR-04] STATE_TRANSITION YIELDING -> MOVING (intent=MOVE)
05:15:46.549 [AMR-04] STATE_TRANSITION MOVING -> EMERGENCY_STOP (intent=STOP)
05:15:46.549 [AMR-04] SAFETY_STOP min_obstacle_distance=1.00m <= 1.2m
05:15:46.650 [AMR-04] CONFLICT_DETECTED peer=AMR-02 type=INTERSECTION node=(22, 9) safe_wait=(22, 8) DECISION=YIELD (Lower precedence at intersection (67.1 vs 67.1) -> Safe wait at (22, 8) for AMR-02)
05:15:46.650 [AMR-04] STATE_TRANSITION EMERGENCY_STOP -> YIELDING (intent=YIELD)
05:15:46.751 [AMR-04] CONFLICT_DETECTED peer=AMR-02 type=INTERSECTION node=(22, 9) safe_wait=(22, 8) DECISION=PROCEED (Higher precedence (67.3 vs 67.1) -> Proceed through (22, 9))
05:15:46.751 [AMR-04] STATE_TRANSITION YIELDING -> MOVING (intent=MOVE)
05:15:46.851 [AMR-04] STATE_TRANSITION MOVING -> EMERGENCY_STOP (intent=STOP)
05:15:46.851 [AMR-04] SAFETY_STOP min_obstacle_distance=1.01m <= 1.2m
05:15:46.952 [AMR-04] CONFLICT_DETECTED peer=AMR-02 type=INTERSECTION node=(22, 9) safe_wait=(22, 8) DECISION=YIELD (Lower precedence at intersection (67.2 vs 67.5) -> Safe wait at (22, 8) for AMR-02)
05:15:46.953 [AMR-04] STATE_TRANSITION EMERGENCY_STOP -> YIELDING (intent=YIELD)
05:15:47.053 [AMR-04] CONFLICT_DETECTED peer=AMR-02 type=INTERSECTION node=(22, 9) safe_wait=(22, 8) DECISION=YIELD (Lower precedence at intersection (67.4 vs 67.4) -> Safe wait at (22, 8) for AMR-02)
05:15:47.154 [AMR-04] CONFLICT_DETECTED peer=AMR-02 type=INTERSECTION node=(22, 9) safe_wait=(22, 8) DECISION=PROCEED (Higher precedence (67.6 vs 67.4) -> Proceed through (22, 9))
05:15:47.154 [AMR-04] STATE_TRANSITION YIELDING -> MOVING (intent=MOVE)
05:15:47.254 [AMR-04] STATE_TRANSITION MOVING -> EMERGENCY_STOP (intent=STOP)
05:15:47.254 [AMR-04] SAFETY_STOP min_obstacle_distance=1.04m <= 1.2m
05:15:47.354 [AMR-04] CONFLICT_DETECTED peer=AMR-02 type=INTERSECTION node=(22, 9) safe_wait=(22, 8) DECISION=PROCEED (Higher precedence (67.4 vs 67.2) -> Proceed through (22, 9))
05:15:47.355 [AMR-04] STATE_TRANSITION EMERGENCY_STOP -> MOVING (intent=MOVE)
05:15:47.456 [AMR-04] CONFLICT_DETECTED peer=AMR-02 type=SAME_NEXT_NODE node=(22, 9) safe_wait=(22, 8) DECISION=PROCEED (Higher precedence (67.6 vs 67.4) -> Proceed through (22, 9))
05:15:47.556 [AMR-04] RESERVATION_WAIT: Zone (22, 9) reserved by AMR-02 (priority 67.5 >= 67.4)
05:15:47.556 [AMR-04] STATE_TRANSITION MOVING -> WAITING (intent=WAIT)
05:15:47.657 [AMR-04] CONFLICT_DETECTED peer=AMR-02 type=INTERSECTION node=(22, 10) safe_wait=(22, 9) DECISION=PROCEED (Higher precedence (67.6 vs 67.5) -> Proceed through (22, 10))
05:15:47.657 [AMR-04] STATE_TRANSITION WAITING -> MOVING (intent=MOVE)
05:15:47.757 [AMR-04] STATE_TRANSITION MOVING -> EMERGENCY_STOP (intent=STOP)
05:15:47.757 [AMR-04] SAFETY_STOP min_obstacle_distance=0.85m <= 1.2m
05:15:47.857 [AMR-04] RESERVATION_WAIT: Zone (22, 9) reserved by AMR-02 (priority 67.5 >= 67.5)
05:15:47.858 [AMR-04] STATE_TRANSITION EMERGENCY_STOP -> WAITING (intent=WAIT)
05:15:47.958 [AMR-04] CONFLICT_DETECTED peer=AMR-02 type=INTERSECTION node=(22, 10) safe_wait=(22, 9) DECISION=PROCEED (Higher precedence (67.7 vs 67.4) -> Proceed through (22, 10))
05:15:47.958 [AMR-04] STATE_TRANSITION WAITING -> MOVING (intent=MOVE)
05:15:48.059 [AMR-04] STATE_TRANSITION MOVING -> EMERGENCY_STOP (intent=STOP)
05:15:48.059 [AMR-04] SAFETY_STOP min_obstacle_distance=1.00m <= 1.2m
05:15:48.161 [AMR-04] RESERVATION_WAIT: Zone (22, 9) reserved by AMR-02 (priority 67.5 >= 67.5)
05:15:48.161 [AMR-04] STATE_TRANSITION EMERGENCY_STOP -> WAITING (intent=WAIT)
05:15:48.262 [AMR-04] CONFLICT_DETECTED peer=AMR-02 type=INTERSECTION node=(22, 10) safe_wait=(22, 9) DECISION=PROCEED (Higher precedence (67.7 vs 67.5) -> Proceed through (22, 10))
05:15:48.262 [AMR-04] STATE_TRANSITION WAITING -> MOVING (intent=MOVE)
05:15:48.362 [AMR-04] STATE_TRANSITION MOVING -> EMERGENCY_STOP (intent=STOP)
05:15:48.362 [AMR-04] SAFETY_STOP min_obstacle_distance=1.00m <= 1.2m
05:15:48.462 [AMR-04] RESERVATION_WAIT: Zone (22, 9) reserved by AMR-02 (priority 67.5 >= 67.4)
05:15:48.462 [AMR-04] STATE_TRANSITION EMERGENCY_STOP -> WAITING (intent=WAIT)
05:15:48.563 [AMR-04] CONFLICT_DETECTED peer=AMR-02 type=INTERSECTION node=(22, 10) safe_wait=(22, 9) DECISION=PROCEED (Higher precedence (67.6 vs 67.5) -> Proceed through (22, 10))
05:15:48.563 [AMR-04] STATE_TRANSITION WAITING -> MOVING (intent=MOVE)
05:15:48.664 [AMR-04] STATE_TRANSITION MOVING -> EMERGENCY_STOP (intent=STOP)
05:15:48.664 [AMR-04] SAFETY_STOP min_obstacle_distance=0.85m <= 1.2m
05:15:48.763 [AMR-04] RESERVATION_WAIT: Zone (22, 9) reserved by AMR-02 (priority 67.5 >= 67.5)
05:15:48.764 [AMR-04] STATE_TRANSITION EMERGENCY_STOP -> WAITING (intent=WAIT)
05:15:48.865 [AMR-04] CONFLICT_DETECTED peer=AMR-02 type=INTERSECTION node=(22, 10) safe_wait=(22, 9) DECISION=PROCEED (Higher precedence (67.7 vs 67.6) -> Proceed through (22, 10))
05:15:48.865 [AMR-04] STATE_TRANSITION WAITING -> MOVING (intent=MOVE)
05:15:48.965 [AMR-04] STATE_TRANSITION MOVING -> EMERGENCY_STOP (intent=STOP)
05:15:48.965 [AMR-04] SAFETY_STOP min_obstacle_distance=0.85m <= 1.2m
05:15:49.066 [AMR-04] RESERVATION_WAIT: Zone (22, 9) reserved by AMR-02 (priority 67.5 >= 67.5)
05:15:49.066 [AMR-04] STATE_TRANSITION EMERGENCY_STOP -> WAITING (intent=WAIT)
05:15:49.166 [AMR-04] CONFLICT_DETECTED peer=AMR-02 type=INTERSECTION node=(22, 10) safe_wait=(22, 9) DECISION=PROCEED (Higher precedence (67.7 vs 67.5) -> Proceed through (22, 10))
05:15:49.167 [AMR-04] STATE_TRANSITION WAITING -> MOVING (intent=MOVE)
05:15:49.267 [AMR-04] STATE_TRANSITION MOVING -> EMERGENCY_STOP (intent=STOP)
05:15:49.267 [AMR-04] SAFETY_STOP min_obstacle_distance=0.85m <= 1.2m
05:15:49.367 [AMR-04] CONFLICT_DETECTED peer=AMR-02 type=INTERSECTION node=(22, 10) safe_wait=(22, 9) DECISION=PROCEED (Higher precedence (67.6 vs 67.6) -> Proceed through (22, 10))
05:15:49.367 [AMR-04] STATE_TRANSITION EMERGENCY_STOP -> MOVING (intent=MOVE)
05:15:49.469 [AMR-04] RESERVATION_WAIT: Zone (22, 9) reserved by AMR-02 (priority 67.5 >= 67.2)
05:15:49.470 [AMR-04] STATE_TRANSITION MOVING -> WAITING (intent=WAIT)
05:15:49.570 [AMR-04] RESERVATION_WAIT: Zone (22, 9) reserved by AMR-02 (priority 67.5 >= 67.4)
05:15:49.670 [AMR-04] CONFLICT_DETECTED peer=AMR-02 type=INTERSECTION node=(22, 10) safe_wait=(22, 9) DECISION=YIELD (Lower precedence at intersection (67.6 vs 67.8) -> Safe wait at (22, 9) for AMR-02)
05:15:49.671 [AMR-04] STATE_TRANSITION WAITING -> YIELDING (intent=YIELD)
05:15:49.771 [AMR-04] CONFLICT_DETECTED peer=AMR-02 type=INTERSECTION node=(22, 10) safe_wait=(22, 9) DECISION=PROCEED (Higher precedence (67.8 vs 67.6) -> Proceed through (22, 10))
05:15:49.772 [AMR-04] STATE_TRANSITION YIELDING -> MOVING (intent=MOVE)
05:15:49.871 [AMR-04] STATE_TRANSITION MOVING -> EMERGENCY_STOP (intent=STOP)
05:15:49.872 [AMR-04] SAFETY_STOP min_obstacle_distance=1.00m <= 1.2m
05:15:49.972 [AMR-04] CONFLICT_DETECTED peer=AMR-02 type=INTERSECTION node=(22, 10) safe_wait=(22, 9) DECISION=PROCEED (Higher precedence (67.7 vs 67.5) -> Proceed through (22, 10))
05:15:49.972 [AMR-04] STATE_TRANSITION EMERGENCY_STOP -> MOVING (intent=MOVE)
05:15:50.072 [AMR-04] STATE_TRANSITION MOVING -> EMERGENCY_STOP (intent=STOP)
05:15:50.072 [AMR-04] SAFETY_STOP min_obstacle_distance=1.00m <= 1.2m
05:15:50.173 [AMR-04] RESERVATION_WAIT: Zone (22, 9) reserved by AMR-02 (priority 67.5 >= 67.5)
05:15:50.173 [AMR-04] STATE_TRANSITION EMERGENCY_STOP -> WAITING (intent=WAIT)
05:15:50.274 [AMR-04] CONFLICT_DETECTED peer=AMR-02 type=INTERSECTION node=(22, 10) safe_wait=(22, 9) DECISION=YIELD (Lower precedence at intersection (67.7 vs 67.8) -> Safe wait at (22, 9) for AMR-02)
05:15:50.274 [AMR-04] STATE_TRANSITION WAITING -> YIELDING (intent=YIELD)
05:15:50.374 [AMR-04] CONFLICT_DETECTED peer=AMR-02 type=INTERSECTION node=(22, 10) safe_wait=(22, 9) DECISION=PROCEED (Higher precedence (67.9 vs 67.8) -> Proceed through (22, 10))
05:15:50.374 [AMR-04] STATE_TRANSITION YIELDING -> MOVING (intent=MOVE)
05:15:50.475 [AMR-04] CONFLICT_DETECTED peer=AMR-02 type=INTERSECTION node=(22, 10) safe_wait=(22, 9) DECISION=YIELD (Lower precedence at intersection (67.6 vs 67.7) -> Safe wait at (22, 9) for AMR-02)
05:15:50.476 [AMR-04] STATE_TRANSITION MOVING -> YIELDING (intent=YIELD)
05:15:50.575 [AMR-04] CONFLICT_DETECTED peer=AMR-02 type=INTERSECTION node=(22, 10) safe_wait=(22, 9) DECISION=PROCEED (Higher precedence (67.8 vs 67.3) -> Proceed through (22, 10))
05:15:50.575 [AMR-04] STATE_TRANSITION YIELDING -> MOVING (intent=MOVE)
05:15:50.676 [AMR-04] STATE_TRANSITION MOVING -> EMERGENCY_STOP (intent=STOP)
05:15:50.676 [AMR-04] SAFETY_STOP min_obstacle_distance=0.85m <= 1.2m
05:15:50.776 [AMR-04] CONFLICT_DETECTED peer=AMR-02 type=INTERSECTION node=(22, 10) safe_wait=(22, 9) DECISION=YIELD (Lower precedence at intersection (67.7 vs 67.8) -> Safe wait at (22, 9) for AMR-02)
05:15:50.776 [AMR-04] STATE_TRANSITION EMERGENCY_STOP -> YIELDING (intent=YIELD)
05:15:50.877 [AMR-04] CONFLICT_DETECTED peer=AMR-02 type=INTERSECTION node=(22, 10) safe_wait=(22, 9) DECISION=YIELD (Lower precedence at intersection (67.9 vs 68.0) -> Safe wait at (22, 9) for AMR-02)
05:15:50.978 [AMR-04] CONFLICT_DETECTED peer=AMR-02 type=INTERSECTION node=(22, 10) safe_wait=(22, 9) DECISION=PROCEED (Higher precedence (68.1 vs 67.8) -> Proceed through (22, 10))
05:15:50.978 [AMR-04] STATE_TRANSITION YIELDING -> MOVING (intent=MOVE)
05:15:51.079 [AMR-04] STATE_TRANSITION MOVING -> EMERGENCY_STOP (intent=STOP)
05:15:51.079 [AMR-04] SAFETY_STOP min_obstacle_distance=0.85m <= 1.2m
05:15:51.180 [AMR-04] CONFLICT_DETECTED peer=AMR-02 type=INTERSECTION node=(22, 10) safe_wait=(22, 9) DECISION=YIELD (Lower precedence at intersection (67.9 vs 68.0) -> Safe wait at (22, 9) for AMR-02)
05:15:51.180 [AMR-04] STATE_TRANSITION EMERGENCY_STOP -> YIELDING (intent=YIELD)
05:15:51.280 [AMR-04] CONFLICT_DETECTED peer=AMR-02 type=INTERSECTION node=(22, 10) safe_wait=(22, 9) DECISION=YIELD (Lower precedence at intersection (68.1 vs 68.2) -> Safe wait at (22, 9) for AMR-02)
05:15:51.381 [AMR-04] CONFLICT_DETECTED peer=AMR-02 type=INTERSECTION node=(22, 10) safe_wait=(22, 9) DECISION=PROCEED (Higher precedence (68.3 vs 68.1) -> Proceed through (22, 10))
05:15:51.381 [AMR-04] STATE_TRANSITION YIELDING -> MOVING (intent=MOVE)
05:15:51.482 [AMR-04] CONFLICT_DETECTED peer=AMR-02 type=INTERSECTION node=(22, 10) safe_wait=(22, 9) DECISION=YIELD (Lower precedence at intersection (68.0 vs 68.1) -> Safe wait at (22, 9) for AMR-02)
05:15:51.482 [AMR-04] STATE_TRANSITION MOVING -> YIELDING (intent=YIELD)
05:15:51.583 [AMR-04] CONFLICT_DETECTED peer=AMR-02 type=INTERSECTION node=(22, 10) safe_wait=(22, 9) DECISION=PROCEED (Higher precedence (68.2 vs 68.2) -> Proceed through (22, 10))
05:15:51.583 [AMR-04] STATE_TRANSITION YIELDING -> MOVING (intent=MOVE)
05:15:51.684 [AMR-04] STATE_TRANSITION MOVING -> EMERGENCY_STOP (intent=STOP)
05:15:51.684 [AMR-04] SAFETY_STOP min_obstacle_distance=0.85m <= 1.2m
05:15:51.784 [AMR-04] CONFLICT_DETECTED peer=AMR-02 type=INTERSECTION node=(22, 10) safe_wait=(22, 9) DECISION=YIELD (Lower precedence at intersection (68.1 vs 68.5) -> Safe wait at (22, 9) for AMR-02)
05:15:51.784 [AMR-04] STATE_TRANSITION EMERGENCY_STOP -> YIELDING (intent=YIELD)
05:15:51.884 [AMR-04] CONFLICT_DETECTED peer=AMR-02 type=INTERSECTION node=(22, 10) safe_wait=(22, 9) DECISION=YIELD (Lower precedence at intersection (68.3 vs 68.4) -> Safe wait at (22, 9) for AMR-02)
05:15:51.985 [AMR-04] CONFLICT_DETECTED peer=AMR-02 type=INTERSECTION node=(22, 10) safe_wait=(22, 9) DECISION=PROCEED (Higher precedence (68.5 vs 68.4) -> Proceed through (22, 10))
05:15:51.985 [AMR-04] STATE_TRANSITION YIELDING -> MOVING (intent=MOVE)
05:15:52.085 [AMR-04] STATE_TRANSITION MOVING -> EMERGENCY_STOP (intent=STOP)
05:15:52.085 [AMR-04] SAFETY_STOP min_obstacle_distance=1.00m <= 1.2m
05:15:52.186 [AMR-04] CONFLICT_DETECTED peer=AMR-02 type=INTERSECTION node=(22, 10) safe_wait=(22, 9) DECISION=PROCEED (Higher precedence (68.3 vs 68.3) -> Proceed through (22, 10))
05:15:52.186 [AMR-04] STATE_TRANSITION EMERGENCY_STOP -> MOVING (intent=MOVE)
05:15:52.286 [AMR-04] STATE_TRANSITION MOVING -> EMERGENCY_STOP (intent=STOP)
05:15:52.286 [AMR-04] SAFETY_STOP min_obstacle_distance=0.85m <= 1.2m
05:15:52.388 [AMR-04] CONFLICT_DETECTED peer=AMR-02 type=INTERSECTION node=(22, 10) safe_wait=(22, 9) DECISION=YIELD (Lower precedence at intersection (68.2 vs 68.4) -> Safe wait at (22, 9) for AMR-02)
05:15:52.388 [AMR-04] STATE_TRANSITION EMERGENCY_STOP -> YIELDING (intent=YIELD)
05:15:52.488 [AMR-04] CONFLICT_DETECTED peer=AMR-02 type=INTERSECTION node=(22, 10) safe_wait=(22, 9) DECISION=YIELD (Lower precedence at intersection (68.2 vs 68.4) -> Safe wait at (22, 9) for AMR-02)
05:15:52.589 [AMR-04] CONFLICT_DETECTED peer=AMR-02 type=INTERSECTION node=(22, 10) safe_wait=(22, 9) DECISION=PROCEED (Higher precedence (68.4 vs 68.0) -> Proceed through (22, 10))
05:15:52.590 [AMR-04] STATE_TRANSITION YIELDING -> MOVING (intent=MOVE)
05:15:52.689 [AMR-04] STATE_TRANSITION MOVING -> EMERGENCY_STOP (intent=STOP)
05:15:52.689 [AMR-04] SAFETY_STOP min_obstacle_distance=0.85m <= 1.2m
05:15:52.790 [AMR-04] CONFLICT_DETECTED peer=AMR-02 type=INTERSECTION node=(22, 10) safe_wait=(22, 9) DECISION=PROCEED (Higher precedence (68.3 vs 68.2) -> Proceed through (22, 10))
05:15:52.790 [AMR-04] STATE_TRANSITION EMERGENCY_STOP -> MOVING (intent=MOVE)
05:15:52.890 [AMR-04] STATE_TRANSITION MOVING -> EMERGENCY_STOP (intent=STOP)
05:15:52.890 [AMR-04] SAFETY_STOP min_obstacle_distance=0.70m <= 1.2m
05:15:52.992 [AMR-04] CONFLICT_DETECTED peer=AMR-02 type=INTERSECTION node=(22, 10) safe_wait=(22, 9) DECISION=YIELD (Lower precedence at intersection (68.2 vs 68.5) -> Safe wait at (22, 9) for AMR-02)
05:15:52.992 [AMR-04] STATE_TRANSITION EMERGENCY_STOP -> YIELDING (intent=YIELD)
05:15:53.093 [AMR-04] CONFLICT_DETECTED peer=AMR-02 type=INTERSECTION node=(22, 10) safe_wait=(22, 9) DECISION=YIELD (Lower precedence at intersection (68.3 vs 68.4) -> Safe wait at (22, 9) for AMR-02)
05:15:53.193 [AMR-04] CONFLICT_DETECTED peer=AMR-02 type=INTERSECTION node=(22, 10) safe_wait=(22, 9) DECISION=PROCEED (Higher precedence (68.5 vs 68.4) -> Proceed through (22, 10))
05:15:53.193 [AMR-04] STATE_TRANSITION YIELDING -> MOVING (intent=MOVE)
05:15:53.294 [AMR-04] STATE_TRANSITION MOVING -> EMERGENCY_STOP (intent=STOP)
05:15:53.294 [AMR-04] SAFETY_STOP min_obstacle_distance=0.85m <= 1.2m
05:15:53.395 [AMR-04] CONFLICT_DETECTED peer=AMR-02 type=INTERSECTION node=(22, 10) safe_wait=(22, 9) DECISION=PROCEED (Higher precedence (68.4 vs 68.3) -> Proceed through (22, 10))
05:15:53.395 [AMR-04] STATE_TRANSITION EMERGENCY_STOP -> MOVING (intent=MOVE)
05:15:53.495 [AMR-04] CONFLICT_DETECTED peer=AMR-02 type=INTERSECTION node=(22, 10) safe_wait=(22, 9) DECISION=YIELD (Lower precedence at intersection (68.0 vs 68.5) -> Safe wait at (22, 9) for AMR-02)
05:15:53.496 [AMR-04] STATE_TRANSITION MOVING -> YIELDING (intent=YIELD)
05:15:53.596 [AMR-04] CONFLICT_DETECTED peer=AMR-02 type=INTERSECTION node=(22, 10) safe_wait=(22, 9) DECISION=YIELD (Lower precedence at intersection (68.2 vs 68.5) -> Safe wait at (22, 9) for AMR-02)
05:15:53.697 [AMR-04] CONFLICT_DETECTED peer=AMR-02 type=INTERSECTION node=(22, 10) safe_wait=(22, 9) DECISION=YIELD (Lower precedence at intersection (68.4 vs 68.4) -> Safe wait at (22, 9) for AMR-02)
05:15:53.797 [AMR-04] CONFLICT_DETECTED peer=AMR-02 type=INTERSECTION node=(22, 10) safe_wait=(22, 9) DECISION=PROCEED (Higher precedence (68.6 vs 68.4) -> Proceed through (22, 10))
05:15:53.797 [AMR-04] STATE_TRANSITION YIELDING -> MOVING (intent=MOVE)
05:15:53.899 [AMR-04] STATE_TRANSITION MOVING -> EMERGENCY_STOP (intent=STOP)
05:15:53.899 [AMR-04] SAFETY_STOP min_obstacle_distance=1.15m <= 1.2m
05:15:53.998 [AMR-04] CONFLICT_DETECTED peer=AMR-02 type=INTERSECTION node=(22, 10) safe_wait=(22, 9) DECISION=YIELD (Lower precedence at intersection (68.5 vs 68.7) -> Safe wait at (22, 9) for AMR-02)
05:15:53.998 [AMR-04] STATE_TRANSITION EMERGENCY_STOP -> YIELDING (intent=YIELD)
05:15:54.099 [AMR-04] CONFLICT_DETECTED peer=AMR-02 type=INTERSECTION node=(22, 10) safe_wait=(22, 9) DECISION=YIELD (Lower precedence at intersection (68.7 vs 68.7) -> Safe wait at (22, 9) for AMR-02)
05:15:54.199 [AMR-04] CONFLICT_DETECTED peer=AMR-02 type=INTERSECTION node=(22, 10) safe_wait=(22, 9) DECISION=PROCEED (Higher precedence (68.9 vs 68.6) -> Proceed through (22, 10))
05:15:54.200 [AMR-04] STATE_TRANSITION YIELDING -> MOVING (intent=MOVE)
05:15:54.301 [AMR-04] STATE_TRANSITION MOVING -> EMERGENCY_STOP (intent=STOP)
05:15:54.301 [AMR-04] SAFETY_STOP min_obstacle_distance=1.15m <= 1.2m
05:15:54.401 [AMR-04] CONFLICT_DETECTED peer=AMR-02 type=INTERSECTION node=(22, 10) safe_wait=(22, 9) DECISION=YIELD (Lower precedence at intersection (68.8 vs 68.8) -> Safe wait at (22, 9) for AMR-02)
05:15:54.401 [AMR-04] STATE_TRANSITION EMERGENCY_STOP -> YIELDING (intent=YIELD)
05:15:54.502 [AMR-04] CONFLICT_DETECTED peer=AMR-02 type=SAME_NEXT_NODE node=(22, 10) safe_wait=(22, 9) DECISION=PROCEED (Higher precedence (69.3 vs 69.0) -> Proceed through (22, 10))
05:15:54.502 [AMR-04] STATE_TRANSITION YIELDING -> MOVING (intent=MOVE)
05:15:54.604 [AMR-04] STATE_TRANSITION MOVING -> EMERGENCY_STOP (intent=STOP)
05:15:54.604 [AMR-04] SAFETY_STOP min_obstacle_distance=0.15m <= 1.2m
05:15:54.705 [AMR-04] CONFLICT_DETECTED peer=AMR-02 type=SAME_NEXT_NODE node=(22, 10) safe_wait=(22, 9) DECISION=PROCEED (Higher precedence (69.2 vs 68.5) -> Proceed through (22, 10))
05:15:54.706 [AMR-04] STATE_TRANSITION EMERGENCY_STOP -> MOVING (intent=MOVE)
05:15:54.806 [AMR-04] STATE_TRANSITION MOVING -> EMERGENCY_STOP (intent=STOP)
05:15:54.806 [AMR-04] SAFETY_STOP min_obstacle_distance=0.30m <= 1.2m
05:15:54.906 [AMR-04] CONFLICT_DETECTED peer=AMR-02 type=SAME_NEXT_NODE node=(22, 10) safe_wait=(22, 9) DECISION=PROCEED (Higher precedence (69.0 vs 69.0) -> Proceed through (22, 10))
05:15:54.906 [AMR-04] STATE_TRANSITION EMERGENCY_STOP -> MOVING (intent=MOVE)
05:15:55.007 [AMR-04] STATE_TRANSITION MOVING -> EMERGENCY_STOP (intent=STOP)
05:15:55.007 [AMR-04] SAFETY_STOP min_obstacle_distance=0.45m <= 1.2m
05:15:55.108 [AMR-04] RESERVATION_WAIT: Zone (22, 10) reserved by AMR-02 (priority 69.4 >= 68.9)
05:15:55.109 [AMR-04] STATE_TRANSITION EMERGENCY_STOP -> WAITING (intent=WAIT)
05:15:55.209 [AMR-04] RESERVATION_WAIT: Zone (22, 10) reserved by AMR-02 (priority 69.4 >= 69.1)
05:15:55.310 [AMR-04] CONFLICT_DETECTED peer=AMR-02 type=SAME_NEXT_NODE node=(22, 10) safe_wait=(22, 9) DECISION=PROCEED (Higher precedence (69.3 vs 69.2) -> Proceed through (22, 10))
05:15:55.310 [AMR-04] STATE_TRANSITION WAITING -> MOVING (intent=MOVE)
05:15:55.411 [AMR-04] STATE_TRANSITION MOVING -> EMERGENCY_STOP (intent=STOP)
05:15:55.411 [AMR-04] SAFETY_STOP min_obstacle_distance=0.30m <= 1.2m
05:15:55.511 [AMR-04] RESERVATION_WAIT: Zone (22, 10) reserved by AMR-02 (priority 69.2 >= 68.9)
05:15:55.511 [AMR-04] STATE_TRANSITION EMERGENCY_STOP -> WAITING (intent=WAIT)
05:15:55.612 [AMR-04] RESERVATION_WAIT: Zone (22, 10) reserved by AMR-02 (priority 69.2 >= 69.1)
05:15:55.713 [AMR-04] RESERVATION_WAIT: Zone (22, 10) reserved by AMR-02 (priority 69.4 >= 69.3)
05:15:55.814 [AMR-04] CONFLICT_DETECTED peer=AMR-02 type=SAME_NEXT_NODE node=(22, 10) safe_wait=(22, 9) DECISION=PROCEED (Higher precedence (69.5 vs 69.2) -> Proceed through (22, 10))
05:15:55.814 [AMR-04] STATE_TRANSITION WAITING -> MOVING (intent=MOVE)
05:15:55.914 [AMR-04] STATE_TRANSITION MOVING -> EMERGENCY_STOP (intent=STOP)
05:15:55.914 [AMR-04] SAFETY_STOP min_obstacle_distance=0.00m <= 1.2m
05:15:56.015 [AMR-04] CONFLICT_DETECTED peer=AMR-02 type=SAME_NEXT_NODE node=(22, 10) safe_wait=(22, 9) DECISION=YIELD (Lower precedence (69.4 vs 69.4) -> Safe wait at (22, 9) for AMR-02)
05:15:56.015 [AMR-04] STATE_TRANSITION EMERGENCY_STOP -> YIELDING (intent=YIELD)
05:15:56.115 [AMR-04] RESERVATION_WAIT: Zone (22, 10) reserved by AMR-02 (priority 69.6 >= 69.6)
05:15:56.115 [AMR-04] STATE_TRANSITION YIELDING -> WAITING (intent=WAIT)
05:15:56.216 [AMR-04] CONFLICT_DETECTED peer=AMR-02 type=SAME_NEXT_NODE node=(22, 10) safe_wait=(22, 9) DECISION=PROCEED (Higher precedence (69.8 vs 69.5) -> Proceed through (22, 10))
05:15:56.216 [AMR-04] STATE_TRANSITION WAITING -> MOVING (intent=MOVE)
05:15:56.317 [AMR-04] STATE_TRANSITION MOVING -> EMERGENCY_STOP (intent=STOP)
05:15:56.317 [AMR-04] SAFETY_STOP min_obstacle_distance=0.00m <= 1.2m
05:15:56.418 [AMR-04] CONFLICT_DETECTED peer=AMR-02 type=SAME_NEXT_NODE node=(22, 10) safe_wait=(22, 9) DECISION=YIELD (Lower precedence (69.7 vs 69.7) -> Safe wait at (22, 9) for AMR-02)
05:15:56.418 [AMR-04] STATE_TRANSITION EMERGENCY_STOP -> YIELDING (intent=YIELD)
05:15:56.518 [AMR-04] RESERVATION_WAIT: Zone (22, 10) reserved by AMR-02 (priority 69.9 >= 69.7)
05:15:56.518 [AMR-04] STATE_TRANSITION YIELDING -> WAITING (intent=WAIT)
05:15:56.619 [AMR-04] RESERVATION_WAIT: Zone (22, 10) reserved by AMR-02 (priority 69.9 >= 69.9)
05:15:56.719 [AMR-04] CONFLICT_DETECTED peer=AMR-02 type=SAME_NEXT_NODE node=(22, 10) safe_wait=(22, 9) DECISION=PROCEED (Higher precedence (70.1 vs 69.6) -> Proceed through (22, 10))
05:15:56.719 [AMR-04] STATE_TRANSITION WAITING -> MOVING (intent=MOVE)
05:15:56.819 [AMR-04] STATE_TRANSITION MOVING -> EMERGENCY_STOP (intent=STOP)
05:15:56.819 [AMR-04] SAFETY_STOP min_obstacle_distance=0.15m <= 1.2m
05:15:56.920 [AMR-04] CONFLICT_DETECTED peer=AMR-02 type=SAME_NEXT_NODE node=(22, 10) safe_wait=(22, 9) DECISION=PROCEED (Higher precedence (70.0 vs 70.0) -> Proceed through (22, 10))
05:15:56.921 [AMR-04] STATE_TRANSITION EMERGENCY_STOP -> MOVING (intent=MOVE)
05:15:57.020 [AMR-04] STATE_TRANSITION MOVING -> EMERGENCY_STOP (intent=STOP)
05:15:57.020 [AMR-04] SAFETY_STOP min_obstacle_distance=0.30m <= 1.2m
05:15:57.121 [AMR-04] RESERVATION_WAIT: Zone (22, 10) reserved by AMR-02 (priority 70.2 >= 69.9)
05:15:57.121 [AMR-04] STATE_TRANSITION EMERGENCY_STOP -> WAITING (intent=WAIT)
05:15:57.222 [AMR-04] CONFLICT_DETECTED peer=AMR-02 type=SAME_NEXT_NODE node=(22, 10) safe_wait=(22, 9) DECISION=PROCEED (Higher precedence (70.1 vs 70.0) -> Proceed through (22, 10))
05:15:57.223 [AMR-04] STATE_TRANSITION WAITING -> MOVING (intent=MOVE)
05:15:57.322 [AMR-04] STATE_TRANSITION MOVING -> EMERGENCY_STOP (intent=STOP)
05:15:57.322 [AMR-04] SAFETY_STOP min_obstacle_distance=0.15m <= 1.2m
05:15:57.423 [AMR-04] RESERVATION_WAIT: Zone (22, 10) reserved by AMR-02 (priority 70.0 >= 69.9)
05:15:57.424 [AMR-04] STATE_TRANSITION EMERGENCY_STOP -> WAITING (intent=WAIT)
05:15:57.524 [AMR-04] RESERVATION_WAIT: Zone (22, 10) reserved by AMR-02 (priority 70.1 >= 69.9)
05:15:57.625 [AMR-04] RESERVATION_WAIT: Zone (22, 10) reserved by AMR-02 (priority 70.1 >= 70.1)
05:15:57.726 [AMR-04] DEADLOCK_DETECTED cycle=['AMR-04', 'AMR-02'] -> Victim is AMR-02 -> WAITING
05:15:57.827 [AMR-04] CONFLICT_DETECTED peer=AMR-02 type=SAME_NEXT_NODE node=(22, 10) safe_wait=(22, 9) DECISION=PROCEED (Higher precedence (70.5 vs 60.5) -> Proceed through (22, 10))
05:15:57.828 [AMR-04] STATE_TRANSITION WAITING -> MOVING (intent=MOVE)
05:15:57.927 [AMR-04] STATE_TRANSITION MOVING -> EMERGENCY_STOP (intent=STOP)
05:15:57.927 [AMR-04] SAFETY_STOP min_obstacle_distance=0.85m <= 1.2m
05:15:58.028 [AMR-04] CONFLICT_DETECTED peer=AMR-02 type=SAME_NEXT_NODE node=(22, 10) safe_wait=(22, 9) DECISION=PROCEED (Higher precedence (70.4 vs 60.7) -> Proceed through (22, 10))
05:15:58.028 [AMR-04] STATE_TRANSITION EMERGENCY_STOP -> MOVING (intent=MOVE)
05:15:58.128 [AMR-04] STATE_TRANSITION MOVING -> EMERGENCY_STOP (intent=STOP)
05:15:58.128 [AMR-04] SAFETY_STOP min_obstacle_distance=0.70m <= 1.2m
05:15:58.229 [AMR-04] CONFLICT_DETECTED peer=AMR-02 type=SAME_NEXT_NODE node=(22, 10) safe_wait=(22, 9) DECISION=PROCEED (Higher precedence (70.3 vs 61.1) -> Proceed through (22, 10))
05:15:58.229 [AMR-04] STATE_TRANSITION EMERGENCY_STOP -> MOVING (intent=MOVE)
05:15:58.329 [AMR-04] STATE_TRANSITION MOVING -> EMERGENCY_STOP (intent=STOP)
05:15:58.329 [AMR-04] SAFETY_STOP min_obstacle_distance=0.55m <= 1.2m
05:15:58.430 [AMR-04] CONFLICT_DETECTED peer=AMR-02 type=SAME_NEXT_NODE node=(22, 10) safe_wait=(22, 9) DECISION=PROCEED (Higher precedence (70.1 vs 61.5) -> Proceed through (22, 10))
05:15:58.431 [AMR-04] STATE_TRANSITION EMERGENCY_STOP -> MOVING (intent=MOVE)
05:15:58.530 [AMR-04] STATE_TRANSITION MOVING -> EMERGENCY_STOP (intent=STOP)
05:15:58.530 [AMR-04] SAFETY_STOP min_obstacle_distance=1.00m <= 1.2m
05:15:58.631 [AMR-04] RESERVATION_WAIT: Zone (22, 10) reserved by AMR-02 (priority 70.1 >= 69.7)
05:15:58.631 [AMR-04] STATE_TRANSITION EMERGENCY_STOP -> WAITING (intent=WAIT)
05:15:58.732 [AMR-04] RESERVATION_WAIT: Zone (22, 10) reserved by AMR-02 (priority 70.1 >= 69.9)
05:15:58.832 [AMR-04] RESERVATION_WAIT: Zone (22, 10) reserved by AMR-02 (priority 70.1 >= 70.1)
05:15:58.932 [AMR-04] CONFLICT_DETECTED peer=AMR-02 type=INTERSECTION node=(22, 11) safe_wait=(22, 10) DECISION=PROCEED (Higher precedence (70.3 vs 62.5) -> Proceed through (22, 11))
05:15:58.932 [AMR-04] STATE_TRANSITION WAITING -> MOVING (intent=MOVE)
05:15:59.033 [AMR-04] STATE_TRANSITION MOVING -> EMERGENCY_STOP (intent=STOP)
05:15:59.033 [AMR-04] SAFETY_STOP min_obstacle_distance=0.85m <= 1.2m
05:15:59.135 [AMR-04] CONFLICT_DETECTED peer=AMR-02 type=INTERSECTION node=(22, 11) safe_wait=(22, 10) DECISION=PROCEED (Higher precedence (70.2 vs 62.9) -> Proceed through (22, 11))
05:15:59.135 [AMR-04] STATE_TRANSITION EMERGENCY_STOP -> MOVING (intent=MOVE)
05:15:59.235 [AMR-04] STATE_TRANSITION MOVING -> EMERGENCY_STOP (intent=STOP)
05:15:59.235 [AMR-04] SAFETY_STOP min_obstacle_distance=0.70m <= 1.2m
05:15:59.335 [AMR-04] RESERVATION_WAIT: Zone (22, 10) reserved by AMR-02 (priority 70.1 >= 70.1)
05:15:59.335 [AMR-04] STATE_TRANSITION EMERGENCY_STOP -> WAITING (intent=WAIT)
05:15:59.436 [AMR-04] CONFLICT_DETECTED peer=AMR-02 type=INTERSECTION node=(22, 11) safe_wait=(22, 10) DECISION=PROCEED (Higher precedence (70.3 vs 63.5) -> Proceed through (22, 11))
05:15:59.436 [AMR-04] STATE_TRANSITION WAITING -> MOVING (intent=MOVE)
05:15:59.536 [AMR-04] STATE_TRANSITION MOVING -> EMERGENCY_STOP (intent=STOP)
05:15:59.536 [AMR-04] SAFETY_STOP min_obstacle_distance=1.00m <= 1.2m
05:15:59.637 [AMR-04] RESERVATION_WAIT: Zone (22, 10) reserved by AMR-02 (priority 70.1 >= 69.9)
05:15:59.637 [AMR-04] STATE_TRANSITION EMERGENCY_STOP -> WAITING (intent=WAIT)
05:15:59.737 [AMR-04] RESERVATION_WAIT: Zone (22, 10) reserved by AMR-02 (priority 70.1 >= 70.1)
05:15:59.838 [AMR-04] CONFLICT_DETECTED peer=AMR-02 type=INTERSECTION node=(22, 11) safe_wait=(22, 10) DECISION=PROCEED (Higher precedence (70.3 vs 64.3) -> Proceed through (22, 11))
05:15:59.838 [AMR-04] STATE_TRANSITION WAITING -> MOVING (intent=MOVE)
05:15:59.938 [AMR-04] STATE_TRANSITION MOVING -> EMERGENCY_STOP (intent=STOP)
05:15:59.938 [AMR-04] SAFETY_STOP min_obstacle_distance=0.85m <= 1.2m
05:16:00.040 [AMR-04] CONFLICT_DETECTED peer=AMR-02 type=INTERSECTION node=(22, 11) safe_wait=(22, 10) DECISION=PROCEED (Higher precedence (70.2 vs 64.7) -> Proceed through (22, 11))
05:16:00.041 [AMR-04] STATE_TRANSITION EMERGENCY_STOP -> MOVING (intent=MOVE)
05:16:00.140 [AMR-04] STATE_TRANSITION MOVING -> EMERGENCY_STOP (intent=STOP)
05:16:00.140 [AMR-04] SAFETY_STOP min_obstacle_distance=0.70m <= 1.2m
05:16:00.240 [AMR-04] RESERVATION_WAIT: Zone (22, 10) reserved by AMR-02 (priority 70.1 >= 70.1)
05:16:00.240 [AMR-04] STATE_TRANSITION EMERGENCY_STOP -> WAITING (intent=WAIT)
05:16:00.341 [AMR-04] CONFLICT_DETECTED peer=AMR-02 type=INTERSECTION node=(22, 11) safe_wait=(22, 10) DECISION=PROCEED (Higher precedence (70.3 vs 65.3) -> Proceed through (22, 11))
05:16:00.341 [AMR-04] STATE_TRANSITION WAITING -> MOVING (intent=MOVE)
05:16:00.442 [AMR-04] STATE_TRANSITION MOVING -> EMERGENCY_STOP (intent=STOP)
05:16:00.442 [AMR-04] SAFETY_STOP min_obstacle_distance=0.55m <= 1.2m
05:16:00.542 [AMR-04] CONFLICT_DETECTED peer=AMR-02 type=INTERSECTION node=(22, 11) safe_wait=(22, 10) DECISION=PROCEED (Higher precedence (69.9 vs 65.7) -> Proceed through (22, 11))
05:16:00.542 [AMR-04] STATE_TRANSITION EMERGENCY_STOP -> MOVING (intent=MOVE)
05:16:00.643 [AMR-04] STATE_TRANSITION MOVING -> EMERGENCY_STOP (intent=STOP)
05:16:00.643 [AMR-04] SAFETY_STOP min_obstacle_distance=0.85m <= 1.2m
05:16:00.745 [AMR-04] CONFLICT_DETECTED peer=AMR-02 type=INTERSECTION node=(22, 11) safe_wait=(22, 10) DECISION=PROCEED (Higher precedence (69.8 vs 66.1) -> Proceed through (22, 11))
05:16:00.746 [AMR-04] STATE_TRANSITION EMERGENCY_STOP -> MOVING (intent=MOVE)
05:16:00.845 [AMR-04] STATE_TRANSITION MOVING -> EMERGENCY_STOP (intent=STOP)
05:16:00.845 [AMR-04] SAFETY_STOP min_obstacle_distance=0.70m <= 1.2m
05:16:00.946 [AMR-04] CONFLICT_DETECTED peer=AMR-02 type=INTERSECTION node=(22, 11) safe_wait=(22, 10) DECISION=PROCEED (Higher precedence (69.7 vs 66.5) -> Proceed through (22, 11))
05:16:00.946 [AMR-04] STATE_TRANSITION EMERGENCY_STOP -> MOVING (intent=MOVE)
05:16:01.046 [AMR-04] STATE_TRANSITION MOVING -> EMERGENCY_STOP (intent=STOP)
05:16:01.046 [AMR-04] SAFETY_STOP min_obstacle_distance=0.55m <= 1.2m
05:16:01.147 [AMR-04] CONFLICT_DETECTED peer=AMR-02 type=INTERSECTION node=(22, 11) safe_wait=(22, 10) DECISION=PROCEED (Higher precedence (69.5 vs 66.9) -> Proceed through (22, 11))
05:16:01.148 [AMR-04] STATE_TRANSITION EMERGENCY_STOP -> MOVING (intent=MOVE)
05:16:01.248 [AMR-04] STATE_TRANSITION MOVING -> EMERGENCY_STOP (intent=STOP)
05:16:01.248 [AMR-04] SAFETY_STOP min_obstacle_distance=0.39m <= 1.2m
05:16:01.349 [AMR-04] CONFLICT_DETECTED peer=AMR-02 type=INTERSECTION node=(22, 11) safe_wait=(22, 10) DECISION=PROCEED (Higher precedence (69.4 vs 67.3) -> Proceed through (22, 11))
05:16:01.349 [AMR-04] STATE_TRANSITION EMERGENCY_STOP -> MOVING (intent=MOVE)
05:16:01.450 [AMR-04] STATE_TRANSITION MOVING -> EMERGENCY_STOP (intent=STOP)
05:16:01.450 [AMR-04] SAFETY_STOP min_obstacle_distance=0.24m <= 1.2m
05:16:01.550 [AMR-04] CONFLICT_DETECTED peer=AMR-02 type=INTERSECTION node=(22, 11) safe_wait=(22, 10) DECISION=PROCEED (Higher precedence (68.9 vs 67.7) -> Proceed through (22, 11))
05:16:01.550 [AMR-04] STATE_TRANSITION EMERGENCY_STOP -> MOVING (intent=MOVE)
05:16:01.651 [AMR-04] STATE_TRANSITION MOVING -> EMERGENCY_STOP (intent=STOP)
05:16:01.651 [AMR-04] SAFETY_STOP min_obstacle_distance=0.85m <= 1.2m
05:16:01.752 [AMR-04] CONFLICT_DETECTED peer=AMR-02 type=INTERSECTION node=(22, 11) safe_wait=(22, 10) DECISION=PROCEED (Higher precedence (68.8 vs 68.1) -> Proceed through (22, 11))
05:16:01.752 [AMR-04] STATE_TRANSITION EMERGENCY_STOP -> MOVING (intent=MOVE)
05:16:01.853 [AMR-04] STATE_TRANSITION MOVING -> EMERGENCY_STOP (intent=STOP)
05:16:01.853 [AMR-04] SAFETY_STOP min_obstacle_distance=0.70m <= 1.2m
05:16:01.954 [AMR-04] CONFLICT_DETECTED peer=AMR-02 type=INTERSECTION node=(22, 11) safe_wait=(22, 10) DECISION=PROCEED (Higher precedence (68.7 vs 68.5) -> Proceed through (22, 11))
05:16:01.954 [AMR-04] STATE_TRANSITION EMERGENCY_STOP -> MOVING (intent=MOVE)
05:16:02.054 [AMR-04] STATE_TRANSITION MOVING -> EMERGENCY_STOP (intent=STOP)
05:16:02.054 [AMR-04] SAFETY_STOP min_obstacle_distance=0.55m <= 1.2m
05:16:02.155 [AMR-04] CONFLICT_DETECTED peer=AMR-02 type=INTERSECTION node=(22, 11) safe_wait=(22, 10) DECISION=YIELD (Lower precedence at intersection (68.5 vs 68.9) -> Safe wait at (22, 10) for AMR-02)
05:16:02.155 [AMR-04] STATE_TRANSITION EMERGENCY_STOP -> YIELDING (intent=YIELD)
05:16:02.255 [AMR-04] CONFLICT_DETECTED peer=AMR-02 type=INTERSECTION node=(22, 11) safe_wait=(22, 10) DECISION=YIELD (Lower precedence at intersection (68.7 vs 68.7) -> Safe wait at (22, 10) for AMR-02)
05:16:02.355 [AMR-04] CONFLICT_DETECTED peer=AMR-02 type=INTERSECTION node=(22, 11) safe_wait=(22, 10) DECISION=PROCEED (Higher precedence (68.9 vs 68.7) -> Proceed through (22, 11))
05:16:02.356 [AMR-04] STATE_TRANSITION YIELDING -> MOVING (intent=MOVE)
05:16:02.455 [AMR-04] STATE_TRANSITION MOVING -> EMERGENCY_STOP (intent=STOP)
05:16:02.455 [AMR-04] SAFETY_STOP min_obstacle_distance=0.70m <= 1.2m
05:16:02.556 [AMR-04] CONFLICT_DETECTED peer=AMR-02 type=INTERSECTION node=(22, 11) safe_wait=(22, 10) DECISION=YIELD (Lower precedence at intersection (68.5 vs 68.5) -> Safe wait at (22, 10) for AMR-02)
05:16:02.556 [AMR-04] STATE_TRANSITION EMERGENCY_STOP -> YIELDING (intent=YIELD)
05:16:02.657 [AMR-04] CONFLICT_DETECTED peer=AMR-02 type=INTERSECTION node=(22, 11) safe_wait=(22, 10) DECISION=YIELD (Lower precedence at intersection (68.7 vs 68.7) -> Safe wait at (22, 10) for AMR-02)
05:16:02.757 [AMR-04] CONFLICT_DETECTED peer=AMR-02 type=INTERSECTION node=(22, 11) safe_wait=(22, 10) DECISION=YIELD (Lower precedence at intersection (68.9 vs 68.9) -> Safe wait at (22, 10) for AMR-02)
05:16:02.857 [AMR-04] CONFLICT_DETECTED peer=AMR-02 type=INTERSECTION node=(22, 11) safe_wait=(22, 10) DECISION=YIELD (Lower precedence at intersection (69.1 vs 69.1) -> Safe wait at (22, 10) for AMR-02)
05:16:02.958 [AMR-04] CONFLICT_DETECTED peer=AMR-02 type=INTERSECTION node=(22, 11) safe_wait=(22, 10) DECISION=PROCEED (Higher precedence (69.3 vs 68.9) -> Proceed through (22, 11))
05:16:02.958 [AMR-04] STATE_TRANSITION YIELDING -> MOVING (intent=MOVE)
05:16:03.059 [AMR-04] STATE_TRANSITION MOVING -> EMERGENCY_STOP (intent=STOP)
05:16:03.059 [AMR-04] SAFETY_STOP min_obstacle_distance=1.00m <= 1.2m
05:16:03.159 [AMR-04] CONFLICT_DETECTED peer=AMR-02 type=INTERSECTION node=(22, 11) safe_wait=(22, 10) DECISION=PROCEED (Higher precedence (69.2 vs 69.1) -> Proceed through (22, 11))
05:16:03.160 [AMR-04] STATE_TRANSITION EMERGENCY_STOP -> MOVING (intent=MOVE)
05:16:03.261 [AMR-04] STATE_TRANSITION MOVING -> EMERGENCY_STOP (intent=STOP)
05:16:03.261 [AMR-04] SAFETY_STOP min_obstacle_distance=0.85m <= 1.2m
05:16:03.361 [AMR-04] CONFLICT_DETECTED peer=AMR-02 type=INTERSECTION node=(22, 11) safe_wait=(22, 10) DECISION=YIELD (Lower precedence at intersection (69.0 vs 69.1) -> Safe wait at (22, 10) for AMR-02)
05:16:03.361 [AMR-04] STATE_TRANSITION EMERGENCY_STOP -> YIELDING (intent=YIELD)
05:16:03.462 [AMR-04] CONFLICT_DETECTED peer=AMR-02 type=INTERSECTION node=(22, 11) safe_wait=(22, 10) DECISION=PROCEED (Higher precedence (69.2 vs 69.1) -> Proceed through (22, 11))
05:16:03.463 [AMR-04] STATE_TRANSITION YIELDING -> MOVING (intent=MOVE)
05:16:03.562 [AMR-04] CONFLICT_DETECTED peer=AMR-02 type=INTERSECTION node=(22, 11) safe_wait=(22, 10) DECISION=YIELD (Lower precedence at intersection (68.9 vs 69.3) -> Safe wait at (22, 10) for AMR-02)
05:16:03.562 [AMR-04] STATE_TRANSITION MOVING -> YIELDING (intent=YIELD)
05:16:03.664 [AMR-04] CONFLICT_DETECTED peer=AMR-02 type=INTERSECTION node=(22, 11) safe_wait=(22, 10) DECISION=YIELD (Lower precedence at intersection (69.1 vs 69.1) -> Safe wait at (22, 10) for AMR-02)
05:16:03.764 [AMR-04] CONFLICT_DETECTED peer=AMR-02 type=INTERSECTION node=(22, 11) safe_wait=(22, 10) DECISION=PROCEED (Higher precedence (69.3 vs 69.1) -> Proceed through (22, 11))
05:16:03.764 [AMR-04] STATE_TRANSITION YIELDING -> MOVING (intent=MOVE)
05:16:03.864 [AMR-04] STATE_TRANSITION MOVING -> EMERGENCY_STOP (intent=STOP)
05:16:03.864 [AMR-04] SAFETY_STOP min_obstacle_distance=1.00m <= 1.2m
05:16:03.964 [AMR-04] CONFLICT_DETECTED peer=AMR-02 type=INTERSECTION node=(22, 11) safe_wait=(22, 10) DECISION=PROCEED (Higher precedence (69.2 vs 69.1) -> Proceed through (22, 11))
05:16:03.964 [AMR-04] STATE_TRANSITION EMERGENCY_STOP -> MOVING (intent=MOVE)
05:16:04.065 [AMR-04] STATE_TRANSITION MOVING -> EMERGENCY_STOP (intent=STOP)
05:16:04.065 [AMR-04] SAFETY_STOP min_obstacle_distance=0.85m <= 1.2m
05:16:04.165 [AMR-04] CONFLICT_DETECTED peer=AMR-02 type=INTERSECTION node=(22, 11) safe_wait=(22, 10) DECISION=YIELD (Lower precedence at intersection (69.0 vs 69.3) -> Safe wait at (22, 10) for AMR-02)
05:16:04.165 [AMR-04] STATE_TRANSITION EMERGENCY_STOP -> YIELDING (intent=YIELD)
05:16:04.266 [AMR-04] CONFLICT_DETECTED peer=AMR-02 type=INTERSECTION node=(22, 11) safe_wait=(22, 10) DECISION=PROCEED (Higher precedence (69.2 vs 69.1) -> Proceed through (22, 11))
05:16:04.266 [AMR-04] STATE_TRANSITION YIELDING -> MOVING (intent=MOVE)
05:16:04.366 [AMR-04] STATE_TRANSITION MOVING -> EMERGENCY_STOP (intent=STOP)
05:16:04.366 [AMR-04] SAFETY_STOP min_obstacle_distance=0.85m <= 1.2m
05:16:04.467 [AMR-04] CONFLICT_DETECTED peer=AMR-02 type=INTERSECTION node=(22, 11) safe_wait=(22, 10) DECISION=YIELD (Lower precedence at intersection (69.1 vs 69.3) -> Safe wait at (22, 10) for AMR-02)
05:16:04.467 [AMR-04] STATE_TRANSITION EMERGENCY_STOP -> YIELDING (intent=YIELD)
05:16:04.568 [AMR-04] CONFLICT_DETECTED peer=AMR-02 type=INTERSECTION node=(22, 11) safe_wait=(22, 10) DECISION=YIELD (Lower precedence at intersection (69.1 vs 69.1) -> Safe wait at (22, 10) for AMR-02)
05:16:04.669 [AMR-04] CONFLICT_DETECTED peer=AMR-02 type=INTERSECTION node=(22, 11) safe_wait=(22, 10) DECISION=PROCEED (Higher precedence (69.3 vs 69.1) -> Proceed through (22, 11))
05:16:04.669 [AMR-04] STATE_TRANSITION YIELDING -> MOVING (intent=MOVE)
05:16:04.770 [AMR-04] STATE_TRANSITION MOVING -> EMERGENCY_STOP (intent=STOP)
05:16:04.770 [AMR-04] SAFETY_STOP min_obstacle_distance=0.85m <= 1.2m
05:16:04.871 [AMR-04] CONFLICT_DETECTED peer=AMR-02 type=INTERSECTION node=(22, 11) safe_wait=(22, 10) DECISION=PROCEED (Higher precedence (69.2 vs 69.1) -> Proceed through (22, 11))
05:16:04.872 [AMR-04] STATE_TRANSITION EMERGENCY_STOP -> MOVING (intent=MOVE)
05:16:04.972 [AMR-04] STATE_TRANSITION MOVING -> EMERGENCY_STOP (intent=STOP)
05:16:04.972 [AMR-04] SAFETY_STOP min_obstacle_distance=0.85m <= 1.2m
05:16:05.073 [AMR-04] CONFLICT_DETECTED peer=AMR-02 type=INTERSECTION node=(22, 11) safe_wait=(22, 10) DECISION=YIELD (Lower precedence at intersection (69.0 vs 69.3) -> Safe wait at (22, 10) for AMR-02)
05:16:05.074 [AMR-04] STATE_TRANSITION EMERGENCY_STOP -> YIELDING (intent=YIELD)
05:16:05.174 [AMR-04] CONFLICT_DETECTED peer=AMR-02 type=INTERSECTION node=(22, 11) safe_wait=(22, 10) DECISION=PROCEED (Higher precedence (69.2 vs 69.1) -> Proceed through (22, 11))
05:16:05.175 [AMR-04] STATE_TRANSITION YIELDING -> MOVING (intent=MOVE)
05:16:05.275 [AMR-04] STATE_TRANSITION MOVING -> EMERGENCY_STOP (intent=STOP)
05:16:05.275 [AMR-04] SAFETY_STOP min_obstacle_distance=0.85m <= 1.2m
05:16:05.375 [AMR-04] CONFLICT_DETECTED peer=AMR-02 type=INTERSECTION node=(22, 11) safe_wait=(22, 10) DECISION=YIELD (Lower precedence at intersection (69.1 vs 69.1) -> Safe wait at (22, 10) for AMR-02)
05:16:05.375 [AMR-04] STATE_TRANSITION EMERGENCY_STOP -> YIELDING (intent=YIELD)
05:16:05.477 [AMR-04] CONFLICT_DETECTED peer=AMR-02 type=INTERSECTION node=(22, 11) safe_wait=(22, 10) DECISION=YIELD (Lower precedence at intersection (69.1 vs 69.1) -> Safe wait at (22, 10) for AMR-02)
05:16:05.577 [AMR-04] CONFLICT_DETECTED peer=AMR-02 type=INTERSECTION node=(22, 11) safe_wait=(22, 10) DECISION=YIELD (Lower precedence at intersection (69.3 vs 69.3) -> Safe wait at (22, 10) for AMR-02)
05:16:05.678 [AMR-04] CONFLICT_DETECTED peer=AMR-02 type=INTERSECTION node=(22, 11) safe_wait=(22, 10) DECISION=PROCEED (Higher precedence (69.5 vs 69.1) -> Proceed through (22, 11))
05:16:05.678 [AMR-04] STATE_TRANSITION YIELDING -> MOVING (intent=MOVE)
05:16:05.779 [AMR-04] STATE_TRANSITION MOVING -> EMERGENCY_STOP (intent=STOP)
05:16:05.779 [AMR-04] SAFETY_STOP min_obstacle_distance=1.00m <= 1.2m
05:16:05.879 [AMR-04] CONFLICT_DETECTED peer=AMR-02 type=INTERSECTION node=(22, 11) safe_wait=(22, 10) DECISION=PROCEED (Higher precedence (69.4 vs 69.3) -> Proceed through (22, 11))
05:16:05.880 [AMR-04] STATE_TRANSITION EMERGENCY_STOP -> MOVING (intent=MOVE)
05:16:05.980 [AMR-04] STATE_TRANSITION MOVING -> EMERGENCY_STOP (intent=STOP)
05:16:05.980 [AMR-04] SAFETY_STOP min_obstacle_distance=0.85m <= 1.2m
05:16:06.080 [AMR-04] CONFLICT_DETECTED peer=AMR-02 type=INTERSECTION node=(22, 11) safe_wait=(22, 10) DECISION=YIELD (Lower precedence at intersection (69.2 vs 69.3) -> Safe wait at (22, 10) for AMR-02)
05:16:06.080 [AMR-04] STATE_TRANSITION EMERGENCY_STOP -> YIELDING (intent=YIELD)
05:16:06.182 [AMR-04] CONFLICT_DETECTED peer=AMR-02 type=INTERSECTION node=(22, 11) safe_wait=(22, 10) DECISION=PROCEED (Higher precedence (69.5 vs 69.3) -> Proceed through (22, 11))
05:16:06.182 [AMR-04] STATE_TRANSITION YIELDING -> MOVING (intent=MOVE)
05:16:06.282 [AMR-04] STATE_TRANSITION MOVING -> EMERGENCY_STOP (intent=STOP)
05:16:06.282 [AMR-04] SAFETY_STOP min_obstacle_distance=0.85m <= 1.2m
05:16:06.383 [AMR-04] CONFLICT_DETECTED peer=AMR-02 type=INTERSECTION node=(22, 11) safe_wait=(22, 10) DECISION=YIELD (Lower precedence at intersection (69.3 vs 69.3) -> Safe wait at (22, 10) for AMR-02)
05:16:06.383 [AMR-04] STATE_TRANSITION EMERGENCY_STOP -> YIELDING (intent=YIELD)
05:16:06.484 [AMR-04] CONFLICT_DETECTED peer=AMR-02 type=INTERSECTION node=(22, 11) safe_wait=(22, 10) DECISION=YIELD (Lower precedence at intersection (69.3 vs 69.3) -> Safe wait at (22, 10) for AMR-02)
05:16:06.584 [AMR-04] CONFLICT_DETECTED peer=AMR-02 type=INTERSECTION node=(22, 11) safe_wait=(22, 10) DECISION=YIELD (Lower precedence at intersection (69.5 vs 69.5) -> Safe wait at (22, 10) for AMR-02)
05:16:06.684 [AMR-04] CONFLICT_DETECTED peer=AMR-02 type=INTERSECTION node=(22, 11) safe_wait=(22, 10) DECISION=PROCEED (Higher precedence (69.7 vs 69.3) -> Proceed through (22, 11))
05:16:06.684 [AMR-04] STATE_TRANSITION YIELDING -> MOVING (intent=MOVE)
05:16:06.785 [AMR-04] STATE_TRANSITION MOVING -> EMERGENCY_STOP (intent=STOP)
05:16:06.785 [AMR-04] SAFETY_STOP min_obstacle_distance=1.00m <= 1.2m
05:16:06.886 [AMR-04] CONFLICT_DETECTED peer=AMR-02 type=INTERSECTION node=(22, 11) safe_wait=(22, 10) DECISION=PROCEED (Higher precedence (69.6 vs 69.5) -> Proceed through (22, 11))
05:16:06.886 [AMR-04] STATE_TRANSITION EMERGENCY_STOP -> MOVING (intent=MOVE)
05:16:06.987 [AMR-04] STATE_TRANSITION MOVING -> EMERGENCY_STOP (intent=STOP)
05:16:06.987 [AMR-04] SAFETY_STOP min_obstacle_distance=0.85m <= 1.2m
05:16:07.087 [AMR-04] CONFLICT_DETECTED peer=AMR-02 type=INTERSECTION node=(22, 11) safe_wait=(22, 10) DECISION=YIELD (Lower precedence at intersection (69.5 vs 69.5) -> Safe wait at (22, 10) for AMR-02)
05:16:07.088 [AMR-04] STATE_TRANSITION EMERGENCY_STOP -> YIELDING (intent=YIELD)
05:16:07.188 [AMR-04] CONFLICT_DETECTED peer=AMR-02 type=INTERSECTION node=(22, 11) safe_wait=(22, 10) DECISION=PROCEED (Higher precedence (69.7 vs 69.5) -> Proceed through (22, 11))
05:16:07.188 [AMR-04] STATE_TRANSITION YIELDING -> MOVING (intent=MOVE)
05:16:07.288 [AMR-04] STATE_TRANSITION MOVING -> EMERGENCY_STOP (intent=STOP)
05:16:07.288 [AMR-04] SAFETY_STOP min_obstacle_distance=0.85m <= 1.2m
05:16:07.389 [AMR-04] CONFLICT_DETECTED peer=AMR-02 type=INTERSECTION node=(22, 11) safe_wait=(22, 10) DECISION=YIELD (Lower precedence at intersection (69.5 vs 69.5) -> Safe wait at (22, 10) for AMR-02)
05:16:07.389 [AMR-04] STATE_TRANSITION EMERGENCY_STOP -> YIELDING (intent=YIELD)
05:16:07.489 [AMR-04] CONFLICT_DETECTED peer=AMR-02 type=INTERSECTION node=(22, 11) safe_wait=(22, 10) DECISION=YIELD (Lower precedence at intersection (69.5 vs 69.5) -> Safe wait at (22, 10) for AMR-02)
05:16:07.590 [AMR-04] CONFLICT_DETECTED peer=AMR-02 type=INTERSECTION node=(22, 11) safe_wait=(22, 10) DECISION=PROCEED (Higher precedence (69.7 vs 69.5) -> Proceed through (22, 11))
05:16:07.590 [AMR-04] STATE_TRANSITION YIELDING -> MOVING (intent=MOVE)
05:16:07.689 [AMR-04] STATE_TRANSITION MOVING -> EMERGENCY_STOP (intent=STOP)
05:16:07.689 [AMR-04] SAFETY_STOP min_obstacle_distance=1.00m <= 1.2m
05:16:07.789 [AMR-04] CONFLICT_DETECTED peer=AMR-02 type=INTERSECTION node=(22, 11) safe_wait=(22, 10) DECISION=PROCEED (Higher precedence (69.6 vs 69.5) -> Proceed through (22, 11))
05:16:07.790 [AMR-04] STATE_TRANSITION EMERGENCY_STOP -> MOVING (intent=MOVE)
05:16:07.890 [AMR-04] STATE_TRANSITION MOVING -> EMERGENCY_STOP (intent=STOP)
05:16:07.890 [AMR-04] SAFETY_STOP min_obstacle_distance=0.85m <= 1.2m
05:16:07.991 [AMR-04] CONFLICT_DETECTED peer=AMR-02 type=INTERSECTION node=(22, 11) safe_wait=(22, 10) DECISION=YIELD (Lower precedence at intersection (69.5 vs 69.7) -> Safe wait at (22, 10) for AMR-02)
05:16:07.991 [AMR-04] STATE_TRANSITION EMERGENCY_STOP -> YIELDING (intent=YIELD)
05:16:08.091 [AMR-04] CONFLICT_DETECTED peer=AMR-02 type=INTERSECTION node=(22, 11) safe_wait=(22, 10) DECISION=PROCEED (Higher precedence (69.7 vs 69.5) -> Proceed through (22, 11))
05:16:08.092 [AMR-04] STATE_TRANSITION YIELDING -> MOVING (intent=MOVE)
05:16:08.192 [AMR-04] STATE_TRANSITION MOVING -> EMERGENCY_STOP (intent=STOP)
05:16:08.192 [AMR-04] SAFETY_STOP min_obstacle_distance=0.85m <= 1.2m
05:16:08.292 [AMR-04] CONFLICT_DETECTED peer=AMR-02 type=INTERSECTION node=(22, 11) safe_wait=(22, 10) DECISION=YIELD (Lower precedence at intersection (69.5 vs 69.7) -> Safe wait at (22, 10) for AMR-02)
05:16:08.292 [AMR-04] STATE_TRANSITION EMERGENCY_STOP -> YIELDING (intent=YIELD)
05:16:08.392 [AMR-04] CONFLICT_DETECTED peer=AMR-02 type=INTERSECTION node=(22, 11) safe_wait=(22, 10) DECISION=PROCEED (Higher precedence (69.7 vs 69.5) -> Proceed through (22, 11))
05:16:08.393 [AMR-04] STATE_TRANSITION YIELDING -> MOVING (intent=MOVE)
05:16:08.492 [AMR-04] STATE_TRANSITION MOVING -> EMERGENCY_STOP (intent=STOP)
05:16:08.493 [AMR-04] SAFETY_STOP min_obstacle_distance=0.45m <= 1.2m
05:16:08.594 [AMR-04] CONFLICT_DETECTED peer=AMR-02 type=SAME_NEXT_NODE node=(22, 11) safe_wait=(22, 10) DECISION=PROCEED (Higher precedence (69.8 vs 69.7) -> Proceed through (22, 11))
05:16:08.594 [AMR-04] STATE_TRANSITION EMERGENCY_STOP -> MOVING (intent=MOVE)
05:16:08.694 [AMR-04] STATE_TRANSITION MOVING -> EMERGENCY_STOP (intent=STOP)
05:16:08.694 [AMR-04] SAFETY_STOP min_obstacle_distance=0.15m <= 1.2m
05:16:08.795 [AMR-04] RESERVATION_WAIT: Zone (22, 11) reserved by AMR-02 (priority 69.9 >= 69.7)
05:16:08.795 [AMR-04] STATE_TRANSITION EMERGENCY_STOP -> WAITING (intent=WAIT)
05:16:08.895 [AMR-04] RESERVATION_WAIT: Zone (22, 11) reserved by AMR-02 (priority 69.9 >= 69.9)
05:16:08.995 [AMR-04] CONFLICT_DETECTED peer=AMR-02 type=SAME_NEXT_NODE node=(22, 11) safe_wait=(22, 10) DECISION=PROCEED (Higher precedence (70.1 vs 69.9) -> Proceed through (22, 11))
05:16:08.996 [AMR-04] STATE_TRANSITION WAITING -> MOVING (intent=MOVE)
05:16:09.096 [AMR-04] STATE_TRANSITION MOVING -> EMERGENCY_STOP (intent=STOP)
05:16:09.096 [AMR-04] SAFETY_STOP min_obstacle_distance=0.00m <= 1.2m
05:16:09.197 [AMR-04] CONFLICT_DETECTED peer=AMR-02 type=SAME_NEXT_NODE node=(22, 11) safe_wait=(22, 10) DECISION=PROCEED (Higher precedence (70.0 vs 69.7) -> Proceed through (22, 11))
05:16:09.197 [AMR-04] STATE_TRANSITION EMERGENCY_STOP -> MOVING (intent=MOVE)
05:16:09.297 [AMR-04] STATE_TRANSITION MOVING -> EMERGENCY_STOP (intent=STOP)
05:16:09.297 [AMR-04] SAFETY_STOP min_obstacle_distance=0.15m <= 1.2m
05:16:09.398 [AMR-04] RESERVATION_WAIT: Zone (22, 11) reserved by AMR-02 (priority 70.1 >= 69.8)
05:16:09.398 [AMR-04] STATE_TRANSITION EMERGENCY_STOP -> WAITING (intent=WAIT)
05:16:09.499 [AMR-04] RESERVATION_WAIT: Zone (22, 11) reserved by AMR-02 (priority 70.1 >= 69.8)
05:16:09.600 [AMR-04] RESERVATION_WAIT: Zone (22, 11) reserved by AMR-02 (priority 70.1 >= 70.0)
05:16:09.700 [AMR-04] CONFLICT_DETECTED peer=AMR-02 type=SAME_NEXT_NODE node=(22, 11) safe_wait=(22, 10) DECISION=PROCEED (Higher precedence (70.2 vs 70.1) -> Proceed through (22, 11))
05:16:09.701 [AMR-04] STATE_TRANSITION WAITING -> MOVING (intent=MOVE)
05:16:09.801 [AMR-04] STATE_TRANSITION MOVING -> EMERGENCY_STOP (intent=STOP)
05:16:09.801 [AMR-04] SAFETY_STOP min_obstacle_distance=0.00m <= 1.2m
05:16:09.901 [AMR-04] RESERVATION_WAIT: Zone (22, 11) reserved by AMR-02 (priority 70.1 >= 70.1)
05:16:09.902 [AMR-04] STATE_TRANSITION EMERGENCY_STOP -> WAITING (intent=WAIT)
05:16:10.002 [AMR-04] CONFLICT_DETECTED peer=AMR-02 type=SAME_NEXT_NODE node=(22, 11) safe_wait=(22, 10) DECISION=PROCEED (Higher precedence (70.3 vs 70.1) -> Proceed through (22, 11))
05:16:10.002 [AMR-04] STATE_TRANSITION WAITING -> MOVING (intent=MOVE)
05:16:10.102 [AMR-04] STATE_TRANSITION MOVING -> EMERGENCY_STOP (intent=STOP)
05:16:10.103 [AMR-04] SAFETY_STOP min_obstacle_distance=0.15m <= 1.2m
05:16:10.203 [AMR-04] RESERVATION_WAIT: Zone (22, 11) reserved by AMR-02 (priority 70.3 >= 70.2)
05:16:10.203 [AMR-04] STATE_TRANSITION EMERGENCY_STOP -> WAITING (intent=WAIT)
05:16:10.304 [AMR-04] CONFLICT_DETECTED peer=AMR-02 type=SAME_NEXT_NODE node=(22, 11) safe_wait=(22, 10) DECISION=PROCEED (Higher precedence (70.4 vs 70.1) -> Proceed through (22, 11))
05:16:10.304 [AMR-04] STATE_TRANSITION WAITING -> MOVING (intent=MOVE)
05:16:10.404 [AMR-04] STATE_TRANSITION MOVING -> EMERGENCY_STOP (intent=STOP)
05:16:10.404 [AMR-04] SAFETY_STOP min_obstacle_distance=0.15m <= 1.2m
05:16:10.504 [AMR-04] RESERVATION_WAIT: Zone (22, 11) reserved by AMR-02 (priority 70.3 >= 70.0)
05:16:10.504 [AMR-04] STATE_TRANSITION EMERGENCY_STOP -> WAITING (intent=WAIT)
05:16:10.605 [AMR-04] RESERVATION_WAIT: Zone (22, 11) reserved by AMR-02 (priority 70.3 >= 70.2)
05:16:10.705 [AMR-04] CONFLICT_DETECTED peer=AMR-02 type=SAME_NEXT_NODE node=(22, 11) safe_wait=(22, 10) DECISION=PROCEED (Higher precedence (70.4 vs 70.3) -> Proceed through (22, 11))
05:16:10.705 [AMR-04] STATE_TRANSITION WAITING -> MOVING (intent=MOVE)
05:16:10.806 [AMR-04] STATE_TRANSITION MOVING -> EMERGENCY_STOP (intent=STOP)
05:16:10.807 [AMR-04] SAFETY_STOP min_obstacle_distance=0.15m <= 1.2m
05:16:10.907 [AMR-04] RESERVATION_WAIT: Zone (22, 11) reserved by AMR-02 (priority 70.5 >= 70.3)
05:16:10.907 [AMR-04] STATE_TRANSITION EMERGENCY_STOP -> WAITING (intent=WAIT)
05:16:11.007 [AMR-04] RESERVATION_WAIT: Zone (22, 11) reserved by AMR-02 (priority 70.5 >= 70.5)
05:16:11.109 [AMR-04] CONFLICT_DETECTED peer=AMR-02 type=SAME_NEXT_NODE node=(22, 11) safe_wait=(22, 10) DECISION=PROCEED (Higher precedence (70.7 vs 70.5) -> Proceed through (22, 11))
05:16:11.109 [AMR-04] STATE_TRANSITION WAITING -> MOVING (intent=MOVE)
05:16:11.210 [AMR-04] STATE_TRANSITION MOVING -> EMERGENCY_STOP (intent=STOP)
05:16:11.210 [AMR-04] SAFETY_STOP min_obstacle_distance=0.00m <= 1.2m
05:16:11.311 [AMR-04] CONFLICT_DETECTED peer=AMR-02 type=SAME_NEXT_NODE node=(22, 11) safe_wait=(22, 10) DECISION=PROCEED (Higher precedence (70.5 vs 70.3) -> Proceed through (22, 11))
05:16:11.312 [AMR-04] STATE_TRANSITION EMERGENCY_STOP -> MOVING (intent=MOVE)
05:16:11.412 [AMR-04] STATE_TRANSITION MOVING -> EMERGENCY_STOP (intent=STOP)
05:16:11.412 [AMR-04] SAFETY_STOP min_obstacle_distance=0.15m <= 1.2m
05:16:11.512 [AMR-04] RESERVATION_WAIT: Zone (22, 11) reserved by AMR-02 (priority 70.7 >= 70.2)
05:16:11.512 [AMR-04] STATE_TRANSITION EMERGENCY_STOP -> WAITING (intent=WAIT)
05:16:11.614 [AMR-04] RESERVATION_WAIT: Zone (22, 11) reserved by AMR-02 (priority 70.7 >= 70.4)
05:16:11.714 [AMR-04] RESERVATION_WAIT: Zone (22, 11) reserved by AMR-02 (priority 70.7 >= 70.6)
05:16:11.814 [AMR-04] CONFLICT_DETECTED peer=AMR-02 type=SAME_NEXT_NODE node=(22, 11) safe_wait=(22, 10) DECISION=PROCEED (Higher precedence (70.8 vs 70.7) -> Proceed through (22, 11))
05:16:11.814 [AMR-04] STATE_TRANSITION WAITING -> MOVING (intent=MOVE)
05:16:11.916 [AMR-04] STATE_TRANSITION MOVING -> EMERGENCY_STOP (intent=STOP)
05:16:11.916 [AMR-04] SAFETY_STOP min_obstacle_distance=0.00m <= 1.2m
05:16:12.017 [AMR-04] RESERVATION_WAIT: Zone (22, 11) reserved by AMR-02 (priority 70.7 >= 70.7)
05:16:12.017 [AMR-04] STATE_TRANSITION EMERGENCY_STOP -> WAITING (intent=WAIT)
05:16:12.117 [AMR-04] CONFLICT_DETECTED peer=AMR-02 type=SAME_NEXT_NODE node=(22, 11) safe_wait=(22, 10) DECISION=PROCEED (Higher precedence (70.9 vs 70.7) -> Proceed through (22, 11))
05:16:12.118 [AMR-04] STATE_TRANSITION WAITING -> MOVING (intent=MOVE)
05:16:12.218 [AMR-04] STATE_TRANSITION MOVING -> EMERGENCY_STOP (intent=STOP)
05:16:12.218 [AMR-04] SAFETY_STOP min_obstacle_distance=0.15m <= 1.2m
05:16:12.319 [AMR-04] RESERVATION_WAIT: Zone (22, 11) reserved by AMR-02 (priority 70.9 >= 70.8)
05:16:12.320 [AMR-04] STATE_TRANSITION EMERGENCY_STOP -> WAITING (intent=WAIT)
05:16:12.420 [AMR-04] CONFLICT_DETECTED peer=AMR-02 type=SAME_NEXT_NODE node=(22, 11) safe_wait=(22, 10) DECISION=PROCEED (Higher precedence (71.0 vs 70.7) -> Proceed through (22, 11))
05:16:12.421 [AMR-04] STATE_TRANSITION WAITING -> MOVING (intent=MOVE)
05:16:12.520 [AMR-04] STATE_TRANSITION MOVING -> EMERGENCY_STOP (intent=STOP)
05:16:12.520 [AMR-04] SAFETY_STOP min_obstacle_distance=0.00m <= 1.2m
05:16:12.621 [AMR-04] RESERVATION_WAIT: Zone (22, 11) reserved by AMR-02 (priority 70.9 >= 70.6)
05:16:12.622 [AMR-04] STATE_TRANSITION EMERGENCY_STOP -> WAITING (intent=WAIT)
05:16:12.721 [AMR-04] RESERVATION_WAIT: Zone (22, 11) reserved by AMR-02 (priority 70.9 >= 70.8)
05:16:12.823 [AMR-04] CONFLICT_DETECTED peer=AMR-02 type=SAME_NEXT_NODE node=(22, 11) safe_wait=(22, 10) DECISION=PROCEED (Higher precedence (71.0 vs 70.9) -> Proceed through (22, 11))
05:16:12.824 [AMR-04] STATE_TRANSITION WAITING -> MOVING (intent=MOVE)
05:16:12.923 [AMR-04] STATE_TRANSITION MOVING -> EMERGENCY_STOP (intent=STOP)
05:16:12.923 [AMR-04] SAFETY_STOP min_obstacle_distance=0.00m <= 1.2m
05:16:13.024 [AMR-04] RESERVATION_WAIT: Zone (22, 11) reserved by AMR-02 (priority 71.1 >= 70.9)
05:16:13.024 [AMR-04] STATE_TRANSITION EMERGENCY_STOP -> WAITING (intent=WAIT)
05:16:13.125 [AMR-04] RESERVATION_WAIT: Zone (22, 11) reserved by AMR-02 (priority 71.1 >= 71.1)
05:16:13.225 [AMR-04] CONFLICT_DETECTED peer=AMR-02 type=SAME_NEXT_NODE node=(22, 11) safe_wait=(22, 10) DECISION=PROCEED (Higher precedence (71.3 vs 70.9) -> Proceed through (22, 11))
05:16:13.225 [AMR-04] STATE_TRANSITION WAITING -> MOVING (intent=MOVE)
05:16:13.326 [AMR-04] STATE_TRANSITION MOVING -> EMERGENCY_STOP (intent=STOP)
05:16:13.326 [AMR-04] SAFETY_STOP min_obstacle_distance=0.00m <= 1.2m
05:16:13.427 [AMR-04] CONFLICT_DETECTED peer=AMR-02 type=SAME_NEXT_NODE node=(22, 11) safe_wait=(22, 10) DECISION=PROCEED (Higher precedence (71.2 vs 71.1) -> Proceed through (22, 11))
05:16:13.428 [AMR-04] STATE_TRANSITION EMERGENCY_STOP -> MOVING (intent=MOVE)
05:16:13.527 [AMR-04] STATE_TRANSITION MOVING -> EMERGENCY_STOP (intent=STOP)
05:16:13.527 [AMR-04] SAFETY_STOP min_obstacle_distance=0.00m <= 1.2m
05:16:13.629 [AMR-04] RESERVATION_WAIT: Zone (22, 11) reserved by AMR-02 (priority 71.3 >= 70.8)
05:16:13.629 [AMR-04] STATE_TRANSITION EMERGENCY_STOP -> WAITING (intent=WAIT)
05:16:13.729 [AMR-04] RESERVATION_WAIT: Zone (22, 11) reserved by AMR-02 (priority 71.3 >= 71.0)
05:16:13.830 [AMR-04] RESERVATION_WAIT: Zone (22, 11) reserved by AMR-02 (priority 71.3 >= 71.2)
05:16:13.931 [AMR-04] CONFLICT_DETECTED peer=AMR-02 type=SAME_NEXT_NODE node=(22, 11) safe_wait=(22, 10) DECISION=PROCEED (Higher precedence (71.4 vs 71.1) -> Proceed through (22, 11))
05:16:13.931 [AMR-04] STATE_TRANSITION WAITING -> MOVING (intent=MOVE)
05:16:14.031 [AMR-04] STATE_TRANSITION MOVING -> EMERGENCY_STOP (intent=STOP)
05:16:14.031 [AMR-04] SAFETY_STOP min_obstacle_distance=0.15m <= 1.2m
05:16:14.132 [AMR-04] RESERVATION_WAIT: Zone (22, 11) reserved by AMR-02 (priority 71.3 >= 71.3)
05:16:14.132 [AMR-04] STATE_TRANSITION EMERGENCY_STOP -> WAITING (intent=WAIT)
05:16:14.233 [AMR-04] RESERVATION_WAIT: Zone (22, 11) reserved by AMR-02 (priority 71.5 >= 71.5)
05:16:14.334 [AMR-04] CONFLICT_DETECTED peer=AMR-02 type=SAME_NEXT_NODE node=(22, 11) safe_wait=(22, 10) DECISION=PROCEED (Higher precedence (71.7 vs 71.3) -> Proceed through (22, 11))
05:16:14.334 [AMR-04] STATE_TRANSITION WAITING -> MOVING (intent=MOVE)
05:16:14.434 [AMR-04] STATE_TRANSITION MOVING -> EMERGENCY_STOP (intent=STOP)
05:16:14.434 [AMR-04] SAFETY_STOP min_obstacle_distance=0.15m <= 1.2m
05:16:14.534 [AMR-04] RESERVATION_WAIT: Zone (22, 11) reserved by AMR-02 (priority 71.5 >= 71.4)
05:16:14.534 [AMR-04] STATE_TRANSITION EMERGENCY_STOP -> WAITING (intent=WAIT)
05:16:14.635 [AMR-04] RESERVATION_WAIT: Zone (22, 11) reserved by AMR-02 (priority 71.8 >= 71.6)
05:16:14.735 [AMR-04] CONFLICT_DETECTED peer=AMR-02 type=SAME_NEXT_NODE node=(22, 11) safe_wait=(22, 10) DECISION=PROCEED (Higher precedence (71.8 vs 71.5) -> Proceed through (22, 11))
05:16:14.735 [AMR-04] STATE_TRANSITION WAITING -> MOVING (intent=MOVE)
05:16:14.835 [AMR-04] STATE_TRANSITION MOVING -> EMERGENCY_STOP (intent=STOP)
05:16:14.835 [AMR-04] SAFETY_STOP min_obstacle_distance=0.00m <= 1.2m
05:16:14.936 [AMR-04] RESERVATION_WAIT: Zone (22, 11) reserved by AMR-02 (priority 71.8 >= 71.7)
05:16:14.936 [AMR-04] STATE_TRANSITION EMERGENCY_STOP -> WAITING (intent=WAIT)
05:16:15.037 [AMR-04] RESERVATION_WAIT: Zone (22, 11) reserved by AMR-02 (priority 72.0 >= 71.9)
05:16:15.138 [AMR-04] CONFLICT_DETECTED peer=AMR-02 type=SAME_NEXT_NODE node=(22, 11) safe_wait=(22, 10) DECISION=PROCEED (Higher precedence (72.1 vs 71.8) -> Proceed through (22, 11))
05:16:15.138 [AMR-04] STATE_TRANSITION WAITING -> MOVING (intent=MOVE)
05:16:15.238 [AMR-04] STATE_TRANSITION MOVING -> EMERGENCY_STOP (intent=STOP)
05:16:15.238 [AMR-04] SAFETY_STOP min_obstacle_distance=0.00m <= 1.2m
05:16:15.339 [AMR-04] CONFLICT_DETECTED peer=AMR-02 type=SAME_NEXT_NODE node=(22, 11) safe_wait=(22, 10) DECISION=PROCEED (Higher precedence (72.0 vs 72.0) -> Proceed through (22, 11))
05:16:15.339 [AMR-04] STATE_TRANSITION EMERGENCY_STOP -> MOVING (intent=MOVE)
05:16:15.439 [AMR-04] STATE_TRANSITION MOVING -> EMERGENCY_STOP (intent=STOP)
05:16:15.439 [AMR-04] SAFETY_STOP min_obstacle_distance=0.15m <= 1.2m
05:16:15.539 [AMR-04] RESERVATION_WAIT: Zone (22, 11) reserved by AMR-02 (priority 72.2 >= 71.6)
05:16:15.539 [AMR-04] STATE_TRANSITION EMERGENCY_STOP -> WAITING (intent=WAIT)
05:16:15.641 [AMR-04] RESERVATION_WAIT: Zone (22, 11) reserved by AMR-02 (priority 72.2 >= 71.8)
05:16:15.741 [AMR-04] RESERVATION_WAIT: Zone (22, 11) reserved by AMR-02 (priority 72.2 >= 72.0)
05:16:15.841 [AMR-04] CONFLICT_DETECTED peer=AMR-02 type=INTERSECTION node=(22, 12) safe_wait=(22, 11) DECISION=PROCEED (Higher precedence (72.2 vs 71.8) -> Proceed through (22, 12))
05:16:15.841 [AMR-04] STATE_TRANSITION WAITING -> MOVING (intent=MOVE)
05:16:15.942 [AMR-04] STATE_TRANSITION MOVING -> EMERGENCY_STOP (intent=STOP)
05:16:15.942 [AMR-04] SAFETY_STOP min_obstacle_distance=1.00m <= 1.2m
05:16:16.042 [AMR-04] RESERVATION_WAIT: Zone (22, 11) reserved by AMR-02 (priority 72.2 >= 72.1)
05:16:16.042 [AMR-04] STATE_TRANSITION EMERGENCY_STOP -> WAITING (intent=WAIT)
05:16:16.143 [AMR-04] CONFLICT_DETECTED peer=AMR-02 type=INTERSECTION node=(22, 12) safe_wait=(22, 11) DECISION=YIELD (Lower precedence at intersection (72.3 vs 72.4) -> Safe wait at (22, 11) for AMR-02)
05:16:16.143 [AMR-04] STATE_TRANSITION WAITING -> YIELDING (intent=YIELD)
05:16:16.243 [AMR-04] CONFLICT_DETECTED peer=AMR-02 type=INTERSECTION node=(22, 12) safe_wait=(22, 11) DECISION=PROCEED (Higher precedence (72.5 vs 72.4) -> Proceed through (22, 12))
05:16:16.243 [AMR-04] STATE_TRANSITION YIELDING -> MOVING (intent=MOVE)
05:16:16.343 [AMR-04] STATE_TRANSITION MOVING -> EMERGENCY_STOP (intent=STOP)
05:16:16.343 [AMR-04] SAFETY_STOP min_obstacle_distance=1.00m <= 1.2m
05:16:16.444 [AMR-04] CONFLICT_DETECTED peer=AMR-02 type=INTERSECTION node=(22, 12) safe_wait=(22, 11) DECISION=PROCEED (Higher precedence (72.4 vs 72.2) -> Proceed through (22, 12))
05:16:16.445 [AMR-04] STATE_TRANSITION EMERGENCY_STOP -> MOVING (intent=MOVE)
05:16:16.544 [AMR-04] STATE_TRANSITION MOVING -> EMERGENCY_STOP (intent=STOP)
05:16:16.544 [AMR-04] SAFETY_STOP min_obstacle_distance=1.00m <= 1.2m
05:16:16.645 [AMR-04] RESERVATION_WAIT: Zone (22, 11) reserved by AMR-02 (priority 72.2 >= 72.0)
05:16:16.645 [AMR-04] STATE_TRANSITION EMERGENCY_STOP -> WAITING (intent=WAIT)
05:16:16.746 [AMR-04] CONFLICT_DETECTED peer=AMR-02 type=INTERSECTION node=(22, 12) safe_wait=(22, 11) DECISION=YIELD (Lower precedence at intersection (72.2 vs 72.4) -> Safe wait at (22, 11) for AMR-02)
05:16:16.747 [AMR-04] STATE_TRANSITION WAITING -> YIELDING (intent=YIELD)
05:16:16.847 [AMR-04] CONFLICT_DETECTED peer=AMR-02 type=INTERSECTION node=(22, 12) safe_wait=(22, 11) DECISION=PROCEED (Higher precedence (72.4 vs 72.4) -> Proceed through (22, 12))
05:16:16.847 [AMR-04] STATE_TRANSITION YIELDING -> MOVING (intent=MOVE)
05:16:16.948 [AMR-04] STATE_TRANSITION MOVING -> EMERGENCY_STOP (intent=STOP)
05:16:16.948 [AMR-04] SAFETY_STOP min_obstacle_distance=1.00m <= 1.2m
05:16:17.048 [AMR-04] CONFLICT_DETECTED peer=AMR-02 type=INTERSECTION node=(22, 12) safe_wait=(22, 11) DECISION=YIELD (Lower precedence at intersection (72.3 vs 72.4) -> Safe wait at (22, 11) for AMR-02)
05:16:17.048 [AMR-04] STATE_TRANSITION EMERGENCY_STOP -> YIELDING (intent=YIELD)
05:16:17.149 [AMR-04] CONFLICT_DETECTED peer=AMR-02 type=INTERSECTION node=(22, 12) safe_wait=(22, 11) DECISION=PROCEED (Higher precedence (72.5 vs 72.4) -> Proceed through (22, 12))
05:16:17.150 [AMR-04] STATE_TRANSITION YIELDING -> MOVING (intent=MOVE)
05:16:17.250 [AMR-04] STATE_TRANSITION MOVING -> EMERGENCY_STOP (intent=STOP)
05:16:17.250 [AMR-04] SAFETY_STOP min_obstacle_distance=1.00m <= 1.2m
05:16:17.350 [AMR-04] CONFLICT_DETECTED peer=AMR-02 type=INTERSECTION node=(22, 12) safe_wait=(22, 11) DECISION=YIELD (Lower precedence at intersection (72.4 vs 72.4) -> Safe wait at (22, 11) for AMR-02)
05:16:17.351 [AMR-04] STATE_TRANSITION EMERGENCY_STOP -> YIELDING (intent=YIELD)
05:16:17.451 [AMR-04] CONFLICT_DETECTED peer=AMR-02 type=INTERSECTION node=(22, 12) safe_wait=(22, 11) DECISION=PROCEED (Higher precedence (72.6 vs 72.4) -> Proceed through (22, 12))
05:16:17.451 [AMR-04] STATE_TRANSITION YIELDING -> MOVING (intent=MOVE)
05:16:17.550 [AMR-04] STATE_TRANSITION MOVING -> EMERGENCY_STOP (intent=STOP)
05:16:17.551 [AMR-04] SAFETY_STOP min_obstacle_distance=1.00m <= 1.2m
05:16:17.653 [AMR-04] CONFLICT_DETECTED peer=AMR-02 type=INTERSECTION node=(22, 12) safe_wait=(22, 11) DECISION=YIELD (Lower precedence at intersection (72.2 vs 72.4) -> Safe wait at (22, 11) for AMR-02)
05:16:17.653 [AMR-04] STATE_TRANSITION EMERGENCY_STOP -> YIELDING (intent=YIELD)
05:16:17.753 [AMR-04] CONFLICT_DETECTED peer=AMR-02 type=INTERSECTION node=(22, 12) safe_wait=(22, 11) DECISION=YIELD (Lower precedence at intersection (72.4 vs 72.6) -> Safe wait at (22, 11) for AMR-02)
05:16:17.853 [AMR-04] CONFLICT_DETECTED peer=AMR-02 type=INTERSECTION node=(22, 12) safe_wait=(22, 11) DECISION=YIELD (Lower precedence at intersection (72.6 vs 72.8) -> Safe wait at (22, 11) for AMR-02)
05:16:17.954 [AMR-04] CONFLICT_DETECTED peer=AMR-02 type=INTERSECTION node=(22, 12) safe_wait=(22, 11) DECISION=PROCEED (Higher precedence (72.8 vs 72.8) -> Proceed through (22, 12))
05:16:17.954 [AMR-04] STATE_TRANSITION YIELDING -> MOVING (intent=MOVE)
05:16:18.054 [AMR-04] STATE_TRANSITION MOVING -> EMERGENCY_STOP (intent=STOP)
05:16:18.054 [AMR-04] SAFETY_STOP min_obstacle_distance=1.00m <= 1.2m
05:16:18.155 [AMR-04] CONFLICT_DETECTED peer=AMR-02 type=INTERSECTION node=(22, 12) safe_wait=(22, 11) DECISION=PROCEED (Higher precedence (72.7 vs 72.6) -> Proceed through (22, 12))
05:16:18.155 [AMR-04] STATE_TRANSITION EMERGENCY_STOP -> MOVING (intent=MOVE)
05:16:18.255 [AMR-04] STATE_TRANSITION MOVING -> EMERGENCY_STOP (intent=STOP)
05:16:18.255 [AMR-04] SAFETY_STOP min_obstacle_distance=0.85m <= 1.2m
05:16:18.357 [AMR-04] CONFLICT_DETECTED peer=AMR-02 type=INTERSECTION node=(22, 12) safe_wait=(22, 11) DECISION=YIELD (Lower precedence at intersection (72.6 vs 73.0) -> Safe wait at (22, 11) for AMR-02)
05:16:18.357 [AMR-04] STATE_TRANSITION EMERGENCY_STOP -> YIELDING (intent=YIELD)
05:16:18.456 [AMR-04] CONFLICT_DETECTED peer=AMR-02 type=INTERSECTION node=(22, 12) safe_wait=(22, 11) DECISION=PROCEED (Higher precedence (72.8 vs 72.8) -> Proceed through (22, 12))
05:16:18.456 [AMR-04] STATE_TRANSITION YIELDING -> MOVING (intent=MOVE)
05:16:18.557 [AMR-04] STATE_TRANSITION MOVING -> EMERGENCY_STOP (intent=STOP)
05:16:18.557 [AMR-04] SAFETY_STOP min_obstacle_distance=0.00m <= 1.2m
05:16:18.659 [AMR-04] CONFLICT_DETECTED peer=AMR-02 type=SAME_NEXT_NODE node=(22, 12) safe_wait=(22, 11) DECISION=PROCEED (Higher precedence (72.9 vs 72.6) -> Proceed through (22, 12))
05:16:18.660 [AMR-04] STATE_TRANSITION EMERGENCY_STOP -> MOVING (intent=MOVE)
05:16:18.759 [AMR-04] STATE_TRANSITION MOVING -> EMERGENCY_STOP (intent=STOP)
05:16:18.759 [AMR-04] SAFETY_STOP min_obstacle_distance=0.15m <= 1.2m
05:16:18.861 [AMR-04] CONFLICT_DETECTED peer=AMR-02 type=SAME_NEXT_NODE node=(22, 12) safe_wait=(22, 11) DECISION=PROCEED (Higher precedence (72.8 vs 72.8) -> Proceed through (22, 12))
05:16:18.861 [AMR-04] STATE_TRANSITION EMERGENCY_STOP -> MOVING (intent=MOVE)
05:16:18.961 [AMR-04] STATE_TRANSITION MOVING -> EMERGENCY_STOP (intent=STOP)
05:16:18.962 [AMR-04] SAFETY_STOP min_obstacle_distance=0.30m <= 1.2m
05:16:19.061 [AMR-04] RESERVATION_WAIT: Zone (22, 12) reserved by AMR-02 (priority 73.0 >= 72.7)
05:16:19.061 [AMR-04] STATE_TRANSITION EMERGENCY_STOP -> WAITING (intent=WAIT)
05:16:19.162 [AMR-04] RESERVATION_WAIT: Zone (22, 12) reserved by AMR-02 (priority 73.0 >= 72.9)
05:16:19.264 [AMR-04] CONFLICT_DETECTED peer=AMR-02 type=SAME_NEXT_NODE node=(22, 12) safe_wait=(22, 11) DECISION=PROCEED (Higher precedence (73.1 vs 73.0) -> Proceed through (22, 12))
05:16:19.264 [AMR-04] STATE_TRANSITION WAITING -> MOVING (intent=MOVE)
05:16:19.366 [AMR-04] STATE_TRANSITION MOVING -> EMERGENCY_STOP (intent=STOP)
05:16:19.366 [AMR-04] SAFETY_STOP min_obstacle_distance=0.16m <= 1.2m
05:16:19.466 [AMR-04] RESERVATION_WAIT: Zone (22, 12) reserved by AMR-02 (priority 73.0 >= 72.7)
05:16:19.466 [AMR-04] STATE_TRANSITION EMERGENCY_STOP -> WAITING (intent=WAIT)
05:16:19.568 [AMR-04] RESERVATION_WAIT: Zone (22, 12) reserved by AMR-02 (priority 73.0 >= 72.9)
05:16:19.668 [AMR-04] RESERVATION_WAIT: Zone (22, 12) reserved by AMR-02 (priority 73.2 >= 73.1)
05:16:19.770 [AMR-04] CONFLICT_DETECTED peer=AMR-02 type=SAME_NEXT_NODE node=(22, 12) safe_wait=(22, 11) DECISION=PROCEED (Higher precedence (73.3 vs 73.0) -> Proceed through (22, 12))
05:16:19.770 [AMR-04] STATE_TRANSITION WAITING -> MOVING (intent=MOVE)
05:16:19.872 [AMR-04] STATE_TRANSITION MOVING -> EMERGENCY_STOP (intent=STOP)
05:16:19.872 [AMR-04] SAFETY_STOP min_obstacle_distance=0.00m <= 1.2m
05:16:19.974 [AMR-04] CONFLICT_DETECTED peer=AMR-02 type=SAME_NEXT_NODE node=(22, 12) safe_wait=(22, 11) DECISION=PROCEED (Higher precedence (73.2 vs 73.2) -> Proceed through (22, 12))
05:16:19.974 [AMR-04] STATE_TRANSITION EMERGENCY_STOP -> MOVING (intent=MOVE)
05:16:20.075 [AMR-04] STATE_TRANSITION MOVING -> EMERGENCY_STOP (intent=STOP)
05:16:20.076 [AMR-04] SAFETY_STOP min_obstacle_distance=0.15m <= 1.2m
05:16:20.176 [AMR-04] RESERVATION_WAIT: Zone (22, 12) reserved by AMR-02 (priority 73.4 >= 73.1)
05:16:20.176 [AMR-04] STATE_TRANSITION EMERGENCY_STOP -> WAITING (intent=WAIT)
05:16:20.276 [AMR-04] RESERVATION_WAIT: Zone (22, 12) reserved by AMR-02 (priority 73.4 >= 73.3)
05:16:20.377 [AMR-04] CONFLICT_DETECTED peer=AMR-02 type=SAME_NEXT_NODE node=(22, 12) safe_wait=(22, 11) DECISION=PROCEED (Higher precedence (73.5 vs 73.4) -> Proceed through (22, 12))
05:16:20.378 [AMR-04] STATE_TRANSITION WAITING -> MOVING (intent=MOVE)
05:16:20.478 [AMR-04] STATE_TRANSITION MOVING -> EMERGENCY_STOP (intent=STOP)
05:16:20.478 [AMR-04] SAFETY_STOP min_obstacle_distance=0.00m <= 1.2m
05:16:20.579 [AMR-04] RESERVATION_WAIT: Zone (22, 12) reserved by AMR-02 (priority 73.4 >= 73.1)
05:16:20.579 [AMR-04] STATE_TRANSITION EMERGENCY_STOP -> WAITING (intent=WAIT)
05:16:20.680 [AMR-04] RESERVATION_WAIT: Zone (22, 12) reserved by AMR-02 (priority 73.6 >= 73.3)
05:16:20.782 [AMR-04] RESERVATION_WAIT: Zone (22, 12) reserved by AMR-02 (priority 73.6 >= 73.5)
05:16:20.882 [AMR-04] CONFLICT_DETECTED peer=AMR-02 type=SAME_NEXT_NODE node=(22, 12) safe_wait=(22, 11) DECISION=PROCEED (Higher precedence (73.7 vs 73.4) -> Proceed through (22, 12))
05:16:20.882 [AMR-04] STATE_TRANSITION WAITING -> MOVING (intent=MOVE)
05:16:20.982 [AMR-04] STATE_TRANSITION MOVING -> EMERGENCY_STOP (intent=STOP)
05:16:20.982 [AMR-04] SAFETY_STOP min_obstacle_distance=0.00m <= 1.2m
05:16:21.082 [AMR-04] RESERVATION_WAIT: Zone (22, 12) reserved by AMR-02 (priority 73.8 >= 73.6)
05:16:21.082 [AMR-04] STATE_TRANSITION EMERGENCY_STOP -> WAITING (intent=WAIT)
05:16:21.183 [AMR-04] CONFLICT_DETECTED peer=AMR-02 type=SAME_NEXT_NODE node=(22, 12) safe_wait=(22, 11) DECISION=PROCEED (Higher precedence (73.8 vs 73.8) -> Proceed through (22, 12))
05:16:21.183 [AMR-04] STATE_TRANSITION WAITING -> MOVING (intent=MOVE)
05:16:21.283 [AMR-04] STATE_TRANSITION MOVING -> EMERGENCY_STOP (intent=STOP)
05:16:21.284 [AMR-04] SAFETY_STOP min_obstacle_distance=0.00m <= 1.2m
05:16:21.385 [AMR-04] RESERVATION_WAIT: Zone (22, 12) reserved by AMR-02 (priority 73.8 >= 73.7)
05:16:21.385 [AMR-04] STATE_TRANSITION EMERGENCY_STOP -> WAITING (intent=WAIT)
05:16:21.485 [AMR-04] RESERVATION_WAIT: Zone (22, 12) reserved by AMR-02 (priority 73.8 >= 73.7)
05:16:21.586 [AMR-04] RESERVATION_WAIT: Zone (22, 12) reserved by AMR-02 (priority 74.0 >= 73.9)
05:16:21.687 [AMR-04] CONFLICT_DETECTED peer=AMR-02 type=SAME_NEXT_NODE node=(22, 12) safe_wait=(22, 11) DECISION=PROCEED (Higher precedence (74.1 vs 73.8) -> Proceed through (22, 12))
05:16:21.687 [AMR-04] STATE_TRANSITION WAITING -> MOVING (intent=MOVE)
05:16:21.788 [AMR-04] STATE_TRANSITION MOVING -> EMERGENCY_STOP (intent=STOP)
05:16:21.789 [AMR-04] SAFETY_STOP min_obstacle_distance=0.00m <= 1.2m
05:16:21.889 [AMR-04] CONFLICT_DETECTED peer=AMR-02 type=SAME_NEXT_NODE node=(22, 12) safe_wait=(22, 11) DECISION=YIELD (Lower precedence (74.0 vs 74.2) -> Safe wait at (22, 11) for AMR-02)
05:16:21.889 [AMR-04] STATE_TRANSITION EMERGENCY_STOP -> YIELDING (intent=YIELD)
05:16:21.989 [AMR-04] CONFLICT_DETECTED peer=AMR-02 type=SAME_NEXT_NODE node=(22, 12) safe_wait=(22, 11) DECISION=PROCEED (Higher precedence (74.2 vs 74.2) -> Proceed through (22, 12))
05:16:21.989 [AMR-04] STATE_TRANSITION YIELDING -> MOVING (intent=MOVE)
05:16:22.089 [AMR-04] STATE_TRANSITION MOVING -> EMERGENCY_STOP (intent=STOP)
05:16:22.089 [AMR-04] SAFETY_STOP min_obstacle_distance=0.00m <= 1.2m
05:16:22.190 [AMR-04] RESERVATION_WAIT: Zone (22, 12) reserved by AMR-02 (priority 74.2 >= 74.1)
05:16:22.190 [AMR-04] STATE_TRANSITION EMERGENCY_STOP -> WAITING (intent=WAIT)
05:16:22.290 [AMR-04] CONFLICT_DETECTED peer=AMR-02 type=SAME_NEXT_NODE node=(22, 12) safe_wait=(22, 11) DECISION=PROCEED (Higher precedence (74.3 vs 74.2) -> Proceed through (22, 12))
05:16:22.290 [AMR-04] STATE_TRANSITION WAITING -> MOVING (intent=MOVE)
05:16:22.392 [AMR-04] STATE_TRANSITION MOVING -> EMERGENCY_STOP (intent=STOP)
05:16:22.392 [AMR-04] SAFETY_STOP min_obstacle_distance=0.15m <= 1.2m
05:16:22.492 [AMR-04] RESERVATION_WAIT: Zone (22, 12) reserved by AMR-02 (priority 74.4 >= 73.9)
05:16:22.492 [AMR-04] STATE_TRANSITION EMERGENCY_STOP -> WAITING (intent=WAIT)
05:16:22.594 [AMR-04] RESERVATION_WAIT: Zone (22, 12) reserved by AMR-02 (priority 74.4 >= 74.1)
05:16:22.695 [AMR-04] RESERVATION_WAIT: Zone (22, 12) reserved by AMR-02 (priority 74.4 >= 74.3)
05:16:22.797 [AMR-04] CONFLICT_DETECTED peer=AMR-02 type=SAME_NEXT_NODE node=(22, 12) safe_wait=(22, 11) DECISION=PROCEED (Higher precedence (74.5 vs 74.2) -> Proceed through (22, 12))
05:16:22.798 [AMR-04] STATE_TRANSITION WAITING -> MOVING (intent=MOVE)
05:16:22.898 [AMR-04] STATE_TRANSITION MOVING -> EMERGENCY_STOP (intent=STOP)
05:16:22.898 [AMR-04] SAFETY_STOP min_obstacle_distance=0.00m <= 1.2m
05:16:23.000 [AMR-04] CONFLICT_DETECTED peer=AMR-02 type=SAME_NEXT_NODE node=(22, 12) safe_wait=(22, 11) DECISION=PROCEED (Higher precedence (74.4 vs 74.4) -> Proceed through (22, 12))
05:16:23.000 [AMR-04] STATE_TRANSITION EMERGENCY_STOP -> MOVING (intent=MOVE)
05:16:23.101 [AMR-04] STATE_TRANSITION MOVING -> EMERGENCY_STOP (intent=STOP)
05:16:23.101 [AMR-04] SAFETY_STOP min_obstacle_distance=0.15m <= 1.2m
05:16:23.203 [AMR-04] RESERVATION_WAIT: Zone (22, 12) reserved by AMR-02 (priority 74.6 >= 74.3)
05:16:23.203 [AMR-04] STATE_TRANSITION EMERGENCY_STOP -> WAITING (intent=WAIT)
05:16:23.305 [AMR-04] RESERVATION_WAIT: Zone (22, 12) reserved by AMR-02 (priority 74.6 >= 74.5)
05:16:23.407 [AMR-04] CONFLICT_DETECTED peer=AMR-02 type=SAME_NEXT_NODE node=(22, 12) safe_wait=(22, 11) DECISION=PROCEED (Higher precedence (74.7 vs 74.6) -> Proceed through (22, 12))
05:16:23.408 [AMR-04] STATE_TRANSITION WAITING -> MOVING (intent=MOVE)
05:16:23.507 [AMR-04] STATE_TRANSITION MOVING -> EMERGENCY_STOP (intent=STOP)
05:16:23.507 [AMR-04] SAFETY_STOP min_obstacle_distance=0.46m <= 1.2m
05:16:23.608 [AMR-04] RESERVATION_WAIT: Zone (22, 12) reserved by AMR-02 (priority 74.6 >= 74.3)
05:16:23.608 [AMR-04] STATE_TRANSITION EMERGENCY_STOP -> WAITING (intent=WAIT)
05:16:23.709 [AMR-04] RESERVATION_WAIT: Zone (22, 12) reserved by AMR-02 (priority 74.6 >= 74.5)
05:16:23.809 [AMR-04] RESERVATION_WAIT: Zone (22, 12) reserved by AMR-02 (priority 74.8 >= 74.7)
05:16:23.910 [AMR-04] CONFLICT_DETECTED peer=AMR-02 type=SAME_NEXT_NODE node=(22, 12) safe_wait=(22, 11) DECISION=PROCEED (Higher precedence (74.9 vs 74.6) -> Proceed through (22, 12))
05:16:23.911 [AMR-04] STATE_TRANSITION WAITING -> MOVING (intent=MOVE)
05:16:24.011 [AMR-04] STATE_TRANSITION MOVING -> EMERGENCY_STOP (intent=STOP)
05:16:24.011 [AMR-04] SAFETY_STOP min_obstacle_distance=0.00m <= 1.2m
05:16:24.112 [AMR-04] CONFLICT_DETECTED peer=AMR-02 type=SAME_NEXT_NODE node=(22, 12) safe_wait=(22, 11) DECISION=PROCEED (Higher precedence (74.8 vs 74.8) -> Proceed through (22, 12))
05:16:24.112 [AMR-04] STATE_TRANSITION EMERGENCY_STOP -> MOVING (intent=MOVE)
05:16:24.213 [AMR-04] STATE_TRANSITION MOVING -> EMERGENCY_STOP (intent=STOP)
05:16:24.213 [AMR-04] SAFETY_STOP min_obstacle_distance=0.15m <= 1.2m
05:16:24.314 [AMR-04] RESERVATION_WAIT: Zone (22, 12) reserved by AMR-02 (priority 75.0 >= 74.7)
05:16:24.315 [AMR-04] STATE_TRANSITION EMERGENCY_STOP -> WAITING (intent=WAIT)
05:16:24.416 [AMR-04] RESERVATION_WAIT: Zone (22, 12) reserved by AMR-02 (priority 75.0 >= 74.9)
05:16:24.516 [AMR-04] RESERVATION_WAIT: Zone (22, 12) reserved by AMR-02 (priority 75.0 >= 74.9)
05:16:24.616 [AMR-04] CONFLICT_DETECTED peer=AMR-02 type=SAME_NEXT_NODE node=(22, 12) safe_wait=(22, 11) DECISION=PROCEED (Higher precedence (75.1 vs 74.8) -> Proceed through (22, 12))
05:16:24.617 [AMR-04] STATE_TRANSITION WAITING -> MOVING (intent=MOVE)
05:16:24.717 [AMR-04] STATE_TRANSITION MOVING -> EMERGENCY_STOP (intent=STOP)
05:16:24.717 [AMR-04] SAFETY_STOP min_obstacle_distance=0.15m <= 1.2m
05:16:24.818 [AMR-04] CONFLICT_DETECTED peer=AMR-02 type=SAME_NEXT_NODE node=(22, 12) safe_wait=(22, 11) DECISION=PROCEED (Higher precedence (75.0 vs 75.0) -> Proceed through (22, 12))
05:16:24.819 [AMR-04] STATE_TRANSITION EMERGENCY_STOP -> MOVING (intent=MOVE)
05:16:24.919 [AMR-04] STATE_TRANSITION MOVING -> EMERGENCY_STOP (intent=STOP)
05:16:24.919 [AMR-04] SAFETY_STOP min_obstacle_distance=0.30m <= 1.2m
05:16:25.019 [AMR-04] RESERVATION_WAIT: Zone (22, 12) reserved by AMR-02 (priority 75.2 >= 74.9)
05:16:25.019 [AMR-04] STATE_TRANSITION EMERGENCY_STOP -> WAITING (intent=WAIT)
05:16:25.119 [AMR-04] RESERVATION_WAIT: Zone (22, 12) reserved by AMR-02 (priority 75.2 >= 75.1)
05:16:25.219 [AMR-04] CONFLICT_DETECTED peer=AMR-02 type=SAME_NEXT_NODE node=(22, 12) safe_wait=(22, 11) DECISION=PROCEED (Higher precedence (75.3 vs 75.2) -> Proceed through (22, 12))
05:16:25.219 [AMR-04] STATE_TRANSITION WAITING -> MOVING (intent=MOVE)
05:16:25.320 [AMR-04] STATE_TRANSITION MOVING -> EMERGENCY_STOP (intent=STOP)
05:16:25.320 [AMR-04] SAFETY_STOP min_obstacle_distance=0.15m <= 1.2m
05:16:25.422 [AMR-04] RESERVATION_WAIT: Zone (22, 12) reserved by AMR-02 (priority 75.2 >= 75.2)
05:16:25.422 [AMR-04] STATE_TRANSITION EMERGENCY_STOP -> WAITING (intent=WAIT)
05:16:25.522 [AMR-04] RESERVATION_WAIT: Zone (22, 12) reserved by AMR-02 (priority 75.2 >= 75.1)
05:16:25.624 [AMR-04] RESERVATION_WAIT: Zone (22, 12) reserved by AMR-02 (priority 75.4 >= 75.3)
05:16:25.724 [AMR-04] CONFLICT_DETECTED peer=AMR-02 type=SAME_NEXT_NODE node=(22, 12) safe_wait=(22, 11) DECISION=PROCEED (Higher precedence (75.5 vs 75.2) -> Proceed through (22, 12))
05:16:25.725 [AMR-04] STATE_TRANSITION WAITING -> MOVING (intent=MOVE)
05:16:25.825 [AMR-04] STATE_TRANSITION MOVING -> EMERGENCY_STOP (intent=STOP)
05:16:25.825 [AMR-04] SAFETY_STOP min_obstacle_distance=0.00m <= 1.2m
05:16:25.926 [AMR-04] CONFLICT_DETECTED peer=AMR-02 type=SAME_NEXT_NODE node=(22, 12) safe_wait=(22, 11) DECISION=PROCEED (Higher precedence (75.4 vs 75.4) -> Proceed through (22, 12))
05:16:25.926 [AMR-04] STATE_TRANSITION EMERGENCY_STOP -> MOVING (intent=MOVE)
05:16:26.027 [AMR-04] STATE_TRANSITION MOVING -> EMERGENCY_STOP (intent=STOP)
05:16:26.027 [AMR-04] SAFETY_STOP min_obstacle_distance=0.15m <= 1.2m
05:16:26.127 [AMR-04] RESERVATION_WAIT: Zone (22, 12) reserved by AMR-02 (priority 75.6 >= 75.3)
05:16:26.127 [AMR-04] STATE_TRANSITION EMERGENCY_STOP -> WAITING (intent=WAIT)
05:16:26.227 [AMR-04] RESERVATION_WAIT: Zone (22, 12) reserved by AMR-02 (priority 75.6 >= 75.5)
05:16:26.329 [AMR-04] CONFLICT_DETECTED peer=AMR-02 type=SAME_NEXT_NODE node=(22, 12) safe_wait=(22, 11) DECISION=PROCEED (Higher precedence (75.7 vs 75.6) -> Proceed through (22, 12))
05:16:26.329 [AMR-04] STATE_TRANSITION WAITING -> MOVING (intent=MOVE)
05:16:26.428 [AMR-04] STATE_TRANSITION MOVING -> EMERGENCY_STOP (intent=STOP)
05:16:26.428 [AMR-04] SAFETY_STOP min_obstacle_distance=0.00m <= 1.2m
05:16:26.529 [AMR-04] RESERVATION_WAIT: Zone (22, 12) reserved by AMR-02 (priority 75.6 >= 75.3)
05:16:26.529 [AMR-04] STATE_TRANSITION EMERGENCY_STOP -> WAITING (intent=WAIT)
05:16:26.630 [AMR-04] RESERVATION_WAIT: Zone (22, 12) reserved by AMR-02 (priority 75.6 >= 75.5)
05:16:26.731 [AMR-04] RESERVATION_WAIT: Zone (22, 12) reserved by AMR-02 (priority 75.8 >= 75.7)
05:16:26.831 [AMR-04] CONFLICT_DETECTED peer=AMR-02 type=SAME_NEXT_NODE node=(22, 12) safe_wait=(22, 11) DECISION=PROCEED (Higher precedence (75.9 vs 75.6) -> Proceed through (22, 12))
05:16:26.831 [AMR-04] STATE_TRANSITION WAITING -> MOVING (intent=MOVE)
05:16:26.933 [AMR-04] STATE_TRANSITION MOVING -> EMERGENCY_STOP (intent=STOP)
05:16:26.933 [AMR-04] SAFETY_STOP min_obstacle_distance=0.00m <= 1.2m
05:16:27.033 [AMR-04] CONFLICT_DETECTED peer=AMR-02 type=SAME_NEXT_NODE node=(22, 12) safe_wait=(22, 11) DECISION=PROCEED (Higher precedence (75.8 vs 75.8) -> Proceed through (22, 12))
05:16:27.033 [AMR-04] STATE_TRANSITION EMERGENCY_STOP -> MOVING (intent=MOVE)
05:16:27.133 [AMR-04] STATE_TRANSITION MOVING -> EMERGENCY_STOP (intent=STOP)
05:16:27.134 [AMR-04] SAFETY_STOP min_obstacle_distance=0.00m <= 1.2m
05:16:27.234 [AMR-04] RESERVATION_WAIT: Zone (22, 12) reserved by AMR-02 (priority 76.0 >= 75.7)
05:16:27.234 [AMR-04] STATE_TRANSITION EMERGENCY_STOP -> WAITING (intent=WAIT)
05:16:27.334 [AMR-04] RESERVATION_WAIT: Zone (22, 12) reserved by AMR-02 (priority 76.0 >= 75.9)
05:16:27.434 [AMR-04] CONFLICT_DETECTED peer=AMR-02 type=SAME_NEXT_NODE node=(22, 12) safe_wait=(22, 11) DECISION=PROCEED (Higher precedence (76.1 vs 76.0) -> Proceed through (22, 12))
05:16:27.434 [AMR-04] STATE_TRANSITION WAITING -> MOVING (intent=MOVE)
05:16:27.536 [AMR-04] STATE_TRANSITION MOVING -> EMERGENCY_STOP (intent=STOP)
05:16:27.536 [AMR-04] SAFETY_STOP min_obstacle_distance=0.45m <= 1.2m
05:16:27.636 [AMR-04] RESERVATION_WAIT: Zone (22, 12) reserved by AMR-02 (priority 76.0 >= 75.7)
05:16:27.637 [AMR-04] STATE_TRANSITION EMERGENCY_STOP -> WAITING (intent=WAIT)
05:16:27.738 [AMR-04] RESERVATION_WAIT: Zone (22, 12) reserved by AMR-02 (priority 76.0 >= 75.9)
05:16:27.838 [AMR-04] RESERVATION_WAIT: Zone (22, 12) reserved by AMR-02 (priority 76.2 >= 76.1)
05:16:27.939 [AMR-04] CONFLICT_DETECTED peer=AMR-02 type=SAME_NEXT_NODE node=(22, 12) safe_wait=(22, 11) DECISION=PROCEED (Higher precedence (76.3 vs 76.0) -> Proceed through (22, 12))
05:16:27.939 [AMR-04] STATE_TRANSITION WAITING -> MOVING (intent=MOVE)
05:16:28.040 [AMR-04] STATE_TRANSITION MOVING -> EMERGENCY_STOP (intent=STOP)
05:16:28.041 [AMR-04] SAFETY_STOP min_obstacle_distance=0.00m <= 1.2m
05:16:28.141 [AMR-04] CONFLICT_DETECTED peer=AMR-02 type=SAME_NEXT_NODE node=(22, 12) safe_wait=(22, 11) DECISION=PROCEED (Higher precedence (76.2 vs 76.2) -> Proceed through (22, 12))
05:16:28.141 [AMR-04] STATE_TRANSITION EMERGENCY_STOP -> MOVING (intent=MOVE)
05:16:28.242 [AMR-04] STATE_TRANSITION MOVING -> EMERGENCY_STOP (intent=STOP)
05:16:28.242 [AMR-04] SAFETY_STOP min_obstacle_distance=0.15m <= 1.2m
05:16:28.342 [AMR-04] RESERVATION_WAIT: Zone (22, 12) reserved by AMR-02 (priority 76.4 >= 76.1)
05:16:28.342 [AMR-04] STATE_TRANSITION EMERGENCY_STOP -> WAITING (intent=WAIT)
05:16:28.443 [AMR-04] RESERVATION_WAIT: Zone (22, 12) reserved by AMR-02 (priority 76.4 >= 76.3)
05:16:28.543 [AMR-04] RESERVATION_WAIT: Zone (22, 12) reserved by AMR-02 (priority 76.4 >= 76.3)
05:16:28.646 [AMR-04] CONFLICT_DETECTED peer=AMR-02 type=SAME_NEXT_NODE node=(22, 12) safe_wait=(22, 11) DECISION=PROCEED (Higher precedence (76.5 vs 76.2) -> Proceed through (22, 12))
05:16:28.646 [AMR-04] STATE_TRANSITION WAITING -> MOVING (intent=MOVE)
05:16:28.746 [AMR-04] STATE_TRANSITION MOVING -> EMERGENCY_STOP (intent=STOP)
05:16:28.746 [AMR-04] SAFETY_STOP min_obstacle_distance=0.15m <= 1.2m
05:16:28.846 [AMR-04] CONFLICT_DETECTED peer=AMR-02 type=SAME_NEXT_NODE node=(22, 12) safe_wait=(22, 11) DECISION=PROCEED (Higher precedence (76.4 vs 76.4) -> Proceed through (22, 12))
05:16:28.847 [AMR-04] STATE_TRANSITION EMERGENCY_STOP -> MOVING (intent=MOVE)
05:16:28.946 [AMR-04] STATE_TRANSITION MOVING -> EMERGENCY_STOP (intent=STOP)
05:16:28.946 [AMR-04] SAFETY_STOP min_obstacle_distance=0.15m <= 1.2m
05:16:29.046 [AMR-04] RESERVATION_WAIT: Zone (22, 12) reserved by AMR-02 (priority 76.6 >= 76.3)
05:16:29.047 [AMR-04] STATE_TRANSITION EMERGENCY_STOP -> WAITING (intent=WAIT)
05:16:29.148 [AMR-04] RESERVATION_WAIT: Zone (22, 12) reserved by AMR-02 (priority 76.6 >= 76.5)
05:16:29.248 [AMR-04] CONFLICT_DETECTED peer=AMR-02 type=SAME_NEXT_NODE node=(22, 12) safe_wait=(22, 11) DECISION=PROCEED (Higher precedence (76.7 vs 76.6) -> Proceed through (22, 12))
05:16:29.248 [AMR-04] STATE_TRANSITION WAITING -> MOVING (intent=MOVE)
05:16:29.349 [AMR-04] STATE_TRANSITION MOVING -> EMERGENCY_STOP (intent=STOP)
05:16:29.349 [AMR-04] SAFETY_STOP min_obstacle_distance=0.15m <= 1.2m
05:16:29.450 [AMR-04] RESERVATION_WAIT: Zone (22, 12) reserved by AMR-02 (priority 76.6 >= 76.6)
05:16:29.450 [AMR-04] STATE_TRANSITION EMERGENCY_STOP -> WAITING (intent=WAIT)
05:16:29.551 [AMR-04] RESERVATION_WAIT: Zone (22, 12) reserved by AMR-02 (priority 76.6 >= 76.5)
05:16:29.653 [AMR-04] RESERVATION_WAIT: Zone (22, 12) reserved by AMR-02 (priority 76.8 >= 76.7)
05:16:29.753 [AMR-04] CONFLICT_DETECTED peer=AMR-02 type=SAME_NEXT_NODE node=(22, 12) safe_wait=(22, 11) DECISION=PROCEED (Higher precedence (76.9 vs 76.6) -> Proceed through (22, 12))
05:16:29.772 [AMR-04] STATE_TRANSITION WAITING -> MOVING (intent=MOVE)
05:16:29.853 [AMR-04] STATE_TRANSITION MOVING -> EMERGENCY_STOP (intent=STOP)
05:16:29.853 [AMR-04] SAFETY_STOP min_obstacle_distance=0.00m <= 1.2m
05:16:29.954 [AMR-04] CONFLICT_DETECTED peer=AMR-02 type=SAME_NEXT_NODE node=(22, 12) safe_wait=(22, 11) DECISION=PROCEED (Higher precedence (76.8 vs 76.8) -> Proceed through (22, 12))
05:16:29.954 [AMR-04] STATE_TRANSITION EMERGENCY_STOP -> MOVING (intent=MOVE)
05:16:30.054 [AMR-04] STATE_TRANSITION MOVING -> EMERGENCY_STOP (intent=STOP)
05:16:30.054 [AMR-04] SAFETY_STOP min_obstacle_distance=0.15m <= 1.2m
05:16:30.155 [AMR-04] RESERVATION_WAIT: Zone (22, 12) reserved by AMR-02 (priority 77.0 >= 76.7)
05:16:30.155 [AMR-04] STATE_TRANSITION EMERGENCY_STOP -> WAITING (intent=WAIT)
05:16:30.256 [AMR-04] RESERVATION_WAIT: Zone (22, 12) reserved by AMR-02 (priority 77.0 >= 76.9)
05:16:30.357 [AMR-04] CONFLICT_DETECTED peer=AMR-02 type=SAME_NEXT_NODE node=(22, 12) safe_wait=(22, 11) DECISION=PROCEED (Higher precedence (77.1 vs 77.0) -> Proceed through (22, 12))
05:16:30.358 [AMR-04] STATE_TRANSITION WAITING -> MOVING (intent=MOVE)
05:16:30.458 [AMR-04] STATE_TRANSITION MOVING -> EMERGENCY_STOP (intent=STOP)
05:16:30.458 [AMR-04] SAFETY_STOP min_obstacle_distance=0.01m <= 1.2m
05:16:30.558 [AMR-04] RESERVATION_WAIT: Zone (22, 12) reserved by AMR-02 (priority 77.0 >= 76.7)
05:16:30.558 [AMR-04] STATE_TRANSITION EMERGENCY_STOP -> WAITING (intent=WAIT)
05:16:30.659 [AMR-04] RESERVATION_WAIT: Zone (22, 12) reserved by AMR-02 (priority 77.0 >= 76.9)
05:16:30.760 [AMR-04] RESERVATION_WAIT: Zone (22, 12) reserved by AMR-02 (priority 77.2 >= 77.1)
05:16:30.861 [AMR-04] CONFLICT_DETECTED peer=AMR-02 type=SAME_NEXT_NODE node=(22, 12) safe_wait=(22, 11) DECISION=PROCEED (Higher precedence (77.3 vs 77.0) -> Proceed through (22, 12))
05:16:30.861 [AMR-04] STATE_TRANSITION WAITING -> MOVING (intent=MOVE)
05:16:30.961 [AMR-04] STATE_TRANSITION MOVING -> EMERGENCY_STOP (intent=STOP)
05:16:30.961 [AMR-04] SAFETY_STOP min_obstacle_distance=0.00m <= 1.2m
05:16:31.062 [AMR-04] CONFLICT_DETECTED peer=AMR-02 type=SAME_NEXT_NODE node=(22, 12) safe_wait=(22, 11) DECISION=PROCEED (Higher precedence (77.2 vs 77.2) -> Proceed through (22, 12))
05:16:31.062 [AMR-04] STATE_TRANSITION EMERGENCY_STOP -> MOVING (intent=MOVE)
05:16:31.163 [AMR-04] STATE_TRANSITION MOVING -> EMERGENCY_STOP (intent=STOP)
05:16:31.163 [AMR-04] SAFETY_STOP min_obstacle_distance=0.15m <= 1.2m
05:16:31.264 [AMR-04] RESERVATION_WAIT: Zone (22, 12) reserved by AMR-02 (priority 77.4 >= 77.1)
05:16:31.264 [AMR-04] STATE_TRANSITION EMERGENCY_STOP -> WAITING (intent=WAIT)
05:16:31.365 [AMR-04] RESERVATION_WAIT: Zone (22, 12) reserved by AMR-02 (priority 77.4 >= 77.3)
05:16:31.466 [AMR-04] RESERVATION_WAIT: Zone (22, 12) reserved by AMR-02 (priority 77.4 >= 77.3)
05:16:31.567 [AMR-04] CONFLICT_DETECTED peer=AMR-02 type=FOLLOWING node=(22, 11) safe_wait=(22, 11) DECISION=PROCEED (Higher precedence (77.5 vs 77.2) -> Proceed through (22, 11))
05:16:31.567 [AMR-04] STATE_TRANSITION WAITING -> MOVING (intent=MOVE)
05:16:31.668 [AMR-04] STATE_TRANSITION MOVING -> EMERGENCY_STOP (intent=STOP)
05:16:31.668 [AMR-04] SAFETY_STOP min_obstacle_distance=0.85m <= 1.2m
05:16:31.769 [AMR-04] CONFLICT_DETECTED peer=AMR-02 type=FOLLOWING node=(22, 11) safe_wait=(22, 11) DECISION=PROCEED (Higher precedence (77.4 vs 77.4) -> Proceed through (22, 11))
05:16:31.769 [AMR-04] STATE_TRANSITION EMERGENCY_STOP -> MOVING (intent=MOVE)
05:16:31.870 [AMR-04] STATE_TRANSITION MOVING -> EMERGENCY_STOP (intent=STOP)
05:16:31.870 [AMR-04] SAFETY_STOP min_obstacle_distance=0.70m <= 1.2m
05:16:31.970 [AMR-04] RESERVATION_WAIT: Zone (22, 12) reserved by AMR-02 (priority 77.6 >= 77.3)
05:16:31.971 [AMR-04] STATE_TRANSITION EMERGENCY_STOP -> WAITING (intent=WAIT)
05:16:32.071 [AMR-04] CONFLICT_DETECTED peer=AMR-02 type=FOLLOWING node=(22, 11) safe_wait=(22, 11) DECISION=PROCEED (Higher precedence (77.5 vs 77.4) -> Proceed through (22, 11))
05:16:32.071 [AMR-04] STATE_TRANSITION WAITING -> MOVING (intent=MOVE)
05:16:32.171 [AMR-04] STATE_TRANSITION MOVING -> EMERGENCY_STOP (intent=STOP)
05:16:32.171 [AMR-04] SAFETY_STOP min_obstacle_distance=0.62m <= 1.2m
05:16:32.272 [AMR-04] RESERVATION_WAIT: Zone (22, 12) reserved by AMR-02 (priority 77.4 >= 77.4)
05:16:32.272 [AMR-04] STATE_TRANSITION EMERGENCY_STOP -> WAITING (intent=WAIT)
05:16:32.372 [AMR-04] CONFLICT_DETECTED peer=AMR-02 type=FOLLOWING node=(22, 11) safe_wait=(22, 11) DECISION=PROCEED (Higher precedence (77.6 vs 77.5) -> Proceed through (22, 11))
05:16:32.372 [AMR-04] STATE_TRANSITION WAITING -> MOVING (intent=MOVE)
05:16:32.473 [AMR-04] STATE_TRANSITION MOVING -> EMERGENCY_STOP (intent=STOP)
05:16:32.474 [AMR-04] SAFETY_STOP min_obstacle_distance=0.60m <= 1.2m
05:16:32.573 [AMR-04] RESERVATION_WAIT: Zone (22, 12) reserved by AMR-02 (priority 77.5 >= 77.1)
05:16:32.573 [AMR-04] STATE_TRANSITION EMERGENCY_STOP -> WAITING (intent=WAIT)
05:16:32.674 [AMR-04] RESERVATION_WAIT: Zone (22, 12) reserved by AMR-02 (priority 77.5 >= 77.3)
05:16:32.774 [AMR-04] RESERVATION_WAIT: Zone (22, 12) reserved by AMR-02 (priority 77.6 >= 77.5)
05:16:32.876 [AMR-04] CONFLICT_DETECTED peer=AMR-02 type=FOLLOWING node=(22, 11) safe_wait=(22, 11) DECISION=PROCEED (Higher precedence (77.8 vs 77.4) -> Proceed through (22, 11))
05:16:32.876 [AMR-04] STATE_TRANSITION WAITING -> MOVING (intent=MOVE)
05:16:32.976 [AMR-04] STATE_TRANSITION MOVING -> EMERGENCY_STOP (intent=STOP)
05:16:32.976 [AMR-04] SAFETY_STOP min_obstacle_distance=0.86m <= 1.2m
05:16:33.076 [AMR-04] CONFLICT_DETECTED peer=AMR-02 type=FOLLOWING node=(22, 11) safe_wait=(22, 11) DECISION=PROCEED (Higher precedence (77.6 vs 77.6) -> Proceed through (22, 11))
05:16:33.076 [AMR-04] STATE_TRANSITION EMERGENCY_STOP -> MOVING (intent=MOVE)
05:16:33.176 [AMR-04] STATE_TRANSITION MOVING -> EMERGENCY_STOP (intent=STOP)
05:16:33.176 [AMR-04] SAFETY_STOP min_obstacle_distance=0.71m <= 1.2m
05:16:33.277 [AMR-04] RESERVATION_WAIT: Zone (22, 12) reserved by AMR-02 (priority 77.8 >= 77.5)
05:16:33.277 [AMR-04] STATE_TRANSITION EMERGENCY_STOP -> WAITING (intent=WAIT)
05:16:33.378 [AMR-04] CONFLICT_DETECTED peer=AMR-02 type=FOLLOWING node=(22, 11) safe_wait=(22, 11) DECISION=PROCEED (Higher precedence (77.7 vs 77.7) -> Proceed through (22, 11))
05:16:33.378 [AMR-04] STATE_TRANSITION WAITING -> MOVING (intent=MOVE)
05:16:33.479 [AMR-04] STATE_TRANSITION MOVING -> EMERGENCY_STOP (intent=STOP)
05:16:33.479 [AMR-04] SAFETY_STOP min_obstacle_distance=0.71m <= 1.2m
05:16:33.578 [AMR-04] RESERVATION_WAIT: Zone (22, 12) reserved by AMR-02 (priority 77.7 >= 77.3)
05:16:33.579 [AMR-04] STATE_TRANSITION EMERGENCY_STOP -> WAITING (intent=WAIT)
05:16:33.679 [AMR-04] RESERVATION_WAIT: Zone (22, 12) reserved by AMR-02 (priority 77.6 >= 77.5)
05:16:33.780 [AMR-04] CONFLICT_DETECTED peer=AMR-02 type=FOLLOWING node=(22, 11) safe_wait=(22, 11) DECISION=PROCEED (Higher precedence (77.8 vs 77.4) -> Proceed through (22, 11))
05:16:33.780 [AMR-04] STATE_TRANSITION WAITING -> MOVING (intent=MOVE)
05:16:33.880 [AMR-04] STATE_TRANSITION MOVING -> EMERGENCY_STOP (intent=STOP)
05:16:33.880 [AMR-04] SAFETY_STOP min_obstacle_distance=0.86m <= 1.2m
05:16:33.980 [AMR-04] CONFLICT_DETECTED peer=AMR-02 type=FOLLOWING node=(22, 11) safe_wait=(22, 11) DECISION=PROCEED (Higher precedence (77.6 vs 77.6) -> Proceed through (22, 11))
05:16:33.980 [AMR-04] STATE_TRANSITION EMERGENCY_STOP -> MOVING (intent=MOVE)
05:16:34.081 [AMR-04] STATE_TRANSITION MOVING -> EMERGENCY_STOP (intent=STOP)
05:16:34.081 [AMR-04] SAFETY_STOP min_obstacle_distance=0.76m <= 1.2m
05:16:34.181 [AMR-04] RESERVATION_WAIT: Zone (22, 12) reserved by AMR-02 (priority 77.8 >= 77.5)
05:16:34.181 [AMR-04] STATE_TRANSITION EMERGENCY_STOP -> WAITING (intent=WAIT)
05:16:34.281 [AMR-04] CONFLICT_DETECTED peer=AMR-02 type=FOLLOWING node=(22, 11) safe_wait=(22, 11) DECISION=PROCEED (Higher precedence (77.7 vs 77.7) -> Proceed through (22, 11))
05:16:34.282 [AMR-04] STATE_TRANSITION WAITING -> MOVING (intent=MOVE)
05:16:34.382 [AMR-04] STATE_TRANSITION MOVING -> EMERGENCY_STOP (intent=STOP)
05:16:34.382 [AMR-04] SAFETY_STOP min_obstacle_distance=0.71m <= 1.2m
05:16:34.483 [AMR-04] RESERVATION_WAIT: Zone (22, 12) reserved by AMR-02 (priority 77.7 >= 77.3)
05:16:34.483 [AMR-04] STATE_TRANSITION EMERGENCY_STOP -> WAITING (intent=WAIT)
05:16:34.583 [AMR-04] RESERVATION_WAIT: Zone (22, 12) reserved by AMR-02 (priority 77.6 >= 77.5)
05:16:34.684 [AMR-04] CONFLICT_DETECTED peer=AMR-02 type=FOLLOWING node=(22, 11) safe_wait=(22, 11) DECISION=PROCEED (Higher precedence (77.8 vs 77.4) -> Proceed through (22, 11))
05:16:34.684 [AMR-04] STATE_TRANSITION WAITING -> MOVING (intent=MOVE)
05:16:34.785 [AMR-04] STATE_TRANSITION MOVING -> EMERGENCY_STOP (intent=STOP)
05:16:34.791 [AMR-04] SAFETY_STOP min_obstacle_distance=0.86m <= 1.2m
05:16:34.886 [AMR-04] CONFLICT_DETECTED peer=AMR-02 type=FOLLOWING node=(22, 11) safe_wait=(22, 11) DECISION=PROCEED (Higher precedence (77.6 vs 77.6) -> Proceed through (22, 11))
05:16:34.886 [AMR-04] STATE_TRANSITION EMERGENCY_STOP -> MOVING (intent=MOVE)
05:16:34.986 [AMR-04] STATE_TRANSITION MOVING -> EMERGENCY_STOP (intent=STOP)
05:16:34.986 [AMR-04] SAFETY_STOP min_obstacle_distance=0.76m <= 1.2m
05:16:35.086 [AMR-04] RESERVATION_WAIT: Zone (22, 12) reserved by AMR-02 (priority 77.8 >= 77.5)
05:16:35.086 [AMR-04] STATE_TRANSITION EMERGENCY_STOP -> WAITING (intent=WAIT)
05:16:35.187 [AMR-04] CONFLICT_DETECTED peer=AMR-02 type=FOLLOWING node=(22, 11) safe_wait=(22, 11) DECISION=PROCEED (Higher precedence (77.7 vs 77.7) -> Proceed through (22, 11))
05:16:35.187 [AMR-04] STATE_TRANSITION WAITING -> MOVING (intent=MOVE)
05:16:35.287 [AMR-04] STATE_TRANSITION MOVING -> EMERGENCY_STOP (intent=STOP)
05:16:35.287 [AMR-04] SAFETY_STOP min_obstacle_distance=0.71m <= 1.2m
05:16:35.388 [AMR-04] RESERVATION_WAIT: Zone (22, 12) reserved by AMR-02 (priority 77.7 >= 77.6)
05:16:35.388 [AMR-04] STATE_TRANSITION EMERGENCY_STOP -> WAITING (intent=WAIT)
05:16:35.488 [AMR-04] RESERVATION_WAIT: Zone (22, 12) reserved by AMR-02 (priority 77.8 >= 77.5)
05:16:35.589 [AMR-04] RESERVATION_WAIT: Zone (22, 12) reserved by AMR-02 (priority 77.8 >= 77.8)
05:16:35.689 [AMR-04] CONFLICT_DETECTED peer=AMR-02 type=FOLLOWING node=(22, 11) safe_wait=(22, 11) DECISION=PROCEED (Higher precedence (78.0 vs 77.4) -> Proceed through (22, 11))
05:16:35.690 [AMR-04] STATE_TRANSITION WAITING -> MOVING (intent=MOVE)
05:16:35.789 [AMR-04] STATE_TRANSITION MOVING -> EMERGENCY_STOP (intent=STOP)
05:16:35.789 [AMR-04] SAFETY_STOP min_obstacle_distance=0.85m <= 1.2m
05:16:35.891 [AMR-04] CONFLICT_DETECTED peer=AMR-02 type=FOLLOWING node=(22, 11) safe_wait=(22, 11) DECISION=PROCEED (Higher precedence (77.8 vs 77.8) -> Proceed through (22, 11))
05:16:35.891 [AMR-04] STATE_TRANSITION EMERGENCY_STOP -> MOVING (intent=MOVE)
05:16:35.991 [AMR-04] STATE_TRANSITION MOVING -> EMERGENCY_STOP (intent=STOP)
05:16:35.992 [AMR-04] SAFETY_STOP min_obstacle_distance=0.70m <= 1.2m
05:16:36.092 [AMR-04] RESERVATION_WAIT: Zone (22, 12) reserved by AMR-02 (priority 78.0 >= 77.7)
05:16:36.093 [AMR-04] STATE_TRANSITION EMERGENCY_STOP -> WAITING (intent=WAIT)
05:16:36.193 [AMR-04] CONFLICT_DETECTED peer=AMR-02 type=FOLLOWING node=(22, 11) safe_wait=(22, 11) DECISION=PROCEED (Higher precedence (77.9 vs 77.8) -> Proceed through (22, 11))
05:16:36.194 [AMR-04] STATE_TRANSITION WAITING -> MOVING (intent=MOVE)
05:16:36.294 [AMR-04] STATE_TRANSITION MOVING -> EMERGENCY_STOP (intent=STOP)
05:16:36.294 [AMR-04] SAFETY_STOP min_obstacle_distance=0.62m <= 1.2m
05:16:36.395 [AMR-04] RESERVATION_WAIT: Zone (22, 12) reserved by AMR-02 (priority 77.8 >= 77.8)
05:16:36.395 [AMR-04] STATE_TRANSITION EMERGENCY_STOP -> WAITING (intent=WAIT)
05:16:36.495 [AMR-04] RESERVATION_WAIT: Zone (22, 12) reserved by AMR-02 (priority 77.9 >= 77.8)
05:16:36.597 [AMR-04] CONFLICT_DETECTED peer=AMR-02 type=FOLLOWING node=(22, 11) safe_wait=(22, 11) DECISION=PROCEED (Higher precedence (78.0 vs 77.6) -> Proceed through (22, 11))
05:16:36.597 [AMR-04] STATE_TRANSITION WAITING -> MOVING (intent=MOVE)
05:16:36.697 [AMR-04] STATE_TRANSITION MOVING -> EMERGENCY_STOP (intent=STOP)
05:16:36.697 [AMR-04] SAFETY_STOP min_obstacle_distance=0.85m <= 1.2m
05:16:36.797 [AMR-04] RESERVATION_WAIT: Zone (22, 12) reserved by AMR-02 (priority 77.9 >= 77.8)
05:16:36.797 [AMR-04] STATE_TRANSITION EMERGENCY_STOP -> WAITING (intent=WAIT)
05:16:36.898 [AMR-04] CONFLICT_DETECTED peer=AMR-02 type=FOLLOWING node=(22, 11) safe_wait=(22, 11) DECISION=PROCEED (Higher precedence (78.0 vs 78.0) -> Proceed through (22, 11))
05:16:36.898 [AMR-04] STATE_TRANSITION WAITING -> MOVING (intent=MOVE)
05:16:36.999 [AMR-04] STATE_TRANSITION MOVING -> EMERGENCY_STOP (intent=STOP)
05:16:36.999 [AMR-04] SAFETY_STOP min_obstacle_distance=0.71m <= 1.2m
05:16:37.099 [AMR-04] RESERVATION_WAIT: Zone (22, 12) reserved by AMR-02 (priority 78.0 >= 77.9)
05:16:37.099 [AMR-04] STATE_TRANSITION EMERGENCY_STOP -> WAITING (intent=WAIT)
05:16:37.200 [AMR-04] CONFLICT_DETECTED peer=AMR-02 type=FOLLOWING node=(22, 11) safe_wait=(22, 11) DECISION=PROCEED (Higher precedence (78.1 vs 78.0) -> Proceed through (22, 11))
05:16:37.200 [AMR-04] STATE_TRANSITION WAITING -> MOVING (intent=MOVE)
05:16:37.300 [AMR-04] STATE_TRANSITION MOVING -> EMERGENCY_STOP (intent=STOP)
05:16:37.300 [AMR-04] SAFETY_STOP min_obstacle_distance=0.62m <= 1.2m
05:16:37.401 [AMR-04] RESERVATION_WAIT: Zone (22, 12) reserved by AMR-02 (priority 78.0 >= 78.0)
05:16:37.402 [AMR-04] STATE_TRANSITION EMERGENCY_STOP -> WAITING (intent=WAIT)
05:16:37.502 [AMR-04] RESERVATION_WAIT: Zone (22, 12) reserved by AMR-02 (priority 78.1 >= 78.0)
05:16:37.602 [AMR-04] CONFLICT_DETECTED peer=AMR-02 type=FOLLOWING node=(22, 11) safe_wait=(22, 11) DECISION=PROCEED (Higher precedence (78.2 vs 77.8) -> Proceed through (22, 11))
05:16:37.603 [AMR-04] STATE_TRANSITION WAITING -> MOVING (intent=MOVE)
05:16:37.702 [AMR-04] STATE_TRANSITION MOVING -> EMERGENCY_STOP (intent=STOP)
05:16:37.702 [AMR-04] SAFETY_STOP min_obstacle_distance=0.85m <= 1.2m
05:16:37.803 [AMR-04] RESERVATION_WAIT: Zone (22, 12) reserved by AMR-02 (priority 78.1 >= 78.0)
05:16:37.803 [AMR-04] STATE_TRANSITION EMERGENCY_STOP -> WAITING (intent=WAIT)
05:16:37.904 [AMR-04] CONFLICT_DETECTED peer=AMR-02 type=FOLLOWING node=(22, 11) safe_wait=(22, 11) DECISION=PROCEED (Higher precedence (78.2 vs 78.2) -> Proceed through (22, 11))
05:16:37.904 [AMR-04] STATE_TRANSITION WAITING -> MOVING (intent=MOVE)
05:16:38.004 [AMR-04] STATE_TRANSITION MOVING -> EMERGENCY_STOP (intent=STOP)
05:16:38.004 [AMR-04] SAFETY_STOP min_obstacle_distance=0.71m <= 1.2m
05:16:38.104 [AMR-04] RESERVATION_WAIT: Zone (22, 12) reserved by AMR-02 (priority 78.2 >= 78.1)
05:16:38.104 [AMR-04] STATE_TRANSITION EMERGENCY_STOP -> WAITING (intent=WAIT)
05:16:38.204 [AMR-04] CONFLICT_DETECTED peer=AMR-02 type=FOLLOWING node=(22, 11) safe_wait=(22, 11) DECISION=PROCEED (Higher precedence (78.3 vs 78.2) -> Proceed through (22, 11))
05:16:38.204 [AMR-04] STATE_TRANSITION WAITING -> MOVING (intent=MOVE)
05:16:38.304 [AMR-04] STATE_TRANSITION MOVING -> EMERGENCY_STOP (intent=STOP)
05:16:38.304 [AMR-04] SAFETY_STOP min_obstacle_distance=0.62m <= 1.2m
05:16:38.405 [AMR-04] RESERVATION_WAIT: Zone (22, 12) reserved by AMR-02 (priority 78.2 >= 78.2)
05:16:38.406 [AMR-04] STATE_TRANSITION EMERGENCY_STOP -> WAITING (intent=WAIT)
05:16:38.507 [AMR-04] RESERVATION_WAIT: Zone (22, 12) reserved by AMR-02 (priority 78.3 >= 78.2)
05:16:38.607 [AMR-04] STATE_TRANSITION WAITING -> MOVING (intent=MOVE)
05:16:38.708 [AMR-04] STATE_TRANSITION MOVING -> EMERGENCY_STOP (intent=STOP)
05:16:38.708 [AMR-04] SAFETY_STOP min_obstacle_distance=1.01m <= 1.2m
05:16:38.808 [AMR-04] RESERVATION_WAIT: Zone (22, 12) reserved by AMR-02 (priority 78.3 >= 78.2)
05:16:38.808 [AMR-04] STATE_TRANSITION EMERGENCY_STOP -> WAITING (intent=WAIT)
05:16:38.909 [AMR-04] STATE_TRANSITION WAITING -> MOVING (intent=MOVE)
05:16:39.010 [AMR-04] STATE_TRANSITION MOVING -> EMERGENCY_STOP (intent=STOP)
05:16:39.010 [AMR-04] SAFETY_STOP min_obstacle_distance=1.04m <= 1.2m
05:16:39.111 [AMR-04] STATE_TRANSITION EMERGENCY_STOP -> MOVING (intent=MOVE)
05:16:39.211 [AMR-04] STATE_TRANSITION MOVING -> EMERGENCY_STOP (intent=STOP)
05:16:39.211 [AMR-04] SAFETY_STOP min_obstacle_distance=1.10m <= 1.2m
05:16:39.312 [AMR-04] RESERVATION_WAIT: Zone (22, 12) reserved by AMR-02 (priority 78.3 >= 78.2)
05:16:39.312 [AMR-04] STATE_TRANSITION EMERGENCY_STOP -> WAITING (intent=WAIT)
05:16:39.412 [AMR-04] STATE_TRANSITION WAITING -> MOVING (intent=MOVE)
05:16:39.512 [AMR-04] STATE_TRANSITION MOVING -> EMERGENCY_STOP (intent=STOP)
05:16:39.512 [AMR-04] SAFETY_STOP min_obstacle_distance=1.00m <= 1.2m
05:16:39.614 [AMR-04] RESERVATION_WAIT: Zone (22, 12) reserved by AMR-02 (priority 78.3 >= 78.0)
05:16:39.614 [AMR-04] STATE_TRANSITION EMERGENCY_STOP -> WAITING (intent=WAIT)
05:16:39.714 [AMR-04] RESERVATION_WAIT: Zone (22, 12) reserved by AMR-02 (priority 78.3 >= 78.2)
05:16:39.816 [AMR-04] STATE_TRANSITION WAITING -> MOVING (intent=MOVE)
05:16:39.916 [AMR-04] STATE_TRANSITION MOVING -> EMERGENCY_STOP (intent=STOP)
05:16:39.916 [AMR-04] SAFETY_STOP min_obstacle_distance=1.01m <= 1.2m
05:16:40.018 [AMR-04] RESERVATION_WAIT: Zone (22, 12) reserved by AMR-02 (priority 78.3 >= 78.2)
05:16:40.018 [AMR-04] STATE_TRANSITION EMERGENCY_STOP -> WAITING (intent=WAIT)
05:16:40.118 [AMR-04] STATE_TRANSITION WAITING -> MOVING (intent=MOVE)
05:16:40.219 [AMR-04] STATE_TRANSITION MOVING -> EMERGENCY_STOP (intent=STOP)
05:16:40.219 [AMR-04] SAFETY_STOP min_obstacle_distance=1.04m <= 1.2m
05:16:40.320 [AMR-04] STATE_TRANSITION EMERGENCY_STOP -> MOVING (intent=MOVE)
05:16:40.421 [AMR-04] STATE_TRANSITION MOVING -> EMERGENCY_STOP (intent=STOP)
05:16:40.422 [AMR-04] SAFETY_STOP min_obstacle_distance=1.10m <= 1.2m
05:16:40.521 [AMR-04] RESERVATION_WAIT: Zone (22, 12) reserved by AMR-02 (priority 78.3 >= 78.0)
05:16:40.521 [AMR-04] STATE_TRANSITION EMERGENCY_STOP -> WAITING (intent=WAIT)
05:16:40.623 [AMR-04] RESERVATION_WAIT: Zone (22, 12) reserved by AMR-02 (priority 78.3 >= 78.2)
05:16:40.724 [AMR-04] STATE_TRANSITION WAITING -> MOVING (intent=MOVE)
05:16:40.823 [AMR-04] STATE_TRANSITION MOVING -> EMERGENCY_STOP (intent=STOP)
05:16:40.823 [AMR-04] SAFETY_STOP min_obstacle_distance=1.01m <= 1.2m
05:16:40.925 [AMR-04] RESERVATION_WAIT: Zone (22, 12) reserved by AMR-02 (priority 78.3 >= 78.2)
05:16:40.925 [AMR-04] STATE_TRANSITION EMERGENCY_STOP -> WAITING (intent=WAIT)
05:16:41.026 [AMR-04] STATE_TRANSITION WAITING -> MOVING (intent=MOVE)
05:16:41.126 [AMR-04] STATE_TRANSITION MOVING -> EMERGENCY_STOP (intent=STOP)
05:16:41.126 [AMR-04] SAFETY_STOP min_obstacle_distance=1.04m <= 1.2m
05:16:41.227 [AMR-04] STATE_TRANSITION EMERGENCY_STOP -> MOVING (intent=MOVE)
05:16:41.327 [AMR-04] STATE_TRANSITION MOVING -> EMERGENCY_STOP (intent=STOP)
05:16:41.327 [AMR-04] SAFETY_STOP min_obstacle_distance=1.10m <= 1.2m
05:16:41.428 [AMR-04] RESERVATION_WAIT: Zone (22, 12) reserved by AMR-02 (priority 78.3 >= 78.2)
05:16:41.428 [AMR-04] STATE_TRANSITION EMERGENCY_STOP -> WAITING (intent=WAIT)
05:16:41.528 [AMR-04] STATE_TRANSITION WAITING -> MOVING (intent=MOVE)
05:16:41.630 [AMR-04] STATE_TRANSITION MOVING -> EMERGENCY_STOP (intent=STOP)
05:16:41.630 [AMR-04] SAFETY_STOP min_obstacle_distance=1.01m <= 1.2m
05:16:41.730 [AMR-04] STATE_TRANSITION EMERGENCY_STOP -> MOVING (intent=MOVE)
05:16:41.830 [AMR-04] STATE_TRANSITION MOVING -> EMERGENCY_STOP (intent=STOP)
05:16:41.830 [AMR-04] SAFETY_STOP min_obstacle_distance=1.04m <= 1.2m
05:16:41.931 [AMR-04] STATE_TRANSITION EMERGENCY_STOP -> MOVING (intent=MOVE)
05:16:42.031 [AMR-04] STATE_TRANSITION MOVING -> EMERGENCY_STOP (intent=STOP)
05:16:42.031 [AMR-04] SAFETY_STOP min_obstacle_distance=1.10m <= 1.2m
05:16:42.133 [AMR-04] STATE_TRANSITION EMERGENCY_STOP -> MOVING (intent=MOVE)
05:16:42.234 [AMR-04] STATE_TRANSITION MOVING -> EMERGENCY_STOP (intent=STOP)
05:16:42.234 [AMR-04] SAFETY_STOP min_obstacle_distance=1.17m <= 1.2m
05:16:42.334 [AMR-04] STATE_TRANSITION EMERGENCY_STOP -> MOVING (intent=MOVE)
05:16:42.534 [AMR-04] STATE_TRANSITION MOVING -> EMERGENCY_STOP (intent=STOP)
05:16:42.534 [AMR-04] SAFETY_STOP min_obstacle_distance=1.00m <= 1.2m
05:16:42.635 [AMR-04] STATE_TRANSITION EMERGENCY_STOP -> MOVING (intent=MOVE)
05:16:42.736 [AMR-04] STATE_TRANSITION MOVING -> EMERGENCY_STOP (intent=STOP)
05:16:42.736 [AMR-04] SAFETY_STOP min_obstacle_distance=1.01m <= 1.2m
05:16:42.837 [AMR-04] STATE_TRANSITION EMERGENCY_STOP -> MOVING (intent=MOVE)
05:16:42.937 [AMR-04] STATE_TRANSITION MOVING -> EMERGENCY_STOP (intent=STOP)
05:16:42.938 [AMR-04] SAFETY_STOP min_obstacle_distance=1.04m <= 1.2m
05:16:43.039 [AMR-04] STATE_TRANSITION EMERGENCY_STOP -> MOVING (intent=MOVE)
05:16:43.139 [AMR-04] STATE_TRANSITION MOVING -> EMERGENCY_STOP (intent=STOP)
05:16:43.139 [AMR-04] SAFETY_STOP min_obstacle_distance=1.10m <= 1.2m
05:16:43.239 [AMR-04] STATE_TRANSITION EMERGENCY_STOP -> MOVING (intent=MOVE)
05:16:43.340 [AMR-04] STATE_TRANSITION MOVING -> EMERGENCY_STOP (intent=STOP)
05:16:43.340 [AMR-04] SAFETY_STOP min_obstacle_distance=1.17m <= 1.2m
05:16:43.441 [AMR-04] STATE_TRANSITION EMERGENCY_STOP -> MOVING (intent=MOVE)
05:16:43.844 [AMR-04] STATE_TRANSITION MOVING -> EMERGENCY_STOP (intent=STOP)
05:16:43.844 [AMR-04] SAFETY_STOP min_obstacle_distance=1.14m <= 1.2m
05:16:43.945 [AMR-04] STATE_TRANSITION EMERGENCY_STOP -> MOVING (intent=MOVE)
05:16:44.046 [AMR-04] STATE_TRANSITION MOVING -> EMERGENCY_STOP (intent=STOP)
05:16:44.046 [AMR-04] SAFETY_STOP min_obstacle_distance=1.08m <= 1.2m
05:16:44.147 [AMR-04] STATE_TRANSITION EMERGENCY_STOP -> MOVING (intent=MOVE)
05:16:44.247 [AMR-04] STATE_TRANSITION MOVING -> EMERGENCY_STOP (intent=STOP)
05:16:44.247 [AMR-04] SAFETY_STOP min_obstacle_distance=1.03m <= 1.2m
05:16:44.348 [AMR-04] STATE_TRANSITION EMERGENCY_STOP -> MOVING (intent=MOVE)
05:16:44.449 [AMR-04] STATE_TRANSITION MOVING -> EMERGENCY_STOP (intent=STOP)
05:16:44.449 [AMR-04] SAFETY_STOP min_obstacle_distance=1.00m <= 1.2m
05:16:44.549 [AMR-04] STATE_TRANSITION EMERGENCY_STOP -> MOVING (intent=MOVE)
05:16:44.851 [AMR-04] STATE_TRANSITION MOVING -> EMERGENCY_STOP (intent=STOP)
05:16:44.852 [AMR-04] SAFETY_STOP min_obstacle_distance=1.14m <= 1.2m
05:16:44.953 [AMR-04] STATE_TRANSITION EMERGENCY_STOP -> MOVING (intent=MOVE)
05:16:45.054 [AMR-04] STATE_TRANSITION MOVING -> EMERGENCY_STOP (intent=STOP)
05:16:45.054 [AMR-04] SAFETY_STOP min_obstacle_distance=1.07m <= 1.2m
05:16:45.154 [AMR-04] STATE_TRANSITION EMERGENCY_STOP -> MOVING (intent=MOVE)
05:16:45.256 [AMR-04] STATE_TRANSITION MOVING -> EMERGENCY_STOP (intent=STOP)
05:16:45.256 [AMR-04] SAFETY_STOP min_obstacle_distance=1.03m <= 1.2m
05:16:45.356 [AMR-04] STATE_TRANSITION EMERGENCY_STOP -> MOVING (intent=MOVE)
05:16:45.457 [AMR-04] STATE_TRANSITION MOVING -> EMERGENCY_STOP (intent=STOP)
05:16:45.457 [AMR-04] SAFETY_STOP min_obstacle_distance=1.00m <= 1.2m
05:16:45.557 [AMR-04] STATE_TRANSITION EMERGENCY_STOP -> MOVING (intent=MOVE)
05:16:45.859 [AMR-04] STATE_TRANSITION MOVING -> EMERGENCY_STOP (intent=STOP)
05:16:45.859 [AMR-04] SAFETY_STOP min_obstacle_distance=1.14m <= 1.2m
05:16:45.959 [AMR-04] STATE_TRANSITION EMERGENCY_STOP -> MOVING (intent=MOVE)
05:16:46.059 [AMR-04] STATE_TRANSITION MOVING -> EMERGENCY_STOP (intent=STOP)
05:16:46.059 [AMR-04] SAFETY_STOP min_obstacle_distance=1.08m <= 1.2m
05:16:46.160 [AMR-04] STATE_TRANSITION EMERGENCY_STOP -> MOVING (intent=MOVE)
05:16:46.260 [AMR-04] STATE_TRANSITION MOVING -> EMERGENCY_STOP (intent=STOP)
05:16:46.260 [AMR-04] SAFETY_STOP min_obstacle_distance=1.03m <= 1.2m
05:16:46.361 [AMR-04] STATE_TRANSITION EMERGENCY_STOP -> MOVING (intent=MOVE)
05:16:46.461 [AMR-04] STATE_TRANSITION MOVING -> EMERGENCY_STOP (intent=STOP)
05:16:46.462 [AMR-04] SAFETY_STOP min_obstacle_distance=1.00m <= 1.2m
05:16:46.562 [AMR-04] STATE_TRANSITION EMERGENCY_STOP -> MOVING (intent=MOVE)
05:16:46.864 [AMR-04] STATE_TRANSITION MOVING -> EMERGENCY_STOP (intent=STOP)
05:16:46.865 [AMR-04] SAFETY_STOP min_obstacle_distance=1.14m <= 1.2m
05:16:46.966 [AMR-04] STATE_TRANSITION EMERGENCY_STOP -> MOVING (intent=MOVE)
05:16:47.067 [AMR-04] STATE_TRANSITION MOVING -> EMERGENCY_STOP (intent=STOP)
05:16:47.067 [AMR-04] SAFETY_STOP min_obstacle_distance=1.08m <= 1.2m
05:16:47.166 [AMR-04] STATE_TRANSITION EMERGENCY_STOP -> MOVING (intent=MOVE)
05:16:47.267 [AMR-04] STATE_TRANSITION MOVING -> EMERGENCY_STOP (intent=STOP)
05:16:47.267 [AMR-04] SAFETY_STOP min_obstacle_distance=1.03m <= 1.2m
05:16:47.367 [AMR-04] STATE_TRANSITION EMERGENCY_STOP -> MOVING (intent=MOVE)
05:16:47.771 [AMR-04] STATE_TRANSITION MOVING -> EMERGENCY_STOP (intent=STOP)
05:16:47.771 [AMR-04] SAFETY_STOP min_obstacle_distance=1.14m <= 1.2m
05:16:47.871 [AMR-04] STATE_TRANSITION EMERGENCY_STOP -> MOVING (intent=MOVE)
05:16:47.972 [AMR-04] STATE_TRANSITION MOVING -> EMERGENCY_STOP (intent=STOP)
05:16:47.972 [AMR-04] SAFETY_STOP min_obstacle_distance=1.08m <= 1.2m
05:16:48.073 [AMR-04] STATE_TRANSITION EMERGENCY_STOP -> MOVING (intent=MOVE)
05:16:48.173 [AMR-04] STATE_TRANSITION MOVING -> EMERGENCY_STOP (intent=STOP)
05:16:48.173 [AMR-04] SAFETY_STOP min_obstacle_distance=1.03m <= 1.2m
05:16:48.273 [AMR-04] STATE_TRANSITION EMERGENCY_STOP -> MOVING (intent=MOVE)
05:16:48.374 [AMR-04] STATE_TRANSITION MOVING -> EMERGENCY_STOP (intent=STOP)
05:16:48.374 [AMR-04] SAFETY_STOP min_obstacle_distance=1.00m <= 1.2m
05:16:48.476 [AMR-04] STATE_TRANSITION EMERGENCY_STOP -> MOVING (intent=MOVE)
05:16:48.878 [AMR-04] STATE_TRANSITION MOVING -> EMERGENCY_STOP (intent=STOP)
05:16:48.878 [AMR-04] SAFETY_STOP min_obstacle_distance=1.14m <= 1.2m
05:16:48.979 [AMR-04] STATE_TRANSITION EMERGENCY_STOP -> MOVING (intent=MOVE)
05:16:49.079 [AMR-04] STATE_TRANSITION MOVING -> EMERGENCY_STOP (intent=STOP)
05:16:49.079 [AMR-04] SAFETY_STOP min_obstacle_distance=1.08m <= 1.2m
05:16:49.180 [AMR-04] STATE_TRANSITION EMERGENCY_STOP -> MOVING (intent=MOVE)
05:16:49.280 [AMR-04] STATE_TRANSITION MOVING -> EMERGENCY_STOP (intent=STOP)
05:16:49.280 [AMR-04] SAFETY_STOP min_obstacle_distance=1.03m <= 1.2m
05:16:49.382 [AMR-04] STATE_TRANSITION EMERGENCY_STOP -> MOVING (intent=MOVE)
05:16:49.784 [AMR-04] STATE_TRANSITION MOVING -> EMERGENCY_STOP (intent=STOP)
05:16:49.785 [AMR-04] SAFETY_STOP min_obstacle_distance=1.14m <= 1.2m
05:16:49.885 [AMR-04] STATE_TRANSITION EMERGENCY_STOP -> MOVING (intent=MOVE)
05:16:49.985 [AMR-04] STATE_TRANSITION MOVING -> EMERGENCY_STOP (intent=STOP)
05:16:49.985 [AMR-04] SAFETY_STOP min_obstacle_distance=1.08m <= 1.2m
05:16:50.086 [AMR-04] STATE_TRANSITION EMERGENCY_STOP -> MOVING (intent=MOVE)
05:16:50.185 [AMR-04] STATE_TRANSITION MOVING -> EMERGENCY_STOP (intent=STOP)
05:16:50.186 [AMR-04] SAFETY_STOP min_obstacle_distance=1.03m <= 1.2m
05:16:50.286 [AMR-04] STATE_TRANSITION EMERGENCY_STOP -> MOVING (intent=MOVE)
05:16:50.387 [AMR-04] STATE_TRANSITION MOVING -> EMERGENCY_STOP (intent=STOP)
05:16:50.387 [AMR-04] SAFETY_STOP min_obstacle_distance=1.00m <= 1.2m
05:16:50.487 [AMR-04] STATE_TRANSITION EMERGENCY_STOP -> MOVING (intent=MOVE)
05:16:50.788 [AMR-04] STATE_TRANSITION MOVING -> EMERGENCY_STOP (intent=STOP)
05:16:50.788 [AMR-04] SAFETY_STOP min_obstacle_distance=1.14m <= 1.2m
05:16:50.889 [AMR-04] STATE_TRANSITION EMERGENCY_STOP -> MOVING (intent=MOVE)
05:16:50.990 [AMR-04] STATE_TRANSITION MOVING -> EMERGENCY_STOP (intent=STOP)
05:16:50.991 [AMR-04] SAFETY_STOP min_obstacle_distance=1.08m <= 1.2m
05:16:51.091 [AMR-04] STATE_TRANSITION EMERGENCY_STOP -> MOVING (intent=MOVE)
05:16:51.191 [AMR-04] STATE_TRANSITION MOVING -> EMERGENCY_STOP (intent=STOP)
05:16:51.191 [AMR-04] SAFETY_STOP min_obstacle_distance=1.03m <= 1.2m
05:16:51.292 [AMR-04] STATE_TRANSITION EMERGENCY_STOP -> MOVING (intent=MOVE)
05:16:51.392 [AMR-04] STATE_TRANSITION MOVING -> EMERGENCY_STOP (intent=STOP)
05:16:51.392 [AMR-04] SAFETY_STOP min_obstacle_distance=1.00m <= 1.2m
05:16:51.492 [AMR-04] STATE_TRANSITION EMERGENCY_STOP -> MOVING (intent=MOVE)
05:16:51.795 [AMR-04] STATE_TRANSITION MOVING -> EMERGENCY_STOP (intent=STOP)
05:16:51.795 [AMR-04] SAFETY_STOP min_obstacle_distance=1.14m <= 1.2m
05:16:51.896 [AMR-04] STATE_TRANSITION EMERGENCY_STOP -> MOVING (intent=MOVE)
05:16:51.996 [AMR-04] STATE_TRANSITION MOVING -> EMERGENCY_STOP (intent=STOP)
05:16:51.996 [AMR-04] SAFETY_STOP min_obstacle_distance=1.08m <= 1.2m
05:16:52.097 [AMR-04] STATE_TRANSITION EMERGENCY_STOP -> MOVING (intent=MOVE)
05:16:52.197 [AMR-04] STATE_TRANSITION MOVING -> EMERGENCY_STOP (intent=STOP)
05:16:52.197 [AMR-04] SAFETY_STOP min_obstacle_distance=1.03m <= 1.2m
05:16:52.298 [AMR-04] STATE_TRANSITION EMERGENCY_STOP -> MOVING (intent=MOVE)
05:16:52.399 [AMR-04] STATE_TRANSITION MOVING -> EMERGENCY_STOP (intent=STOP)
05:16:52.399 [AMR-04] SAFETY_STOP min_obstacle_distance=1.00m <= 1.2m
05:16:52.499 [AMR-04] STATE_TRANSITION EMERGENCY_STOP -> MOVING (intent=MOVE)
05:16:52.801 [AMR-04] STATE_TRANSITION MOVING -> EMERGENCY_STOP (intent=STOP)
05:16:52.801 [AMR-04] SAFETY_STOP min_obstacle_distance=1.14m <= 1.2m
05:16:52.902 [AMR-04] STATE_TRANSITION EMERGENCY_STOP -> MOVING (intent=MOVE)
05:16:53.002 [AMR-04] STATE_TRANSITION MOVING -> EMERGENCY_STOP (intent=STOP)
05:16:53.002 [AMR-04] SAFETY_STOP min_obstacle_distance=1.08m <= 1.2m
05:16:53.102 [AMR-04] STATE_TRANSITION EMERGENCY_STOP -> MOVING (intent=MOVE)
05:16:53.203 [AMR-04] STATE_TRANSITION MOVING -> EMERGENCY_STOP (intent=STOP)
05:16:53.203 [AMR-04] SAFETY_STOP min_obstacle_distance=1.03m <= 1.2m
05:16:53.303 [AMR-04] STATE_TRANSITION EMERGENCY_STOP -> MOVING (intent=MOVE)
05:16:53.404 [AMR-04] STATE_TRANSITION MOVING -> EMERGENCY_STOP (intent=STOP)
05:16:53.404 [AMR-04] SAFETY_STOP min_obstacle_distance=1.00m <= 1.2m
05:16:53.504 [AMR-04] STATE_TRANSITION EMERGENCY_STOP -> MOVING (intent=MOVE)
05:16:53.806 [AMR-04] STATE_TRANSITION MOVING -> EMERGENCY_STOP (intent=STOP)
05:16:53.806 [AMR-04] SAFETY_STOP min_obstacle_distance=1.14m <= 1.2m
05:16:53.907 [AMR-04] STATE_TRANSITION EMERGENCY_STOP -> MOVING (intent=MOVE)
05:16:54.008 [AMR-04] STATE_TRANSITION MOVING -> EMERGENCY_STOP (intent=STOP)
05:16:54.008 [AMR-04] SAFETY_STOP min_obstacle_distance=1.08m <= 1.2m
05:16:54.109 [AMR-04] STATE_TRANSITION EMERGENCY_STOP -> MOVING (intent=MOVE)
05:16:54.209 [AMR-04] STATE_TRANSITION MOVING -> EMERGENCY_STOP (intent=STOP)
05:16:54.209 [AMR-04] SAFETY_STOP min_obstacle_distance=1.03m <= 1.2m
05:16:54.310 [AMR-04] STATE_TRANSITION EMERGENCY_STOP -> MOVING (intent=MOVE)
05:16:54.411 [AMR-04] STATE_TRANSITION MOVING -> EMERGENCY_STOP (intent=STOP)
05:16:54.411 [AMR-04] SAFETY_STOP min_obstacle_distance=1.00m <= 1.2m
05:16:54.511 [AMR-04] STATE_TRANSITION EMERGENCY_STOP -> MOVING (intent=MOVE)
05:16:54.814 [AMR-04] STATE_TRANSITION MOVING -> EMERGENCY_STOP (intent=STOP)
05:16:54.814 [AMR-04] SAFETY_STOP min_obstacle_distance=1.14m <= 1.2m
05:16:54.914 [AMR-04] STATE_TRANSITION EMERGENCY_STOP -> MOVING (intent=MOVE)
05:16:55.015 [AMR-04] STATE_TRANSITION MOVING -> EMERGENCY_STOP (intent=STOP)
05:16:55.015 [AMR-04] SAFETY_STOP min_obstacle_distance=1.08m <= 1.2m
05:16:55.115 [AMR-04] STATE_TRANSITION EMERGENCY_STOP -> MOVING (intent=MOVE)
05:16:55.215 [AMR-04] STATE_TRANSITION MOVING -> EMERGENCY_STOP (intent=STOP)
05:16:55.216 [AMR-04] SAFETY_STOP min_obstacle_distance=1.03m <= 1.2m
05:16:55.316 [AMR-04] STATE_TRANSITION EMERGENCY_STOP -> MOVING (intent=MOVE)
05:16:55.416 [AMR-04] STATE_TRANSITION MOVING -> EMERGENCY_STOP (intent=STOP)
05:16:55.416 [AMR-04] SAFETY_STOP min_obstacle_distance=1.00m <= 1.2m
05:16:55.517 [AMR-04] STATE_TRANSITION EMERGENCY_STOP -> MOVING (intent=MOVE)
05:16:55.819 [AMR-04] STATE_TRANSITION MOVING -> EMERGENCY_STOP (intent=STOP)
05:16:55.819 [AMR-04] SAFETY_STOP min_obstacle_distance=1.14m <= 1.2m
05:16:55.920 [AMR-04] STATE_TRANSITION EMERGENCY_STOP -> MOVING (intent=MOVE)
05:16:56.020 [AMR-04] STATE_TRANSITION MOVING -> EMERGENCY_STOP (intent=STOP)
05:16:56.020 [AMR-04] SAFETY_STOP min_obstacle_distance=1.08m <= 1.2m
05:16:56.120 [AMR-04] STATE_TRANSITION EMERGENCY_STOP -> MOVING (intent=MOVE)
05:16:56.221 [AMR-04] STATE_TRANSITION MOVING -> EMERGENCY_STOP (intent=STOP)
05:16:56.221 [AMR-04] SAFETY_STOP min_obstacle_distance=1.03m <= 1.2m
05:16:56.321 [AMR-04] STATE_TRANSITION EMERGENCY_STOP -> MOVING (intent=MOVE)
05:16:56.421 [AMR-04] STATE_TRANSITION MOVING -> EMERGENCY_STOP (intent=STOP)
05:16:56.421 [AMR-04] SAFETY_STOP min_obstacle_distance=1.00m <= 1.2m
05:16:56.522 [AMR-04] STATE_TRANSITION EMERGENCY_STOP -> MOVING (intent=MOVE)
05:16:56.823 [AMR-04] STATE_TRANSITION MOVING -> EMERGENCY_STOP (intent=STOP)
05:16:56.823 [AMR-04] SAFETY_STOP min_obstacle_distance=1.14m <= 1.2m
05:16:56.924 [AMR-04] STATE_TRANSITION EMERGENCY_STOP -> MOVING (intent=MOVE)
05:16:57.025 [AMR-04] STATE_TRANSITION MOVING -> EMERGENCY_STOP (intent=STOP)
05:16:57.025 [AMR-04] SAFETY_STOP min_obstacle_distance=1.08m <= 1.2m
05:16:57.126 [AMR-04] STATE_TRANSITION EMERGENCY_STOP -> MOVING (intent=MOVE)
05:16:57.226 [AMR-04] STATE_TRANSITION MOVING -> EMERGENCY_STOP (intent=STOP)
05:16:57.226 [AMR-04] SAFETY_STOP min_obstacle_distance=1.03m <= 1.2m
05:16:57.327 [AMR-04] STATE_TRANSITION EMERGENCY_STOP -> MOVING (intent=MOVE)
05:16:57.428 [AMR-04] STATE_TRANSITION MOVING -> EMERGENCY_STOP (intent=STOP)
05:16:57.428 [AMR-04] SAFETY_STOP min_obstacle_distance=1.00m <= 1.2m
05:16:57.528 [AMR-04] STATE_TRANSITION EMERGENCY_STOP -> MOVING (intent=MOVE)
05:16:57.830 [AMR-04] STATE_TRANSITION MOVING -> EMERGENCY_STOP (intent=STOP)
05:16:57.830 [AMR-04] SAFETY_STOP min_obstacle_distance=1.14m <= 1.2m
05:16:57.931 [AMR-04] STATE_TRANSITION EMERGENCY_STOP -> MOVING (intent=MOVE)
05:16:58.032 [AMR-04] STATE_TRANSITION MOVING -> EMERGENCY_STOP (intent=STOP)
05:16:58.032 [AMR-04] SAFETY_STOP min_obstacle_distance=1.08m <= 1.2m
05:16:58.132 [AMR-04] STATE_TRANSITION EMERGENCY_STOP -> MOVING (intent=MOVE)
05:16:58.232 [AMR-04] STATE_TRANSITION MOVING -> EMERGENCY_STOP (intent=STOP)
05:16:58.232 [AMR-04] SAFETY_STOP min_obstacle_distance=1.03m <= 1.2m
05:16:58.333 [AMR-04] STATE_TRANSITION EMERGENCY_STOP -> MOVING (intent=MOVE)
05:16:58.435 [AMR-04] STATE_TRANSITION MOVING -> EMERGENCY_STOP (intent=STOP)
05:16:58.435 [AMR-04] SAFETY_STOP min_obstacle_distance=1.00m <= 1.2m
05:16:58.535 [AMR-04] STATE_TRANSITION EMERGENCY_STOP -> MOVING (intent=MOVE)
05:16:58.839 [AMR-04] STATE_TRANSITION MOVING -> EMERGENCY_STOP (intent=STOP)
05:16:58.840 [AMR-04] SAFETY_STOP min_obstacle_distance=1.14m <= 1.2m
05:16:58.939 [AMR-04] STATE_TRANSITION EMERGENCY_STOP -> MOVING (intent=MOVE)
05:16:59.041 [AMR-04] STATE_TRANSITION MOVING -> EMERGENCY_STOP (intent=STOP)
05:16:59.041 [AMR-04] SAFETY_STOP min_obstacle_distance=1.08m <= 1.2m
05:16:59.143 [AMR-04] STATE_TRANSITION EMERGENCY_STOP -> MOVING (intent=MOVE)
05:16:59.243 [AMR-04] STATE_TRANSITION MOVING -> EMERGENCY_STOP (intent=STOP)
05:16:59.244 [AMR-04] SAFETY_STOP min_obstacle_distance=1.03m <= 1.2m
05:16:59.345 [AMR-04] STATE_TRANSITION EMERGENCY_STOP -> MOVING (intent=MOVE)
05:16:59.447 [AMR-04] STATE_TRANSITION MOVING -> EMERGENCY_STOP (intent=STOP)
05:16:59.447 [AMR-04] SAFETY_STOP min_obstacle_distance=1.00m <= 1.2m
05:16:59.546 [AMR-04] STATE_TRANSITION EMERGENCY_STOP -> MOVING (intent=MOVE)
05:16:59.850 [AMR-04] STATE_TRANSITION MOVING -> EMERGENCY_STOP (intent=STOP)
05:16:59.850 [AMR-04] SAFETY_STOP min_obstacle_distance=1.14m <= 1.2m
05:16:59.952 [AMR-04] STATE_TRANSITION EMERGENCY_STOP -> MOVING (intent=MOVE)
05:17:00.054 [AMR-04] STATE_TRANSITION MOVING -> EMERGENCY_STOP (intent=STOP)
05:17:00.054 [AMR-04] SAFETY_STOP min_obstacle_distance=1.07m <= 1.2m
05:17:00.155 [AMR-04] STATE_TRANSITION EMERGENCY_STOP -> MOVING (intent=MOVE)
05:17:00.256 [AMR-04] STATE_TRANSITION MOVING -> EMERGENCY_STOP (intent=STOP)
05:17:00.256 [AMR-04] SAFETY_STOP min_obstacle_distance=1.03m <= 1.2m
05:17:00.358 [AMR-04] STATE_TRANSITION EMERGENCY_STOP -> MOVING (intent=MOVE)
05:17:00.459 [AMR-04] STATE_TRANSITION MOVING -> EMERGENCY_STOP (intent=STOP)
05:17:00.460 [AMR-04] SAFETY_STOP min_obstacle_distance=1.00m <= 1.2m
05:17:00.560 [AMR-04] STATE_TRANSITION EMERGENCY_STOP -> MOVING (intent=MOVE)
05:17:00.661 [AMR-04] STATE_TRANSITION MOVING -> EMERGENCY_STOP (intent=STOP)
05:17:00.661 [AMR-04] SAFETY_STOP min_obstacle_distance=1.01m <= 1.2m
05:17:00.762 [AMR-04] STATE_TRANSITION EMERGENCY_STOP -> MOVING (intent=MOVE)
05:17:00.862 [AMR-04] STATE_TRANSITION MOVING -> EMERGENCY_STOP (intent=STOP)
05:17:00.862 [AMR-04] SAFETY_STOP min_obstacle_distance=1.04m <= 1.2m
05:17:00.963 [AMR-04] STATE_TRANSITION EMERGENCY_STOP -> MOVING (intent=MOVE)
05:17:01.064 [AMR-04] STATE_TRANSITION MOVING -> EMERGENCY_STOP (intent=STOP)
05:17:01.064 [AMR-04] SAFETY_STOP min_obstacle_distance=1.10m <= 1.2m
05:17:01.165 [AMR-04] STATE_TRANSITION EMERGENCY_STOP -> MOVING (intent=MOVE)
05:17:01.266 [AMR-04] STATE_TRANSITION MOVING -> EMERGENCY_STOP (intent=STOP)
05:17:01.266 [AMR-04] SAFETY_STOP min_obstacle_distance=1.07m <= 1.2m
05:17:01.366 [AMR-04] STATE_TRANSITION EMERGENCY_STOP -> MOVING (intent=MOVE)
05:17:01.467 [AMR-04] STATE_TRANSITION MOVING -> EMERGENCY_STOP (intent=STOP)
05:17:01.467 [AMR-04] SAFETY_STOP min_obstacle_distance=1.00m <= 1.2m
05:17:01.568 [AMR-04] STATE_TRANSITION EMERGENCY_STOP -> MOVING (intent=MOVE)
05:17:01.669 [AMR-04] STATE_TRANSITION MOVING -> EMERGENCY_STOP (intent=STOP)
05:17:01.669 [AMR-04] SAFETY_STOP min_obstacle_distance=1.01m <= 1.2m
05:17:01.769 [AMR-04] STATE_TRANSITION EMERGENCY_STOP -> MOVING (intent=MOVE)
05:17:01.870 [AMR-04] STATE_TRANSITION MOVING -> EMERGENCY_STOP (intent=STOP)
05:17:01.870 [AMR-04] SAFETY_STOP min_obstacle_distance=1.04m <= 1.2m
05:17:01.971 [AMR-04] STATE_TRANSITION EMERGENCY_STOP -> MOVING (intent=MOVE)
05:17:02.072 [AMR-04] STATE_TRANSITION MOVING -> EMERGENCY_STOP (intent=STOP)
05:17:02.072 [AMR-04] SAFETY_STOP min_obstacle_distance=1.10m <= 1.2m
05:17:02.172 [AMR-04] STATE_TRANSITION EMERGENCY_STOP -> MOVING (intent=MOVE)
05:17:02.272 [AMR-04] STATE_TRANSITION MOVING -> EMERGENCY_STOP (intent=STOP)
05:17:02.273 [AMR-04] SAFETY_STOP min_obstacle_distance=1.08m <= 1.2m
05:17:02.373 [AMR-04] STATE_TRANSITION EMERGENCY_STOP -> MOVING (intent=MOVE)
05:17:02.474 [AMR-04] STATE_TRANSITION MOVING -> EMERGENCY_STOP (intent=STOP)
05:17:02.474 [AMR-04] SAFETY_STOP min_obstacle_distance=1.03m <= 1.2m
05:17:02.574 [AMR-04] STATE_TRANSITION EMERGENCY_STOP -> MOVING (intent=MOVE)
05:17:02.674 [AMR-04] STATE_TRANSITION MOVING -> EMERGENCY_STOP (intent=STOP)
05:17:02.675 [AMR-04] SAFETY_STOP min_obstacle_distance=1.01m <= 1.2m
05:17:02.775 [AMR-04] STATE_TRANSITION EMERGENCY_STOP -> MOVING (intent=MOVE)
05:17:02.877 [AMR-04] STATE_TRANSITION MOVING -> EMERGENCY_STOP (intent=STOP)
05:17:02.877 [AMR-04] SAFETY_STOP min_obstacle_distance=1.04m <= 1.2m
05:17:02.978 [AMR-04] STATE_TRANSITION EMERGENCY_STOP -> MOVING (intent=MOVE)
05:17:03.078 [AMR-04] STATE_TRANSITION MOVING -> EMERGENCY_STOP (intent=STOP)
05:17:03.078 [AMR-04] SAFETY_STOP min_obstacle_distance=1.10m <= 1.2m
05:17:03.179 [AMR-04] STATE_TRANSITION EMERGENCY_STOP -> MOVING (intent=MOVE)
05:17:03.280 [AMR-04] STATE_TRANSITION MOVING -> EMERGENCY_STOP (intent=STOP)
05:17:03.280 [AMR-04] SAFETY_STOP min_obstacle_distance=1.08m <= 1.2m
05:17:03.381 [AMR-04] STATE_TRANSITION EMERGENCY_STOP -> MOVING (intent=MOVE)
05:17:03.481 [AMR-04] STATE_TRANSITION MOVING -> EMERGENCY_STOP (intent=STOP)
05:17:03.481 [AMR-04] SAFETY_STOP min_obstacle_distance=1.00m <= 1.2m
05:17:03.583 [AMR-04] STATE_TRANSITION EMERGENCY_STOP -> MOVING (intent=MOVE)
05:17:03.683 [AMR-04] STATE_TRANSITION MOVING -> EMERGENCY_STOP (intent=STOP)
05:17:03.683 [AMR-04] SAFETY_STOP min_obstacle_distance=1.01m <= 1.2m
05:17:03.783 [AMR-04] STATE_TRANSITION EMERGENCY_STOP -> MOVING (intent=MOVE)
05:17:03.884 [AMR-04] STATE_TRANSITION MOVING -> EMERGENCY_STOP (intent=STOP)
05:17:03.884 [AMR-04] SAFETY_STOP min_obstacle_distance=1.04m <= 1.2m
05:17:03.985 [AMR-04] STATE_TRANSITION EMERGENCY_STOP -> MOVING (intent=MOVE)
05:17:04.085 [AMR-04] STATE_TRANSITION MOVING -> EMERGENCY_STOP (intent=STOP)
05:17:04.085 [AMR-04] SAFETY_STOP min_obstacle_distance=1.10m <= 1.2m
05:17:04.186 [AMR-04] STATE_TRANSITION EMERGENCY_STOP -> MOVING (intent=MOVE)
05:17:04.286 [AMR-04] STATE_TRANSITION MOVING -> EMERGENCY_STOP (intent=STOP)
05:17:04.286 [AMR-04] SAFETY_STOP min_obstacle_distance=1.08m <= 1.2m
05:17:04.388 [AMR-04] STATE_TRANSITION EMERGENCY_STOP -> MOVING (intent=MOVE)
05:17:04.488 [AMR-04] STATE_TRANSITION MOVING -> EMERGENCY_STOP (intent=STOP)
05:17:04.489 [AMR-04] SAFETY_STOP min_obstacle_distance=1.00m <= 1.2m
05:17:04.589 [AMR-04] STATE_TRANSITION EMERGENCY_STOP -> MOVING (intent=MOVE)
05:17:04.689 [AMR-04] STATE_TRANSITION MOVING -> EMERGENCY_STOP (intent=STOP)
05:17:04.689 [AMR-04] SAFETY_STOP min_obstacle_distance=1.01m <= 1.2m
05:17:04.790 [AMR-04] STATE_TRANSITION EMERGENCY_STOP -> MOVING (intent=MOVE)
05:17:04.890 [AMR-04] STATE_TRANSITION MOVING -> EMERGENCY_STOP (intent=STOP)
05:17:04.890 [AMR-04] SAFETY_STOP min_obstacle_distance=1.04m <= 1.2m
05:17:04.992 [AMR-04] STATE_TRANSITION EMERGENCY_STOP -> MOVING (intent=MOVE)
05:17:05.092 [AMR-04] STATE_TRANSITION MOVING -> EMERGENCY_STOP (intent=STOP)
05:17:05.092 [AMR-04] SAFETY_STOP min_obstacle_distance=1.10m <= 1.2m
05:17:05.193 [AMR-04] STATE_TRANSITION EMERGENCY_STOP -> MOVING (intent=MOVE)
05:17:05.294 [AMR-04] STATE_TRANSITION MOVING -> EMERGENCY_STOP (intent=STOP)
05:17:05.294 [AMR-04] SAFETY_STOP min_obstacle_distance=1.08m <= 1.2m
05:17:05.395 [AMR-04] STATE_TRANSITION EMERGENCY_STOP -> MOVING (intent=MOVE)
05:17:05.494 [AMR-04] STATE_TRANSITION MOVING -> EMERGENCY_STOP (intent=STOP)
05:17:05.494 [AMR-04] SAFETY_STOP min_obstacle_distance=1.00m <= 1.2m
05:17:05.595 [AMR-04] STATE_TRANSITION EMERGENCY_STOP -> MOVING (intent=MOVE)
05:17:05.696 [AMR-04] STATE_TRANSITION MOVING -> EMERGENCY_STOP (intent=STOP)
05:17:05.696 [AMR-04] SAFETY_STOP min_obstacle_distance=1.01m <= 1.2m
05:17:05.797 [AMR-04] STATE_TRANSITION EMERGENCY_STOP -> MOVING (intent=MOVE)
05:17:05.898 [AMR-04] STATE_TRANSITION MOVING -> EMERGENCY_STOP (intent=STOP)
05:17:05.898 [AMR-04] SAFETY_STOP min_obstacle_distance=1.04m <= 1.2m
05:17:05.999 [AMR-04] STATE_TRANSITION EMERGENCY_STOP -> MOVING (intent=MOVE)
05:17:06.100 [AMR-04] STATE_TRANSITION MOVING -> EMERGENCY_STOP (intent=STOP)
05:17:06.100 [AMR-04] SAFETY_STOP min_obstacle_distance=1.10m <= 1.2m
05:17:06.200 [AMR-04] STATE_TRANSITION EMERGENCY_STOP -> MOVING (intent=MOVE)
05:17:06.301 [AMR-04] STATE_TRANSITION MOVING -> EMERGENCY_STOP (intent=STOP)
05:17:06.301 [AMR-04] SAFETY_STOP min_obstacle_distance=1.08m <= 1.2m
05:17:06.402 [AMR-04] STATE_TRANSITION EMERGENCY_STOP -> MOVING (intent=MOVE)
05:17:06.501 [AMR-04] STATE_TRANSITION MOVING -> EMERGENCY_STOP (intent=STOP)
05:17:06.502 [AMR-04] SAFETY_STOP min_obstacle_distance=1.00m <= 1.2m
05:17:06.602 [AMR-04] STATE_TRANSITION EMERGENCY_STOP -> MOVING (intent=MOVE)
05:17:06.702 [AMR-04] STATE_TRANSITION MOVING -> EMERGENCY_STOP (intent=STOP)
05:17:06.702 [AMR-04] SAFETY_STOP min_obstacle_distance=1.01m <= 1.2m
05:17:06.804 [AMR-04] STATE_TRANSITION EMERGENCY_STOP -> MOVING (intent=MOVE)
05:17:06.904 [AMR-04] STATE_TRANSITION MOVING -> EMERGENCY_STOP (intent=STOP)
05:17:06.904 [AMR-04] SAFETY_STOP min_obstacle_distance=1.04m <= 1.2m
05:17:07.004 [AMR-04] STATE_TRANSITION EMERGENCY_STOP -> MOVING (intent=MOVE)
05:17:07.105 [AMR-04] STATE_TRANSITION MOVING -> EMERGENCY_STOP (intent=STOP)
05:17:07.105 [AMR-04] SAFETY_STOP min_obstacle_distance=1.10m <= 1.2m
05:17:07.205 [AMR-04] STATE_TRANSITION EMERGENCY_STOP -> MOVING (intent=MOVE)
05:17:07.306 [AMR-04] STATE_TRANSITION MOVING -> EMERGENCY_STOP (intent=STOP)
05:17:07.306 [AMR-04] SAFETY_STOP min_obstacle_distance=1.17m <= 1.2m
05:17:07.408 [AMR-04] STATE_TRANSITION EMERGENCY_STOP -> MOVING (intent=MOVE)
05:17:07.508 [AMR-04] STATE_TRANSITION MOVING -> EMERGENCY_STOP (intent=STOP)
05:17:07.508 [AMR-04] SAFETY_STOP min_obstacle_distance=1.00m <= 1.2m
05:17:07.608 [AMR-04] STATE_TRANSITION EMERGENCY_STOP -> MOVING (intent=MOVE)
05:17:07.709 [AMR-04] STATE_TRANSITION MOVING -> EMERGENCY_STOP (intent=STOP)
05:17:07.709 [AMR-04] SAFETY_STOP min_obstacle_distance=1.01m <= 1.2m
05:17:07.810 [AMR-04] STATE_TRANSITION EMERGENCY_STOP -> MOVING (intent=MOVE)
05:17:07.911 [AMR-04] STATE_TRANSITION MOVING -> EMERGENCY_STOP (intent=STOP)
05:17:07.911 [AMR-04] SAFETY_STOP min_obstacle_distance=1.04m <= 1.2m
05:17:08.012 [AMR-04] STATE_TRANSITION EMERGENCY_STOP -> MOVING (intent=MOVE)
05:17:08.113 [AMR-04] STATE_TRANSITION MOVING -> EMERGENCY_STOP (intent=STOP)
05:17:08.114 [AMR-04] SAFETY_STOP min_obstacle_distance=1.10m <= 1.2m
05:17:08.214 [AMR-04] STATE_TRANSITION EMERGENCY_STOP -> MOVING (intent=MOVE)
05:17:08.315 [AMR-04] STATE_TRANSITION MOVING -> EMERGENCY_STOP (intent=STOP)
05:17:08.315 [AMR-04] SAFETY_STOP min_obstacle_distance=1.17m <= 1.2m
05:17:08.415 [AMR-04] STATE_TRANSITION EMERGENCY_STOP -> MOVING (intent=MOVE)
05:17:08.515 [AMR-04] STATE_TRANSITION MOVING -> EMERGENCY_STOP (intent=STOP)
05:17:08.515 [AMR-04] SAFETY_STOP min_obstacle_distance=1.00m <= 1.2m
05:17:08.615 [AMR-04] STATE_TRANSITION EMERGENCY_STOP -> MOVING (intent=MOVE)
05:17:08.716 [AMR-04] STATE_TRANSITION MOVING -> EMERGENCY_STOP (intent=STOP)
05:17:08.716 [AMR-04] SAFETY_STOP min_obstacle_distance=1.01m <= 1.2m
05:17:08.816 [AMR-04] STATE_TRANSITION EMERGENCY_STOP -> MOVING (intent=MOVE)
05:17:08.918 [AMR-04] STATE_TRANSITION MOVING -> EMERGENCY_STOP (intent=STOP)
05:17:08.918 [AMR-04] SAFETY_STOP min_obstacle_distance=1.04m <= 1.2m
05:17:09.019 [AMR-04] STATE_TRANSITION EMERGENCY_STOP -> MOVING (intent=MOVE)
05:17:09.119 [AMR-04] STATE_TRANSITION MOVING -> EMERGENCY_STOP (intent=STOP)
05:17:09.119 [AMR-04] SAFETY_STOP min_obstacle_distance=1.10m <= 1.2m
05:17:09.220 [AMR-04] STATE_TRANSITION EMERGENCY_STOP -> MOVING (intent=MOVE)
05:17:09.320 [AMR-04] STATE_TRANSITION MOVING -> EMERGENCY_STOP (intent=STOP)
05:17:09.320 [AMR-04] SAFETY_STOP min_obstacle_distance=1.17m <= 1.2m
05:17:09.422 [AMR-04] STATE_TRANSITION EMERGENCY_STOP -> MOVING (intent=MOVE)
05:17:09.521 [AMR-04] STATE_TRANSITION MOVING -> EMERGENCY_STOP (intent=STOP)
05:17:09.521 [AMR-04] SAFETY_STOP min_obstacle_distance=1.00m <= 1.2m
05:17:09.622 [AMR-04] STATE_TRANSITION EMERGENCY_STOP -> MOVING (intent=MOVE)
05:17:09.723 [AMR-04] STATE_TRANSITION MOVING -> EMERGENCY_STOP (intent=STOP)
05:17:09.723 [AMR-04] SAFETY_STOP min_obstacle_distance=1.01m <= 1.2m
05:17:09.824 [AMR-04] STATE_TRANSITION EMERGENCY_STOP -> MOVING (intent=MOVE)
05:17:09.925 [AMR-04] STATE_TRANSITION MOVING -> EMERGENCY_STOP (intent=STOP)
05:17:09.926 [AMR-04] SAFETY_STOP min_obstacle_distance=1.04m <= 1.2m
05:17:10.026 [AMR-04] STATE_TRANSITION EMERGENCY_STOP -> MOVING (intent=MOVE)
05:17:10.126 [AMR-04] STATE_TRANSITION MOVING -> EMERGENCY_STOP (intent=STOP)
05:17:10.126 [AMR-04] SAFETY_STOP min_obstacle_distance=1.10m <= 1.2m
05:17:10.226 [AMR-04] STATE_TRANSITION EMERGENCY_STOP -> MOVING (intent=MOVE)
05:17:10.327 [AMR-04] STATE_TRANSITION MOVING -> EMERGENCY_STOP (intent=STOP)
05:17:10.327 [AMR-04] SAFETY_STOP min_obstacle_distance=1.17m <= 1.2m
05:17:10.428 [AMR-04] STATE_TRANSITION EMERGENCY_STOP -> MOVING (intent=MOVE)
05:17:10.529 [AMR-04] STATE_TRANSITION MOVING -> EMERGENCY_STOP (intent=STOP)
05:17:10.529 [AMR-04] SAFETY_STOP min_obstacle_distance=1.00m <= 1.2m
05:17:10.630 [AMR-04] STATE_TRANSITION EMERGENCY_STOP -> MOVING (intent=MOVE)
05:17:10.730 [AMR-04] STATE_TRANSITION MOVING -> EMERGENCY_STOP (intent=STOP)
05:17:10.730 [AMR-04] SAFETY_STOP min_obstacle_distance=1.01m <= 1.2m
05:17:10.831 [AMR-04] STATE_TRANSITION EMERGENCY_STOP -> MOVING (intent=MOVE)
05:17:10.931 [AMR-04] STATE_TRANSITION MOVING -> EMERGENCY_STOP (intent=STOP)
05:17:10.931 [AMR-04] SAFETY_STOP min_obstacle_distance=1.04m <= 1.2m
05:17:11.033 [AMR-04] STATE_TRANSITION EMERGENCY_STOP -> MOVING (intent=MOVE)
05:17:11.133 [AMR-04] STATE_TRANSITION MOVING -> EMERGENCY_STOP (intent=STOP)
05:17:11.133 [AMR-04] SAFETY_STOP min_obstacle_distance=1.10m <= 1.2m
05:17:11.234 [AMR-04] STATE_TRANSITION EMERGENCY_STOP -> MOVING (intent=MOVE)
05:17:11.334 [AMR-04] STATE_TRANSITION MOVING -> EMERGENCY_STOP (intent=STOP)
05:17:11.334 [AMR-04] SAFETY_STOP min_obstacle_distance=1.17m <= 1.2m
05:17:11.435 [AMR-04] STATE_TRANSITION EMERGENCY_STOP -> MOVING (intent=MOVE)
05:17:16.971 [AMR-04] GOAL_REACHED at pos=(22.0, 16.604) travel_time=162.46s reroutes=0 obstacles=0
05:17:16.971 [AMR-04] STATE_TRANSITION MOVING -> PLANNING (intent=MOVE)
05:17:16.971 [AMR-04] GOAL_SET goal=(22.0, 2.0)
05:17:17.072 [AMR-04] STATE_TRANSITION PLANNING -> MOVING (intent=MOVE)
05:17:17.072 [AMR-04] PATH_PLANNED length=16 waypoints=[(22, 17), (22, 16), (22, 15), (22, 14), (22, 13)]...
05:17:20.392 [AMR-04] STATE_TRANSITION MOVING -> EMERGENCY_STOP (intent=STOP)
05:17:20.392 [AMR-04] SAFETY_STOP min_obstacle_distance=1.19m <= 1.2m
05:17:20.492 [AMR-04] STATE_TRANSITION EMERGENCY_STOP -> MOVING (intent=MOVE)
05:17:21.402 [AMR-04] STATE_TRANSITION MOVING -> EMERGENCY_STOP (intent=STOP)
05:17:21.402 [AMR-04] SAFETY_STOP min_obstacle_distance=1.19m <= 1.2m
05:17:21.503 [AMR-04] STATE_TRANSITION EMERGENCY_STOP -> MOVING (intent=MOVE)
05:17:22.416 [AMR-04] STATE_TRANSITION MOVING -> EMERGENCY_STOP (intent=STOP)
05:17:22.416 [AMR-04] SAFETY_STOP min_obstacle_distance=1.18m <= 1.2m
05:17:22.516 [AMR-04] STATE_TRANSITION EMERGENCY_STOP -> MOVING (intent=MOVE)
05:17:23.430 [AMR-04] STATE_TRANSITION MOVING -> EMERGENCY_STOP (intent=STOP)
05:17:23.430 [AMR-04] SAFETY_STOP min_obstacle_distance=1.18m <= 1.2m
05:17:23.531 [AMR-04] STATE_TRANSITION EMERGENCY_STOP -> MOVING (intent=MOVE)
05:17:24.446 [AMR-04] STATE_TRANSITION MOVING -> EMERGENCY_STOP (intent=STOP)
05:17:24.446 [AMR-04] SAFETY_STOP min_obstacle_distance=1.18m <= 1.2m
05:17:24.547 [AMR-04] STATE_TRANSITION EMERGENCY_STOP -> MOVING (intent=MOVE)
05:17:25.462 [AMR-04] STATE_TRANSITION MOVING -> EMERGENCY_STOP (intent=STOP)
05:17:25.462 [AMR-04] SAFETY_STOP min_obstacle_distance=1.18m <= 1.2m
05:17:25.563 [AMR-04] STATE_TRANSITION EMERGENCY_STOP -> MOVING (intent=MOVE)
05:17:26.469 [AMR-04] STATE_TRANSITION MOVING -> EMERGENCY_STOP (intent=STOP)
05:17:26.469 [AMR-04] SAFETY_STOP min_obstacle_distance=1.19m <= 1.2m
05:17:26.569 [AMR-04] STATE_TRANSITION EMERGENCY_STOP -> MOVING (intent=MOVE)
05:17:28.384 [AMR-04] STATE_TRANSITION MOVING -> EMERGENCY_STOP (intent=STOP)
05:17:28.384 [AMR-04] SAFETY_STOP min_obstacle_distance=1.19m <= 1.2m
05:17:28.486 [AMR-04] STATE_TRANSITION EMERGENCY_STOP -> MOVING (intent=MOVE)
05:17:29.795 [AMR-04] STATE_TRANSITION MOVING -> EMERGENCY_STOP (intent=STOP)
05:17:29.795 [AMR-04] SAFETY_STOP min_obstacle_distance=1.14m <= 1.2m
05:17:29.897 [AMR-04] STATE_TRANSITION EMERGENCY_STOP -> MOVING (intent=MOVE)
05:17:29.997 [AMR-04] STATE_TRANSITION MOVING -> EMERGENCY_STOP (intent=STOP)
05:17:29.998 [AMR-04] SAFETY_STOP min_obstacle_distance=1.08m <= 1.2m
05:17:30.099 [AMR-04] STATE_TRANSITION EMERGENCY_STOP -> MOVING (intent=MOVE)
05:17:30.199 [AMR-04] STATE_TRANSITION MOVING -> EMERGENCY_STOP (intent=STOP)
05:17:30.219 [AMR-04] SAFETY_STOP min_obstacle_distance=1.03m <= 1.2m
05:17:30.301 [AMR-04] STATE_TRANSITION EMERGENCY_STOP -> MOVING (intent=MOVE)
05:17:30.401 [AMR-04] STATE_TRANSITION MOVING -> EMERGENCY_STOP (intent=STOP)
05:17:30.401 [AMR-04] SAFETY_STOP min_obstacle_distance=1.00m <= 1.2m
05:17:30.501 [AMR-04] STATE_TRANSITION EMERGENCY_STOP -> MOVING (intent=MOVE)
05:17:30.804 [AMR-04] STATE_TRANSITION MOVING -> EMERGENCY_STOP (intent=STOP)
05:17:30.804 [AMR-04] SAFETY_STOP min_obstacle_distance=1.14m <= 1.2m
05:17:30.905 [AMR-04] STATE_TRANSITION EMERGENCY_STOP -> MOVING (intent=MOVE)
05:17:31.004 [AMR-04] STATE_TRANSITION MOVING -> EMERGENCY_STOP (intent=STOP)
05:17:31.004 [AMR-04] SAFETY_STOP min_obstacle_distance=1.08m <= 1.2m
05:17:31.106 [AMR-04] STATE_TRANSITION EMERGENCY_STOP -> MOVING (intent=MOVE)
05:17:31.206 [AMR-04] STATE_TRANSITION MOVING -> EMERGENCY_STOP (intent=STOP)
05:17:31.206 [AMR-04] SAFETY_STOP min_obstacle_distance=1.03m <= 1.2m
05:17:31.307 [AMR-04] STATE_TRANSITION EMERGENCY_STOP -> MOVING (intent=MOVE)
05:17:31.409 [AMR-04] STATE_TRANSITION MOVING -> EMERGENCY_STOP (intent=STOP)
05:17:31.409 [AMR-04] SAFETY_STOP min_obstacle_distance=1.00m <= 1.2m
05:17:31.508 [AMR-04] STATE_TRANSITION EMERGENCY_STOP -> MOVING (intent=MOVE)
05:17:31.811 [AMR-04] STATE_TRANSITION MOVING -> EMERGENCY_STOP (intent=STOP)
05:17:31.811 [AMR-04] SAFETY_STOP min_obstacle_distance=1.14m <= 1.2m
05:17:31.910 [AMR-04] STATE_TRANSITION EMERGENCY_STOP -> MOVING (intent=MOVE)
05:17:32.011 [AMR-04] STATE_TRANSITION MOVING -> EMERGENCY_STOP (intent=STOP)
05:17:32.011 [AMR-04] SAFETY_STOP min_obstacle_distance=1.08m <= 1.2m
05:17:32.112 [AMR-04] STATE_TRANSITION EMERGENCY_STOP -> MOVING (intent=MOVE)
05:17:32.213 [AMR-04] STATE_TRANSITION MOVING -> EMERGENCY_STOP (intent=STOP)
05:17:32.213 [AMR-04] SAFETY_STOP min_obstacle_distance=1.03m <= 1.2m
05:17:32.314 [AMR-04] STATE_TRANSITION EMERGENCY_STOP -> MOVING (intent=MOVE)
05:17:32.415 [AMR-04] STATE_TRANSITION MOVING -> EMERGENCY_STOP (intent=STOP)
05:17:32.415 [AMR-04] SAFETY_STOP min_obstacle_distance=1.00m <= 1.2m
05:17:32.514 [AMR-04] STATE_TRANSITION EMERGENCY_STOP -> MOVING (intent=MOVE)
05:17:32.815 [AMR-04] STATE_TRANSITION MOVING -> EMERGENCY_STOP (intent=STOP)
05:17:32.815 [AMR-04] SAFETY_STOP min_obstacle_distance=1.14m <= 1.2m
05:17:32.916 [AMR-04] STATE_TRANSITION EMERGENCY_STOP -> MOVING (intent=MOVE)
05:17:33.017 [AMR-04] STATE_TRANSITION MOVING -> EMERGENCY_STOP (intent=STOP)
05:17:33.017 [AMR-04] SAFETY_STOP min_obstacle_distance=1.08m <= 1.2m
05:17:33.118 [AMR-04] STATE_TRANSITION EMERGENCY_STOP -> MOVING (intent=MOVE)
05:17:33.219 [AMR-04] STATE_TRANSITION MOVING -> EMERGENCY_STOP (intent=STOP)
05:17:33.219 [AMR-04] SAFETY_STOP min_obstacle_distance=1.03m <= 1.2m
05:17:33.319 [AMR-04] STATE_TRANSITION EMERGENCY_STOP -> MOVING (intent=MOVE)
05:17:33.420 [AMR-04] STATE_TRANSITION MOVING -> EMERGENCY_STOP (intent=STOP)
05:17:33.420 [AMR-04] SAFETY_STOP min_obstacle_distance=1.00m <= 1.2m
05:17:33.521 [AMR-04] STATE_TRANSITION EMERGENCY_STOP -> MOVING (intent=MOVE)
05:17:33.827 [AMR-04] STATE_TRANSITION MOVING -> EMERGENCY_STOP (intent=STOP)
05:17:33.827 [AMR-04] SAFETY_STOP min_obstacle_distance=1.14m <= 1.2m
05:17:33.928 [AMR-04] STATE_TRANSITION EMERGENCY_STOP -> MOVING (intent=MOVE)
05:17:34.029 [AMR-04] STATE_TRANSITION MOVING -> EMERGENCY_STOP (intent=STOP)
05:17:34.029 [AMR-04] SAFETY_STOP min_obstacle_distance=1.07m <= 1.2m
05:17:34.132 [AMR-04] STATE_TRANSITION EMERGENCY_STOP -> MOVING (intent=MOVE)
05:17:34.232 [AMR-04] STATE_TRANSITION MOVING -> EMERGENCY_STOP (intent=STOP)
05:17:34.232 [AMR-04] SAFETY_STOP min_obstacle_distance=1.03m <= 1.2m
05:17:34.332 [AMR-04] STATE_TRANSITION EMERGENCY_STOP -> MOVING (intent=MOVE)
05:17:34.434 [AMR-04] STATE_TRANSITION MOVING -> EMERGENCY_STOP (intent=STOP)
05:17:34.434 [AMR-04] SAFETY_STOP min_obstacle_distance=1.00m <= 1.2m
05:17:34.534 [AMR-04] STATE_TRANSITION EMERGENCY_STOP -> MOVING (intent=MOVE)
05:17:34.839 [AMR-04] STATE_TRANSITION MOVING -> EMERGENCY_STOP (intent=STOP)
05:17:34.839 [AMR-04] SAFETY_STOP min_obstacle_distance=1.14m <= 1.2m
05:17:34.940 [AMR-04] STATE_TRANSITION EMERGENCY_STOP -> MOVING (intent=MOVE)
05:17:35.041 [AMR-04] STATE_TRANSITION MOVING -> EMERGENCY_STOP (intent=STOP)
05:17:35.041 [AMR-04] SAFETY_STOP min_obstacle_distance=1.07m <= 1.2m
05:17:35.143 [AMR-04] STATE_TRANSITION EMERGENCY_STOP -> MOVING (intent=MOVE)
05:17:35.244 [AMR-04] STATE_TRANSITION MOVING -> EMERGENCY_STOP (intent=STOP)
05:17:35.244 [AMR-04] SAFETY_STOP min_obstacle_distance=1.03m <= 1.2m
05:17:35.345 [AMR-04] STATE_TRANSITION EMERGENCY_STOP -> MOVING (intent=MOVE)
05:17:35.445 [AMR-04] STATE_TRANSITION MOVING -> EMERGENCY_STOP (intent=STOP)
05:17:35.445 [AMR-04] SAFETY_STOP min_obstacle_distance=1.00m <= 1.2m
05:17:35.545 [AMR-04] STATE_TRANSITION EMERGENCY_STOP -> MOVING (intent=MOVE)
05:17:35.849 [AMR-04] STATE_TRANSITION MOVING -> EMERGENCY_STOP (intent=STOP)
05:17:35.849 [AMR-04] SAFETY_STOP min_obstacle_distance=1.14m <= 1.2m
05:17:35.950 [AMR-04] STATE_TRANSITION EMERGENCY_STOP -> MOVING (intent=MOVE)
05:17:36.051 [AMR-04] STATE_TRANSITION MOVING -> EMERGENCY_STOP (intent=STOP)
05:17:36.051 [AMR-04] SAFETY_STOP min_obstacle_distance=1.07m <= 1.2m
05:17:36.152 [AMR-04] STATE_TRANSITION EMERGENCY_STOP -> MOVING (intent=MOVE)
05:17:36.254 [AMR-04] STATE_TRANSITION MOVING -> EMERGENCY_STOP (intent=STOP)
05:17:36.255 [AMR-04] SAFETY_STOP min_obstacle_distance=1.03m <= 1.2m
05:17:36.355 [AMR-04] STATE_TRANSITION EMERGENCY_STOP -> MOVING (intent=MOVE)
05:17:36.456 [AMR-04] STATE_TRANSITION MOVING -> EMERGENCY_STOP (intent=STOP)
05:17:36.456 [AMR-04] SAFETY_STOP min_obstacle_distance=1.00m <= 1.2m
05:17:36.556 [AMR-04] STATE_TRANSITION EMERGENCY_STOP -> MOVING (intent=MOVE)
05:17:36.860 [AMR-04] STATE_TRANSITION MOVING -> EMERGENCY_STOP (intent=STOP)
05:17:36.860 [AMR-04] SAFETY_STOP min_obstacle_distance=1.14m <= 1.2m
05:17:36.962 [AMR-04] STATE_TRANSITION EMERGENCY_STOP -> MOVING (intent=MOVE)
05:17:37.063 [AMR-04] STATE_TRANSITION MOVING -> EMERGENCY_STOP (intent=STOP)
05:17:37.063 [AMR-04] SAFETY_STOP min_obstacle_distance=1.07m <= 1.2m
05:17:37.164 [AMR-04] STATE_TRANSITION EMERGENCY_STOP -> MOVING (intent=MOVE)
05:17:37.266 [AMR-04] STATE_TRANSITION MOVING -> EMERGENCY_STOP (intent=STOP)
05:17:37.266 [AMR-04] SAFETY_STOP min_obstacle_distance=1.03m <= 1.2m
05:17:37.366 [AMR-04] STATE_TRANSITION EMERGENCY_STOP -> MOVING (intent=MOVE)
05:17:37.468 [AMR-04] STATE_TRANSITION MOVING -> EMERGENCY_STOP (intent=STOP)
05:17:37.468 [AMR-04] SAFETY_STOP min_obstacle_distance=1.00m <= 1.2m
05:17:37.570 [AMR-04] STATE_TRANSITION EMERGENCY_STOP -> MOVING (intent=MOVE)
05:17:37.875 [AMR-04] STATE_TRANSITION MOVING -> EMERGENCY_STOP (intent=STOP)
05:17:37.875 [AMR-04] SAFETY_STOP min_obstacle_distance=1.14m <= 1.2m
05:17:37.976 [AMR-04] STATE_TRANSITION EMERGENCY_STOP -> MOVING (intent=MOVE)
05:17:38.077 [AMR-04] STATE_TRANSITION MOVING -> EMERGENCY_STOP (intent=STOP)
05:17:38.077 [AMR-04] SAFETY_STOP min_obstacle_distance=1.07m <= 1.2m
05:17:38.179 [AMR-04] STATE_TRANSITION EMERGENCY_STOP -> MOVING (intent=MOVE)
05:17:38.280 [AMR-04] STATE_TRANSITION MOVING -> EMERGENCY_STOP (intent=STOP)
05:17:38.280 [AMR-04] SAFETY_STOP min_obstacle_distance=1.03m <= 1.2m
05:17:38.381 [AMR-04] STATE_TRANSITION EMERGENCY_STOP -> MOVING (intent=MOVE)
05:17:38.484 [AMR-04] STATE_TRANSITION MOVING -> EMERGENCY_STOP (intent=STOP)
05:17:38.484 [AMR-04] SAFETY_STOP min_obstacle_distance=1.00m <= 1.2m
05:17:38.584 [AMR-04] STATE_TRANSITION EMERGENCY_STOP -> MOVING (intent=MOVE)
05:17:38.888 [AMR-04] STATE_TRANSITION MOVING -> EMERGENCY_STOP (intent=STOP)
05:17:38.888 [AMR-04] SAFETY_STOP min_obstacle_distance=1.14m <= 1.2m
05:17:38.989 [AMR-04] STATE_TRANSITION EMERGENCY_STOP -> MOVING (intent=MOVE)
05:17:39.091 [AMR-04] STATE_TRANSITION MOVING -> EMERGENCY_STOP (intent=STOP)
05:17:39.091 [AMR-04] SAFETY_STOP min_obstacle_distance=1.07m <= 1.2m
05:17:39.193 [AMR-04] STATE_TRANSITION EMERGENCY_STOP -> MOVING (intent=MOVE)
05:17:39.294 [AMR-04] STATE_TRANSITION MOVING -> EMERGENCY_STOP (intent=STOP)
05:17:39.294 [AMR-04] SAFETY_STOP min_obstacle_distance=1.03m <= 1.2m
05:17:39.396 [AMR-04] STATE_TRANSITION EMERGENCY_STOP -> MOVING (intent=MOVE)
05:17:39.800 [AMR-04] STATE_TRANSITION MOVING -> EMERGENCY_STOP (intent=STOP)
05:17:39.800 [AMR-04] SAFETY_STOP min_obstacle_distance=1.14m <= 1.2m
05:17:39.902 [AMR-04] STATE_TRANSITION EMERGENCY_STOP -> MOVING (intent=MOVE)
05:17:40.004 [AMR-04] STATE_TRANSITION MOVING -> EMERGENCY_STOP (intent=STOP)
05:17:40.004 [AMR-04] SAFETY_STOP min_obstacle_distance=1.07m <= 1.2m
05:17:40.106 [AMR-04] STATE_TRANSITION EMERGENCY_STOP -> MOVING (intent=MOVE)
05:17:40.207 [AMR-04] STATE_TRANSITION MOVING -> EMERGENCY_STOP (intent=STOP)
05:17:40.207 [AMR-04] SAFETY_STOP min_obstacle_distance=1.03m <= 1.2m
05:17:40.308 [AMR-04] STATE_TRANSITION EMERGENCY_STOP -> MOVING (intent=MOVE)
05:17:40.410 [AMR-04] STATE_TRANSITION MOVING -> EMERGENCY_STOP (intent=STOP)
05:17:40.410 [AMR-04] SAFETY_STOP min_obstacle_distance=1.00m <= 1.2m
05:17:40.510 [AMR-04] STATE_TRANSITION EMERGENCY_STOP -> MOVING (intent=MOVE)
05:17:40.815 [AMR-04] STATE_TRANSITION MOVING -> EMERGENCY_STOP (intent=STOP)
05:17:40.815 [AMR-04] SAFETY_STOP min_obstacle_distance=1.14m <= 1.2m
05:17:40.916 [AMR-04] STATE_TRANSITION EMERGENCY_STOP -> MOVING (intent=MOVE)
05:17:41.018 [AMR-04] STATE_TRANSITION MOVING -> EMERGENCY_STOP (intent=STOP)
05:17:41.018 [AMR-04] SAFETY_STOP min_obstacle_distance=1.07m <= 1.2m
05:17:41.119 [AMR-04] STATE_TRANSITION EMERGENCY_STOP -> MOVING (intent=MOVE)
05:17:41.220 [AMR-04] STATE_TRANSITION MOVING -> EMERGENCY_STOP (intent=STOP)
05:17:41.220 [AMR-04] SAFETY_STOP min_obstacle_distance=1.03m <= 1.2m
05:17:41.321 [AMR-04] STATE_TRANSITION EMERGENCY_STOP -> MOVING (intent=MOVE)
05:17:41.423 [AMR-04] STATE_TRANSITION MOVING -> EMERGENCY_STOP (intent=STOP)
05:17:41.423 [AMR-04] SAFETY_STOP min_obstacle_distance=1.00m <= 1.2m
05:17:41.524 [AMR-04] STATE_TRANSITION EMERGENCY_STOP -> MOVING (intent=MOVE)
05:17:41.827 [AMR-04] STATE_TRANSITION MOVING -> EMERGENCY_STOP (intent=STOP)
05:17:41.827 [AMR-04] SAFETY_STOP min_obstacle_distance=1.14m <= 1.2m
05:17:41.929 [AMR-04] STATE_TRANSITION EMERGENCY_STOP -> MOVING (intent=MOVE)
05:17:42.031 [AMR-04] STATE_TRANSITION MOVING -> EMERGENCY_STOP (intent=STOP)
05:17:42.031 [AMR-04] SAFETY_STOP min_obstacle_distance=1.07m <= 1.2m
05:17:42.132 [AMR-04] STATE_TRANSITION EMERGENCY_STOP -> MOVING (intent=MOVE)
05:17:42.234 [AMR-04] STATE_TRANSITION MOVING -> EMERGENCY_STOP (intent=STOP)
05:17:42.234 [AMR-04] SAFETY_STOP min_obstacle_distance=1.03m <= 1.2m
05:17:42.336 [AMR-04] STATE_TRANSITION EMERGENCY_STOP -> MOVING (intent=MOVE)
05:17:42.437 [AMR-04] STATE_TRANSITION MOVING -> EMERGENCY_STOP (intent=STOP)
05:17:42.437 [AMR-04] SAFETY_STOP min_obstacle_distance=1.00m <= 1.2m
05:17:42.538 [AMR-04] STATE_TRANSITION EMERGENCY_STOP -> MOVING (intent=MOVE)
05:17:42.843 [AMR-04] STATE_TRANSITION MOVING -> EMERGENCY_STOP (intent=STOP)
05:17:42.843 [AMR-04] SAFETY_STOP min_obstacle_distance=1.14m <= 1.2m
05:17:42.944 [AMR-04] STATE_TRANSITION EMERGENCY_STOP -> MOVING (intent=MOVE)
05:17:43.046 [AMR-04] STATE_TRANSITION MOVING -> EMERGENCY_STOP (intent=STOP)
05:17:43.046 [AMR-04] SAFETY_STOP min_obstacle_distance=1.07m <= 1.2m
05:17:43.147 [AMR-04] STATE_TRANSITION EMERGENCY_STOP -> MOVING (intent=MOVE)
05:17:43.249 [AMR-04] STATE_TRANSITION MOVING -> EMERGENCY_STOP (intent=STOP)
05:17:43.249 [AMR-04] SAFETY_STOP min_obstacle_distance=1.03m <= 1.2m
05:17:43.350 [AMR-04] STATE_TRANSITION EMERGENCY_STOP -> MOVING (intent=MOVE)
05:17:43.451 [AMR-04] STATE_TRANSITION MOVING -> EMERGENCY_STOP (intent=STOP)
05:17:43.451 [AMR-04] SAFETY_STOP min_obstacle_distance=1.00m <= 1.2m
05:17:43.552 [AMR-04] STATE_TRANSITION EMERGENCY_STOP -> MOVING (intent=MOVE)
05:17:43.856 [AMR-04] STATE_TRANSITION MOVING -> EMERGENCY_STOP (intent=STOP)
05:17:43.857 [AMR-04] SAFETY_STOP min_obstacle_distance=1.14m <= 1.2m
05:17:43.959 [AMR-04] STATE_TRANSITION EMERGENCY_STOP -> MOVING (intent=MOVE)
05:17:44.059 [AMR-04] STATE_TRANSITION MOVING -> EMERGENCY_STOP (intent=STOP)
05:17:44.059 [AMR-04] SAFETY_STOP min_obstacle_distance=1.07m <= 1.2m
05:17:44.160 [AMR-04] STATE_TRANSITION EMERGENCY_STOP -> MOVING (intent=MOVE)
05:17:44.261 [AMR-04] STATE_TRANSITION MOVING -> EMERGENCY_STOP (intent=STOP)
05:17:44.262 [AMR-04] SAFETY_STOP min_obstacle_distance=1.03m <= 1.2m
05:17:44.363 [AMR-04] STATE_TRANSITION EMERGENCY_STOP -> MOVING (intent=MOVE)
05:17:44.464 [AMR-04] STATE_TRANSITION MOVING -> EMERGENCY_STOP (intent=STOP)
05:17:44.464 [AMR-04] SAFETY_STOP min_obstacle_distance=1.00m <= 1.2m
05:17:44.565 [AMR-04] STATE_TRANSITION EMERGENCY_STOP -> MOVING (intent=MOVE)
05:17:44.868 [AMR-04] STATE_TRANSITION MOVING -> EMERGENCY_STOP (intent=STOP)
05:17:44.868 [AMR-04] SAFETY_STOP min_obstacle_distance=1.14m <= 1.2m
05:17:44.971 [AMR-04] STATE_TRANSITION EMERGENCY_STOP -> MOVING (intent=MOVE)
05:17:45.071 [AMR-04] STATE_TRANSITION MOVING -> EMERGENCY_STOP (intent=STOP)
05:17:45.071 [AMR-04] SAFETY_STOP min_obstacle_distance=1.07m <= 1.2m
05:17:45.173 [AMR-04] STATE_TRANSITION EMERGENCY_STOP -> MOVING (intent=MOVE)
05:17:45.273 [AMR-04] STATE_TRANSITION MOVING -> EMERGENCY_STOP (intent=STOP)
05:17:45.273 [AMR-04] SAFETY_STOP min_obstacle_distance=1.03m <= 1.2m
05:17:45.374 [AMR-04] STATE_TRANSITION EMERGENCY_STOP -> MOVING (intent=MOVE)
05:17:45.474 [AMR-04] STATE_TRANSITION MOVING -> EMERGENCY_STOP (intent=STOP)
05:17:45.474 [AMR-04] SAFETY_STOP min_obstacle_distance=1.00m <= 1.2m
05:17:45.576 [AMR-04] STATE_TRANSITION EMERGENCY_STOP -> MOVING (intent=MOVE)
05:17:45.877 [AMR-04] STATE_TRANSITION MOVING -> EMERGENCY_STOP (intent=STOP)
05:17:45.877 [AMR-04] SAFETY_STOP min_obstacle_distance=1.14m <= 1.2m
05:17:45.977 [AMR-04] STATE_TRANSITION EMERGENCY_STOP -> MOVING (intent=MOVE)
05:17:46.078 [AMR-04] STATE_TRANSITION MOVING -> EMERGENCY_STOP (intent=STOP)
05:17:46.078 [AMR-04] SAFETY_STOP min_obstacle_distance=1.08m <= 1.2m
05:17:46.178 [AMR-04] STATE_TRANSITION EMERGENCY_STOP -> MOVING (intent=MOVE)
05:17:46.280 [AMR-04] STATE_TRANSITION MOVING -> EMERGENCY_STOP (intent=STOP)
05:17:46.280 [AMR-04] SAFETY_STOP min_obstacle_distance=1.03m <= 1.2m
05:17:46.381 [AMR-04] STATE_TRANSITION EMERGENCY_STOP -> MOVING (intent=MOVE)
05:17:46.785 [AMR-04] STATE_TRANSITION MOVING -> EMERGENCY_STOP (intent=STOP)
05:17:46.786 [AMR-04] SAFETY_STOP min_obstacle_distance=1.14m <= 1.2m
05:17:46.886 [AMR-04] STATE_TRANSITION EMERGENCY_STOP -> MOVING (intent=MOVE)
05:17:46.988 [AMR-04] STATE_TRANSITION MOVING -> EMERGENCY_STOP (intent=STOP)
05:17:46.988 [AMR-04] SAFETY_STOP min_obstacle_distance=1.08m <= 1.2m
05:17:47.089 [AMR-04] STATE_TRANSITION EMERGENCY_STOP -> MOVING (intent=MOVE)
05:17:47.191 [AMR-04] STATE_TRANSITION MOVING -> EMERGENCY_STOP (intent=STOP)
05:17:47.191 [AMR-04] SAFETY_STOP min_obstacle_distance=1.03m <= 1.2m
05:17:47.292 [AMR-04] STATE_TRANSITION EMERGENCY_STOP -> MOVING (intent=MOVE)
05:17:47.392 [AMR-04] STATE_TRANSITION MOVING -> EMERGENCY_STOP (intent=STOP)
05:17:47.393 [AMR-04] SAFETY_STOP min_obstacle_distance=1.00m <= 1.2m
05:17:47.494 [AMR-04] STATE_TRANSITION EMERGENCY_STOP -> MOVING (intent=MOVE)
05:17:47.795 [AMR-04] STATE_TRANSITION MOVING -> EMERGENCY_STOP (intent=STOP)
05:17:47.795 [AMR-04] SAFETY_STOP min_obstacle_distance=1.14m <= 1.2m
05:17:47.896 [AMR-04] STATE_TRANSITION EMERGENCY_STOP -> MOVING (intent=MOVE)
05:17:47.997 [AMR-04] STATE_TRANSITION MOVING -> EMERGENCY_STOP (intent=STOP)
05:17:47.997 [AMR-04] SAFETY_STOP min_obstacle_distance=1.08m <= 1.2m
05:17:48.097 [AMR-04] STATE_TRANSITION EMERGENCY_STOP -> MOVING (intent=MOVE)
05:17:48.198 [AMR-04] STATE_TRANSITION MOVING -> EMERGENCY_STOP (intent=STOP)
05:17:48.198 [AMR-04] SAFETY_STOP min_obstacle_distance=1.03m <= 1.2m
05:17:48.299 [AMR-04] STATE_TRANSITION EMERGENCY_STOP -> MOVING (intent=MOVE)
05:17:48.400 [AMR-04] STATE_TRANSITION MOVING -> EMERGENCY_STOP (intent=STOP)
05:17:48.400 [AMR-04] SAFETY_STOP min_obstacle_distance=1.00m <= 1.2m
05:17:48.501 [AMR-04] STATE_TRANSITION EMERGENCY_STOP -> MOVING (intent=MOVE)
05:17:48.803 [AMR-04] STATE_TRANSITION MOVING -> EMERGENCY_STOP (intent=STOP)
05:17:48.803 [AMR-04] SAFETY_STOP min_obstacle_distance=1.14m <= 1.2m
05:17:48.903 [AMR-04] STATE_TRANSITION EMERGENCY_STOP -> MOVING (intent=MOVE)
05:17:49.004 [AMR-04] STATE_TRANSITION MOVING -> EMERGENCY_STOP (intent=STOP)
05:17:49.004 [AMR-04] SAFETY_STOP min_obstacle_distance=1.08m <= 1.2m
05:17:49.104 [AMR-04] STATE_TRANSITION EMERGENCY_STOP -> MOVING (intent=MOVE)
05:17:49.204 [AMR-04] STATE_TRANSITION MOVING -> EMERGENCY_STOP (intent=STOP)
05:17:49.204 [AMR-04] SAFETY_STOP min_obstacle_distance=1.03m <= 1.2m
05:17:49.305 [AMR-04] STATE_TRANSITION EMERGENCY_STOP -> MOVING (intent=MOVE)
05:17:49.405 [AMR-04] STATE_TRANSITION MOVING -> EMERGENCY_STOP (intent=STOP)
05:17:49.406 [AMR-04] SAFETY_STOP min_obstacle_distance=1.00m <= 1.2m
05:17:49.506 [AMR-04] STATE_TRANSITION EMERGENCY_STOP -> MOVING (intent=MOVE)
05:17:49.808 [AMR-04] STATE_TRANSITION MOVING -> EMERGENCY_STOP (intent=STOP)
05:17:49.808 [AMR-04] SAFETY_STOP min_obstacle_distance=1.14m <= 1.2m
05:17:49.909 [AMR-04] STATE_TRANSITION EMERGENCY_STOP -> MOVING (intent=MOVE)
05:17:50.009 [AMR-04] STATE_TRANSITION MOVING -> EMERGENCY_STOP (intent=STOP)
05:17:50.009 [AMR-04] SAFETY_STOP min_obstacle_distance=1.08m <= 1.2m
05:17:50.110 [AMR-04] STATE_TRANSITION EMERGENCY_STOP -> MOVING (intent=MOVE)
05:17:50.210 [AMR-04] STATE_TRANSITION MOVING -> EMERGENCY_STOP (intent=STOP)
05:17:50.210 [AMR-04] SAFETY_STOP min_obstacle_distance=1.03m <= 1.2m
05:17:50.312 [AMR-04] STATE_TRANSITION EMERGENCY_STOP -> MOVING (intent=MOVE)
05:17:50.413 [AMR-04] STATE_TRANSITION MOVING -> EMERGENCY_STOP (intent=STOP)
05:17:50.413 [AMR-04] SAFETY_STOP min_obstacle_distance=1.00m <= 1.2m
05:17:50.513 [AMR-04] STATE_TRANSITION EMERGENCY_STOP -> MOVING (intent=MOVE)
05:17:50.815 [AMR-04] STATE_TRANSITION MOVING -> EMERGENCY_STOP (intent=STOP)
05:17:50.815 [AMR-04] SAFETY_STOP min_obstacle_distance=1.14m <= 1.2m
05:17:50.917 [AMR-04] STATE_TRANSITION EMERGENCY_STOP -> MOVING (intent=MOVE)
05:17:51.017 [AMR-04] STATE_TRANSITION MOVING -> EMERGENCY_STOP (intent=STOP)
05:17:51.017 [AMR-04] SAFETY_STOP min_obstacle_distance=1.08m <= 1.2m
05:17:51.118 [AMR-04] STATE_TRANSITION EMERGENCY_STOP -> MOVING (intent=MOVE)
05:17:51.218 [AMR-04] STATE_TRANSITION MOVING -> EMERGENCY_STOP (intent=STOP)
05:17:51.218 [AMR-04] SAFETY_STOP min_obstacle_distance=1.03m <= 1.2m
05:17:51.318 [AMR-04] STATE_TRANSITION EMERGENCY_STOP -> MOVING (intent=MOVE)
05:17:51.419 [AMR-04] STATE_TRANSITION MOVING -> EMERGENCY_STOP (intent=STOP)
05:17:51.420 [AMR-04] SAFETY_STOP min_obstacle_distance=1.00m <= 1.2m
05:17:51.519 [AMR-04] STATE_TRANSITION EMERGENCY_STOP -> MOVING (intent=MOVE)
05:17:51.824 [AMR-04] STATE_TRANSITION MOVING -> EMERGENCY_STOP (intent=STOP)
05:17:51.824 [AMR-04] SAFETY_STOP min_obstacle_distance=1.14m <= 1.2m
05:17:51.927 [AMR-04] STATE_TRANSITION EMERGENCY_STOP -> MOVING (intent=MOVE)
05:17:52.027 [AMR-04] STATE_TRANSITION MOVING -> EMERGENCY_STOP (intent=STOP)
05:17:52.027 [AMR-04] SAFETY_STOP min_obstacle_distance=1.07m <= 1.2m
05:17:52.129 [AMR-04] STATE_TRANSITION EMERGENCY_STOP -> MOVING (intent=MOVE)
05:17:52.230 [AMR-04] STATE_TRANSITION MOVING -> EMERGENCY_STOP (intent=STOP)
05:17:52.230 [AMR-04] SAFETY_STOP min_obstacle_distance=1.03m <= 1.2m
05:17:52.331 [AMR-04] STATE_TRANSITION EMERGENCY_STOP -> MOVING (intent=MOVE)
05:17:52.433 [AMR-04] STATE_TRANSITION MOVING -> EMERGENCY_STOP (intent=STOP)
05:17:52.434 [AMR-04] SAFETY_STOP min_obstacle_distance=1.00m <= 1.2m
05:17:52.533 [AMR-04] STATE_TRANSITION EMERGENCY_STOP -> MOVING (intent=MOVE)
05:17:52.839 [AMR-04] STATE_TRANSITION MOVING -> EMERGENCY_STOP (intent=STOP)
05:17:52.839 [AMR-04] SAFETY_STOP min_obstacle_distance=1.14m <= 1.2m
05:17:52.939 [AMR-04] STATE_TRANSITION EMERGENCY_STOP -> MOVING (intent=MOVE)
05:17:53.040 [AMR-04] STATE_TRANSITION MOVING -> EMERGENCY_STOP (intent=STOP)
05:17:53.040 [AMR-04] SAFETY_STOP min_obstacle_distance=1.07m <= 1.2m
05:17:53.140 [AMR-04] STATE_TRANSITION EMERGENCY_STOP -> MOVING (intent=MOVE)
05:17:53.240 [AMR-04] STATE_TRANSITION MOVING -> EMERGENCY_STOP (intent=STOP)
05:17:53.240 [AMR-04] SAFETY_STOP min_obstacle_distance=1.03m <= 1.2m
05:17:53.343 [AMR-04] STATE_TRANSITION EMERGENCY_STOP -> MOVING (intent=MOVE)
05:17:53.443 [AMR-04] STATE_TRANSITION MOVING -> EMERGENCY_STOP (intent=STOP)
05:17:53.443 [AMR-04] SAFETY_STOP min_obstacle_distance=1.00m <= 1.2m
05:17:53.543 [AMR-04] STATE_TRANSITION EMERGENCY_STOP -> MOVING (intent=MOVE)
05:17:53.847 [AMR-04] STATE_TRANSITION MOVING -> EMERGENCY_STOP (intent=STOP)
05:17:53.847 [AMR-04] SAFETY_STOP min_obstacle_distance=1.14m <= 1.2m
05:17:53.950 [AMR-04] STATE_TRANSITION EMERGENCY_STOP -> MOVING (intent=MOVE)
05:17:54.050 [AMR-04] STATE_TRANSITION MOVING -> EMERGENCY_STOP (intent=STOP)
05:17:54.051 [AMR-04] SAFETY_STOP min_obstacle_distance=1.07m <= 1.2m
05:17:54.151 [AMR-04] STATE_TRANSITION EMERGENCY_STOP -> MOVING (intent=MOVE)
05:17:54.251 [AMR-04] STATE_TRANSITION MOVING -> EMERGENCY_STOP (intent=STOP)
05:17:54.251 [AMR-04] SAFETY_STOP min_obstacle_distance=1.03m <= 1.2m
05:17:54.353 [AMR-04] STATE_TRANSITION EMERGENCY_STOP -> MOVING (intent=MOVE)
05:17:54.454 [AMR-04] STATE_TRANSITION MOVING -> EMERGENCY_STOP (intent=STOP)
05:17:54.454 [AMR-04] SAFETY_STOP min_obstacle_distance=1.00m <= 1.2m
05:17:54.554 [AMR-04] STATE_TRANSITION EMERGENCY_STOP -> MOVING (intent=MOVE)
05:17:54.856 [AMR-04] STATE_TRANSITION MOVING -> EMERGENCY_STOP (intent=STOP)
05:17:54.856 [AMR-04] SAFETY_STOP min_obstacle_distance=1.14m <= 1.2m
05:17:54.956 [AMR-04] STATE_TRANSITION EMERGENCY_STOP -> MOVING (intent=MOVE)
05:17:55.058 [AMR-04] STATE_TRANSITION MOVING -> EMERGENCY_STOP (intent=STOP)
05:17:55.058 [AMR-04] SAFETY_STOP min_obstacle_distance=1.08m <= 1.2m
05:17:55.159 [AMR-04] STATE_TRANSITION EMERGENCY_STOP -> MOVING (intent=MOVE)
05:17:55.261 [AMR-04] STATE_TRANSITION MOVING -> EMERGENCY_STOP (intent=STOP)
05:17:55.261 [AMR-04] SAFETY_STOP min_obstacle_distance=1.03m <= 1.2m
05:17:55.362 [AMR-04] STATE_TRANSITION EMERGENCY_STOP -> MOVING (intent=MOVE)
05:17:55.463 [AMR-04] STATE_TRANSITION MOVING -> EMERGENCY_STOP (intent=STOP)
05:17:55.464 [AMR-04] SAFETY_STOP min_obstacle_distance=1.00m <= 1.2m
05:17:55.564 [AMR-04] STATE_TRANSITION EMERGENCY_STOP -> MOVING (intent=MOVE)
05:17:55.869 [AMR-04] STATE_TRANSITION MOVING -> EMERGENCY_STOP (intent=STOP)
05:17:55.869 [AMR-04] SAFETY_STOP min_obstacle_distance=1.14m <= 1.2m
05:17:55.971 [AMR-04] STATE_TRANSITION EMERGENCY_STOP -> MOVING (intent=MOVE)
05:17:56.073 [AMR-04] STATE_TRANSITION MOVING -> EMERGENCY_STOP (intent=STOP)
05:17:56.073 [AMR-04] SAFETY_STOP min_obstacle_distance=1.07m <= 1.2m
05:17:56.175 [AMR-04] STATE_TRANSITION EMERGENCY_STOP -> MOVING (intent=MOVE)
05:17:56.277 [AMR-04] STATE_TRANSITION MOVING -> EMERGENCY_STOP (intent=STOP)
05:17:56.277 [AMR-04] SAFETY_STOP min_obstacle_distance=1.03m <= 1.2m
05:17:56.378 [AMR-04] STATE_TRANSITION EMERGENCY_STOP -> MOVING (intent=MOVE)
05:17:56.478 [AMR-04] STATE_TRANSITION MOVING -> EMERGENCY_STOP (intent=STOP)
05:17:56.478 [AMR-04] SAFETY_STOP min_obstacle_distance=1.00m <= 1.2m
05:17:56.578 [AMR-04] STATE_TRANSITION EMERGENCY_STOP -> MOVING (intent=MOVE)
05:17:56.881 [AMR-04] STATE_TRANSITION MOVING -> EMERGENCY_STOP (intent=STOP)
05:17:56.881 [AMR-04] SAFETY_STOP min_obstacle_distance=1.14m <= 1.2m
05:17:56.982 [AMR-04] STATE_TRANSITION EMERGENCY_STOP -> MOVING (intent=MOVE)
05:17:57.084 [AMR-04] STATE_TRANSITION MOVING -> EMERGENCY_STOP (intent=STOP)
05:17:57.084 [AMR-04] SAFETY_STOP min_obstacle_distance=1.07m <= 1.2m
05:17:57.186 [AMR-04] STATE_TRANSITION EMERGENCY_STOP -> MOVING (intent=MOVE)
05:17:57.287 [AMR-04] STATE_TRANSITION MOVING -> EMERGENCY_STOP (intent=STOP)
05:17:57.287 [AMR-04] SAFETY_STOP min_obstacle_distance=1.03m <= 1.2m
05:17:57.389 [AMR-04] STATE_TRANSITION EMERGENCY_STOP -> MOVING (intent=MOVE)
05:17:57.491 [AMR-04] STATE_TRANSITION MOVING -> EMERGENCY_STOP (intent=STOP)
05:17:57.491 [AMR-04] SAFETY_STOP min_obstacle_distance=1.00m <= 1.2m
05:17:57.591 [AMR-04] STATE_TRANSITION EMERGENCY_STOP -> MOVING (intent=MOVE)
05:17:57.895 [AMR-04] STATE_TRANSITION MOVING -> EMERGENCY_STOP (intent=STOP)
05:17:57.895 [AMR-04] SAFETY_STOP min_obstacle_distance=1.14m <= 1.2m
05:17:57.997 [AMR-04] STATE_TRANSITION EMERGENCY_STOP -> MOVING (intent=MOVE)
05:17:58.098 [AMR-04] STATE_TRANSITION MOVING -> EMERGENCY_STOP (intent=STOP)
05:17:58.098 [AMR-04] SAFETY_STOP min_obstacle_distance=1.07m <= 1.2m
05:17:58.200 [AMR-04] STATE_TRANSITION EMERGENCY_STOP -> MOVING (intent=MOVE)
05:17:58.302 [AMR-04] STATE_TRANSITION MOVING -> EMERGENCY_STOP (intent=STOP)
05:17:58.302 [AMR-04] SAFETY_STOP min_obstacle_distance=1.03m <= 1.2m
05:17:58.403 [AMR-04] STATE_TRANSITION EMERGENCY_STOP -> MOVING (intent=MOVE)
05:17:58.808 [AMR-04] STATE_TRANSITION MOVING -> EMERGENCY_STOP (intent=STOP)
05:17:58.808 [AMR-04] SAFETY_STOP min_obstacle_distance=1.14m <= 1.2m
05:17:58.910 [AMR-04] STATE_TRANSITION EMERGENCY_STOP -> MOVING (intent=MOVE)
05:17:59.011 [AMR-04] STATE_TRANSITION MOVING -> EMERGENCY_STOP (intent=STOP)
05:17:59.011 [AMR-04] SAFETY_STOP min_obstacle_distance=1.07m <= 1.2m
05:17:59.112 [AMR-04] STATE_TRANSITION EMERGENCY_STOP -> MOVING (intent=MOVE)
05:17:59.214 [AMR-04] STATE_TRANSITION MOVING -> EMERGENCY_STOP (intent=STOP)
05:17:59.214 [AMR-04] SAFETY_STOP min_obstacle_distance=1.03m <= 1.2m
05:17:59.316 [AMR-04] STATE_TRANSITION EMERGENCY_STOP -> MOVING (intent=MOVE)
05:17:59.417 [AMR-04] STATE_TRANSITION MOVING -> EMERGENCY_STOP (intent=STOP)
05:17:59.417 [AMR-04] SAFETY_STOP min_obstacle_distance=1.00m <= 1.2m
05:17:59.518 [AMR-04] STATE_TRANSITION EMERGENCY_STOP -> MOVING (intent=MOVE)
05:17:59.619 [AMR-04] CONFLICT_DETECTED peer=AMR-01 type=INTERSECTION node=(22, 9) safe_wait=(22, 10) DECISION=YIELD (Lower precedence at intersection (53.6 vs 57.0) -> Safe wait at (22, 10) for AMR-01)
05:17:59.619 [AMR-04] STATE_TRANSITION MOVING -> YIELDING (intent=YIELD)
05:17:59.720 [AMR-04] CONFLICT_DETECTED peer=AMR-01 type=INTERSECTION node=(22, 9) safe_wait=(22, 10) DECISION=YIELD (Lower precedence at intersection (53.8 vs 57.0) -> Safe wait at (22, 10) for AMR-01)
05:17:59.821 [AMR-04] CONFLICT_DETECTED peer=AMR-01 type=INTERSECTION node=(22, 9) safe_wait=(22, 10) DECISION=YIELD (Lower precedence at intersection (54.0 vs 57.0) -> Safe wait at (22, 10) for AMR-01)
05:17:59.922 [AMR-04] CONFLICT_DETECTED peer=AMR-01 type=INTERSECTION node=(22, 9) safe_wait=(22, 10) DECISION=YIELD (Lower precedence at intersection (54.2 vs 57.0) -> Safe wait at (22, 10) for AMR-01)
05:18:00.024 [AMR-04] CONFLICT_DETECTED peer=AMR-01 type=INTERSECTION node=(22, 9) safe_wait=(22, 10) DECISION=YIELD (Lower precedence at intersection (54.4 vs 57.1) -> Safe wait at (22, 10) for AMR-01)
05:18:00.125 [AMR-04] CONFLICT_DETECTED peer=AMR-01 type=INTERSECTION node=(22, 9) safe_wait=(22, 10) DECISION=YIELD (Lower precedence at intersection (54.6 vs 57.1) -> Safe wait at (22, 10) for AMR-01)
05:18:00.227 [AMR-04] CONFLICT_DETECTED peer=AMR-01 type=INTERSECTION node=(22, 9) safe_wait=(22, 10) DECISION=YIELD (Lower precedence at intersection (54.8 vs 57.2) -> Safe wait at (22, 10) for AMR-01)
05:18:00.328 [AMR-04] CONFLICT_DETECTED peer=AMR-01 type=INTERSECTION node=(22, 9) safe_wait=(22, 10) DECISION=YIELD (Lower precedence at intersection (55.0 vs 57.2) -> Safe wait at (22, 10) for AMR-01)
05:18:00.430 [AMR-04] CONFLICT_DETECTED peer=AMR-01 type=INTERSECTION node=(22, 9) safe_wait=(22, 10) DECISION=YIELD (Lower precedence at intersection (55.2 vs 57.3) -> Safe wait at (22, 10) for AMR-01)
05:18:00.530 [AMR-04] CONFLICT_DETECTED peer=AMR-01 type=INTERSECTION node=(22, 9) safe_wait=(22, 10) DECISION=YIELD (Lower precedence at intersection (55.3 vs 57.3) -> Safe wait at (22, 10) for AMR-01)
05:18:00.632 [AMR-04] CONFLICT_DETECTED peer=AMR-01 type=INTERSECTION node=(22, 9) safe_wait=(22, 10) DECISION=YIELD (Lower precedence at intersection (55.5 vs 57.0) -> Safe wait at (22, 10) for AMR-01)
05:18:00.733 [AMR-04] CONFLICT_DETECTED peer=AMR-01 type=INTERSECTION node=(22, 9) safe_wait=(22, 10) DECISION=YIELD (Lower precedence at intersection (55.7 vs 57.0) -> Safe wait at (22, 10) for AMR-01)
05:18:00.834 [AMR-04] CONFLICT_DETECTED peer=AMR-01 type=INTERSECTION node=(22, 9) safe_wait=(22, 10) DECISION=YIELD (Lower precedence at intersection (55.9 vs 57.0) -> Safe wait at (22, 10) for AMR-01)
05:18:00.935 [AMR-04] CONFLICT_DETECTED peer=AMR-01 type=INTERSECTION node=(22, 9) safe_wait=(22, 10) DECISION=YIELD (Lower precedence at intersection (56.1 vs 57.0) -> Safe wait at (22, 10) for AMR-01)
05:18:01.037 [AMR-04] CONFLICT_DETECTED peer=AMR-01 type=INTERSECTION node=(22, 9) safe_wait=(22, 10) DECISION=YIELD (Lower precedence at intersection (56.3 vs 57.1) -> Safe wait at (22, 10) for AMR-01)
05:18:01.139 [AMR-04] CONFLICT_DETECTED peer=AMR-01 type=INTERSECTION node=(22, 9) safe_wait=(22, 10) DECISION=YIELD (Lower precedence at intersection (56.5 vs 57.1) -> Safe wait at (22, 10) for AMR-01)
05:18:01.240 [AMR-04] CONFLICT_DETECTED peer=AMR-01 type=INTERSECTION node=(22, 9) safe_wait=(22, 10) DECISION=YIELD (Lower precedence at intersection (56.7 vs 57.2) -> Safe wait at (22, 10) for AMR-01)
05:18:01.342 [AMR-04] CONFLICT_DETECTED peer=AMR-01 type=INTERSECTION node=(22, 9) safe_wait=(22, 10) DECISION=YIELD (Lower precedence at intersection (56.9 vs 57.2) -> Safe wait at (22, 10) for AMR-01)
05:18:01.444 [AMR-04] CONFLICT_DETECTED peer=AMR-01 type=INTERSECTION node=(22, 9) safe_wait=(22, 10) DECISION=YIELD (Lower precedence at intersection (57.1 vs 57.3) -> Safe wait at (22, 10) for AMR-01)
05:18:01.544 [AMR-04] CONFLICT_DETECTED peer=AMR-01 type=INTERSECTION node=(22, 9) safe_wait=(22, 10) DECISION=PROCEED (Higher precedence (57.4 vs 57.3) -> Proceed through (22, 9))
05:18:01.544 [AMR-04] STATE_TRANSITION YIELDING -> MOVING (intent=MOVE)
05:18:01.645 [AMR-04] CONFLICT_DETECTED peer=AMR-01 type=INTERSECTION node=(22, 9) safe_wait=(22, 10) DECISION=PROCEED (Higher precedence (57.2 vs 57.0) -> Proceed through (22, 9))
05:18:01.746 [AMR-04] CONFLICT_DETECTED peer=AMR-01 type=INTERSECTION node=(22, 9) safe_wait=(22, 10) DECISION=PROCEED (Higher precedence (57.1 vs 57.0) -> Proceed through (22, 9))
05:18:01.846 [AMR-04] STATE_TRANSITION MOVING -> EMERGENCY_STOP (intent=STOP)
05:18:01.847 [AMR-04] SAFETY_STOP min_obstacle_distance=1.14m <= 1.2m
05:18:01.948 [AMR-04] CONFLICT_DETECTED peer=AMR-01 type=INTERSECTION node=(22, 9) safe_wait=(22, 10) DECISION=YIELD (Lower precedence at intersection (57.0 vs 57.4) -> Safe wait at (22, 10) for AMR-01)
05:18:01.949 [AMR-04] STATE_TRANSITION EMERGENCY_STOP -> YIELDING (intent=YIELD)
05:18:02.050 [AMR-04] CONFLICT_DETECTED peer=AMR-01 type=INTERSECTION node=(22, 9) safe_wait=(22, 10) DECISION=YIELD (Lower precedence at intersection (57.2 vs 57.2) -> Safe wait at (22, 10) for AMR-01)
05:18:02.152 [AMR-04] CONFLICT_DETECTED peer=AMR-01 type=INTERSECTION node=(22, 9) safe_wait=(22, 10) DECISION=PROCEED (Higher precedence (57.4 vs 57.2) -> Proceed through (22, 9))
05:18:02.152 [AMR-04] STATE_TRANSITION YIELDING -> MOVING (intent=MOVE)
05:18:02.253 [AMR-04] STATE_TRANSITION MOVING -> EMERGENCY_STOP (intent=STOP)
05:18:02.253 [AMR-04] SAFETY_STOP min_obstacle_distance=1.07m <= 1.2m
05:18:02.355 [AMR-04] CONFLICT_DETECTED peer=AMR-01 type=INTERSECTION node=(22, 9) safe_wait=(22, 10) DECISION=PROCEED (Higher precedence (57.2 vs 57.1) -> Proceed through (22, 9))
05:18:02.355 [AMR-04] STATE_TRANSITION EMERGENCY_STOP -> MOVING (intent=MOVE)
05:18:02.456 [AMR-04] STATE_TRANSITION MOVING -> EMERGENCY_STOP (intent=STOP)
05:18:02.456 [AMR-04] SAFETY_STOP min_obstacle_distance=1.03m <= 1.2m
05:18:02.557 [AMR-04] CONFLICT_DETECTED peer=AMR-01 type=INTERSECTION node=(22, 9) safe_wait=(22, 10) DECISION=YIELD (Lower precedence at intersection (56.8 vs 57.2) -> Safe wait at (22, 10) for AMR-01)
05:18:02.557 [AMR-04] STATE_TRANSITION EMERGENCY_STOP -> YIELDING (intent=YIELD)
05:18:02.658 [AMR-04] CONFLICT_DETECTED peer=AMR-01 type=INTERSECTION node=(22, 9) safe_wait=(22, 10) DECISION=YIELD (Lower precedence at intersection (57.0 vs 57.0) -> Safe wait at (22, 10) for AMR-01)
05:18:02.760 [AMR-04] CONFLICT_DETECTED peer=AMR-01 type=INTERSECTION node=(22, 9) safe_wait=(22, 10) DECISION=YIELD (Lower precedence at intersection (57.1 vs 57.2) -> Safe wait at (22, 10) for AMR-01)
05:18:02.861 [AMR-04] CONFLICT_DETECTED peer=AMR-01 type=INTERSECTION node=(22, 9) safe_wait=(22, 10) DECISION=PROCEED (Higher precedence (57.4 vs 57.0) -> Proceed through (22, 9))
05:18:02.861 [AMR-04] STATE_TRANSITION YIELDING -> MOVING (intent=MOVE)
05:18:02.962 [AMR-04] CONFLICT_DETECTED peer=AMR-01 type=INTERSECTION node=(22, 9) safe_wait=(22, 10) DECISION=PROCEED (Higher precedence (57.2 vs 57.0) -> Proceed through (22, 9))
05:18:03.063 [AMR-04] CONFLICT_DETECTED peer=AMR-01 type=INTERSECTION node=(22, 9) safe_wait=(22, 10) DECISION=YIELD (Lower precedence at intersection (57.1 vs 57.2) -> Safe wait at (22, 10) for AMR-01)
05:18:03.063 [AMR-04] STATE_TRANSITION MOVING -> YIELDING (intent=YIELD)
05:18:03.165 [AMR-04] CONFLICT_DETECTED peer=AMR-01 type=INTERSECTION node=(22, 9) safe_wait=(22, 10) DECISION=YIELD (Lower precedence at intersection (57.3 vs 57.4) -> Safe wait at (22, 10) for AMR-01)
05:18:03.267 [AMR-04] CONFLICT_DETECTED peer=AMR-01 type=INTERSECTION node=(22, 9) safe_wait=(22, 10) DECISION=PROCEED (Higher precedence (57.5 vs 57.3) -> Proceed through (22, 9))
05:18:03.267 [AMR-04] STATE_TRANSITION YIELDING -> MOVING (intent=MOVE)
05:18:03.368 [AMR-04] STATE_TRANSITION MOVING -> EMERGENCY_STOP (intent=STOP)
05:18:03.368 [AMR-04] SAFETY_STOP min_obstacle_distance=1.14m <= 1.2m
05:18:03.471 [AMR-04] CONFLICT_DETECTED peer=AMR-01 type=INTERSECTION node=(22, 9) safe_wait=(22, 10) DECISION=PROCEED (Higher precedence (57.4 vs 57.2) -> Proceed through (22, 9))
05:18:03.471 [AMR-04] STATE_TRANSITION EMERGENCY_STOP -> MOVING (intent=MOVE)
05:18:03.571 [AMR-04] CONFLICT_DETECTED peer=AMR-01 type=INTERSECTION node=(22, 9) safe_wait=(22, 10) DECISION=YIELD (Lower precedence at intersection (57.0 vs 57.2) -> Safe wait at (22, 10) for AMR-01)
05:18:03.571 [AMR-04] STATE_TRANSITION MOVING -> YIELDING (intent=YIELD)
05:18:03.672 [AMR-04] CONFLICT_DETECTED peer=AMR-01 type=INTERSECTION node=(22, 9) safe_wait=(22, 10) DECISION=YIELD (Lower precedence at intersection (57.1 vs 57.2) -> Safe wait at (22, 10) for AMR-01)
05:18:03.774 [AMR-04] CONFLICT_DETECTED peer=AMR-01 type=INTERSECTION node=(22, 9) safe_wait=(22, 10) DECISION=YIELD (Lower precedence at intersection (57.4 vs 57.4) -> Safe wait at (22, 10) for AMR-01)
05:18:03.876 [AMR-04] CONFLICT_DETECTED peer=AMR-01 type=INTERSECTION node=(22, 9) safe_wait=(22, 10) DECISION=PROCEED (Higher precedence (57.6 vs 57.2) -> Proceed through (22, 9))
05:18:03.876 [AMR-04] STATE_TRANSITION YIELDING -> MOVING (intent=MOVE)
05:18:03.978 [AMR-04] CONFLICT_DETECTED peer=AMR-01 type=INTERSECTION node=(22, 9) safe_wait=(22, 10) DECISION=PROCEED (Higher precedence (57.4 vs 57.2) -> Proceed through (22, 9))
05:18:04.079 [AMR-04] CONFLICT_DETECTED peer=AMR-01 type=INTERSECTION node=(22, 9) safe_wait=(22, 10) DECISION=YIELD (Lower precedence at intersection (57.3 vs 57.4) -> Safe wait at (22, 10) for AMR-01)
05:18:04.079 [AMR-04] STATE_TRANSITION MOVING -> YIELDING (intent=YIELD)
05:18:04.180 [AMR-04] CONFLICT_DETECTED peer=AMR-01 type=INTERSECTION node=(22, 9) safe_wait=(22, 10) DECISION=YIELD (Lower precedence at intersection (57.5 vs 57.6) -> Safe wait at (22, 10) for AMR-01)
05:18:04.281 [AMR-04] CONFLICT_DETECTED peer=AMR-01 type=INTERSECTION node=(22, 9) safe_wait=(22, 10) DECISION=PROCEED (Higher precedence (57.7 vs 57.5) -> Proceed through (22, 9))
05:18:04.281 [AMR-04] STATE_TRANSITION YIELDING -> MOVING (intent=MOVE)
05:18:04.383 [AMR-04] STATE_TRANSITION MOVING -> EMERGENCY_STOP (intent=STOP)
05:18:04.383 [AMR-04] SAFETY_STOP min_obstacle_distance=1.14m <= 1.2m
05:18:04.485 [AMR-04] CONFLICT_DETECTED peer=AMR-01 type=INTERSECTION node=(22, 9) safe_wait=(22, 10) DECISION=PROCEED (Higher precedence (57.6 vs 57.4) -> Proceed through (22, 9))
05:18:04.486 [AMR-04] STATE_TRANSITION EMERGENCY_STOP -> MOVING (intent=MOVE)
05:18:04.585 [AMR-04] STATE_TRANSITION MOVING -> EMERGENCY_STOP (intent=STOP)
05:18:04.585 [AMR-04] SAFETY_STOP min_obstacle_distance=1.00m <= 1.2m
05:18:04.686 [AMR-04] CONFLICT_DETECTED peer=AMR-01 type=INTERSECTION node=(22, 9) safe_wait=(22, 10) DECISION=PROCEED (Higher precedence (57.6 vs 57.4) -> Proceed through (22, 9))
05:18:04.686 [AMR-04] STATE_TRANSITION EMERGENCY_STOP -> MOVING (intent=MOVE)
05:18:04.787 [AMR-04] STATE_TRANSITION MOVING -> EMERGENCY_STOP (intent=STOP)
05:18:04.787 [AMR-04] SAFETY_STOP min_obstacle_distance=1.01m <= 1.2m
05:18:04.889 [AMR-04] CONFLICT_DETECTED peer=AMR-01 type=INTERSECTION node=(22, 9) safe_wait=(22, 10) DECISION=YIELD (Lower precedence at intersection (57.5 vs 57.8) -> Safe wait at (22, 10) for AMR-01)
05:18:04.889 [AMR-04] STATE_TRANSITION EMERGENCY_STOP -> YIELDING (intent=YIELD)
05:18:04.991 [AMR-04] CONFLICT_DETECTED peer=AMR-01 type=INTERSECTION node=(22, 9) safe_wait=(22, 10) DECISION=PROCEED (Higher precedence (57.7 vs 57.6) -> Proceed through (22, 9))
05:18:04.991 [AMR-04] STATE_TRANSITION YIELDING -> MOVING (intent=MOVE)
05:18:05.092 [AMR-04] STATE_TRANSITION MOVING -> EMERGENCY_STOP (intent=STOP)
05:18:05.092 [AMR-04] SAFETY_STOP min_obstacle_distance=1.05m <= 1.2m
05:18:05.194 [AMR-04] CONFLICT_DETECTED peer=AMR-01 type=INTERSECTION node=(22, 9) safe_wait=(22, 10) DECISION=PROCEED (Higher precedence (57.6 vs 57.5) -> Proceed through (22, 9))
05:18:05.194 [AMR-04] STATE_TRANSITION EMERGENCY_STOP -> MOVING (intent=MOVE)
05:18:05.296 [AMR-04] STATE_TRANSITION MOVING -> EMERGENCY_STOP (intent=STOP)
05:18:05.296 [AMR-04] SAFETY_STOP min_obstacle_distance=1.10m <= 1.2m
05:18:05.397 [AMR-04] CONFLICT_DETECTED peer=AMR-01 type=INTERSECTION node=(22, 9) safe_wait=(22, 10) DECISION=YIELD (Lower precedence at intersection (57.5 vs 57.7) -> Safe wait at (22, 10) for AMR-01)
05:18:05.417 [AMR-04] STATE_TRANSITION EMERGENCY_STOP -> YIELDING (intent=YIELD)
05:18:05.498 [AMR-04] CONFLICT_DETECTED peer=AMR-01 type=INTERSECTION node=(22, 9) safe_wait=(22, 10) DECISION=YIELD (Lower precedence at intersection (57.4 vs 57.6) -> Safe wait at (22, 10) for AMR-01)
05:18:05.599 [AMR-04] CONFLICT_DETECTED peer=AMR-01 type=INTERSECTION node=(22, 9) safe_wait=(22, 10) DECISION=PROCEED (Higher precedence (57.6 vs 57.4) -> Proceed through (22, 9))
05:18:05.599 [AMR-04] STATE_TRANSITION YIELDING -> MOVING (intent=MOVE)
05:18:05.701 [AMR-04] STATE_TRANSITION MOVING -> EMERGENCY_STOP (intent=STOP)
05:18:05.701 [AMR-04] SAFETY_STOP min_obstacle_distance=1.01m <= 1.2m
05:18:05.802 [AMR-04] CONFLICT_DETECTED peer=AMR-01 type=INTERSECTION node=(22, 9) safe_wait=(22, 10) DECISION=PROCEED (Higher precedence (57.5 vs 57.4) -> Proceed through (22, 9))
05:18:05.802 [AMR-04] STATE_TRANSITION EMERGENCY_STOP -> MOVING (intent=MOVE)
05:18:05.903 [AMR-04] STATE_TRANSITION MOVING -> EMERGENCY_STOP (intent=STOP)
05:18:05.904 [AMR-04] SAFETY_STOP min_obstacle_distance=1.05m <= 1.2m
05:18:06.004 [AMR-04] CONFLICT_DETECTED peer=AMR-01 type=INTERSECTION node=(22, 9) safe_wait=(22, 10) DECISION=YIELD (Lower precedence at intersection (57.4 vs 57.6) -> Safe wait at (22, 10) for AMR-01)
05:18:06.005 [AMR-04] STATE_TRANSITION EMERGENCY_STOP -> YIELDING (intent=YIELD)
05:18:06.106 [AMR-04] CONFLICT_DETECTED peer=AMR-01 type=INTERSECTION node=(22, 9) safe_wait=(22, 10) DECISION=PROCEED (Higher precedence (57.6 vs 57.5) -> Proceed through (22, 9))
05:18:06.107 [AMR-04] STATE_TRANSITION YIELDING -> MOVING (intent=MOVE)
05:18:06.208 [AMR-04] STATE_TRANSITION MOVING -> EMERGENCY_STOP (intent=STOP)
05:18:06.208 [AMR-04] SAFETY_STOP min_obstacle_distance=1.10m <= 1.2m
05:18:06.309 [AMR-04] CONFLICT_DETECTED peer=AMR-01 type=INTERSECTION node=(22, 9) safe_wait=(22, 10) DECISION=PROCEED (Higher precedence (57.5 vs 57.4) -> Proceed through (22, 9))
05:18:06.309 [AMR-04] STATE_TRANSITION EMERGENCY_STOP -> MOVING (intent=MOVE)
05:18:06.411 [AMR-04] STATE_TRANSITION MOVING -> EMERGENCY_STOP (intent=STOP)
05:18:06.411 [AMR-04] SAFETY_STOP min_obstacle_distance=1.07m <= 1.2m
05:18:06.511 [AMR-04] CONFLICT_DETECTED peer=AMR-01 type=INTERSECTION node=(22, 9) safe_wait=(22, 10) DECISION=YIELD (Lower precedence at intersection (57.0 vs 57.6) -> Safe wait at (22, 10) for AMR-01)
05:18:06.511 [AMR-04] STATE_TRANSITION EMERGENCY_STOP -> YIELDING (intent=YIELD)
05:18:06.612 [AMR-04] CONFLICT_DETECTED peer=AMR-01 type=INTERSECTION node=(22, 9) safe_wait=(22, 10) DECISION=PROCEED (Higher precedence (57.2 vs 57.2) -> Proceed through (22, 9))
05:18:06.613 [AMR-04] STATE_TRANSITION YIELDING -> MOVING (intent=MOVE)
05:18:06.713 [AMR-04] STATE_TRANSITION MOVING -> EMERGENCY_STOP (intent=STOP)
05:18:06.714 [AMR-04] SAFETY_STOP min_obstacle_distance=1.01m <= 1.2m
05:18:06.815 [AMR-04] CONFLICT_DETECTED peer=AMR-01 type=INTERSECTION node=(22, 9) safe_wait=(22, 10) DECISION=PROCEED (Higher precedence (57.1 vs 57.0) -> Proceed through (22, 9))
05:18:06.815 [AMR-04] STATE_TRANSITION EMERGENCY_STOP -> MOVING (intent=MOVE)
05:18:06.917 [AMR-04] STATE_TRANSITION MOVING -> EMERGENCY_STOP (intent=STOP)
05:18:06.917 [AMR-04] SAFETY_STOP min_obstacle_distance=1.05m <= 1.2m
05:18:07.018 [AMR-04] CONFLICT_DETECTED peer=AMR-01 type=INTERSECTION node=(22, 9) safe_wait=(22, 10) DECISION=YIELD (Lower precedence at intersection (57.0 vs 57.2) -> Safe wait at (22, 10) for AMR-01)
05:18:07.018 [AMR-04] STATE_TRANSITION EMERGENCY_STOP -> YIELDING (intent=YIELD)
05:18:07.120 [AMR-04] CONFLICT_DETECTED peer=AMR-01 type=INTERSECTION node=(22, 9) safe_wait=(22, 10) DECISION=PROCEED (Higher precedence (57.2 vs 57.1) -> Proceed through (22, 9))
05:18:07.120 [AMR-04] STATE_TRANSITION YIELDING -> MOVING (intent=MOVE)
05:18:07.222 [AMR-04] STATE_TRANSITION MOVING -> EMERGENCY_STOP (intent=STOP)
05:18:07.222 [AMR-04] SAFETY_STOP min_obstacle_distance=1.10m <= 1.2m
05:18:07.323 [AMR-04] CONFLICT_DETECTED peer=AMR-01 type=INTERSECTION node=(22, 9) safe_wait=(22, 10) DECISION=YIELD (Lower precedence at intersection (57.1 vs 57.2) -> Safe wait at (22, 10) for AMR-01)
05:18:07.323 [AMR-04] STATE_TRANSITION EMERGENCY_STOP -> YIELDING (intent=YIELD)
05:18:07.424 [AMR-04] CONFLICT_DETECTED peer=AMR-01 type=INTERSECTION node=(22, 9) safe_wait=(22, 10) DECISION=PROCEED (Higher precedence (57.3 vs 57.2) -> Proceed through (22, 9))
05:18:07.424 [AMR-04] STATE_TRANSITION YIELDING -> MOVING (intent=MOVE)
05:18:07.525 [AMR-04] STATE_TRANSITION MOVING -> EMERGENCY_STOP (intent=STOP)
05:18:07.525 [AMR-04] SAFETY_STOP min_obstacle_distance=1.00m <= 1.2m
05:18:07.626 [AMR-04] CONFLICT_DETECTED peer=AMR-01 type=INTERSECTION node=(22, 9) safe_wait=(22, 10) DECISION=YIELD (Lower precedence at intersection (56.8 vs 57.0) -> Safe wait at (22, 10) for AMR-01)
05:18:07.626 [AMR-04] STATE_TRANSITION EMERGENCY_STOP -> YIELDING (intent=YIELD)
05:18:07.728 [AMR-04] CONFLICT_DETECTED peer=AMR-01 type=INTERSECTION node=(22, 9) safe_wait=(22, 10) DECISION=YIELD (Lower precedence at intersection (57.0 vs 57.2) -> Safe wait at (22, 10) for AMR-01)
05:18:07.830 [AMR-04] CONFLICT_DETECTED peer=AMR-01 type=INTERSECTION node=(22, 9) safe_wait=(22, 10) DECISION=PROCEED (Higher precedence (57.2 vs 57.0) -> Proceed through (22, 9))
05:18:07.830 [AMR-04] STATE_TRANSITION YIELDING -> MOVING (intent=MOVE)
05:18:07.931 [AMR-04] STATE_TRANSITION MOVING -> EMERGENCY_STOP (intent=STOP)
05:18:07.931 [AMR-04] SAFETY_STOP min_obstacle_distance=1.01m <= 1.2m
05:18:08.033 [AMR-04] CONFLICT_DETECTED peer=AMR-01 type=INTERSECTION node=(22, 9) safe_wait=(22, 10) DECISION=YIELD (Lower precedence at intersection (57.1 vs 57.2) -> Safe wait at (22, 10) for AMR-01)
05:18:08.033 [AMR-04] STATE_TRANSITION EMERGENCY_STOP -> YIELDING (intent=YIELD)
05:18:08.134 [AMR-04] CONFLICT_DETECTED peer=AMR-01 type=INTERSECTION node=(22, 9) safe_wait=(22, 10) DECISION=YIELD (Lower precedence at intersection (57.3 vs 57.4) -> Safe wait at (22, 10) for AMR-01)
05:18:08.235 [AMR-04] CONFLICT_DETECTED peer=AMR-01 type=INTERSECTION node=(22, 9) safe_wait=(22, 10) DECISION=PROCEED (Higher precedence (57.5 vs 57.3) -> Proceed through (22, 9))
05:18:08.235 [AMR-04] STATE_TRANSITION YIELDING -> MOVING (intent=MOVE)
05:18:08.335 [AMR-04] STATE_TRANSITION MOVING -> EMERGENCY_STOP (intent=STOP)
05:18:08.335 [AMR-04] SAFETY_STOP min_obstacle_distance=1.04m <= 1.2m
05:18:08.435 [AMR-04] CONFLICT_DETECTED peer=AMR-01 type=INTERSECTION node=(22, 9) safe_wait=(22, 10) DECISION=YIELD (Lower precedence at intersection (57.4 vs 57.5) -> Safe wait at (22, 10) for AMR-01)
05:18:08.436 [AMR-04] STATE_TRANSITION EMERGENCY_STOP -> YIELDING (intent=YIELD)
05:18:08.536 [AMR-04] CONFLICT_DETECTED peer=AMR-01 type=INTERSECTION node=(22, 9) safe_wait=(22, 10) DECISION=YIELD (Lower precedence at intersection (57.4 vs 57.7) -> Safe wait at (22, 10) for AMR-01)
05:18:08.636 [AMR-04] CONFLICT_DETECTED peer=AMR-01 type=INTERSECTION node=(22, 10) safe_wait=(22, 11) DECISION=YIELD (Lower precedence at intersection (57.6 vs 57.9) -> Safe wait at (22, 11) for AMR-01)
05:18:08.737 [AMR-04] CONFLICT_DETECTED peer=AMR-01 type=INTERSECTION node=(22, 10) safe_wait=(22, 11) DECISION=PROCEED (Higher precedence (57.8 vs 57.7) -> Proceed through (22, 10))
05:18:08.737 [AMR-04] STATE_TRANSITION YIELDING -> MOVING (intent=MOVE)
05:18:08.838 [AMR-04] STATE_TRANSITION MOVING -> EMERGENCY_STOP (intent=STOP)
05:18:08.838 [AMR-04] SAFETY_STOP min_obstacle_distance=1.01m <= 1.2m
05:18:08.939 [AMR-04] CONFLICT_DETECTED peer=AMR-01 type=INTERSECTION node=(22, 10) safe_wait=(22, 11) DECISION=YIELD (Lower precedence at intersection (57.7 vs 57.8) -> Safe wait at (22, 11) for AMR-01)
05:18:08.939 [AMR-04] STATE_TRANSITION EMERGENCY_STOP -> YIELDING (intent=YIELD)
05:18:09.040 [AMR-04] CONFLICT_DETECTED peer=AMR-01 type=INTERSECTION node=(22, 10) safe_wait=(22, 11) DECISION=YIELD (Lower precedence at intersection (57.9 vs 58.0) -> Safe wait at (22, 11) for AMR-01)
05:18:09.140 [AMR-04] CONFLICT_DETECTED peer=AMR-01 type=INTERSECTION node=(22, 10) safe_wait=(22, 11) DECISION=PROCEED (Higher precedence (58.1 vs 57.9) -> Proceed through (22, 10))
05:18:09.140 [AMR-04] STATE_TRANSITION YIELDING -> MOVING (intent=MOVE)
05:18:09.240 [AMR-04] STATE_TRANSITION MOVING -> EMERGENCY_STOP (intent=STOP)
05:18:09.240 [AMR-04] SAFETY_STOP min_obstacle_distance=1.04m <= 1.2m
05:18:09.342 [AMR-04] CONFLICT_DETECTED peer=AMR-01 type=INTERSECTION node=(22, 10) safe_wait=(22, 11) DECISION=YIELD (Lower precedence at intersection (58.0 vs 58.1) -> Safe wait at (22, 11) for AMR-01)
05:18:09.342 [AMR-04] STATE_TRANSITION EMERGENCY_STOP -> YIELDING (intent=YIELD)
05:18:09.444 [AMR-04] CONFLICT_DETECTED peer=AMR-01 type=INTERSECTION node=(22, 10) safe_wait=(22, 11) DECISION=YIELD (Lower precedence at intersection (58.2 vs 58.3) -> Safe wait at (22, 11) for AMR-01)
05:18:09.543 [AMR-04] CONFLICT_DETECTED peer=AMR-01 type=INTERSECTION node=(22, 10) safe_wait=(22, 11) DECISION=PROCEED (Higher precedence (58.2 vs 58.1) -> Proceed through (22, 10))
05:18:09.543 [AMR-04] STATE_TRANSITION YIELDING -> MOVING (intent=MOVE)
05:18:09.644 [AMR-04] STATE_TRANSITION MOVING -> EMERGENCY_STOP (intent=STOP)
05:18:09.644 [AMR-04] SAFETY_STOP min_obstacle_distance=1.01m <= 1.2m
05:18:09.744 [AMR-04] CONFLICT_DETECTED peer=AMR-01 type=INTERSECTION node=(22, 10) safe_wait=(22, 11) DECISION=PROCEED (Higher precedence (58.1 vs 58.1) -> Proceed through (22, 10))
05:18:09.744 [AMR-04] STATE_TRANSITION EMERGENCY_STOP -> MOVING (intent=MOVE)
05:18:09.844 [AMR-04] STATE_TRANSITION MOVING -> EMERGENCY_STOP (intent=STOP)
05:18:09.844 [AMR-04] SAFETY_STOP min_obstacle_distance=1.04m <= 1.2m
05:18:09.945 [AMR-04] CONFLICT_DETECTED peer=AMR-01 type=INTERSECTION node=(22, 10) safe_wait=(22, 11) DECISION=YIELD (Lower precedence at intersection (58.0 vs 58.1) -> Safe wait at (22, 11) for AMR-01)
05:18:09.945 [AMR-04] STATE_TRANSITION EMERGENCY_STOP -> YIELDING (intent=YIELD)
05:18:10.046 [AMR-04] CONFLICT_DETECTED peer=AMR-01 type=INTERSECTION node=(22, 10) safe_wait=(22, 11) DECISION=PROCEED (Higher precedence (58.2 vs 58.0) -> Proceed through (22, 10))
05:18:10.046 [AMR-04] STATE_TRANSITION YIELDING -> MOVING (intent=MOVE)
05:18:10.146 [AMR-04] STATE_TRANSITION MOVING -> EMERGENCY_STOP (intent=STOP)
05:18:10.146 [AMR-04] SAFETY_STOP min_obstacle_distance=1.10m <= 1.2m
05:18:10.247 [AMR-04] CONFLICT_DETECTED peer=AMR-01 type=INTERSECTION node=(22, 10) safe_wait=(22, 11) DECISION=PROCEED (Higher precedence (58.1 vs 57.9) -> Proceed through (22, 10))
05:18:10.247 [AMR-04] STATE_TRANSITION EMERGENCY_STOP -> MOVING (intent=MOVE)
05:18:10.347 [AMR-04] STATE_TRANSITION MOVING -> EMERGENCY_STOP (intent=STOP)
05:18:10.347 [AMR-04] SAFETY_STOP min_obstacle_distance=1.08m <= 1.2m
05:18:10.449 [AMR-04] CONFLICT_DETECTED peer=AMR-01 type=INTERSECTION node=(22, 10) safe_wait=(22, 11) DECISION=YIELD (Lower precedence at intersection (57.9 vs 58.0) -> Safe wait at (22, 11) for AMR-01)
05:18:10.450 [AMR-04] STATE_TRANSITION EMERGENCY_STOP -> YIELDING (intent=YIELD)
05:18:10.549 [AMR-04] CONFLICT_DETECTED peer=AMR-01 type=INTERSECTION node=(22, 10) safe_wait=(22, 11) DECISION=YIELD (Lower precedence at intersection (57.8 vs 58.0) -> Safe wait at (22, 11) for AMR-01)
05:18:10.650 [AMR-04] CONFLICT_DETECTED peer=AMR-01 type=INTERSECTION node=(22, 10) safe_wait=(22, 11) DECISION=PROCEED (Higher precedence (58.0 vs 57.5) -> Proceed through (22, 10))
05:18:10.650 [AMR-04] STATE_TRANSITION YIELDING -> MOVING (intent=MOVE)
05:18:10.751 [AMR-04] STATE_TRANSITION MOVING -> EMERGENCY_STOP (intent=STOP)
05:18:10.751 [AMR-04] SAFETY_STOP min_obstacle_distance=1.01m <= 1.2m
05:18:10.852 [AMR-04] CONFLICT_DETECTED peer=AMR-01 type=INTERSECTION node=(22, 10) safe_wait=(22, 11) DECISION=PROCEED (Higher precedence (57.9 vs 57.9) -> Proceed through (22, 10))
05:18:10.852 [AMR-04] STATE_TRANSITION EMERGENCY_STOP -> MOVING (intent=MOVE)
05:18:10.953 [AMR-04] STATE_TRANSITION MOVING -> EMERGENCY_STOP (intent=STOP)
05:18:10.953 [AMR-04] SAFETY_STOP min_obstacle_distance=1.04m <= 1.2m
05:18:11.053 [AMR-04] CONFLICT_DETECTED peer=AMR-01 type=INTERSECTION node=(22, 10) safe_wait=(22, 11) DECISION=YIELD (Lower precedence at intersection (57.8 vs 57.9) -> Safe wait at (22, 11) for AMR-01)
05:18:11.054 [AMR-04] STATE_TRANSITION EMERGENCY_STOP -> YIELDING (intent=YIELD)
05:18:11.153 [AMR-04] CONFLICT_DETECTED peer=AMR-01 type=INTERSECTION node=(22, 10) safe_wait=(22, 11) DECISION=PROCEED (Higher precedence (58.0 vs 57.8) -> Proceed through (22, 10))
05:18:11.154 [AMR-04] STATE_TRANSITION YIELDING -> MOVING (intent=MOVE)
05:18:11.253 [AMR-04] STATE_TRANSITION MOVING -> EMERGENCY_STOP (intent=STOP)
05:18:11.254 [AMR-04] SAFETY_STOP min_obstacle_distance=1.10m <= 1.2m
05:18:11.355 [AMR-04] CONFLICT_DETECTED peer=AMR-01 type=INTERSECTION node=(22, 10) safe_wait=(22, 11) DECISION=PROCEED (Higher precedence (57.9 vs 57.7) -> Proceed through (22, 10))
05:18:11.355 [AMR-04] STATE_TRANSITION EMERGENCY_STOP -> MOVING (intent=MOVE)
05:18:11.455 [AMR-04] STATE_TRANSITION MOVING -> EMERGENCY_STOP (intent=STOP)
05:18:11.455 [AMR-04] SAFETY_STOP min_obstacle_distance=1.07m <= 1.2m
05:18:11.556 [AMR-04] CONFLICT_DETECTED peer=AMR-01 type=INTERSECTION node=(22, 10) safe_wait=(22, 11) DECISION=YIELD (Lower precedence at intersection (57.4 vs 57.8) -> Safe wait at (22, 11) for AMR-01)
05:18:11.556 [AMR-04] STATE_TRANSITION EMERGENCY_STOP -> YIELDING (intent=YIELD)
05:18:11.656 [AMR-04] CONFLICT_DETECTED peer=AMR-01 type=INTERSECTION node=(22, 10) safe_wait=(22, 11) DECISION=PROCEED (Higher precedence (57.6 vs 57.5) -> Proceed through (22, 10))
05:18:11.656 [AMR-04] STATE_TRANSITION YIELDING -> MOVING (intent=MOVE)
05:18:11.757 [AMR-04] STATE_TRANSITION MOVING -> EMERGENCY_STOP (intent=STOP)
05:18:11.757 [AMR-04] SAFETY_STOP min_obstacle_distance=1.01m <= 1.2m
05:18:11.858 [AMR-04] CONFLICT_DETECTED peer=AMR-01 type=INTERSECTION node=(22, 10) safe_wait=(22, 11) DECISION=YIELD (Lower precedence at intersection (57.5 vs 57.5) -> Safe wait at (22, 11) for AMR-01)
05:18:11.858 [AMR-04] STATE_TRANSITION EMERGENCY_STOP -> YIELDING (intent=YIELD)
05:18:11.959 [AMR-04] CONFLICT_DETECTED peer=AMR-01 type=INTERSECTION node=(22, 10) safe_wait=(22, 11) DECISION=YIELD (Lower precedence at intersection (57.7 vs 57.7) -> Safe wait at (22, 11) for AMR-01)
05:18:12.060 [AMR-04] CONFLICT_DETECTED peer=AMR-01 type=INTERSECTION node=(22, 10) safe_wait=(22, 11) DECISION=PROCEED (Higher precedence (57.9 vs 57.6) -> Proceed through (22, 10))
05:18:12.060 [AMR-04] STATE_TRANSITION YIELDING -> MOVING (intent=MOVE)
05:18:12.160 [AMR-04] STATE_TRANSITION MOVING -> EMERGENCY_STOP (intent=STOP)
05:18:12.160 [AMR-04] SAFETY_STOP min_obstacle_distance=1.04m <= 1.2m
05:18:12.261 [AMR-04] CONFLICT_DETECTED peer=AMR-01 type=INTERSECTION node=(22, 10) safe_wait=(22, 11) DECISION=PROCEED (Higher precedence (57.8 vs 57.7) -> Proceed through (22, 10))
05:18:12.262 [AMR-04] STATE_TRANSITION EMERGENCY_STOP -> MOVING (intent=MOVE)
05:18:12.362 [AMR-04] STATE_TRANSITION MOVING -> EMERGENCY_STOP (intent=STOP)
05:18:12.362 [AMR-04] SAFETY_STOP min_obstacle_distance=1.10m <= 1.2m
05:18:12.463 [AMR-04] CONFLICT_DETECTED peer=AMR-01 type=INTERSECTION node=(22, 10) safe_wait=(22, 11) DECISION=YIELD (Lower precedence at intersection (57.7 vs 57.8) -> Safe wait at (22, 11) for AMR-01)
05:18:12.463 [AMR-04] STATE_TRANSITION EMERGENCY_STOP -> YIELDING (intent=YIELD)
05:18:12.562 [AMR-04] CONFLICT_DETECTED peer=AMR-01 type=INTERSECTION node=(22, 10) safe_wait=(22, 11) DECISION=YIELD (Lower precedence at intersection (57.6 vs 57.8) -> Safe wait at (22, 11) for AMR-01)
05:18:12.663 [AMR-04] CONFLICT_DETECTED peer=AMR-01 type=INTERSECTION node=(22, 10) safe_wait=(22, 11) DECISION=PROCEED (Higher precedence (57.8 vs 57.5) -> Proceed through (22, 10))
05:18:12.663 [AMR-04] STATE_TRANSITION YIELDING -> MOVING (intent=MOVE)
05:18:12.764 [AMR-04] STATE_TRANSITION MOVING -> EMERGENCY_STOP (intent=STOP)
05:18:12.764 [AMR-04] SAFETY_STOP min_obstacle_distance=1.01m <= 1.2m
05:18:12.865 [AMR-04] CONFLICT_DETECTED peer=AMR-01 type=INTERSECTION node=(22, 10) safe_wait=(22, 11) DECISION=PROCEED (Higher precedence (57.7 vs 57.5) -> Proceed through (22, 10))
05:18:12.866 [AMR-04] STATE_TRANSITION EMERGENCY_STOP -> MOVING (intent=MOVE)
05:18:12.966 [AMR-04] STATE_TRANSITION MOVING -> EMERGENCY_STOP (intent=STOP)
05:18:12.966 [AMR-04] SAFETY_STOP min_obstacle_distance=1.04m <= 1.2m
05:18:13.067 [AMR-04] CONFLICT_DETECTED peer=AMR-01 type=INTERSECTION node=(22, 10) safe_wait=(22, 11) DECISION=YIELD (Lower precedence at intersection (57.6 vs 57.6) -> Safe wait at (22, 11) for AMR-01)
05:18:13.067 [AMR-04] STATE_TRANSITION EMERGENCY_STOP -> YIELDING (intent=YIELD)
05:18:13.167 [AMR-04] CONFLICT_DETECTED peer=AMR-01 type=INTERSECTION node=(22, 10) safe_wait=(22, 11) DECISION=YIELD (Lower precedence at intersection (57.8 vs 57.8) -> Safe wait at (22, 11) for AMR-01)
05:18:13.267 [AMR-04] CONFLICT_DETECTED peer=AMR-01 type=INTERSECTION node=(22, 10) safe_wait=(22, 11) DECISION=PROCEED (Higher precedence (58.0 vs 57.7) -> Proceed through (22, 10))
05:18:13.267 [AMR-04] STATE_TRANSITION YIELDING -> MOVING (intent=MOVE)
05:18:13.367 [AMR-04] STATE_TRANSITION MOVING -> EMERGENCY_STOP (intent=STOP)
05:18:13.367 [AMR-04] SAFETY_STOP min_obstacle_distance=1.10m <= 1.2m
05:18:13.468 [AMR-04] CONFLICT_DETECTED peer=AMR-01 type=INTERSECTION node=(22, 10) safe_wait=(22, 11) DECISION=PROCEED (Higher precedence (57.9 vs 57.9) -> Proceed through (22, 10))
05:18:13.468 [AMR-04] STATE_TRANSITION EMERGENCY_STOP -> MOVING (intent=MOVE)
05:18:13.568 [AMR-04] STATE_TRANSITION MOVING -> EMERGENCY_STOP (intent=STOP)
05:18:13.568 [AMR-04] SAFETY_STOP min_obstacle_distance=1.00m <= 1.2m
05:18:13.669 [AMR-04] CONFLICT_DETECTED peer=AMR-01 type=INTERSECTION node=(22, 10) safe_wait=(22, 11) DECISION=YIELD (Lower precedence at intersection (57.4 vs 57.6) -> Safe wait at (22, 11) for AMR-01)
05:18:13.669 [AMR-04] STATE_TRANSITION EMERGENCY_STOP -> YIELDING (intent=YIELD)
05:18:13.770 [AMR-04] CONFLICT_DETECTED peer=AMR-01 type=INTERSECTION node=(22, 10) safe_wait=(22, 11) DECISION=YIELD (Lower precedence at intersection (57.6 vs 57.9) -> Safe wait at (22, 11) for AMR-01)
05:18:13.871 [AMR-04] CONFLICT_DETECTED peer=AMR-01 type=INTERSECTION node=(22, 10) safe_wait=(22, 11) DECISION=PROCEED (Higher precedence (57.8 vs 57.7) -> Proceed through (22, 10))
05:18:13.871 [AMR-04] STATE_TRANSITION YIELDING -> MOVING (intent=MOVE)
05:18:13.972 [AMR-04] STATE_TRANSITION MOVING -> EMERGENCY_STOP (intent=STOP)
05:18:13.972 [AMR-04] SAFETY_STOP min_obstacle_distance=1.01m <= 1.2m
05:18:14.072 [AMR-04] CONFLICT_DETECTED peer=AMR-01 type=INTERSECTION node=(22, 10) safe_wait=(22, 11) DECISION=YIELD (Lower precedence at intersection (57.7 vs 57.8) -> Safe wait at (22, 11) for AMR-01)
05:18:14.072 [AMR-04] STATE_TRANSITION EMERGENCY_STOP -> YIELDING (intent=YIELD)
05:18:14.173 [AMR-04] CONFLICT_DETECTED peer=AMR-01 type=INTERSECTION node=(22, 10) safe_wait=(22, 11) DECISION=YIELD (Lower precedence at intersection (57.9 vs 58.0) -> Safe wait at (22, 11) for AMR-01)
05:18:14.274 [AMR-04] CONFLICT_DETECTED peer=AMR-01 type=INTERSECTION node=(22, 10) safe_wait=(22, 11) DECISION=PROCEED (Higher precedence (58.1 vs 57.9) -> Proceed through (22, 10))
05:18:14.274 [AMR-04] STATE_TRANSITION YIELDING -> MOVING (intent=MOVE)
05:18:14.374 [AMR-04] STATE_TRANSITION MOVING -> EMERGENCY_STOP (intent=STOP)
05:18:14.374 [AMR-04] SAFETY_STOP min_obstacle_distance=1.04m <= 1.2m
05:18:14.475 [AMR-04] CONFLICT_DETECTED peer=AMR-01 type=INTERSECTION node=(22, 10) safe_wait=(22, 11) DECISION=YIELD (Lower precedence at intersection (58.0 vs 58.1) -> Safe wait at (22, 11) for AMR-01)
05:18:14.475 [AMR-04] STATE_TRANSITION EMERGENCY_STOP -> YIELDING (intent=YIELD)
05:18:14.577 [AMR-04] CONFLICT_DETECTED peer=AMR-01 type=INTERSECTION node=(22, 10) safe_wait=(22, 11) DECISION=YIELD (Lower precedence at intersection (58.0 vs 58.1) -> Safe wait at (22, 11) for AMR-01)
05:18:14.677 [AMR-04] CONFLICT_DETECTED peer=AMR-01 type=INTERSECTION node=(22, 10) safe_wait=(22, 11) DECISION=PROCEED (Higher precedence (58.2 vs 57.9) -> Proceed through (22, 10))
05:18:14.677 [AMR-04] STATE_TRANSITION YIELDING -> MOVING (intent=MOVE)
05:18:14.778 [AMR-04] STATE_TRANSITION MOVING -> EMERGENCY_STOP (intent=STOP)
05:18:14.778 [AMR-04] SAFETY_STOP min_obstacle_distance=1.01m <= 1.2m
05:18:14.880 [AMR-04] CONFLICT_DETECTED peer=AMR-01 type=INTERSECTION node=(22, 10) safe_wait=(22, 11) DECISION=PROCEED (Higher precedence (58.1 vs 57.9) -> Proceed through (22, 10))
05:18:14.880 [AMR-04] STATE_TRANSITION EMERGENCY_STOP -> MOVING (intent=MOVE)
05:18:14.980 [AMR-04] STATE_TRANSITION MOVING -> EMERGENCY_STOP (intent=STOP)
05:18:14.980 [AMR-04] SAFETY_STOP min_obstacle_distance=1.04m <= 1.2m
05:18:15.081 [AMR-04] CONFLICT_DETECTED peer=AMR-01 type=INTERSECTION node=(22, 10) safe_wait=(22, 11) DECISION=PROCEED (Higher precedence (58.0 vs 58.0) -> Proceed through (22, 10))
05:18:15.081 [AMR-04] STATE_TRANSITION EMERGENCY_STOP -> MOVING (intent=MOVE)
05:18:15.181 [AMR-04] STATE_TRANSITION MOVING -> EMERGENCY_STOP (intent=STOP)
05:18:15.181 [AMR-04] SAFETY_STOP min_obstacle_distance=1.10m <= 1.2m
05:18:15.283 [AMR-04] CONFLICT_DETECTED peer=AMR-01 type=INTERSECTION node=(22, 10) safe_wait=(22, 11) DECISION=YIELD (Lower precedence at intersection (57.9 vs 58.1) -> Safe wait at (22, 11) for AMR-01)
05:18:15.283 [AMR-04] STATE_TRANSITION EMERGENCY_STOP -> YIELDING (intent=YIELD)
05:18:15.383 [AMR-04] CONFLICT_DETECTED peer=AMR-01 type=INTERSECTION node=(22, 10) safe_wait=(22, 11) DECISION=YIELD (Lower precedence at intersection (58.1 vs 58.1) -> Safe wait at (22, 11) for AMR-01)
05:18:15.484 [AMR-04] CONFLICT_DETECTED peer=AMR-01 type=INTERSECTION node=(22, 10) safe_wait=(22, 11) DECISION=PROCEED (Higher precedence (58.3 vs 58.0) -> Proceed through (22, 10))
05:18:15.486 [AMR-04] STATE_TRANSITION YIELDING -> MOVING (intent=MOVE)
05:18:15.584 [AMR-04] STATE_TRANSITION MOVING -> EMERGENCY_STOP (intent=STOP)
05:18:15.584 [AMR-04] SAFETY_STOP min_obstacle_distance=1.00m <= 1.2m
05:18:15.685 [AMR-04] CONFLICT_DETECTED peer=AMR-01 type=INTERSECTION node=(22, 10) safe_wait=(22, 11) DECISION=YIELD (Lower precedence at intersection (57.9 vs 57.9) -> Safe wait at (22, 11) for AMR-01)
05:18:15.685 [AMR-04] STATE_TRANSITION EMERGENCY_STOP -> YIELDING (intent=YIELD)
05:18:15.786 [AMR-04] CONFLICT_DETECTED peer=AMR-01 type=INTERSECTION node=(22, 10) safe_wait=(22, 11) DECISION=YIELD (Lower precedence at intersection (58.0 vs 58.1) -> Safe wait at (22, 11) for AMR-01)
05:18:15.887 [AMR-04] CONFLICT_DETECTED peer=AMR-01 type=INTERSECTION node=(22, 10) safe_wait=(22, 11) DECISION=PROCEED (Higher precedence (58.2 vs 57.9) -> Proceed through (22, 10))
05:18:15.888 [AMR-04] STATE_TRANSITION YIELDING -> MOVING (intent=MOVE)
05:18:15.987 [AMR-04] STATE_TRANSITION MOVING -> EMERGENCY_STOP (intent=STOP)
05:18:15.987 [AMR-04] SAFETY_STOP min_obstacle_distance=1.01m <= 1.2m
05:18:16.088 [AMR-04] CONFLICT_DETECTED peer=AMR-01 type=INTERSECTION node=(22, 10) safe_wait=(22, 11) DECISION=PROCEED (Higher precedence (58.1 vs 58.0) -> Proceed through (22, 10))
05:18:16.088 [AMR-04] STATE_TRANSITION EMERGENCY_STOP -> MOVING (intent=MOVE)
05:18:16.188 [AMR-04] STATE_TRANSITION MOVING -> EMERGENCY_STOP (intent=STOP)
05:18:16.189 [AMR-04] SAFETY_STOP min_obstacle_distance=1.04m <= 1.2m
05:18:16.289 [AMR-04] CONFLICT_DETECTED peer=AMR-01 type=INTERSECTION node=(22, 10) safe_wait=(22, 11) DECISION=YIELD (Lower precedence at intersection (58.0 vs 58.1) -> Safe wait at (22, 11) for AMR-01)
05:18:16.289 [AMR-04] STATE_TRANSITION EMERGENCY_STOP -> YIELDING (intent=YIELD)
05:18:16.390 [AMR-04] CONFLICT_DETECTED peer=AMR-01 type=INTERSECTION node=(22, 10) safe_wait=(22, 11) DECISION=PROCEED (Higher precedence (58.2 vs 58.1) -> Proceed through (22, 10))
05:18:16.390 [AMR-04] STATE_TRANSITION YIELDING -> MOVING (intent=MOVE)
05:18:16.491 [AMR-04] STATE_TRANSITION MOVING -> EMERGENCY_STOP (intent=STOP)
05:18:16.491 [AMR-04] SAFETY_STOP min_obstacle_distance=1.10m <= 1.2m
05:18:16.591 [AMR-04] CONFLICT_DETECTED peer=AMR-01 type=INTERSECTION node=(22, 10) safe_wait=(22, 11) DECISION=YIELD (Lower precedence at intersection (57.9 vs 58.0) -> Safe wait at (22, 11) for AMR-01)
05:18:16.591 [AMR-04] STATE_TRANSITION EMERGENCY_STOP -> YIELDING (intent=YIELD)
05:18:16.692 [AMR-04] CONFLICT_DETECTED peer=AMR-01 type=INTERSECTION node=(22, 10) safe_wait=(22, 11) DECISION=PROCEED (Higher precedence (58.0 vs 57.9) -> Proceed through (22, 10))
05:18:16.692 [AMR-04] STATE_TRANSITION YIELDING -> MOVING (intent=MOVE)
05:18:16.793 [AMR-04] STATE_TRANSITION MOVING -> EMERGENCY_STOP (intent=STOP)
05:18:16.793 [AMR-04] SAFETY_STOP min_obstacle_distance=1.01m <= 1.2m
05:18:16.893 [AMR-04] CONFLICT_DETECTED peer=AMR-01 type=INTERSECTION node=(22, 10) safe_wait=(22, 11) DECISION=YIELD (Lower precedence at intersection (57.9 vs 57.9) -> Safe wait at (22, 11) for AMR-01)
05:18:16.893 [AMR-04] STATE_TRANSITION EMERGENCY_STOP -> YIELDING (intent=YIELD)
05:18:16.994 [AMR-04] CONFLICT_DETECTED peer=AMR-01 type=INTERSECTION node=(22, 10) safe_wait=(22, 11) DECISION=YIELD (Lower precedence at intersection (58.1 vs 58.1) -> Safe wait at (22, 11) for AMR-01)
05:18:17.095 [AMR-04] CONFLICT_DETECTED peer=AMR-01 type=INTERSECTION node=(22, 10) safe_wait=(22, 11) DECISION=PROCEED (Higher precedence (58.3 vs 58.0) -> Proceed through (22, 10))
05:18:17.096 [AMR-04] STATE_TRANSITION YIELDING -> MOVING (intent=MOVE)
05:18:17.195 [AMR-04] STATE_TRANSITION MOVING -> EMERGENCY_STOP (intent=STOP)
05:18:17.195 [AMR-04] SAFETY_STOP min_obstacle_distance=1.04m <= 1.2m
05:18:17.297 [AMR-04] CONFLICT_DETECTED peer=AMR-01 type=INTERSECTION node=(22, 10) safe_wait=(22, 11) DECISION=PROCEED (Higher precedence (58.2 vs 57.9) -> Proceed through (22, 10))
05:18:17.297 [AMR-04] STATE_TRANSITION EMERGENCY_STOP -> MOVING (intent=MOVE)
05:18:17.397 [AMR-04] STATE_TRANSITION MOVING -> EMERGENCY_STOP (intent=STOP)
05:18:17.397 [AMR-04] SAFETY_STOP min_obstacle_distance=1.10m <= 1.2m
05:18:17.499 [AMR-04] CONFLICT_DETECTED peer=AMR-01 type=INTERSECTION node=(22, 10) safe_wait=(22, 11) DECISION=YIELD (Lower precedence at intersection (58.1 vs 58.3) -> Safe wait at (22, 11) for AMR-01)
05:18:17.499 [AMR-04] STATE_TRANSITION EMERGENCY_STOP -> YIELDING (intent=YIELD)
05:18:17.598 [AMR-04] CONFLICT_DETECTED peer=AMR-01 type=INTERSECTION node=(22, 10) safe_wait=(22, 11) DECISION=YIELD (Lower precedence at intersection (58.0 vs 58.1) -> Safe wait at (22, 11) for AMR-01)
05:18:17.699 [AMR-04] CONFLICT_DETECTED peer=AMR-01 type=INTERSECTION node=(22, 10) safe_wait=(22, 11) DECISION=YIELD (Lower precedence at intersection (58.2 vs 58.4) -> Safe wait at (22, 11) for AMR-01)
05:18:17.800 [AMR-04] CONFLICT_DETECTED peer=AMR-01 type=INTERSECTION node=(22, 10) safe_wait=(22, 11) DECISION=PROCEED (Higher precedence (58.5 vs 58.2) -> Proceed through (22, 10))
05:18:17.800 [AMR-04] STATE_TRANSITION YIELDING -> MOVING (intent=MOVE)
05:18:17.901 [AMR-04] STATE_TRANSITION MOVING -> EMERGENCY_STOP (intent=STOP)
05:18:17.901 [AMR-04] SAFETY_STOP min_obstacle_distance=1.01m <= 1.2m
05:18:18.002 [AMR-04] CONFLICT_DETECTED peer=AMR-01 type=INTERSECTION node=(22, 10) safe_wait=(22, 11) DECISION=YIELD (Lower precedence at intersection (58.3 vs 58.4) -> Safe wait at (22, 11) for AMR-01)
05:18:18.002 [AMR-04] STATE_TRANSITION EMERGENCY_STOP -> YIELDING (intent=YIELD)
05:18:18.103 [AMR-04] CONFLICT_DETECTED peer=AMR-01 type=INTERSECTION node=(22, 10) safe_wait=(22, 11) DECISION=YIELD (Lower precedence at intersection (58.5 vs 58.6) -> Safe wait at (22, 11) for AMR-01)
05:18:18.204 [AMR-04] CONFLICT_DETECTED peer=AMR-01 type=INTERSECTION node=(22, 10) safe_wait=(22, 11) DECISION=PROCEED (Higher precedence (58.7 vs 58.5) -> Proceed through (22, 10))
05:18:18.204 [AMR-04] STATE_TRANSITION YIELDING -> MOVING (intent=MOVE)
05:18:18.305 [AMR-04] STATE_TRANSITION MOVING -> EMERGENCY_STOP (intent=STOP)
05:18:18.306 [AMR-04] SAFETY_STOP min_obstacle_distance=1.04m <= 1.2m
05:18:18.406 [AMR-04] CONFLICT_DETECTED peer=AMR-01 type=INTERSECTION node=(22, 10) safe_wait=(22, 11) DECISION=YIELD (Lower precedence at intersection (58.6 vs 58.7) -> Safe wait at (22, 11) for AMR-01)
05:18:18.406 [AMR-04] STATE_TRANSITION EMERGENCY_STOP -> YIELDING (intent=YIELD)
05:18:18.506 [AMR-04] CONFLICT_DETECTED peer=AMR-01 type=INTERSECTION node=(22, 10) safe_wait=(22, 11) DECISION=YIELD (Lower precedence at intersection (58.6 vs 58.9) -> Safe wait at (22, 11) for AMR-01)
05:18:18.607 [AMR-04] CONFLICT_DETECTED peer=AMR-01 type=INTERSECTION node=(22, 10) safe_wait=(22, 11) DECISION=PROCEED (Higher precedence (58.9 vs 58.5) -> Proceed through (22, 10))
05:18:18.608 [AMR-04] STATE_TRANSITION YIELDING -> MOVING (intent=MOVE)
05:18:18.708 [AMR-04] STATE_TRANSITION MOVING -> EMERGENCY_STOP (intent=STOP)
05:18:18.708 [AMR-04] SAFETY_STOP min_obstacle_distance=1.01m <= 1.2m
05:18:18.808 [AMR-04] CONFLICT_DETECTED peer=AMR-01 type=INTERSECTION node=(22, 10) safe_wait=(22, 11) DECISION=YIELD (Lower precedence at intersection (58.7 vs 58.8) -> Safe wait at (22, 11) for AMR-01)
05:18:18.808 [AMR-04] STATE_TRANSITION EMERGENCY_STOP -> YIELDING (intent=YIELD)
05:18:18.909 [AMR-04] CONFLICT_DETECTED peer=AMR-01 type=INTERSECTION node=(22, 10) safe_wait=(22, 11) DECISION=YIELD (Lower precedence at intersection (58.9 vs 59.0) -> Safe wait at (22, 11) for AMR-01)
05:18:19.009 [AMR-04] CONFLICT_DETECTED peer=AMR-01 type=INTERSECTION node=(22, 10) safe_wait=(22, 11) DECISION=PROCEED (Higher precedence (59.1 vs 58.8) -> Proceed through (22, 10))
05:18:19.009 [AMR-04] STATE_TRANSITION YIELDING -> MOVING (intent=MOVE)
05:18:19.110 [AMR-04] STATE_TRANSITION MOVING -> EMERGENCY_STOP (intent=STOP)
05:18:19.110 [AMR-04] SAFETY_STOP min_obstacle_distance=1.04m <= 1.2m
05:18:19.210 [AMR-04] CONFLICT_DETECTED peer=AMR-01 type=INTERSECTION node=(22, 10) safe_wait=(22, 11) DECISION=YIELD (Lower precedence at intersection (59.0 vs 59.0) -> Safe wait at (22, 11) for AMR-01)
05:18:19.210 [AMR-04] STATE_TRANSITION EMERGENCY_STOP -> YIELDING (intent=YIELD)
05:18:19.310 [AMR-04] CONFLICT_DETECTED peer=AMR-01 type=INTERSECTION node=(22, 10) safe_wait=(22, 11) DECISION=YIELD (Lower precedence at intersection (59.2 vs 59.2) -> Safe wait at (22, 11) for AMR-01)
05:18:19.411 [AMR-04] CONFLICT_DETECTED peer=AMR-01 type=INTERSECTION node=(22, 10) safe_wait=(22, 11) DECISION=PROCEED (Higher precedence (59.4 vs 59.1) -> Proceed through (22, 10))
05:18:19.411 [AMR-04] STATE_TRANSITION YIELDING -> MOVING (intent=MOVE)
05:18:19.511 [AMR-04] STATE_TRANSITION MOVING -> EMERGENCY_STOP (intent=STOP)
05:18:19.511 [AMR-04] SAFETY_STOP min_obstacle_distance=1.00m <= 1.2m
05:18:19.612 [AMR-04] CONFLICT_DETECTED peer=AMR-01 type=INTERSECTION node=(22, 10) safe_wait=(22, 11) DECISION=YIELD (Lower precedence at intersection (59.0 vs 59.1) -> Safe wait at (22, 11) for AMR-01)
05:18:19.612 [AMR-04] STATE_TRANSITION EMERGENCY_STOP -> YIELDING (intent=YIELD)
05:18:19.712 [AMR-04] CONFLICT_DETECTED peer=AMR-01 type=INTERSECTION node=(22, 10) safe_wait=(22, 11) DECISION=YIELD (Lower precedence at intersection (59.2 vs 59.4) -> Safe wait at (22, 11) for AMR-01)
05:18:19.813 [AMR-04] CONFLICT_DETECTED peer=AMR-01 type=INTERSECTION node=(22, 10) safe_wait=(22, 11) DECISION=PROCEED (Higher precedence (59.5 vs 59.2) -> Proceed through (22, 10))
05:18:19.813 [AMR-04] STATE_TRANSITION YIELDING -> MOVING (intent=MOVE)
05:18:19.913 [AMR-04] STATE_TRANSITION MOVING -> EMERGENCY_STOP (intent=STOP)
05:18:19.913 [AMR-04] SAFETY_STOP min_obstacle_distance=1.01m <= 1.2m
05:18:20.014 [AMR-04] CONFLICT_DETECTED peer=AMR-01 type=INTERSECTION node=(22, 10) safe_wait=(22, 11) DECISION=YIELD (Lower precedence at intersection (59.3 vs 59.4) -> Safe wait at (22, 11) for AMR-01)
05:18:20.014 [AMR-04] STATE_TRANSITION EMERGENCY_STOP -> YIELDING (intent=YIELD)
05:18:20.115 [AMR-04] CONFLICT_DETECTED peer=AMR-01 type=INTERSECTION node=(22, 10) safe_wait=(22, 11) DECISION=YIELD (Lower precedence at intersection (59.5 vs 59.6) -> Safe wait at (22, 11) for AMR-01)
05:18:20.216 [AMR-04] CONFLICT_DETECTED peer=AMR-01 type=INTERSECTION node=(22, 10) safe_wait=(22, 11) DECISION=PROCEED (Higher precedence (59.7 vs 59.5) -> Proceed through (22, 10))
05:18:20.216 [AMR-04] STATE_TRANSITION YIELDING -> MOVING (intent=MOVE)
05:18:20.317 [AMR-04] STATE_TRANSITION MOVING -> EMERGENCY_STOP (intent=STOP)
05:18:20.317 [AMR-04] SAFETY_STOP min_obstacle_distance=1.04m <= 1.2m
05:18:20.418 [AMR-04] CONFLICT_DETECTED peer=AMR-01 type=INTERSECTION node=(22, 10) safe_wait=(22, 11) DECISION=YIELD (Lower precedence at intersection (59.6 vs 59.7) -> Safe wait at (22, 11) for AMR-01)
05:18:20.418 [AMR-04] STATE_TRANSITION EMERGENCY_STOP -> YIELDING (intent=YIELD)
05:18:20.518 [AMR-04] CONFLICT_DETECTED peer=AMR-01 type=INTERSECTION node=(22, 10) safe_wait=(22, 11) DECISION=PROCEED (Higher precedence (60.1 vs 59.9) -> Proceed through (22, 10))
05:18:20.518 [AMR-04] STATE_TRANSITION YIELDING -> MOVING (intent=MOVE)
05:18:20.618 [AMR-04] STATE_TRANSITION MOVING -> EMERGENCY_STOP (intent=STOP)
05:18:20.618 [AMR-04] SAFETY_STOP min_obstacle_distance=1.01m <= 1.2m
05:18:20.718 [AMR-04] CONFLICT_DETECTED peer=AMR-01 type=INTERSECTION node=(22, 10) safe_wait=(22, 11) DECISION=PROCEED (Higher precedence (60.0 vs 59.6) -> Proceed through (22, 10))
05:18:20.719 [AMR-04] STATE_TRANSITION EMERGENCY_STOP -> MOVING (intent=MOVE)
05:18:20.819 [AMR-04] STATE_TRANSITION MOVING -> EMERGENCY_STOP (intent=STOP)
05:18:20.819 [AMR-04] SAFETY_STOP min_obstacle_distance=1.04m <= 1.2m
05:18:20.920 [AMR-04] CONFLICT_DETECTED peer=AMR-01 type=INTERSECTION node=(22, 10) safe_wait=(22, 11) DECISION=YIELD (Lower precedence at intersection (59.9 vs 60.0) -> Safe wait at (22, 11) for AMR-01)
05:18:20.920 [AMR-04] STATE_TRANSITION EMERGENCY_STOP -> YIELDING (intent=YIELD)
05:18:21.021 [AMR-04] CONFLICT_DETECTED peer=AMR-01 type=INTERSECTION node=(22, 10) safe_wait=(22, 11) DECISION=PROCEED (Higher precedence (60.1 vs 59.8) -> Proceed through (22, 10))
05:18:21.021 [AMR-04] STATE_TRANSITION YIELDING -> MOVING (intent=MOVE)
05:18:21.121 [AMR-04] STATE_TRANSITION MOVING -> EMERGENCY_STOP (intent=STOP)
05:18:21.121 [AMR-04] SAFETY_STOP min_obstacle_distance=1.10m <= 1.2m
05:18:21.221 [AMR-04] CONFLICT_DETECTED peer=AMR-01 type=INTERSECTION node=(22, 10) safe_wait=(22, 11) DECISION=YIELD (Lower precedence at intersection (60.0 vs 60.0) -> Safe wait at (22, 11) for AMR-01)
05:18:21.221 [AMR-04] STATE_TRANSITION EMERGENCY_STOP -> YIELDING (intent=YIELD)
05:18:21.322 [AMR-04] CONFLICT_DETECTED peer=AMR-01 type=INTERSECTION node=(22, 10) safe_wait=(22, 11) DECISION=PROCEED (Higher precedence (60.2 vs 59.9) -> Proceed through (22, 10))
05:18:21.322 [AMR-04] STATE_TRANSITION YIELDING -> MOVING (intent=MOVE)
05:18:21.422 [AMR-04] STATE_TRANSITION MOVING -> EMERGENCY_STOP (intent=STOP)
05:18:21.422 [AMR-04] SAFETY_STOP min_obstacle_distance=1.17m <= 1.2m
05:18:21.524 [AMR-04] CONFLICT_DETECTED peer=AMR-01 type=INTERSECTION node=(22, 10) safe_wait=(22, 11) DECISION=YIELD (Lower precedence at intersection (59.8 vs 60.1) -> Safe wait at (22, 11) for AMR-01)
05:18:21.524 [AMR-04] STATE_TRANSITION EMERGENCY_STOP -> YIELDING (intent=YIELD)
05:18:21.625 [AMR-04] CONFLICT_DETECTED peer=AMR-01 type=INTERSECTION node=(22, 10) safe_wait=(22, 11) DECISION=PROCEED (Higher precedence (60.0 vs 59.8) -> Proceed through (22, 10))
05:18:21.625 [AMR-04] STATE_TRANSITION YIELDING -> MOVING (intent=MOVE)
05:18:21.726 [AMR-04] STATE_TRANSITION MOVING -> EMERGENCY_STOP (intent=STOP)
05:18:21.726 [AMR-04] SAFETY_STOP min_obstacle_distance=1.01m <= 1.2m
05:18:21.827 [AMR-04] CONFLICT_DETECTED peer=AMR-01 type=INTERSECTION node=(22, 10) safe_wait=(22, 11) DECISION=PROCEED (Higher precedence (59.8 vs 59.6) -> Proceed through (22, 10))
05:18:21.827 [AMR-04] STATE_TRANSITION EMERGENCY_STOP -> MOVING (intent=MOVE)
05:18:21.928 [AMR-04] STATE_TRANSITION MOVING -> EMERGENCY_STOP (intent=STOP)
05:18:21.928 [AMR-04] SAFETY_STOP min_obstacle_distance=1.04m <= 1.2m
05:18:22.029 [AMR-04] CONFLICT_DETECTED peer=AMR-01 type=INTERSECTION node=(22, 10) safe_wait=(22, 11) DECISION=YIELD (Lower precedence at intersection (59.7 vs 59.8) -> Safe wait at (22, 11) for AMR-01)
05:18:22.029 [AMR-04] STATE_TRANSITION EMERGENCY_STOP -> YIELDING (intent=YIELD)
05:18:22.129 [AMR-04] CONFLICT_DETECTED peer=AMR-01 type=INTERSECTION node=(22, 10) safe_wait=(22, 11) DECISION=PROCEED (Higher precedence (59.9 vs 59.7) -> Proceed through (22, 10))
05:18:22.129 [AMR-04] STATE_TRANSITION YIELDING -> MOVING (intent=MOVE)
05:18:22.230 [AMR-04] STATE_TRANSITION MOVING -> EMERGENCY_STOP (intent=STOP)
05:18:22.230 [AMR-04] SAFETY_STOP min_obstacle_distance=1.10m <= 1.2m
05:18:22.330 [AMR-04] CONFLICT_DETECTED peer=AMR-01 type=INTERSECTION node=(22, 10) safe_wait=(22, 11) DECISION=PROCEED (Higher precedence (59.8 vs 59.6) -> Proceed through (22, 10))
05:18:22.330 [AMR-04] STATE_TRANSITION EMERGENCY_STOP -> MOVING (intent=MOVE)
05:18:22.431 [AMR-04] STATE_TRANSITION MOVING -> EMERGENCY_STOP (intent=STOP)
05:18:22.431 [AMR-04] SAFETY_STOP min_obstacle_distance=1.17m <= 1.2m
05:18:22.531 [AMR-04] CONFLICT_DETECTED peer=AMR-01 type=INTERSECTION node=(22, 10) safe_wait=(22, 11) DECISION=YIELD (Lower precedence at intersection (59.4 vs 59.8) -> Safe wait at (22, 11) for AMR-01)
05:18:22.531 [AMR-04] STATE_TRANSITION EMERGENCY_STOP -> YIELDING (intent=YIELD)
05:18:22.632 [AMR-04] CONFLICT_DETECTED peer=AMR-01 type=INTERSECTION node=(22, 10) safe_wait=(22, 11) DECISION=YIELD (Lower precedence at intersection (59.5 vs 59.8) -> Safe wait at (22, 11) for AMR-01)
05:18:22.733 [AMR-04] CONFLICT_DETECTED peer=AMR-01 type=INTERSECTION node=(22, 10) safe_wait=(22, 11) DECISION=PROCEED (Higher precedence (59.8 vs 59.6) -> Proceed through (22, 10))
05:18:22.733 [AMR-04] STATE_TRANSITION YIELDING -> MOVING (intent=MOVE)
05:18:22.833 [AMR-04] STATE_TRANSITION MOVING -> EMERGENCY_STOP (intent=STOP)
05:18:22.833 [AMR-04] SAFETY_STOP min_obstacle_distance=1.01m <= 1.2m
05:18:22.933 [AMR-04] CONFLICT_DETECTED peer=AMR-01 type=INTERSECTION node=(22, 10) safe_wait=(22, 11) DECISION=PROCEED (Higher precedence (59.6 vs 59.5) -> Proceed through (22, 10))
05:18:22.933 [AMR-04] STATE_TRANSITION EMERGENCY_STOP -> MOVING (intent=MOVE)
05:18:23.033 [AMR-04] STATE_TRANSITION MOVING -> EMERGENCY_STOP (intent=STOP)
05:18:23.034 [AMR-04] SAFETY_STOP min_obstacle_distance=1.04m <= 1.2m
05:18:23.134 [AMR-04] CONFLICT_DETECTED peer=AMR-01 type=INTERSECTION node=(22, 10) safe_wait=(22, 11) DECISION=YIELD (Lower precedence at intersection (59.5 vs 59.7) -> Safe wait at (22, 11) for AMR-01)
05:18:23.134 [AMR-04] STATE_TRANSITION EMERGENCY_STOP -> YIELDING (intent=YIELD)
05:18:23.235 [AMR-04] CONFLICT_DETECTED peer=AMR-01 type=INTERSECTION node=(22, 10) safe_wait=(22, 11) DECISION=PROCEED (Higher precedence (59.7 vs 59.6) -> Proceed through (22, 10))
05:18:23.235 [AMR-04] STATE_TRANSITION YIELDING -> MOVING (intent=MOVE)
05:18:23.336 [AMR-04] STATE_TRANSITION MOVING -> EMERGENCY_STOP (intent=STOP)
05:18:23.336 [AMR-04] SAFETY_STOP min_obstacle_distance=1.10m <= 1.2m
05:18:23.437 [AMR-04] CONFLICT_DETECTED peer=AMR-01 type=INTERSECTION node=(22, 10) safe_wait=(22, 11) DECISION=PROCEED (Higher precedence (59.6 vs 59.5) -> Proceed through (22, 10))
05:18:23.437 [AMR-04] STATE_TRANSITION EMERGENCY_STOP -> MOVING (intent=MOVE)
05:18:23.537 [AMR-04] STATE_TRANSITION MOVING -> EMERGENCY_STOP (intent=STOP)
05:18:23.537 [AMR-04] SAFETY_STOP min_obstacle_distance=1.00m <= 1.2m
05:18:23.638 [AMR-04] CONFLICT_DETECTED peer=AMR-01 type=INTERSECTION node=(22, 10) safe_wait=(22, 11) DECISION=YIELD (Lower precedence at intersection (59.1 vs 59.4) -> Safe wait at (22, 11) for AMR-01)
05:18:23.638 [AMR-04] STATE_TRANSITION EMERGENCY_STOP -> YIELDING (intent=YIELD)
05:18:23.738 [AMR-04] CONFLICT_DETECTED peer=AMR-01 type=INTERSECTION node=(22, 10) safe_wait=(22, 11) DECISION=YIELD (Lower precedence at intersection (59.4 vs 59.6) -> Safe wait at (22, 11) for AMR-01)
05:18:23.839 [AMR-04] CONFLICT_DETECTED peer=AMR-01 type=INTERSECTION node=(22, 10) safe_wait=(22, 11) DECISION=PROCEED (Higher precedence (59.5 vs 59.4) -> Proceed through (22, 10))
05:18:23.839 [AMR-04] STATE_TRANSITION YIELDING -> MOVING (intent=MOVE)
05:18:23.940 [AMR-04] STATE_TRANSITION MOVING -> EMERGENCY_STOP (intent=STOP)
05:18:23.940 [AMR-04] SAFETY_STOP min_obstacle_distance=1.01m <= 1.2m
05:18:24.040 [AMR-04] CONFLICT_DETECTED peer=AMR-01 type=INTERSECTION node=(22, 10) safe_wait=(22, 11) DECISION=PROCEED (Higher precedence (59.4 vs 59.3) -> Proceed through (22, 10))
05:18:24.040 [AMR-04] STATE_TRANSITION EMERGENCY_STOP -> MOVING (intent=MOVE)
05:18:24.140 [AMR-04] STATE_TRANSITION MOVING -> EMERGENCY_STOP (intent=STOP)
05:18:24.140 [AMR-04] SAFETY_STOP min_obstacle_distance=1.04m <= 1.2m
05:18:24.241 [AMR-04] CONFLICT_DETECTED peer=AMR-01 type=INTERSECTION node=(22, 10) safe_wait=(22, 11) DECISION=YIELD (Lower precedence at intersection (59.3 vs 59.5) -> Safe wait at (22, 11) for AMR-01)
05:18:24.241 [AMR-04] STATE_TRANSITION EMERGENCY_STOP -> YIELDING (intent=YIELD)
05:18:24.342 [AMR-04] CONFLICT_DETECTED peer=AMR-01 type=INTERSECTION node=(22, 10) safe_wait=(22, 11) DECISION=PROCEED (Higher precedence (59.5 vs 59.4) -> Proceed through (22, 10))
05:18:24.343 [AMR-04] STATE_TRANSITION YIELDING -> MOVING (intent=MOVE)
05:18:24.443 [AMR-04] STATE_TRANSITION MOVING -> EMERGENCY_STOP (intent=STOP)
05:18:24.443 [AMR-04] SAFETY_STOP min_obstacle_distance=1.10m <= 1.2m
05:18:24.544 [AMR-04] CONFLICT_DETECTED peer=AMR-01 type=INTERSECTION node=(22, 10) safe_wait=(22, 11) DECISION=YIELD (Lower precedence at intersection (59.1 vs 59.2) -> Safe wait at (22, 11) for AMR-01)
05:18:24.544 [AMR-04] STATE_TRANSITION EMERGENCY_STOP -> YIELDING (intent=YIELD)
05:18:24.644 [AMR-04] CONFLICT_DETECTED peer=AMR-01 type=INTERSECTION node=(22, 10) safe_wait=(22, 11) DECISION=PROCEED (Higher precedence (59.4 vs 59.0) -> Proceed through (22, 10))
05:18:24.644 [AMR-04] STATE_TRANSITION YIELDING -> MOVING (intent=MOVE)
05:18:24.745 [AMR-04] STATE_TRANSITION MOVING -> EMERGENCY_STOP (intent=STOP)
05:18:24.745 [AMR-04] SAFETY_STOP min_obstacle_distance=1.01m <= 1.2m
05:18:24.846 [AMR-04] CONFLICT_DETECTED peer=AMR-01 type=INTERSECTION node=(22, 10) safe_wait=(22, 11) DECISION=PROCEED (Higher precedence (59.2 vs 59.0) -> Proceed through (22, 10))
05:18:24.846 [AMR-04] STATE_TRANSITION EMERGENCY_STOP -> MOVING (intent=MOVE)
05:18:24.947 [AMR-04] STATE_TRANSITION MOVING -> EMERGENCY_STOP (intent=STOP)
05:18:24.947 [AMR-04] SAFETY_STOP min_obstacle_distance=1.04m <= 1.2m
05:18:25.047 [AMR-04] CONFLICT_DETECTED peer=AMR-01 type=INTERSECTION node=(22, 10) safe_wait=(22, 11) DECISION=YIELD (Lower precedence at intersection (59.1 vs 59.2) -> Safe wait at (22, 11) for AMR-01)
05:18:25.047 [AMR-04] STATE_TRANSITION EMERGENCY_STOP -> YIELDING (intent=YIELD)
05:18:25.148 [AMR-04] CONFLICT_DETECTED peer=AMR-01 type=INTERSECTION node=(22, 10) safe_wait=(22, 11) DECISION=PROCEED (Higher precedence (59.3 vs 59.1) -> Proceed through (22, 10))
05:18:25.148 [AMR-04] STATE_TRANSITION YIELDING -> MOVING (intent=MOVE)
05:18:25.249 [AMR-04] STATE_TRANSITION MOVING -> EMERGENCY_STOP (intent=STOP)
05:18:25.249 [AMR-04] SAFETY_STOP min_obstacle_distance=1.10m <= 1.2m
05:18:25.349 [AMR-04] CONFLICT_DETECTED peer=AMR-01 type=INTERSECTION node=(22, 10) safe_wait=(22, 11) DECISION=PROCEED (Higher precedence (59.2 vs 59.0) -> Proceed through (22, 10))
05:18:25.350 [AMR-04] STATE_TRANSITION EMERGENCY_STOP -> MOVING (intent=MOVE)
05:18:25.450 [AMR-04] STATE_TRANSITION MOVING -> EMERGENCY_STOP (intent=STOP)
05:18:25.450 [AMR-04] SAFETY_STOP min_obstacle_distance=1.17m <= 1.2m
05:18:25.550 [AMR-04] CONFLICT_DETECTED peer=AMR-01 type=INTERSECTION node=(22, 10) safe_wait=(22, 11) DECISION=YIELD (Lower precedence at intersection (58.7 vs 59.2) -> Safe wait at (22, 11) for AMR-01)
05:18:25.550 [AMR-04] STATE_TRANSITION EMERGENCY_STOP -> YIELDING (intent=YIELD)
05:18:25.650 [AMR-04] CONFLICT_DETECTED peer=AMR-01 type=INTERSECTION node=(22, 10) safe_wait=(22, 11) DECISION=PROCEED (Higher precedence (59.0 vs 58.8) -> Proceed through (22, 10))
05:18:25.651 [AMR-04] STATE_TRANSITION YIELDING -> MOVING (intent=MOVE)
05:18:25.751 [AMR-04] STATE_TRANSITION MOVING -> EMERGENCY_STOP (intent=STOP)
05:18:25.751 [AMR-04] SAFETY_STOP min_obstacle_distance=1.01m <= 1.2m
05:18:25.852 [AMR-04] CONFLICT_DETECTED peer=AMR-01 type=INTERSECTION node=(22, 10) safe_wait=(22, 11) DECISION=PROCEED (Higher precedence (58.8 vs 58.6) -> Proceed through (22, 10))
05:18:25.852 [AMR-04] STATE_TRANSITION EMERGENCY_STOP -> MOVING (intent=MOVE)
05:18:25.953 [AMR-04] STATE_TRANSITION MOVING -> EMERGENCY_STOP (intent=STOP)
05:18:25.953 [AMR-04] SAFETY_STOP min_obstacle_distance=1.04m <= 1.2m
05:18:26.055 [AMR-04] CONFLICT_DETECTED peer=AMR-01 type=INTERSECTION node=(22, 10) safe_wait=(22, 11) DECISION=YIELD (Lower precedence at intersection (58.7 vs 58.8) -> Safe wait at (22, 11) for AMR-01)
05:18:26.055 [AMR-04] STATE_TRANSITION EMERGENCY_STOP -> YIELDING (intent=YIELD)
05:18:26.154 [AMR-04] CONFLICT_DETECTED peer=AMR-01 type=INTERSECTION node=(22, 10) safe_wait=(22, 11) DECISION=PROCEED (Higher precedence (58.9 vs 58.7) -> Proceed through (22, 10))
05:18:26.155 [AMR-04] STATE_TRANSITION YIELDING -> MOVING (intent=MOVE)
05:18:26.256 [AMR-04] STATE_TRANSITION MOVING -> EMERGENCY_STOP (intent=STOP)
05:18:26.256 [AMR-04] SAFETY_STOP min_obstacle_distance=1.10m <= 1.2m
05:18:26.357 [AMR-04] CONFLICT_DETECTED peer=AMR-01 type=INTERSECTION node=(22, 10) safe_wait=(22, 11) DECISION=PROCEED (Higher precedence (58.8 vs 58.6) -> Proceed through (22, 10))
05:18:26.357 [AMR-04] STATE_TRANSITION EMERGENCY_STOP -> MOVING (intent=MOVE)
05:18:26.457 [AMR-04] STATE_TRANSITION MOVING -> EMERGENCY_STOP (intent=STOP)
05:18:26.457 [AMR-04] SAFETY_STOP min_obstacle_distance=1.17m <= 1.2m
05:18:26.556 [AMR-04] CONFLICT_DETECTED peer=AMR-01 type=INTERSECTION node=(22, 10) safe_wait=(22, 11) DECISION=YIELD (Lower precedence at intersection (58.3 vs 58.8) -> Safe wait at (22, 11) for AMR-01)
05:18:26.556 [AMR-04] STATE_TRANSITION EMERGENCY_STOP -> YIELDING (intent=YIELD)
05:18:26.657 [AMR-04] CONFLICT_DETECTED peer=AMR-01 type=INTERSECTION node=(22, 10) safe_wait=(22, 11) DECISION=PROCEED (Higher precedence (58.5 vs 58.4) -> Proceed through (22, 10))
05:18:26.657 [AMR-04] STATE_TRANSITION YIELDING -> MOVING (intent=MOVE)
05:18:26.757 [AMR-04] STATE_TRANSITION MOVING -> EMERGENCY_STOP (intent=STOP)
05:18:26.757 [AMR-04] SAFETY_STOP min_obstacle_distance=1.01m <= 1.2m
05:18:26.858 [AMR-04] CONFLICT_DETECTED peer=AMR-01 type=INTERSECTION node=(22, 10) safe_wait=(22, 11) DECISION=PROCEED (Higher precedence (58.4 vs 58.2) -> Proceed through (22, 10))
05:18:26.859 [AMR-04] STATE_TRANSITION EMERGENCY_STOP -> MOVING (intent=MOVE)
05:18:26.959 [AMR-04] STATE_TRANSITION MOVING -> EMERGENCY_STOP (intent=STOP)
05:18:26.959 [AMR-04] SAFETY_STOP min_obstacle_distance=1.04m <= 1.2m
05:18:27.061 [AMR-04] CONFLICT_DETECTED peer=AMR-01 type=INTERSECTION node=(22, 10) safe_wait=(22, 11) DECISION=YIELD (Lower precedence at intersection (58.3 vs 58.4) -> Safe wait at (22, 11) for AMR-01)
05:18:27.061 [AMR-04] STATE_TRANSITION EMERGENCY_STOP -> YIELDING (intent=YIELD)
05:18:27.162 [AMR-04] CONFLICT_DETECTED peer=AMR-01 type=INTERSECTION node=(22, 10) safe_wait=(22, 11) DECISION=PROCEED (Higher precedence (58.5 vs 58.3) -> Proceed through (22, 10))
05:18:27.163 [AMR-04] STATE_TRANSITION YIELDING -> MOVING (intent=MOVE)
05:18:27.264 [AMR-04] STATE_TRANSITION MOVING -> EMERGENCY_STOP (intent=STOP)
05:18:27.264 [AMR-04] SAFETY_STOP min_obstacle_distance=1.10m <= 1.2m
05:18:27.365 [AMR-04] CONFLICT_DETECTED peer=AMR-01 type=INTERSECTION node=(22, 10) safe_wait=(22, 11) DECISION=PROCEED (Higher precedence (58.4 vs 58.2) -> Proceed through (22, 10))
05:18:27.365 [AMR-04] STATE_TRANSITION EMERGENCY_STOP -> MOVING (intent=MOVE)
05:18:27.466 [AMR-04] STATE_TRANSITION MOVING -> EMERGENCY_STOP (intent=STOP)
05:18:27.466 [AMR-04] SAFETY_STOP min_obstacle_distance=1.17m <= 1.2m
05:18:27.567 [AMR-04] CONFLICT_DETECTED peer=AMR-01 type=INTERSECTION node=(22, 10) safe_wait=(22, 11) DECISION=YIELD (Lower precedence at intersection (57.9 vs 58.4) -> Safe wait at (22, 11) for AMR-01)
05:18:27.567 [AMR-04] STATE_TRANSITION EMERGENCY_STOP -> YIELDING (intent=YIELD)
05:18:27.668 [AMR-04] CONFLICT_DETECTED peer=AMR-01 type=INTERSECTION node=(22, 10) safe_wait=(22, 11) DECISION=YIELD (Lower precedence at intersection (58.1 vs 58.4) -> Safe wait at (22, 11) for AMR-01)
05:18:27.770 [AMR-04] CONFLICT_DETECTED peer=AMR-01 type=INTERSECTION node=(22, 10) safe_wait=(22, 11) DECISION=YIELD (Lower precedence at intersection (58.3 vs 58.4) -> Safe wait at (22, 11) for AMR-01)
05:18:27.872 [AMR-04] CONFLICT_DETECTED peer=AMR-01 type=INTERSECTION node=(22, 10) safe_wait=(22, 11) DECISION=PROCEED (Higher precedence (58.5 vs 58.5) -> Proceed through (22, 10))
05:18:27.872 [AMR-04] STATE_TRANSITION YIELDING -> MOVING (intent=MOVE)
05:18:27.973 [AMR-04] STATE_TRANSITION MOVING -> EMERGENCY_STOP (intent=STOP)
05:18:27.973 [AMR-04] SAFETY_STOP min_obstacle_distance=1.01m <= 1.2m
05:18:28.074 [AMR-04] CONFLICT_DETECTED peer=AMR-01 type=INTERSECTION node=(22, 10) safe_wait=(22, 11) DECISION=YIELD (Lower precedence at intersection (58.4 vs 58.6) -> Safe wait at (22, 11) for AMR-01)
05:18:28.074 [AMR-04] STATE_TRANSITION EMERGENCY_STOP -> YIELDING (intent=YIELD)
05:18:28.176 [AMR-04] CONFLICT_DETECTED peer=AMR-01 type=INTERSECTION node=(22, 10) safe_wait=(22, 11) DECISION=PROCEED (Higher precedence (58.6 vs 58.6) -> Proceed through (22, 10))
05:18:28.176 [AMR-04] STATE_TRANSITION YIELDING -> MOVING (intent=MOVE)
05:18:28.277 [AMR-04] STATE_TRANSITION MOVING -> EMERGENCY_STOP (intent=STOP)
05:18:28.277 [AMR-04] SAFETY_STOP min_obstacle_distance=1.05m <= 1.2m
05:18:28.379 [AMR-04] CONFLICT_DETECTED peer=AMR-01 type=INTERSECTION node=(22, 10) safe_wait=(22, 11) DECISION=YIELD (Lower precedence at intersection (58.5 vs 58.6) -> Safe wait at (22, 11) for AMR-01)
05:18:28.379 [AMR-04] STATE_TRANSITION EMERGENCY_STOP -> YIELDING (intent=YIELD)
05:18:28.480 [AMR-04] CONFLICT_DETECTED peer=AMR-01 type=INTERSECTION node=(22, 10) safe_wait=(22, 11) DECISION=PROCEED (Higher precedence (58.7 vs 58.7) -> Proceed through (22, 10))
05:18:28.480 [AMR-04] STATE_TRANSITION YIELDING -> MOVING (intent=MOVE)
05:18:28.580 [AMR-04] STATE_TRANSITION MOVING -> EMERGENCY_STOP (intent=STOP)
05:18:28.580 [AMR-04] SAFETY_STOP min_obstacle_distance=1.00m <= 1.2m
05:18:28.681 [AMR-04] CONFLICT_DETECTED peer=AMR-01 type=INTERSECTION node=(22, 10) safe_wait=(22, 11) DECISION=YIELD (Lower precedence at intersection (58.3 vs 58.6) -> Safe wait at (22, 11) for AMR-01)
05:18:28.681 [AMR-04] STATE_TRANSITION EMERGENCY_STOP -> YIELDING (intent=YIELD)
05:18:28.782 [AMR-04] CONFLICT_DETECTED peer=AMR-01 type=INTERSECTION node=(22, 10) safe_wait=(22, 11) DECISION=YIELD (Lower precedence at intersection (58.5 vs 58.8) -> Safe wait at (22, 11) for AMR-01)
05:18:28.883 [AMR-04] CONFLICT_DETECTED peer=AMR-01 type=INTERSECTION node=(22, 10) safe_wait=(22, 11) DECISION=PROCEED (Higher precedence (58.8 vs 58.7) -> Proceed through (22, 10))
05:18:28.883 [AMR-04] STATE_TRANSITION YIELDING -> MOVING (intent=MOVE)
05:18:28.985 [AMR-04] STATE_TRANSITION MOVING -> EMERGENCY_STOP (intent=STOP)
05:18:28.985 [AMR-04] SAFETY_STOP min_obstacle_distance=1.01m <= 1.2m
05:18:29.086 [AMR-04] CONFLICT_DETECTED peer=AMR-01 type=INTERSECTION node=(22, 10) safe_wait=(22, 11) DECISION=PROCEED (Higher precedence (58.6 vs 58.6) -> Proceed through (22, 10))
05:18:29.086 [AMR-04] STATE_TRANSITION EMERGENCY_STOP -> MOVING (intent=MOVE)
05:18:29.187 [AMR-04] STATE_TRANSITION MOVING -> EMERGENCY_STOP (intent=STOP)
05:18:29.187 [AMR-04] SAFETY_STOP min_obstacle_distance=1.04m <= 1.2m
05:18:29.288 [AMR-04] CONFLICT_DETECTED peer=AMR-01 type=INTERSECTION node=(22, 10) safe_wait=(22, 11) DECISION=YIELD (Lower precedence at intersection (58.5 vs 58.8) -> Safe wait at (22, 11) for AMR-01)
05:18:29.288 [AMR-04] STATE_TRANSITION EMERGENCY_STOP -> YIELDING (intent=YIELD)
05:18:29.390 [AMR-04] CONFLICT_DETECTED peer=AMR-01 type=INTERSECTION node=(22, 10) safe_wait=(22, 11) DECISION=PROCEED (Higher precedence (58.7 vs 58.6) -> Proceed through (22, 10))
05:18:29.390 [AMR-04] STATE_TRANSITION YIELDING -> MOVING (intent=MOVE)
05:18:29.492 [AMR-04] STATE_TRANSITION MOVING -> EMERGENCY_STOP (intent=STOP)
05:18:29.493 [AMR-04] SAFETY_STOP min_obstacle_distance=1.10m <= 1.2m
05:18:29.593 [AMR-04] CONFLICT_DETECTED peer=AMR-01 type=INTERSECTION node=(22, 10) safe_wait=(22, 11) DECISION=YIELD (Lower precedence at intersection (58.3 vs 58.4) -> Safe wait at (22, 11) for AMR-01)
05:18:29.593 [AMR-04] STATE_TRANSITION EMERGENCY_STOP -> YIELDING (intent=YIELD)
05:18:29.693 [AMR-04] CONFLICT_DETECTED peer=AMR-01 type=INTERSECTION node=(22, 10) safe_wait=(22, 11) DECISION=YIELD (Lower precedence at intersection (58.5 vs 58.6) -> Safe wait at (22, 11) for AMR-01)
05:18:29.795 [AMR-04] CONFLICT_DETECTED peer=AMR-01 type=INTERSECTION node=(22, 10) safe_wait=(22, 11) DECISION=PROCEED (Higher precedence (58.8 vs 58.5) -> Proceed through (22, 10))
05:18:29.795 [AMR-04] STATE_TRANSITION YIELDING -> MOVING (intent=MOVE)
05:18:29.895 [AMR-04] STATE_TRANSITION MOVING -> EMERGENCY_STOP (intent=STOP)
05:18:29.895 [AMR-04] SAFETY_STOP min_obstacle_distance=1.01m <= 1.2m
05:18:29.996 [AMR-04] CONFLICT_DETECTED peer=AMR-01 type=INTERSECTION node=(22, 10) safe_wait=(22, 11) DECISION=YIELD (Lower precedence at intersection (58.6 vs 58.7) -> Safe wait at (22, 11) for AMR-01)
05:18:29.996 [AMR-04] STATE_TRANSITION EMERGENCY_STOP -> YIELDING (intent=YIELD)
05:18:30.097 [AMR-04] CONFLICT_DETECTED peer=AMR-01 type=INTERSECTION node=(22, 10) safe_wait=(22, 11) DECISION=PROCEED (Higher precedence (58.8 vs 58.6) -> Proceed through (22, 10))
05:18:30.097 [AMR-04] STATE_TRANSITION YIELDING -> MOVING (intent=MOVE)
05:18:30.197 [AMR-04] STATE_TRANSITION MOVING -> EMERGENCY_STOP (intent=STOP)
05:18:30.197 [AMR-04] SAFETY_STOP min_obstacle_distance=1.04m <= 1.2m
05:18:30.298 [AMR-04] CONFLICT_DETECTED peer=AMR-01 type=INTERSECTION node=(22, 10) safe_wait=(22, 11) DECISION=YIELD (Lower precedence at intersection (58.7 vs 58.8) -> Safe wait at (22, 11) for AMR-01)
05:18:30.298 [AMR-04] STATE_TRANSITION EMERGENCY_STOP -> YIELDING (intent=YIELD)
05:18:30.399 [AMR-04] CONFLICT_DETECTED peer=AMR-01 type=INTERSECTION node=(22, 10) safe_wait=(22, 11) DECISION=PROCEED (Higher precedence (58.9 vs 58.8) -> Proceed through (22, 10))
05:18:30.399 [AMR-04] STATE_TRANSITION YIELDING -> MOVING (intent=MOVE)
05:18:30.498 [AMR-04] STATE_TRANSITION MOVING -> EMERGENCY_STOP (intent=STOP)
05:18:30.498 [AMR-04] SAFETY_STOP min_obstacle_distance=1.00m <= 1.2m
05:18:30.599 [AMR-04] CONFLICT_DETECTED peer=AMR-01 type=INTERSECTION node=(22, 10) safe_wait=(22, 11) DECISION=PROCEED (Higher precedence (58.5 vs 58.4) -> Proceed through (22, 10))
05:18:30.599 [AMR-04] STATE_TRANSITION EMERGENCY_STOP -> MOVING (intent=MOVE)
05:18:30.700 [AMR-04] STATE_TRANSITION MOVING -> EMERGENCY_STOP (intent=STOP)
05:18:30.700 [AMR-04] SAFETY_STOP min_obstacle_distance=1.01m <= 1.2m
05:18:30.801 [AMR-04] CONFLICT_DETECTED peer=AMR-01 type=INTERSECTION node=(22, 10) safe_wait=(22, 11) DECISION=YIELD (Lower precedence at intersection (58.4 vs 58.5) -> Safe wait at (22, 11) for AMR-01)
05:18:30.801 [AMR-04] STATE_TRANSITION EMERGENCY_STOP -> YIELDING (intent=YIELD)
05:18:30.902 [AMR-04] CONFLICT_DETECTED peer=AMR-01 type=INTERSECTION node=(22, 10) safe_wait=(22, 11) DECISION=PROCEED (Higher precedence (58.6 vs 58.5) -> Proceed through (22, 10))
05:18:30.902 [AMR-04] STATE_TRANSITION YIELDING -> MOVING (intent=MOVE)
05:18:31.003 [AMR-04] STATE_TRANSITION MOVING -> EMERGENCY_STOP (intent=STOP)
05:18:31.003 [AMR-04] SAFETY_STOP min_obstacle_distance=1.04m <= 1.2m
05:18:31.103 [AMR-04] CONFLICT_DETECTED peer=AMR-01 type=INTERSECTION node=(22, 10) safe_wait=(22, 11) DECISION=YIELD (Lower precedence at intersection (58.5 vs 58.6) -> Safe wait at (22, 11) for AMR-01)
05:18:31.104 [AMR-04] STATE_TRANSITION EMERGENCY_STOP -> YIELDING (intent=YIELD)
05:18:31.206 [AMR-04] CONFLICT_DETECTED peer=AMR-01 type=INTERSECTION node=(22, 10) safe_wait=(22, 11) DECISION=YIELD (Lower precedence at intersection (58.7 vs 58.8) -> Safe wait at (22, 11) for AMR-01)
05:18:31.306 [AMR-04] CONFLICT_DETECTED peer=AMR-01 type=INTERSECTION node=(22, 10) safe_wait=(22, 11) DECISION=PROCEED (Higher precedence (58.9 vs 58.6) -> Proceed through (22, 10))
05:18:31.306 [AMR-04] STATE_TRANSITION YIELDING -> MOVING (intent=MOVE)
05:18:31.408 [AMR-04] STATE_TRANSITION MOVING -> EMERGENCY_STOP (intent=STOP)
05:18:31.408 [AMR-04] SAFETY_STOP min_obstacle_distance=1.10m <= 1.2m
05:18:31.511 [AMR-04] CONFLICT_DETECTED peer=AMR-01 type=INTERSECTION node=(22, 10) safe_wait=(22, 11) DECISION=YIELD (Lower precedence at intersection (58.8 vs 58.8) -> Safe wait at (22, 11) for AMR-01)
05:18:31.511 [AMR-04] STATE_TRANSITION EMERGENCY_STOP -> YIELDING (intent=YIELD)
05:18:31.609 [AMR-04] CONFLICT_DETECTED peer=AMR-01 type=INTERSECTION node=(22, 10) safe_wait=(22, 11) DECISION=YIELD (Lower precedence at intersection (58.8 vs 59.0) -> Safe wait at (22, 11) for AMR-01)
05:18:31.710 [AMR-04] CONFLICT_DETECTED peer=AMR-01 type=INTERSECTION node=(22, 10) safe_wait=(22, 11) DECISION=PROCEED (Higher precedence (59.0 vs 58.6) -> Proceed through (22, 10))
05:18:31.711 [AMR-04] STATE_TRANSITION YIELDING -> MOVING (intent=MOVE)
05:18:31.812 [AMR-04] STATE_TRANSITION MOVING -> EMERGENCY_STOP (intent=STOP)
05:18:31.813 [AMR-04] SAFETY_STOP min_obstacle_distance=1.01m <= 1.2m
05:18:31.913 [AMR-04] CONFLICT_DETECTED peer=AMR-01 type=INTERSECTION node=(22, 10) safe_wait=(22, 11) DECISION=PROCEED (Higher precedence (58.8 vs 58.8) -> Proceed through (22, 10))
05:18:31.913 [AMR-04] STATE_TRANSITION EMERGENCY_STOP -> MOVING (intent=MOVE)
05:18:32.014 [AMR-04] STATE_TRANSITION MOVING -> EMERGENCY_STOP (intent=STOP)
05:18:32.014 [AMR-04] SAFETY_STOP min_obstacle_distance=1.04m <= 1.2m
05:18:32.115 [AMR-04] CONFLICT_DETECTED peer=AMR-01 type=INTERSECTION node=(22, 10) safe_wait=(22, 11) DECISION=YIELD (Lower precedence at intersection (58.7 vs 58.9) -> Safe wait at (22, 11) for AMR-01)
05:18:32.115 [AMR-04] STATE_TRANSITION EMERGENCY_STOP -> YIELDING (intent=YIELD)
05:18:32.217 [AMR-04] CONFLICT_DETECTED peer=AMR-01 type=INTERSECTION node=(22, 10) safe_wait=(22, 11) DECISION=PROCEED (Higher precedence (58.9 vs 58.9) -> Proceed through (22, 10))
05:18:32.217 [AMR-04] STATE_TRANSITION YIELDING -> MOVING (intent=MOVE)
05:18:32.318 [AMR-04] STATE_TRANSITION MOVING -> EMERGENCY_STOP (intent=STOP)
05:18:32.318 [AMR-04] SAFETY_STOP min_obstacle_distance=1.10m <= 1.2m
05:18:32.420 [AMR-04] CONFLICT_DETECTED peer=AMR-01 type=INTERSECTION node=(22, 10) safe_wait=(22, 11) DECISION=PROCEED (Higher precedence (58.8 vs 58.8) -> Proceed through (22, 10))
05:18:32.420 [AMR-04] STATE_TRANSITION EMERGENCY_STOP -> MOVING (intent=MOVE)
05:18:32.521 [AMR-04] STATE_TRANSITION MOVING -> EMERGENCY_STOP (intent=STOP)
05:18:32.521 [AMR-04] SAFETY_STOP min_obstacle_distance=1.00m <= 1.2m
05:18:32.621 [AMR-04] CONFLICT_DETECTED peer=AMR-01 type=INTERSECTION node=(22, 10) safe_wait=(22, 11) DECISION=YIELD (Lower precedence at intersection (58.3 vs 58.6) -> Safe wait at (22, 11) for AMR-01)
05:18:32.622 [AMR-04] STATE_TRANSITION EMERGENCY_STOP -> YIELDING (intent=YIELD)
05:18:32.723 [AMR-04] CONFLICT_DETECTED peer=AMR-01 type=INTERSECTION node=(22, 10) safe_wait=(22, 11) DECISION=YIELD (Lower precedence at intersection (58.5 vs 58.6) -> Safe wait at (22, 11) for AMR-01)
05:18:32.824 [AMR-04] CONFLICT_DETECTED peer=AMR-01 type=INTERSECTION node=(22, 10) safe_wait=(22, 11) DECISION=PROCEED (Higher precedence (58.8 vs 58.5) -> Proceed through (22, 10))
05:18:32.824 [AMR-04] STATE_TRANSITION YIELDING -> MOVING (intent=MOVE)
05:18:32.925 [AMR-04] STATE_TRANSITION MOVING -> EMERGENCY_STOP (intent=STOP)
05:18:32.925 [AMR-04] SAFETY_STOP min_obstacle_distance=1.01m <= 1.2m
05:18:33.026 [AMR-04] CONFLICT_DETECTED peer=AMR-01 type=INTERSECTION node=(22, 10) safe_wait=(22, 11) DECISION=YIELD (Lower precedence at intersection (58.6 vs 58.7) -> Safe wait at (22, 11) for AMR-01)
05:18:33.026 [AMR-04] STATE_TRANSITION EMERGENCY_STOP -> YIELDING (intent=YIELD)
05:18:33.127 [AMR-04] CONFLICT_DETECTED peer=AMR-01 type=INTERSECTION node=(22, 10) safe_wait=(22, 11) DECISION=YIELD (Lower precedence at intersection (58.8 vs 58.9) -> Safe wait at (22, 11) for AMR-01)
05:18:33.228 [AMR-04] CONFLICT_DETECTED peer=AMR-01 type=INTERSECTION node=(22, 10) safe_wait=(22, 11) DECISION=PROCEED (Higher precedence (59.0 vs 58.8) -> Proceed through (22, 10))
05:18:33.228 [AMR-04] STATE_TRANSITION YIELDING -> MOVING (intent=MOVE)
05:18:33.329 [AMR-04] STATE_TRANSITION MOVING -> EMERGENCY_STOP (intent=STOP)
05:18:33.329 [AMR-04] SAFETY_STOP min_obstacle_distance=1.04m <= 1.2m
05:18:33.430 [AMR-04] CONFLICT_DETECTED peer=AMR-01 type=INTERSECTION node=(22, 10) safe_wait=(22, 11) DECISION=YIELD (Lower precedence at intersection (58.9 vs 59.0) -> Safe wait at (22, 11) for AMR-01)
05:18:33.430 [AMR-04] STATE_TRANSITION EMERGENCY_STOP -> YIELDING (intent=YIELD)
05:18:33.531 [AMR-04] CONFLICT_DETECTED peer=AMR-01 type=INTERSECTION node=(22, 10) safe_wait=(22, 11) DECISION=PROCEED (Higher precedence (59.5 vs 59.2) -> Proceed through (22, 10))
05:18:33.531 [AMR-04] STATE_TRANSITION YIELDING -> MOVING (intent=MOVE)
05:18:33.632 [AMR-04] CONFLICT_DETECTED peer=AMR-01 type=INTERSECTION node=(22, 10) safe_wait=(22, 11) DECISION=PROCEED (Higher precedence (59.3 vs 58.8) -> Proceed through (22, 10))
05:18:33.733 [AMR-04] CONFLICT_DETECTED peer=AMR-01 type=INTERSECTION node=(22, 10) safe_wait=(22, 11) DECISION=PROCEED (Higher precedence (59.2 vs 58.8) -> Proceed through (22, 10))
05:18:33.834 [AMR-04] STATE_TRANSITION MOVING -> EMERGENCY_STOP (intent=STOP)
05:18:33.834 [AMR-04] SAFETY_STOP min_obstacle_distance=1.14m <= 1.2m
05:18:33.937 [AMR-04] CONFLICT_DETECTED peer=AMR-01 type=INTERSECTION node=(22, 10) safe_wait=(22, 11) DECISION=YIELD (Lower precedence at intersection (59.1 vs 59.2) -> Safe wait at (22, 11) for AMR-01)
05:18:33.938 [AMR-04] STATE_TRANSITION EMERGENCY_STOP -> YIELDING (intent=YIELD)
05:18:34.037 [AMR-04] CONFLICT_DETECTED peer=AMR-01 type=INTERSECTION node=(22, 10) safe_wait=(22, 11) DECISION=PROCEED (Higher precedence (59.3 vs 59.1) -> Proceed through (22, 10))
05:18:34.037 [AMR-04] STATE_TRANSITION YIELDING -> MOVING (intent=MOVE)
05:18:34.138 [AMR-04] STATE_TRANSITION MOVING -> EMERGENCY_STOP (intent=STOP)
05:18:34.138 [AMR-04] SAFETY_STOP min_obstacle_distance=1.08m <= 1.2m
05:18:34.240 [AMR-04] CONFLICT_DETECTED peer=AMR-01 type=INTERSECTION node=(22, 10) safe_wait=(22, 11) DECISION=PROCEED (Higher precedence (59.1 vs 59.0) -> Proceed through (22, 10))
05:18:34.240 [AMR-04] STATE_TRANSITION EMERGENCY_STOP -> MOVING (intent=MOVE)
05:18:34.341 [AMR-04] STATE_TRANSITION MOVING -> EMERGENCY_STOP (intent=STOP)
05:18:34.341 [AMR-04] SAFETY_STOP min_obstacle_distance=1.03m <= 1.2m
05:18:34.443 [AMR-04] CONFLICT_DETECTED peer=AMR-01 type=INTERSECTION node=(22, 10) safe_wait=(22, 11) DECISION=YIELD (Lower precedence at intersection (59.0 vs 59.2) -> Safe wait at (22, 11) for AMR-01)
05:18:34.443 [AMR-04] STATE_TRANSITION EMERGENCY_STOP -> YIELDING (intent=YIELD)
05:18:34.543 [AMR-04] CONFLICT_DETECTED peer=AMR-01 type=INTERSECTION node=(22, 10) safe_wait=(22, 11) DECISION=YIELD (Lower precedence at intersection (58.9 vs 59.0) -> Safe wait at (22, 11) for AMR-01)
05:18:34.643 [AMR-04] CONFLICT_DETECTED peer=AMR-01 type=INTERSECTION node=(22, 10) safe_wait=(22, 11) DECISION=PROCEED (Higher precedence (59.0 vs 58.8) -> Proceed through (22, 10))
05:18:34.644 [AMR-04] STATE_TRANSITION YIELDING -> MOVING (intent=MOVE)
05:18:34.744 [AMR-04] CONFLICT_DETECTED peer=AMR-01 type=INTERSECTION node=(22, 10) safe_wait=(22, 11) DECISION=YIELD (Lower precedence at intersection (58.9 vs 59.0) -> Safe wait at (22, 11) for AMR-01)
05:18:34.745 [AMR-04] STATE_TRANSITION MOVING -> YIELDING (intent=YIELD)
05:18:34.845 [AMR-04] CONFLICT_DETECTED peer=AMR-01 type=INTERSECTION node=(22, 10) safe_wait=(22, 11) DECISION=YIELD (Lower precedence at intersection (59.1 vs 59.2) -> Safe wait at (22, 11) for AMR-01)
05:18:34.945 [AMR-04] CONFLICT_DETECTED peer=AMR-01 type=INTERSECTION node=(22, 10) safe_wait=(22, 11) DECISION=PROCEED (Higher precedence (59.3 vs 59.1) -> Proceed through (22, 10))
05:18:34.946 [AMR-04] STATE_TRANSITION YIELDING -> MOVING (intent=MOVE)
05:18:35.046 [AMR-04] CONFLICT_DETECTED peer=AMR-01 type=INTERSECTION node=(22, 10) safe_wait=(22, 11) DECISION=PROCEED (Higher precedence (59.2 vs 59.1) -> Proceed through (22, 10))
05:18:35.147 [AMR-04] STATE_TRANSITION MOVING -> EMERGENCY_STOP (intent=STOP)
05:18:35.147 [AMR-04] SAFETY_STOP min_obstacle_distance=1.14m <= 1.2m
05:18:35.248 [AMR-04] CONFLICT_DETECTED peer=AMR-01 type=INTERSECTION node=(22, 10) safe_wait=(22, 11) DECISION=YIELD (Lower precedence at intersection (59.1 vs 59.2) -> Safe wait at (22, 11) for AMR-01)
05:18:35.248 [AMR-04] STATE_TRANSITION EMERGENCY_STOP -> YIELDING (intent=YIELD)
05:18:35.348 [AMR-04] CONFLICT_DETECTED peer=AMR-01 type=INTERSECTION node=(22, 10) safe_wait=(22, 11) DECISION=PROCEED (Higher precedence (59.3 vs 59.2) -> Proceed through (22, 10))
05:18:35.348 [AMR-04] STATE_TRANSITION YIELDING -> MOVING (intent=MOVE)
05:18:35.448 [AMR-04] STATE_TRANSITION MOVING -> EMERGENCY_STOP (intent=STOP)
05:18:35.448 [AMR-04] SAFETY_STOP min_obstacle_distance=1.08m <= 1.2m
05:18:35.549 [AMR-04] CONFLICT_DETECTED peer=AMR-01 type=INTERSECTION node=(22, 10) safe_wait=(22, 11) DECISION=YIELD (Lower precedence at intersection (58.9 vs 59.0) -> Safe wait at (22, 11) for AMR-01)
05:18:35.549 [AMR-04] STATE_TRANSITION EMERGENCY_STOP -> YIELDING (intent=YIELD)
05:18:35.649 [AMR-04] CONFLICT_DETECTED peer=AMR-01 type=INTERSECTION node=(22, 10) safe_wait=(22, 11) DECISION=PROCEED (Higher precedence (59.0 vs 59.0) -> Proceed through (22, 10))
05:18:35.649 [AMR-04] STATE_TRANSITION YIELDING -> MOVING (intent=MOVE)
05:18:35.750 [AMR-04] CONFLICT_DETECTED peer=AMR-01 type=INTERSECTION node=(22, 10) safe_wait=(22, 11) DECISION=YIELD (Lower precedence at intersection (58.9 vs 59.2) -> Safe wait at (22, 11) for AMR-01)
05:18:35.750 [AMR-04] STATE_TRANSITION MOVING -> YIELDING (intent=YIELD)
05:18:35.851 [AMR-04] CONFLICT_DETECTED peer=AMR-01 type=INTERSECTION node=(22, 10) safe_wait=(22, 11) DECISION=PROCEED (Higher precedence (59.1 vs 59.1) -> Proceed through (22, 10))
05:18:35.851 [AMR-04] STATE_TRANSITION YIELDING -> MOVING (intent=MOVE)
05:18:35.952 [AMR-04] CONFLICT_DETECTED peer=AMR-01 type=INTERSECTION node=(22, 10) safe_wait=(22, 11) DECISION=YIELD (Lower precedence at intersection (59.0 vs 59.1) -> Safe wait at (22, 11) for AMR-01)
05:18:35.952 [AMR-04] STATE_TRANSITION MOVING -> YIELDING (intent=YIELD)
05:18:36.054 [AMR-04] CONFLICT_DETECTED peer=AMR-01 type=INTERSECTION node=(22, 10) safe_wait=(22, 11) DECISION=PROCEED (Higher precedence (59.2 vs 59.0) -> Proceed through (22, 10))
05:18:36.054 [AMR-04] STATE_TRANSITION YIELDING -> MOVING (intent=MOVE)
05:18:36.154 [AMR-04] STATE_TRANSITION MOVING -> EMERGENCY_STOP (intent=STOP)
05:18:36.154 [AMR-04] SAFETY_STOP min_obstacle_distance=1.14m <= 1.2m
05:18:36.255 [AMR-04] CONFLICT_DETECTED peer=AMR-01 type=INTERSECTION node=(22, 10) safe_wait=(22, 11) DECISION=YIELD (Lower precedence at intersection (59.1 vs 59.2) -> Safe wait at (22, 11) for AMR-01)
05:18:36.255 [AMR-04] STATE_TRANSITION EMERGENCY_STOP -> YIELDING (intent=YIELD)
05:18:36.356 [AMR-04] CONFLICT_DETECTED peer=AMR-01 type=INTERSECTION node=(22, 10) safe_wait=(22, 11) DECISION=YIELD (Lower precedence at intersection (59.3 vs 59.4) -> Safe wait at (22, 11) for AMR-01)
05:18:36.458 [AMR-04] CONFLICT_DETECTED peer=AMR-01 type=INTERSECTION node=(22, 10) safe_wait=(22, 11) DECISION=PROCEED (Higher precedence (59.5 vs 59.2) -> Proceed through (22, 10))
05:18:36.458 [AMR-04] STATE_TRANSITION YIELDING -> MOVING (intent=MOVE)
05:18:36.558 [AMR-04] CONFLICT_DETECTED peer=AMR-01 type=INTERSECTION node=(22, 10) safe_wait=(22, 11) DECISION=YIELD (Lower precedence at intersection (59.0 vs 59.2) -> Safe wait at (22, 11) for AMR-01)
05:18:36.558 [AMR-04] STATE_TRANSITION MOVING -> YIELDING (intent=YIELD)
05:18:36.659 [AMR-04] CONFLICT_DETECTED peer=AMR-01 type=INTERSECTION node=(22, 10) safe_wait=(22, 11) DECISION=PROCEED (Higher precedence (59.2 vs 59.2) -> Proceed through (22, 10))
05:18:36.660 [AMR-04] STATE_TRANSITION YIELDING -> MOVING (intent=MOVE)
05:18:36.761 [AMR-04] CONFLICT_DETECTED peer=AMR-01 type=INTERSECTION node=(22, 10) safe_wait=(22, 11) DECISION=YIELD (Lower precedence at intersection (59.1 vs 59.4) -> Safe wait at (22, 11) for AMR-01)
05:18:36.761 [AMR-04] STATE_TRANSITION MOVING -> YIELDING (intent=YIELD)
05:18:36.862 [AMR-04] CONFLICT_DETECTED peer=AMR-01 type=INTERSECTION node=(22, 10) safe_wait=(22, 11) DECISION=PROCEED (Higher precedence (59.3 vs 59.3) -> Proceed through (22, 10))
05:18:36.862 [AMR-04] STATE_TRANSITION YIELDING -> MOVING (intent=MOVE)
05:18:36.964 [AMR-04] CONFLICT_DETECTED peer=AMR-01 type=INTERSECTION node=(22, 10) safe_wait=(22, 11) DECISION=YIELD (Lower precedence at intersection (59.2 vs 59.3) -> Safe wait at (22, 11) for AMR-01)
05:18:36.964 [AMR-04] STATE_TRANSITION MOVING -> YIELDING (intent=YIELD)
05:18:37.065 [AMR-04] CONFLICT_DETECTED peer=AMR-01 type=INTERSECTION node=(22, 10) safe_wait=(22, 11) DECISION=PROCEED (Higher precedence (59.4 vs 59.2) -> Proceed through (22, 10))
05:18:37.066 [AMR-04] STATE_TRANSITION YIELDING -> MOVING (intent=MOVE)
05:18:37.165 [AMR-04] STATE_TRANSITION MOVING -> EMERGENCY_STOP (intent=STOP)
05:18:37.166 [AMR-04] SAFETY_STOP min_obstacle_distance=1.14m <= 1.2m
05:18:37.266 [AMR-04] CONFLICT_DETECTED peer=AMR-01 type=INTERSECTION node=(22, 10) safe_wait=(22, 11) DECISION=YIELD (Lower precedence at intersection (59.3 vs 59.4) -> Safe wait at (22, 11) for AMR-01)
05:18:37.267 [AMR-04] STATE_TRANSITION EMERGENCY_STOP -> YIELDING (intent=YIELD)
05:18:37.368 [AMR-04] CONFLICT_DETECTED peer=AMR-01 type=INTERSECTION node=(22, 10) safe_wait=(22, 11) DECISION=YIELD (Lower precedence at intersection (59.5 vs 59.6) -> Safe wait at (22, 11) for AMR-01)
05:18:37.470 [AMR-04] CONFLICT_DETECTED peer=AMR-01 type=INTERSECTION node=(22, 10) safe_wait=(22, 11) DECISION=PROCEED (Higher precedence (59.7 vs 59.4) -> Proceed through (22, 10))
05:18:37.470 [AMR-04] STATE_TRANSITION YIELDING -> MOVING (intent=MOVE)
05:18:37.570 [AMR-04] CONFLICT_DETECTED peer=AMR-01 type=INTERSECTION node=(22, 10) safe_wait=(22, 11) DECISION=YIELD (Lower precedence at intersection (59.2 vs 59.4) -> Safe wait at (22, 11) for AMR-01)
05:18:37.570 [AMR-04] STATE_TRANSITION MOVING -> YIELDING (intent=YIELD)
05:18:37.672 [AMR-04] CONFLICT_DETECTED peer=AMR-01 type=INTERSECTION node=(22, 10) safe_wait=(22, 11) DECISION=PROCEED (Higher precedence (59.5 vs 59.4) -> Proceed through (22, 10))
05:18:37.673 [AMR-04] STATE_TRANSITION YIELDING -> MOVING (intent=MOVE)
05:18:37.773 [AMR-04] CONFLICT_DETECTED peer=AMR-01 type=INTERSECTION node=(22, 10) safe_wait=(22, 11) DECISION=YIELD (Lower precedence at intersection (59.3 vs 59.6) -> Safe wait at (22, 11) for AMR-01)
05:18:37.774 [AMR-04] STATE_TRANSITION MOVING -> YIELDING (intent=YIELD)
05:18:37.875 [AMR-04] CONFLICT_DETECTED peer=AMR-01 type=INTERSECTION node=(22, 10) safe_wait=(22, 11) DECISION=PROCEED (Higher precedence (59.5 vs 59.5) -> Proceed through (22, 10))
05:18:37.875 [AMR-04] STATE_TRANSITION YIELDING -> MOVING (intent=MOVE)
05:18:37.977 [AMR-04] CONFLICT_DETECTED peer=AMR-01 type=INTERSECTION node=(22, 10) safe_wait=(22, 11) DECISION=YIELD (Lower precedence at intersection (59.4 vs 59.5) -> Safe wait at (22, 11) for AMR-01)
05:18:37.977 [AMR-04] STATE_TRANSITION MOVING -> YIELDING (intent=YIELD)
05:18:38.078 [AMR-04] CONFLICT_DETECTED peer=AMR-01 type=INTERSECTION node=(22, 10) safe_wait=(22, 11) DECISION=PROCEED (Higher precedence (59.6 vs 59.4) -> Proceed through (22, 10))
05:18:38.079 [AMR-04] STATE_TRANSITION YIELDING -> MOVING (intent=MOVE)
05:18:38.179 [AMR-04] STATE_TRANSITION MOVING -> EMERGENCY_STOP (intent=STOP)
05:18:38.179 [AMR-04] SAFETY_STOP min_obstacle_distance=1.14m <= 1.2m
05:18:38.281 [AMR-04] CONFLICT_DETECTED peer=AMR-01 type=INTERSECTION node=(22, 10) safe_wait=(22, 11) DECISION=YIELD (Lower precedence at intersection (59.5 vs 59.6) -> Safe wait at (22, 11) for AMR-01)
05:18:38.281 [AMR-04] STATE_TRANSITION EMERGENCY_STOP -> YIELDING (intent=YIELD)
05:18:38.383 [AMR-04] CONFLICT_DETECTED peer=AMR-01 type=INTERSECTION node=(22, 10) safe_wait=(22, 11) DECISION=YIELD (Lower precedence at intersection (59.7 vs 59.8) -> Safe wait at (22, 11) for AMR-01)
05:18:38.485 [AMR-04] CONFLICT_DETECTED peer=AMR-01 type=INTERSECTION node=(22, 10) safe_wait=(22, 11) DECISION=PROCEED (Higher precedence (59.9 vs 59.6) -> Proceed through (22, 10))
05:18:38.485 [AMR-04] STATE_TRANSITION YIELDING -> MOVING (intent=MOVE)
05:18:38.585 [AMR-04] CONFLICT_DETECTED peer=AMR-01 type=INTERSECTION node=(22, 10) safe_wait=(22, 11) DECISION=YIELD (Lower precedence at intersection (59.5 vs 59.6) -> Safe wait at (22, 11) for AMR-01)
05:18:38.585 [AMR-04] STATE_TRANSITION MOVING -> YIELDING (intent=YIELD)
05:18:38.685 [AMR-04] CONFLICT_DETECTED peer=AMR-01 type=INTERSECTION node=(22, 10) safe_wait=(22, 11) DECISION=PROCEED (Higher precedence (59.6 vs 59.6) -> Proceed through (22, 10))
05:18:38.685 [AMR-04] STATE_TRANSITION YIELDING -> MOVING (intent=MOVE)
05:18:38.787 [AMR-04] CONFLICT_DETECTED peer=AMR-01 type=INTERSECTION node=(22, 10) safe_wait=(22, 11) DECISION=YIELD (Lower precedence at intersection (59.5 vs 59.8) -> Safe wait at (22, 11) for AMR-01)
05:18:38.787 [AMR-04] STATE_TRANSITION MOVING -> YIELDING (intent=YIELD)
05:18:38.888 [AMR-04] CONFLICT_DETECTED peer=AMR-01 type=INTERSECTION node=(22, 10) safe_wait=(22, 11) DECISION=PROCEED (Higher precedence (59.7 vs 59.7) -> Proceed through (22, 10))
05:18:38.888 [AMR-04] STATE_TRANSITION YIELDING -> MOVING (intent=MOVE)
05:18:38.989 [AMR-04] CONFLICT_DETECTED peer=AMR-01 type=INTERSECTION node=(22, 10) safe_wait=(22, 11) DECISION=YIELD (Lower precedence at intersection (59.6 vs 59.7) -> Safe wait at (22, 11) for AMR-01)
05:18:38.989 [AMR-04] STATE_TRANSITION MOVING -> YIELDING (intent=YIELD)
05:18:39.090 [AMR-04] CONFLICT_DETECTED peer=AMR-01 type=INTERSECTION node=(22, 10) safe_wait=(22, 11) DECISION=PROCEED (Higher precedence (59.8 vs 59.6) -> Proceed through (22, 10))
05:18:39.090 [AMR-04] STATE_TRANSITION YIELDING -> MOVING (intent=MOVE)
05:18:39.191 [AMR-04] STATE_TRANSITION MOVING -> EMERGENCY_STOP (intent=STOP)
05:18:39.191 [AMR-04] SAFETY_STOP min_obstacle_distance=1.14m <= 1.2m
05:18:39.293 [AMR-04] CONFLICT_DETECTED peer=AMR-01 type=INTERSECTION node=(22, 10) safe_wait=(22, 11) DECISION=YIELD (Lower precedence at intersection (59.7 vs 59.8) -> Safe wait at (22, 11) for AMR-01)
05:18:39.293 [AMR-04] STATE_TRANSITION EMERGENCY_STOP -> YIELDING (intent=YIELD)
05:18:39.394 [AMR-04] CONFLICT_DETECTED peer=AMR-01 type=INTERSECTION node=(22, 10) safe_wait=(22, 11) DECISION=YIELD (Lower precedence at intersection (59.9 vs 60.0) -> Safe wait at (22, 11) for AMR-01)
05:18:39.496 [AMR-04] CONFLICT_DETECTED peer=AMR-01 type=INTERSECTION node=(22, 10) safe_wait=(22, 11) DECISION=PROCEED (Higher precedence (60.1 vs 59.8) -> Proceed through (22, 10))
05:18:39.497 [AMR-04] STATE_TRANSITION YIELDING -> MOVING (intent=MOVE)
05:18:39.597 [AMR-04] CONFLICT_DETECTED peer=AMR-01 type=INTERSECTION node=(22, 10) safe_wait=(22, 11) DECISION=YIELD (Lower precedence at intersection (59.6 vs 59.8) -> Safe wait at (22, 11) for AMR-01)
05:18:39.597 [AMR-04] STATE_TRANSITION MOVING -> YIELDING (intent=YIELD)
05:18:39.697 [AMR-04] CONFLICT_DETECTED peer=AMR-01 type=INTERSECTION node=(22, 10) safe_wait=(22, 11) DECISION=PROCEED (Higher precedence (59.9 vs 59.8) -> Proceed through (22, 10))
05:18:39.697 [AMR-04] STATE_TRANSITION YIELDING -> MOVING (intent=MOVE)
05:18:39.798 [AMR-04] CONFLICT_DETECTED peer=AMR-01 type=INTERSECTION node=(22, 10) safe_wait=(22, 11) DECISION=YIELD (Lower precedence at intersection (59.7 vs 60.0) -> Safe wait at (22, 11) for AMR-01)
05:18:39.798 [AMR-04] STATE_TRANSITION MOVING -> YIELDING (intent=YIELD)
05:18:39.898 [AMR-04] CONFLICT_DETECTED peer=AMR-01 type=INTERSECTION node=(22, 10) safe_wait=(22, 11) DECISION=PROCEED (Higher precedence (59.9 vs 59.9) -> Proceed through (22, 10))
05:18:39.898 [AMR-04] STATE_TRANSITION YIELDING -> MOVING (intent=MOVE)
05:18:39.998 [AMR-04] CONFLICT_DETECTED peer=AMR-01 type=INTERSECTION node=(22, 10) safe_wait=(22, 11) DECISION=YIELD (Lower precedence at intersection (59.8 vs 59.9) -> Safe wait at (22, 11) for AMR-01)
05:18:39.999 [AMR-04] STATE_TRANSITION MOVING -> YIELDING (intent=YIELD)
05:18:40.100 [AMR-04] CONFLICT_DETECTED peer=AMR-01 type=INTERSECTION node=(22, 10) safe_wait=(22, 11) DECISION=PROCEED (Higher precedence (60.0 vs 59.8) -> Proceed through (22, 10))
05:18:40.100 [AMR-04] STATE_TRANSITION YIELDING -> MOVING (intent=MOVE)
05:18:40.200 [AMR-04] STATE_TRANSITION MOVING -> EMERGENCY_STOP (intent=STOP)
05:18:40.200 [AMR-04] SAFETY_STOP min_obstacle_distance=1.14m <= 1.2m
05:18:40.300 [AMR-04] CONFLICT_DETECTED peer=AMR-01 type=INTERSECTION node=(22, 10) safe_wait=(22, 11) DECISION=YIELD (Lower precedence at intersection (59.9 vs 60.0) -> Safe wait at (22, 11) for AMR-01)
05:18:40.300 [AMR-04] STATE_TRANSITION EMERGENCY_STOP -> YIELDING (intent=YIELD)
05:18:40.402 [AMR-04] CONFLICT_DETECTED peer=AMR-01 type=INTERSECTION node=(22, 10) safe_wait=(22, 11) DECISION=YIELD (Lower precedence at intersection (60.1 vs 60.2) -> Safe wait at (22, 11) for AMR-01)
05:18:40.502 [AMR-04] CONFLICT_DETECTED peer=AMR-01 type=INTERSECTION node=(22, 10) safe_wait=(22, 11) DECISION=PROCEED (Higher precedence (60.1 vs 60.0) -> Proceed through (22, 10))
05:18:40.502 [AMR-04] STATE_TRANSITION YIELDING -> MOVING (intent=MOVE)
05:18:40.603 [AMR-04] CONFLICT_DETECTED peer=AMR-01 type=INTERSECTION node=(22, 10) safe_wait=(22, 11) DECISION=PROCEED (Higher precedence (59.9 vs 59.8) -> Proceed through (22, 10))
05:18:40.704 [AMR-04] CONFLICT_DETECTED peer=AMR-01 type=INTERSECTION node=(22, 10) safe_wait=(22, 11) DECISION=YIELD (Lower precedence at intersection (59.8 vs 60.0) -> Safe wait at (22, 11) for AMR-01)
05:18:40.704 [AMR-04] STATE_TRANSITION MOVING -> YIELDING (intent=YIELD)
05:18:40.806 [AMR-04] CONFLICT_DETECTED peer=AMR-01 type=INTERSECTION node=(22, 10) safe_wait=(22, 11) DECISION=YIELD (Lower precedence at intersection (60.0 vs 60.2) -> Safe wait at (22, 11) for AMR-01)
05:18:40.908 [AMR-04] CONFLICT_DETECTED peer=AMR-01 type=INTERSECTION node=(22, 10) safe_wait=(22, 11) DECISION=PROCEED (Higher precedence (60.2 vs 60.1) -> Proceed through (22, 10))
05:18:40.908 [AMR-04] STATE_TRANSITION YIELDING -> MOVING (intent=MOVE)
05:18:41.008 [AMR-04] STATE_TRANSITION MOVING -> EMERGENCY_STOP (intent=STOP)
05:18:41.008 [AMR-04] SAFETY_STOP min_obstacle_distance=1.14m <= 1.2m
05:18:41.109 [AMR-04] CONFLICT_DETECTED peer=AMR-01 type=INTERSECTION node=(22, 10) safe_wait=(22, 11) DECISION=PROCEED (Higher precedence (60.1 vs 60.0) -> Proceed through (22, 10))
05:18:41.109 [AMR-04] STATE_TRANSITION EMERGENCY_STOP -> MOVING (intent=MOVE)
05:18:41.211 [AMR-04] STATE_TRANSITION MOVING -> EMERGENCY_STOP (intent=STOP)
05:18:41.211 [AMR-04] SAFETY_STOP min_obstacle_distance=1.07m <= 1.2m
05:18:41.312 [AMR-04] CONFLICT_DETECTED peer=AMR-01 type=INTERSECTION node=(22, 10) safe_wait=(22, 11) DECISION=YIELD (Lower precedence at intersection (60.0 vs 60.2) -> Safe wait at (22, 11) for AMR-01)
05:18:41.312 [AMR-04] STATE_TRANSITION EMERGENCY_STOP -> YIELDING (intent=YIELD)
05:18:41.412 [AMR-04] CONFLICT_DETECTED peer=AMR-01 type=INTERSECTION node=(22, 10) safe_wait=(22, 11) DECISION=PROCEED (Higher precedence (60.2 vs 60.0) -> Proceed through (22, 10))
05:18:41.412 [AMR-04] STATE_TRANSITION YIELDING -> MOVING (intent=MOVE)
05:18:41.513 [AMR-04] STATE_TRANSITION MOVING -> EMERGENCY_STOP (intent=STOP)
05:18:41.514 [AMR-04] SAFETY_STOP min_obstacle_distance=1.00m <= 1.2m
05:18:41.613 [AMR-04] CONFLICT_DETECTED peer=AMR-01 type=INTERSECTION node=(22, 10) safe_wait=(22, 11) DECISION=PROCEED (Higher precedence (60.1 vs 60.1) -> Proceed through (22, 10))
05:18:41.613 [AMR-04] STATE_TRANSITION EMERGENCY_STOP -> MOVING (intent=MOVE)
05:18:41.713 [AMR-04] STATE_TRANSITION MOVING -> EMERGENCY_STOP (intent=STOP)
05:18:41.713 [AMR-04] SAFETY_STOP min_obstacle_distance=1.01m <= 1.2m
05:18:41.814 [AMR-04] CONFLICT_DETECTED peer=AMR-01 type=INTERSECTION node=(22, 10) safe_wait=(22, 11) DECISION=YIELD (Lower precedence at intersection (60.0 vs 60.3) -> Safe wait at (22, 11) for AMR-01)
05:18:41.814 [AMR-04] STATE_TRANSITION EMERGENCY_STOP -> YIELDING (intent=YIELD)
05:18:41.915 [AMR-04] CONFLICT_DETECTED peer=AMR-01 type=INTERSECTION node=(22, 10) safe_wait=(22, 11) DECISION=PROCEED (Higher precedence (60.2 vs 60.2) -> Proceed through (22, 10))
05:18:41.915 [AMR-04] STATE_TRANSITION YIELDING -> MOVING (intent=MOVE)
05:18:42.015 [AMR-04] STATE_TRANSITION MOVING -> EMERGENCY_STOP (intent=STOP)
05:18:42.015 [AMR-04] SAFETY_STOP min_obstacle_distance=1.04m <= 1.2m
05:18:42.115 [AMR-04] CONFLICT_DETECTED peer=AMR-01 type=INTERSECTION node=(22, 10) safe_wait=(22, 11) DECISION=PROCEED (Higher precedence (60.1 vs 60.0) -> Proceed through (22, 10))
05:18:42.116 [AMR-04] STATE_TRANSITION EMERGENCY_STOP -> MOVING (intent=MOVE)
05:18:42.216 [AMR-04] STATE_TRANSITION MOVING -> EMERGENCY_STOP (intent=STOP)
05:18:42.216 [AMR-04] SAFETY_STOP min_obstacle_distance=1.10m <= 1.2m
05:18:42.316 [AMR-04] CONFLICT_DETECTED peer=AMR-01 type=INTERSECTION node=(22, 10) safe_wait=(22, 11) DECISION=YIELD (Lower precedence at intersection (60.0 vs 60.2) -> Safe wait at (22, 11) for AMR-01)
05:18:42.316 [AMR-04] STATE_TRANSITION EMERGENCY_STOP -> YIELDING (intent=YIELD)
05:18:42.417 [AMR-04] CONFLICT_DETECTED peer=AMR-01 type=INTERSECTION node=(22, 10) safe_wait=(22, 11) DECISION=PROCEED (Higher precedence (60.2 vs 60.1) -> Proceed through (22, 10))
05:18:42.418 [AMR-04] STATE_TRANSITION YIELDING -> MOVING (intent=MOVE)
05:18:42.519 [AMR-04] STATE_TRANSITION MOVING -> EMERGENCY_STOP (intent=STOP)
05:18:42.519 [AMR-04] SAFETY_STOP min_obstacle_distance=1.00m <= 1.2m
05:18:42.618 [AMR-04] CONFLICT_DETECTED peer=AMR-01 type=INTERSECTION node=(22, 10) safe_wait=(22, 11) DECISION=PROCEED (Higher precedence (59.8 vs 59.7) -> Proceed through (22, 10))
05:18:42.618 [AMR-04] STATE_TRANSITION EMERGENCY_STOP -> MOVING (intent=MOVE)
05:18:42.720 [AMR-04] STATE_TRANSITION MOVING -> EMERGENCY_STOP (intent=STOP)
05:18:42.720 [AMR-04] SAFETY_STOP min_obstacle_distance=1.01m <= 1.2m
05:18:42.821 [AMR-04] CONFLICT_DETECTED peer=AMR-01 type=INTERSECTION node=(22, 10) safe_wait=(22, 11) DECISION=YIELD (Lower precedence at intersection (59.6 vs 59.9) -> Safe wait at (22, 11) for AMR-01)
05:18:42.821 [AMR-04] STATE_TRANSITION EMERGENCY_STOP -> YIELDING (intent=YIELD)
05:18:42.922 [AMR-04] CONFLICT_DETECTED peer=AMR-01 type=INTERSECTION node=(22, 10) safe_wait=(22, 11) DECISION=PROCEED (Higher precedence (59.8 vs 59.8) -> Proceed through (22, 10))
05:18:42.922 [AMR-04] STATE_TRANSITION YIELDING -> MOVING (intent=MOVE)
05:18:43.023 [AMR-04] STATE_TRANSITION MOVING -> EMERGENCY_STOP (intent=STOP)
05:18:43.023 [AMR-04] SAFETY_STOP min_obstacle_distance=1.04m <= 1.2m
05:18:43.124 [AMR-04] CONFLICT_DETECTED peer=AMR-01 type=INTERSECTION node=(22, 10) safe_wait=(22, 11) DECISION=PROCEED (Higher precedence (59.7 vs 59.6) -> Proceed through (22, 10))
05:18:43.124 [AMR-04] STATE_TRANSITION EMERGENCY_STOP -> MOVING (intent=MOVE)
05:18:43.225 [AMR-04] STATE_TRANSITION MOVING -> EMERGENCY_STOP (intent=STOP)
05:18:43.225 [AMR-04] SAFETY_STOP min_obstacle_distance=1.10m <= 1.2m
05:18:43.326 [AMR-04] CONFLICT_DETECTED peer=AMR-01 type=INTERSECTION node=(22, 10) safe_wait=(22, 11) DECISION=YIELD (Lower precedence at intersection (59.6 vs 59.8) -> Safe wait at (22, 11) for AMR-01)
05:18:43.326 [AMR-04] STATE_TRANSITION EMERGENCY_STOP -> YIELDING (intent=YIELD)
05:18:43.427 [AMR-04] CONFLICT_DETECTED peer=AMR-01 type=INTERSECTION node=(22, 10) safe_wait=(22, 11) DECISION=PROCEED (Higher precedence (59.8 vs 59.7) -> Proceed through (22, 10))
05:18:43.428 [AMR-04] STATE_TRANSITION YIELDING -> MOVING (intent=MOVE)
05:18:43.528 [AMR-04] STATE_TRANSITION MOVING -> EMERGENCY_STOP (intent=STOP)
05:18:43.528 [AMR-04] SAFETY_STOP min_obstacle_distance=1.00m <= 1.2m
05:18:43.629 [AMR-04] CONFLICT_DETECTED peer=AMR-01 type=INTERSECTION node=(22, 10) safe_wait=(22, 11) DECISION=PROCEED (Higher precedence (59.4 vs 59.3) -> Proceed through (22, 10))
05:18:43.629 [AMR-04] STATE_TRANSITION EMERGENCY_STOP -> MOVING (intent=MOVE)
05:18:43.730 [AMR-04] STATE_TRANSITION MOVING -> EMERGENCY_STOP (intent=STOP)
05:18:43.730 [AMR-04] SAFETY_STOP min_obstacle_distance=1.01m <= 1.2m
05:18:43.831 [AMR-04] CONFLICT_DETECTED peer=AMR-01 type=INTERSECTION node=(22, 10) safe_wait=(22, 11) DECISION=YIELD (Lower precedence at intersection (59.2 vs 59.5) -> Safe wait at (22, 11) for AMR-01)
05:18:43.831 [AMR-04] STATE_TRANSITION EMERGENCY_STOP -> YIELDING (intent=YIELD)
05:18:43.932 [AMR-04] CONFLICT_DETECTED peer=AMR-01 type=INTERSECTION node=(22, 10) safe_wait=(22, 11) DECISION=PROCEED (Higher precedence (59.4 vs 59.4) -> Proceed through (22, 10))
05:18:43.932 [AMR-04] STATE_TRANSITION YIELDING -> MOVING (intent=MOVE)
05:18:44.034 [AMR-04] STATE_TRANSITION MOVING -> EMERGENCY_STOP (intent=STOP)
05:18:44.034 [AMR-04] SAFETY_STOP min_obstacle_distance=1.04m <= 1.2m
05:18:44.135 [AMR-04] CONFLICT_DETECTED peer=AMR-01 type=INTERSECTION node=(22, 10) safe_wait=(22, 11) DECISION=PROCEED (Higher precedence (59.3 vs 59.2) -> Proceed through (22, 10))
05:18:44.135 [AMR-04] STATE_TRANSITION EMERGENCY_STOP -> MOVING (intent=MOVE)
05:18:44.236 [AMR-04] STATE_TRANSITION MOVING -> EMERGENCY_STOP (intent=STOP)
05:18:44.236 [AMR-04] SAFETY_STOP min_obstacle_distance=1.10m <= 1.2m
05:18:44.338 [AMR-04] CONFLICT_DETECTED peer=AMR-01 type=INTERSECTION node=(22, 10) safe_wait=(22, 11) DECISION=YIELD (Lower precedence at intersection (59.2 vs 59.4) -> Safe wait at (22, 11) for AMR-01)
05:18:44.338 [AMR-04] STATE_TRANSITION EMERGENCY_STOP -> YIELDING (intent=YIELD)
05:18:44.439 [AMR-04] CONFLICT_DETECTED peer=AMR-01 type=INTERSECTION node=(22, 10) safe_wait=(22, 11) DECISION=PROCEED (Higher precedence (59.4 vs 59.3) -> Proceed through (22, 10))
05:18:44.439 [AMR-04] STATE_TRANSITION YIELDING -> MOVING (intent=MOVE)
05:18:44.540 [AMR-04] STATE_TRANSITION MOVING -> EMERGENCY_STOP (intent=STOP)
05:18:44.540 [AMR-04] SAFETY_STOP min_obstacle_distance=1.00m <= 1.2m
05:18:44.641 [AMR-04] CONFLICT_DETECTED peer=AMR-01 type=INTERSECTION node=(22, 10) safe_wait=(22, 11) DECISION=PROCEED (Higher precedence (59.0 vs 58.9) -> Proceed through (22, 10))
05:18:44.641 [AMR-04] STATE_TRANSITION EMERGENCY_STOP -> MOVING (intent=MOVE)
05:18:44.742 [AMR-04] STATE_TRANSITION MOVING -> EMERGENCY_STOP (intent=STOP)
05:18:44.742 [AMR-04] SAFETY_STOP min_obstacle_distance=1.01m <= 1.2m
05:18:44.844 [AMR-04] CONFLICT_DETECTED peer=AMR-01 type=INTERSECTION node=(22, 10) safe_wait=(22, 11) DECISION=YIELD (Lower precedence at intersection (58.8 vs 59.1) -> Safe wait at (22, 11) for AMR-01)
05:18:44.844 [AMR-04] STATE_TRANSITION EMERGENCY_STOP -> YIELDING (intent=YIELD)
05:18:44.945 [AMR-04] CONFLICT_DETECTED peer=AMR-01 type=INTERSECTION node=(22, 10) safe_wait=(22, 11) DECISION=PROCEED (Higher precedence (59.0 vs 59.0) -> Proceed through (22, 10))
05:18:44.945 [AMR-04] STATE_TRANSITION YIELDING -> MOVING (intent=MOVE)
05:18:45.046 [AMR-04] STATE_TRANSITION MOVING -> EMERGENCY_STOP (intent=STOP)
05:18:45.046 [AMR-04] SAFETY_STOP min_obstacle_distance=1.04m <= 1.2m
05:18:45.147 [AMR-04] CONFLICT_DETECTED peer=AMR-01 type=INTERSECTION node=(22, 10) safe_wait=(22, 11) DECISION=YIELD (Lower precedence at intersection (58.9 vs 59.0) -> Safe wait at (22, 11) for AMR-01)
05:18:45.147 [AMR-04] STATE_TRANSITION EMERGENCY_STOP -> YIELDING (intent=YIELD)
05:18:45.249 [AMR-04] CONFLICT_DETECTED peer=AMR-01 type=INTERSECTION node=(22, 10) safe_wait=(22, 11) DECISION=PROCEED (Higher precedence (59.1 vs 59.0) -> Proceed through (22, 10))
05:18:45.249 [AMR-04] STATE_TRANSITION YIELDING -> MOVING (intent=MOVE)
05:18:45.350 [AMR-04] STATE_TRANSITION MOVING -> EMERGENCY_STOP (intent=STOP)
05:18:45.350 [AMR-04] SAFETY_STOP min_obstacle_distance=1.10m <= 1.2m
05:18:45.451 [AMR-04] CONFLICT_DETECTED peer=AMR-01 type=INTERSECTION node=(22, 10) safe_wait=(22, 11) DECISION=YIELD (Lower precedence at intersection (59.0 vs 59.1) -> Safe wait at (22, 11) for AMR-01)
05:18:45.451 [AMR-04] STATE_TRANSITION EMERGENCY_STOP -> YIELDING (intent=YIELD)
05:18:45.552 [AMR-04] CONFLICT_DETECTED peer=AMR-01 type=INTERSECTION node=(22, 10) safe_wait=(22, 11) DECISION=YIELD (Lower precedence at intersection (58.9 vs 59.3) -> Safe wait at (22, 11) for AMR-01)
05:18:45.653 [AMR-04] CONFLICT_DETECTED peer=AMR-01 type=INTERSECTION node=(22, 10) safe_wait=(22, 11) DECISION=PROCEED (Higher precedence (59.1 vs 58.9) -> Proceed through (22, 10))
05:18:45.653 [AMR-04] STATE_TRANSITION YIELDING -> MOVING (intent=MOVE)
05:18:45.754 [AMR-04] STATE_TRANSITION MOVING -> EMERGENCY_STOP (intent=STOP)
05:18:45.754 [AMR-04] SAFETY_STOP min_obstacle_distance=1.01m <= 1.2m
05:18:45.855 [AMR-04] CONFLICT_DETECTED peer=AMR-01 type=INTERSECTION node=(22, 10) safe_wait=(22, 11) DECISION=YIELD (Lower precedence at intersection (59.0 vs 59.1) -> Safe wait at (22, 11) for AMR-01)
05:18:45.856 [AMR-04] STATE_TRANSITION EMERGENCY_STOP -> YIELDING (intent=YIELD)
05:18:45.957 [AMR-04] CONFLICT_DETECTED peer=AMR-01 type=INTERSECTION node=(22, 10) safe_wait=(22, 11) DECISION=YIELD (Lower precedence at intersection (59.2 vs 59.3) -> Safe wait at (22, 11) for AMR-01)
05:18:46.059 [AMR-04] CONFLICT_DETECTED peer=AMR-01 type=INTERSECTION node=(22, 10) safe_wait=(22, 11) DECISION=PROCEED (Higher precedence (59.4 vs 59.1) -> Proceed through (22, 10))
05:18:46.059 [AMR-04] STATE_TRANSITION YIELDING -> MOVING (intent=MOVE)
05:18:46.159 [AMR-04] STATE_TRANSITION MOVING -> EMERGENCY_STOP (intent=STOP)
05:18:46.159 [AMR-04] SAFETY_STOP min_obstacle_distance=1.04m <= 1.2m
05:18:46.261 [AMR-04] CONFLICT_DETECTED peer=AMR-01 type=INTERSECTION node=(22, 10) safe_wait=(22, 11) DECISION=YIELD (Lower precedence at intersection (59.3 vs 59.4) -> Safe wait at (22, 11) for AMR-01)
05:18:46.262 [AMR-04] STATE_TRANSITION EMERGENCY_STOP -> YIELDING (intent=YIELD)
05:18:46.363 [AMR-04] CONFLICT_DETECTED peer=AMR-01 type=INTERSECTION node=(22, 10) safe_wait=(22, 11) DECISION=YIELD (Lower precedence at intersection (59.5 vs 59.6) -> Safe wait at (22, 11) for AMR-01)
05:18:46.464 [AMR-04] CONFLICT_DETECTED peer=AMR-01 type=INTERSECTION node=(22, 10) safe_wait=(22, 11) DECISION=PROCEED (Higher precedence (59.7 vs 59.4) -> Proceed through (22, 10))
05:18:46.464 [AMR-04] STATE_TRANSITION YIELDING -> MOVING (intent=MOVE)
05:18:46.565 [AMR-04] STATE_TRANSITION MOVING -> EMERGENCY_STOP (intent=STOP)
05:18:46.565 [AMR-04] SAFETY_STOP min_obstacle_distance=1.00m <= 1.2m
05:18:46.668 [AMR-04] CONFLICT_DETECTED peer=AMR-01 type=INTERSECTION node=(22, 10) safe_wait=(22, 11) DECISION=YIELD (Lower precedence at intersection (59.4 vs 59.9) -> Safe wait at (22, 11) for AMR-01)
05:18:46.669 [AMR-04] STATE_TRANSITION EMERGENCY_STOP -> YIELDING (intent=YIELD)
05:18:46.769 [AMR-04] CONFLICT_DETECTED peer=AMR-01 type=INTERSECTION node=(22, 10) safe_wait=(22, 11) DECISION=YIELD (Lower precedence at intersection (59.6 vs 59.8) -> Safe wait at (22, 11) for AMR-01)
05:18:46.869 [AMR-04] CONFLICT_DETECTED peer=AMR-01 type=INTERSECTION node=(22, 10) safe_wait=(22, 11) DECISION=PROCEED (Higher precedence (59.8 vs 59.8) -> Proceed through (22, 10))
05:18:46.869 [AMR-04] STATE_TRANSITION YIELDING -> MOVING (intent=MOVE)
05:18:46.970 [AMR-04] STATE_TRANSITION MOVING -> EMERGENCY_STOP (intent=STOP)
05:18:46.970 [AMR-04] SAFETY_STOP min_obstacle_distance=1.01m <= 1.2m
05:18:47.071 [AMR-04] CONFLICT_DETECTED peer=AMR-01 type=INTERSECTION node=(22, 10) safe_wait=(22, 11) DECISION=PROCEED (Higher precedence (59.6 vs 59.6) -> Proceed through (22, 10))
05:18:47.071 [AMR-04] STATE_TRANSITION EMERGENCY_STOP -> MOVING (intent=MOVE)
05:18:47.172 [AMR-04] STATE_TRANSITION MOVING -> EMERGENCY_STOP (intent=STOP)
05:18:47.172 [AMR-04] SAFETY_STOP min_obstacle_distance=1.04m <= 1.2m
05:18:47.272 [AMR-04] CONFLICT_DETECTED peer=AMR-01 type=INTERSECTION node=(22, 10) safe_wait=(22, 11) DECISION=YIELD (Lower precedence at intersection (59.5 vs 59.6) -> Safe wait at (22, 11) for AMR-01)
05:18:47.272 [AMR-04] STATE_TRANSITION EMERGENCY_STOP -> YIELDING (intent=YIELD)
05:18:47.373 [AMR-04] CONFLICT_DETECTED peer=AMR-01 type=INTERSECTION node=(22, 10) safe_wait=(22, 11) DECISION=PROCEED (Higher precedence (59.7 vs 59.6) -> Proceed through (22, 10))
05:18:47.373 [AMR-04] STATE_TRANSITION YIELDING -> MOVING (intent=MOVE)
05:18:47.475 [AMR-04] STATE_TRANSITION MOVING -> EMERGENCY_STOP (intent=STOP)
05:18:47.475 [AMR-04] SAFETY_STOP min_obstacle_distance=1.10m <= 1.2m
05:18:47.576 [AMR-04] CONFLICT_DETECTED peer=AMR-01 type=SAME_NEXT_NODE node=(22, 9) safe_wait=(22, 10) DECISION=PROCEED (Higher precedence (59.9 vs 59.5) -> Proceed through (22, 9))
05:18:47.576 [AMR-04] STATE_TRANSITION EMERGENCY_STOP -> MOVING (intent=MOVE)
05:18:47.676 [AMR-04] STATE_TRANSITION MOVING -> EMERGENCY_STOP (intent=STOP)
05:18:47.676 [AMR-04] SAFETY_STOP min_obstacle_distance=1.01m <= 1.2m
05:18:47.777 [AMR-04] CONFLICT_DETECTED peer=AMR-01 type=SAME_NEXT_NODE node=(22, 9) safe_wait=(22, 10) DECISION=PROCEED (Higher precedence (59.7 vs 59.7) -> Proceed through (22, 9))
05:18:47.777 [AMR-04] STATE_TRANSITION EMERGENCY_STOP -> MOVING (intent=MOVE)
05:18:47.877 [AMR-04] STATE_TRANSITION MOVING -> EMERGENCY_STOP (intent=STOP)
05:18:47.878 [AMR-04] SAFETY_STOP min_obstacle_distance=1.04m <= 1.2m
05:18:47.978 [AMR-04] RESERVATION_WAIT: Zone (22, 9) reserved by AMR-01 (priority 59.9 >= 59.6)
05:18:47.979 [AMR-04] STATE_TRANSITION EMERGENCY_STOP -> WAITING (intent=WAIT)
05:18:48.080 [AMR-04] CONFLICT_DETECTED peer=AMR-01 type=SAME_NEXT_NODE node=(22, 9) safe_wait=(22, 10) DECISION=PROCEED (Higher precedence (59.8 vs 59.8) -> Proceed through (22, 9))
05:18:48.080 [AMR-04] STATE_TRANSITION WAITING -> MOVING (intent=MOVE)
05:18:48.180 [AMR-04] STATE_TRANSITION MOVING -> EMERGENCY_STOP (intent=STOP)
05:18:48.181 [AMR-04] SAFETY_STOP min_obstacle_distance=0.89m <= 1.2m
05:18:48.281 [AMR-04] RESERVATION_WAIT: Zone (22, 9) reserved by AMR-01 (priority 59.8 >= 59.7)
05:18:48.281 [AMR-04] STATE_TRANSITION EMERGENCY_STOP -> WAITING (intent=WAIT)
05:18:48.381 [AMR-04] CONFLICT_DETECTED peer=AMR-01 type=SAME_NEXT_NODE node=(22, 9) safe_wait=(22, 10) DECISION=PROCEED (Higher precedence (59.9 vs 59.8) -> Proceed through (22, 9))
05:18:48.381 [AMR-04] STATE_TRANSITION WAITING -> MOVING (intent=MOVE)
05:18:48.482 [AMR-04] STATE_TRANSITION MOVING -> EMERGENCY_STOP (intent=STOP)
05:18:48.482 [AMR-04] SAFETY_STOP min_obstacle_distance=0.80m <= 1.2m
05:18:48.583 [AMR-04] RESERVATION_WAIT: Zone (22, 9) reserved by AMR-01 (priority 60.0 >= 59.5)
05:18:48.583 [AMR-04] STATE_TRANSITION EMERGENCY_STOP -> WAITING (intent=WAIT)
05:18:48.684 [AMR-04] RESERVATION_WAIT: Zone (22, 9) reserved by AMR-01 (priority 60.0 >= 59.6)
05:18:48.784 [AMR-04] RESERVATION_WAIT: Zone (22, 9) reserved by AMR-01 (priority 59.9 >= 59.9)
05:18:48.885 [AMR-04] CONFLICT_DETECTED peer=AMR-01 type=SAME_NEXT_NODE node=(22, 9) safe_wait=(22, 10) DECISION=PROCEED (Higher precedence (60.1 vs 59.8) -> Proceed through (22, 9))
05:18:48.885 [AMR-04] STATE_TRANSITION WAITING -> MOVING (intent=MOVE)
05:18:48.986 [AMR-04] STATE_TRANSITION MOVING -> EMERGENCY_STOP (intent=STOP)
05:18:48.986 [AMR-04] SAFETY_STOP min_obstacle_distance=1.01m <= 1.2m
05:18:49.088 [AMR-04] CONFLICT_DETECTED peer=AMR-01 type=SAME_NEXT_NODE node=(22, 9) safe_wait=(22, 10) DECISION=YIELD (Lower precedence (59.9 vs 60.0) -> Safe wait at (22, 10) for AMR-01)
05:18:49.088 [AMR-04] STATE_TRANSITION EMERGENCY_STOP -> YIELDING (intent=YIELD)
05:18:49.187 [AMR-04] RESERVATION_WAIT: Zone (22, 9) reserved by AMR-01 (priority 60.1 >= 60.1)
05:18:49.187 [AMR-04] STATE_TRANSITION YIELDING -> WAITING (intent=WAIT)
05:18:49.289 [AMR-04] CONFLICT_DETECTED peer=AMR-01 type=SAME_NEXT_NODE node=(22, 9) safe_wait=(22, 10) DECISION=PROCEED (Higher precedence (60.3 vs 60.0) -> Proceed through (22, 9))
05:18:49.289 [AMR-04] STATE_TRANSITION WAITING -> MOVING (intent=MOVE)
05:18:49.389 [AMR-04] STATE_TRANSITION MOVING -> EMERGENCY_STOP (intent=STOP)
05:18:49.389 [AMR-04] SAFETY_STOP min_obstacle_distance=0.99m <= 1.2m
05:18:49.491 [AMR-04] RESERVATION_WAIT: Zone (22, 9) reserved by AMR-01 (priority 60.1 >= 60.1)
05:18:49.491 [AMR-04] STATE_TRANSITION EMERGENCY_STOP -> WAITING (intent=WAIT)
05:18:49.591 [AMR-04] CONFLICT_DETECTED peer=AMR-01 type=SAME_NEXT_NODE node=(22, 9) safe_wait=(22, 10) DECISION=YIELD (Lower precedence (60.3 vs 60.3) -> Safe wait at (22, 10) for AMR-01)
05:18:49.591 [AMR-04] STATE_TRANSITION WAITING -> YIELDING (intent=YIELD)
05:18:49.692 [AMR-04] RESERVATION_WAIT: Zone (22, 9) reserved by AMR-01 (priority 60.5 >= 60.5)
05:18:49.692 [AMR-04] STATE_TRANSITION YIELDING -> WAITING (intent=WAIT)
05:18:49.792 [AMR-04] CONFLICT_DETECTED peer=AMR-01 type=SAME_NEXT_NODE node=(22, 9) safe_wait=(22, 10) DECISION=PROCEED (Higher precedence (60.7 vs 60.4) -> Proceed through (22, 9))
05:18:49.792 [AMR-04] STATE_TRANSITION WAITING -> MOVING (intent=MOVE)
05:18:49.893 [AMR-04] STATE_TRANSITION MOVING -> EMERGENCY_STOP (intent=STOP)
05:18:49.893 [AMR-04] SAFETY_STOP min_obstacle_distance=1.01m <= 1.2m
05:18:49.994 [AMR-04] RESERVATION_WAIT: Zone (22, 9) reserved by AMR-01 (priority 60.8 >= 60.5)
05:18:49.994 [AMR-04] STATE_TRANSITION EMERGENCY_STOP -> WAITING (intent=WAIT)
05:18:50.094 [AMR-04] RESERVATION_WAIT: Zone (22, 9) reserved by AMR-01 (priority 60.8 >= 60.7)
05:18:50.194 [AMR-04] CONFLICT_DETECTED peer=AMR-01 type=SAME_NEXT_NODE node=(22, 9) safe_wait=(22, 10) DECISION=PROCEED (Higher precedence (60.9 vs 60.6) -> Proceed through (22, 9))
05:18:50.195 [AMR-04] STATE_TRANSITION WAITING -> MOVING (intent=MOVE)
05:18:50.295 [AMR-04] STATE_TRANSITION MOVING -> EMERGENCY_STOP (intent=STOP)
05:18:50.295 [AMR-04] SAFETY_STOP min_obstacle_distance=0.99m <= 1.2m
05:18:50.396 [AMR-04] CONFLICT_DETECTED peer=AMR-01 type=SAME_NEXT_NODE node=(22, 9) safe_wait=(22, 10) DECISION=PROCEED (Higher precedence (60.8 vs 60.8) -> Proceed through (22, 9))
05:18:50.396 [AMR-04] STATE_TRANSITION EMERGENCY_STOP -> MOVING (intent=MOVE)
05:18:50.497 [AMR-04] STATE_TRANSITION MOVING -> EMERGENCY_STOP (intent=STOP)
05:18:50.497 [AMR-04] SAFETY_STOP min_obstacle_distance=1.00m <= 1.2m
05:18:50.597 [AMR-04] RESERVATION_WAIT: Zone (22, 9) reserved by AMR-01 (priority 61.0 >= 60.5)
05:18:50.597 [AMR-04] STATE_TRANSITION EMERGENCY_STOP -> WAITING (intent=WAIT)
05:18:50.698 [AMR-04] RESERVATION_WAIT: Zone (22, 9) reserved by AMR-01 (priority 60.9 >= 60.7)
05:18:50.798 [AMR-04] RESERVATION_WAIT: Zone (22, 9) reserved by AMR-01 (priority 60.9 >= 60.9)
05:18:50.898 [AMR-04] CONFLICT_DETECTED peer=AMR-01 type=SAME_NEXT_NODE node=(22, 9) safe_wait=(22, 10) DECISION=PROCEED (Higher precedence (61.1 vs 60.8) -> Proceed through (22, 9))
05:18:50.899 [AMR-04] STATE_TRANSITION WAITING -> MOVING (intent=MOVE)
05:18:51.000 [AMR-04] STATE_TRANSITION MOVING -> EMERGENCY_STOP (intent=STOP)
05:18:51.000 [AMR-04] SAFETY_STOP min_obstacle_distance=1.01m <= 1.2m
05:18:51.100 [AMR-04] CONFLICT_DETECTED peer=AMR-01 type=SAME_NEXT_NODE node=(22, 9) safe_wait=(22, 10) DECISION=YIELD (Lower precedence (60.9 vs 61.0) -> Safe wait at (22, 10) for AMR-01)
05:18:51.100 [AMR-04] STATE_TRANSITION EMERGENCY_STOP -> YIELDING (intent=YIELD)
05:18:51.201 [AMR-04] RESERVATION_WAIT: Zone (22, 9) reserved by AMR-01 (priority 61.2 >= 61.1)
05:18:51.202 [AMR-04] STATE_TRANSITION YIELDING -> WAITING (intent=WAIT)
05:18:51.301 [AMR-04] CONFLICT_DETECTED peer=AMR-01 type=SAME_NEXT_NODE node=(22, 9) safe_wait=(22, 10) DECISION=PROCEED (Higher precedence (61.3 vs 61.0) -> Proceed through (22, 9))
05:18:51.301 [AMR-04] STATE_TRANSITION WAITING -> MOVING (intent=MOVE)
05:18:51.402 [AMR-04] STATE_TRANSITION MOVING -> EMERGENCY_STOP (intent=STOP)
05:18:51.402 [AMR-04] SAFETY_STOP min_obstacle_distance=0.99m <= 1.2m
05:18:51.504 [AMR-04] RESERVATION_WAIT: Zone (22, 9) reserved by AMR-01 (priority 61.2 >= 61.1)
05:18:51.504 [AMR-04] STATE_TRANSITION EMERGENCY_STOP -> WAITING (intent=WAIT)
05:18:51.605 [AMR-04] CONFLICT_DETECTED peer=AMR-01 type=SAME_NEXT_NODE node=(22, 9) safe_wait=(22, 10) DECISION=YIELD (Lower precedence (61.3 vs 61.3) -> Safe wait at (22, 10) for AMR-01)
05:18:51.605 [AMR-04] STATE_TRANSITION WAITING -> YIELDING (intent=YIELD)
05:18:51.705 [AMR-04] RESERVATION_WAIT: Zone (22, 9) reserved by AMR-01 (priority 61.5 >= 61.5)
05:18:51.705 [AMR-04] STATE_TRANSITION YIELDING -> WAITING (intent=WAIT)
05:18:51.805 [AMR-04] CONFLICT_DETECTED peer=AMR-01 type=SAME_NEXT_NODE node=(22, 9) safe_wait=(22, 10) DECISION=PROCEED (Higher precedence (61.7 vs 61.4) -> Proceed through (22, 9))
05:18:51.805 [AMR-04] STATE_TRANSITION WAITING -> MOVING (intent=MOVE)
05:18:51.906 [AMR-04] STATE_TRANSITION MOVING -> EMERGENCY_STOP (intent=STOP)
05:18:51.906 [AMR-04] SAFETY_STOP min_obstacle_distance=1.01m <= 1.2m
05:18:52.007 [AMR-04] CONFLICT_DETECTED peer=AMR-01 type=SAME_NEXT_NODE node=(22, 9) safe_wait=(22, 10) DECISION=YIELD (Lower precedence (61.5 vs 61.6) -> Safe wait at (22, 10) for AMR-01)
05:18:52.007 [AMR-04] STATE_TRANSITION EMERGENCY_STOP -> YIELDING (intent=YIELD)
05:18:52.109 [AMR-04] RESERVATION_WAIT: Zone (22, 9) reserved by AMR-01 (priority 61.8 >= 61.8)
05:18:52.109 [AMR-04] STATE_TRANSITION YIELDING -> WAITING (intent=WAIT)
05:18:52.208 [AMR-04] CONFLICT_DETECTED peer=AMR-01 type=SAME_NEXT_NODE node=(22, 9) safe_wait=(22, 10) DECISION=PROCEED (Higher precedence (62.0 vs 61.6) -> Proceed through (22, 9))
05:18:52.208 [AMR-04] STATE_TRANSITION WAITING -> MOVING (intent=MOVE)
05:18:52.309 [AMR-04] STATE_TRANSITION MOVING -> EMERGENCY_STOP (intent=STOP)
05:18:52.309 [AMR-04] SAFETY_STOP min_obstacle_distance=0.99m <= 1.2m
05:18:52.409 [AMR-04] CONFLICT_DETECTED peer=AMR-01 type=SAME_NEXT_NODE node=(22, 9) safe_wait=(22, 10) DECISION=PROCEED (Higher precedence (61.8 vs 61.8) -> Proceed through (22, 9))
05:18:52.409 [AMR-04] STATE_TRANSITION EMERGENCY_STOP -> MOVING (intent=MOVE)
05:18:52.510 [AMR-04] STATE_TRANSITION MOVING -> EMERGENCY_STOP (intent=STOP)
05:18:52.510 [AMR-04] SAFETY_STOP min_obstacle_distance=1.00m <= 1.2m
05:18:52.610 [AMR-04] RESERVATION_WAIT: Zone (22, 9) reserved by AMR-01 (priority 62.0 >= 61.5)
05:18:52.610 [AMR-04] STATE_TRANSITION EMERGENCY_STOP -> WAITING (intent=WAIT)
05:18:52.711 [AMR-04] RESERVATION_WAIT: Zone (22, 9) reserved by AMR-01 (priority 62.0 >= 61.7)
05:18:52.811 [AMR-04] RESERVATION_WAIT: Zone (22, 9) reserved by AMR-01 (priority 61.9 >= 61.9)
05:18:52.912 [AMR-04] CONFLICT_DETECTED peer=AMR-01 type=SAME_NEXT_NODE node=(22, 9) safe_wait=(22, 10) DECISION=PROCEED (Higher precedence (62.1 vs 61.8) -> Proceed through (22, 9))
05:18:52.912 [AMR-04] STATE_TRANSITION WAITING -> MOVING (intent=MOVE)
05:18:53.012 [AMR-04] STATE_TRANSITION MOVING -> EMERGENCY_STOP (intent=STOP)
05:18:53.012 [AMR-04] SAFETY_STOP min_obstacle_distance=1.01m <= 1.2m
05:18:53.113 [AMR-04] CONFLICT_DETECTED peer=AMR-01 type=SAME_NEXT_NODE node=(22, 9) safe_wait=(22, 10) DECISION=YIELD (Lower precedence (62.0 vs 62.0) -> Safe wait at (22, 10) for AMR-01)
05:18:53.113 [AMR-04] STATE_TRANSITION EMERGENCY_STOP -> YIELDING (intent=YIELD)
05:18:53.214 [AMR-04] RESERVATION_WAIT: Zone (22, 9) reserved by AMR-01 (priority 62.2 >= 62.2)
05:18:53.215 [AMR-04] STATE_TRANSITION YIELDING -> WAITING (intent=WAIT)
05:18:53.315 [AMR-04] CONFLICT_DETECTED peer=AMR-01 type=SAME_NEXT_NODE node=(22, 9) safe_wait=(22, 10) DECISION=PROCEED (Higher precedence (62.4 vs 62.0) -> Proceed through (22, 9))
05:18:53.315 [AMR-04] STATE_TRANSITION WAITING -> MOVING (intent=MOVE)
05:18:53.415 [AMR-04] STATE_TRANSITION MOVING -> EMERGENCY_STOP (intent=STOP)
05:18:53.415 [AMR-04] SAFETY_STOP min_obstacle_distance=0.99m <= 1.2m
05:18:53.515 [AMR-04] RESERVATION_WAIT: Zone (22, 9) reserved by AMR-01 (priority 62.2 >= 62.1)
05:18:53.515 [AMR-04] STATE_TRANSITION EMERGENCY_STOP -> WAITING (intent=WAIT)
05:18:53.615 [AMR-04] CONFLICT_DETECTED peer=AMR-01 type=SAME_NEXT_NODE node=(22, 9) safe_wait=(22, 10) DECISION=YIELD (Lower precedence (62.3 vs 62.3) -> Safe wait at (22, 10) for AMR-01)
05:18:53.615 [AMR-04] STATE_TRANSITION WAITING -> YIELDING (intent=YIELD)
05:18:53.716 [AMR-04] RESERVATION_WAIT: Zone (22, 9) reserved by AMR-01 (priority 62.5 >= 62.5)
05:18:53.716 [AMR-04] STATE_TRANSITION YIELDING -> WAITING (intent=WAIT)
05:18:53.817 [AMR-04] CONFLICT_DETECTED peer=AMR-01 type=SAME_NEXT_NODE node=(22, 9) safe_wait=(22, 10) DECISION=PROCEED (Higher precedence (62.7 vs 62.4) -> Proceed through (22, 9))
05:18:53.817 [AMR-04] STATE_TRANSITION WAITING -> MOVING (intent=MOVE)
05:18:53.917 [AMR-04] STATE_TRANSITION MOVING -> EMERGENCY_STOP (intent=STOP)
05:18:53.917 [AMR-04] SAFETY_STOP min_obstacle_distance=1.01m <= 1.2m
05:18:54.018 [AMR-04] CONFLICT_DETECTED peer=AMR-01 type=SAME_NEXT_NODE node=(22, 9) safe_wait=(22, 10) DECISION=YIELD (Lower precedence (62.6 vs 62.6) -> Safe wait at (22, 10) for AMR-01)
05:18:54.018 [AMR-04] STATE_TRANSITION EMERGENCY_STOP -> YIELDING (intent=YIELD)
05:18:54.118 [AMR-04] RESERVATION_WAIT: Zone (22, 9) reserved by AMR-01 (priority 62.8 >= 62.8)
05:18:54.118 [AMR-04] STATE_TRANSITION YIELDING -> WAITING (intent=WAIT)
05:18:54.220 [AMR-04] CONFLICT_DETECTED peer=AMR-01 type=SAME_NEXT_NODE node=(22, 9) safe_wait=(22, 10) DECISION=PROCEED (Higher precedence (63.0 vs 62.6) -> Proceed through (22, 9))
05:18:54.220 [AMR-04] STATE_TRANSITION WAITING -> MOVING (intent=MOVE)
05:18:54.321 [AMR-04] STATE_TRANSITION MOVING -> EMERGENCY_STOP (intent=STOP)
05:18:54.321 [AMR-04] SAFETY_STOP min_obstacle_distance=0.99m <= 1.2m
05:18:54.421 [AMR-04] CONFLICT_DETECTED peer=AMR-01 type=SAME_NEXT_NODE node=(22, 9) safe_wait=(22, 10) DECISION=PROCEED (Higher precedence (62.8 vs 62.8) -> Proceed through (22, 9))
05:18:54.421 [AMR-04] STATE_TRANSITION EMERGENCY_STOP -> MOVING (intent=MOVE)
05:18:54.524 [AMR-04] STATE_TRANSITION MOVING -> EMERGENCY_STOP (intent=STOP)
05:18:54.524 [AMR-04] SAFETY_STOP min_obstacle_distance=1.00m <= 1.2m
05:18:54.622 [AMR-04] RESERVATION_WAIT: Zone (22, 9) reserved by AMR-01 (priority 63.0 >= 62.5)
05:18:54.622 [AMR-04] STATE_TRANSITION EMERGENCY_STOP -> WAITING (intent=WAIT)
05:18:54.723 [AMR-04] RESERVATION_WAIT: Zone (22, 9) reserved by AMR-01 (priority 63.0 >= 62.7)
05:18:54.823 [AMR-04] RESERVATION_WAIT: Zone (22, 9) reserved by AMR-01 (priority 62.9 >= 62.9)
05:18:54.923 [AMR-04] CONFLICT_DETECTED peer=AMR-01 type=SAME_NEXT_NODE node=(22, 9) safe_wait=(22, 10) DECISION=PROCEED (Higher precedence (63.1 vs 62.8) -> Proceed through (22, 9))
05:18:54.923 [AMR-04] STATE_TRANSITION WAITING -> MOVING (intent=MOVE)
05:18:55.024 [AMR-04] STATE_TRANSITION MOVING -> EMERGENCY_STOP (intent=STOP)
05:18:55.025 [AMR-04] SAFETY_STOP min_obstacle_distance=1.01m <= 1.2m
05:18:55.125 [AMR-04] CONFLICT_DETECTED peer=AMR-01 type=SAME_NEXT_NODE node=(22, 9) safe_wait=(22, 10) DECISION=YIELD (Lower precedence (63.0 vs 63.0) -> Safe wait at (22, 10) for AMR-01)
05:18:55.125 [AMR-04] STATE_TRANSITION EMERGENCY_STOP -> YIELDING (intent=YIELD)
05:18:55.225 [AMR-04] RESERVATION_WAIT: Zone (22, 9) reserved by AMR-01 (priority 63.2 >= 63.2)
05:18:55.225 [AMR-04] STATE_TRANSITION YIELDING -> WAITING (intent=WAIT)
05:18:55.326 [AMR-04] CONFLICT_DETECTED peer=AMR-01 type=SAME_NEXT_NODE node=(22, 9) safe_wait=(22, 10) DECISION=PROCEED (Higher precedence (63.4 vs 63.0) -> Proceed through (22, 9))
05:18:55.326 [AMR-04] STATE_TRANSITION WAITING -> MOVING (intent=MOVE)
05:18:55.425 [AMR-04] STATE_TRANSITION MOVING -> EMERGENCY_STOP (intent=STOP)
05:18:55.426 [AMR-04] SAFETY_STOP min_obstacle_distance=0.99m <= 1.2m
05:18:55.526 [AMR-04] RESERVATION_WAIT: Zone (22, 9) reserved by AMR-01 (priority 63.2 >= 63.1)
05:18:55.526 [AMR-04] STATE_TRANSITION EMERGENCY_STOP -> WAITING (intent=WAIT)
05:18:55.627 [AMR-04] CONFLICT_DETECTED peer=AMR-01 type=SAME_NEXT_NODE node=(22, 9) safe_wait=(22, 10) DECISION=YIELD (Lower precedence (63.3 vs 63.3) -> Safe wait at (22, 10) for AMR-01)
05:18:55.627 [AMR-04] STATE_TRANSITION WAITING -> YIELDING (intent=YIELD)
05:18:55.728 [AMR-04] RESERVATION_WAIT: Zone (22, 9) reserved by AMR-01 (priority 63.5 >= 63.5)
05:18:55.728 [AMR-04] STATE_TRANSITION YIELDING -> WAITING (intent=WAIT)
05:18:55.829 [AMR-04] CONFLICT_DETECTED peer=AMR-01 type=SAME_NEXT_NODE node=(22, 9) safe_wait=(22, 10) DECISION=PROCEED (Higher precedence (63.7 vs 63.4) -> Proceed through (22, 9))
05:18:55.829 [AMR-04] STATE_TRANSITION WAITING -> MOVING (intent=MOVE)
05:18:55.930 [AMR-04] STATE_TRANSITION MOVING -> EMERGENCY_STOP (intent=STOP)
05:18:55.930 [AMR-04] SAFETY_STOP min_obstacle_distance=1.01m <= 1.2m
05:18:56.031 [AMR-04] CONFLICT_DETECTED peer=AMR-01 type=SAME_NEXT_NODE node=(22, 9) safe_wait=(22, 10) DECISION=YIELD (Lower precedence (63.6 vs 63.6) -> Safe wait at (22, 10) for AMR-01)
05:18:56.031 [AMR-04] STATE_TRANSITION EMERGENCY_STOP -> YIELDING (intent=YIELD)
05:18:56.132 [AMR-04] RESERVATION_WAIT: Zone (22, 9) reserved by AMR-01 (priority 63.8 >= 63.8)
05:18:56.132 [AMR-04] STATE_TRANSITION YIELDING -> WAITING (intent=WAIT)
05:18:56.232 [AMR-04] CONFLICT_DETECTED peer=AMR-01 type=SAME_NEXT_NODE node=(22, 9) safe_wait=(22, 10) DECISION=PROCEED (Higher precedence (64.0 vs 63.6) -> Proceed through (22, 9))
05:18:56.232 [AMR-04] STATE_TRANSITION WAITING -> MOVING (intent=MOVE)
05:18:56.333 [AMR-04] STATE_TRANSITION MOVING -> EMERGENCY_STOP (intent=STOP)
05:18:56.333 [AMR-04] SAFETY_STOP min_obstacle_distance=0.99m <= 1.2m
05:18:56.433 [AMR-04] CONFLICT_DETECTED peer=AMR-01 type=SAME_NEXT_NODE node=(22, 9) safe_wait=(22, 10) DECISION=PROCEED (Higher precedence (63.8 vs 63.8) -> Proceed through (22, 9))
05:18:56.433 [AMR-04] STATE_TRANSITION EMERGENCY_STOP -> MOVING (intent=MOVE)
05:18:56.533 [AMR-04] STATE_TRANSITION MOVING -> EMERGENCY_STOP (intent=STOP)
05:18:56.534 [AMR-04] SAFETY_STOP min_obstacle_distance=0.70m <= 1.2m
05:18:56.633 [AMR-04] CONFLICT_DETECTED peer=AMR-01 type=PROXIMITY node=(22, 9) safe_wait=(22, 9) DECISION=PROCEED (Higher precedence (64.0 vs 63.7) -> Proceed through (22, 9))
05:18:56.634 [AMR-04] STATE_TRANSITION EMERGENCY_STOP -> MOVING (intent=MOVE)
05:18:56.734 [AMR-04] STATE_TRANSITION MOVING -> EMERGENCY_STOP (intent=STOP)
05:18:56.735 [AMR-04] SAFETY_STOP min_obstacle_distance=1.01m <= 1.2m
05:18:56.835 [AMR-04] CONFLICT_DETECTED peer=AMR-01 type=PROXIMITY node=(22, 9) safe_wait=(22, 9) DECISION=YIELD (Lower precedence (63.9 vs 63.9) -> Safe wait at (22, 9) for AMR-01)
05:18:56.835 [AMR-04] STATE_TRANSITION EMERGENCY_STOP -> YIELDING (intent=YIELD)
05:18:56.936 [AMR-04] CONFLICT_DETECTED peer=AMR-01 type=PROXIMITY node=(22, 9) safe_wait=(22, 9) DECISION=YIELD (Lower precedence (64.1 vs 64.1) -> Safe wait at (22, 9) for AMR-01)
05:18:57.037 [AMR-04] CONFLICT_DETECTED peer=AMR-01 type=PROXIMITY node=(22, 9) safe_wait=(22, 9) DECISION=PROCEED (Higher precedence (64.3 vs 64.0) -> Proceed through (22, 9))
05:18:57.037 [AMR-04] STATE_TRANSITION YIELDING -> MOVING (intent=MOVE)
05:18:57.137 [AMR-04] STATE_TRANSITION MOVING -> EMERGENCY_STOP (intent=STOP)
05:18:57.137 [AMR-04] SAFETY_STOP min_obstacle_distance=0.90m <= 1.2m
05:18:57.238 [AMR-04] CONFLICT_DETECTED peer=AMR-01 type=PROXIMITY node=(22, 9) safe_wait=(22, 9) DECISION=YIELD (Lower precedence (64.1 vs 64.2) -> Safe wait at (22, 9) for AMR-01)
05:18:57.238 [AMR-04] STATE_TRANSITION EMERGENCY_STOP -> YIELDING (intent=YIELD)
05:18:57.339 [AMR-04] CONFLICT_DETECTED peer=AMR-01 type=PROXIMITY node=(22, 9) safe_wait=(22, 9) DECISION=YIELD (Lower precedence (64.3 vs 64.4) -> Safe wait at (22, 9) for AMR-01)
05:18:57.439 [AMR-04] CONFLICT_DETECTED peer=AMR-01 type=PROXIMITY node=(22, 9) safe_wait=(22, 9) DECISION=PROCEED (Higher precedence (64.5 vs 64.2) -> Proceed through (22, 9))
05:18:57.440 [AMR-04] STATE_TRANSITION YIELDING -> MOVING (intent=MOVE)
05:18:57.539 [AMR-04] STATE_TRANSITION MOVING -> EMERGENCY_STOP (intent=STOP)
05:18:57.539 [AMR-04] SAFETY_STOP min_obstacle_distance=0.70m <= 1.2m
05:18:57.639 [AMR-04] CONFLICT_DETECTED peer=AMR-01 type=PROXIMITY node=(22, 9) safe_wait=(22, 9) DECISION=YIELD (Lower precedence (64.2 vs 64.5) -> Safe wait at (22, 9) for AMR-01)
05:18:57.639 [AMR-04] STATE_TRANSITION EMERGENCY_STOP -> YIELDING (intent=YIELD)
05:18:57.740 [AMR-04] CONFLICT_DETECTED peer=AMR-01 type=PROXIMITY node=(22, 9) safe_wait=(22, 9) DECISION=YIELD (Lower precedence (64.4 vs 64.7) -> Safe wait at (22, 9) for AMR-01)
05:18:57.840 [AMR-04] CONFLICT_DETECTED peer=AMR-01 type=PROXIMITY node=(22, 9) safe_wait=(22, 9) DECISION=YIELD (Lower precedence (64.6 vs 64.6) -> Safe wait at (22, 9) for AMR-01)
05:18:57.941 [AMR-04] CONFLICT_DETECTED peer=AMR-01 type=PROXIMITY node=(22, 9) safe_wait=(22, 9) DECISION=PROCEED (Higher precedence (64.8 vs 64.6) -> Proceed through (22, 9))
05:18:57.941 [AMR-04] STATE_TRANSITION YIELDING -> MOVING (intent=MOVE)
05:18:58.041 [AMR-04] STATE_TRANSITION MOVING -> EMERGENCY_STOP (intent=STOP)
05:18:58.041 [AMR-04] SAFETY_STOP min_obstacle_distance=0.45m <= 1.2m
05:18:58.142 [AMR-04] CONFLICT_DETECTED peer=AMR-01 type=PROXIMITY node=(22, 9) safe_wait=(22, 9) DECISION=PROCEED (Higher precedence (64.7 vs 64.5) -> Proceed through (22, 9))
05:18:58.142 [AMR-04] STATE_TRANSITION EMERGENCY_STOP -> MOVING (intent=MOVE)
05:18:58.242 [AMR-04] STATE_TRANSITION MOVING -> EMERGENCY_STOP (intent=STOP)
05:18:58.242 [AMR-04] SAFETY_STOP min_obstacle_distance=0.60m <= 1.2m
05:18:58.343 [AMR-04] CONFLICT_DETECTED peer=AMR-01 type=PROXIMITY node=(22, 9) safe_wait=(22, 9) DECISION=YIELD (Lower precedence (64.5 vs 64.6) -> Safe wait at (22, 9) for AMR-01)
05:18:58.343 [AMR-04] STATE_TRANSITION EMERGENCY_STOP -> YIELDING (intent=YIELD)
05:18:58.445 [AMR-04] CONFLICT_DETECTED peer=AMR-01 type=PROXIMITY node=(22, 9) safe_wait=(22, 9) DECISION=PROCEED (Higher precedence (64.7 vs 64.6) -> Proceed through (22, 9))
05:18:58.445 [AMR-04] STATE_TRANSITION YIELDING -> MOVING (intent=MOVE)
05:18:58.545 [AMR-04] STATE_TRANSITION MOVING -> EMERGENCY_STOP (intent=STOP)
05:18:58.545 [AMR-04] SAFETY_STOP min_obstacle_distance=0.00m <= 1.2m
05:18:58.645 [AMR-04] CONFLICT_DETECTED peer=AMR-01 type=PROXIMITY node=(22, 9) safe_wait=(22, 9) DECISION=PROCEED (Higher precedence (64.4 vs 64.3) -> Proceed through (22, 9))
05:18:58.645 [AMR-04] STATE_TRANSITION EMERGENCY_STOP -> MOVING (intent=MOVE)
05:18:58.745 [AMR-04] STATE_TRANSITION MOVING -> EMERGENCY_STOP (intent=STOP)
05:18:58.745 [AMR-04] SAFETY_STOP min_obstacle_distance=0.15m <= 1.2m
05:18:58.846 [AMR-04] CONFLICT_DETECTED peer=AMR-01 type=PROXIMITY node=(22, 9) safe_wait=(22, 9) DECISION=YIELD (Lower precedence (64.3 vs 64.4) -> Safe wait at (22, 9) for AMR-01)
05:18:58.846 [AMR-04] STATE_TRANSITION EMERGENCY_STOP -> YIELDING (intent=YIELD)
05:18:58.946 [AMR-04] CONFLICT_DETECTED peer=AMR-01 type=PROXIMITY node=(22, 9) safe_wait=(22, 9) DECISION=PROCEED (Higher precedence (64.5 vs 64.4) -> Proceed through (22, 9))
05:18:58.946 [AMR-04] STATE_TRANSITION YIELDING -> MOVING (intent=MOVE)
05:18:59.046 [AMR-04] STATE_TRANSITION MOVING -> EMERGENCY_STOP (intent=STOP)
05:18:59.046 [AMR-04] SAFETY_STOP min_obstacle_distance=0.60m <= 1.2m
05:18:59.147 [AMR-04] CONFLICT_DETECTED peer=AMR-01 type=PROXIMITY node=(22, 9) safe_wait=(22, 9) DECISION=PROCEED (Higher precedence (64.3 vs 64.3) -> Proceed through (22, 9))
05:18:59.147 [AMR-04] STATE_TRANSITION EMERGENCY_STOP -> MOVING (intent=MOVE)
05:18:59.247 [AMR-04] STATE_TRANSITION MOVING -> EMERGENCY_STOP (intent=STOP)
05:18:59.247 [AMR-04] SAFETY_STOP min_obstacle_distance=0.75m <= 1.2m
05:18:59.348 [AMR-04] CONFLICT_DETECTED peer=AMR-01 type=PROXIMITY node=(22, 9) safe_wait=(22, 9) DECISION=YIELD (Lower precedence (64.2 vs 64.5) -> Safe wait at (22, 9) for AMR-01)
05:18:59.348 [AMR-04] STATE_TRANSITION EMERGENCY_STOP -> YIELDING (intent=YIELD)
05:18:59.449 [AMR-04] CONFLICT_DETECTED peer=AMR-01 type=PROXIMITY node=(22, 9) safe_wait=(22, 9) DECISION=PROCEED (Higher precedence (64.4 vs 64.4) -> Proceed through (22, 9))
05:18:59.449 [AMR-04] STATE_TRANSITION YIELDING -> MOVING (intent=MOVE)
05:18:59.549 [AMR-04] STATE_TRANSITION MOVING -> EMERGENCY_STOP (intent=STOP)
05:18:59.549 [AMR-04] SAFETY_STOP min_obstacle_distance=0.00m <= 1.2m
05:18:59.651 [AMR-04] CONFLICT_DETECTED peer=AMR-01 type=PROXIMITY node=(22, 9) safe_wait=(22, 9) DECISION=PROCEED (Higher precedence (64.0 vs 63.9) -> Proceed through (22, 9))
05:18:59.651 [AMR-04] STATE_TRANSITION EMERGENCY_STOP -> MOVING (intent=MOVE)
05:18:59.751 [AMR-04] STATE_TRANSITION MOVING -> EMERGENCY_STOP (intent=STOP)
05:18:59.751 [AMR-04] SAFETY_STOP min_obstacle_distance=0.15m <= 1.2m
05:18:59.851 [AMR-04] CONFLICT_DETECTED peer=AMR-01 type=PROXIMITY node=(22, 9) safe_wait=(22, 9) DECISION=YIELD (Lower precedence (63.9 vs 64.1) -> Safe wait at (22, 9) for AMR-01)
05:18:59.851 [AMR-04] STATE_TRANSITION EMERGENCY_STOP -> YIELDING (intent=YIELD)
05:18:59.951 [AMR-04] CONFLICT_DETECTED peer=AMR-01 type=PROXIMITY node=(22, 9) safe_wait=(22, 9) DECISION=PROCEED (Higher precedence (64.1 vs 64.0) -> Proceed through (22, 9))
05:18:59.951 [AMR-04] STATE_TRANSITION YIELDING -> MOVING (intent=MOVE)
05:19:00.052 [AMR-04] STATE_TRANSITION MOVING -> EMERGENCY_STOP (intent=STOP)
05:19:00.052 [AMR-04] SAFETY_STOP min_obstacle_distance=0.45m <= 1.2m
05:19:00.154 [AMR-04] CONFLICT_DETECTED peer=AMR-01 type=PROXIMITY node=(22, 9) safe_wait=(22, 9) DECISION=PROCEED (Higher precedence (63.9 vs 63.9) -> Proceed through (22, 9))
05:19:00.154 [AMR-04] STATE_TRANSITION EMERGENCY_STOP -> MOVING (intent=MOVE)
05:19:00.253 [AMR-04] STATE_TRANSITION MOVING -> EMERGENCY_STOP (intent=STOP)
05:19:00.253 [AMR-04] SAFETY_STOP min_obstacle_distance=0.75m <= 1.2m
05:19:00.354 [AMR-04] CONFLICT_DETECTED peer=AMR-01 type=PROXIMITY node=(22, 9) safe_wait=(22, 9) DECISION=YIELD (Lower precedence (63.8 vs 64.1) -> Safe wait at (22, 9) for AMR-01)
05:19:00.354 [AMR-04] STATE_TRANSITION EMERGENCY_STOP -> YIELDING (intent=YIELD)
05:19:00.455 [AMR-04] CONFLICT_DETECTED peer=AMR-01 type=PROXIMITY node=(22, 9) safe_wait=(22, 9) DECISION=PROCEED (Higher precedence (64.0 vs 64.0) -> Proceed through (22, 9))
05:19:00.455 [AMR-04] STATE_TRANSITION YIELDING -> MOVING (intent=MOVE)
05:19:00.555 [AMR-04] STATE_TRANSITION MOVING -> EMERGENCY_STOP (intent=STOP)
05:19:00.555 [AMR-04] SAFETY_STOP min_obstacle_distance=0.45m <= 1.2m
05:19:00.656 [AMR-04] CONFLICT_DETECTED peer=AMR-01 type=PROXIMITY node=(22, 9) safe_wait=(22, 9) DECISION=PROCEED (Higher precedence (63.6 vs 63.5) -> Proceed through (22, 9))
05:19:00.656 [AMR-04] STATE_TRANSITION EMERGENCY_STOP -> MOVING (intent=MOVE)
05:19:00.757 [AMR-04] STATE_TRANSITION MOVING -> EMERGENCY_STOP (intent=STOP)
05:19:00.757 [AMR-04] SAFETY_STOP min_obstacle_distance=0.15m <= 1.2m
05:19:00.857 [AMR-04] CONFLICT_DETECTED peer=AMR-01 type=PROXIMITY node=(22, 9) safe_wait=(22, 9) DECISION=YIELD (Lower precedence (63.5 vs 63.7) -> Safe wait at (22, 9) for AMR-01)
05:19:00.857 [AMR-04] STATE_TRANSITION EMERGENCY_STOP -> YIELDING (intent=YIELD)
05:19:00.957 [AMR-04] CONFLICT_DETECTED peer=AMR-01 type=PROXIMITY node=(22, 9) safe_wait=(22, 9) DECISION=PROCEED (Higher precedence (63.7 vs 63.6) -> Proceed through (22, 9))
05:19:00.957 [AMR-04] STATE_TRANSITION YIELDING -> MOVING (intent=MOVE)
05:19:01.058 [AMR-04] STATE_TRANSITION MOVING -> EMERGENCY_STOP (intent=STOP)
05:19:01.058 [AMR-04] SAFETY_STOP min_obstacle_distance=0.45m <= 1.2m
05:19:01.158 [AMR-04] CONFLICT_DETECTED peer=AMR-01 type=PROXIMITY node=(22, 9) safe_wait=(22, 9) DECISION=PROCEED (Higher precedence (63.5 vs 63.5) -> Proceed through (22, 9))
05:19:01.159 [AMR-04] STATE_TRANSITION EMERGENCY_STOP -> MOVING (intent=MOVE)
05:19:01.259 [AMR-04] STATE_TRANSITION MOVING -> EMERGENCY_STOP (intent=STOP)
05:19:01.259 [AMR-04] SAFETY_STOP min_obstacle_distance=0.75m <= 1.2m
05:19:01.359 [AMR-04] CONFLICT_DETECTED peer=AMR-01 type=PROXIMITY node=(22, 9) safe_wait=(22, 9) DECISION=YIELD (Lower precedence (63.4 vs 63.7) -> Safe wait at (22, 9) for AMR-01)
05:19:01.359 [AMR-04] STATE_TRANSITION EMERGENCY_STOP -> YIELDING (intent=YIELD)
05:19:01.461 [AMR-04] CONFLICT_DETECTED peer=AMR-01 type=PROXIMITY node=(22, 9) safe_wait=(22, 9) DECISION=PROCEED (Higher precedence (63.6 vs 63.6) -> Proceed through (22, 9))
05:19:01.461 [AMR-04] STATE_TRANSITION YIELDING -> MOVING (intent=MOVE)
05:19:01.561 [AMR-04] STATE_TRANSITION MOVING -> EMERGENCY_STOP (intent=STOP)
05:19:01.561 [AMR-04] SAFETY_STOP min_obstacle_distance=0.45m <= 1.2m
05:19:01.661 [AMR-04] CONFLICT_DETECTED peer=AMR-01 type=PROXIMITY node=(22, 9) safe_wait=(22, 9) DECISION=PROCEED (Higher precedence (63.2 vs 63.1) -> Proceed through (22, 9))
05:19:01.661 [AMR-04] STATE_TRANSITION EMERGENCY_STOP -> MOVING (intent=MOVE)
05:19:01.762 [AMR-04] STATE_TRANSITION MOVING -> EMERGENCY_STOP (intent=STOP)
05:19:01.762 [AMR-04] SAFETY_STOP min_obstacle_distance=0.15m <= 1.2m
05:19:01.863 [AMR-04] CONFLICT_DETECTED peer=AMR-01 type=PROXIMITY node=(22, 9) safe_wait=(22, 9) DECISION=YIELD (Lower precedence (63.1 vs 63.3) -> Safe wait at (22, 9) for AMR-01)
05:19:01.863 [AMR-04] STATE_TRANSITION EMERGENCY_STOP -> YIELDING (intent=YIELD)
05:19:01.964 [AMR-04] CONFLICT_DETECTED peer=AMR-01 type=PROXIMITY node=(22, 9) safe_wait=(22, 9) DECISION=PROCEED (Higher precedence (63.3 vs 63.2) -> Proceed through (22, 9))
05:19:01.964 [AMR-04] STATE_TRANSITION YIELDING -> MOVING (intent=MOVE)
05:19:02.065 [AMR-04] STATE_TRANSITION MOVING -> EMERGENCY_STOP (intent=STOP)
05:19:02.065 [AMR-04] SAFETY_STOP min_obstacle_distance=0.45m <= 1.2m
05:19:02.166 [AMR-04] CONFLICT_DETECTED peer=AMR-01 type=PROXIMITY node=(22, 9) safe_wait=(22, 9) DECISION=PROCEED (Higher precedence (63.1 vs 63.1) -> Proceed through (22, 9))
05:19:02.166 [AMR-04] STATE_TRANSITION EMERGENCY_STOP -> MOVING (intent=MOVE)
05:19:02.266 [AMR-04] STATE_TRANSITION MOVING -> EMERGENCY_STOP (intent=STOP)
05:19:02.266 [AMR-04] SAFETY_STOP min_obstacle_distance=0.75m <= 1.2m
05:19:02.367 [AMR-04] CONFLICT_DETECTED peer=AMR-01 type=PROXIMITY node=(22, 9) safe_wait=(22, 9) DECISION=YIELD (Lower precedence (63.0 vs 63.3) -> Safe wait at (22, 9) for AMR-01)
05:19:02.367 [AMR-04] STATE_TRANSITION EMERGENCY_STOP -> YIELDING (intent=YIELD)
05:19:02.468 [AMR-04] CONFLICT_DETECTED peer=AMR-01 type=PROXIMITY node=(22, 9) safe_wait=(22, 9) DECISION=PROCEED (Higher precedence (63.2 vs 63.1) -> Proceed through (22, 9))
05:19:02.468 [AMR-04] STATE_TRANSITION YIELDING -> MOVING (intent=MOVE)
05:19:02.568 [AMR-04] STATE_TRANSITION MOVING -> EMERGENCY_STOP (intent=STOP)
05:19:02.568 [AMR-04] SAFETY_STOP min_obstacle_distance=1.00m <= 1.2m
05:19:02.668 [AMR-04] CONFLICT_DETECTED peer=AMR-01 type=PROXIMITY node=(22, 8) safe_wait=(22, 8) DECISION=PROCEED (Higher precedence (63.3 vs 62.7) -> Proceed through (22, 8))
05:19:02.668 [AMR-04] STATE_TRANSITION EMERGENCY_STOP -> MOVING (intent=MOVE)
05:19:02.769 [AMR-04] STATE_TRANSITION MOVING -> EMERGENCY_STOP (intent=STOP)
05:19:02.769 [AMR-04] SAFETY_STOP min_obstacle_distance=1.15m <= 1.2m
05:19:02.869 [AMR-04] CONFLICT_DETECTED peer=AMR-01 type=PROXIMITY node=(22, 8) safe_wait=(22, 8) DECISION=PROCEED (Higher precedence (63.2 vs 62.9) -> Proceed through (22, 8))
05:19:02.869 [AMR-04] STATE_TRANSITION EMERGENCY_STOP -> MOVING (intent=MOVE)
05:19:03.071 [AMR-04] STATE_TRANSITION MOVING -> EMERGENCY_STOP (intent=STOP)
05:19:03.071 [AMR-04] SAFETY_STOP min_obstacle_distance=1.14m <= 1.2m
05:19:03.172 [AMR-04] STATE_TRANSITION EMERGENCY_STOP -> MOVING (intent=MOVE)
05:19:03.272 [AMR-04] STATE_TRANSITION MOVING -> EMERGENCY_STOP (intent=STOP)
05:19:03.272 [AMR-04] SAFETY_STOP min_obstacle_distance=1.08m <= 1.2m
05:19:03.374 [AMR-04] STATE_TRANSITION EMERGENCY_STOP -> MOVING (intent=MOVE)
05:19:03.474 [AMR-04] STATE_TRANSITION MOVING -> EMERGENCY_STOP (intent=STOP)
05:19:03.474 [AMR-04] SAFETY_STOP min_obstacle_distance=1.03m <= 1.2m
05:19:03.574 [AMR-04] STATE_TRANSITION EMERGENCY_STOP -> MOVING (intent=MOVE)
05:19:03.877 [AMR-04] STATE_TRANSITION MOVING -> EMERGENCY_STOP (intent=STOP)
05:19:03.877 [AMR-04] SAFETY_STOP min_obstacle_distance=1.14m <= 1.2m
05:19:03.978 [AMR-04] STATE_TRANSITION EMERGENCY_STOP -> MOVING (intent=MOVE)
05:19:04.078 [AMR-04] STATE_TRANSITION MOVING -> EMERGENCY_STOP (intent=STOP)
05:19:04.078 [AMR-04] SAFETY_STOP min_obstacle_distance=1.08m <= 1.2m
05:19:04.178 [AMR-04] STATE_TRANSITION EMERGENCY_STOP -> MOVING (intent=MOVE)
05:19:04.278 [AMR-04] STATE_TRANSITION MOVING -> EMERGENCY_STOP (intent=STOP)
05:19:04.278 [AMR-04] SAFETY_STOP min_obstacle_distance=1.03m <= 1.2m
05:19:04.380 [AMR-04] STATE_TRANSITION EMERGENCY_STOP -> MOVING (intent=MOVE)
05:19:04.481 [AMR-04] STATE_TRANSITION MOVING -> EMERGENCY_STOP (intent=STOP)
05:19:04.481 [AMR-04] SAFETY_STOP min_obstacle_distance=1.00m <= 1.2m
05:19:04.581 [AMR-04] STATE_TRANSITION EMERGENCY_STOP -> MOVING (intent=MOVE)
05:19:04.883 [AMR-04] STATE_TRANSITION MOVING -> EMERGENCY_STOP (intent=STOP)
05:19:04.883 [AMR-04] SAFETY_STOP min_obstacle_distance=1.14m <= 1.2m
05:19:04.983 [AMR-04] STATE_TRANSITION EMERGENCY_STOP -> MOVING (intent=MOVE)
05:19:05.084 [AMR-04] STATE_TRANSITION MOVING -> EMERGENCY_STOP (intent=STOP)
05:19:05.084 [AMR-04] SAFETY_STOP min_obstacle_distance=1.08m <= 1.2m
05:19:05.184 [AMR-04] STATE_TRANSITION EMERGENCY_STOP -> MOVING (intent=MOVE)
05:19:05.284 [AMR-04] STATE_TRANSITION MOVING -> EMERGENCY_STOP (intent=STOP)
05:19:05.284 [AMR-04] SAFETY_STOP min_obstacle_distance=1.03m <= 1.2m
05:19:05.385 [AMR-04] STATE_TRANSITION EMERGENCY_STOP -> MOVING (intent=MOVE)
05:19:05.486 [AMR-04] STATE_TRANSITION MOVING -> EMERGENCY_STOP (intent=STOP)
05:19:05.486 [AMR-04] SAFETY_STOP min_obstacle_distance=1.00m <= 1.2m
05:19:05.586 [AMR-04] STATE_TRANSITION EMERGENCY_STOP -> MOVING (intent=MOVE)
05:19:05.888 [AMR-04] STATE_TRANSITION MOVING -> EMERGENCY_STOP (intent=STOP)
05:19:05.888 [AMR-04] SAFETY_STOP min_obstacle_distance=1.14m <= 1.2m
05:19:05.989 [AMR-04] STATE_TRANSITION EMERGENCY_STOP -> MOVING (intent=MOVE)
05:19:06.090 [AMR-04] STATE_TRANSITION MOVING -> EMERGENCY_STOP (intent=STOP)
05:19:06.091 [AMR-04] SAFETY_STOP min_obstacle_distance=1.08m <= 1.2m
05:19:06.192 [AMR-04] STATE_TRANSITION EMERGENCY_STOP -> MOVING (intent=MOVE)
05:19:06.293 [AMR-04] STATE_TRANSITION MOVING -> EMERGENCY_STOP (intent=STOP)
05:19:06.293 [AMR-04] SAFETY_STOP min_obstacle_distance=1.03m <= 1.2m
05:19:06.394 [AMR-04] STATE_TRANSITION EMERGENCY_STOP -> MOVING (intent=MOVE)
05:19:06.496 [AMR-04] STATE_TRANSITION MOVING -> EMERGENCY_STOP (intent=STOP)
05:19:06.496 [AMR-04] SAFETY_STOP min_obstacle_distance=1.00m <= 1.2m
05:19:06.596 [AMR-04] STATE_TRANSITION EMERGENCY_STOP -> MOVING (intent=MOVE)
05:19:06.899 [AMR-04] STATE_TRANSITION MOVING -> EMERGENCY_STOP (intent=STOP)
05:19:06.899 [AMR-04] SAFETY_STOP min_obstacle_distance=1.14m <= 1.2m
05:19:07.001 [AMR-04] STATE_TRANSITION EMERGENCY_STOP -> MOVING (intent=MOVE)
05:19:07.103 [AMR-04] STATE_TRANSITION MOVING -> EMERGENCY_STOP (intent=STOP)
05:19:07.104 [AMR-04] SAFETY_STOP min_obstacle_distance=1.07m <= 1.2m
05:19:07.203 [AMR-04] STATE_TRANSITION EMERGENCY_STOP -> MOVING (intent=MOVE)
05:19:07.304 [AMR-04] STATE_TRANSITION MOVING -> EMERGENCY_STOP (intent=STOP)
05:19:07.304 [AMR-04] SAFETY_STOP min_obstacle_distance=1.03m <= 1.2m
05:19:07.406 [AMR-04] STATE_TRANSITION EMERGENCY_STOP -> MOVING (intent=MOVE)
05:19:07.812 [AMR-04] STATE_TRANSITION MOVING -> EMERGENCY_STOP (intent=STOP)
05:19:07.812 [AMR-04] SAFETY_STOP min_obstacle_distance=1.14m <= 1.2m
05:19:07.913 [AMR-04] STATE_TRANSITION EMERGENCY_STOP -> MOVING (intent=MOVE)
05:19:08.013 [AMR-04] STATE_TRANSITION MOVING -> EMERGENCY_STOP (intent=STOP)
05:19:08.013 [AMR-04] SAFETY_STOP min_obstacle_distance=1.07m <= 1.2m
05:19:08.114 [AMR-04] STATE_TRANSITION EMERGENCY_STOP -> MOVING (intent=MOVE)
05:19:08.214 [AMR-04] STATE_TRANSITION MOVING -> EMERGENCY_STOP (intent=STOP)
05:19:08.215 [AMR-04] SAFETY_STOP min_obstacle_distance=1.03m <= 1.2m
05:19:08.315 [AMR-04] STATE_TRANSITION EMERGENCY_STOP -> MOVING (intent=MOVE)
05:19:08.416 [AMR-04] STATE_TRANSITION MOVING -> EMERGENCY_STOP (intent=STOP)
05:19:08.416 [AMR-04] SAFETY_STOP min_obstacle_distance=1.00m <= 1.2m
05:19:08.517 [AMR-04] STATE_TRANSITION EMERGENCY_STOP -> MOVING (intent=MOVE)
05:19:08.819 [AMR-04] STATE_TRANSITION MOVING -> EMERGENCY_STOP (intent=STOP)
05:19:08.819 [AMR-04] SAFETY_STOP min_obstacle_distance=1.14m <= 1.2m
05:19:08.920 [AMR-04] STATE_TRANSITION EMERGENCY_STOP -> MOVING (intent=MOVE)
05:19:09.020 [AMR-04] STATE_TRANSITION MOVING -> EMERGENCY_STOP (intent=STOP)
05:19:09.020 [AMR-04] SAFETY_STOP min_obstacle_distance=1.08m <= 1.2m
05:19:09.122 [AMR-04] STATE_TRANSITION EMERGENCY_STOP -> MOVING (intent=MOVE)
05:19:09.223 [AMR-04] STATE_TRANSITION MOVING -> EMERGENCY_STOP (intent=STOP)
05:19:09.223 [AMR-04] SAFETY_STOP min_obstacle_distance=1.03m <= 1.2m
05:19:09.324 [AMR-04] STATE_TRANSITION EMERGENCY_STOP -> MOVING (intent=MOVE)
05:19:09.426 [AMR-04] STATE_TRANSITION MOVING -> EMERGENCY_STOP (intent=STOP)
05:19:09.426 [AMR-04] SAFETY_STOP min_obstacle_distance=1.00m <= 1.2m
05:19:09.526 [AMR-04] STATE_TRANSITION EMERGENCY_STOP -> MOVING (intent=MOVE)
05:19:09.627 [AMR-04] STATE_TRANSITION MOVING -> EMERGENCY_STOP (intent=STOP)
05:19:09.627 [AMR-04] SAFETY_STOP min_obstacle_distance=1.15m <= 1.2m
05:19:09.729 [AMR-04] CONFLICT_DETECTED peer=AMR-01 type=PROXIMITY node=(22, 8) safe_wait=(22, 8) DECISION=PROCEED (Higher precedence (57.1 vs 52.1) -> Proceed through (22, 8))
05:19:09.729 [AMR-04] STATE_TRANSITION EMERGENCY_STOP -> MOVING (intent=MOVE)
05:19:09.931 [AMR-04] STATE_TRANSITION MOVING -> EMERGENCY_STOP (intent=STOP)
05:19:09.931 [AMR-04] SAFETY_STOP min_obstacle_distance=1.14m <= 1.2m
05:19:10.032 [AMR-04] STATE_TRANSITION EMERGENCY_STOP -> MOVING (intent=MOVE)
05:19:10.134 [AMR-04] STATE_TRANSITION MOVING -> EMERGENCY_STOP (intent=STOP)
05:19:10.134 [AMR-04] SAFETY_STOP min_obstacle_distance=1.07m <= 1.2m
05:19:10.235 [AMR-04] STATE_TRANSITION EMERGENCY_STOP -> MOVING (intent=MOVE)
05:19:10.336 [AMR-04] STATE_TRANSITION MOVING -> EMERGENCY_STOP (intent=STOP)
05:19:10.336 [AMR-04] SAFETY_STOP min_obstacle_distance=1.03m <= 1.2m
05:19:10.437 [AMR-04] STATE_TRANSITION EMERGENCY_STOP -> MOVING (intent=MOVE)
05:19:10.538 [AMR-04] STATE_TRANSITION MOVING -> EMERGENCY_STOP (intent=STOP)
05:19:10.538 [AMR-04] SAFETY_STOP min_obstacle_distance=1.17m <= 1.2m
05:19:10.639 [AMR-04] CONFLICT_DETECTED peer=AMR-01 type=PROXIMITY node=(22, 8) safe_wait=(22, 8) DECISION=PROCEED (Higher precedence (57.0 vs 51.6) -> Proceed through (22, 8))
05:19:10.639 [AMR-04] STATE_TRANSITION EMERGENCY_STOP -> MOVING (intent=MOVE)
05:19:10.739 [AMR-04] STATE_TRANSITION MOVING -> EMERGENCY_STOP (intent=STOP)
05:19:10.740 [AMR-04] SAFETY_STOP min_obstacle_distance=1.16m <= 1.2m
05:19:10.841 [AMR-04] CONFLICT_DETECTED peer=AMR-01 type=PROXIMITY node=(22, 8) safe_wait=(22, 8) DECISION=PROCEED (Higher precedence (57.1 vs 51.5) -> Proceed through (22, 8))
05:19:10.841 [AMR-04] STATE_TRANSITION EMERGENCY_STOP -> MOVING (intent=MOVE)
05:19:11.043 [AMR-04] STATE_TRANSITION MOVING -> EMERGENCY_STOP (intent=STOP)
05:19:11.043 [AMR-04] SAFETY_STOP min_obstacle_distance=1.14m <= 1.2m
05:19:11.144 [AMR-04] STATE_TRANSITION EMERGENCY_STOP -> MOVING (intent=MOVE)
05:19:11.245 [AMR-04] STATE_TRANSITION MOVING -> EMERGENCY_STOP (intent=STOP)
05:19:11.245 [AMR-04] SAFETY_STOP min_obstacle_distance=1.07m <= 1.2m
05:19:11.347 [AMR-04] STATE_TRANSITION EMERGENCY_STOP -> MOVING (intent=MOVE)
05:19:11.448 [AMR-04] STATE_TRANSITION MOVING -> EMERGENCY_STOP (intent=STOP)
05:19:11.448 [AMR-04] SAFETY_STOP min_obstacle_distance=1.03m <= 1.2m
05:19:11.549 [AMR-04] CONFLICT_DETECTED peer=AMR-01 type=PROXIMITY node=(22, 8) safe_wait=(22, 8) DECISION=PROCEED (Higher precedence (57.0 vs 51.7) -> Proceed through (22, 8))
05:19:11.550 [AMR-04] STATE_TRANSITION EMERGENCY_STOP -> MOVING (intent=MOVE)
05:19:11.650 [AMR-04] STATE_TRANSITION MOVING -> EMERGENCY_STOP (intent=STOP)
05:19:11.650 [AMR-04] SAFETY_STOP min_obstacle_distance=1.15m <= 1.2m
05:19:11.752 [AMR-04] CONFLICT_DETECTED peer=AMR-01 type=PROXIMITY node=(22, 8) safe_wait=(22, 8) DECISION=PROCEED (Higher precedence (57.1 vs 51.2) -> Proceed through (22, 8))
05:19:11.752 [AMR-04] STATE_TRANSITION EMERGENCY_STOP -> MOVING (intent=MOVE)
05:19:11.954 [AMR-04] STATE_TRANSITION MOVING -> EMERGENCY_STOP (intent=STOP)
05:19:11.954 [AMR-04] SAFETY_STOP min_obstacle_distance=1.14m <= 1.2m
05:19:12.056 [AMR-04] STATE_TRANSITION EMERGENCY_STOP -> MOVING (intent=MOVE)
05:19:12.157 [AMR-04] STATE_TRANSITION MOVING -> EMERGENCY_STOP (intent=STOP)
05:19:12.157 [AMR-04] SAFETY_STOP min_obstacle_distance=1.07m <= 1.2m
05:19:12.259 [AMR-04] STATE_TRANSITION EMERGENCY_STOP -> MOVING (intent=MOVE)
05:19:12.360 [AMR-04] STATE_TRANSITION MOVING -> EMERGENCY_STOP (intent=STOP)
05:19:12.360 [AMR-04] SAFETY_STOP min_obstacle_distance=1.03m <= 1.2m
05:19:12.462 [AMR-04] STATE_TRANSITION EMERGENCY_STOP -> MOVING (intent=MOVE)
05:19:12.563 [AMR-04] STATE_TRANSITION MOVING -> EMERGENCY_STOP (intent=STOP)
05:19:12.563 [AMR-04] SAFETY_STOP min_obstacle_distance=1.17m <= 1.2m
05:19:12.664 [AMR-04] CONFLICT_DETECTED peer=AMR-01 type=PROXIMITY node=(22, 8) safe_wait=(22, 8) DECISION=PROCEED (Higher precedence (57.0 vs 50.8) -> Proceed through (22, 8))
05:19:12.664 [AMR-04] STATE_TRANSITION EMERGENCY_STOP -> MOVING (intent=MOVE)
05:19:12.765 [AMR-04] STATE_TRANSITION MOVING -> EMERGENCY_STOP (intent=STOP)
05:19:12.765 [AMR-04] SAFETY_STOP min_obstacle_distance=1.16m <= 1.2m
05:19:12.866 [AMR-04] CONFLICT_DETECTED peer=AMR-01 type=PROXIMITY node=(22, 8) safe_wait=(22, 8) DECISION=PROCEED (Higher precedence (57.1 vs 50.6) -> Proceed through (22, 8))
05:19:12.866 [AMR-04] STATE_TRANSITION EMERGENCY_STOP -> MOVING (intent=MOVE)
05:19:13.069 [AMR-04] STATE_TRANSITION MOVING -> EMERGENCY_STOP (intent=STOP)
05:19:13.070 [AMR-04] SAFETY_STOP min_obstacle_distance=1.14m <= 1.2m
05:19:13.170 [AMR-04] STATE_TRANSITION EMERGENCY_STOP -> MOVING (intent=MOVE)
05:19:13.270 [AMR-04] STATE_TRANSITION MOVING -> EMERGENCY_STOP (intent=STOP)
05:19:13.270 [AMR-04] SAFETY_STOP min_obstacle_distance=1.07m <= 1.2m
05:19:13.371 [AMR-04] STATE_TRANSITION EMERGENCY_STOP -> MOVING (intent=MOVE)
05:19:13.472 [AMR-04] STATE_TRANSITION MOVING -> EMERGENCY_STOP (intent=STOP)
05:19:13.472 [AMR-04] SAFETY_STOP min_obstacle_distance=1.03m <= 1.2m
05:19:13.572 [AMR-04] CONFLICT_DETECTED peer=AMR-01 type=PROXIMITY node=(22, 8) safe_wait=(22, 8) DECISION=PROCEED (Higher precedence (57.0 vs 50.9) -> Proceed through (22, 8))
05:19:13.572 [AMR-04] STATE_TRANSITION EMERGENCY_STOP -> MOVING (intent=MOVE)
05:19:13.673 [AMR-04] STATE_TRANSITION MOVING -> EMERGENCY_STOP (intent=STOP)
05:19:13.673 [AMR-04] SAFETY_STOP min_obstacle_distance=1.15m <= 1.2m
05:19:13.776 [AMR-04] CONFLICT_DETECTED peer=AMR-01 type=PROXIMITY node=(22, 8) safe_wait=(22, 8) DECISION=PROCEED (Higher precedence (57.1 vs 50.5) -> Proceed through (22, 8))
05:19:13.776 [AMR-04] STATE_TRANSITION EMERGENCY_STOP -> MOVING (intent=MOVE)
05:19:13.977 [AMR-04] STATE_TRANSITION MOVING -> EMERGENCY_STOP (intent=STOP)
05:19:13.977 [AMR-04] SAFETY_STOP min_obstacle_distance=1.14m <= 1.2m
05:19:14.078 [AMR-04] STATE_TRANSITION EMERGENCY_STOP -> MOVING (intent=MOVE)
05:19:14.178 [AMR-04] STATE_TRANSITION MOVING -> EMERGENCY_STOP (intent=STOP)
05:19:14.178 [AMR-04] SAFETY_STOP min_obstacle_distance=1.07m <= 1.2m
05:19:14.280 [AMR-04] STATE_TRANSITION EMERGENCY_STOP -> MOVING (intent=MOVE)
05:19:14.382 [AMR-04] STATE_TRANSITION MOVING -> EMERGENCY_STOP (intent=STOP)
05:19:14.382 [AMR-04] SAFETY_STOP min_obstacle_distance=1.03m <= 1.2m
05:19:14.483 [AMR-04] STATE_TRANSITION EMERGENCY_STOP -> MOVING (intent=MOVE)
05:19:14.584 [AMR-04] STATE_TRANSITION MOVING -> EMERGENCY_STOP (intent=STOP)
05:19:14.584 [AMR-04] SAFETY_STOP min_obstacle_distance=1.00m <= 1.2m
05:19:14.685 [AMR-04] STATE_TRANSITION EMERGENCY_STOP -> MOVING (intent=MOVE)
05:19:14.786 [AMR-04] STATE_TRANSITION MOVING -> EMERGENCY_STOP (intent=STOP)
05:19:14.786 [AMR-04] SAFETY_STOP min_obstacle_distance=1.01m <= 1.2m
05:19:14.888 [AMR-04] STATE_TRANSITION EMERGENCY_STOP -> MOVING (intent=MOVE)
05:19:14.990 [AMR-04] STATE_TRANSITION MOVING -> EMERGENCY_STOP (intent=STOP)
05:19:14.990 [AMR-04] SAFETY_STOP min_obstacle_distance=1.05m <= 1.2m
05:19:15.091 [AMR-04] STATE_TRANSITION EMERGENCY_STOP -> MOVING (intent=MOVE)
05:19:15.191 [AMR-04] STATE_TRANSITION MOVING -> EMERGENCY_STOP (intent=STOP)
05:19:15.191 [AMR-04] SAFETY_STOP min_obstacle_distance=1.10m <= 1.2m
05:19:15.292 [AMR-04] STATE_TRANSITION EMERGENCY_STOP -> MOVING (intent=MOVE)
05:19:15.393 [AMR-04] STATE_TRANSITION MOVING -> EMERGENCY_STOP (intent=STOP)
05:19:15.393 [AMR-04] SAFETY_STOP min_obstacle_distance=1.07m <= 1.2m
05:19:15.493 [AMR-04] STATE_TRANSITION EMERGENCY_STOP -> MOVING (intent=MOVE)
05:19:15.594 [AMR-04] STATE_TRANSITION MOVING -> EMERGENCY_STOP (intent=STOP)
05:19:15.594 [AMR-04] SAFETY_STOP min_obstacle_distance=1.00m <= 1.2m
05:19:15.695 [AMR-04] STATE_TRANSITION EMERGENCY_STOP -> MOVING (intent=MOVE)
05:19:15.796 [AMR-04] STATE_TRANSITION MOVING -> EMERGENCY_STOP (intent=STOP)
05:19:15.796 [AMR-04] SAFETY_STOP min_obstacle_distance=1.01m <= 1.2m
05:19:15.897 [AMR-04] STATE_TRANSITION EMERGENCY_STOP -> MOVING (intent=MOVE)
05:19:15.997 [AMR-04] STATE_TRANSITION MOVING -> EMERGENCY_STOP (intent=STOP)
05:19:15.997 [AMR-04] SAFETY_STOP min_obstacle_distance=1.04m <= 1.2m
05:19:16.099 [AMR-04] STATE_TRANSITION EMERGENCY_STOP -> MOVING (intent=MOVE)
05:19:16.200 [AMR-04] STATE_TRANSITION MOVING -> EMERGENCY_STOP (intent=STOP)
05:19:16.201 [AMR-04] SAFETY_STOP min_obstacle_distance=1.10m <= 1.2m
05:19:16.301 [AMR-04] STATE_TRANSITION EMERGENCY_STOP -> MOVING (intent=MOVE)
05:19:16.403 [AMR-04] STATE_TRANSITION MOVING -> EMERGENCY_STOP (intent=STOP)
05:19:16.403 [AMR-04] SAFETY_STOP min_obstacle_distance=1.07m <= 1.2m
05:19:16.505 [AMR-04] STATE_TRANSITION EMERGENCY_STOP -> MOVING (intent=MOVE)
05:19:16.605 [AMR-04] STATE_TRANSITION MOVING -> EMERGENCY_STOP (intent=STOP)
05:19:16.605 [AMR-04] SAFETY_STOP min_obstacle_distance=1.00m <= 1.2m
05:19:16.706 [AMR-04] STATE_TRANSITION EMERGENCY_STOP -> MOVING (intent=MOVE)
05:19:16.807 [AMR-04] STATE_TRANSITION MOVING -> EMERGENCY_STOP (intent=STOP)
05:19:16.807 [AMR-04] SAFETY_STOP min_obstacle_distance=1.01m <= 1.2m
05:19:16.909 [AMR-04] STATE_TRANSITION EMERGENCY_STOP -> MOVING (intent=MOVE)
05:19:17.010 [AMR-04] STATE_TRANSITION MOVING -> EMERGENCY_STOP (intent=STOP)
05:19:17.010 [AMR-04] SAFETY_STOP min_obstacle_distance=1.05m <= 1.2m
05:19:17.112 [AMR-04] STATE_TRANSITION EMERGENCY_STOP -> MOVING (intent=MOVE)
05:19:17.213 [AMR-04] STATE_TRANSITION MOVING -> EMERGENCY_STOP (intent=STOP)
05:19:17.213 [AMR-04] SAFETY_STOP min_obstacle_distance=1.10m <= 1.2m
05:19:17.315 [AMR-04] STATE_TRANSITION EMERGENCY_STOP -> MOVING (intent=MOVE)
05:19:17.417 [AMR-04] STATE_TRANSITION MOVING -> EMERGENCY_STOP (intent=STOP)
05:19:17.417 [AMR-04] SAFETY_STOP min_obstacle_distance=1.07m <= 1.2m
05:19:17.518 [AMR-04] STATE_TRANSITION EMERGENCY_STOP -> MOVING (intent=MOVE)
05:19:17.619 [AMR-04] STATE_TRANSITION MOVING -> EMERGENCY_STOP (intent=STOP)
05:19:17.619 [AMR-04] SAFETY_STOP min_obstacle_distance=1.00m <= 1.2m
05:19:17.720 [AMR-04] STATE_TRANSITION EMERGENCY_STOP -> MOVING (intent=MOVE)
05:19:17.821 [AMR-04] STATE_TRANSITION MOVING -> EMERGENCY_STOP (intent=STOP)
05:19:17.821 [AMR-04] SAFETY_STOP min_obstacle_distance=1.01m <= 1.2m
05:19:17.923 [AMR-04] STATE_TRANSITION EMERGENCY_STOP -> MOVING (intent=MOVE)
05:19:18.023 [AMR-04] STATE_TRANSITION MOVING -> EMERGENCY_STOP (intent=STOP)
05:19:18.023 [AMR-04] SAFETY_STOP min_obstacle_distance=1.04m <= 1.2m
05:19:18.125 [AMR-04] STATE_TRANSITION EMERGENCY_STOP -> MOVING (intent=MOVE)
05:19:18.225 [AMR-04] STATE_TRANSITION MOVING -> EMERGENCY_STOP (intent=STOP)
05:19:18.225 [AMR-04] SAFETY_STOP min_obstacle_distance=1.10m <= 1.2m
05:19:18.326 [AMR-04] STATE_TRANSITION EMERGENCY_STOP -> MOVING (intent=MOVE)
05:19:18.426 [AMR-04] STATE_TRANSITION MOVING -> EMERGENCY_STOP (intent=STOP)
05:19:18.426 [AMR-04] SAFETY_STOP min_obstacle_distance=1.07m <= 1.2m
05:19:18.526 [AMR-04] STATE_TRANSITION EMERGENCY_STOP -> MOVING (intent=MOVE)
05:19:18.626 [AMR-04] STATE_TRANSITION MOVING -> EMERGENCY_STOP (intent=STOP)
05:19:18.626 [AMR-04] SAFETY_STOP min_obstacle_distance=1.00m <= 1.2m
05:19:18.727 [AMR-04] STATE_TRANSITION EMERGENCY_STOP -> MOVING (intent=MOVE)
05:19:18.829 [AMR-04] STATE_TRANSITION MOVING -> EMERGENCY_STOP (intent=STOP)
05:19:18.829 [AMR-04] SAFETY_STOP min_obstacle_distance=1.01m <= 1.2m
05:19:18.929 [AMR-04] STATE_TRANSITION EMERGENCY_STOP -> MOVING (intent=MOVE)
05:19:19.030 [AMR-04] STATE_TRANSITION MOVING -> EMERGENCY_STOP (intent=STOP)
05:19:19.030 [AMR-04] SAFETY_STOP min_obstacle_distance=1.04m <= 1.2m
05:19:19.131 [AMR-04] STATE_TRANSITION EMERGENCY_STOP -> MOVING (intent=MOVE)
05:19:19.233 [AMR-04] STATE_TRANSITION MOVING -> EMERGENCY_STOP (intent=STOP)
05:19:19.233 [AMR-04] SAFETY_STOP min_obstacle_distance=1.10m <= 1.2m
05:19:19.334 [AMR-04] STATE_TRANSITION EMERGENCY_STOP -> MOVING (intent=MOVE)
05:19:19.436 [AMR-04] STATE_TRANSITION MOVING -> EMERGENCY_STOP (intent=STOP)
05:19:19.436 [AMR-04] SAFETY_STOP min_obstacle_distance=1.07m <= 1.2m
05:19:19.536 [AMR-04] STATE_TRANSITION EMERGENCY_STOP -> MOVING (intent=MOVE)
05:19:19.637 [AMR-04] STATE_TRANSITION MOVING -> EMERGENCY_STOP (intent=STOP)
05:19:19.637 [AMR-04] SAFETY_STOP min_obstacle_distance=1.01m <= 1.2m
05:19:19.738 [AMR-04] STATE_TRANSITION EMERGENCY_STOP -> MOVING (intent=MOVE)
05:19:19.840 [AMR-04] STATE_TRANSITION MOVING -> EMERGENCY_STOP (intent=STOP)
05:19:19.841 [AMR-04] SAFETY_STOP min_obstacle_distance=1.04m <= 1.2m
05:19:19.942 [AMR-04] STATE_TRANSITION EMERGENCY_STOP -> MOVING (intent=MOVE)
05:19:20.044 [AMR-04] STATE_TRANSITION MOVING -> EMERGENCY_STOP (intent=STOP)
05:19:20.044 [AMR-04] SAFETY_STOP min_obstacle_distance=1.10m <= 1.2m
05:19:20.144 [AMR-04] STATE_TRANSITION EMERGENCY_STOP -> MOVING (intent=MOVE)
05:19:20.246 [AMR-04] STATE_TRANSITION MOVING -> EMERGENCY_STOP (intent=STOP)
05:19:20.246 [AMR-04] SAFETY_STOP min_obstacle_distance=1.07m <= 1.2m
05:19:20.347 [AMR-04] STATE_TRANSITION EMERGENCY_STOP -> MOVING (intent=MOVE)
05:19:20.449 [AMR-04] STATE_TRANSITION MOVING -> EMERGENCY_STOP (intent=STOP)
05:19:20.449 [AMR-04] SAFETY_STOP min_obstacle_distance=1.03m <= 1.2m
05:19:20.550 [AMR-04] STATE_TRANSITION EMERGENCY_STOP -> MOVING (intent=MOVE)
05:19:20.652 [AMR-04] STATE_TRANSITION MOVING -> EMERGENCY_STOP (intent=STOP)
05:19:20.653 [AMR-04] SAFETY_STOP min_obstacle_distance=1.01m <= 1.2m
05:19:20.753 [AMR-04] STATE_TRANSITION EMERGENCY_STOP -> MOVING (intent=MOVE)
05:19:20.854 [AMR-04] STATE_TRANSITION MOVING -> EMERGENCY_STOP (intent=STOP)
05:19:20.854 [AMR-04] SAFETY_STOP min_obstacle_distance=1.05m <= 1.2m
05:19:20.956 [AMR-04] STATE_TRANSITION EMERGENCY_STOP -> MOVING (intent=MOVE)
05:19:21.057 [AMR-04] STATE_TRANSITION MOVING -> EMERGENCY_STOP (intent=STOP)
05:19:21.057 [AMR-04] SAFETY_STOP min_obstacle_distance=1.10m <= 1.2m
05:19:21.159 [AMR-04] STATE_TRANSITION EMERGENCY_STOP -> MOVING (intent=MOVE)
05:19:21.260 [AMR-04] STATE_TRANSITION MOVING -> EMERGENCY_STOP (intent=STOP)
05:19:21.260 [AMR-04] SAFETY_STOP min_obstacle_distance=1.07m <= 1.2m
05:19:21.362 [AMR-04] STATE_TRANSITION EMERGENCY_STOP -> MOVING (intent=MOVE)
05:19:21.463 [AMR-04] STATE_TRANSITION MOVING -> EMERGENCY_STOP (intent=STOP)
05:19:21.463 [AMR-04] SAFETY_STOP min_obstacle_distance=1.03m <= 1.2m
05:19:21.564 [AMR-04] STATE_TRANSITION EMERGENCY_STOP -> MOVING (intent=MOVE)
05:19:21.666 [AMR-04] STATE_TRANSITION MOVING -> EMERGENCY_STOP (intent=STOP)
05:19:21.666 [AMR-04] SAFETY_STOP min_obstacle_distance=1.01m <= 1.2m
05:19:21.766 [AMR-04] STATE_TRANSITION EMERGENCY_STOP -> MOVING (intent=MOVE)
05:19:21.867 [AMR-04] STATE_TRANSITION MOVING -> EMERGENCY_STOP (intent=STOP)
05:19:21.867 [AMR-04] SAFETY_STOP min_obstacle_distance=1.04m <= 1.2m
05:19:21.968 [AMR-04] STATE_TRANSITION EMERGENCY_STOP -> MOVING (intent=MOVE)
05:19:22.069 [AMR-04] STATE_TRANSITION MOVING -> EMERGENCY_STOP (intent=STOP)
05:19:22.069 [AMR-04] SAFETY_STOP min_obstacle_distance=1.10m <= 1.2m
05:19:22.171 [AMR-04] STATE_TRANSITION EMERGENCY_STOP -> MOVING (intent=MOVE)
05:19:22.272 [AMR-04] STATE_TRANSITION MOVING -> EMERGENCY_STOP (intent=STOP)
05:19:22.272 [AMR-04] SAFETY_STOP min_obstacle_distance=1.07m <= 1.2m
05:19:22.373 [AMR-04] STATE_TRANSITION EMERGENCY_STOP -> MOVING (intent=MOVE)
05:19:22.475 [AMR-04] STATE_TRANSITION MOVING -> EMERGENCY_STOP (intent=STOP)
05:19:22.475 [AMR-04] SAFETY_STOP min_obstacle_distance=1.03m <= 1.2m
05:19:22.575 [AMR-04] STATE_TRANSITION EMERGENCY_STOP -> MOVING (intent=MOVE)
05:19:22.677 [AMR-04] STATE_TRANSITION MOVING -> EMERGENCY_STOP (intent=STOP)
05:19:22.677 [AMR-04] SAFETY_STOP min_obstacle_distance=1.01m <= 1.2m
05:19:22.779 [AMR-04] STATE_TRANSITION EMERGENCY_STOP -> MOVING (intent=MOVE)
05:19:22.881 [AMR-04] STATE_TRANSITION MOVING -> EMERGENCY_STOP (intent=STOP)
05:19:22.881 [AMR-04] SAFETY_STOP min_obstacle_distance=1.04m <= 1.2m
05:19:22.982 [AMR-04] STATE_TRANSITION EMERGENCY_STOP -> MOVING (intent=MOVE)
05:19:23.084 [AMR-04] STATE_TRANSITION MOVING -> EMERGENCY_STOP (intent=STOP)
05:19:23.084 [AMR-04] SAFETY_STOP min_obstacle_distance=1.10m <= 1.2m
05:19:23.186 [AMR-04] STATE_TRANSITION EMERGENCY_STOP -> MOVING (intent=MOVE)
05:19:23.288 [AMR-04] STATE_TRANSITION MOVING -> EMERGENCY_STOP (intent=STOP)
05:19:23.288 [AMR-04] SAFETY_STOP min_obstacle_distance=1.07m <= 1.2m
05:19:23.390 [AMR-04] STATE_TRANSITION EMERGENCY_STOP -> MOVING (intent=MOVE)
05:19:23.491 [AMR-04] STATE_TRANSITION MOVING -> EMERGENCY_STOP (intent=STOP)
05:19:23.491 [AMR-04] SAFETY_STOP min_obstacle_distance=1.03m <= 1.2m
05:19:23.592 [AMR-04] STATE_TRANSITION EMERGENCY_STOP -> MOVING (intent=MOVE)
05:19:23.693 [AMR-04] STATE_TRANSITION MOVING -> EMERGENCY_STOP (intent=STOP)
05:19:23.693 [AMR-04] SAFETY_STOP min_obstacle_distance=1.01m <= 1.2m
05:19:23.794 [AMR-04] STATE_TRANSITION EMERGENCY_STOP -> MOVING (intent=MOVE)
05:19:23.895 [AMR-04] STATE_TRANSITION MOVING -> EMERGENCY_STOP (intent=STOP)
05:19:23.895 [AMR-04] SAFETY_STOP min_obstacle_distance=1.05m <= 1.2m
05:19:23.996 [AMR-04] STATE_TRANSITION EMERGENCY_STOP -> MOVING (intent=MOVE)
05:19:24.097 [AMR-04] STATE_TRANSITION MOVING -> EMERGENCY_STOP (intent=STOP)
05:19:24.097 [AMR-04] SAFETY_STOP min_obstacle_distance=1.10m <= 1.2m
05:19:24.200 [AMR-04] STATE_TRANSITION EMERGENCY_STOP -> MOVING (intent=MOVE)
05:19:24.300 [AMR-04] STATE_TRANSITION MOVING -> EMERGENCY_STOP (intent=STOP)
05:19:24.300 [AMR-04] SAFETY_STOP min_obstacle_distance=1.07m <= 1.2m
05:19:24.402 [AMR-04] STATE_TRANSITION EMERGENCY_STOP -> MOVING (intent=MOVE)
05:19:24.504 [AMR-04] STATE_TRANSITION MOVING -> EMERGENCY_STOP (intent=STOP)
05:19:24.504 [AMR-04] SAFETY_STOP min_obstacle_distance=1.00m <= 1.2m
05:19:24.604 [AMR-04] STATE_TRANSITION EMERGENCY_STOP -> MOVING (intent=MOVE)
05:19:24.704 [AMR-04] STATE_TRANSITION MOVING -> EMERGENCY_STOP (intent=STOP)
05:19:24.704 [AMR-04] SAFETY_STOP min_obstacle_distance=1.01m <= 1.2m
05:19:24.806 [AMR-04] STATE_TRANSITION EMERGENCY_STOP -> MOVING (intent=MOVE)
05:19:24.907 [AMR-04] STATE_TRANSITION MOVING -> EMERGENCY_STOP (intent=STOP)
05:19:24.907 [AMR-04] SAFETY_STOP min_obstacle_distance=1.04m <= 1.2m
05:19:25.009 [AMR-04] STATE_TRANSITION EMERGENCY_STOP -> MOVING (intent=MOVE)
05:19:25.110 [AMR-04] STATE_TRANSITION MOVING -> EMERGENCY_STOP (intent=STOP)
05:19:25.111 [AMR-04] SAFETY_STOP min_obstacle_distance=1.10m <= 1.2m
05:19:25.213 [AMR-04] STATE_TRANSITION EMERGENCY_STOP -> MOVING (intent=MOVE)
05:19:25.315 [AMR-04] STATE_TRANSITION MOVING -> EMERGENCY_STOP (intent=STOP)
05:19:25.315 [AMR-04] SAFETY_STOP min_obstacle_distance=1.07m <= 1.2m
05:19:25.416 [AMR-04] STATE_TRANSITION EMERGENCY_STOP -> MOVING (intent=MOVE)
05:19:25.516 [AMR-04] STATE_TRANSITION MOVING -> EMERGENCY_STOP (intent=STOP)
05:19:25.516 [AMR-04] SAFETY_STOP min_obstacle_distance=1.00m <= 1.2m
05:19:25.618 [AMR-04] STATE_TRANSITION EMERGENCY_STOP -> MOVING (intent=MOVE)
05:19:25.719 [AMR-04] STATE_TRANSITION MOVING -> EMERGENCY_STOP (intent=STOP)
05:19:25.720 [AMR-04] SAFETY_STOP min_obstacle_distance=1.01m <= 1.2m
05:19:25.822 [AMR-04] STATE_TRANSITION EMERGENCY_STOP -> MOVING (intent=MOVE)
05:19:25.923 [AMR-04] STATE_TRANSITION MOVING -> EMERGENCY_STOP (intent=STOP)
05:19:25.923 [AMR-04] SAFETY_STOP min_obstacle_distance=1.05m <= 1.2m
05:19:26.024 [AMR-04] STATE_TRANSITION EMERGENCY_STOP -> MOVING (intent=MOVE)
05:19:26.126 [AMR-04] STATE_TRANSITION MOVING -> EMERGENCY_STOP (intent=STOP)
05:19:26.126 [AMR-04] SAFETY_STOP min_obstacle_distance=1.10m <= 1.2m
05:19:26.228 [AMR-04] STATE_TRANSITION EMERGENCY_STOP -> MOVING (intent=MOVE)
05:19:26.329 [AMR-04] STATE_TRANSITION MOVING -> EMERGENCY_STOP (intent=STOP)
05:19:26.330 [AMR-04] SAFETY_STOP min_obstacle_distance=1.07m <= 1.2m
05:19:26.431 [AMR-04] STATE_TRANSITION EMERGENCY_STOP -> MOVING (intent=MOVE)
05:19:26.533 [AMR-04] STATE_TRANSITION MOVING -> EMERGENCY_STOP (intent=STOP)
05:19:26.533 [AMR-04] SAFETY_STOP min_obstacle_distance=1.00m <= 1.2m
05:19:26.632 [AMR-04] STATE_TRANSITION EMERGENCY_STOP -> MOVING (intent=MOVE)
05:19:26.733 [AMR-04] STATE_TRANSITION MOVING -> EMERGENCY_STOP (intent=STOP)
05:19:26.733 [AMR-04] SAFETY_STOP min_obstacle_distance=1.01m <= 1.2m
05:19:26.834 [AMR-04] STATE_TRANSITION EMERGENCY_STOP -> MOVING (intent=MOVE)
05:19:26.936 [AMR-04] STATE_TRANSITION MOVING -> EMERGENCY_STOP (intent=STOP)
05:19:26.936 [AMR-04] SAFETY_STOP min_obstacle_distance=1.04m <= 1.2m
05:19:27.038 [AMR-04] STATE_TRANSITION EMERGENCY_STOP -> MOVING (intent=MOVE)
05:19:27.139 [AMR-04] STATE_TRANSITION MOVING -> EMERGENCY_STOP (intent=STOP)
05:19:27.139 [AMR-04] SAFETY_STOP min_obstacle_distance=1.10m <= 1.2m
05:19:27.241 [AMR-04] STATE_TRANSITION EMERGENCY_STOP -> MOVING (intent=MOVE)
05:19:27.341 [AMR-04] STATE_TRANSITION MOVING -> EMERGENCY_STOP (intent=STOP)
05:19:27.342 [AMR-04] SAFETY_STOP min_obstacle_distance=1.17m <= 1.2m
05:19:27.443 [AMR-04] STATE_TRANSITION EMERGENCY_STOP -> MOVING (intent=MOVE)
05:19:27.544 [AMR-04] STATE_TRANSITION MOVING -> EMERGENCY_STOP (intent=STOP)
05:19:27.544 [AMR-04] SAFETY_STOP min_obstacle_distance=1.00m <= 1.2m
05:19:27.645 [AMR-04] STATE_TRANSITION EMERGENCY_STOP -> MOVING (intent=MOVE)
05:19:27.745 [AMR-04] STATE_TRANSITION MOVING -> EMERGENCY_STOP (intent=STOP)
05:19:27.746 [AMR-04] SAFETY_STOP min_obstacle_distance=1.01m <= 1.2m
05:19:27.846 [AMR-04] STATE_TRANSITION EMERGENCY_STOP -> MOVING (intent=MOVE)
05:19:27.947 [AMR-04] STATE_TRANSITION MOVING -> EMERGENCY_STOP (intent=STOP)
05:19:27.947 [AMR-04] SAFETY_STOP min_obstacle_distance=1.04m <= 1.2m
05:19:28.049 [AMR-04] STATE_TRANSITION EMERGENCY_STOP -> MOVING (intent=MOVE)
05:19:28.150 [AMR-04] STATE_TRANSITION MOVING -> EMERGENCY_STOP (intent=STOP)
05:19:28.150 [AMR-04] SAFETY_STOP min_obstacle_distance=1.10m <= 1.2m
05:19:28.251 [AMR-04] STATE_TRANSITION EMERGENCY_STOP -> MOVING (intent=MOVE)
05:19:28.352 [AMR-04] STATE_TRANSITION MOVING -> EMERGENCY_STOP (intent=STOP)
05:19:28.352 [AMR-04] SAFETY_STOP min_obstacle_distance=1.17m <= 1.2m
05:19:28.453 [AMR-04] STATE_TRANSITION EMERGENCY_STOP -> MOVING (intent=MOVE)
05:19:28.554 [AMR-04] STATE_TRANSITION MOVING -> EMERGENCY_STOP (intent=STOP)
05:19:28.554 [AMR-04] SAFETY_STOP min_obstacle_distance=1.00m <= 1.2m
05:19:28.655 [AMR-04] STATE_TRANSITION EMERGENCY_STOP -> MOVING (intent=MOVE)
05:19:28.756 [AMR-04] STATE_TRANSITION MOVING -> EMERGENCY_STOP (intent=STOP)
05:19:28.757 [AMR-04] SAFETY_STOP min_obstacle_distance=1.01m <= 1.2m
05:19:28.857 [AMR-04] STATE_TRANSITION EMERGENCY_STOP -> MOVING (intent=MOVE)
05:19:28.958 [AMR-04] STATE_TRANSITION MOVING -> EMERGENCY_STOP (intent=STOP)
05:19:28.958 [AMR-04] SAFETY_STOP min_obstacle_distance=1.04m <= 1.2m
05:19:29.059 [AMR-04] STATE_TRANSITION EMERGENCY_STOP -> MOVING (intent=MOVE)
05:19:29.160 [AMR-04] STATE_TRANSITION MOVING -> EMERGENCY_STOP (intent=STOP)
05:19:29.160 [AMR-04] SAFETY_STOP min_obstacle_distance=1.10m <= 1.2m
05:19:29.261 [AMR-04] STATE_TRANSITION EMERGENCY_STOP -> MOVING (intent=MOVE)
05:19:29.363 [AMR-04] STATE_TRANSITION MOVING -> EMERGENCY_STOP (intent=STOP)
05:19:29.363 [AMR-04] SAFETY_STOP min_obstacle_distance=1.17m <= 1.2m
05:19:29.464 [AMR-04] STATE_TRANSITION EMERGENCY_STOP -> MOVING (intent=MOVE)
05:19:29.564 [AMR-04] STATE_TRANSITION MOVING -> EMERGENCY_STOP (intent=STOP)
05:19:29.564 [AMR-04] SAFETY_STOP min_obstacle_distance=1.00m <= 1.2m
05:19:29.665 [AMR-04] STATE_TRANSITION EMERGENCY_STOP -> MOVING (intent=MOVE)
05:19:29.767 [AMR-04] STATE_TRANSITION MOVING -> EMERGENCY_STOP (intent=STOP)
05:19:29.767 [AMR-04] SAFETY_STOP min_obstacle_distance=1.01m <= 1.2m
05:19:29.868 [AMR-04] STATE_TRANSITION EMERGENCY_STOP -> MOVING (intent=MOVE)
05:19:29.969 [AMR-04] STATE_TRANSITION MOVING -> EMERGENCY_STOP (intent=STOP)
05:19:29.969 [AMR-04] SAFETY_STOP min_obstacle_distance=1.04m <= 1.2m
05:19:30.071 [AMR-04] STATE_TRANSITION EMERGENCY_STOP -> MOVING (intent=MOVE)
05:19:30.173 [AMR-04] STATE_TRANSITION MOVING -> EMERGENCY_STOP (intent=STOP)
05:19:30.173 [AMR-04] SAFETY_STOP min_obstacle_distance=1.10m <= 1.2m
05:19:30.275 [AMR-04] STATE_TRANSITION EMERGENCY_STOP -> MOVING (intent=MOVE)
05:19:30.376 [AMR-04] STATE_TRANSITION MOVING -> EMERGENCY_STOP (intent=STOP)
05:19:30.376 [AMR-04] SAFETY_STOP min_obstacle_distance=1.17m <= 1.2m
05:19:30.477 [AMR-04] STATE_TRANSITION EMERGENCY_STOP -> MOVING (intent=MOVE)
05:19:30.578 [AMR-04] STATE_TRANSITION MOVING -> EMERGENCY_STOP (intent=STOP)
05:19:30.578 [AMR-04] SAFETY_STOP min_obstacle_distance=1.00m <= 1.2m
05:19:30.679 [AMR-04] STATE_TRANSITION EMERGENCY_STOP -> MOVING (intent=MOVE)
05:19:30.780 [AMR-04] STATE_TRANSITION MOVING -> EMERGENCY_STOP (intent=STOP)
05:19:30.780 [AMR-04] SAFETY_STOP min_obstacle_distance=1.01m <= 1.2m
05:19:30.881 [AMR-04] STATE_TRANSITION EMERGENCY_STOP -> MOVING (intent=MOVE)
05:19:30.983 [AMR-04] STATE_TRANSITION MOVING -> EMERGENCY_STOP (intent=STOP)
05:19:30.983 [AMR-04] SAFETY_STOP min_obstacle_distance=1.04m <= 1.2m
05:19:31.084 [AMR-04] STATE_TRANSITION EMERGENCY_STOP -> MOVING (intent=MOVE)
05:19:31.185 [AMR-04] STATE_TRANSITION MOVING -> EMERGENCY_STOP (intent=STOP)
05:19:31.185 [AMR-04] SAFETY_STOP min_obstacle_distance=1.10m <= 1.2m
05:19:31.286 [AMR-04] STATE_TRANSITION EMERGENCY_STOP -> MOVING (intent=MOVE)
05:19:31.387 [AMR-04] STATE_TRANSITION MOVING -> EMERGENCY_STOP (intent=STOP)
05:19:31.387 [AMR-04] SAFETY_STOP min_obstacle_distance=1.17m <= 1.2m
05:19:31.489 [AMR-04] STATE_TRANSITION EMERGENCY_STOP -> MOVING (intent=MOVE)
05:19:31.894 [AMR-04] STATE_TRANSITION MOVING -> EMERGENCY_STOP (intent=STOP)
05:19:31.894 [AMR-04] SAFETY_STOP min_obstacle_distance=1.14m <= 1.2m
05:19:31.995 [AMR-04] STATE_TRANSITION EMERGENCY_STOP -> MOVING (intent=MOVE)
05:19:32.096 [AMR-04] STATE_TRANSITION MOVING -> EMERGENCY_STOP (intent=STOP)
05:19:32.096 [AMR-04] SAFETY_STOP min_obstacle_distance=1.07m <= 1.2m
05:19:32.198 [AMR-04] STATE_TRANSITION EMERGENCY_STOP -> MOVING (intent=MOVE)
05:19:32.300 [AMR-04] STATE_TRANSITION MOVING -> EMERGENCY_STOP (intent=STOP)
05:19:32.300 [AMR-04] SAFETY_STOP min_obstacle_distance=1.03m <= 1.2m
05:19:32.401 [AMR-04] STATE_TRANSITION EMERGENCY_STOP -> MOVING (intent=MOVE)
05:19:32.502 [AMR-04] STATE_TRANSITION MOVING -> EMERGENCY_STOP (intent=STOP)
05:19:32.503 [AMR-04] SAFETY_STOP min_obstacle_distance=1.00m <= 1.2m
05:19:32.603 [AMR-04] STATE_TRANSITION EMERGENCY_STOP -> MOVING (intent=MOVE)
05:19:32.906 [AMR-04] STATE_TRANSITION MOVING -> EMERGENCY_STOP (intent=STOP)
05:19:32.906 [AMR-04] SAFETY_STOP min_obstacle_distance=1.14m <= 1.2m
05:19:33.007 [AMR-04] STATE_TRANSITION EMERGENCY_STOP -> MOVING (intent=MOVE)
05:19:33.109 [AMR-04] STATE_TRANSITION MOVING -> EMERGENCY_STOP (intent=STOP)
05:19:33.109 [AMR-04] SAFETY_STOP min_obstacle_distance=1.07m <= 1.2m
05:19:33.211 [AMR-04] STATE_TRANSITION EMERGENCY_STOP -> MOVING (intent=MOVE)
05:19:33.313 [AMR-04] STATE_TRANSITION MOVING -> EMERGENCY_STOP (intent=STOP)
05:19:33.313 [AMR-04] SAFETY_STOP min_obstacle_distance=1.03m <= 1.2m
05:19:33.416 [AMR-04] STATE_TRANSITION EMERGENCY_STOP -> MOVING (intent=MOVE)
05:19:33.819 [AMR-04] STATE_TRANSITION MOVING -> EMERGENCY_STOP (intent=STOP)
05:19:33.819 [AMR-04] SAFETY_STOP min_obstacle_distance=1.14m <= 1.2m
05:19:33.922 [AMR-04] STATE_TRANSITION EMERGENCY_STOP -> MOVING (intent=MOVE)
05:19:34.022 [AMR-04] STATE_TRANSITION MOVING -> EMERGENCY_STOP (intent=STOP)
05:19:34.022 [AMR-04] SAFETY_STOP min_obstacle_distance=1.07m <= 1.2m
05:19:34.124 [AMR-04] STATE_TRANSITION EMERGENCY_STOP -> MOVING (intent=MOVE)
05:19:34.223 [AMR-04] STATE_TRANSITION MOVING -> EMERGENCY_STOP (intent=STOP)
05:19:34.223 [AMR-04] SAFETY_STOP min_obstacle_distance=1.03m <= 1.2m
05:19:34.323 [AMR-04] STATE_TRANSITION EMERGENCY_STOP -> MOVING (intent=MOVE)
05:19:34.425 [AMR-04] STATE_TRANSITION MOVING -> EMERGENCY_STOP (intent=STOP)
05:19:34.425 [AMR-04] SAFETY_STOP min_obstacle_distance=1.00m <= 1.2m
05:19:34.525 [AMR-04] STATE_TRANSITION EMERGENCY_STOP -> MOVING (intent=MOVE)
05:19:34.828 [AMR-04] STATE_TRANSITION MOVING -> EMERGENCY_STOP (intent=STOP)
05:19:34.828 [AMR-04] SAFETY_STOP min_obstacle_distance=1.14m <= 1.2m
05:19:34.929 [AMR-04] STATE_TRANSITION EMERGENCY_STOP -> MOVING (intent=MOVE)
05:19:35.029 [AMR-04] STATE_TRANSITION MOVING -> EMERGENCY_STOP (intent=STOP)
05:19:35.029 [AMR-04] SAFETY_STOP min_obstacle_distance=1.08m <= 1.2m
05:19:35.130 [AMR-04] STATE_TRANSITION EMERGENCY_STOP -> MOVING (intent=MOVE)
05:19:35.230 [AMR-04] STATE_TRANSITION MOVING -> EMERGENCY_STOP (intent=STOP)
05:19:35.230 [AMR-04] SAFETY_STOP min_obstacle_distance=1.03m <= 1.2m
05:19:35.330 [AMR-04] STATE_TRANSITION EMERGENCY_STOP -> MOVING (intent=MOVE)
05:19:35.431 [AMR-04] STATE_TRANSITION MOVING -> EMERGENCY_STOP (intent=STOP)
05:19:35.431 [AMR-04] SAFETY_STOP min_obstacle_distance=1.00m <= 1.2m
05:19:35.531 [AMR-04] STATE_TRANSITION EMERGENCY_STOP -> MOVING (intent=MOVE)
05:19:35.834 [AMR-04] STATE_TRANSITION MOVING -> EMERGENCY_STOP (intent=STOP)
05:19:35.834 [AMR-04] SAFETY_STOP min_obstacle_distance=1.14m <= 1.2m
05:19:35.936 [AMR-04] STATE_TRANSITION EMERGENCY_STOP -> MOVING (intent=MOVE)
05:19:36.037 [AMR-04] STATE_TRANSITION MOVING -> EMERGENCY_STOP (intent=STOP)
05:19:36.038 [AMR-04] SAFETY_STOP min_obstacle_distance=1.08m <= 1.2m
05:19:36.139 [AMR-04] STATE_TRANSITION EMERGENCY_STOP -> MOVING (intent=MOVE)
05:19:36.240 [AMR-04] STATE_TRANSITION MOVING -> EMERGENCY_STOP (intent=STOP)
05:19:36.242 [AMR-04] SAFETY_STOP min_obstacle_distance=1.03m <= 1.2m
05:19:36.340 [AMR-04] STATE_TRANSITION EMERGENCY_STOP -> MOVING (intent=MOVE)
05:19:36.440 [AMR-04] STATE_TRANSITION MOVING -> EMERGENCY_STOP (intent=STOP)
05:19:36.440 [AMR-04] SAFETY_STOP min_obstacle_distance=1.00m <= 1.2m
05:19:36.541 [AMR-04] STATE_TRANSITION EMERGENCY_STOP -> MOVING (intent=MOVE)
05:19:36.846 [AMR-04] STATE_TRANSITION MOVING -> EMERGENCY_STOP (intent=STOP)
05:19:36.846 [AMR-04] SAFETY_STOP min_obstacle_distance=1.14m <= 1.2m
05:19:36.947 [AMR-04] STATE_TRANSITION EMERGENCY_STOP -> MOVING (intent=MOVE)
05:19:37.048 [AMR-04] STATE_TRANSITION MOVING -> EMERGENCY_STOP (intent=STOP)
05:19:37.048 [AMR-04] SAFETY_STOP min_obstacle_distance=1.07m <= 1.2m
05:19:37.149 [AMR-04] STATE_TRANSITION EMERGENCY_STOP -> MOVING (intent=MOVE)
05:19:37.249 [AMR-04] STATE_TRANSITION MOVING -> EMERGENCY_STOP (intent=STOP)
05:19:37.249 [AMR-04] SAFETY_STOP min_obstacle_distance=1.03m <= 1.2m
05:19:37.350 [AMR-04] STATE_TRANSITION EMERGENCY_STOP -> MOVING (intent=MOVE)
05:19:37.450 [AMR-04] STATE_TRANSITION MOVING -> EMERGENCY_STOP (intent=STOP)
05:19:37.450 [AMR-04] SAFETY_STOP min_obstacle_distance=1.00m <= 1.2m
05:19:37.551 [AMR-04] STATE_TRANSITION EMERGENCY_STOP -> MOVING (intent=MOVE)
05:19:37.852 [AMR-04] STATE_TRANSITION MOVING -> EMERGENCY_STOP (intent=STOP)
05:19:37.852 [AMR-04] SAFETY_STOP min_obstacle_distance=1.14m <= 1.2m
05:19:37.953 [AMR-04] STATE_TRANSITION EMERGENCY_STOP -> MOVING (intent=MOVE)
05:19:38.053 [AMR-04] STATE_TRANSITION MOVING -> EMERGENCY_STOP (intent=STOP)
05:19:38.053 [AMR-04] SAFETY_STOP min_obstacle_distance=1.08m <= 1.2m
05:19:38.155 [AMR-04] STATE_TRANSITION EMERGENCY_STOP -> MOVING (intent=MOVE)
05:19:38.255 [AMR-04] STATE_TRANSITION MOVING -> EMERGENCY_STOP (intent=STOP)
05:19:38.255 [AMR-04] SAFETY_STOP min_obstacle_distance=1.03m <= 1.2m
05:19:38.356 [AMR-04] STATE_TRANSITION EMERGENCY_STOP -> MOVING (intent=MOVE)
05:19:38.456 [AMR-04] STATE_TRANSITION MOVING -> EMERGENCY_STOP (intent=STOP)
05:19:38.456 [AMR-04] SAFETY_STOP min_obstacle_distance=1.00m <= 1.2m
05:19:38.557 [AMR-04] STATE_TRANSITION EMERGENCY_STOP -> MOVING (intent=MOVE)
05:19:38.858 [AMR-04] STATE_TRANSITION MOVING -> EMERGENCY_STOP (intent=STOP)
05:19:38.858 [AMR-04] SAFETY_STOP min_obstacle_distance=1.14m <= 1.2m
05:19:38.959 [AMR-04] STATE_TRANSITION EMERGENCY_STOP -> MOVING (intent=MOVE)
05:19:39.059 [AMR-04] STATE_TRANSITION MOVING -> EMERGENCY_STOP (intent=STOP)
05:19:39.059 [AMR-04] SAFETY_STOP min_obstacle_distance=1.08m <= 1.2m
05:19:39.160 [AMR-04] STATE_TRANSITION EMERGENCY_STOP -> MOVING (intent=MOVE)
05:19:39.260 [AMR-04] STATE_TRANSITION MOVING -> EMERGENCY_STOP (intent=STOP)
05:19:39.260 [AMR-04] SAFETY_STOP min_obstacle_distance=1.03m <= 1.2m
05:19:39.361 [AMR-04] STATE_TRANSITION EMERGENCY_STOP -> MOVING (intent=MOVE)
05:19:39.461 [AMR-04] STATE_TRANSITION MOVING -> EMERGENCY_STOP (intent=STOP)
05:19:39.461 [AMR-04] SAFETY_STOP min_obstacle_distance=1.00m <= 1.2m
05:19:39.561 [AMR-04] STATE_TRANSITION EMERGENCY_STOP -> MOVING (intent=MOVE)
05:19:39.864 [AMR-04] STATE_TRANSITION MOVING -> EMERGENCY_STOP (intent=STOP)
05:19:39.864 [AMR-04] SAFETY_STOP min_obstacle_distance=1.14m <= 1.2m
05:19:39.965 [AMR-04] STATE_TRANSITION EMERGENCY_STOP -> MOVING (intent=MOVE)
05:19:40.066 [AMR-04] STATE_TRANSITION MOVING -> EMERGENCY_STOP (intent=STOP)
05:19:40.066 [AMR-04] SAFETY_STOP min_obstacle_distance=1.08m <= 1.2m
05:19:40.168 [AMR-04] STATE_TRANSITION EMERGENCY_STOP -> MOVING (intent=MOVE)
05:19:40.269 [AMR-04] STATE_TRANSITION MOVING -> EMERGENCY_STOP (intent=STOP)
05:19:40.269 [AMR-04] SAFETY_STOP min_obstacle_distance=1.03m <= 1.2m
05:19:40.370 [AMR-04] STATE_TRANSITION EMERGENCY_STOP -> MOVING (intent=MOVE)
05:19:40.471 [AMR-04] STATE_TRANSITION MOVING -> EMERGENCY_STOP (intent=STOP)
05:19:40.471 [AMR-04] SAFETY_STOP min_obstacle_distance=1.00m <= 1.2m
05:19:40.571 [AMR-04] STATE_TRANSITION EMERGENCY_STOP -> MOVING (intent=MOVE)
05:19:40.874 [AMR-04] STATE_TRANSITION MOVING -> EMERGENCY_STOP (intent=STOP)
05:19:40.874 [AMR-04] SAFETY_STOP min_obstacle_distance=1.14m <= 1.2m
05:19:40.975 [AMR-04] STATE_TRANSITION EMERGENCY_STOP -> MOVING (intent=MOVE)
05:19:41.076 [AMR-04] STATE_TRANSITION MOVING -> EMERGENCY_STOP (intent=STOP)
05:19:41.077 [AMR-04] SAFETY_STOP min_obstacle_distance=1.08m <= 1.2m
05:19:41.178 [AMR-04] STATE_TRANSITION EMERGENCY_STOP -> MOVING (intent=MOVE)
05:19:41.279 [AMR-04] STATE_TRANSITION MOVING -> EMERGENCY_STOP (intent=STOP)
05:19:41.280 [AMR-04] SAFETY_STOP min_obstacle_distance=1.03m <= 1.2m
05:19:41.381 [AMR-04] STATE_TRANSITION EMERGENCY_STOP -> MOVING (intent=MOVE)
05:19:41.482 [AMR-04] STATE_TRANSITION MOVING -> EMERGENCY_STOP (intent=STOP)
05:19:41.483 [AMR-04] SAFETY_STOP min_obstacle_distance=1.00m <= 1.2m
05:19:41.582 [AMR-04] STATE_TRANSITION EMERGENCY_STOP -> MOVING (intent=MOVE)
05:19:41.886 [AMR-04] STATE_TRANSITION MOVING -> EMERGENCY_STOP (intent=STOP)
05:19:41.887 [AMR-04] SAFETY_STOP min_obstacle_distance=1.14m <= 1.2m
05:19:41.988 [AMR-04] STATE_TRANSITION EMERGENCY_STOP -> MOVING (intent=MOVE)
05:19:42.090 [AMR-04] STATE_TRANSITION MOVING -> EMERGENCY_STOP (intent=STOP)
05:19:42.091 [AMR-04] SAFETY_STOP min_obstacle_distance=1.07m <= 1.2m
05:19:42.190 [AMR-04] STATE_TRANSITION EMERGENCY_STOP -> MOVING (intent=MOVE)
05:19:42.292 [AMR-04] STATE_TRANSITION MOVING -> EMERGENCY_STOP (intent=STOP)
05:19:42.292 [AMR-04] SAFETY_STOP min_obstacle_distance=1.03m <= 1.2m
05:19:42.395 [AMR-04] STATE_TRANSITION EMERGENCY_STOP -> MOVING (intent=MOVE)
05:19:42.494 [AMR-04] STATE_TRANSITION MOVING -> EMERGENCY_STOP (intent=STOP)
05:19:42.494 [AMR-04] SAFETY_STOP min_obstacle_distance=1.00m <= 1.2m
05:19:42.595 [AMR-04] STATE_TRANSITION EMERGENCY_STOP -> MOVING (intent=MOVE)
05:19:42.898 [AMR-04] STATE_TRANSITION MOVING -> EMERGENCY_STOP (intent=STOP)
05:19:42.898 [AMR-04] SAFETY_STOP min_obstacle_distance=1.14m <= 1.2m
05:19:43.000 [AMR-04] STATE_TRANSITION EMERGENCY_STOP -> MOVING (intent=MOVE)
05:19:43.102 [AMR-04] STATE_TRANSITION MOVING -> EMERGENCY_STOP (intent=STOP)
05:19:43.102 [AMR-04] SAFETY_STOP min_obstacle_distance=1.07m <= 1.2m
05:19:43.203 [AMR-04] STATE_TRANSITION EMERGENCY_STOP -> MOVING (intent=MOVE)
05:19:43.304 [AMR-04] STATE_TRANSITION MOVING -> EMERGENCY_STOP (intent=STOP)
05:19:43.304 [AMR-04] SAFETY_STOP min_obstacle_distance=1.03m <= 1.2m
05:19:43.406 [AMR-04] STATE_TRANSITION EMERGENCY_STOP -> MOVING (intent=MOVE)
05:19:43.809 [AMR-04] STATE_TRANSITION MOVING -> EMERGENCY_STOP (intent=STOP)
05:19:43.809 [AMR-04] SAFETY_STOP min_obstacle_distance=1.14m <= 1.2m
05:19:43.910 [AMR-04] STATE_TRANSITION EMERGENCY_STOP -> MOVING (intent=MOVE)
05:19:44.012 [AMR-04] STATE_TRANSITION MOVING -> EMERGENCY_STOP (intent=STOP)
05:19:44.012 [AMR-04] SAFETY_STOP min_obstacle_distance=1.07m <= 1.2m
05:19:44.114 [AMR-04] STATE_TRANSITION EMERGENCY_STOP -> MOVING (intent=MOVE)
05:19:44.215 [AMR-04] STATE_TRANSITION MOVING -> EMERGENCY_STOP (intent=STOP)
05:19:44.216 [AMR-04] SAFETY_STOP min_obstacle_distance=1.03m <= 1.2m
05:19:44.316 [AMR-04] STATE_TRANSITION EMERGENCY_STOP -> MOVING (intent=MOVE)
05:19:44.417 [AMR-04] STATE_TRANSITION MOVING -> EMERGENCY_STOP (intent=STOP)
05:19:44.417 [AMR-04] SAFETY_STOP min_obstacle_distance=1.00m <= 1.2m
05:19:44.520 [AMR-04] STATE_TRANSITION EMERGENCY_STOP -> MOVING (intent=MOVE)
05:19:44.924 [AMR-04] STATE_TRANSITION MOVING -> EMERGENCY_STOP (intent=STOP)
05:19:44.925 [AMR-04] SAFETY_STOP min_obstacle_distance=1.14m <= 1.2m
05:19:45.026 [AMR-04] STATE_TRANSITION EMERGENCY_STOP -> MOVING (intent=MOVE)
05:19:45.127 [AMR-04] STATE_TRANSITION MOVING -> EMERGENCY_STOP (intent=STOP)
05:19:45.128 [AMR-04] SAFETY_STOP min_obstacle_distance=1.07m <= 1.2m
05:19:45.230 [AMR-04] STATE_TRANSITION EMERGENCY_STOP -> MOVING (intent=MOVE)
05:19:45.331 [AMR-04] STATE_TRANSITION MOVING -> EMERGENCY_STOP (intent=STOP)
05:19:45.331 [AMR-04] SAFETY_STOP min_obstacle_distance=1.03m <= 1.2m
05:19:45.433 [AMR-04] STATE_TRANSITION EMERGENCY_STOP -> MOVING (intent=MOVE)
05:19:45.534 [AMR-04] STATE_TRANSITION MOVING -> EMERGENCY_STOP (intent=STOP)
05:19:45.534 [AMR-04] SAFETY_STOP min_obstacle_distance=1.00m <= 1.2m
05:19:45.635 [AMR-04] STATE_TRANSITION EMERGENCY_STOP -> MOVING (intent=MOVE)
05:19:45.736 [AMR-04] STATE_TRANSITION MOVING -> EMERGENCY_STOP (intent=STOP)
05:19:45.736 [AMR-04] SAFETY_STOP min_obstacle_distance=1.01m <= 1.2m
05:19:45.837 [AMR-04] STATE_TRANSITION EMERGENCY_STOP -> MOVING (intent=MOVE)
05:19:45.939 [AMR-04] STATE_TRANSITION MOVING -> EMERGENCY_STOP (intent=STOP)
05:19:45.939 [AMR-04] SAFETY_STOP min_obstacle_distance=1.05m <= 1.2m
05:19:46.039 [AMR-04] STATE_TRANSITION EMERGENCY_STOP -> MOVING (intent=MOVE)
05:19:46.141 [AMR-04] STATE_TRANSITION MOVING -> EMERGENCY_STOP (intent=STOP)
05:19:46.142 [AMR-04] SAFETY_STOP min_obstacle_distance=1.10m <= 1.2m
05:19:46.242 [AMR-04] STATE_TRANSITION EMERGENCY_STOP -> MOVING (intent=MOVE)
05:19:46.343 [AMR-04] STATE_TRANSITION MOVING -> EMERGENCY_STOP (intent=STOP)
05:19:46.343 [AMR-04] SAFETY_STOP min_obstacle_distance=1.08m <= 1.2m
05:19:46.445 [AMR-04] STATE_TRANSITION EMERGENCY_STOP -> MOVING (intent=MOVE)
05:19:46.545 [AMR-04] STATE_TRANSITION MOVING -> EMERGENCY_STOP (intent=STOP)
05:19:46.545 [AMR-04] SAFETY_STOP min_obstacle_distance=1.00m <= 1.2m
05:19:46.646 [AMR-04] STATE_TRANSITION EMERGENCY_STOP -> MOVING (intent=MOVE)
05:19:46.747 [AMR-04] STATE_TRANSITION MOVING -> EMERGENCY_STOP (intent=STOP)
05:19:46.747 [AMR-04] SAFETY_STOP min_obstacle_distance=1.01m <= 1.2m
05:19:46.849 [AMR-04] STATE_TRANSITION EMERGENCY_STOP -> MOVING (intent=MOVE)
05:19:46.950 [AMR-04] STATE_TRANSITION MOVING -> EMERGENCY_STOP (intent=STOP)
05:19:46.951 [AMR-04] SAFETY_STOP min_obstacle_distance=1.04m <= 1.2m
05:19:47.052 [AMR-04] STATE_TRANSITION EMERGENCY_STOP -> MOVING (intent=MOVE)
05:19:47.154 [AMR-04] STATE_TRANSITION MOVING -> EMERGENCY_STOP (intent=STOP)
05:19:47.154 [AMR-04] SAFETY_STOP min_obstacle_distance=1.10m <= 1.2m
05:19:47.255 [AMR-04] STATE_TRANSITION EMERGENCY_STOP -> MOVING (intent=MOVE)
05:19:47.357 [AMR-04] STATE_TRANSITION MOVING -> EMERGENCY_STOP (intent=STOP)
05:19:47.357 [AMR-04] SAFETY_STOP min_obstacle_distance=1.07m <= 1.2m
05:19:47.458 [AMR-04] STATE_TRANSITION EMERGENCY_STOP -> MOVING (intent=MOVE)
05:19:47.558 [AMR-04] STATE_TRANSITION MOVING -> EMERGENCY_STOP (intent=STOP)
05:19:47.558 [AMR-04] SAFETY_STOP min_obstacle_distance=1.00m <= 1.2m
05:19:47.660 [AMR-04] STATE_TRANSITION EMERGENCY_STOP -> MOVING (intent=MOVE)
05:19:47.760 [AMR-04] STATE_TRANSITION MOVING -> EMERGENCY_STOP (intent=STOP)
05:19:47.760 [AMR-04] SAFETY_STOP min_obstacle_distance=1.01m <= 1.2m
05:19:47.861 [AMR-04] STATE_TRANSITION EMERGENCY_STOP -> MOVING (intent=MOVE)
05:19:47.964 [AMR-04] STATE_TRANSITION MOVING -> EMERGENCY_STOP (intent=STOP)
05:19:47.964 [AMR-04] SAFETY_STOP min_obstacle_distance=1.04m <= 1.2m
05:19:48.065 [AMR-04] STATE_TRANSITION EMERGENCY_STOP -> MOVING (intent=MOVE)
05:19:48.165 [AMR-04] STATE_TRANSITION MOVING -> EMERGENCY_STOP (intent=STOP)
05:19:48.165 [AMR-04] SAFETY_STOP min_obstacle_distance=1.10m <= 1.2m
05:19:48.266 [AMR-04] STATE_TRANSITION EMERGENCY_STOP -> MOVING (intent=MOVE)
05:19:48.368 [AMR-04] STATE_TRANSITION MOVING -> EMERGENCY_STOP (intent=STOP)
05:19:48.368 [AMR-04] SAFETY_STOP min_obstacle_distance=1.07m <= 1.2m
05:19:48.470 [AMR-04] STATE_TRANSITION EMERGENCY_STOP -> MOVING (intent=MOVE)
05:19:48.569 [AMR-04] STATE_TRANSITION MOVING -> EMERGENCY_STOP (intent=STOP)
05:19:48.569 [AMR-04] SAFETY_STOP min_obstacle_distance=1.00m <= 1.2m
05:19:48.670 [AMR-04] STATE_TRANSITION EMERGENCY_STOP -> MOVING (intent=MOVE)
05:19:48.772 [AMR-04] STATE_TRANSITION MOVING -> EMERGENCY_STOP (intent=STOP)
05:19:48.772 [AMR-04] SAFETY_STOP min_obstacle_distance=1.01m <= 1.2m
05:19:48.873 [AMR-04] STATE_TRANSITION EMERGENCY_STOP -> MOVING (intent=MOVE)
05:19:48.975 [AMR-04] STATE_TRANSITION MOVING -> EMERGENCY_STOP (intent=STOP)
05:19:48.975 [AMR-04] SAFETY_STOP min_obstacle_distance=1.04m <= 1.2m
05:19:49.076 [AMR-04] STATE_TRANSITION EMERGENCY_STOP -> MOVING (intent=MOVE)
05:19:49.178 [AMR-04] STATE_TRANSITION MOVING -> EMERGENCY_STOP (intent=STOP)
05:19:49.178 [AMR-04] SAFETY_STOP min_obstacle_distance=1.10m <= 1.2m
05:19:49.280 [AMR-04] STATE_TRANSITION EMERGENCY_STOP -> MOVING (intent=MOVE)
05:19:49.381 [AMR-04] STATE_TRANSITION MOVING -> EMERGENCY_STOP (intent=STOP)
05:19:49.381 [AMR-04] SAFETY_STOP min_obstacle_distance=1.07m <= 1.2m
05:19:49.482 [AMR-04] STATE_TRANSITION EMERGENCY_STOP -> MOVING (intent=MOVE)
05:19:49.583 [AMR-04] STATE_TRANSITION MOVING -> EMERGENCY_STOP (intent=STOP)
05:19:49.583 [AMR-04] SAFETY_STOP min_obstacle_distance=1.00m <= 1.2m
05:19:49.684 [AMR-04] STATE_TRANSITION EMERGENCY_STOP -> MOVING (intent=MOVE)
05:19:49.785 [AMR-04] STATE_TRANSITION MOVING -> EMERGENCY_STOP (intent=STOP)
05:19:49.785 [AMR-04] SAFETY_STOP min_obstacle_distance=1.01m <= 1.2m
05:19:49.886 [AMR-04] STATE_TRANSITION EMERGENCY_STOP -> MOVING (intent=MOVE)
05:19:49.987 [AMR-04] STATE_TRANSITION MOVING -> EMERGENCY_STOP (intent=STOP)
05:19:49.987 [AMR-04] SAFETY_STOP min_obstacle_distance=1.04m <= 1.2m
05:19:50.088 [AMR-04] STATE_TRANSITION EMERGENCY_STOP -> MOVING (intent=MOVE)
05:19:50.190 [AMR-04] STATE_TRANSITION MOVING -> EMERGENCY_STOP (intent=STOP)
05:19:50.190 [AMR-04] SAFETY_STOP min_obstacle_distance=1.10m <= 1.2m
05:19:50.291 [AMR-04] STATE_TRANSITION EMERGENCY_STOP -> MOVING (intent=MOVE)
05:19:50.392 [AMR-04] STATE_TRANSITION MOVING -> EMERGENCY_STOP (intent=STOP)
05:19:50.392 [AMR-04] SAFETY_STOP min_obstacle_distance=1.07m <= 1.2m
05:19:50.496 [AMR-04] STATE_TRANSITION EMERGENCY_STOP -> MOVING (intent=MOVE)
05:19:50.595 [AMR-04] STATE_TRANSITION MOVING -> EMERGENCY_STOP (intent=STOP)
05:19:50.595 [AMR-04] SAFETY_STOP min_obstacle_distance=1.00m <= 1.2m
05:19:50.696 [AMR-04] STATE_TRANSITION EMERGENCY_STOP -> MOVING (intent=MOVE)
05:19:50.797 [AMR-04] STATE_TRANSITION MOVING -> EMERGENCY_STOP (intent=STOP)
05:19:50.797 [AMR-04] SAFETY_STOP min_obstacle_distance=1.01m <= 1.2m
05:19:50.898 [AMR-04] STATE_TRANSITION EMERGENCY_STOP -> MOVING (intent=MOVE)
05:19:50.999 [AMR-04] STATE_TRANSITION MOVING -> EMERGENCY_STOP (intent=STOP)
05:19:50.999 [AMR-04] SAFETY_STOP min_obstacle_distance=1.04m <= 1.2m
05:19:51.101 [AMR-04] STATE_TRANSITION EMERGENCY_STOP -> MOVING (intent=MOVE)
05:19:51.202 [AMR-04] STATE_TRANSITION MOVING -> EMERGENCY_STOP (intent=STOP)
05:19:51.202 [AMR-04] SAFETY_STOP min_obstacle_distance=1.10m <= 1.2m
05:19:51.303 [AMR-04] STATE_TRANSITION EMERGENCY_STOP -> MOVING (intent=MOVE)
05:19:51.405 [AMR-04] STATE_TRANSITION MOVING -> EMERGENCY_STOP (intent=STOP)
05:19:51.405 [AMR-04] SAFETY_STOP min_obstacle_distance=1.17m <= 1.2m
05:19:51.507 [AMR-04] STATE_TRANSITION EMERGENCY_STOP -> MOVING (intent=MOVE)
05:19:51.608 [AMR-04] STATE_TRANSITION MOVING -> EMERGENCY_STOP (intent=STOP)
05:19:51.608 [AMR-04] SAFETY_STOP min_obstacle_distance=1.01m <= 1.2m
05:19:51.709 [AMR-04] STATE_TRANSITION EMERGENCY_STOP -> MOVING (intent=MOVE)
05:19:51.810 [AMR-04] STATE_TRANSITION MOVING -> EMERGENCY_STOP (intent=STOP)
05:19:51.810 [AMR-04] SAFETY_STOP min_obstacle_distance=1.05m <= 1.2m
05:19:51.910 [AMR-04] STATE_TRANSITION EMERGENCY_STOP -> MOVING (intent=MOVE)
05:19:52.012 [AMR-04] STATE_TRANSITION MOVING -> EMERGENCY_STOP (intent=STOP)
05:19:52.012 [AMR-04] SAFETY_STOP min_obstacle_distance=1.10m <= 1.2m
05:19:52.114 [AMR-04] STATE_TRANSITION EMERGENCY_STOP -> MOVING (intent=MOVE)
05:19:52.214 [AMR-04] STATE_TRANSITION MOVING -> EMERGENCY_STOP (intent=STOP)
05:19:52.214 [AMR-04] SAFETY_STOP min_obstacle_distance=1.17m <= 1.2m
05:19:52.315 [AMR-04] GOAL_REACHED at pos=(22.0, 2.392) travel_time=155.24s reroutes=0 obstacles=0
05:19:52.315 [AMR-04] STATE_TRANSITION EMERGENCY_STOP -> PLANNING (intent=MOVE)
05:19:52.315 [AMR-04] GOAL_SET goal=(22.0, 17.0)
05:19:52.417 [AMR-04] STATE_TRANSITION PLANNING -> MOVING (intent=MOVE)
05:19:52.417 [AMR-04] PATH_PLANNED length=16 waypoints=[(22, 2), (22, 3), (22, 4), (22, 5), (22, 6)]...
05:19:52.518 [AMR-04] STATE_TRANSITION MOVING -> EMERGENCY_STOP (intent=STOP)
05:19:52.518 [AMR-04] SAFETY_STOP min_obstacle_distance=1.00m <= 1.2m
05:19:52.619 [AMR-04] STATE_TRANSITION EMERGENCY_STOP -> MOVING (intent=MOVE)
05:19:52.719 [AMR-04] STATE_TRANSITION MOVING -> EMERGENCY_STOP (intent=STOP)
05:19:52.719 [AMR-04] SAFETY_STOP min_obstacle_distance=1.00m <= 1.2m
05:19:52.819 [AMR-04] STATE_TRANSITION EMERGENCY_STOP -> MOVING (intent=MOVE)
05:19:52.920 [AMR-04] STATE_TRANSITION MOVING -> EMERGENCY_STOP (intent=STOP)
05:19:52.920 [AMR-04] SAFETY_STOP min_obstacle_distance=1.01m <= 1.2m
05:19:53.021 [AMR-04] STATE_TRANSITION EMERGENCY_STOP -> MOVING (intent=MOVE)
05:19:53.122 [AMR-04] STATE_TRANSITION MOVING -> EMERGENCY_STOP (intent=STOP)
05:19:53.122 [AMR-04] SAFETY_STOP min_obstacle_distance=1.04m <= 1.2m
05:19:53.223 [AMR-04] STATE_TRANSITION EMERGENCY_STOP -> MOVING (intent=MOVE)
05:19:53.325 [AMR-04] STATE_TRANSITION MOVING -> EMERGENCY_STOP (intent=STOP)
05:19:53.325 [AMR-04] SAFETY_STOP min_obstacle_distance=1.10m <= 1.2m
05:19:53.427 [AMR-04] STATE_TRANSITION EMERGENCY_STOP -> MOVING (intent=MOVE)
05:19:53.528 [AMR-04] STATE_TRANSITION MOVING -> EMERGENCY_STOP (intent=STOP)
05:19:53.528 [AMR-04] SAFETY_STOP min_obstacle_distance=1.00m <= 1.2m
05:19:53.629 [AMR-04] STATE_TRANSITION EMERGENCY_STOP -> MOVING (intent=MOVE)
05:19:53.729 [AMR-04] STATE_TRANSITION MOVING -> EMERGENCY_STOP (intent=STOP)
05:19:53.729 [AMR-04] SAFETY_STOP min_obstacle_distance=1.01m <= 1.2m
05:19:53.831 [AMR-04] STATE_TRANSITION EMERGENCY_STOP -> MOVING (intent=MOVE)
05:19:53.932 [AMR-04] STATE_TRANSITION MOVING -> EMERGENCY_STOP (intent=STOP)
05:19:53.932 [AMR-04] SAFETY_STOP min_obstacle_distance=1.05m <= 1.2m
05:19:54.033 [AMR-04] STATE_TRANSITION EMERGENCY_STOP -> MOVING (intent=MOVE)
05:19:54.135 [AMR-04] STATE_TRANSITION MOVING -> EMERGENCY_STOP (intent=STOP)
05:19:54.135 [AMR-04] SAFETY_STOP min_obstacle_distance=1.10m <= 1.2m
05:19:54.236 [AMR-04] STATE_TRANSITION EMERGENCY_STOP -> MOVING (intent=MOVE)
05:19:54.337 [AMR-04] STATE_TRANSITION MOVING -> EMERGENCY_STOP (intent=STOP)
05:19:54.337 [AMR-04] SAFETY_STOP min_obstacle_distance=1.17m <= 1.2m
05:19:54.438 [AMR-04] STATE_TRANSITION EMERGENCY_STOP -> MOVING (intent=MOVE)
05:19:54.540 [AMR-04] STATE_TRANSITION MOVING -> EMERGENCY_STOP (intent=STOP)
05:19:54.540 [AMR-04] SAFETY_STOP min_obstacle_distance=1.00m <= 1.2m
05:19:54.640 [AMR-04] STATE_TRANSITION EMERGENCY_STOP -> MOVING (intent=MOVE)
05:19:54.741 [AMR-04] STATE_TRANSITION MOVING -> EMERGENCY_STOP (intent=STOP)
05:19:54.741 [AMR-04] SAFETY_STOP min_obstacle_distance=1.01m <= 1.2m
05:19:54.843 [AMR-04] STATE_TRANSITION EMERGENCY_STOP -> MOVING (intent=MOVE)
05:19:54.943 [AMR-04] STATE_TRANSITION MOVING -> EMERGENCY_STOP (intent=STOP)
05:19:54.943 [AMR-04] SAFETY_STOP min_obstacle_distance=1.04m <= 1.2m
05:19:55.045 [AMR-04] STATE_TRANSITION EMERGENCY_STOP -> MOVING (intent=MOVE)
05:19:55.146 [AMR-04] STATE_TRANSITION MOVING -> EMERGENCY_STOP (intent=STOP)
05:19:55.146 [AMR-04] SAFETY_STOP min_obstacle_distance=1.10m <= 1.2m
05:19:55.246 [AMR-04] STATE_TRANSITION EMERGENCY_STOP -> MOVING (intent=MOVE)
05:19:55.347 [AMR-04] STATE_TRANSITION MOVING -> EMERGENCY_STOP (intent=STOP)
05:19:55.347 [AMR-04] SAFETY_STOP min_obstacle_distance=1.17m <= 1.2m
05:19:55.448 [AMR-04] STATE_TRANSITION EMERGENCY_STOP -> MOVING (intent=MOVE)
05:19:55.549 [AMR-04] STATE_TRANSITION MOVING -> EMERGENCY_STOP (intent=STOP)
05:19:55.549 [AMR-04] SAFETY_STOP min_obstacle_distance=1.00m <= 1.2m
05:19:55.649 [AMR-04] STATE_TRANSITION EMERGENCY_STOP -> MOVING (intent=MOVE)
05:19:55.750 [AMR-04] STATE_TRANSITION MOVING -> EMERGENCY_STOP (intent=STOP)
05:19:55.750 [AMR-04] SAFETY_STOP min_obstacle_distance=1.01m <= 1.2m
05:19:55.852 [AMR-04] STATE_TRANSITION EMERGENCY_STOP -> MOVING (intent=MOVE)
05:19:55.953 [AMR-04] STATE_TRANSITION MOVING -> EMERGENCY_STOP (intent=STOP)
05:19:55.953 [AMR-04] SAFETY_STOP min_obstacle_distance=1.04m <= 1.2m
05:19:56.055 [AMR-04] STATE_TRANSITION EMERGENCY_STOP -> MOVING (intent=MOVE)
05:19:56.156 [AMR-04] STATE_TRANSITION MOVING -> EMERGENCY_STOP (intent=STOP)
05:19:56.156 [AMR-04] SAFETY_STOP min_obstacle_distance=1.10m <= 1.2m
05:19:56.258 [AMR-04] STATE_TRANSITION EMERGENCY_STOP -> MOVING (intent=MOVE)
05:19:56.360 [AMR-04] STATE_TRANSITION MOVING -> EMERGENCY_STOP (intent=STOP)
05:19:56.360 [AMR-04] SAFETY_STOP min_obstacle_distance=1.17m <= 1.2m
05:19:56.462 [AMR-04] STATE_TRANSITION EMERGENCY_STOP -> MOVING (intent=MOVE)
05:19:56.866 [AMR-04] STATE_TRANSITION MOVING -> EMERGENCY_STOP (intent=STOP)
05:19:56.866 [AMR-04] SAFETY_STOP min_obstacle_distance=1.14m <= 1.2m
05:19:56.966 [AMR-04] STATE_TRANSITION EMERGENCY_STOP -> MOVING (intent=MOVE)
05:19:57.067 [AMR-04] STATE_TRANSITION MOVING -> EMERGENCY_STOP (intent=STOP)
05:19:57.067 [AMR-04] SAFETY_STOP min_obstacle_distance=1.08m <= 1.2m
05:19:57.168 [AMR-04] STATE_TRANSITION EMERGENCY_STOP -> MOVING (intent=MOVE)
05:19:57.268 [AMR-04] STATE_TRANSITION MOVING -> EMERGENCY_STOP (intent=STOP)
05:19:57.268 [AMR-04] SAFETY_STOP min_obstacle_distance=1.03m <= 1.2m
05:19:57.370 [AMR-04] STATE_TRANSITION EMERGENCY_STOP -> MOVING (intent=MOVE)
05:19:57.471 [AMR-04] STATE_TRANSITION MOVING -> EMERGENCY_STOP (intent=STOP)
05:19:57.471 [AMR-04] SAFETY_STOP min_obstacle_distance=1.00m <= 1.2m
05:19:57.570 [AMR-04] STATE_TRANSITION EMERGENCY_STOP -> MOVING (intent=MOVE)
05:19:57.873 [AMR-04] STATE_TRANSITION MOVING -> EMERGENCY_STOP (intent=STOP)
05:19:57.873 [AMR-04] SAFETY_STOP min_obstacle_distance=1.14m <= 1.2m
05:19:57.973 [AMR-04] STATE_TRANSITION EMERGENCY_STOP -> MOVING (intent=MOVE)
05:19:58.073 [AMR-04] STATE_TRANSITION MOVING -> EMERGENCY_STOP (intent=STOP)
05:19:58.073 [AMR-04] SAFETY_STOP min_obstacle_distance=1.08m <= 1.2m
05:19:58.174 [AMR-04] STATE_TRANSITION EMERGENCY_STOP -> MOVING (intent=MOVE)
05:19:58.275 [AMR-04] STATE_TRANSITION MOVING -> EMERGENCY_STOP (intent=STOP)
05:19:58.275 [AMR-04] SAFETY_STOP min_obstacle_distance=1.03m <= 1.2m
05:19:58.376 [AMR-04] STATE_TRANSITION EMERGENCY_STOP -> MOVING (intent=MOVE)
05:19:58.475 [AMR-04] STATE_TRANSITION MOVING -> EMERGENCY_STOP (intent=STOP)
05:19:58.476 [AMR-04] SAFETY_STOP min_obstacle_distance=1.00m <= 1.2m
05:19:58.576 [AMR-04] STATE_TRANSITION EMERGENCY_STOP -> MOVING (intent=MOVE)
05:19:58.878 [AMR-04] STATE_TRANSITION MOVING -> EMERGENCY_STOP (intent=STOP)
05:19:58.878 [AMR-04] SAFETY_STOP min_obstacle_distance=1.14m <= 1.2m
05:19:58.979 [AMR-04] STATE_TRANSITION EMERGENCY_STOP -> MOVING (intent=MOVE)
05:19:59.079 [AMR-04] STATE_TRANSITION MOVING -> EMERGENCY_STOP (intent=STOP)
05:19:59.080 [AMR-04] SAFETY_STOP min_obstacle_distance=1.08m <= 1.2m
05:19:59.180 [AMR-04] STATE_TRANSITION EMERGENCY_STOP -> MOVING (intent=MOVE)
05:19:59.280 [AMR-04] STATE_TRANSITION MOVING -> EMERGENCY_STOP (intent=STOP)
05:19:59.280 [AMR-04] SAFETY_STOP min_obstacle_distance=1.03m <= 1.2m
05:19:59.381 [AMR-04] STATE_TRANSITION EMERGENCY_STOP -> MOVING (intent=MOVE)
05:19:59.481 [AMR-04] STATE_TRANSITION MOVING -> EMERGENCY_STOP (intent=STOP)
05:19:59.482 [AMR-04] SAFETY_STOP min_obstacle_distance=1.00m <= 1.2m
05:19:59.583 [AMR-04] STATE_TRANSITION EMERGENCY_STOP -> MOVING (intent=MOVE)
05:19:59.885 [AMR-04] STATE_TRANSITION MOVING -> EMERGENCY_STOP (intent=STOP)
05:19:59.886 [AMR-04] SAFETY_STOP min_obstacle_distance=1.14m <= 1.2m
05:19:59.985 [AMR-04] STATE_TRANSITION EMERGENCY_STOP -> MOVING (intent=MOVE)
05:20:00.087 [AMR-04] STATE_TRANSITION MOVING -> EMERGENCY_STOP (intent=STOP)
05:20:00.087 [AMR-04] SAFETY_STOP min_obstacle_distance=1.08m <= 1.2m
05:20:00.187 [AMR-04] STATE_TRANSITION EMERGENCY_STOP -> MOVING (intent=MOVE)
05:20:00.287 [AMR-04] STATE_TRANSITION MOVING -> EMERGENCY_STOP (intent=STOP)
05:20:00.287 [AMR-04] SAFETY_STOP min_obstacle_distance=1.03m <= 1.2m
05:20:00.388 [AMR-04] STATE_TRANSITION EMERGENCY_STOP -> MOVING (intent=MOVE)
05:20:00.489 [AMR-04] STATE_TRANSITION MOVING -> EMERGENCY_STOP (intent=STOP)
05:20:00.489 [AMR-04] SAFETY_STOP min_obstacle_distance=1.00m <= 1.2m
05:20:00.589 [AMR-04] STATE_TRANSITION EMERGENCY_STOP -> MOVING (intent=MOVE)
05:20:00.891 [AMR-04] STATE_TRANSITION MOVING -> EMERGENCY_STOP (intent=STOP)
05:20:00.891 [AMR-04] SAFETY_STOP min_obstacle_distance=1.14m <= 1.2m
05:20:00.992 [AMR-04] STATE_TRANSITION EMERGENCY_STOP -> MOVING (intent=MOVE)
05:20:01.093 [AMR-04] STATE_TRANSITION MOVING -> EMERGENCY_STOP (intent=STOP)
05:20:01.093 [AMR-04] SAFETY_STOP min_obstacle_distance=1.08m <= 1.2m
05:20:01.193 [AMR-04] STATE_TRANSITION EMERGENCY_STOP -> MOVING (intent=MOVE)
05:20:01.293 [AMR-04] STATE_TRANSITION MOVING -> EMERGENCY_STOP (intent=STOP)
05:20:01.293 [AMR-04] SAFETY_STOP min_obstacle_distance=1.03m <= 1.2m
05:20:01.394 [AMR-04] STATE_TRANSITION EMERGENCY_STOP -> MOVING (intent=MOVE)
05:20:01.495 [AMR-04] STATE_TRANSITION MOVING -> EMERGENCY_STOP (intent=STOP)
05:20:01.496 [AMR-04] SAFETY_STOP min_obstacle_distance=1.00m <= 1.2m
05:20:01.596 [AMR-04] STATE_TRANSITION EMERGENCY_STOP -> MOVING (intent=MOVE)
05:20:01.897 [AMR-04] STATE_TRANSITION MOVING -> EMERGENCY_STOP (intent=STOP)
05:20:01.897 [AMR-04] SAFETY_STOP min_obstacle_distance=1.14m <= 1.2m
05:20:01.999 [AMR-04] STATE_TRANSITION EMERGENCY_STOP -> MOVING (intent=MOVE)
05:20:02.099 [AMR-04] STATE_TRANSITION MOVING -> EMERGENCY_STOP (intent=STOP)
05:20:02.099 [AMR-04] SAFETY_STOP min_obstacle_distance=1.08m <= 1.2m
05:20:02.199 [AMR-04] STATE_TRANSITION EMERGENCY_STOP -> MOVING (intent=MOVE)
05:20:02.299 [AMR-04] STATE_TRANSITION MOVING -> EMERGENCY_STOP (intent=STOP)
05:20:02.299 [AMR-04] SAFETY_STOP min_obstacle_distance=1.03m <= 1.2m
05:20:02.400 [AMR-04] STATE_TRANSITION EMERGENCY_STOP -> MOVING (intent=MOVE)
05:20:02.500 [AMR-04] STATE_TRANSITION MOVING -> EMERGENCY_STOP (intent=STOP)
05:20:02.500 [AMR-04] SAFETY_STOP min_obstacle_distance=1.00m <= 1.2m
05:20:02.600 [AMR-04] STATE_TRANSITION EMERGENCY_STOP -> MOVING (intent=MOVE)
05:20:02.903 [AMR-04] STATE_TRANSITION MOVING -> EMERGENCY_STOP (intent=STOP)
05:20:02.903 [AMR-04] SAFETY_STOP min_obstacle_distance=1.14m <= 1.2m
05:20:03.004 [AMR-04] STATE_TRANSITION EMERGENCY_STOP -> MOVING (intent=MOVE)
05:20:03.105 [AMR-04] STATE_TRANSITION MOVING -> EMERGENCY_STOP (intent=STOP)
05:20:03.106 [AMR-04] SAFETY_STOP min_obstacle_distance=1.08m <= 1.2m
05:20:03.207 [AMR-04] STATE_TRANSITION EMERGENCY_STOP -> MOVING (intent=MOVE)
05:20:03.307 [AMR-04] STATE_TRANSITION MOVING -> EMERGENCY_STOP (intent=STOP)
05:20:03.307 [AMR-04] SAFETY_STOP min_obstacle_distance=1.03m <= 1.2m
05:20:03.408 [AMR-04] STATE_TRANSITION EMERGENCY_STOP -> MOVING (intent=MOVE)
05:20:03.810 [AMR-04] STATE_TRANSITION MOVING -> EMERGENCY_STOP (intent=STOP)
05:20:03.810 [AMR-04] SAFETY_STOP min_obstacle_distance=1.14m <= 1.2m
05:20:03.911 [AMR-04] STATE_TRANSITION EMERGENCY_STOP -> MOVING (intent=MOVE)
05:20:04.012 [AMR-04] STATE_TRANSITION MOVING -> EMERGENCY_STOP (intent=STOP)
05:20:04.012 [AMR-04] SAFETY_STOP min_obstacle_distance=1.08m <= 1.2m
05:20:04.112 [AMR-04] STATE_TRANSITION EMERGENCY_STOP -> MOVING (intent=MOVE)
05:20:04.213 [AMR-04] STATE_TRANSITION MOVING -> EMERGENCY_STOP (intent=STOP)
05:20:04.213 [AMR-04] SAFETY_STOP min_obstacle_distance=1.03m <= 1.2m
05:20:04.313 [AMR-04] STATE_TRANSITION EMERGENCY_STOP -> MOVING (intent=MOVE)
05:20:04.414 [AMR-04] STATE_TRANSITION MOVING -> EMERGENCY_STOP (intent=STOP)
05:20:04.414 [AMR-04] SAFETY_STOP min_obstacle_distance=1.00m <= 1.2m
05:20:04.516 [AMR-04] STATE_TRANSITION EMERGENCY_STOP -> MOVING (intent=MOVE)
05:20:04.920 [AMR-04] STATE_TRANSITION MOVING -> EMERGENCY_STOP (intent=STOP)
05:20:04.920 [AMR-04] SAFETY_STOP min_obstacle_distance=1.14m <= 1.2m
05:20:05.020 [AMR-04] STATE_TRANSITION EMERGENCY_STOP -> MOVING (intent=MOVE)
05:20:05.121 [AMR-04] STATE_TRANSITION MOVING -> EMERGENCY_STOP (intent=STOP)
05:20:05.122 [AMR-04] SAFETY_STOP min_obstacle_distance=1.07m <= 1.2m
05:20:05.221 [AMR-04] STATE_TRANSITION EMERGENCY_STOP -> MOVING (intent=MOVE)
05:20:05.323 [AMR-04] STATE_TRANSITION MOVING -> EMERGENCY_STOP (intent=STOP)
05:20:05.323 [AMR-04] SAFETY_STOP min_obstacle_distance=1.03m <= 1.2m
05:20:05.423 [AMR-04] STATE_TRANSITION EMERGENCY_STOP -> MOVING (intent=MOVE)
05:20:05.524 [AMR-04] STATE_TRANSITION MOVING -> EMERGENCY_STOP (intent=STOP)
05:20:05.524 [AMR-04] SAFETY_STOP min_obstacle_distance=1.00m <= 1.2m
05:20:05.624 [AMR-04] STATE_TRANSITION EMERGENCY_STOP -> MOVING (intent=MOVE)
05:20:05.927 [AMR-04] STATE_TRANSITION MOVING -> EMERGENCY_STOP (intent=STOP)
05:20:05.927 [AMR-04] SAFETY_STOP min_obstacle_distance=1.14m <= 1.2m
05:20:06.028 [AMR-04] STATE_TRANSITION EMERGENCY_STOP -> MOVING (intent=MOVE)
05:20:06.129 [AMR-04] STATE_TRANSITION MOVING -> EMERGENCY_STOP (intent=STOP)
05:20:06.129 [AMR-04] SAFETY_STOP min_obstacle_distance=1.08m <= 1.2m
05:20:06.230 [AMR-04] STATE_TRANSITION EMERGENCY_STOP -> MOVING (intent=MOVE)
05:20:06.331 [AMR-04] STATE_TRANSITION MOVING -> EMERGENCY_STOP (intent=STOP)
05:20:06.331 [AMR-04] SAFETY_STOP min_obstacle_distance=1.03m <= 1.2m
05:20:06.431 [AMR-04] STATE_TRANSITION EMERGENCY_STOP -> MOVING (intent=MOVE)
05:20:06.531 [AMR-04] STATE_TRANSITION MOVING -> EMERGENCY_STOP (intent=STOP)
05:20:06.531 [AMR-04] SAFETY_STOP min_obstacle_distance=1.00m <= 1.2m
05:20:06.632 [AMR-04] STATE_TRANSITION EMERGENCY_STOP -> MOVING (intent=MOVE)
05:20:06.733 [AMR-04] STATE_TRANSITION MOVING -> EMERGENCY_STOP (intent=STOP)
05:20:06.733 [AMR-04] SAFETY_STOP min_obstacle_distance=1.01m <= 1.2m
05:20:06.834 [AMR-04] STATE_TRANSITION EMERGENCY_STOP -> MOVING (intent=MOVE)
05:20:06.935 [AMR-04] STATE_TRANSITION MOVING -> EMERGENCY_STOP (intent=STOP)
05:20:06.935 [AMR-04] SAFETY_STOP min_obstacle_distance=1.04m <= 1.2m
05:20:07.036 [AMR-04] STATE_TRANSITION EMERGENCY_STOP -> MOVING (intent=MOVE)
05:20:07.137 [AMR-04] STATE_TRANSITION MOVING -> EMERGENCY_STOP (intent=STOP)
05:20:07.138 [AMR-04] SAFETY_STOP min_obstacle_distance=1.10m <= 1.2m
05:20:07.238 [AMR-04] STATE_TRANSITION EMERGENCY_STOP -> MOVING (intent=MOVE)
05:20:07.338 [AMR-04] STATE_TRANSITION MOVING -> EMERGENCY_STOP (intent=STOP)
05:20:07.338 [AMR-04] SAFETY_STOP min_obstacle_distance=1.07m <= 1.2m
05:20:07.440 [AMR-04] STATE_TRANSITION EMERGENCY_STOP -> MOVING (intent=MOVE)
05:20:07.540 [AMR-04] STATE_TRANSITION MOVING -> EMERGENCY_STOP (intent=STOP)
05:20:07.540 [AMR-04] SAFETY_STOP min_obstacle_distance=1.00m <= 1.2m
05:20:07.641 [AMR-04] STATE_TRANSITION EMERGENCY_STOP -> MOVING (intent=MOVE)
05:20:07.741 [AMR-04] STATE_TRANSITION MOVING -> EMERGENCY_STOP (intent=STOP)
05:20:07.741 [AMR-04] SAFETY_STOP min_obstacle_distance=1.01m <= 1.2m
05:20:07.842 [AMR-04] STATE_TRANSITION EMERGENCY_STOP -> MOVING (intent=MOVE)
05:20:07.942 [AMR-04] STATE_TRANSITION MOVING -> EMERGENCY_STOP (intent=STOP)
05:20:07.942 [AMR-04] SAFETY_STOP min_obstacle_distance=1.04m <= 1.2m
05:20:08.044 [AMR-04] STATE_TRANSITION EMERGENCY_STOP -> MOVING (intent=MOVE)
05:20:08.145 [AMR-04] STATE_TRANSITION MOVING -> EMERGENCY_STOP (intent=STOP)
05:20:08.145 [AMR-04] SAFETY_STOP min_obstacle_distance=1.10m <= 1.2m
05:20:08.245 [AMR-04] STATE_TRANSITION EMERGENCY_STOP -> MOVING (intent=MOVE)
05:20:08.346 [AMR-04] STATE_TRANSITION MOVING -> EMERGENCY_STOP (intent=STOP)
05:20:08.346 [AMR-04] SAFETY_STOP min_obstacle_distance=1.08m <= 1.2m
05:20:08.447 [AMR-04] STATE_TRANSITION EMERGENCY_STOP -> MOVING (intent=MOVE)
05:20:08.549 [AMR-04] STATE_TRANSITION MOVING -> EMERGENCY_STOP (intent=STOP)
05:20:08.549 [AMR-04] SAFETY_STOP min_obstacle_distance=1.00m <= 1.2m
05:20:08.648 [AMR-04] STATE_TRANSITION EMERGENCY_STOP -> MOVING (intent=MOVE)
05:20:08.748 [AMR-04] STATE_TRANSITION MOVING -> EMERGENCY_STOP (intent=STOP)
05:20:08.748 [AMR-04] SAFETY_STOP min_obstacle_distance=1.01m <= 1.2m
05:20:08.850 [AMR-04] STATE_TRANSITION EMERGENCY_STOP -> MOVING (intent=MOVE)
05:20:08.951 [AMR-04] STATE_TRANSITION MOVING -> EMERGENCY_STOP (intent=STOP)
05:20:08.951 [AMR-04] SAFETY_STOP min_obstacle_distance=1.04m <= 1.2m
05:20:09.052 [AMR-04] STATE_TRANSITION EMERGENCY_STOP -> MOVING (intent=MOVE)
05:20:09.152 [AMR-04] STATE_TRANSITION MOVING -> EMERGENCY_STOP (intent=STOP)
05:20:09.152 [AMR-04] SAFETY_STOP min_obstacle_distance=1.10m <= 1.2m
05:20:09.253 [AMR-04] STATE_TRANSITION EMERGENCY_STOP -> MOVING (intent=MOVE)
05:20:09.354 [AMR-04] STATE_TRANSITION MOVING -> EMERGENCY_STOP (intent=STOP)
05:20:09.354 [AMR-04] SAFETY_STOP min_obstacle_distance=1.08m <= 1.2m
05:20:09.455 [AMR-04] STATE_TRANSITION EMERGENCY_STOP -> MOVING (intent=MOVE)
05:20:09.554 [AMR-04] STATE_TRANSITION MOVING -> EMERGENCY_STOP (intent=STOP)
05:20:09.554 [AMR-04] SAFETY_STOP min_obstacle_distance=1.00m <= 1.2m
05:20:09.654 [AMR-04] STATE_TRANSITION EMERGENCY_STOP -> MOVING (intent=MOVE)
05:20:09.755 [AMR-04] STATE_TRANSITION MOVING -> EMERGENCY_STOP (intent=STOP)
05:20:09.755 [AMR-04] SAFETY_STOP min_obstacle_distance=1.01m <= 1.2m
05:20:09.855 [AMR-04] STATE_TRANSITION EMERGENCY_STOP -> MOVING (intent=MOVE)
05:20:09.956 [AMR-04] STATE_TRANSITION MOVING -> EMERGENCY_STOP (intent=STOP)
05:20:09.956 [AMR-04] SAFETY_STOP min_obstacle_distance=1.04m <= 1.2m
05:20:10.058 [AMR-04] STATE_TRANSITION EMERGENCY_STOP -> MOVING (intent=MOVE)
05:20:10.158 [AMR-04] STATE_TRANSITION MOVING -> EMERGENCY_STOP (intent=STOP)
05:20:10.158 [AMR-04] SAFETY_STOP min_obstacle_distance=1.10m <= 1.2m
05:20:10.258 [AMR-04] STATE_TRANSITION EMERGENCY_STOP -> MOVING (intent=MOVE)
05:20:10.358 [AMR-04] STATE_TRANSITION MOVING -> EMERGENCY_STOP (intent=STOP)
05:20:10.358 [AMR-04] SAFETY_STOP min_obstacle_distance=1.08m <= 1.2m
05:20:10.460 [AMR-04] STATE_TRANSITION EMERGENCY_STOP -> MOVING (intent=MOVE)
05:20:10.559 [AMR-04] STATE_TRANSITION MOVING -> EMERGENCY_STOP (intent=STOP)
05:20:10.559 [AMR-04] SAFETY_STOP min_obstacle_distance=1.00m <= 1.2m
05:20:10.660 [AMR-04] STATE_TRANSITION EMERGENCY_STOP -> MOVING (intent=MOVE)
05:20:10.761 [AMR-04] STATE_TRANSITION MOVING -> EMERGENCY_STOP (intent=STOP)
05:20:10.761 [AMR-04] SAFETY_STOP min_obstacle_distance=1.01m <= 1.2m
05:20:10.862 [AMR-04] STATE_TRANSITION EMERGENCY_STOP -> MOVING (intent=MOVE)
05:20:10.963 [AMR-04] STATE_TRANSITION MOVING -> EMERGENCY_STOP (intent=STOP)
05:20:10.963 [AMR-04] SAFETY_STOP min_obstacle_distance=1.04m <= 1.2m
05:20:11.064 [AMR-04] STATE_TRANSITION EMERGENCY_STOP -> MOVING (intent=MOVE)
05:20:11.165 [AMR-04] STATE_TRANSITION MOVING -> EMERGENCY_STOP (intent=STOP)
05:20:11.165 [AMR-04] SAFETY_STOP min_obstacle_distance=1.10m <= 1.2m
05:20:11.265 [AMR-04] STATE_TRANSITION EMERGENCY_STOP -> MOVING (intent=MOVE)
05:20:11.366 [AMR-04] STATE_TRANSITION MOVING -> EMERGENCY_STOP (intent=STOP)
05:20:11.366 [AMR-04] SAFETY_STOP min_obstacle_distance=1.08m <= 1.2m
05:20:11.466 [AMR-04] STATE_TRANSITION EMERGENCY_STOP -> MOVING (intent=MOVE)
05:20:11.567 [AMR-04] STATE_TRANSITION MOVING -> EMERGENCY_STOP (intent=STOP)
05:20:11.567 [AMR-04] SAFETY_STOP min_obstacle_distance=1.00m <= 1.2m
05:20:11.668 [AMR-04] STATE_TRANSITION EMERGENCY_STOP -> MOVING (intent=MOVE)
05:20:11.769 [AMR-04] STATE_TRANSITION MOVING -> EMERGENCY_STOP (intent=STOP)
05:20:11.769 [AMR-04] SAFETY_STOP min_obstacle_distance=1.01m <= 1.2m
05:20:11.871 [AMR-04] STATE_TRANSITION EMERGENCY_STOP -> MOVING (intent=MOVE)
05:20:11.971 [AMR-04] STATE_TRANSITION MOVING -> EMERGENCY_STOP (intent=STOP)
05:20:11.971 [AMR-04] SAFETY_STOP min_obstacle_distance=1.04m <= 1.2m
05:20:12.072 [AMR-04] STATE_TRANSITION EMERGENCY_STOP -> MOVING (intent=MOVE)
05:20:12.173 [AMR-04] STATE_TRANSITION MOVING -> EMERGENCY_STOP (intent=STOP)
05:20:12.173 [AMR-04] SAFETY_STOP min_obstacle_distance=1.10m <= 1.2m
05:20:12.273 [AMR-04] STATE_TRANSITION EMERGENCY_STOP -> MOVING (intent=MOVE)
05:20:12.373 [AMR-04] STATE_TRANSITION MOVING -> EMERGENCY_STOP (intent=STOP)
05:20:12.373 [AMR-04] SAFETY_STOP min_obstacle_distance=1.17m <= 1.2m
05:20:12.474 [AMR-04] STATE_TRANSITION EMERGENCY_STOP -> MOVING (intent=MOVE)
05:20:12.575 [AMR-04] STATE_TRANSITION MOVING -> EMERGENCY_STOP (intent=STOP)
05:20:12.575 [AMR-04] SAFETY_STOP min_obstacle_distance=1.00m <= 1.2m
05:20:12.675 [AMR-04] STATE_TRANSITION EMERGENCY_STOP -> MOVING (intent=MOVE)
05:20:12.776 [AMR-04] STATE_TRANSITION MOVING -> EMERGENCY_STOP (intent=STOP)
05:20:12.776 [AMR-04] SAFETY_STOP min_obstacle_distance=1.01m <= 1.2m
05:20:12.877 [AMR-04] STATE_TRANSITION EMERGENCY_STOP -> MOVING (intent=MOVE)
05:20:12.977 [AMR-04] STATE_TRANSITION MOVING -> EMERGENCY_STOP (intent=STOP)
05:20:12.977 [AMR-04] SAFETY_STOP min_obstacle_distance=1.04m <= 1.2m
05:20:13.078 [AMR-04] STATE_TRANSITION EMERGENCY_STOP -> MOVING (intent=MOVE)
05:20:13.179 [AMR-04] STATE_TRANSITION MOVING -> EMERGENCY_STOP (intent=STOP)
05:20:13.179 [AMR-04] SAFETY_STOP min_obstacle_distance=1.10m <= 1.2m
05:20:13.280 [AMR-04] STATE_TRANSITION EMERGENCY_STOP -> MOVING (intent=MOVE)
05:20:13.381 [AMR-04] STATE_TRANSITION MOVING -> EMERGENCY_STOP (intent=STOP)
05:20:13.381 [AMR-04] SAFETY_STOP min_obstacle_distance=1.17m <= 1.2m
05:20:13.482 [AMR-04] STATE_TRANSITION EMERGENCY_STOP -> MOVING (intent=MOVE)
05:20:13.582 [AMR-04] STATE_TRANSITION MOVING -> EMERGENCY_STOP (intent=STOP)
05:20:13.582 [AMR-04] SAFETY_STOP min_obstacle_distance=1.00m <= 1.2m
05:20:13.683 [AMR-04] STATE_TRANSITION EMERGENCY_STOP -> MOVING (intent=MOVE)
05:20:13.784 [AMR-04] STATE_TRANSITION MOVING -> EMERGENCY_STOP (intent=STOP)
05:20:13.784 [AMR-04] SAFETY_STOP min_obstacle_distance=1.01m <= 1.2m
05:20:13.884 [AMR-04] STATE_TRANSITION EMERGENCY_STOP -> MOVING (intent=MOVE)
05:20:13.985 [AMR-04] STATE_TRANSITION MOVING -> EMERGENCY_STOP (intent=STOP)
05:20:13.985 [AMR-04] SAFETY_STOP min_obstacle_distance=1.04m <= 1.2m
05:20:14.086 [AMR-04] STATE_TRANSITION EMERGENCY_STOP -> MOVING (intent=MOVE)
05:20:14.186 [AMR-04] STATE_TRANSITION MOVING -> EMERGENCY_STOP (intent=STOP)
05:20:14.187 [AMR-04] SAFETY_STOP min_obstacle_distance=1.10m <= 1.2m
05:20:14.287 [AMR-04] STATE_TRANSITION EMERGENCY_STOP -> MOVING (intent=MOVE)
05:20:14.387 [AMR-04] STATE_TRANSITION MOVING -> EMERGENCY_STOP (intent=STOP)
05:20:14.387 [AMR-04] SAFETY_STOP min_obstacle_distance=1.17m <= 1.2m
05:20:14.488 [AMR-04] STATE_TRANSITION EMERGENCY_STOP -> MOVING (intent=MOVE)
05:20:14.589 [AMR-04] STATE_TRANSITION MOVING -> EMERGENCY_STOP (intent=STOP)
05:20:14.589 [AMR-04] SAFETY_STOP min_obstacle_distance=1.00m <= 1.2m
05:20:14.690 [AMR-04] STATE_TRANSITION EMERGENCY_STOP -> MOVING (intent=MOVE)
05:20:14.790 [AMR-04] STATE_TRANSITION MOVING -> EMERGENCY_STOP (intent=STOP)
05:20:14.790 [AMR-04] SAFETY_STOP min_obstacle_distance=1.01m <= 1.2m
05:20:14.891 [AMR-04] STATE_TRANSITION EMERGENCY_STOP -> MOVING (intent=MOVE)
05:20:14.992 [AMR-04] STATE_TRANSITION MOVING -> EMERGENCY_STOP (intent=STOP)
05:20:14.992 [AMR-04] SAFETY_STOP min_obstacle_distance=1.04m <= 1.2m
05:20:15.093 [AMR-04] STATE_TRANSITION EMERGENCY_STOP -> MOVING (intent=MOVE)
05:20:15.194 [AMR-04] STATE_TRANSITION MOVING -> EMERGENCY_STOP (intent=STOP)
05:20:15.194 [AMR-04] SAFETY_STOP min_obstacle_distance=1.10m <= 1.2m
05:20:15.295 [AMR-04] STATE_TRANSITION EMERGENCY_STOP -> MOVING (intent=MOVE)
05:20:15.396 [AMR-04] STATE_TRANSITION MOVING -> EMERGENCY_STOP (intent=STOP)
05:20:15.396 [AMR-04] SAFETY_STOP min_obstacle_distance=1.17m <= 1.2m
05:20:15.497 [AMR-04] STATE_TRANSITION EMERGENCY_STOP -> MOVING (intent=MOVE)
05:20:15.900 [AMR-04] STATE_TRANSITION MOVING -> EMERGENCY_STOP (intent=STOP)
05:20:15.900 [AMR-04] SAFETY_STOP min_obstacle_distance=1.14m <= 1.2m
05:20:16.001 [AMR-04] STATE_TRANSITION EMERGENCY_STOP -> MOVING (intent=MOVE)
05:20:16.101 [AMR-04] STATE_TRANSITION MOVING -> EMERGENCY_STOP (intent=STOP)
05:20:16.101 [AMR-04] SAFETY_STOP min_obstacle_distance=1.08m <= 1.2m
05:20:16.202 [AMR-04] STATE_TRANSITION EMERGENCY_STOP -> MOVING (intent=MOVE)
05:20:16.303 [AMR-04] STATE_TRANSITION MOVING -> EMERGENCY_STOP (intent=STOP)
05:20:16.303 [AMR-04] SAFETY_STOP min_obstacle_distance=1.03m <= 1.2m
05:20:16.404 [AMR-04] STATE_TRANSITION EMERGENCY_STOP -> MOVING (intent=MOVE)
05:20:16.505 [AMR-04] STATE_TRANSITION MOVING -> EMERGENCY_STOP (intent=STOP)
05:20:16.511 [AMR-04] SAFETY_STOP min_obstacle_distance=1.00m <= 1.2m
05:20:16.606 [AMR-04] STATE_TRANSITION EMERGENCY_STOP -> MOVING (intent=MOVE)
05:20:16.907 [AMR-04] STATE_TRANSITION MOVING -> EMERGENCY_STOP (intent=STOP)
05:20:16.907 [AMR-04] SAFETY_STOP min_obstacle_distance=1.14m <= 1.2m
05:20:17.007 [AMR-04] STATE_TRANSITION EMERGENCY_STOP -> MOVING (intent=MOVE)
05:20:17.108 [AMR-04] STATE_TRANSITION MOVING -> EMERGENCY_STOP (intent=STOP)
05:20:17.108 [AMR-04] SAFETY_STOP min_obstacle_distance=1.08m <= 1.2m
05:20:17.209 [AMR-04] STATE_TRANSITION EMERGENCY_STOP -> MOVING (intent=MOVE)
05:20:17.310 [AMR-04] STATE_TRANSITION MOVING -> EMERGENCY_STOP (intent=STOP)
05:20:17.310 [AMR-04] SAFETY_STOP min_obstacle_distance=1.03m <= 1.2m
05:20:17.410 [AMR-04] STATE_TRANSITION EMERGENCY_STOP -> MOVING (intent=MOVE)
05:20:17.511 [AMR-04] STATE_TRANSITION MOVING -> EMERGENCY_STOP (intent=STOP)
05:20:17.511 [AMR-04] SAFETY_STOP min_obstacle_distance=1.00m <= 1.2m
05:20:17.612 [AMR-04] STATE_TRANSITION EMERGENCY_STOP -> MOVING (intent=MOVE)
05:20:17.914 [AMR-04] STATE_TRANSITION MOVING -> EMERGENCY_STOP (intent=STOP)
05:20:17.914 [AMR-04] SAFETY_STOP min_obstacle_distance=1.14m <= 1.2m
05:20:18.014 [AMR-04] STATE_TRANSITION EMERGENCY_STOP -> MOVING (intent=MOVE)
05:20:18.115 [AMR-04] STATE_TRANSITION MOVING -> EMERGENCY_STOP (intent=STOP)
05:20:18.115 [AMR-04] SAFETY_STOP min_obstacle_distance=1.08m <= 1.2m
05:20:18.216 [AMR-04] STATE_TRANSITION EMERGENCY_STOP -> MOVING (intent=MOVE)
05:20:18.316 [AMR-04] STATE_TRANSITION MOVING -> EMERGENCY_STOP (intent=STOP)
05:20:18.317 [AMR-04] SAFETY_STOP min_obstacle_distance=1.03m <= 1.2m
05:20:18.417 [AMR-04] STATE_TRANSITION EMERGENCY_STOP -> MOVING (intent=MOVE)
05:20:18.819 [AMR-04] STATE_TRANSITION MOVING -> EMERGENCY_STOP (intent=STOP)
05:20:18.819 [AMR-04] SAFETY_STOP min_obstacle_distance=1.14m <= 1.2m
05:20:18.920 [AMR-04] STATE_TRANSITION EMERGENCY_STOP -> MOVING (intent=MOVE)
05:20:19.020 [AMR-04] STATE_TRANSITION MOVING -> EMERGENCY_STOP (intent=STOP)
05:20:19.020 [AMR-04] SAFETY_STOP min_obstacle_distance=1.08m <= 1.2m
05:20:19.121 [AMR-04] STATE_TRANSITION EMERGENCY_STOP -> MOVING (intent=MOVE)
05:20:19.221 [AMR-04] STATE_TRANSITION MOVING -> EMERGENCY_STOP (intent=STOP)
05:20:19.221 [AMR-04] SAFETY_STOP min_obstacle_distance=1.03m <= 1.2m
05:20:19.321 [AMR-04] STATE_TRANSITION EMERGENCY_STOP -> MOVING (intent=MOVE)
05:20:19.422 [AMR-04] STATE_TRANSITION MOVING -> EMERGENCY_STOP (intent=STOP)
05:20:19.422 [AMR-04] SAFETY_STOP min_obstacle_distance=1.00m <= 1.2m
05:20:19.523 [AMR-04] STATE_TRANSITION EMERGENCY_STOP -> MOVING (intent=MOVE)
05:20:19.826 [AMR-04] STATE_TRANSITION MOVING -> EMERGENCY_STOP (intent=STOP)
05:20:19.826 [AMR-04] SAFETY_STOP min_obstacle_distance=1.14m <= 1.2m
05:20:19.926 [AMR-04] STATE_TRANSITION EMERGENCY_STOP -> MOVING (intent=MOVE)
05:20:20.027 [AMR-04] STATE_TRANSITION MOVING -> EMERGENCY_STOP (intent=STOP)
05:20:20.027 [AMR-04] SAFETY_STOP min_obstacle_distance=1.07m <= 1.2m
05:20:20.127 [AMR-04] STATE_TRANSITION EMERGENCY_STOP -> MOVING (intent=MOVE)
05:20:20.228 [AMR-04] STATE_TRANSITION MOVING -> EMERGENCY_STOP (intent=STOP)
05:20:20.228 [AMR-04] SAFETY_STOP min_obstacle_distance=1.03m <= 1.2m
05:20:20.330 [AMR-04] STATE_TRANSITION EMERGENCY_STOP -> MOVING (intent=MOVE)
05:20:20.431 [AMR-04] STATE_TRANSITION MOVING -> EMERGENCY_STOP (intent=STOP)
05:20:20.431 [AMR-04] SAFETY_STOP min_obstacle_distance=1.00m <= 1.2m
05:20:20.531 [AMR-04] STATE_TRANSITION EMERGENCY_STOP -> MOVING (intent=MOVE)
05:20:20.933 [AMR-04] STATE_TRANSITION MOVING -> EMERGENCY_STOP (intent=STOP)
05:20:20.933 [AMR-04] SAFETY_STOP min_obstacle_distance=1.14m <= 1.2m
05:20:21.033 [AMR-04] STATE_TRANSITION EMERGENCY_STOP -> MOVING (intent=MOVE)
05:20:21.134 [AMR-04] STATE_TRANSITION MOVING -> EMERGENCY_STOP (intent=STOP)
05:20:21.134 [AMR-04] SAFETY_STOP min_obstacle_distance=1.08m <= 1.2m
05:20:21.235 [AMR-04] STATE_TRANSITION EMERGENCY_STOP -> MOVING (intent=MOVE)
05:20:21.336 [AMR-04] STATE_TRANSITION MOVING -> EMERGENCY_STOP (intent=STOP)
05:20:21.336 [AMR-04] SAFETY_STOP min_obstacle_distance=1.03m <= 1.2m
05:20:21.437 [AMR-04] STATE_TRANSITION EMERGENCY_STOP -> MOVING (intent=MOVE)
05:20:21.838 [AMR-04] STATE_TRANSITION MOVING -> EMERGENCY_STOP (intent=STOP)
05:20:21.838 [AMR-04] SAFETY_STOP min_obstacle_distance=1.14m <= 1.2m
05:20:21.939 [AMR-04] STATE_TRANSITION EMERGENCY_STOP -> MOVING (intent=MOVE)
05:20:22.039 [AMR-04] STATE_TRANSITION MOVING -> EMERGENCY_STOP (intent=STOP)
05:20:22.039 [AMR-04] SAFETY_STOP min_obstacle_distance=1.08m <= 1.2m
05:20:22.140 [AMR-04] STATE_TRANSITION EMERGENCY_STOP -> MOVING (intent=MOVE)
05:20:22.240 [AMR-04] STATE_TRANSITION MOVING -> EMERGENCY_STOP (intent=STOP)
05:20:22.240 [AMR-04] SAFETY_STOP min_obstacle_distance=1.03m <= 1.2m
05:20:22.340 [AMR-04] STATE_TRANSITION EMERGENCY_STOP -> MOVING (intent=MOVE)
05:20:22.441 [AMR-04] STATE_TRANSITION MOVING -> EMERGENCY_STOP (intent=STOP)
05:20:22.442 [AMR-04] SAFETY_STOP min_obstacle_distance=1.00m <= 1.2m
05:20:22.541 [AMR-04] STATE_TRANSITION EMERGENCY_STOP -> MOVING (intent=MOVE)
05:20:22.842 [AMR-04] STATE_TRANSITION MOVING -> EMERGENCY_STOP (intent=STOP)
05:20:22.842 [AMR-04] SAFETY_STOP min_obstacle_distance=1.14m <= 1.2m
05:20:22.945 [AMR-04] STATE_TRANSITION EMERGENCY_STOP -> MOVING (intent=MOVE)
05:20:23.044 [AMR-04] STATE_TRANSITION MOVING -> EMERGENCY_STOP (intent=STOP)
05:20:23.044 [AMR-04] SAFETY_STOP min_obstacle_distance=1.08m <= 1.2m
05:20:23.145 [AMR-04] STATE_TRANSITION EMERGENCY_STOP -> MOVING (intent=MOVE)
05:20:23.246 [AMR-04] STATE_TRANSITION MOVING -> EMERGENCY_STOP (intent=STOP)
05:20:23.246 [AMR-04] SAFETY_STOP min_obstacle_distance=1.03m <= 1.2m
05:20:23.346 [AMR-04] STATE_TRANSITION EMERGENCY_STOP -> MOVING (intent=MOVE)
05:20:23.447 [AMR-04] STATE_TRANSITION MOVING -> EMERGENCY_STOP (intent=STOP)
05:20:23.448 [AMR-04] SAFETY_STOP min_obstacle_distance=1.00m <= 1.2m
05:20:23.548 [AMR-04] STATE_TRANSITION EMERGENCY_STOP -> MOVING (intent=MOVE)
05:20:23.849 [AMR-04] STATE_TRANSITION MOVING -> EMERGENCY_STOP (intent=STOP)
05:20:23.849 [AMR-04] SAFETY_STOP min_obstacle_distance=1.14m <= 1.2m
05:20:23.949 [AMR-04] STATE_TRANSITION EMERGENCY_STOP -> MOVING (intent=MOVE)
05:20:24.050 [AMR-04] STATE_TRANSITION MOVING -> EMERGENCY_STOP (intent=STOP)
05:20:24.050 [AMR-04] SAFETY_STOP min_obstacle_distance=1.08m <= 1.2m
05:20:24.151 [AMR-04] STATE_TRANSITION EMERGENCY_STOP -> MOVING (intent=MOVE)
05:20:24.251 [AMR-04] STATE_TRANSITION MOVING -> EMERGENCY_STOP (intent=STOP)
05:20:24.251 [AMR-04] SAFETY_STOP min_obstacle_distance=1.03m <= 1.2m
05:20:24.353 [AMR-04] STATE_TRANSITION EMERGENCY_STOP -> MOVING (intent=MOVE)
05:20:24.453 [AMR-04] STATE_TRANSITION MOVING -> EMERGENCY_STOP (intent=STOP)
05:20:24.453 [AMR-04] SAFETY_STOP min_obstacle_distance=1.00m <= 1.2m
05:20:24.554 [AMR-04] STATE_TRANSITION EMERGENCY_STOP -> MOVING (intent=MOVE)
05:20:24.857 [AMR-04] STATE_TRANSITION MOVING -> EMERGENCY_STOP (intent=STOP)
05:20:24.857 [AMR-04] SAFETY_STOP min_obstacle_distance=1.14m <= 1.2m
05:20:24.958 [AMR-04] STATE_TRANSITION EMERGENCY_STOP -> MOVING (intent=MOVE)
05:20:25.059 [AMR-04] STATE_TRANSITION MOVING -> EMERGENCY_STOP (intent=STOP)
05:20:25.059 [AMR-04] SAFETY_STOP min_obstacle_distance=1.08m <= 1.2m
05:20:25.159 [AMR-04] STATE_TRANSITION EMERGENCY_STOP -> MOVING (intent=MOVE)
05:20:25.260 [AMR-04] STATE_TRANSITION MOVING -> EMERGENCY_STOP (intent=STOP)
05:20:25.260 [AMR-04] SAFETY_STOP min_obstacle_distance=1.03m <= 1.2m
05:20:25.360 [AMR-04] STATE_TRANSITION EMERGENCY_STOP -> MOVING (intent=MOVE)
05:20:25.461 [AMR-04] STATE_TRANSITION MOVING -> EMERGENCY_STOP (intent=STOP)
05:20:25.462 [AMR-04] SAFETY_STOP min_obstacle_distance=1.00m <= 1.2m
05:20:25.561 [AMR-04] STATE_TRANSITION EMERGENCY_STOP -> MOVING (intent=MOVE)
05:20:25.863 [AMR-04] STATE_TRANSITION MOVING -> EMERGENCY_STOP (intent=STOP)
05:20:25.863 [AMR-04] SAFETY_STOP min_obstacle_distance=1.14m <= 1.2m
05:20:25.964 [AMR-04] STATE_TRANSITION EMERGENCY_STOP -> MOVING (intent=MOVE)
05:20:26.064 [AMR-04] STATE_TRANSITION MOVING -> EMERGENCY_STOP (intent=STOP)
05:20:26.065 [AMR-04] SAFETY_STOP min_obstacle_distance=1.08m <= 1.2m
05:20:26.165 [AMR-04] STATE_TRANSITION EMERGENCY_STOP -> MOVING (intent=MOVE)
05:20:26.266 [AMR-04] STATE_TRANSITION MOVING -> EMERGENCY_STOP (intent=STOP)
05:20:26.266 [AMR-04] SAFETY_STOP min_obstacle_distance=1.03m <= 1.2m
05:20:26.367 [AMR-04] STATE_TRANSITION EMERGENCY_STOP -> MOVING (intent=MOVE)
05:20:26.469 [AMR-04] STATE_TRANSITION MOVING -> EMERGENCY_STOP (intent=STOP)
05:20:26.470 [AMR-04] SAFETY_STOP min_obstacle_distance=1.00m <= 1.2m
05:20:26.570 [AMR-04] STATE_TRANSITION EMERGENCY_STOP -> MOVING (intent=MOVE)
05:20:26.872 [AMR-04] STATE_TRANSITION MOVING -> EMERGENCY_STOP (intent=STOP)
05:20:26.872 [AMR-04] SAFETY_STOP min_obstacle_distance=1.14m <= 1.2m
05:20:26.973 [AMR-04] STATE_TRANSITION EMERGENCY_STOP -> MOVING (intent=MOVE)
05:20:27.074 [AMR-04] STATE_TRANSITION MOVING -> EMERGENCY_STOP (intent=STOP)
05:20:27.074 [AMR-04] SAFETY_STOP min_obstacle_distance=1.08m <= 1.2m
05:20:27.176 [AMR-04] STATE_TRANSITION EMERGENCY_STOP -> MOVING (intent=MOVE)
05:20:27.278 [AMR-04] STATE_TRANSITION MOVING -> EMERGENCY_STOP (intent=STOP)
05:20:27.278 [AMR-04] SAFETY_STOP min_obstacle_distance=1.03m <= 1.2m
05:20:27.380 [AMR-04] STATE_TRANSITION EMERGENCY_STOP -> MOVING (intent=MOVE)
05:20:27.481 [AMR-04] STATE_TRANSITION MOVING -> EMERGENCY_STOP (intent=STOP)
05:20:27.481 [AMR-04] SAFETY_STOP min_obstacle_distance=1.00m <= 1.2m
05:20:27.582 [AMR-04] STATE_TRANSITION EMERGENCY_STOP -> MOVING (intent=MOVE)
05:20:27.885 [AMR-04] STATE_TRANSITION MOVING -> EMERGENCY_STOP (intent=STOP)
05:20:27.886 [AMR-04] SAFETY_STOP min_obstacle_distance=1.14m <= 1.2m
05:20:27.988 [AMR-04] STATE_TRANSITION EMERGENCY_STOP -> MOVING (intent=MOVE)
05:20:28.088 [AMR-04] STATE_TRANSITION MOVING -> EMERGENCY_STOP (intent=STOP)
05:20:28.089 [AMR-04] SAFETY_STOP min_obstacle_distance=1.07m <= 1.2m
05:20:28.190 [AMR-04] STATE_TRANSITION EMERGENCY_STOP -> MOVING (intent=MOVE)
05:20:28.291 [AMR-04] STATE_TRANSITION MOVING -> EMERGENCY_STOP (intent=STOP)
05:20:28.291 [AMR-04] SAFETY_STOP min_obstacle_distance=1.03m <= 1.2m
05:20:28.393 [AMR-04] STATE_TRANSITION EMERGENCY_STOP -> MOVING (intent=MOVE)
05:20:28.495 [AMR-04] STATE_TRANSITION MOVING -> EMERGENCY_STOP (intent=STOP)
05:20:28.495 [AMR-04] SAFETY_STOP min_obstacle_distance=1.00m <= 1.2m
05:20:28.596 [AMR-04] STATE_TRANSITION EMERGENCY_STOP -> MOVING (intent=MOVE)
05:20:28.900 [AMR-04] STATE_TRANSITION MOVING -> EMERGENCY_STOP (intent=STOP)
05:20:28.900 [AMR-04] SAFETY_STOP min_obstacle_distance=1.14m <= 1.2m
05:20:29.002 [AMR-04] STATE_TRANSITION EMERGENCY_STOP -> MOVING (intent=MOVE)
05:20:29.103 [AMR-04] STATE_TRANSITION MOVING -> EMERGENCY_STOP (intent=STOP)
05:20:29.103 [AMR-04] SAFETY_STOP min_obstacle_distance=1.07m <= 1.2m
05:20:29.205 [AMR-04] STATE_TRANSITION EMERGENCY_STOP -> MOVING (intent=MOVE)
05:20:29.306 [AMR-04] STATE_TRANSITION MOVING -> EMERGENCY_STOP (intent=STOP)
05:20:29.306 [AMR-04] SAFETY_STOP min_obstacle_distance=1.03m <= 1.2m
05:20:29.407 [AMR-04] STATE_TRANSITION EMERGENCY_STOP -> MOVING (intent=MOVE)
05:20:29.509 [AMR-04] STATE_TRANSITION MOVING -> EMERGENCY_STOP (intent=STOP)
05:20:29.509 [AMR-04] SAFETY_STOP min_obstacle_distance=1.00m <= 1.2m
05:20:29.609 [AMR-04] STATE_TRANSITION EMERGENCY_STOP -> MOVING (intent=MOVE)
05:20:29.913 [AMR-04] STATE_TRANSITION MOVING -> EMERGENCY_STOP (intent=STOP)
05:20:29.913 [AMR-04] SAFETY_STOP min_obstacle_distance=1.14m <= 1.2m
05:20:30.013 [AMR-04] STATE_TRANSITION EMERGENCY_STOP -> MOVING (intent=MOVE)
05:20:30.114 [AMR-04] STATE_TRANSITION MOVING -> EMERGENCY_STOP (intent=STOP)
05:20:30.114 [AMR-04] SAFETY_STOP min_obstacle_distance=1.07m <= 1.2m
05:20:30.215 [AMR-04] STATE_TRANSITION EMERGENCY_STOP -> MOVING (intent=MOVE)
05:20:30.315 [AMR-04] STATE_TRANSITION MOVING -> EMERGENCY_STOP (intent=STOP)
05:20:30.315 [AMR-04] SAFETY_STOP min_obstacle_distance=1.03m <= 1.2m
05:20:30.416 [AMR-04] STATE_TRANSITION EMERGENCY_STOP -> MOVING (intent=MOVE)
05:20:30.517 [AMR-04] STATE_TRANSITION MOVING -> EMERGENCY_STOP (intent=STOP)
05:20:30.517 [AMR-04] SAFETY_STOP min_obstacle_distance=1.00m <= 1.2m
05:20:30.617 [AMR-04] STATE_TRANSITION EMERGENCY_STOP -> MOVING (intent=MOVE)
05:20:30.919 [AMR-04] STATE_TRANSITION MOVING -> EMERGENCY_STOP (intent=STOP)
05:20:30.919 [AMR-04] SAFETY_STOP min_obstacle_distance=1.14m <= 1.2m
05:20:31.020 [AMR-04] STATE_TRANSITION EMERGENCY_STOP -> MOVING (intent=MOVE)
05:20:31.120 [AMR-04] STATE_TRANSITION MOVING -> EMERGENCY_STOP (intent=STOP)
05:20:31.120 [AMR-04] SAFETY_STOP min_obstacle_distance=1.08m <= 1.2m
05:20:31.222 [AMR-04] STATE_TRANSITION EMERGENCY_STOP -> MOVING (intent=MOVE)
05:20:31.322 [AMR-04] STATE_TRANSITION MOVING -> EMERGENCY_STOP (intent=STOP)
05:20:31.322 [AMR-04] SAFETY_STOP min_obstacle_distance=1.03m <= 1.2m
05:20:31.423 [AMR-04] STATE_TRANSITION EMERGENCY_STOP -> MOVING (intent=MOVE)
05:20:31.826 [AMR-04] STATE_TRANSITION MOVING -> EMERGENCY_STOP (intent=STOP)
05:20:31.826 [AMR-04] SAFETY_STOP min_obstacle_distance=1.14m <= 1.2m
05:20:31.926 [AMR-04] STATE_TRANSITION EMERGENCY_STOP -> MOVING (intent=MOVE)
05:20:32.030 [AMR-04] STATE_TRANSITION MOVING -> EMERGENCY_STOP (intent=STOP)
05:20:32.030 [AMR-04] SAFETY_STOP min_obstacle_distance=1.08m <= 1.2m
05:20:32.130 [AMR-04] STATE_TRANSITION EMERGENCY_STOP -> MOVING (intent=MOVE)
05:20:32.231 [AMR-04] STATE_TRANSITION MOVING -> EMERGENCY_STOP (intent=STOP)
05:20:32.231 [AMR-04] SAFETY_STOP min_obstacle_distance=1.03m <= 1.2m
05:20:32.331 [AMR-04] STATE_TRANSITION EMERGENCY_STOP -> MOVING (intent=MOVE)
05:20:32.432 [AMR-04] STATE_TRANSITION MOVING -> EMERGENCY_STOP (intent=STOP)
05:20:32.432 [AMR-04] SAFETY_STOP min_obstacle_distance=1.00m <= 1.2m
05:20:32.533 [AMR-04] STATE_TRANSITION EMERGENCY_STOP -> MOVING (intent=MOVE)
05:20:32.834 [AMR-04] STATE_TRANSITION MOVING -> EMERGENCY_STOP (intent=STOP)
05:20:32.834 [AMR-04] SAFETY_STOP min_obstacle_distance=1.14m <= 1.2m
05:20:32.935 [AMR-04] STATE_TRANSITION EMERGENCY_STOP -> MOVING (intent=MOVE)
05:20:33.034 [AMR-04] STATE_TRANSITION MOVING -> EMERGENCY_STOP (intent=STOP)
05:20:33.035 [AMR-04] SAFETY_STOP min_obstacle_distance=1.08m <= 1.2m
05:20:33.135 [AMR-04] STATE_TRANSITION EMERGENCY_STOP -> MOVING (intent=MOVE)
05:20:33.235 [AMR-04] STATE_TRANSITION MOVING -> EMERGENCY_STOP (intent=STOP)
05:20:33.235 [AMR-04] SAFETY_STOP min_obstacle_distance=1.03m <= 1.2m
05:20:33.336 [AMR-04] STATE_TRANSITION EMERGENCY_STOP -> MOVING (intent=MOVE)
05:20:33.436 [AMR-04] STATE_TRANSITION MOVING -> EMERGENCY_STOP (intent=STOP)
05:20:33.436 [AMR-04] SAFETY_STOP min_obstacle_distance=1.00m <= 1.2m
05:20:33.536 [AMR-04] STATE_TRANSITION EMERGENCY_STOP -> MOVING (intent=MOVE)
05:20:33.838 [AMR-04] STATE_TRANSITION MOVING -> EMERGENCY_STOP (intent=STOP)
05:20:33.838 [AMR-04] SAFETY_STOP min_obstacle_distance=1.14m <= 1.2m
05:20:33.938 [AMR-04] STATE_TRANSITION EMERGENCY_STOP -> MOVING (intent=MOVE)
05:20:34.039 [AMR-04] STATE_TRANSITION MOVING -> EMERGENCY_STOP (intent=STOP)
05:20:34.039 [AMR-04] SAFETY_STOP min_obstacle_distance=1.08m <= 1.2m
05:20:34.140 [AMR-04] STATE_TRANSITION EMERGENCY_STOP -> MOVING (intent=MOVE)
05:20:34.240 [AMR-04] STATE_TRANSITION MOVING -> EMERGENCY_STOP (intent=STOP)
05:20:34.240 [AMR-04] SAFETY_STOP min_obstacle_distance=1.03m <= 1.2m
05:20:34.340 [AMR-04] STATE_TRANSITION EMERGENCY_STOP -> MOVING (intent=MOVE)
05:20:34.440 [AMR-04] STATE_TRANSITION MOVING -> EMERGENCY_STOP (intent=STOP)
05:20:34.440 [AMR-04] SAFETY_STOP min_obstacle_distance=1.00m <= 1.2m
05:20:34.542 [AMR-04] STATE_TRANSITION EMERGENCY_STOP -> MOVING (intent=MOVE)
05:20:34.944 [AMR-04] STATE_TRANSITION MOVING -> EMERGENCY_STOP (intent=STOP)
05:20:34.944 [AMR-04] SAFETY_STOP min_obstacle_distance=1.14m <= 1.2m
05:20:35.045 [AMR-04] STATE_TRANSITION EMERGENCY_STOP -> MOVING (intent=MOVE)
05:20:35.145 [AMR-04] STATE_TRANSITION MOVING -> EMERGENCY_STOP (intent=STOP)
05:20:35.145 [AMR-04] SAFETY_STOP min_obstacle_distance=1.08m <= 1.2m
05:20:35.246 [AMR-04] STATE_TRANSITION EMERGENCY_STOP -> MOVING (intent=MOVE)
05:20:35.347 [AMR-04] STATE_TRANSITION MOVING -> EMERGENCY_STOP (intent=STOP)
05:20:35.347 [AMR-04] SAFETY_STOP min_obstacle_distance=1.03m <= 1.2m
05:20:35.447 [AMR-04] STATE_TRANSITION EMERGENCY_STOP -> MOVING (intent=MOVE)
05:20:35.549 [AMR-04] STATE_TRANSITION MOVING -> EMERGENCY_STOP (intent=STOP)
05:20:35.549 [AMR-04] SAFETY_STOP min_obstacle_distance=1.00m <= 1.2m
05:20:35.648 [AMR-04] STATE_TRANSITION EMERGENCY_STOP -> MOVING (intent=MOVE)
05:20:35.749 [AMR-04] STATE_TRANSITION MOVING -> EMERGENCY_STOP (intent=STOP)
05:20:35.749 [AMR-04] SAFETY_STOP min_obstacle_distance=1.01m <= 1.2m
05:20:35.849 [AMR-04] STATE_TRANSITION EMERGENCY_STOP -> MOVING (intent=MOVE)
05:20:35.950 [AMR-04] STATE_TRANSITION MOVING -> EMERGENCY_STOP (intent=STOP)
05:20:35.950 [AMR-04] SAFETY_STOP min_obstacle_distance=1.04m <= 1.2m
05:20:36.051 [AMR-04] STATE_TRANSITION EMERGENCY_STOP -> MOVING (intent=MOVE)
05:20:36.152 [AMR-04] STATE_TRANSITION MOVING -> EMERGENCY_STOP (intent=STOP)
05:20:36.152 [AMR-04] SAFETY_STOP min_obstacle_distance=1.10m <= 1.2m
05:20:36.252 [AMR-04] STATE_TRANSITION EMERGENCY_STOP -> MOVING (intent=MOVE)
05:20:36.352 [AMR-04] STATE_TRANSITION MOVING -> EMERGENCY_STOP (intent=STOP)
05:20:36.352 [AMR-04] SAFETY_STOP min_obstacle_distance=1.08m <= 1.2m
05:20:36.453 [AMR-04] STATE_TRANSITION EMERGENCY_STOP -> MOVING (intent=MOVE)
05:20:36.554 [AMR-04] STATE_TRANSITION MOVING -> EMERGENCY_STOP (intent=STOP)
05:20:36.554 [AMR-04] SAFETY_STOP min_obstacle_distance=1.00m <= 1.2m
05:20:36.655 [AMR-04] STATE_TRANSITION EMERGENCY_STOP -> MOVING (intent=MOVE)
05:20:36.755 [AMR-04] STATE_TRANSITION MOVING -> EMERGENCY_STOP (intent=STOP)
05:20:36.756 [AMR-04] SAFETY_STOP min_obstacle_distance=1.01m <= 1.2m
05:20:36.857 [AMR-04] STATE_TRANSITION EMERGENCY_STOP -> MOVING (intent=MOVE)
05:20:36.957 [AMR-04] STATE_TRANSITION MOVING -> EMERGENCY_STOP (intent=STOP)
05:20:36.957 [AMR-04] SAFETY_STOP min_obstacle_distance=1.04m <= 1.2m
05:20:37.057 [AMR-04] STATE_TRANSITION EMERGENCY_STOP -> MOVING (intent=MOVE)
05:20:37.158 [AMR-04] STATE_TRANSITION MOVING -> EMERGENCY_STOP (intent=STOP)
05:20:37.158 [AMR-04] SAFETY_STOP min_obstacle_distance=1.10m <= 1.2m
05:20:37.258 [AMR-04] STATE_TRANSITION EMERGENCY_STOP -> MOVING (intent=MOVE)
05:20:37.359 [AMR-04] STATE_TRANSITION MOVING -> EMERGENCY_STOP (intent=STOP)
05:20:37.359 [AMR-04] SAFETY_STOP min_obstacle_distance=1.08m <= 1.2m
05:20:37.459 [AMR-04] STATE_TRANSITION EMERGENCY_STOP -> MOVING (intent=MOVE)
05:20:37.559 [AMR-04] STATE_TRANSITION MOVING -> EMERGENCY_STOP (intent=STOP)
05:20:37.559 [AMR-04] SAFETY_STOP min_obstacle_distance=1.00m <= 1.2m
05:20:37.660 [AMR-04] STATE_TRANSITION EMERGENCY_STOP -> MOVING (intent=MOVE)
05:20:37.761 [AMR-04] STATE_TRANSITION MOVING -> EMERGENCY_STOP (intent=STOP)
05:20:37.761 [AMR-04] SAFETY_STOP min_obstacle_distance=1.01m <= 1.2m
05:20:37.863 [AMR-04] STATE_TRANSITION EMERGENCY_STOP -> MOVING (intent=MOVE)
05:20:37.964 [AMR-04] STATE_TRANSITION MOVING -> EMERGENCY_STOP (intent=STOP)
05:20:37.964 [AMR-04] SAFETY_STOP min_obstacle_distance=1.04m <= 1.2m
05:20:38.064 [AMR-04] STATE_TRANSITION EMERGENCY_STOP -> MOVING (intent=MOVE)
05:20:38.164 [AMR-04] STATE_TRANSITION MOVING -> EMERGENCY_STOP (intent=STOP)
05:20:38.164 [AMR-04] SAFETY_STOP min_obstacle_distance=1.10m <= 1.2m
05:20:38.265 [AMR-04] STATE_TRANSITION EMERGENCY_STOP -> MOVING (intent=MOVE)
05:20:38.366 [AMR-04] STATE_TRANSITION MOVING -> EMERGENCY_STOP (intent=STOP)
05:20:38.366 [AMR-04] SAFETY_STOP min_obstacle_distance=1.08m <= 1.2m
05:20:38.467 [AMR-04] STATE_TRANSITION EMERGENCY_STOP -> MOVING (intent=MOVE)
05:20:38.568 [AMR-04] STATE_TRANSITION MOVING -> EMERGENCY_STOP (intent=STOP)
05:20:38.568 [AMR-04] SAFETY_STOP min_obstacle_distance=1.00m <= 1.2m
05:20:38.669 [AMR-04] STATE_TRANSITION EMERGENCY_STOP -> MOVING (intent=MOVE)
05:20:38.769 [AMR-04] STATE_TRANSITION MOVING -> EMERGENCY_STOP (intent=STOP)
05:20:38.769 [AMR-04] SAFETY_STOP min_obstacle_distance=1.01m <= 1.2m
05:20:38.870 [AMR-04] STATE_TRANSITION EMERGENCY_STOP -> MOVING (intent=MOVE)
05:20:38.972 [AMR-04] STATE_TRANSITION MOVING -> EMERGENCY_STOP (intent=STOP)
05:20:38.972 [AMR-04] SAFETY_STOP min_obstacle_distance=1.04m <= 1.2m
05:20:39.073 [AMR-04] STATE_TRANSITION EMERGENCY_STOP -> MOVING (intent=MOVE)
05:20:39.174 [AMR-04] STATE_TRANSITION MOVING -> EMERGENCY_STOP (intent=STOP)
05:20:39.174 [AMR-04] SAFETY_STOP min_obstacle_distance=1.10m <= 1.2m
05:20:39.275 [AMR-04] STATE_TRANSITION EMERGENCY_STOP -> MOVING (intent=MOVE)
05:20:39.375 [AMR-04] STATE_TRANSITION MOVING -> EMERGENCY_STOP (intent=STOP)
05:20:39.375 [AMR-04] SAFETY_STOP min_obstacle_distance=1.07m <= 1.2m
05:20:39.476 [AMR-04] STATE_TRANSITION EMERGENCY_STOP -> MOVING (intent=MOVE)
05:20:39.576 [AMR-04] STATE_TRANSITION MOVING -> EMERGENCY_STOP (intent=STOP)
05:20:39.576 [AMR-04] SAFETY_STOP min_obstacle_distance=1.00m <= 1.2m
05:20:39.677 [AMR-04] STATE_TRANSITION EMERGENCY_STOP -> MOVING (intent=MOVE)
05:20:39.778 [AMR-04] STATE_TRANSITION MOVING -> EMERGENCY_STOP (intent=STOP)
05:20:39.778 [AMR-04] SAFETY_STOP min_obstacle_distance=1.01m <= 1.2m
05:20:39.879 [AMR-04] STATE_TRANSITION EMERGENCY_STOP -> MOVING (intent=MOVE)
05:20:39.980 [AMR-04] STATE_TRANSITION MOVING -> EMERGENCY_STOP (intent=STOP)
05:20:39.980 [AMR-04] SAFETY_STOP min_obstacle_distance=1.04m <= 1.2m
05:20:40.081 [AMR-04] STATE_TRANSITION EMERGENCY_STOP -> MOVING (intent=MOVE)
05:20:40.182 [AMR-04] STATE_TRANSITION MOVING -> EMERGENCY_STOP (intent=STOP)
05:20:40.182 [AMR-04] SAFETY_STOP min_obstacle_distance=1.10m <= 1.2m
05:20:40.282 [AMR-04] STATE_TRANSITION EMERGENCY_STOP -> MOVING (intent=MOVE)
05:20:40.382 [AMR-04] STATE_TRANSITION MOVING -> EMERGENCY_STOP (intent=STOP)
05:20:40.383 [AMR-04] SAFETY_STOP min_obstacle_distance=1.08m <= 1.2m
05:20:40.483 [AMR-04] STATE_TRANSITION EMERGENCY_STOP -> MOVING (intent=MOVE)
05:20:40.584 [AMR-04] STATE_TRANSITION MOVING -> EMERGENCY_STOP (intent=STOP)
05:20:40.584 [AMR-04] SAFETY_STOP min_obstacle_distance=1.00m <= 1.2m
05:20:40.685 [AMR-04] STATE_TRANSITION EMERGENCY_STOP -> MOVING (intent=MOVE)
05:20:40.786 [AMR-04] STATE_TRANSITION MOVING -> EMERGENCY_STOP (intent=STOP)
05:20:40.786 [AMR-04] SAFETY_STOP min_obstacle_distance=1.01m <= 1.2m
05:20:40.887 [AMR-04] STATE_TRANSITION EMERGENCY_STOP -> MOVING (intent=MOVE)
05:20:40.987 [AMR-04] STATE_TRANSITION MOVING -> EMERGENCY_STOP (intent=STOP)
05:20:40.987 [AMR-04] SAFETY_STOP min_obstacle_distance=1.04m <= 1.2m
05:20:41.088 [AMR-04] STATE_TRANSITION EMERGENCY_STOP -> MOVING (intent=MOVE)
05:20:41.189 [AMR-04] STATE_TRANSITION MOVING -> EMERGENCY_STOP (intent=STOP)
05:20:41.189 [AMR-04] SAFETY_STOP min_obstacle_distance=1.10m <= 1.2m
05:20:41.290 [AMR-04] STATE_TRANSITION EMERGENCY_STOP -> MOVING (intent=MOVE)
05:20:41.390 [AMR-04] STATE_TRANSITION MOVING -> EMERGENCY_STOP (intent=STOP)
05:20:41.390 [AMR-04] SAFETY_STOP min_obstacle_distance=1.17m <= 1.2m
05:20:41.491 [AMR-04] STATE_TRANSITION EMERGENCY_STOP -> MOVING (intent=MOVE)
05:20:41.591 [AMR-04] STATE_TRANSITION MOVING -> EMERGENCY_STOP (intent=STOP)
05:20:41.591 [AMR-04] SAFETY_STOP min_obstacle_distance=1.00m <= 1.2m
05:20:41.691 [AMR-04] STATE_TRANSITION EMERGENCY_STOP -> MOVING (intent=MOVE)
05:20:41.791 [AMR-04] STATE_TRANSITION MOVING -> EMERGENCY_STOP (intent=STOP)
05:20:41.791 [AMR-04] SAFETY_STOP min_obstacle_distance=1.01m <= 1.2m
05:20:41.891 [AMR-04] STATE_TRANSITION EMERGENCY_STOP -> MOVING (intent=MOVE)
05:20:41.992 [AMR-04] STATE_TRANSITION MOVING -> EMERGENCY_STOP (intent=STOP)
05:20:41.992 [AMR-04] SAFETY_STOP min_obstacle_distance=1.04m <= 1.2m
05:20:42.092 [AMR-04] STATE_TRANSITION EMERGENCY_STOP -> MOVING (intent=MOVE)
05:20:42.192 [AMR-04] STATE_TRANSITION MOVING -> EMERGENCY_STOP (intent=STOP)
05:20:42.193 [AMR-04] SAFETY_STOP min_obstacle_distance=1.10m <= 1.2m
05:20:42.293 [AMR-04] STATE_TRANSITION EMERGENCY_STOP -> MOVING (intent=MOVE)
05:20:42.393 [AMR-04] STATE_TRANSITION MOVING -> EMERGENCY_STOP (intent=STOP)
05:20:42.393 [AMR-04] SAFETY_STOP min_obstacle_distance=1.17m <= 1.2m
05:20:42.494 [AMR-04] STATE_TRANSITION EMERGENCY_STOP -> MOVING (intent=MOVE)
05:20:42.594 [AMR-04] STATE_TRANSITION MOVING -> EMERGENCY_STOP (intent=STOP)
05:20:42.594 [AMR-04] SAFETY_STOP min_obstacle_distance=1.00m <= 1.2m
05:20:42.695 [AMR-04] STATE_TRANSITION EMERGENCY_STOP -> MOVING (intent=MOVE)
05:20:42.795 [AMR-04] STATE_TRANSITION MOVING -> EMERGENCY_STOP (intent=STOP)
05:20:42.795 [AMR-04] SAFETY_STOP min_obstacle_distance=1.01m <= 1.2m
05:20:42.896 [AMR-04] STATE_TRANSITION EMERGENCY_STOP -> MOVING (intent=MOVE)
05:20:42.997 [AMR-04] STATE_TRANSITION MOVING -> EMERGENCY_STOP (intent=STOP)
05:20:42.997 [AMR-04] SAFETY_STOP min_obstacle_distance=1.04m <= 1.2m
05:20:43.098 [AMR-04] STATE_TRANSITION EMERGENCY_STOP -> MOVING (intent=MOVE)
05:20:43.199 [AMR-04] STATE_TRANSITION MOVING -> EMERGENCY_STOP (intent=STOP)
05:20:43.199 [AMR-04] SAFETY_STOP min_obstacle_distance=1.10m <= 1.2m
05:20:43.299 [AMR-04] STATE_TRANSITION EMERGENCY_STOP -> MOVING (intent=MOVE)
05:20:43.401 [AMR-04] STATE_TRANSITION MOVING -> EMERGENCY_STOP (intent=STOP)
05:20:43.401 [AMR-04] SAFETY_STOP min_obstacle_distance=1.17m <= 1.2m
05:20:43.502 [AMR-04] STATE_TRANSITION EMERGENCY_STOP -> MOVING (intent=MOVE)
05:20:43.602 [AMR-04] STATE_TRANSITION MOVING -> EMERGENCY_STOP (intent=STOP)
05:20:43.602 [AMR-04] SAFETY_STOP min_obstacle_distance=1.00m <= 1.2m
05:20:43.702 [AMR-04] STATE_TRANSITION EMERGENCY_STOP -> MOVING (intent=MOVE)
05:20:43.802 [AMR-04] STATE_TRANSITION MOVING -> EMERGENCY_STOP (intent=STOP)
05:20:43.802 [AMR-04] SAFETY_STOP min_obstacle_distance=1.01m <= 1.2m
05:20:43.903 [AMR-04] STATE_TRANSITION EMERGENCY_STOP -> MOVING (intent=MOVE)
05:20:44.004 [AMR-04] STATE_TRANSITION MOVING -> EMERGENCY_STOP (intent=STOP)
05:20:44.004 [AMR-04] SAFETY_STOP min_obstacle_distance=1.04m <= 1.2m
05:20:44.106 [AMR-04] STATE_TRANSITION EMERGENCY_STOP -> MOVING (intent=MOVE)
05:20:44.206 [AMR-04] STATE_TRANSITION MOVING -> EMERGENCY_STOP (intent=STOP)
05:20:44.206 [AMR-04] SAFETY_STOP min_obstacle_distance=1.10m <= 1.2m
05:20:44.307 [AMR-04] STATE_TRANSITION EMERGENCY_STOP -> MOVING (intent=MOVE)
05:20:44.408 [AMR-04] STATE_TRANSITION MOVING -> EMERGENCY_STOP (intent=STOP)
05:20:44.408 [AMR-04] SAFETY_STOP min_obstacle_distance=1.17m <= 1.2m
05:20:44.510 [AMR-04] STATE_TRANSITION EMERGENCY_STOP -> MOVING (intent=MOVE)
05:20:47.427 [AMR-04] STATE_TRANSITION MOVING -> EMERGENCY_STOP (intent=STOP)
05:20:47.427 [AMR-04] SAFETY_STOP min_obstacle_distance=1.19m <= 1.2m
05:20:47.529 [AMR-04] STATE_TRANSITION EMERGENCY_STOP -> MOVING (intent=MOVE)
05:20:49.440 [AMR-04] STATE_TRANSITION MOVING -> EMERGENCY_STOP (intent=STOP)
05:20:49.441 [AMR-04] SAFETY_STOP min_obstacle_distance=1.19m <= 1.2m
05:20:49.540 [AMR-04] STATE_TRANSITION EMERGENCY_STOP -> MOVING (intent=MOVE)
05:20:50.447 [AMR-04] STATE_TRANSITION MOVING -> EMERGENCY_STOP (intent=STOP)
05:20:50.447 [AMR-04] SAFETY_STOP min_obstacle_distance=1.19m <= 1.2m
05:20:50.549 [AMR-04] STATE_TRANSITION EMERGENCY_STOP -> MOVING (intent=MOVE)
05:20:51.452 [AMR-04] STATE_TRANSITION MOVING -> EMERGENCY_STOP (intent=STOP)
05:20:51.452 [AMR-04] SAFETY_STOP min_obstacle_distance=1.19m <= 1.2m
05:20:51.552 [AMR-04] STATE_TRANSITION EMERGENCY_STOP -> MOVING (intent=MOVE)
05:20:52.460 [AMR-04] STATE_TRANSITION MOVING -> EMERGENCY_STOP (intent=STOP)
05:20:52.460 [AMR-04] SAFETY_STOP min_obstacle_distance=1.19m <= 1.2m
05:20:52.560 [AMR-04] STATE_TRANSITION EMERGENCY_STOP -> MOVING (intent=MOVE)
05:20:53.467 [AMR-04] STATE_TRANSITION MOVING -> EMERGENCY_STOP (intent=STOP)
05:20:53.467 [AMR-04] SAFETY_STOP min_obstacle_distance=1.19m <= 1.2m
05:20:53.567 [AMR-04] STATE_TRANSITION EMERGENCY_STOP -> MOVING (intent=MOVE)
05:20:54.472 [AMR-04] STATE_TRANSITION MOVING -> EMERGENCY_STOP (intent=STOP)
05:20:54.472 [AMR-04] SAFETY_STOP min_obstacle_distance=1.19m <= 1.2m
05:20:54.573 [AMR-04] STATE_TRANSITION EMERGENCY_STOP -> MOVING (intent=MOVE)
05:20:55.478 [AMR-04] STATE_TRANSITION MOVING -> EMERGENCY_STOP (intent=STOP)
05:20:55.478 [AMR-04] SAFETY_STOP min_obstacle_distance=1.19m <= 1.2m
05:20:55.579 [AMR-04] STATE_TRANSITION EMERGENCY_STOP -> MOVING (intent=MOVE)
05:20:56.285 [AMR-04] STATE_TRANSITION MOVING -> EMERGENCY_STOP (intent=STOP)
05:20:56.285 [AMR-04] SAFETY_STOP min_obstacle_distance=1.00m <= 1.2m
05:20:56.385 [AMR-04] STATE_TRANSITION EMERGENCY_STOP -> MOVING (intent=MOVE)
05:20:56.486 [AMR-04] STATE_TRANSITION MOVING -> EMERGENCY_STOP (intent=STOP)
05:20:56.486 [AMR-04] SAFETY_STOP min_obstacle_distance=1.00m <= 1.2m
05:20:56.587 [AMR-04] STATE_TRANSITION EMERGENCY_STOP -> MOVING (intent=MOVE)
05:20:56.687 [AMR-04] STATE_TRANSITION MOVING -> EMERGENCY_STOP (intent=STOP)
05:20:56.687 [AMR-04] SAFETY_STOP min_obstacle_distance=1.01m <= 1.2m
05:20:56.787 [AMR-04] STATE_TRANSITION EMERGENCY_STOP -> MOVING (intent=MOVE)
05:20:56.888 [AMR-04] STATE_TRANSITION MOVING -> EMERGENCY_STOP (intent=STOP)
05:20:56.888 [AMR-04] SAFETY_STOP min_obstacle_distance=1.04m <= 1.2m
05:20:56.989 [AMR-04] STATE_TRANSITION EMERGENCY_STOP -> MOVING (intent=MOVE)
05:20:57.090 [AMR-04] STATE_TRANSITION MOVING -> EMERGENCY_STOP (intent=STOP)
05:20:57.090 [AMR-04] SAFETY_STOP min_obstacle_distance=1.10m <= 1.2m
05:20:57.191 [AMR-04] STATE_TRANSITION EMERGENCY_STOP -> MOVING (intent=MOVE)
05:20:57.292 [AMR-04] STATE_TRANSITION MOVING -> EMERGENCY_STOP (intent=STOP)
05:20:57.292 [AMR-04] SAFETY_STOP min_obstacle_distance=1.08m <= 1.2m
05:20:57.393 [AMR-04] STATE_TRANSITION EMERGENCY_STOP -> MOVING (intent=MOVE)
05:20:57.494 [AMR-04] STATE_TRANSITION MOVING -> EMERGENCY_STOP (intent=STOP)
05:20:57.494 [AMR-04] SAFETY_STOP min_obstacle_distance=1.03m <= 1.2m
05:20:57.595 [AMR-04] STATE_TRANSITION EMERGENCY_STOP -> MOVING (intent=MOVE)
05:20:57.695 [AMR-04] STATE_TRANSITION MOVING -> EMERGENCY_STOP (intent=STOP)
05:20:57.695 [AMR-04] SAFETY_STOP min_obstacle_distance=1.01m <= 1.2m
05:20:57.796 [AMR-04] STATE_TRANSITION EMERGENCY_STOP -> MOVING (intent=MOVE)
05:20:57.897 [AMR-04] STATE_TRANSITION MOVING -> EMERGENCY_STOP (intent=STOP)
05:20:57.897 [AMR-04] SAFETY_STOP min_obstacle_distance=1.04m <= 1.2m
05:20:57.998 [AMR-04] STATE_TRANSITION EMERGENCY_STOP -> MOVING (intent=MOVE)
05:20:58.098 [AMR-04] STATE_TRANSITION MOVING -> EMERGENCY_STOP (intent=STOP)
05:20:58.098 [AMR-04] SAFETY_STOP min_obstacle_distance=1.10m <= 1.2m
05:20:58.199 [AMR-04] STATE_TRANSITION EMERGENCY_STOP -> MOVING (intent=MOVE)
05:20:58.300 [AMR-04] STATE_TRANSITION MOVING -> EMERGENCY_STOP (intent=STOP)
05:20:58.300 [AMR-04] SAFETY_STOP min_obstacle_distance=1.08m <= 1.2m
05:20:58.400 [AMR-04] STATE_TRANSITION EMERGENCY_STOP -> MOVING (intent=MOVE)
05:20:58.501 [AMR-04] STATE_TRANSITION MOVING -> EMERGENCY_STOP (intent=STOP)
05:20:58.501 [AMR-04] SAFETY_STOP min_obstacle_distance=1.03m <= 1.2m
05:20:58.602 [AMR-04] STATE_TRANSITION EMERGENCY_STOP -> MOVING (intent=MOVE)
05:20:58.703 [AMR-04] STATE_TRANSITION MOVING -> EMERGENCY_STOP (intent=STOP)
05:20:58.703 [AMR-04] SAFETY_STOP min_obstacle_distance=1.01m <= 1.2m
05:20:58.803 [AMR-04] STATE_TRANSITION EMERGENCY_STOP -> MOVING (intent=MOVE)
05:20:58.904 [AMR-04] STATE_TRANSITION MOVING -> EMERGENCY_STOP (intent=STOP)
05:20:58.904 [AMR-04] SAFETY_STOP min_obstacle_distance=1.04m <= 1.2m
05:20:59.005 [AMR-04] STATE_TRANSITION EMERGENCY_STOP -> MOVING (intent=MOVE)
05:20:59.105 [AMR-04] STATE_TRANSITION MOVING -> EMERGENCY_STOP (intent=STOP)
05:20:59.105 [AMR-04] SAFETY_STOP min_obstacle_distance=1.10m <= 1.2m
05:20:59.206 [AMR-04] STATE_TRANSITION EMERGENCY_STOP -> MOVING (intent=MOVE)
05:20:59.307 [AMR-04] STATE_TRANSITION MOVING -> EMERGENCY_STOP (intent=STOP)
05:20:59.307 [AMR-04] SAFETY_STOP min_obstacle_distance=1.08m <= 1.2m
05:20:59.408 [AMR-04] STATE_TRANSITION EMERGENCY_STOP -> MOVING (intent=MOVE)
05:20:59.508 [AMR-04] STATE_TRANSITION MOVING -> EMERGENCY_STOP (intent=STOP)
05:20:59.508 [AMR-04] SAFETY_STOP min_obstacle_distance=1.03m <= 1.2m
05:20:59.609 [AMR-04] STATE_TRANSITION EMERGENCY_STOP -> MOVING (intent=MOVE)
05:20:59.709 [AMR-04] STATE_TRANSITION MOVING -> EMERGENCY_STOP (intent=STOP)
05:20:59.709 [AMR-04] SAFETY_STOP min_obstacle_distance=1.01m <= 1.2m
05:20:59.810 [AMR-04] STATE_TRANSITION EMERGENCY_STOP -> MOVING (intent=MOVE)
05:20:59.911 [AMR-04] STATE_TRANSITION MOVING -> EMERGENCY_STOP (intent=STOP)
05:20:59.911 [AMR-04] SAFETY_STOP min_obstacle_distance=1.04m <= 1.2m
05:21:00.011 [AMR-04] STATE_TRANSITION EMERGENCY_STOP -> MOVING (intent=MOVE)
05:21:00.112 [AMR-04] STATE_TRANSITION MOVING -> EMERGENCY_STOP (intent=STOP)
05:21:00.112 [AMR-04] SAFETY_STOP min_obstacle_distance=1.10m <= 1.2m
05:21:00.213 [AMR-04] STATE_TRANSITION EMERGENCY_STOP -> MOVING (intent=MOVE)
05:21:00.313 [AMR-04] STATE_TRANSITION MOVING -> EMERGENCY_STOP (intent=STOP)
05:21:00.313 [AMR-04] SAFETY_STOP min_obstacle_distance=1.08m <= 1.2m
05:21:00.414 [AMR-04] STATE_TRANSITION EMERGENCY_STOP -> MOVING (intent=MOVE)
05:21:00.514 [AMR-04] STATE_TRANSITION MOVING -> EMERGENCY_STOP (intent=STOP)
05:21:00.514 [AMR-04] SAFETY_STOP min_obstacle_distance=1.00m <= 1.2m
05:21:00.615 [AMR-04] STATE_TRANSITION EMERGENCY_STOP -> MOVING (intent=MOVE)
05:21:00.716 [AMR-04] STATE_TRANSITION MOVING -> EMERGENCY_STOP (intent=STOP)
05:21:00.716 [AMR-04] SAFETY_STOP min_obstacle_distance=1.01m <= 1.2m
05:21:00.816 [AMR-04] STATE_TRANSITION EMERGENCY_STOP -> MOVING (intent=MOVE)
05:21:00.916 [AMR-04] STATE_TRANSITION MOVING -> EMERGENCY_STOP (intent=STOP)
05:21:00.916 [AMR-04] SAFETY_STOP min_obstacle_distance=1.04m <= 1.2m
05:21:01.017 [AMR-04] STATE_TRANSITION EMERGENCY_STOP -> MOVING (intent=MOVE)
05:21:01.118 [AMR-04] STATE_TRANSITION MOVING -> EMERGENCY_STOP (intent=STOP)
05:21:01.118 [AMR-04] SAFETY_STOP min_obstacle_distance=1.10m <= 1.2m
05:21:01.219 [AMR-04] STATE_TRANSITION EMERGENCY_STOP -> MOVING (intent=MOVE)
05:21:01.320 [AMR-04] STATE_TRANSITION MOVING -> EMERGENCY_STOP (intent=STOP)
05:21:01.320 [AMR-04] SAFETY_STOP min_obstacle_distance=1.08m <= 1.2m
05:21:01.421 [AMR-04] STATE_TRANSITION EMERGENCY_STOP -> MOVING (intent=MOVE)
05:21:01.522 [AMR-04] STATE_TRANSITION MOVING -> EMERGENCY_STOP (intent=STOP)
05:21:01.522 [AMR-04] SAFETY_STOP min_obstacle_distance=1.00m <= 1.2m
05:21:01.623 [AMR-04] STATE_TRANSITION EMERGENCY_STOP -> MOVING (intent=MOVE)
05:21:01.723 [AMR-04] STATE_TRANSITION MOVING -> EMERGENCY_STOP (intent=STOP)
05:21:01.723 [AMR-04] SAFETY_STOP min_obstacle_distance=1.01m <= 1.2m
05:21:01.824 [AMR-04] STATE_TRANSITION EMERGENCY_STOP -> MOVING (intent=MOVE)
05:21:01.924 [AMR-04] STATE_TRANSITION MOVING -> EMERGENCY_STOP (intent=STOP)
05:21:01.924 [AMR-04] SAFETY_STOP min_obstacle_distance=1.04m <= 1.2m
05:21:02.024 [AMR-04] STATE_TRANSITION EMERGENCY_STOP -> MOVING (intent=MOVE)
05:21:02.124 [AMR-04] STATE_TRANSITION MOVING -> EMERGENCY_STOP (intent=STOP)
05:21:02.124 [AMR-04] SAFETY_STOP min_obstacle_distance=1.10m <= 1.2m
05:21:02.225 [AMR-04] STATE_TRANSITION EMERGENCY_STOP -> MOVING (intent=MOVE)
05:21:02.325 [AMR-04] STATE_TRANSITION MOVING -> EMERGENCY_STOP (intent=STOP)
05:21:02.325 [AMR-04] SAFETY_STOP min_obstacle_distance=1.08m <= 1.2m
05:21:02.426 [AMR-04] STATE_TRANSITION EMERGENCY_STOP -> MOVING (intent=MOVE)
05:21:02.526 [AMR-04] STATE_TRANSITION MOVING -> EMERGENCY_STOP (intent=STOP)
05:21:02.526 [AMR-04] SAFETY_STOP min_obstacle_distance=1.00m <= 1.2m
05:21:02.627 [AMR-04] STATE_TRANSITION EMERGENCY_STOP -> MOVING (intent=MOVE)
05:21:02.728 [AMR-04] STATE_TRANSITION MOVING -> EMERGENCY_STOP (intent=STOP)
05:21:02.728 [AMR-04] SAFETY_STOP min_obstacle_distance=1.01m <= 1.2m
05:21:02.829 [AMR-04] STATE_TRANSITION EMERGENCY_STOP -> MOVING (intent=MOVE)
05:21:02.930 [AMR-04] STATE_TRANSITION MOVING -> EMERGENCY_STOP (intent=STOP)
05:21:02.930 [AMR-04] SAFETY_STOP min_obstacle_distance=1.04m <= 1.2m
05:21:03.031 [AMR-04] STATE_TRANSITION EMERGENCY_STOP -> MOVING (intent=MOVE)
05:21:03.132 [AMR-04] STATE_TRANSITION MOVING -> EMERGENCY_STOP (intent=STOP)
05:21:03.132 [AMR-04] SAFETY_STOP min_obstacle_distance=1.10m <= 1.2m
05:21:03.233 [AMR-04] STATE_TRANSITION EMERGENCY_STOP -> MOVING (intent=MOVE)
05:21:03.334 [AMR-04] STATE_TRANSITION MOVING -> EMERGENCY_STOP (intent=STOP)
05:21:03.334 [AMR-04] SAFETY_STOP min_obstacle_distance=1.17m <= 1.2m
05:21:03.435 [AMR-04] STATE_TRANSITION EMERGENCY_STOP -> MOVING (intent=MOVE)
05:21:03.536 [AMR-04] STATE_TRANSITION MOVING -> EMERGENCY_STOP (intent=STOP)
05:21:03.536 [AMR-04] SAFETY_STOP min_obstacle_distance=1.00m <= 1.2m
05:21:03.637 [AMR-04] STATE_TRANSITION EMERGENCY_STOP -> MOVING (intent=MOVE)
05:21:03.738 [AMR-04] STATE_TRANSITION MOVING -> EMERGENCY_STOP (intent=STOP)
05:21:03.738 [AMR-04] SAFETY_STOP min_obstacle_distance=1.01m <= 1.2m
05:21:03.839 [AMR-04] STATE_TRANSITION EMERGENCY_STOP -> MOVING (intent=MOVE)
05:21:03.940 [AMR-04] STATE_TRANSITION MOVING -> EMERGENCY_STOP (intent=STOP)
05:21:03.940 [AMR-04] SAFETY_STOP min_obstacle_distance=1.04m <= 1.2m
05:21:04.040 [AMR-04] STATE_TRANSITION EMERGENCY_STOP -> MOVING (intent=MOVE)
05:21:04.141 [AMR-04] STATE_TRANSITION MOVING -> EMERGENCY_STOP (intent=STOP)
05:21:04.141 [AMR-04] SAFETY_STOP min_obstacle_distance=1.10m <= 1.2m
05:21:04.242 [AMR-04] STATE_TRANSITION EMERGENCY_STOP -> MOVING (intent=MOVE)
05:21:04.344 [AMR-04] STATE_TRANSITION MOVING -> EMERGENCY_STOP (intent=STOP)
05:21:04.344 [AMR-04] SAFETY_STOP min_obstacle_distance=1.17m <= 1.2m
05:21:04.445 [AMR-04] STATE_TRANSITION EMERGENCY_STOP -> MOVING (intent=MOVE)
05:21:04.545 [AMR-04] STATE_TRANSITION MOVING -> EMERGENCY_STOP (intent=STOP)
05:21:04.545 [AMR-04] SAFETY_STOP min_obstacle_distance=1.00m <= 1.2m
05:21:04.646 [AMR-04] STATE_TRANSITION EMERGENCY_STOP -> MOVING (intent=MOVE)
05:21:04.746 [AMR-04] STATE_TRANSITION MOVING -> EMERGENCY_STOP (intent=STOP)
05:21:04.747 [AMR-04] SAFETY_STOP min_obstacle_distance=1.01m <= 1.2m
05:21:04.847 [AMR-04] STATE_TRANSITION EMERGENCY_STOP -> MOVING (intent=MOVE)
05:21:04.947 [AMR-04] STATE_TRANSITION MOVING -> EMERGENCY_STOP (intent=STOP)
05:21:04.947 [AMR-04] SAFETY_STOP min_obstacle_distance=1.04m <= 1.2m
05:21:05.048 [AMR-04] STATE_TRANSITION EMERGENCY_STOP -> MOVING (intent=MOVE)
05:21:05.148 [AMR-04] STATE_TRANSITION MOVING -> EMERGENCY_STOP (intent=STOP)
05:21:05.148 [AMR-04] SAFETY_STOP min_obstacle_distance=1.10m <= 1.2m
05:21:05.248 [AMR-04] STATE_TRANSITION EMERGENCY_STOP -> MOVING (intent=MOVE)
05:21:05.349 [AMR-04] STATE_TRANSITION MOVING -> EMERGENCY_STOP (intent=STOP)
05:21:05.349 [AMR-04] SAFETY_STOP min_obstacle_distance=1.17m <= 1.2m
05:21:05.450 [AMR-04] STATE_TRANSITION EMERGENCY_STOP -> MOVING (intent=MOVE)
05:21:05.550 [AMR-04] STATE_TRANSITION MOVING -> EMERGENCY_STOP (intent=STOP)
05:21:05.550 [AMR-04] SAFETY_STOP min_obstacle_distance=1.00m <= 1.2m
05:21:05.651 [AMR-04] STATE_TRANSITION EMERGENCY_STOP -> MOVING (intent=MOVE)
05:21:05.752 [AMR-04] STATE_TRANSITION MOVING -> EMERGENCY_STOP (intent=STOP)
05:21:05.752 [AMR-04] SAFETY_STOP min_obstacle_distance=1.01m <= 1.2m
05:21:05.852 [AMR-04] STATE_TRANSITION EMERGENCY_STOP -> MOVING (intent=MOVE)
05:21:05.952 [AMR-04] STATE_TRANSITION MOVING -> EMERGENCY_STOP (intent=STOP)
05:21:05.952 [AMR-04] SAFETY_STOP min_obstacle_distance=1.04m <= 1.2m
05:21:06.053 [AMR-04] STATE_TRANSITION EMERGENCY_STOP -> MOVING (intent=MOVE)
05:21:06.153 [AMR-04] STATE_TRANSITION MOVING -> EMERGENCY_STOP (intent=STOP)
05:21:06.153 [AMR-04] SAFETY_STOP min_obstacle_distance=1.10m <= 1.2m
05:21:06.254 [AMR-04] STATE_TRANSITION EMERGENCY_STOP -> MOVING (intent=MOVE)
05:21:06.354 [AMR-04] STATE_TRANSITION MOVING -> EMERGENCY_STOP (intent=STOP)
05:21:06.354 [AMR-04] SAFETY_STOP min_obstacle_distance=1.17m <= 1.2m
05:21:06.455 [AMR-04] STATE_TRANSITION EMERGENCY_STOP -> MOVING (intent=MOVE)
05:21:06.555 [AMR-04] STATE_TRANSITION MOVING -> EMERGENCY_STOP (intent=STOP)
05:21:06.555 [AMR-04] SAFETY_STOP min_obstacle_distance=1.00m <= 1.2m
05:21:06.656 [AMR-04] STATE_TRANSITION EMERGENCY_STOP -> MOVING (intent=MOVE)
05:21:06.757 [AMR-04] STATE_TRANSITION MOVING -> EMERGENCY_STOP (intent=STOP)
05:21:06.757 [AMR-04] SAFETY_STOP min_obstacle_distance=1.01m <= 1.2m
05:21:06.858 [AMR-04] STATE_TRANSITION EMERGENCY_STOP -> MOVING (intent=MOVE)
05:21:06.958 [AMR-04] STATE_TRANSITION MOVING -> EMERGENCY_STOP (intent=STOP)
05:21:06.958 [AMR-04] SAFETY_STOP min_obstacle_distance=1.04m <= 1.2m
05:21:07.059 [AMR-04] STATE_TRANSITION EMERGENCY_STOP -> MOVING (intent=MOVE)
05:21:07.159 [AMR-04] STATE_TRANSITION MOVING -> EMERGENCY_STOP (intent=STOP)
05:21:07.159 [AMR-04] SAFETY_STOP min_obstacle_distance=1.10m <= 1.2m
05:21:07.259 [AMR-04] STATE_TRANSITION EMERGENCY_STOP -> MOVING (intent=MOVE)
05:21:07.360 [AMR-04] STATE_TRANSITION MOVING -> EMERGENCY_STOP (intent=STOP)
05:21:07.360 [AMR-04] SAFETY_STOP min_obstacle_distance=1.17m <= 1.2m
05:21:07.461 [AMR-04] STATE_TRANSITION EMERGENCY_STOP -> MOVING (intent=MOVE)
05:21:07.864 [AMR-04] STATE_TRANSITION MOVING -> EMERGENCY_STOP (intent=STOP)
05:21:07.864 [AMR-04] SAFETY_STOP min_obstacle_distance=1.14m <= 1.2m
05:21:07.964 [AMR-04] STATE_TRANSITION EMERGENCY_STOP -> MOVING (intent=MOVE)
05:21:08.064 [AMR-04] STATE_TRANSITION MOVING -> EMERGENCY_STOP (intent=STOP)
05:21:08.065 [AMR-04] SAFETY_STOP min_obstacle_distance=1.08m <= 1.2m
05:21:08.165 [AMR-04] STATE_TRANSITION EMERGENCY_STOP -> MOVING (intent=MOVE)
05:21:08.266 [AMR-04] STATE_TRANSITION MOVING -> EMERGENCY_STOP (intent=STOP)
05:21:08.266 [AMR-04] SAFETY_STOP min_obstacle_distance=1.03m <= 1.2m
05:21:08.367 [AMR-04] STATE_TRANSITION EMERGENCY_STOP -> MOVING (intent=MOVE)
05:21:08.468 [AMR-04] STATE_TRANSITION MOVING -> EMERGENCY_STOP (intent=STOP)
05:21:08.468 [AMR-04] SAFETY_STOP min_obstacle_distance=1.00m <= 1.2m
05:21:08.569 [AMR-04] STATE_TRANSITION EMERGENCY_STOP -> MOVING (intent=MOVE)
05:21:08.871 [AMR-04] STATE_TRANSITION MOVING -> EMERGENCY_STOP (intent=STOP)
05:21:08.871 [AMR-04] SAFETY_STOP min_obstacle_distance=1.14m <= 1.2m
05:21:08.972 [AMR-04] STATE_TRANSITION EMERGENCY_STOP -> MOVING (intent=MOVE)
05:21:09.072 [AMR-04] STATE_TRANSITION MOVING -> EMERGENCY_STOP (intent=STOP)
05:21:09.072 [AMR-04] SAFETY_STOP min_obstacle_distance=1.08m <= 1.2m
05:21:09.172 [AMR-04] STATE_TRANSITION EMERGENCY_STOP -> MOVING (intent=MOVE)
05:21:09.272 [AMR-04] STATE_TRANSITION MOVING -> EMERGENCY_STOP (intent=STOP)
05:21:09.273 [AMR-04] SAFETY_STOP min_obstacle_distance=1.03m <= 1.2m
05:21:09.373 [AMR-04] STATE_TRANSITION EMERGENCY_STOP -> MOVING (intent=MOVE)
05:21:09.473 [AMR-04] STATE_TRANSITION MOVING -> EMERGENCY_STOP (intent=STOP)
05:21:09.473 [AMR-04] SAFETY_STOP min_obstacle_distance=1.00m <= 1.2m
05:21:09.575 [AMR-04] STATE_TRANSITION EMERGENCY_STOP -> MOVING (intent=MOVE)
05:21:09.876 [AMR-04] STATE_TRANSITION MOVING -> EMERGENCY_STOP (intent=STOP)
05:21:09.876 [AMR-04] SAFETY_STOP min_obstacle_distance=1.14m <= 1.2m
05:21:09.976 [AMR-04] STATE_TRANSITION EMERGENCY_STOP -> MOVING (intent=MOVE)
05:21:10.076 [AMR-04] STATE_TRANSITION MOVING -> EMERGENCY_STOP (intent=STOP)
05:21:10.076 [AMR-04] SAFETY_STOP min_obstacle_distance=1.08m <= 1.2m
05:21:10.176 [AMR-04] STATE_TRANSITION EMERGENCY_STOP -> MOVING (intent=MOVE)
05:21:10.277 [AMR-04] STATE_TRANSITION MOVING -> EMERGENCY_STOP (intent=STOP)
05:21:10.277 [AMR-04] SAFETY_STOP min_obstacle_distance=1.03m <= 1.2m
05:21:10.378 [AMR-04] STATE_TRANSITION EMERGENCY_STOP -> MOVING (intent=MOVE)
05:21:10.478 [AMR-04] STATE_TRANSITION MOVING -> EMERGENCY_STOP (intent=STOP)
05:21:10.478 [AMR-04] SAFETY_STOP min_obstacle_distance=1.00m <= 1.2m
05:21:10.579 [AMR-04] STATE_TRANSITION EMERGENCY_STOP -> MOVING (intent=MOVE)
05:21:10.880 [AMR-04] STATE_TRANSITION MOVING -> EMERGENCY_STOP (intent=STOP)
05:21:10.880 [AMR-04] SAFETY_STOP min_obstacle_distance=1.14m <= 1.2m
05:21:10.981 [AMR-04] STATE_TRANSITION EMERGENCY_STOP -> MOVING (intent=MOVE)
05:21:11.081 [AMR-04] STATE_TRANSITION MOVING -> EMERGENCY_STOP (intent=STOP)
05:21:11.081 [AMR-04] SAFETY_STOP min_obstacle_distance=1.08m <= 1.2m
05:21:11.182 [AMR-04] STATE_TRANSITION EMERGENCY_STOP -> MOVING (intent=MOVE)
05:21:11.282 [AMR-04] STATE_TRANSITION MOVING -> EMERGENCY_STOP (intent=STOP)
05:21:11.282 [AMR-04] SAFETY_STOP min_obstacle_distance=1.03m <= 1.2m
05:21:11.383 [AMR-04] STATE_TRANSITION EMERGENCY_STOP -> MOVING (intent=MOVE)
05:21:11.484 [AMR-04] STATE_TRANSITION MOVING -> EMERGENCY_STOP (intent=STOP)
05:21:11.484 [AMR-04] SAFETY_STOP min_obstacle_distance=1.00m <= 1.2m
05:21:11.586 [AMR-04] STATE_TRANSITION EMERGENCY_STOP -> MOVING (intent=MOVE)
05:21:11.888 [AMR-04] STATE_TRANSITION MOVING -> EMERGENCY_STOP (intent=STOP)
05:21:11.888 [AMR-04] SAFETY_STOP min_obstacle_distance=1.14m <= 1.2m
05:21:11.989 [AMR-04] STATE_TRANSITION EMERGENCY_STOP -> MOVING (intent=MOVE)
05:21:12.090 [AMR-04] STATE_TRANSITION MOVING -> EMERGENCY_STOP (intent=STOP)
05:21:12.090 [AMR-04] SAFETY_STOP min_obstacle_distance=1.07m <= 1.2m
05:21:12.192 [AMR-04] STATE_TRANSITION EMERGENCY_STOP -> MOVING (intent=MOVE)
05:21:12.292 [AMR-04] STATE_TRANSITION MOVING -> EMERGENCY_STOP (intent=STOP)
05:21:12.292 [AMR-04] SAFETY_STOP min_obstacle_distance=1.03m <= 1.2m
05:21:12.393 [AMR-04] STATE_TRANSITION EMERGENCY_STOP -> MOVING (intent=MOVE)
05:21:12.494 [AMR-04] STATE_TRANSITION MOVING -> EMERGENCY_STOP (intent=STOP)
05:21:12.494 [AMR-04] SAFETY_STOP min_obstacle_distance=1.00m <= 1.2m
05:21:12.595 [AMR-04] STATE_TRANSITION EMERGENCY_STOP -> MOVING (intent=MOVE)
05:21:12.897 [AMR-04] STATE_TRANSITION MOVING -> EMERGENCY_STOP (intent=STOP)
05:21:12.897 [AMR-04] SAFETY_STOP min_obstacle_distance=1.14m <= 1.2m
05:21:12.997 [AMR-04] STATE_TRANSITION EMERGENCY_STOP -> MOVING (intent=MOVE)
05:21:13.098 [AMR-04] STATE_TRANSITION MOVING -> EMERGENCY_STOP (intent=STOP)
05:21:13.098 [AMR-04] SAFETY_STOP min_obstacle_distance=1.08m <= 1.2m
05:21:13.198 [AMR-04] STATE_TRANSITION EMERGENCY_STOP -> MOVING (intent=MOVE)
05:21:13.298 [AMR-04] STATE_TRANSITION MOVING -> EMERGENCY_STOP (intent=STOP)
05:21:13.298 [AMR-04] SAFETY_STOP min_obstacle_distance=1.03m <= 1.2m
05:21:13.399 [AMR-04] STATE_TRANSITION EMERGENCY_STOP -> MOVING (intent=MOVE)
05:21:13.802 [AMR-04] STATE_TRANSITION MOVING -> EMERGENCY_STOP (intent=STOP)
05:21:13.802 [AMR-04] SAFETY_STOP min_obstacle_distance=1.14m <= 1.2m
05:21:13.903 [AMR-04] STATE_TRANSITION EMERGENCY_STOP -> MOVING (intent=MOVE)
05:21:14.004 [AMR-04] STATE_TRANSITION MOVING -> EMERGENCY_STOP (intent=STOP)
05:21:14.004 [AMR-04] SAFETY_STOP min_obstacle_distance=1.08m <= 1.2m
05:21:14.105 [AMR-04] STATE_TRANSITION EMERGENCY_STOP -> MOVING (intent=MOVE)
05:21:14.205 [AMR-04] STATE_TRANSITION MOVING -> EMERGENCY_STOP (intent=STOP)
05:21:14.205 [AMR-04] SAFETY_STOP min_obstacle_distance=1.03m <= 1.2m
05:21:14.306 [AMR-04] STATE_TRANSITION EMERGENCY_STOP -> MOVING (intent=MOVE)
05:21:14.407 [AMR-04] STATE_TRANSITION MOVING -> EMERGENCY_STOP (intent=STOP)
05:21:14.407 [AMR-04] SAFETY_STOP min_obstacle_distance=1.00m <= 1.2m
05:21:14.507 [AMR-04] STATE_TRANSITION EMERGENCY_STOP -> MOVING (intent=MOVE)
05:21:14.607 [AMR-04] DEADLOCK_DETECTED cycle=['AMR-01', 'AMR-02'] -> Victim is AMR-02 -> WAITING
05:21:14.608 [AMR-04] STATE_TRANSITION MOVING -> WAITING (intent=WAIT)
05:21:14.709 [AMR-04] DEADLOCK_DETECTED cycle=['AMR-01', 'AMR-02'] -> Victim is AMR-02 -> WAITING
05:21:14.810 [AMR-04] STATE_TRANSITION WAITING -> MOVING (intent=MOVE)
05:21:15.012 [AMR-04] STATE_TRANSITION MOVING -> EMERGENCY_STOP (intent=STOP)
05:21:15.012 [AMR-04] SAFETY_STOP min_obstacle_distance=1.14m <= 1.2m
05:21:15.112 [AMR-04] STATE_TRANSITION EMERGENCY_STOP -> MOVING (intent=MOVE)
05:21:15.214 [AMR-04] STATE_TRANSITION MOVING -> EMERGENCY_STOP (intent=STOP)
05:21:15.214 [AMR-04] SAFETY_STOP min_obstacle_distance=1.07m <= 1.2m
05:21:15.314 [AMR-04] STATE_TRANSITION EMERGENCY_STOP -> MOVING (intent=MOVE)
05:21:15.415 [AMR-04] STATE_TRANSITION MOVING -> EMERGENCY_STOP (intent=STOP)
05:21:15.415 [AMR-04] SAFETY_STOP min_obstacle_distance=1.03m <= 1.2m
05:21:15.516 [AMR-04] STATE_TRANSITION EMERGENCY_STOP -> MOVING (intent=MOVE)
05:21:15.818 [AMR-04] STATE_TRANSITION MOVING -> EMERGENCY_STOP (intent=STOP)
05:21:15.818 [AMR-04] SAFETY_STOP min_obstacle_distance=1.14m <= 1.2m
05:21:15.919 [AMR-04] STATE_TRANSITION EMERGENCY_STOP -> MOVING (intent=MOVE)
05:21:16.019 [AMR-04] STATE_TRANSITION MOVING -> EMERGENCY_STOP (intent=STOP)
05:21:16.019 [AMR-04] SAFETY_STOP min_obstacle_distance=1.08m <= 1.2m
05:21:16.120 [AMR-04] STATE_TRANSITION EMERGENCY_STOP -> MOVING (intent=MOVE)
05:21:16.221 [AMR-04] STATE_TRANSITION MOVING -> EMERGENCY_STOP (intent=STOP)
05:21:16.221 [AMR-04] SAFETY_STOP min_obstacle_distance=1.03m <= 1.2m
05:21:16.322 [AMR-04] STATE_TRANSITION EMERGENCY_STOP -> MOVING (intent=MOVE)
05:21:16.422 [AMR-04] STATE_TRANSITION MOVING -> EMERGENCY_STOP (intent=STOP)
05:21:16.422 [AMR-04] SAFETY_STOP min_obstacle_distance=1.00m <= 1.2m
05:21:16.523 [AMR-04] STATE_TRANSITION EMERGENCY_STOP -> MOVING (intent=MOVE)
05:21:16.824 [AMR-04] STATE_TRANSITION MOVING -> EMERGENCY_STOP (intent=STOP)
05:21:16.824 [AMR-04] SAFETY_STOP min_obstacle_distance=1.14m <= 1.2m
05:21:16.924 [AMR-04] STATE_TRANSITION EMERGENCY_STOP -> MOVING (intent=MOVE)
05:21:17.024 [AMR-04] STATE_TRANSITION MOVING -> EMERGENCY_STOP (intent=STOP)
05:21:17.024 [AMR-04] SAFETY_STOP min_obstacle_distance=1.08m <= 1.2m
05:21:17.125 [AMR-04] STATE_TRANSITION EMERGENCY_STOP -> MOVING (intent=MOVE)
05:21:17.225 [AMR-04] STATE_TRANSITION MOVING -> EMERGENCY_STOP (intent=STOP)
05:21:17.225 [AMR-04] SAFETY_STOP min_obstacle_distance=1.03m <= 1.2m
05:21:17.326 [AMR-04] STATE_TRANSITION EMERGENCY_STOP -> MOVING (intent=MOVE)
05:21:17.426 [AMR-04] STATE_TRANSITION MOVING -> EMERGENCY_STOP (intent=STOP)
05:21:17.426 [AMR-04] SAFETY_STOP min_obstacle_distance=1.00m <= 1.2m
05:21:17.526 [AMR-04] STATE_TRANSITION EMERGENCY_STOP -> MOVING (intent=MOVE)
05:21:17.828 [AMR-04] STATE_TRANSITION MOVING -> EMERGENCY_STOP (intent=STOP)
05:21:17.828 [AMR-04] SAFETY_STOP min_obstacle_distance=1.14m <= 1.2m
05:21:17.928 [AMR-04] STATE_TRANSITION EMERGENCY_STOP -> MOVING (intent=MOVE)
05:21:18.029 [AMR-04] STATE_TRANSITION MOVING -> EMERGENCY_STOP (intent=STOP)
05:21:18.029 [AMR-04] SAFETY_STOP min_obstacle_distance=1.08m <= 1.2m
05:21:18.129 [AMR-04] STATE_TRANSITION EMERGENCY_STOP -> MOVING (intent=MOVE)
05:21:18.229 [AMR-04] STATE_TRANSITION MOVING -> EMERGENCY_STOP (intent=STOP)
05:21:18.230 [AMR-04] SAFETY_STOP min_obstacle_distance=1.03m <= 1.2m
05:21:18.330 [AMR-04] STATE_TRANSITION EMERGENCY_STOP -> MOVING (intent=MOVE)
05:21:18.430 [AMR-04] STATE_TRANSITION MOVING -> EMERGENCY_STOP (intent=STOP)
05:21:18.430 [AMR-04] SAFETY_STOP min_obstacle_distance=1.00m <= 1.2m
05:21:18.530 [AMR-04] STATE_TRANSITION EMERGENCY_STOP -> MOVING (intent=MOVE)
05:21:18.832 [AMR-04] STATE_TRANSITION MOVING -> EMERGENCY_STOP (intent=STOP)
05:21:18.832 [AMR-04] SAFETY_STOP min_obstacle_distance=1.14m <= 1.2m
05:21:18.933 [AMR-04] STATE_TRANSITION EMERGENCY_STOP -> MOVING (intent=MOVE)
05:21:19.033 [AMR-04] STATE_TRANSITION MOVING -> EMERGENCY_STOP (intent=STOP)
05:21:19.033 [AMR-04] SAFETY_STOP min_obstacle_distance=1.08m <= 1.2m
05:21:19.134 [AMR-04] STATE_TRANSITION EMERGENCY_STOP -> MOVING (intent=MOVE)
05:21:19.234 [AMR-04] STATE_TRANSITION MOVING -> EMERGENCY_STOP (intent=STOP)
05:21:19.234 [AMR-04] SAFETY_STOP min_obstacle_distance=1.03m <= 1.2m
05:21:19.335 [AMR-04] STATE_TRANSITION EMERGENCY_STOP -> MOVING (intent=MOVE)
05:21:19.436 [AMR-04] STATE_TRANSITION MOVING -> EMERGENCY_STOP (intent=STOP)
05:21:19.436 [AMR-04] SAFETY_STOP min_obstacle_distance=1.00m <= 1.2m
05:21:19.536 [AMR-04] STATE_TRANSITION EMERGENCY_STOP -> MOVING (intent=MOVE)
05:21:19.838 [AMR-04] STATE_TRANSITION MOVING -> EMERGENCY_STOP (intent=STOP)
05:21:19.838 [AMR-04] SAFETY_STOP min_obstacle_distance=1.14m <= 1.2m
05:21:19.938 [AMR-04] STATE_TRANSITION EMERGENCY_STOP -> MOVING (intent=MOVE)
05:21:20.039 [AMR-04] STATE_TRANSITION MOVING -> EMERGENCY_STOP (intent=STOP)
05:21:20.039 [AMR-04] SAFETY_STOP min_obstacle_distance=1.08m <= 1.2m
05:21:20.139 [AMR-04] STATE_TRANSITION EMERGENCY_STOP -> MOVING (intent=MOVE)
05:21:20.239 [AMR-04] STATE_TRANSITION MOVING -> EMERGENCY_STOP (intent=STOP)
05:21:20.239 [AMR-04] SAFETY_STOP min_obstacle_distance=1.03m <= 1.2m
05:21:20.340 [AMR-04] STATE_TRANSITION EMERGENCY_STOP -> MOVING (intent=MOVE)
05:21:20.440 [AMR-04] STATE_TRANSITION MOVING -> EMERGENCY_STOP (intent=STOP)
05:21:20.440 [AMR-04] SAFETY_STOP min_obstacle_distance=1.00m <= 1.2m
05:21:20.541 [AMR-04] STATE_TRANSITION EMERGENCY_STOP -> MOVING (intent=MOVE)
05:21:20.842 [AMR-04] STATE_TRANSITION MOVING -> EMERGENCY_STOP (intent=STOP)
05:21:20.843 [AMR-04] SAFETY_STOP min_obstacle_distance=1.14m <= 1.2m
05:21:20.943 [AMR-04] STATE_TRANSITION EMERGENCY_STOP -> MOVING (intent=MOVE)
05:21:21.043 [AMR-04] STATE_TRANSITION MOVING -> EMERGENCY_STOP (intent=STOP)
05:21:21.044 [AMR-04] SAFETY_STOP min_obstacle_distance=1.08m <= 1.2m
05:21:21.144 [AMR-04] STATE_TRANSITION EMERGENCY_STOP -> MOVING (intent=MOVE)
05:21:21.244 [AMR-04] STATE_TRANSITION MOVING -> EMERGENCY_STOP (intent=STOP)
05:21:21.244 [AMR-04] SAFETY_STOP min_obstacle_distance=1.03m <= 1.2m
05:21:21.345 [AMR-04] STATE_TRANSITION EMERGENCY_STOP -> MOVING (intent=MOVE)
05:21:21.446 [AMR-04] STATE_TRANSITION MOVING -> EMERGENCY_STOP (intent=STOP)
05:21:21.446 [AMR-04] SAFETY_STOP min_obstacle_distance=1.00m <= 1.2m
05:21:21.547 [AMR-04] STATE_TRANSITION EMERGENCY_STOP -> MOVING (intent=MOVE)
05:21:21.848 [AMR-04] STATE_TRANSITION MOVING -> EMERGENCY_STOP (intent=STOP)
05:21:21.848 [AMR-04] SAFETY_STOP min_obstacle_distance=1.14m <= 1.2m
05:21:21.949 [AMR-04] STATE_TRANSITION EMERGENCY_STOP -> MOVING (intent=MOVE)
05:21:22.050 [AMR-04] STATE_TRANSITION MOVING -> EMERGENCY_STOP (intent=STOP)
05:21:22.050 [AMR-04] SAFETY_STOP min_obstacle_distance=1.08m <= 1.2m
05:21:22.150 [AMR-04] STATE_TRANSITION EMERGENCY_STOP -> MOVING (intent=MOVE)
05:21:22.250 [AMR-04] STATE_TRANSITION MOVING -> EMERGENCY_STOP (intent=STOP)
05:21:22.250 [AMR-04] SAFETY_STOP min_obstacle_distance=1.03m <= 1.2m
05:21:22.353 [AMR-04] STATE_TRANSITION EMERGENCY_STOP -> MOVING (intent=MOVE)
05:21:22.453 [AMR-04] STATE_TRANSITION MOVING -> EMERGENCY_STOP (intent=STOP)
05:21:22.453 [AMR-04] SAFETY_STOP min_obstacle_distance=1.00m <= 1.2m
05:21:22.555 [AMR-04] STATE_TRANSITION EMERGENCY_STOP -> MOVING (intent=MOVE)
05:21:22.856 [AMR-04] STATE_TRANSITION MOVING -> EMERGENCY_STOP (intent=STOP)
05:21:22.856 [AMR-04] SAFETY_STOP min_obstacle_distance=1.14m <= 1.2m
05:21:22.957 [AMR-04] STATE_TRANSITION EMERGENCY_STOP -> MOVING (intent=MOVE)
05:21:23.057 [AMR-04] STATE_TRANSITION MOVING -> EMERGENCY_STOP (intent=STOP)
05:21:23.057 [AMR-04] SAFETY_STOP min_obstacle_distance=1.08m <= 1.2m
05:21:23.158 [AMR-04] STATE_TRANSITION EMERGENCY_STOP -> MOVING (intent=MOVE)
05:21:23.258 [AMR-04] STATE_TRANSITION MOVING -> EMERGENCY_STOP (intent=STOP)
05:21:23.258 [AMR-04] SAFETY_STOP min_obstacle_distance=1.03m <= 1.2m
05:21:23.358 [AMR-04] STATE_TRANSITION EMERGENCY_STOP -> MOVING (intent=MOVE)
05:21:23.459 [AMR-04] STATE_TRANSITION MOVING -> EMERGENCY_STOP (intent=STOP)
05:21:23.459 [AMR-04] SAFETY_STOP min_obstacle_distance=1.00m <= 1.2m
05:21:23.561 [AMR-04] STATE_TRANSITION EMERGENCY_STOP -> MOVING (intent=MOVE)
05:21:23.862 [AMR-04] STATE_TRANSITION MOVING -> EMERGENCY_STOP (intent=STOP)
05:21:23.862 [AMR-04] SAFETY_STOP min_obstacle_distance=1.14m <= 1.2m
05:21:23.963 [AMR-04] STATE_TRANSITION EMERGENCY_STOP -> MOVING (intent=MOVE)
05:21:24.064 [AMR-04] STATE_TRANSITION MOVING -> EMERGENCY_STOP (intent=STOP)
05:21:24.064 [AMR-04] SAFETY_STOP min_obstacle_distance=1.08m <= 1.2m
05:21:24.165 [AMR-04] STATE_TRANSITION EMERGENCY_STOP -> MOVING (intent=MOVE)
05:21:24.265 [AMR-04] STATE_TRANSITION MOVING -> EMERGENCY_STOP (intent=STOP)
05:21:24.265 [AMR-04] SAFETY_STOP min_obstacle_distance=1.03m <= 1.2m
05:21:24.365 [AMR-04] STATE_TRANSITION EMERGENCY_STOP -> MOVING (intent=MOVE)
05:21:24.466 [AMR-04] STATE_TRANSITION MOVING -> EMERGENCY_STOP (intent=STOP)
05:21:24.466 [AMR-04] SAFETY_STOP min_obstacle_distance=1.00m <= 1.2m
05:21:24.566 [AMR-04] STATE_TRANSITION EMERGENCY_STOP -> MOVING (intent=MOVE)
05:21:24.868 [AMR-04] STATE_TRANSITION MOVING -> EMERGENCY_STOP (intent=STOP)
05:21:24.868 [AMR-04] SAFETY_STOP min_obstacle_distance=1.14m <= 1.2m
05:21:24.969 [AMR-04] STATE_TRANSITION EMERGENCY_STOP -> MOVING (intent=MOVE)
05:21:25.070 [AMR-04] STATE_TRANSITION MOVING -> EMERGENCY_STOP (intent=STOP)
05:21:25.070 [AMR-04] SAFETY_STOP min_obstacle_distance=1.08m <= 1.2m
05:21:25.171 [AMR-04] STATE_TRANSITION EMERGENCY_STOP -> MOVING (intent=MOVE)
05:21:25.272 [AMR-04] STATE_TRANSITION MOVING -> EMERGENCY_STOP (intent=STOP)
05:21:25.272 [AMR-04] SAFETY_STOP min_obstacle_distance=1.03m <= 1.2m
05:21:25.374 [AMR-04] STATE_TRANSITION EMERGENCY_STOP -> MOVING (intent=MOVE)
05:21:25.474 [AMR-04] STATE_TRANSITION MOVING -> EMERGENCY_STOP (intent=STOP)
05:21:25.474 [AMR-04] SAFETY_STOP min_obstacle_distance=1.00m <= 1.2m
05:21:25.574 [AMR-04] STATE_TRANSITION EMERGENCY_STOP -> MOVING (intent=MOVE)
05:21:25.875 [AMR-04] STATE_TRANSITION MOVING -> EMERGENCY_STOP (intent=STOP)
05:21:25.875 [AMR-04] SAFETY_STOP min_obstacle_distance=1.14m <= 1.2m
05:21:25.976 [AMR-04] STATE_TRANSITION EMERGENCY_STOP -> MOVING (intent=MOVE)
05:21:26.077 [AMR-04] STATE_TRANSITION MOVING -> EMERGENCY_STOP (intent=STOP)
05:21:26.077 [AMR-04] SAFETY_STOP min_obstacle_distance=1.08m <= 1.2m
05:21:26.177 [AMR-04] STATE_TRANSITION EMERGENCY_STOP -> MOVING (intent=MOVE)
05:21:26.278 [AMR-04] STATE_TRANSITION MOVING -> EMERGENCY_STOP (intent=STOP)
05:21:26.278 [AMR-04] SAFETY_STOP min_obstacle_distance=1.03m <= 1.2m
05:21:26.378 [AMR-04] STATE_TRANSITION EMERGENCY_STOP -> MOVING (intent=MOVE)
05:21:26.480 [AMR-04] STATE_TRANSITION MOVING -> EMERGENCY_STOP (intent=STOP)
05:21:26.480 [AMR-04] SAFETY_STOP min_obstacle_distance=1.00m <= 1.2m
05:21:26.580 [AMR-04] STATE_TRANSITION EMERGENCY_STOP -> MOVING (intent=MOVE)
05:21:26.881 [AMR-04] STATE_TRANSITION MOVING -> EMERGENCY_STOP (intent=STOP)
05:21:26.881 [AMR-04] SAFETY_STOP min_obstacle_distance=1.14m <= 1.2m
05:21:26.982 [AMR-04] STATE_TRANSITION EMERGENCY_STOP -> MOVING (intent=MOVE)
05:21:27.082 [AMR-04] STATE_TRANSITION MOVING -> EMERGENCY_STOP (intent=STOP)
05:21:27.082 [AMR-04] SAFETY_STOP min_obstacle_distance=1.08m <= 1.2m
05:21:27.184 [AMR-04] STATE_TRANSITION EMERGENCY_STOP -> MOVING (intent=MOVE)
05:21:27.284 [AMR-04] STATE_TRANSITION MOVING -> EMERGENCY_STOP (intent=STOP)
05:21:27.284 [AMR-04] SAFETY_STOP min_obstacle_distance=1.03m <= 1.2m
05:21:27.384 [AMR-04] STATE_TRANSITION EMERGENCY_STOP -> MOVING (intent=MOVE)
05:21:27.485 [AMR-04] STATE_TRANSITION MOVING -> EMERGENCY_STOP (intent=STOP)
05:21:27.485 [AMR-04] SAFETY_STOP min_obstacle_distance=1.00m <= 1.2m
05:21:27.586 [AMR-04] STATE_TRANSITION EMERGENCY_STOP -> MOVING (intent=MOVE)
05:21:27.888 [AMR-04] STATE_TRANSITION MOVING -> EMERGENCY_STOP (intent=STOP)
05:21:27.888 [AMR-04] SAFETY_STOP min_obstacle_distance=1.14m <= 1.2m
05:21:27.988 [AMR-04] STATE_TRANSITION EMERGENCY_STOP -> MOVING (intent=MOVE)
05:21:28.088 [AMR-04] STATE_TRANSITION MOVING -> EMERGENCY_STOP (intent=STOP)
05:21:28.088 [AMR-04] SAFETY_STOP min_obstacle_distance=1.08m <= 1.2m
05:21:28.189 [AMR-04] STATE_TRANSITION EMERGENCY_STOP -> MOVING (intent=MOVE)
05:21:28.290 [AMR-04] STATE_TRANSITION MOVING -> EMERGENCY_STOP (intent=STOP)
05:21:28.290 [AMR-04] SAFETY_STOP min_obstacle_distance=1.03m <= 1.2m
05:21:28.390 [AMR-04] STATE_TRANSITION EMERGENCY_STOP -> MOVING (intent=MOVE)
05:21:28.894 [AMR-04] STATE_TRANSITION MOVING -> EMERGENCY_STOP (intent=STOP)
05:21:28.894 [AMR-04] SAFETY_STOP min_obstacle_distance=1.14m <= 1.2m
05:21:28.995 [AMR-04] STATE_TRANSITION EMERGENCY_STOP -> MOVING (intent=MOVE)
05:21:29.096 [AMR-04] STATE_TRANSITION MOVING -> EMERGENCY_STOP (intent=STOP)
05:21:29.096 [AMR-04] SAFETY_STOP min_obstacle_distance=1.07m <= 1.2m
05:21:29.196 [AMR-04] STATE_TRANSITION EMERGENCY_STOP -> MOVING (intent=MOVE)
05:21:29.296 [AMR-04] STATE_TRANSITION MOVING -> EMERGENCY_STOP (intent=STOP)
05:21:29.296 [AMR-04] SAFETY_STOP min_obstacle_distance=1.03m <= 1.2m
05:21:29.398 [AMR-04] STATE_TRANSITION EMERGENCY_STOP -> MOVING (intent=MOVE)
05:21:29.799 [AMR-04] STATE_TRANSITION MOVING -> EMERGENCY_STOP (intent=STOP)
05:21:29.799 [AMR-04] SAFETY_STOP min_obstacle_distance=1.14m <= 1.2m
05:21:29.900 [AMR-04] STATE_TRANSITION EMERGENCY_STOP -> MOVING (intent=MOVE)
05:21:30.000 [AMR-04] STATE_TRANSITION MOVING -> EMERGENCY_STOP (intent=STOP)
05:21:30.000 [AMR-04] SAFETY_STOP min_obstacle_distance=1.08m <= 1.2m
05:21:30.101 [AMR-04] STATE_TRANSITION EMERGENCY_STOP -> MOVING (intent=MOVE)
05:21:30.202 [AMR-04] STATE_TRANSITION MOVING -> EMERGENCY_STOP (intent=STOP)
05:21:30.202 [AMR-04] SAFETY_STOP min_obstacle_distance=1.03m <= 1.2m
05:21:30.303 [AMR-04] STATE_TRANSITION EMERGENCY_STOP -> MOVING (intent=MOVE)
05:21:30.403 [AMR-04] STATE_TRANSITION MOVING -> EMERGENCY_STOP (intent=STOP)
05:21:30.404 [AMR-04] SAFETY_STOP min_obstacle_distance=1.00m <= 1.2m
05:21:30.504 [AMR-04] STATE_TRANSITION EMERGENCY_STOP -> MOVING (intent=MOVE)
05:21:30.806 [AMR-04] STATE_TRANSITION MOVING -> EMERGENCY_STOP (intent=STOP)
05:21:30.806 [AMR-04] SAFETY_STOP min_obstacle_distance=1.14m <= 1.2m
05:21:30.907 [AMR-04] STATE_TRANSITION EMERGENCY_STOP -> MOVING (intent=MOVE)
05:21:31.008 [AMR-04] STATE_TRANSITION MOVING -> EMERGENCY_STOP (intent=STOP)
05:21:31.008 [AMR-04] SAFETY_STOP min_obstacle_distance=1.08m <= 1.2m
05:21:31.109 [AMR-04] STATE_TRANSITION EMERGENCY_STOP -> MOVING (intent=MOVE)
05:21:31.209 [AMR-04] STATE_TRANSITION MOVING -> EMERGENCY_STOP (intent=STOP)
05:21:31.209 [AMR-04] SAFETY_STOP min_obstacle_distance=1.03m <= 1.2m
05:21:31.310 [AMR-04] STATE_TRANSITION EMERGENCY_STOP -> MOVING (intent=MOVE)
05:21:31.411 [AMR-04] STATE_TRANSITION MOVING -> EMERGENCY_STOP (intent=STOP)
05:21:31.411 [AMR-04] SAFETY_STOP min_obstacle_distance=1.00m <= 1.2m
05:21:31.513 [AMR-04] STATE_TRANSITION EMERGENCY_STOP -> MOVING (intent=MOVE)
05:21:31.814 [AMR-04] STATE_TRANSITION MOVING -> EMERGENCY_STOP (intent=STOP)
05:21:31.814 [AMR-04] SAFETY_STOP min_obstacle_distance=1.14m <= 1.2m
05:21:31.915 [AMR-04] STATE_TRANSITION EMERGENCY_STOP -> MOVING (intent=MOVE)
05:21:32.015 [AMR-04] STATE_TRANSITION MOVING -> EMERGENCY_STOP (intent=STOP)
05:21:32.015 [AMR-04] SAFETY_STOP min_obstacle_distance=1.08m <= 1.2m
05:21:32.116 [AMR-04] STATE_TRANSITION EMERGENCY_STOP -> MOVING (intent=MOVE)
05:21:32.216 [AMR-04] STATE_TRANSITION MOVING -> EMERGENCY_STOP (intent=STOP)
05:21:32.217 [AMR-04] SAFETY_STOP min_obstacle_distance=1.03m <= 1.2m
05:21:32.318 [AMR-04] STATE_TRANSITION EMERGENCY_STOP -> MOVING (intent=MOVE)
05:21:32.418 [AMR-04] STATE_TRANSITION MOVING -> EMERGENCY_STOP (intent=STOP)
05:21:32.418 [AMR-04] SAFETY_STOP min_obstacle_distance=1.00m <= 1.2m
05:21:32.519 [AMR-04] STATE_TRANSITION EMERGENCY_STOP -> MOVING (intent=MOVE)
05:21:32.821 [AMR-04] STATE_TRANSITION MOVING -> EMERGENCY_STOP (intent=STOP)
05:21:32.821 [AMR-04] SAFETY_STOP min_obstacle_distance=1.14m <= 1.2m
05:21:32.921 [AMR-04] STATE_TRANSITION EMERGENCY_STOP -> MOVING (intent=MOVE)
05:21:33.022 [AMR-04] STATE_TRANSITION MOVING -> EMERGENCY_STOP (intent=STOP)
05:21:33.022 [AMR-04] SAFETY_STOP min_obstacle_distance=1.08m <= 1.2m
05:21:33.122 [AMR-04] STATE_TRANSITION EMERGENCY_STOP -> MOVING (intent=MOVE)
05:21:33.222 [AMR-04] STATE_TRANSITION MOVING -> EMERGENCY_STOP (intent=STOP)
05:21:33.222 [AMR-04] SAFETY_STOP min_obstacle_distance=1.03m <= 1.2m
05:21:33.323 [AMR-04] STATE_TRANSITION EMERGENCY_STOP -> MOVING (intent=MOVE)
05:21:33.424 [AMR-04] STATE_TRANSITION MOVING -> EMERGENCY_STOP (intent=STOP)
05:21:33.424 [AMR-04] SAFETY_STOP min_obstacle_distance=1.00m <= 1.2m
05:21:33.524 [AMR-04] STATE_TRANSITION EMERGENCY_STOP -> MOVING (intent=MOVE)
05:21:33.826 [AMR-04] STATE_TRANSITION MOVING -> EMERGENCY_STOP (intent=STOP)
05:21:33.826 [AMR-04] SAFETY_STOP min_obstacle_distance=1.14m <= 1.2m
05:21:33.927 [AMR-04] STATE_TRANSITION EMERGENCY_STOP -> MOVING (intent=MOVE)
05:21:34.028 [AMR-04] STATE_TRANSITION MOVING -> EMERGENCY_STOP (intent=STOP)
05:21:34.028 [AMR-04] SAFETY_STOP min_obstacle_distance=1.08m <= 1.2m
05:21:34.128 [AMR-04] STATE_TRANSITION EMERGENCY_STOP -> MOVING (intent=MOVE)
05:21:34.229 [AMR-04] STATE_TRANSITION MOVING -> EMERGENCY_STOP (intent=STOP)
05:21:34.229 [AMR-04] SAFETY_STOP min_obstacle_distance=1.03m <= 1.2m
05:21:34.330 [AMR-04] STATE_TRANSITION EMERGENCY_STOP -> MOVING (intent=MOVE)
05:21:34.430 [AMR-04] STATE_TRANSITION MOVING -> EMERGENCY_STOP (intent=STOP)
05:21:34.431 [AMR-04] SAFETY_STOP min_obstacle_distance=1.00m <= 1.2m
05:21:34.531 [AMR-04] STATE_TRANSITION EMERGENCY_STOP -> MOVING (intent=MOVE)
05:21:34.833 [AMR-04] STATE_TRANSITION MOVING -> EMERGENCY_STOP (intent=STOP)
05:21:34.833 [AMR-04] SAFETY_STOP min_obstacle_distance=1.14m <= 1.2m
05:21:34.933 [AMR-04] STATE_TRANSITION EMERGENCY_STOP -> MOVING (intent=MOVE)
05:21:35.034 [AMR-04] STATE_TRANSITION MOVING -> EMERGENCY_STOP (intent=STOP)
05:21:35.035 [AMR-04] SAFETY_STOP min_obstacle_distance=1.08m <= 1.2m
05:21:35.135 [AMR-04] STATE_TRANSITION EMERGENCY_STOP -> MOVING (intent=MOVE)
05:21:35.236 [AMR-04] STATE_TRANSITION MOVING -> EMERGENCY_STOP (intent=STOP)
05:21:35.236 [AMR-04] SAFETY_STOP min_obstacle_distance=1.03m <= 1.2m
05:21:35.337 [AMR-04] STATE_TRANSITION EMERGENCY_STOP -> MOVING (intent=MOVE)
05:21:35.438 [AMR-04] STATE_TRANSITION MOVING -> EMERGENCY_STOP (intent=STOP)
05:21:35.438 [AMR-04] SAFETY_STOP min_obstacle_distance=1.00m <= 1.2m
05:21:35.538 [AMR-04] STATE_TRANSITION EMERGENCY_STOP -> MOVING (intent=MOVE)
05:21:35.839 [AMR-04] STATE_TRANSITION MOVING -> EMERGENCY_STOP (intent=STOP)
05:21:35.839 [AMR-04] SAFETY_STOP min_obstacle_distance=1.14m <= 1.2m
05:21:35.942 [AMR-04] STATE_TRANSITION EMERGENCY_STOP -> MOVING (intent=MOVE)
05:21:36.041 [AMR-04] STATE_TRANSITION MOVING -> EMERGENCY_STOP (intent=STOP)
05:21:36.041 [AMR-04] SAFETY_STOP min_obstacle_distance=1.08m <= 1.2m
05:21:36.142 [AMR-04] STATE_TRANSITION EMERGENCY_STOP -> MOVING (intent=MOVE)
05:21:36.244 [AMR-04] STATE_TRANSITION MOVING -> EMERGENCY_STOP (intent=STOP)
05:21:36.244 [AMR-04] SAFETY_STOP min_obstacle_distance=1.03m <= 1.2m
05:21:36.344 [AMR-04] STATE_TRANSITION EMERGENCY_STOP -> MOVING (intent=MOVE)
05:21:36.445 [AMR-04] STATE_TRANSITION MOVING -> EMERGENCY_STOP (intent=STOP)
05:21:36.445 [AMR-04] SAFETY_STOP min_obstacle_distance=1.00m <= 1.2m
05:21:36.546 [AMR-04] STATE_TRANSITION EMERGENCY_STOP -> MOVING (intent=MOVE)
05:21:36.848 [AMR-04] STATE_TRANSITION MOVING -> EMERGENCY_STOP (intent=STOP)
05:21:36.848 [AMR-04] SAFETY_STOP min_obstacle_distance=1.14m <= 1.2m
05:21:36.948 [AMR-04] STATE_TRANSITION EMERGENCY_STOP -> MOVING (intent=MOVE)
05:21:37.049 [AMR-04] STATE_TRANSITION MOVING -> EMERGENCY_STOP (intent=STOP)
05:21:37.067 [AMR-04] SAFETY_STOP min_obstacle_distance=1.08m <= 1.2m
05:21:37.149 [AMR-04] STATE_TRANSITION EMERGENCY_STOP -> MOVING (intent=MOVE)
05:21:37.250 [AMR-04] STATE_TRANSITION MOVING -> EMERGENCY_STOP (intent=STOP)
05:21:37.250 [AMR-04] SAFETY_STOP min_obstacle_distance=1.03m <= 1.2m
05:21:37.350 [AMR-04] STATE_TRANSITION EMERGENCY_STOP -> MOVING (intent=MOVE)
05:21:37.450 [AMR-04] STATE_TRANSITION MOVING -> EMERGENCY_STOP (intent=STOP)
05:21:37.451 [AMR-04] SAFETY_STOP min_obstacle_distance=1.00m <= 1.2m
05:21:37.551 [AMR-04] STATE_TRANSITION EMERGENCY_STOP -> MOVING (intent=MOVE)
05:21:37.853 [AMR-04] STATE_TRANSITION MOVING -> EMERGENCY_STOP (intent=STOP)
05:21:37.854 [AMR-04] SAFETY_STOP min_obstacle_distance=1.14m <= 1.2m
05:21:37.954 [AMR-04] STATE_TRANSITION EMERGENCY_STOP -> MOVING (intent=MOVE)
05:21:38.054 [AMR-04] STATE_TRANSITION MOVING -> EMERGENCY_STOP (intent=STOP)
05:21:38.054 [AMR-04] SAFETY_STOP min_obstacle_distance=1.08m <= 1.2m
05:21:38.154 [AMR-04] STATE_TRANSITION EMERGENCY_STOP -> MOVING (intent=MOVE)
05:21:38.255 [AMR-04] STATE_TRANSITION MOVING -> EMERGENCY_STOP (intent=STOP)
05:21:38.255 [AMR-04] SAFETY_STOP min_obstacle_distance=1.03m <= 1.2m
05:21:38.355 [AMR-04] STATE_TRANSITION EMERGENCY_STOP -> MOVING (intent=MOVE)
05:21:38.455 [AMR-04] STATE_TRANSITION MOVING -> EMERGENCY_STOP (intent=STOP)
05:21:38.455 [AMR-04] SAFETY_STOP min_obstacle_distance=1.00m <= 1.2m
05:21:38.556 [AMR-04] STATE_TRANSITION EMERGENCY_STOP -> MOVING (intent=MOVE)
05:21:38.858 [AMR-04] STATE_TRANSITION MOVING -> EMERGENCY_STOP (intent=STOP)
05:21:38.858 [AMR-04] SAFETY_STOP min_obstacle_distance=1.14m <= 1.2m
05:21:38.959 [AMR-04] STATE_TRANSITION EMERGENCY_STOP -> MOVING (intent=MOVE)
05:21:39.059 [AMR-04] STATE_TRANSITION MOVING -> EMERGENCY_STOP (intent=STOP)
05:21:39.059 [AMR-04] SAFETY_STOP min_obstacle_distance=1.08m <= 1.2m
05:21:39.160 [AMR-04] STATE_TRANSITION EMERGENCY_STOP -> MOVING (intent=MOVE)
05:21:39.260 [AMR-04] STATE_TRANSITION MOVING -> EMERGENCY_STOP (intent=STOP)
05:21:39.260 [AMR-04] SAFETY_STOP min_obstacle_distance=1.03m <= 1.2m
05:21:39.361 [AMR-04] STATE_TRANSITION EMERGENCY_STOP -> MOVING (intent=MOVE)
05:21:39.461 [AMR-04] STATE_TRANSITION MOVING -> EMERGENCY_STOP (intent=STOP)
05:21:39.461 [AMR-04] SAFETY_STOP min_obstacle_distance=1.00m <= 1.2m
05:21:39.562 [AMR-04] STATE_TRANSITION EMERGENCY_STOP -> MOVING (intent=MOVE)
05:21:39.863 [AMR-04] STATE_TRANSITION MOVING -> EMERGENCY_STOP (intent=STOP)
05:21:39.863 [AMR-04] SAFETY_STOP min_obstacle_distance=1.14m <= 1.2m
05:21:39.964 [AMR-04] STATE_TRANSITION EMERGENCY_STOP -> MOVING (intent=MOVE)
05:21:40.064 [AMR-04] STATE_TRANSITION MOVING -> EMERGENCY_STOP (intent=STOP)
05:21:40.064 [AMR-04] SAFETY_STOP min_obstacle_distance=1.08m <= 1.2m
05:21:40.164 [AMR-04] STATE_TRANSITION EMERGENCY_STOP -> MOVING (intent=MOVE)
05:21:40.265 [AMR-04] STATE_TRANSITION MOVING -> EMERGENCY_STOP (intent=STOP)
05:21:40.265 [AMR-04] SAFETY_STOP min_obstacle_distance=1.03m <= 1.2m
05:21:40.366 [AMR-04] STATE_TRANSITION EMERGENCY_STOP -> MOVING (intent=MOVE)
05:21:40.466 [AMR-04] STATE_TRANSITION MOVING -> EMERGENCY_STOP (intent=STOP)
05:21:40.466 [AMR-04] SAFETY_STOP min_obstacle_distance=1.00m <= 1.2m
05:21:40.567 [AMR-04] STATE_TRANSITION EMERGENCY_STOP -> MOVING (intent=MOVE)
05:21:40.869 [AMR-04] STATE_TRANSITION MOVING -> EMERGENCY_STOP (intent=STOP)
05:21:40.869 [AMR-04] SAFETY_STOP min_obstacle_distance=1.14m <= 1.2m
05:21:40.969 [AMR-04] STATE_TRANSITION EMERGENCY_STOP -> MOVING (intent=MOVE)
05:21:41.069 [AMR-04] STATE_TRANSITION MOVING -> EMERGENCY_STOP (intent=STOP)
05:21:41.069 [AMR-04] SAFETY_STOP min_obstacle_distance=1.08m <= 1.2m
05:21:41.169 [AMR-04] STATE_TRANSITION EMERGENCY_STOP -> MOVING (intent=MOVE)
05:21:41.270 [AMR-04] STATE_TRANSITION MOVING -> EMERGENCY_STOP (intent=STOP)
05:21:41.270 [AMR-04] SAFETY_STOP min_obstacle_distance=1.03m <= 1.2m
05:21:41.370 [AMR-04] STATE_TRANSITION EMERGENCY_STOP -> MOVING (intent=MOVE)
05:21:41.471 [AMR-04] STATE_TRANSITION MOVING -> EMERGENCY_STOP (intent=STOP)
05:21:41.471 [AMR-04] SAFETY_STOP min_obstacle_distance=1.00m <= 1.2m
05:21:41.571 [AMR-04] STATE_TRANSITION EMERGENCY_STOP -> MOVING (intent=MOVE)
05:21:41.874 [AMR-04] STATE_TRANSITION MOVING -> EMERGENCY_STOP (intent=STOP)
05:21:41.874 [AMR-04] SAFETY_STOP min_obstacle_distance=1.14m <= 1.2m
05:21:41.974 [AMR-04] STATE_TRANSITION EMERGENCY_STOP -> MOVING (intent=MOVE)
05:21:42.074 [AMR-04] STATE_TRANSITION MOVING -> EMERGENCY_STOP (intent=STOP)
05:21:42.074 [AMR-04] SAFETY_STOP min_obstacle_distance=1.08m <= 1.2m
05:21:42.175 [AMR-04] STATE_TRANSITION EMERGENCY_STOP -> MOVING (intent=MOVE)
05:21:42.275 [AMR-04] STATE_TRANSITION MOVING -> EMERGENCY_STOP (intent=STOP)
05:21:42.275 [AMR-04] SAFETY_STOP min_obstacle_distance=1.03m <= 1.2m
05:21:42.376 [AMR-04] STATE_TRANSITION EMERGENCY_STOP -> MOVING (intent=MOVE)
05:21:42.476 [AMR-04] STATE_TRANSITION MOVING -> EMERGENCY_STOP (intent=STOP)
05:21:42.476 [AMR-04] SAFETY_STOP min_obstacle_distance=1.00m <= 1.2m
05:21:42.577 [AMR-04] STATE_TRANSITION EMERGENCY_STOP -> MOVING (intent=MOVE)
05:21:42.878 [AMR-04] STATE_TRANSITION MOVING -> EMERGENCY_STOP (intent=STOP)
05:21:42.878 [AMR-04] SAFETY_STOP min_obstacle_distance=1.14m <= 1.2m
05:21:42.979 [AMR-04] STATE_TRANSITION EMERGENCY_STOP -> MOVING (intent=MOVE)
05:21:43.080 [AMR-04] STATE_TRANSITION MOVING -> EMERGENCY_STOP (intent=STOP)
05:21:43.080 [AMR-04] SAFETY_STOP min_obstacle_distance=1.08m <= 1.2m
05:21:43.181 [AMR-04] STATE_TRANSITION EMERGENCY_STOP -> MOVING (intent=MOVE)
05:21:43.281 [AMR-04] STATE_TRANSITION MOVING -> EMERGENCY_STOP (intent=STOP)
05:21:43.281 [AMR-04] SAFETY_STOP min_obstacle_distance=1.03m <= 1.2m
05:21:43.383 [AMR-04] STATE_TRANSITION EMERGENCY_STOP -> MOVING (intent=MOVE)
05:21:43.483 [AMR-04] STATE_TRANSITION MOVING -> EMERGENCY_STOP (intent=STOP)
05:21:43.483 [AMR-04] SAFETY_STOP min_obstacle_distance=1.00m <= 1.2m
05:21:43.584 [AMR-04] STATE_TRANSITION EMERGENCY_STOP -> MOVING (intent=MOVE)
05:21:43.885 [AMR-04] STATE_TRANSITION MOVING -> EMERGENCY_STOP (intent=STOP)
05:21:43.885 [AMR-04] SAFETY_STOP min_obstacle_distance=1.14m <= 1.2m
05:21:43.986 [AMR-04] STATE_TRANSITION EMERGENCY_STOP -> MOVING (intent=MOVE)
05:21:44.086 [AMR-04] STATE_TRANSITION MOVING -> EMERGENCY_STOP (intent=STOP)
05:21:44.087 [AMR-04] SAFETY_STOP min_obstacle_distance=1.08m <= 1.2m
05:21:44.187 [AMR-04] STATE_TRANSITION EMERGENCY_STOP -> MOVING (intent=MOVE)
05:21:44.288 [AMR-04] STATE_TRANSITION MOVING -> EMERGENCY_STOP (intent=STOP)
05:21:44.288 [AMR-04] SAFETY_STOP min_obstacle_distance=1.03m <= 1.2m
05:21:44.388 [AMR-04] STATE_TRANSITION EMERGENCY_STOP -> MOVING (intent=MOVE)
05:21:44.489 [AMR-04] STATE_TRANSITION MOVING -> EMERGENCY_STOP (intent=STOP)
05:21:44.489 [AMR-04] SAFETY_STOP min_obstacle_distance=1.00m <= 1.2m
05:21:44.590 [AMR-04] STATE_TRANSITION EMERGENCY_STOP -> MOVING (intent=MOVE)
05:21:44.891 [AMR-04] STATE_TRANSITION MOVING -> EMERGENCY_STOP (intent=STOP)
05:21:44.891 [AMR-04] SAFETY_STOP min_obstacle_distance=1.14m <= 1.2m
05:21:44.992 [AMR-04] STATE_TRANSITION EMERGENCY_STOP -> MOVING (intent=MOVE)
05:21:45.092 [AMR-04] STATE_TRANSITION MOVING -> EMERGENCY_STOP (intent=STOP)
05:21:45.092 [AMR-04] SAFETY_STOP min_obstacle_distance=1.08m <= 1.2m
05:21:45.194 [AMR-04] STATE_TRANSITION EMERGENCY_STOP -> MOVING (intent=MOVE)
05:21:45.294 [AMR-04] STATE_TRANSITION MOVING -> EMERGENCY_STOP (intent=STOP)
05:21:45.294 [AMR-04] SAFETY_STOP min_obstacle_distance=1.03m <= 1.2m
05:21:45.395 [AMR-04] STATE_TRANSITION EMERGENCY_STOP -> MOVING (intent=MOVE)
05:21:45.798 [AMR-04] STATE_TRANSITION MOVING -> EMERGENCY_STOP (intent=STOP)
05:21:45.798 [AMR-04] SAFETY_STOP min_obstacle_distance=1.14m <= 1.2m
05:21:45.898 [AMR-04] STATE_TRANSITION EMERGENCY_STOP -> MOVING (intent=MOVE)
05:21:45.998 [AMR-04] STATE_TRANSITION MOVING -> EMERGENCY_STOP (intent=STOP)
05:21:45.998 [AMR-04] SAFETY_STOP min_obstacle_distance=1.08m <= 1.2m
05:21:46.099 [AMR-04] STATE_TRANSITION EMERGENCY_STOP -> MOVING (intent=MOVE)
05:21:46.200 [AMR-04] STATE_TRANSITION MOVING -> EMERGENCY_STOP (intent=STOP)
05:21:46.200 [AMR-04] SAFETY_STOP min_obstacle_distance=1.03m <= 1.2m
05:21:46.300 [AMR-04] STATE_TRANSITION EMERGENCY_STOP -> MOVING (intent=MOVE)
05:21:46.401 [AMR-04] STATE_TRANSITION MOVING -> EMERGENCY_STOP (intent=STOP)
05:21:46.401 [AMR-04] SAFETY_STOP min_obstacle_distance=1.00m <= 1.2m
05:21:46.503 [AMR-04] STATE_TRANSITION EMERGENCY_STOP -> MOVING (intent=MOVE)
05:21:46.602 [AMR-04] STATE_TRANSITION MOVING -> EMERGENCY_STOP (intent=STOP)
05:21:46.602 [AMR-04] SAFETY_STOP min_obstacle_distance=1.00m <= 1.2m
05:21:46.703 [AMR-04] STATE_TRANSITION EMERGENCY_STOP -> MOVING (intent=MOVE)
05:21:46.803 [AMR-04] STATE_TRANSITION MOVING -> EMERGENCY_STOP (intent=STOP)
05:21:46.803 [AMR-04] SAFETY_STOP min_obstacle_distance=1.01m <= 1.2m
05:21:46.904 [AMR-04] STATE_TRANSITION EMERGENCY_STOP -> MOVING (intent=MOVE)
05:21:47.004 [AMR-04] STATE_TRANSITION MOVING -> EMERGENCY_STOP (intent=STOP)
05:21:47.004 [AMR-04] SAFETY_STOP min_obstacle_distance=1.04m <= 1.2m
05:21:47.105 [AMR-04] STATE_TRANSITION EMERGENCY_STOP -> MOVING (intent=MOVE)
05:21:47.205 [AMR-04] STATE_TRANSITION MOVING -> EMERGENCY_STOP (intent=STOP)
05:21:47.205 [AMR-04] SAFETY_STOP min_obstacle_distance=1.10m <= 1.2m
05:21:47.306 [AMR-04] STATE_TRANSITION EMERGENCY_STOP -> MOVING (intent=MOVE)
05:21:47.407 [AMR-04] STATE_TRANSITION MOVING -> EMERGENCY_STOP (intent=STOP)
05:21:47.407 [AMR-04] SAFETY_STOP min_obstacle_distance=1.08m <= 1.2m
05:21:47.507 [AMR-04] STATE_TRANSITION EMERGENCY_STOP -> MOVING (intent=MOVE)
05:21:47.607 [AMR-04] STATE_TRANSITION MOVING -> EMERGENCY_STOP (intent=STOP)
05:21:47.607 [AMR-04] SAFETY_STOP min_obstacle_distance=1.01m <= 1.2m
05:21:47.708 [AMR-04] STATE_TRANSITION EMERGENCY_STOP -> MOVING (intent=MOVE)
05:21:47.809 [AMR-04] STATE_TRANSITION MOVING -> EMERGENCY_STOP (intent=STOP)
05:21:47.809 [AMR-04] SAFETY_STOP min_obstacle_distance=1.04m <= 1.2m
05:21:47.909 [AMR-04] STATE_TRANSITION EMERGENCY_STOP -> MOVING (intent=MOVE)
05:21:48.010 [AMR-04] STATE_TRANSITION MOVING -> EMERGENCY_STOP (intent=STOP)
05:21:48.010 [AMR-04] SAFETY_STOP min_obstacle_distance=1.10m <= 1.2m
05:21:48.111 [AMR-04] STATE_TRANSITION EMERGENCY_STOP -> MOVING (intent=MOVE)
05:21:48.211 [AMR-04] STATE_TRANSITION MOVING -> EMERGENCY_STOP (intent=STOP)
05:21:48.211 [AMR-04] SAFETY_STOP min_obstacle_distance=1.08m <= 1.2m
05:21:48.312 [AMR-04] STATE_TRANSITION EMERGENCY_STOP -> MOVING (intent=MOVE)
05:21:48.414 [AMR-04] STATE_TRANSITION MOVING -> EMERGENCY_STOP (intent=STOP)
05:21:48.414 [AMR-04] SAFETY_STOP min_obstacle_distance=1.03m <= 1.2m
05:21:48.514 [AMR-04] STATE_TRANSITION EMERGENCY_STOP -> MOVING (intent=MOVE)
05:21:48.614 [AMR-04] STATE_TRANSITION MOVING -> EMERGENCY_STOP (intent=STOP)
05:21:48.614 [AMR-04] SAFETY_STOP min_obstacle_distance=1.01m <= 1.2m
05:21:48.715 [AMR-04] STATE_TRANSITION EMERGENCY_STOP -> MOVING (intent=MOVE)
05:21:48.815 [AMR-04] STATE_TRANSITION MOVING -> EMERGENCY_STOP (intent=STOP)
05:21:48.815 [AMR-04] SAFETY_STOP min_obstacle_distance=1.04m <= 1.2m
05:21:48.916 [AMR-04] STATE_TRANSITION EMERGENCY_STOP -> MOVING (intent=MOVE)
05:21:49.016 [AMR-04] STATE_TRANSITION MOVING -> EMERGENCY_STOP (intent=STOP)
05:21:49.016 [AMR-04] SAFETY_STOP min_obstacle_distance=1.10m <= 1.2m
05:21:49.117 [AMR-04] STATE_TRANSITION EMERGENCY_STOP -> MOVING (intent=MOVE)
05:21:49.218 [AMR-04] STATE_TRANSITION MOVING -> EMERGENCY_STOP (intent=STOP)
05:21:49.218 [AMR-04] SAFETY_STOP min_obstacle_distance=1.08m <= 1.2m
05:21:49.318 [AMR-04] STATE_TRANSITION EMERGENCY_STOP -> MOVING (intent=MOVE)
05:21:49.419 [AMR-04] STATE_TRANSITION MOVING -> EMERGENCY_STOP (intent=STOP)
05:21:49.419 [AMR-04] SAFETY_STOP min_obstacle_distance=1.03m <= 1.2m
05:21:49.519 [AMR-04] STATE_TRANSITION EMERGENCY_STOP -> MOVING (intent=MOVE)
05:21:49.620 [AMR-04] STATE_TRANSITION MOVING -> EMERGENCY_STOP (intent=STOP)
05:21:49.620 [AMR-04] SAFETY_STOP min_obstacle_distance=1.01m <= 1.2m
05:21:49.720 [AMR-04] STATE_TRANSITION EMERGENCY_STOP -> MOVING (intent=MOVE)
05:21:49.820 [AMR-04] STATE_TRANSITION MOVING -> EMERGENCY_STOP (intent=STOP)
05:21:49.820 [AMR-04] SAFETY_STOP min_obstacle_distance=1.04m <= 1.2m
05:21:49.921 [AMR-04] STATE_TRANSITION EMERGENCY_STOP -> MOVING (intent=MOVE)
05:21:50.022 [AMR-04] STATE_TRANSITION MOVING -> EMERGENCY_STOP (intent=STOP)
05:21:50.022 [AMR-04] SAFETY_STOP min_obstacle_distance=1.10m <= 1.2m
05:21:50.122 [AMR-04] STATE_TRANSITION EMERGENCY_STOP -> MOVING (intent=MOVE)
05:21:50.223 [AMR-04] STATE_TRANSITION MOVING -> EMERGENCY_STOP (intent=STOP)
05:21:50.223 [AMR-04] SAFETY_STOP min_obstacle_distance=1.08m <= 1.2m
05:21:50.323 [AMR-04] STATE_TRANSITION EMERGENCY_STOP -> MOVING (intent=MOVE)
05:21:50.423 [AMR-04] STATE_TRANSITION MOVING -> EMERGENCY_STOP (intent=STOP)
05:21:50.423 [AMR-04] SAFETY_STOP min_obstacle_distance=1.03m <= 1.2m
05:21:50.524 [AMR-04] STATE_TRANSITION EMERGENCY_STOP -> MOVING (intent=MOVE)
05:21:50.625 [AMR-04] STATE_TRANSITION MOVING -> EMERGENCY_STOP (intent=STOP)
05:21:50.625 [AMR-04] SAFETY_STOP min_obstacle_distance=1.01m <= 1.2m
05:21:50.725 [AMR-04] STATE_TRANSITION EMERGENCY_STOP -> MOVING (intent=MOVE)
05:21:50.826 [AMR-04] STATE_TRANSITION MOVING -> EMERGENCY_STOP (intent=STOP)
05:21:50.826 [AMR-04] SAFETY_STOP min_obstacle_distance=1.04m <= 1.2m
05:21:50.927 [AMR-04] STATE_TRANSITION EMERGENCY_STOP -> MOVING (intent=MOVE)
05:21:51.027 [AMR-04] STATE_TRANSITION MOVING -> EMERGENCY_STOP (intent=STOP)
05:21:51.027 [AMR-04] SAFETY_STOP min_obstacle_distance=1.10m <= 1.2m
05:21:51.128 [AMR-04] STATE_TRANSITION EMERGENCY_STOP -> MOVING (intent=MOVE)
05:21:51.229 [AMR-04] STATE_TRANSITION MOVING -> EMERGENCY_STOP (intent=STOP)
05:21:51.229 [AMR-04] SAFETY_STOP min_obstacle_distance=1.08m <= 1.2m
05:21:51.329 [AMR-04] STATE_TRANSITION EMERGENCY_STOP -> MOVING (intent=MOVE)
05:21:51.430 [AMR-04] STATE_TRANSITION MOVING -> EMERGENCY_STOP (intent=STOP)
05:21:51.430 [AMR-04] SAFETY_STOP min_obstacle_distance=1.03m <= 1.2m
05:21:51.531 [AMR-04] STATE_TRANSITION EMERGENCY_STOP -> MOVING (intent=MOVE)
05:21:51.632 [AMR-04] STATE_TRANSITION MOVING -> EMERGENCY_STOP (intent=STOP)
05:21:51.632 [AMR-04] SAFETY_STOP min_obstacle_distance=1.01m <= 1.2m
05:21:51.733 [AMR-04] STATE_TRANSITION EMERGENCY_STOP -> MOVING (intent=MOVE)
05:21:51.836 [AMR-04] STATE_TRANSITION MOVING -> EMERGENCY_STOP (intent=STOP)
05:21:51.836 [AMR-04] SAFETY_STOP min_obstacle_distance=1.04m <= 1.2m
05:21:51.937 [AMR-04] STATE_TRANSITION EMERGENCY_STOP -> MOVING (intent=MOVE)
05:21:52.037 [AMR-04] STATE_TRANSITION MOVING -> EMERGENCY_STOP (intent=STOP)
05:21:52.037 [AMR-04] SAFETY_STOP min_obstacle_distance=1.10m <= 1.2m
05:21:52.138 [AMR-04] STATE_TRANSITION EMERGENCY_STOP -> MOVING (intent=MOVE)
05:21:52.239 [AMR-04] STATE_TRANSITION MOVING -> EMERGENCY_STOP (intent=STOP)
05:21:52.239 [AMR-04] SAFETY_STOP min_obstacle_distance=1.08m <= 1.2m
05:21:52.340 [AMR-04] STATE_TRANSITION EMERGENCY_STOP -> MOVING (intent=MOVE)
05:21:52.442 [AMR-04] STATE_TRANSITION MOVING -> EMERGENCY_STOP (intent=STOP)
05:21:52.442 [AMR-04] SAFETY_STOP min_obstacle_distance=1.03m <= 1.2m
05:21:52.543 [AMR-04] STATE_TRANSITION EMERGENCY_STOP -> MOVING (intent=MOVE)
05:21:52.644 [AMR-04] STATE_TRANSITION MOVING -> EMERGENCY_STOP (intent=STOP)
05:21:52.644 [AMR-04] SAFETY_STOP min_obstacle_distance=1.01m <= 1.2m
05:21:52.745 [AMR-04] STATE_TRANSITION EMERGENCY_STOP -> MOVING (intent=MOVE)
05:21:52.846 [AMR-04] STATE_TRANSITION MOVING -> EMERGENCY_STOP (intent=STOP)
05:21:52.846 [AMR-04] SAFETY_STOP min_obstacle_distance=1.04m <= 1.2m
05:21:52.948 [AMR-04] STATE_TRANSITION EMERGENCY_STOP -> MOVING (intent=MOVE)
05:21:53.048 [AMR-04] STATE_TRANSITION MOVING -> EMERGENCY_STOP (intent=STOP)
05:21:53.048 [AMR-04] SAFETY_STOP min_obstacle_distance=1.10m <= 1.2m
05:21:53.150 [AMR-04] STATE_TRANSITION EMERGENCY_STOP -> MOVING (intent=MOVE)
05:21:53.251 [AMR-04] STATE_TRANSITION MOVING -> EMERGENCY_STOP (intent=STOP)
05:21:53.251 [AMR-04] SAFETY_STOP min_obstacle_distance=1.07m <= 1.2m
05:21:53.352 [AMR-04] STATE_TRANSITION EMERGENCY_STOP -> MOVING (intent=MOVE)
05:21:53.453 [AMR-04] STATE_TRANSITION MOVING -> EMERGENCY_STOP (intent=STOP)
05:21:53.454 [AMR-04] SAFETY_STOP min_obstacle_distance=1.03m <= 1.2m
05:21:53.554 [AMR-04] STATE_TRANSITION EMERGENCY_STOP -> MOVING (intent=MOVE)
05:21:53.656 [AMR-04] STATE_TRANSITION MOVING -> EMERGENCY_STOP (intent=STOP)
05:21:53.656 [AMR-04] SAFETY_STOP min_obstacle_distance=1.01m <= 1.2m
05:21:53.757 [AMR-04] STATE_TRANSITION EMERGENCY_STOP -> MOVING (intent=MOVE)
05:21:53.858 [AMR-04] STATE_TRANSITION MOVING -> EMERGENCY_STOP (intent=STOP)
05:21:53.858 [AMR-04] SAFETY_STOP min_obstacle_distance=1.04m <= 1.2m
05:21:53.960 [AMR-04] STATE_TRANSITION EMERGENCY_STOP -> MOVING (intent=MOVE)
05:21:54.061 [AMR-04] STATE_TRANSITION MOVING -> EMERGENCY_STOP (intent=STOP)
05:21:54.061 [AMR-04] SAFETY_STOP min_obstacle_distance=1.10m <= 1.2m
05:21:54.163 [AMR-04] STATE_TRANSITION EMERGENCY_STOP -> MOVING (intent=MOVE)
05:21:54.263 [AMR-04] STATE_TRANSITION MOVING -> EMERGENCY_STOP (intent=STOP)
05:21:54.263 [AMR-04] SAFETY_STOP min_obstacle_distance=1.07m <= 1.2m
05:21:54.365 [AMR-04] STATE_TRANSITION EMERGENCY_STOP -> MOVING (intent=MOVE)
05:21:54.466 [AMR-04] STATE_TRANSITION MOVING -> EMERGENCY_STOP (intent=STOP)
05:21:54.466 [AMR-04] SAFETY_STOP min_obstacle_distance=1.03m <= 1.2m
05:21:54.567 [AMR-04] STATE_TRANSITION EMERGENCY_STOP -> MOVING (intent=MOVE)
05:21:54.668 [AMR-04] STATE_TRANSITION MOVING -> EMERGENCY_STOP (intent=STOP)
05:21:54.669 [AMR-04] SAFETY_STOP min_obstacle_distance=1.01m <= 1.2m
05:21:54.770 [AMR-04] STATE_TRANSITION EMERGENCY_STOP -> MOVING (intent=MOVE)
05:21:54.871 [AMR-04] STATE_TRANSITION MOVING -> EMERGENCY_STOP (intent=STOP)
05:21:54.871 [AMR-04] SAFETY_STOP min_obstacle_distance=1.05m <= 1.2m
05:21:54.972 [AMR-04] STATE_TRANSITION EMERGENCY_STOP -> MOVING (intent=MOVE)
05:21:55.073 [AMR-04] STATE_TRANSITION MOVING -> EMERGENCY_STOP (intent=STOP)
05:21:55.073 [AMR-04] SAFETY_STOP min_obstacle_distance=1.10m <= 1.2m
05:21:55.175 [AMR-04] STATE_TRANSITION EMERGENCY_STOP -> MOVING (intent=MOVE)
05:21:55.275 [AMR-04] STATE_TRANSITION MOVING -> EMERGENCY_STOP (intent=STOP)
05:21:55.275 [AMR-04] SAFETY_STOP min_obstacle_distance=1.07m <= 1.2m
05:21:55.377 [AMR-04] STATE_TRANSITION EMERGENCY_STOP -> MOVING (intent=MOVE)
05:21:55.478 [AMR-04] STATE_TRANSITION MOVING -> EMERGENCY_STOP (intent=STOP)
05:21:55.478 [AMR-04] SAFETY_STOP min_obstacle_distance=1.00m <= 1.2m
05:21:55.579 [AMR-04] STATE_TRANSITION EMERGENCY_STOP -> MOVING (intent=MOVE)
05:21:55.680 [AMR-04] STATE_TRANSITION MOVING -> EMERGENCY_STOP (intent=STOP)
05:21:55.680 [AMR-04] SAFETY_STOP min_obstacle_distance=1.01m <= 1.2m
05:21:55.782 [AMR-04] STATE_TRANSITION EMERGENCY_STOP -> MOVING (intent=MOVE)
05:21:55.883 [AMR-04] STATE_TRANSITION MOVING -> EMERGENCY_STOP (intent=STOP)
05:21:55.883 [AMR-04] SAFETY_STOP min_obstacle_distance=1.05m <= 1.2m
05:21:55.984 [AMR-04] STATE_TRANSITION EMERGENCY_STOP -> MOVING (intent=MOVE)
05:21:56.085 [AMR-04] STATE_TRANSITION MOVING -> EMERGENCY_STOP (intent=STOP)
05:21:56.085 [AMR-04] SAFETY_STOP min_obstacle_distance=1.10m <= 1.2m
05:21:56.186 [AMR-04] STATE_TRANSITION EMERGENCY_STOP -> MOVING (intent=MOVE)
05:21:56.287 [AMR-04] STATE_TRANSITION MOVING -> EMERGENCY_STOP (intent=STOP)
05:21:56.287 [AMR-04] SAFETY_STOP min_obstacle_distance=1.07m <= 1.2m
05:21:56.388 [AMR-04] STATE_TRANSITION EMERGENCY_STOP -> MOVING (intent=MOVE)
05:21:56.489 [AMR-04] STATE_TRANSITION MOVING -> EMERGENCY_STOP (intent=STOP)
05:21:56.489 [AMR-04] SAFETY_STOP min_obstacle_distance=1.00m <= 1.2m
05:21:56.590 [AMR-04] STATE_TRANSITION EMERGENCY_STOP -> MOVING (intent=MOVE)
05:21:56.692 [AMR-04] STATE_TRANSITION MOVING -> EMERGENCY_STOP (intent=STOP)
05:21:56.692 [AMR-04] SAFETY_STOP min_obstacle_distance=1.01m <= 1.2m
05:21:56.793 [AMR-04] STATE_TRANSITION EMERGENCY_STOP -> MOVING (intent=MOVE)
05:21:56.894 [AMR-04] STATE_TRANSITION MOVING -> EMERGENCY_STOP (intent=STOP)
05:21:56.894 [AMR-04] SAFETY_STOP min_obstacle_distance=1.04m <= 1.2m
05:21:56.996 [AMR-04] STATE_TRANSITION EMERGENCY_STOP -> MOVING (intent=MOVE)
05:21:57.096 [AMR-04] STATE_TRANSITION MOVING -> EMERGENCY_STOP (intent=STOP)
05:21:57.096 [AMR-04] SAFETY_STOP min_obstacle_distance=1.10m <= 1.2m
05:21:57.197 [AMR-04] STATE_TRANSITION EMERGENCY_STOP -> MOVING (intent=MOVE)
05:21:57.297 [AMR-04] STATE_TRANSITION MOVING -> EMERGENCY_STOP (intent=STOP)
05:21:57.297 [AMR-04] SAFETY_STOP min_obstacle_distance=1.07m <= 1.2m
05:21:57.398 [AMR-04] STATE_TRANSITION EMERGENCY_STOP -> MOVING (intent=MOVE)
05:21:57.498 [AMR-04] STATE_TRANSITION MOVING -> EMERGENCY_STOP (intent=STOP)
05:21:57.499 [AMR-04] SAFETY_STOP min_obstacle_distance=1.00m <= 1.2m
05:21:57.600 [AMR-04] STATE_TRANSITION EMERGENCY_STOP -> MOVING (intent=MOVE)
05:21:57.702 [AMR-04] STATE_TRANSITION MOVING -> EMERGENCY_STOP (intent=STOP)
05:21:57.702 [AMR-04] SAFETY_STOP min_obstacle_distance=1.01m <= 1.2m
05:21:57.803 [AMR-04] STATE_TRANSITION EMERGENCY_STOP -> MOVING (intent=MOVE)
05:21:57.906 [AMR-04] STATE_TRANSITION MOVING -> EMERGENCY_STOP (intent=STOP)
05:21:57.906 [AMR-04] SAFETY_STOP min_obstacle_distance=1.05m <= 1.2m
05:21:58.006 [AMR-04] STATE_TRANSITION EMERGENCY_STOP -> MOVING (intent=MOVE)
05:21:58.107 [AMR-04] STATE_TRANSITION MOVING -> EMERGENCY_STOP (intent=STOP)
05:21:58.107 [AMR-04] SAFETY_STOP min_obstacle_distance=1.10m <= 1.2m
05:21:58.207 [AMR-04] STATE_TRANSITION EMERGENCY_STOP -> MOVING (intent=MOVE)
05:21:58.309 [AMR-04] STATE_TRANSITION MOVING -> EMERGENCY_STOP (intent=STOP)
05:21:58.309 [AMR-04] SAFETY_STOP min_obstacle_distance=1.07m <= 1.2m
05:21:58.409 [AMR-04] STATE_TRANSITION EMERGENCY_STOP -> MOVING (intent=MOVE)
05:21:58.510 [AMR-04] STATE_TRANSITION MOVING -> EMERGENCY_STOP (intent=STOP)
05:21:58.510 [AMR-04] SAFETY_STOP min_obstacle_distance=1.00m <= 1.2m
05:21:58.610 [AMR-04] STATE_TRANSITION EMERGENCY_STOP -> MOVING (intent=MOVE)
05:21:58.711 [AMR-04] STATE_TRANSITION MOVING -> EMERGENCY_STOP (intent=STOP)
05:21:58.711 [AMR-04] SAFETY_STOP min_obstacle_distance=1.01m <= 1.2m
05:21:58.812 [AMR-04] STATE_TRANSITION EMERGENCY_STOP -> MOVING (intent=MOVE)
05:21:58.912 [AMR-04] STATE_TRANSITION MOVING -> EMERGENCY_STOP (intent=STOP)
05:21:58.912 [AMR-04] SAFETY_STOP min_obstacle_distance=1.04m <= 1.2m
05:21:59.013 [AMR-04] STATE_TRANSITION EMERGENCY_STOP -> MOVING (intent=MOVE)
05:21:59.114 [AMR-04] STATE_TRANSITION MOVING -> EMERGENCY_STOP (intent=STOP)
05:21:59.114 [AMR-04] SAFETY_STOP min_obstacle_distance=1.10m <= 1.2m
05:21:59.214 [AMR-04] STATE_TRANSITION EMERGENCY_STOP -> MOVING (intent=MOVE)
05:21:59.315 [AMR-04] STATE_TRANSITION MOVING -> EMERGENCY_STOP (intent=STOP)
05:21:59.315 [AMR-04] SAFETY_STOP min_obstacle_distance=1.08m <= 1.2m
05:21:59.416 [AMR-04] STATE_TRANSITION EMERGENCY_STOP -> MOVING (intent=MOVE)
05:21:59.516 [AMR-04] STATE_TRANSITION MOVING -> EMERGENCY_STOP (intent=STOP)
05:21:59.516 [AMR-04] SAFETY_STOP min_obstacle_distance=1.00m <= 1.2m
05:21:59.617 [AMR-04] STATE_TRANSITION EMERGENCY_STOP -> MOVING (intent=MOVE)
05:21:59.717 [AMR-04] STATE_TRANSITION MOVING -> EMERGENCY_STOP (intent=STOP)
05:21:59.717 [AMR-04] SAFETY_STOP min_obstacle_distance=1.01m <= 1.2m
05:21:59.818 [AMR-04] STATE_TRANSITION EMERGENCY_STOP -> MOVING (intent=MOVE)
05:21:59.918 [AMR-04] STATE_TRANSITION MOVING -> EMERGENCY_STOP (intent=STOP)
05:21:59.919 [AMR-04] SAFETY_STOP min_obstacle_distance=1.04m <= 1.2m
05:22:00.019 [AMR-04] STATE_TRANSITION EMERGENCY_STOP -> MOVING (intent=MOVE)
05:22:00.120 [AMR-04] STATE_TRANSITION MOVING -> EMERGENCY_STOP (intent=STOP)
05:22:00.120 [AMR-04] SAFETY_STOP min_obstacle_distance=1.10m <= 1.2m
05:22:00.220 [AMR-04] STATE_TRANSITION EMERGENCY_STOP -> MOVING (intent=MOVE)
05:22:00.320 [AMR-04] STATE_TRANSITION MOVING -> EMERGENCY_STOP (intent=STOP)
05:22:00.320 [AMR-04] SAFETY_STOP min_obstacle_distance=1.17m <= 1.2m
05:22:00.421 [AMR-04] STATE_TRANSITION EMERGENCY_STOP -> MOVING (intent=MOVE)
05:22:00.522 [AMR-04] STATE_TRANSITION MOVING -> EMERGENCY_STOP (intent=STOP)
05:22:00.522 [AMR-04] SAFETY_STOP min_obstacle_distance=1.00m <= 1.2m
05:22:00.622 [AMR-04] STATE_TRANSITION EMERGENCY_STOP -> MOVING (intent=MOVE)
05:22:00.723 [AMR-04] STATE_TRANSITION MOVING -> EMERGENCY_STOP (intent=STOP)
05:22:00.723 [AMR-04] SAFETY_STOP min_obstacle_distance=1.01m <= 1.2m
05:22:00.823 [AMR-04] STATE_TRANSITION EMERGENCY_STOP -> MOVING (intent=MOVE)
05:22:00.924 [AMR-04] STATE_TRANSITION MOVING -> EMERGENCY_STOP (intent=STOP)
05:22:00.924 [AMR-04] SAFETY_STOP min_obstacle_distance=1.04m <= 1.2m
05:22:01.024 [AMR-04] STATE_TRANSITION EMERGENCY_STOP -> MOVING (intent=MOVE)
05:22:01.125 [AMR-04] STATE_TRANSITION MOVING -> EMERGENCY_STOP (intent=STOP)
05:22:01.125 [AMR-04] SAFETY_STOP min_obstacle_distance=1.10m <= 1.2m
05:22:01.225 [AMR-04] STATE_TRANSITION EMERGENCY_STOP -> MOVING (intent=MOVE)
05:22:01.326 [AMR-04] STATE_TRANSITION MOVING -> EMERGENCY_STOP (intent=STOP)
05:22:01.326 [AMR-04] SAFETY_STOP min_obstacle_distance=1.17m <= 1.2m
05:22:01.428 [AMR-04] STATE_TRANSITION EMERGENCY_STOP -> MOVING (intent=MOVE)
05:22:01.528 [AMR-04] STATE_TRANSITION MOVING -> EMERGENCY_STOP (intent=STOP)
05:22:01.529 [AMR-04] SAFETY_STOP min_obstacle_distance=1.00m <= 1.2m
05:22:01.629 [AMR-04] STATE_TRANSITION EMERGENCY_STOP -> MOVING (intent=MOVE)
05:22:01.730 [AMR-04] STATE_TRANSITION MOVING -> EMERGENCY_STOP (intent=STOP)
05:22:01.730 [AMR-04] SAFETY_STOP min_obstacle_distance=1.01m <= 1.2m
05:22:01.831 [AMR-04] STATE_TRANSITION EMERGENCY_STOP -> MOVING (intent=MOVE)
05:22:01.932 [AMR-04] STATE_TRANSITION MOVING -> EMERGENCY_STOP (intent=STOP)
05:22:01.932 [AMR-04] SAFETY_STOP min_obstacle_distance=1.04m <= 1.2m
05:22:02.033 [AMR-04] STATE_TRANSITION EMERGENCY_STOP -> MOVING (intent=MOVE)
05:22:02.134 [AMR-04] STATE_TRANSITION MOVING -> EMERGENCY_STOP (intent=STOP)
05:22:02.134 [AMR-04] SAFETY_STOP min_obstacle_distance=1.10m <= 1.2m
05:22:02.234 [AMR-04] STATE_TRANSITION EMERGENCY_STOP -> MOVING (intent=MOVE)
05:22:02.335 [AMR-04] STATE_TRANSITION MOVING -> EMERGENCY_STOP (intent=STOP)
05:22:02.336 [AMR-04] SAFETY_STOP min_obstacle_distance=1.17m <= 1.2m
05:22:02.436 [AMR-04] STATE_TRANSITION EMERGENCY_STOP -> MOVING (intent=MOVE)
05:22:02.536 [AMR-04] STATE_TRANSITION MOVING -> EMERGENCY_STOP (intent=STOP)
05:22:02.536 [AMR-04] SAFETY_STOP min_obstacle_distance=1.00m <= 1.2m
05:22:02.637 [AMR-04] STATE_TRANSITION EMERGENCY_STOP -> MOVING (intent=MOVE)
05:22:02.737 [AMR-04] STATE_TRANSITION MOVING -> EMERGENCY_STOP (intent=STOP)
05:22:02.737 [AMR-04] SAFETY_STOP min_obstacle_distance=1.01m <= 1.2m
05:22:02.837 [AMR-04] STATE_TRANSITION EMERGENCY_STOP -> MOVING (intent=MOVE)
05:22:02.938 [AMR-04] STATE_TRANSITION MOVING -> EMERGENCY_STOP (intent=STOP)
05:22:02.938 [AMR-04] SAFETY_STOP min_obstacle_distance=1.04m <= 1.2m
05:22:03.040 [AMR-04] STATE_TRANSITION EMERGENCY_STOP -> MOVING (intent=MOVE)
05:22:03.141 [AMR-04] STATE_TRANSITION MOVING -> EMERGENCY_STOP (intent=STOP)
05:22:03.141 [AMR-04] SAFETY_STOP min_obstacle_distance=1.10m <= 1.2m
05:22:03.243 [AMR-04] STATE_TRANSITION EMERGENCY_STOP -> MOVING (intent=MOVE)
05:22:03.344 [AMR-04] STATE_TRANSITION MOVING -> EMERGENCY_STOP (intent=STOP)
05:22:03.344 [AMR-04] SAFETY_STOP min_obstacle_distance=1.17m <= 1.2m
05:22:03.446 [AMR-04] STATE_TRANSITION EMERGENCY_STOP -> MOVING (intent=MOVE)
05:22:08.884 [AMR-04] GOAL_REACHED at pos=(22.0, 16.604) travel_time=136.47s reroutes=0 obstacles=0
05:22:08.885 [AMR-04] STATE_TRANSITION MOVING -> PLANNING (intent=MOVE)
05:22:08.885 [AMR-04] GOAL_SET goal=(22.0, 2.0)
05:22:08.986 [AMR-04] STATE_TRANSITION PLANNING -> MOVING (intent=MOVE)
05:22:08.986 [AMR-04] PATH_PLANNED length=16 waypoints=[(22, 17), (22, 16), (22, 15), (22, 14), (22, 13)]...
05:22:11.197 [AMR-04] CONFLICT_DETECTED peer=AMR-02 type=INTERSECTION node=(22, 9) safe_wait=(22, 10) DECISION=YIELD (Lower precedence at intersection (53.5 vs 57.6) -> Safe wait at (22, 10) for AMR-02)
05:22:11.197 [AMR-04] STATE_TRANSITION MOVING -> YIELDING (intent=YIELD)
05:22:11.298 [AMR-04] CONFLICT_DETECTED peer=AMR-02 type=INTERSECTION node=(22, 9) safe_wait=(22, 10) DECISION=YIELD (Lower precedence at intersection (53.7 vs 57.6) -> Safe wait at (22, 10) for AMR-02)
05:22:11.398 [AMR-04] CONFLICT_DETECTED peer=AMR-02 type=INTERSECTION node=(22, 9) safe_wait=(22, 10) DECISION=YIELD (Lower precedence at intersection (53.9 vs 57.6) -> Safe wait at (22, 10) for AMR-02)
05:22:11.498 [AMR-04] CONFLICT_DETECTED peer=AMR-02 type=INTERSECTION node=(22, 9) safe_wait=(22, 10) DECISION=YIELD (Lower precedence at intersection (53.6 vs 57.7) -> Safe wait at (22, 10) for AMR-02)
05:22:11.599 [AMR-04] CONFLICT_DETECTED peer=AMR-02 type=INTERSECTION node=(22, 9) safe_wait=(22, 10) DECISION=YIELD (Lower precedence at intersection (53.8 vs 57.3) -> Safe wait at (22, 10) for AMR-02)
05:22:11.699 [AMR-04] CONFLICT_DETECTED peer=AMR-02 type=INTERSECTION node=(22, 9) safe_wait=(22, 10) DECISION=YIELD (Lower precedence at intersection (54.0 vs 57.4) -> Safe wait at (22, 10) for AMR-02)
05:22:11.800 [AMR-04] CONFLICT_DETECTED peer=AMR-02 type=INTERSECTION node=(22, 9) safe_wait=(22, 10) DECISION=YIELD (Lower precedence at intersection (54.2 vs 57.5) -> Safe wait at (22, 10) for AMR-02)
05:22:11.900 [AMR-04] CONFLICT_DETECTED peer=AMR-02 type=INTERSECTION node=(22, 9) safe_wait=(22, 10) DECISION=YIELD (Lower precedence at intersection (54.4 vs 57.5) -> Safe wait at (22, 10) for AMR-02)
05:22:12.001 [AMR-04] CONFLICT_DETECTED peer=AMR-02 type=INTERSECTION node=(22, 9) safe_wait=(22, 10) DECISION=YIELD (Lower precedence at intersection (54.6 vs 57.5) -> Safe wait at (22, 10) for AMR-02)
05:22:12.101 [AMR-04] CONFLICT_DETECTED peer=AMR-02 type=INTERSECTION node=(22, 9) safe_wait=(22, 10) DECISION=YIELD (Lower precedence at intersection (54.8 vs 57.6) -> Safe wait at (22, 10) for AMR-02)
05:22:12.202 [AMR-04] CONFLICT_DETECTED peer=AMR-02 type=INTERSECTION node=(22, 9) safe_wait=(22, 10) DECISION=YIELD (Lower precedence at intersection (55.0 vs 57.6) -> Safe wait at (22, 10) for AMR-02)
05:22:12.302 [AMR-04] CONFLICT_DETECTED peer=AMR-02 type=INTERSECTION node=(22, 9) safe_wait=(22, 10) DECISION=YIELD (Lower precedence at intersection (55.2 vs 57.6) -> Safe wait at (22, 10) for AMR-02)
05:22:12.403 [AMR-04] CONFLICT_DETECTED peer=AMR-02 type=INTERSECTION node=(22, 9) safe_wait=(22, 10) DECISION=YIELD (Lower precedence at intersection (55.4 vs 57.6) -> Safe wait at (22, 10) for AMR-02)
05:22:12.505 [AMR-04] CONFLICT_DETECTED peer=AMR-02 type=INTERSECTION node=(22, 9) safe_wait=(22, 10) DECISION=YIELD (Lower precedence at intersection (55.6 vs 57.7) -> Safe wait at (22, 10) for AMR-02)
05:22:12.605 [AMR-04] CONFLICT_DETECTED peer=AMR-02 type=INTERSECTION node=(22, 9) safe_wait=(22, 10) DECISION=YIELD (Lower precedence at intersection (55.8 vs 57.3) -> Safe wait at (22, 10) for AMR-02)
05:22:12.705 [AMR-04] CONFLICT_DETECTED peer=AMR-02 type=INTERSECTION node=(22, 9) safe_wait=(22, 10) DECISION=YIELD (Lower precedence at intersection (56.0 vs 57.4) -> Safe wait at (22, 10) for AMR-02)
05:22:12.806 [AMR-04] CONFLICT_DETECTED peer=AMR-02 type=INTERSECTION node=(22, 9) safe_wait=(22, 10) DECISION=YIELD (Lower precedence at intersection (56.2 vs 57.5) -> Safe wait at (22, 10) for AMR-02)
05:22:12.906 [AMR-04] CONFLICT_DETECTED peer=AMR-02 type=INTERSECTION node=(22, 9) safe_wait=(22, 10) DECISION=YIELD (Lower precedence at intersection (56.4 vs 57.5) -> Safe wait at (22, 10) for AMR-02)
05:22:13.007 [AMR-04] CONFLICT_DETECTED peer=AMR-02 type=INTERSECTION node=(22, 9) safe_wait=(22, 10) DECISION=YIELD (Lower precedence at intersection (56.6 vs 57.5) -> Safe wait at (22, 10) for AMR-02)
05:22:13.107 [AMR-04] CONFLICT_DETECTED peer=AMR-02 type=INTERSECTION node=(22, 9) safe_wait=(22, 10) DECISION=YIELD (Lower precedence at intersection (56.8 vs 57.6) -> Safe wait at (22, 10) for AMR-02)
05:22:13.208 [AMR-04] CONFLICT_DETECTED peer=AMR-02 type=INTERSECTION node=(22, 9) safe_wait=(22, 10) DECISION=YIELD (Lower precedence at intersection (57.0 vs 57.6) -> Safe wait at (22, 10) for AMR-02)
05:22:13.308 [AMR-04] CONFLICT_DETECTED peer=AMR-02 type=INTERSECTION node=(22, 9) safe_wait=(22, 10) DECISION=YIELD (Lower precedence at intersection (57.2 vs 57.6) -> Safe wait at (22, 10) for AMR-02)
05:22:13.408 [AMR-04] CONFLICT_DETECTED peer=AMR-02 type=INTERSECTION node=(22, 9) safe_wait=(22, 10) DECISION=YIELD (Lower precedence at intersection (57.4 vs 57.6) -> Safe wait at (22, 10) for AMR-02)
05:22:13.509 [AMR-04] CONFLICT_DETECTED peer=AMR-02 type=INTERSECTION node=(22, 9) safe_wait=(22, 10) DECISION=YIELD (Lower precedence at intersection (57.6 vs 57.7) -> Safe wait at (22, 10) for AMR-02)
05:22:13.611 [AMR-04] CONFLICT_DETECTED peer=AMR-02 type=INTERSECTION node=(22, 9) safe_wait=(22, 10) DECISION=PROCEED (Higher precedence (57.8 vs 57.3) -> Proceed through (22, 9))
05:22:13.611 [AMR-04] STATE_TRANSITION YIELDING -> MOVING (intent=MOVE)
05:22:13.712 [AMR-04] CONFLICT_DETECTED peer=AMR-02 type=INTERSECTION node=(22, 9) safe_wait=(22, 10) DECISION=PROCEED (Higher precedence (57.7 vs 57.5) -> Proceed through (22, 9))
05:22:13.813 [AMR-04] CONFLICT_DETECTED peer=AMR-02 type=INTERSECTION node=(22, 9) safe_wait=(22, 10) DECISION=YIELD (Lower precedence at intersection (57.6 vs 57.7) -> Safe wait at (22, 10) for AMR-02)
05:22:13.813 [AMR-04] STATE_TRANSITION MOVING -> YIELDING (intent=YIELD)
05:22:13.913 [AMR-04] CONFLICT_DETECTED peer=AMR-02 type=INTERSECTION node=(22, 9) safe_wait=(22, 10) DECISION=YIELD (Lower precedence at intersection (57.8 vs 57.9) -> Safe wait at (22, 10) for AMR-02)
05:22:14.014 [AMR-04] CONFLICT_DETECTED peer=AMR-02 type=INTERSECTION node=(22, 9) safe_wait=(22, 10) DECISION=PROCEED (Higher precedence (58.0 vs 57.8) -> Proceed through (22, 9))
05:22:14.014 [AMR-04] STATE_TRANSITION YIELDING -> MOVING (intent=MOVE)
05:22:14.115 [AMR-04] CONFLICT_DETECTED peer=AMR-02 type=INTERSECTION node=(22, 9) safe_wait=(22, 10) DECISION=PROCEED (Higher precedence (57.9 vs 57.6) -> Proceed through (22, 9))
05:22:14.216 [AMR-04] CONFLICT_DETECTED peer=AMR-02 type=INTERSECTION node=(22, 9) safe_wait=(22, 10) DECISION=YIELD (Lower precedence at intersection (57.7 vs 57.9) -> Safe wait at (22, 10) for AMR-02)
05:22:14.216 [AMR-04] STATE_TRANSITION MOVING -> YIELDING (intent=YIELD)
05:22:14.316 [AMR-04] CONFLICT_DETECTED peer=AMR-02 type=INTERSECTION node=(22, 9) safe_wait=(22, 10) DECISION=YIELD (Lower precedence at intersection (57.9 vs 58.0) -> Safe wait at (22, 10) for AMR-02)
05:22:14.417 [AMR-04] CONFLICT_DETECTED peer=AMR-02 type=INTERSECTION node=(22, 9) safe_wait=(22, 10) DECISION=PROCEED (Higher precedence (58.1 vs 57.9) -> Proceed through (22, 9))
05:22:14.417 [AMR-04] STATE_TRANSITION YIELDING -> MOVING (intent=MOVE)
05:22:14.517 [AMR-04] CONFLICT_DETECTED peer=AMR-02 type=INTERSECTION node=(22, 9) safe_wait=(22, 10) DECISION=YIELD (Lower precedence at intersection (57.6 vs 57.9) -> Safe wait at (22, 10) for AMR-02)
05:22:14.517 [AMR-04] STATE_TRANSITION MOVING -> YIELDING (intent=YIELD)
05:22:14.618 [AMR-04] CONFLICT_DETECTED peer=AMR-02 type=INTERSECTION node=(22, 9) safe_wait=(22, 10) DECISION=PROCEED (Higher precedence (57.8 vs 57.5) -> Proceed through (22, 9))
05:22:14.618 [AMR-04] STATE_TRANSITION YIELDING -> MOVING (intent=MOVE)
05:22:14.719 [AMR-04] CONFLICT_DETECTED peer=AMR-02 type=INTERSECTION node=(22, 9) safe_wait=(22, 10) DECISION=YIELD (Lower precedence at intersection (57.7 vs 57.7) -> Safe wait at (22, 10) for AMR-02)
05:22:14.719 [AMR-04] STATE_TRANSITION MOVING -> YIELDING (intent=YIELD)
05:22:14.820 [AMR-04] CONFLICT_DETECTED peer=AMR-02 type=INTERSECTION node=(22, 9) safe_wait=(22, 10) DECISION=PROCEED (Higher precedence (57.9 vs 57.6) -> Proceed through (22, 9))
05:22:14.820 [AMR-04] STATE_TRANSITION YIELDING -> MOVING (intent=MOVE)
05:22:14.920 [AMR-04] CONFLICT_DETECTED peer=AMR-02 type=INTERSECTION node=(22, 9) safe_wait=(22, 10) DECISION=YIELD (Lower precedence at intersection (57.8 vs 57.8) -> Safe wait at (22, 10) for AMR-02)
05:22:14.920 [AMR-04] STATE_TRANSITION MOVING -> YIELDING (intent=YIELD)
05:22:15.020 [AMR-04] CONFLICT_DETECTED peer=AMR-02 type=INTERSECTION node=(22, 9) safe_wait=(22, 10) DECISION=PROCEED (Higher precedence (58.0 vs 57.6) -> Proceed through (22, 9))
05:22:15.020 [AMR-04] STATE_TRANSITION YIELDING -> MOVING (intent=MOVE)
05:22:15.121 [AMR-04] CONFLICT_DETECTED peer=AMR-02 type=INTERSECTION node=(22, 9) safe_wait=(22, 10) DECISION=YIELD (Lower precedence at intersection (57.8 vs 57.9) -> Safe wait at (22, 10) for AMR-02)
05:22:15.121 [AMR-04] STATE_TRANSITION MOVING -> YIELDING (intent=YIELD)
05:22:15.222 [AMR-04] CONFLICT_DETECTED peer=AMR-02 type=INTERSECTION node=(22, 9) safe_wait=(22, 10) DECISION=PROCEED (Higher precedence (58.0 vs 57.7) -> Proceed through (22, 9))
05:22:15.222 [AMR-04] STATE_TRANSITION YIELDING -> MOVING (intent=MOVE)
05:22:15.322 [AMR-04] CONFLICT_DETECTED peer=AMR-02 type=INTERSECTION node=(22, 9) safe_wait=(22, 10) DECISION=PROCEED (Higher precedence (57.9 vs 57.7) -> Proceed through (22, 9))
05:22:15.423 [AMR-04] CONFLICT_DETECTED peer=AMR-02 type=INTERSECTION node=(22, 9) safe_wait=(22, 10) DECISION=YIELD (Lower precedence at intersection (57.8 vs 57.9) -> Safe wait at (22, 10) for AMR-02)
05:22:15.423 [AMR-04] STATE_TRANSITION MOVING -> YIELDING (intent=YIELD)
05:22:15.524 [AMR-04] CONFLICT_DETECTED peer=AMR-02 type=INTERSECTION node=(22, 9) safe_wait=(22, 10) DECISION=YIELD (Lower precedence at intersection (57.6 vs 58.1) -> Safe wait at (22, 10) for AMR-02)
05:22:15.625 [AMR-04] CONFLICT_DETECTED peer=AMR-02 type=INTERSECTION node=(22, 9) safe_wait=(22, 10) DECISION=PROCEED (Higher precedence (57.8 vs 57.7) -> Proceed through (22, 9))
05:22:15.625 [AMR-04] STATE_TRANSITION YIELDING -> MOVING (intent=MOVE)
05:22:15.725 [AMR-04] CONFLICT_DETECTED peer=AMR-02 type=INTERSECTION node=(22, 9) safe_wait=(22, 10) DECISION=YIELD (Lower precedence at intersection (57.7 vs 57.9) -> Safe wait at (22, 10) for AMR-02)
05:22:15.725 [AMR-04] STATE_TRANSITION MOVING -> YIELDING (intent=YIELD)
05:22:15.825 [AMR-04] CONFLICT_DETECTED peer=AMR-02 type=INTERSECTION node=(22, 9) safe_wait=(22, 10) DECISION=PROCEED (Higher precedence (57.9 vs 57.8) -> Proceed through (22, 9))
05:22:15.825 [AMR-04] STATE_TRANSITION YIELDING -> MOVING (intent=MOVE)
05:22:15.926 [AMR-04] CONFLICT_DETECTED peer=AMR-02 type=INTERSECTION node=(22, 9) safe_wait=(22, 10) DECISION=YIELD (Lower precedence at intersection (57.8 vs 58.0) -> Safe wait at (22, 10) for AMR-02)
05:22:15.926 [AMR-04] STATE_TRANSITION MOVING -> YIELDING (intent=YIELD)
05:22:16.027 [AMR-04] CONFLICT_DETECTED peer=AMR-02 type=INTERSECTION node=(22, 9) safe_wait=(22, 10) DECISION=PROCEED (Higher precedence (58.0 vs 57.9) -> Proceed through (22, 9))
05:22:16.027 [AMR-04] STATE_TRANSITION YIELDING -> MOVING (intent=MOVE)
05:22:16.128 [AMR-04] CONFLICT_DETECTED peer=AMR-02 type=INTERSECTION node=(22, 9) safe_wait=(22, 10) DECISION=YIELD (Lower precedence at intersection (57.8 vs 58.0) -> Safe wait at (22, 10) for AMR-02)
05:22:16.128 [AMR-04] STATE_TRANSITION MOVING -> YIELDING (intent=YIELD)
05:22:16.229 [AMR-04] CONFLICT_DETECTED peer=AMR-02 type=INTERSECTION node=(22, 9) safe_wait=(22, 10) DECISION=PROCEED (Higher precedence (58.0 vs 57.9) -> Proceed through (22, 9))
05:22:16.229 [AMR-04] STATE_TRANSITION YIELDING -> MOVING (intent=MOVE)
05:22:16.330 [AMR-04] CONFLICT_DETECTED peer=AMR-02 type=INTERSECTION node=(22, 9) safe_wait=(22, 10) DECISION=YIELD (Lower precedence at intersection (57.9 vs 57.9) -> Safe wait at (22, 10) for AMR-02)
05:22:16.330 [AMR-04] STATE_TRANSITION MOVING -> YIELDING (intent=YIELD)
05:22:16.431 [AMR-04] CONFLICT_DETECTED peer=AMR-02 type=INTERSECTION node=(22, 9) safe_wait=(22, 10) DECISION=PROCEED (Higher precedence (58.1 vs 57.8) -> Proceed through (22, 9))
05:22:16.431 [AMR-04] STATE_TRANSITION YIELDING -> MOVING (intent=MOVE)
05:22:16.532 [AMR-04] CONFLICT_DETECTED peer=AMR-02 type=INTERSECTION node=(22, 9) safe_wait=(22, 10) DECISION=YIELD (Lower precedence at intersection (57.6 vs 57.8) -> Safe wait at (22, 10) for AMR-02)
05:22:16.532 [AMR-04] STATE_TRANSITION MOVING -> YIELDING (intent=YIELD)
05:22:16.633 [AMR-04] CONFLICT_DETECTED peer=AMR-02 type=INTERSECTION node=(22, 9) safe_wait=(22, 10) DECISION=PROCEED (Higher precedence (57.8 vs 57.7) -> Proceed through (22, 9))
05:22:16.633 [AMR-04] STATE_TRANSITION YIELDING -> MOVING (intent=MOVE)
05:22:16.733 [AMR-04] CONFLICT_DETECTED peer=AMR-02 type=INTERSECTION node=(22, 9) safe_wait=(22, 10) DECISION=YIELD (Lower precedence at intersection (57.7 vs 57.9) -> Safe wait at (22, 10) for AMR-02)
05:22:16.733 [AMR-04] STATE_TRANSITION MOVING -> YIELDING (intent=YIELD)
05:22:16.834 [AMR-04] CONFLICT_DETECTED peer=AMR-02 type=INTERSECTION node=(22, 9) safe_wait=(22, 10) DECISION=PROCEED (Higher precedence (57.9 vs 57.8) -> Proceed through (22, 9))
05:22:16.834 [AMR-04] STATE_TRANSITION YIELDING -> MOVING (intent=MOVE)
05:22:16.935 [AMR-04] CONFLICT_DETECTED peer=AMR-02 type=INTERSECTION node=(22, 9) safe_wait=(22, 10) DECISION=YIELD (Lower precedence at intersection (57.8 vs 58.0) -> Safe wait at (22, 10) for AMR-02)
05:22:16.935 [AMR-04] STATE_TRANSITION MOVING -> YIELDING (intent=YIELD)
05:22:17.035 [AMR-04] CONFLICT_DETECTED peer=AMR-02 type=INTERSECTION node=(22, 9) safe_wait=(22, 10) DECISION=PROCEED (Higher precedence (58.0 vs 57.9) -> Proceed through (22, 9))
05:22:17.036 [AMR-04] STATE_TRANSITION YIELDING -> MOVING (intent=MOVE)
05:22:17.136 [AMR-04] CONFLICT_DETECTED peer=AMR-02 type=INTERSECTION node=(22, 9) safe_wait=(22, 10) DECISION=YIELD (Lower precedence at intersection (57.8 vs 58.1) -> Safe wait at (22, 10) for AMR-02)
05:22:17.136 [AMR-04] STATE_TRANSITION MOVING -> YIELDING (intent=YIELD)
05:22:17.236 [AMR-04] CONFLICT_DETECTED peer=AMR-02 type=INTERSECTION node=(22, 9) safe_wait=(22, 10) DECISION=PROCEED (Higher precedence (58.0 vs 57.9) -> Proceed through (22, 9))
05:22:17.236 [AMR-04] STATE_TRANSITION YIELDING -> MOVING (intent=MOVE)
05:22:17.337 [AMR-04] CONFLICT_DETECTED peer=AMR-02 type=INTERSECTION node=(22, 9) safe_wait=(22, 10) DECISION=YIELD (Lower precedence at intersection (57.9 vs 57.9) -> Safe wait at (22, 10) for AMR-02)
05:22:17.338 [AMR-04] STATE_TRANSITION MOVING -> YIELDING (intent=YIELD)
05:22:17.438 [AMR-04] CONFLICT_DETECTED peer=AMR-02 type=INTERSECTION node=(22, 9) safe_wait=(22, 10) DECISION=PROCEED (Higher precedence (58.1 vs 57.8) -> Proceed through (22, 9))
05:22:17.438 [AMR-04] STATE_TRANSITION YIELDING -> MOVING (intent=MOVE)
05:22:17.539 [AMR-04] CONFLICT_DETECTED peer=AMR-02 type=INTERSECTION node=(22, 9) safe_wait=(22, 10) DECISION=PROCEED (Higher precedence (58.1 vs 57.8) -> Proceed through (22, 9))
05:22:17.641 [AMR-04] CONFLICT_DETECTED peer=AMR-02 type=INTERSECTION node=(22, 9) safe_wait=(22, 10) DECISION=PROCEED (Higher precedence (58.0 vs 57.7) -> Proceed through (22, 9))
05:22:17.742 [AMR-04] CONFLICT_DETECTED peer=AMR-02 type=INTERSECTION node=(22, 9) safe_wait=(22, 10) DECISION=YIELD (Lower precedence at intersection (57.9 vs 57.9) -> Safe wait at (22, 10) for AMR-02)
05:22:17.742 [AMR-04] STATE_TRANSITION MOVING -> YIELDING (intent=YIELD)
05:22:17.844 [AMR-04] CONFLICT_DETECTED peer=AMR-02 type=INTERSECTION node=(22, 9) safe_wait=(22, 10) DECISION=YIELD (Lower precedence at intersection (58.1 vs 58.1) -> Safe wait at (22, 10) for AMR-02)
05:22:17.945 [AMR-04] CONFLICT_DETECTED peer=AMR-02 type=INTERSECTION node=(22, 9) safe_wait=(22, 10) DECISION=PROCEED (Higher precedence (58.3 vs 58.0) -> Proceed through (22, 9))
05:22:17.945 [AMR-04] STATE_TRANSITION YIELDING -> MOVING (intent=MOVE)
05:22:18.046 [AMR-04] STATE_TRANSITION MOVING -> EMERGENCY_STOP (intent=STOP)
05:22:18.046 [AMR-04] SAFETY_STOP min_obstacle_distance=1.14m <= 1.2m
05:22:18.147 [AMR-04] CONFLICT_DETECTED peer=AMR-02 type=INTERSECTION node=(22, 9) safe_wait=(22, 10) DECISION=PROCEED (Higher precedence (58.1 vs 58.1) -> Proceed through (22, 9))
05:22:18.147 [AMR-04] STATE_TRANSITION EMERGENCY_STOP -> MOVING (intent=MOVE)
05:22:18.248 [AMR-04] STATE_TRANSITION MOVING -> EMERGENCY_STOP (intent=STOP)
05:22:18.249 [AMR-04] SAFETY_STOP min_obstacle_distance=1.07m <= 1.2m
05:22:18.350 [AMR-04] CONFLICT_DETECTED peer=AMR-02 type=INTERSECTION node=(22, 9) safe_wait=(22, 10) DECISION=YIELD (Lower precedence at intersection (58.0 vs 58.1) -> Safe wait at (22, 10) for AMR-02)
05:22:18.350 [AMR-04] STATE_TRANSITION EMERGENCY_STOP -> YIELDING (intent=YIELD)
05:22:18.451 [AMR-04] CONFLICT_DETECTED peer=AMR-02 type=INTERSECTION node=(22, 9) safe_wait=(22, 10) DECISION=PROCEED (Higher precedence (58.2 vs 58.1) -> Proceed through (22, 9))
05:22:18.451 [AMR-04] STATE_TRANSITION YIELDING -> MOVING (intent=MOVE)
05:22:18.552 [AMR-04] CONFLICT_DETECTED peer=AMR-02 type=INTERSECTION node=(22, 9) safe_wait=(22, 10) DECISION=YIELD (Lower precedence at intersection (57.7 vs 58.0) -> Safe wait at (22, 10) for AMR-02)
05:22:18.552 [AMR-04] STATE_TRANSITION MOVING -> YIELDING (intent=YIELD)
05:22:18.653 [AMR-04] CONFLICT_DETECTED peer=AMR-02 type=INTERSECTION node=(22, 9) safe_wait=(22, 10) DECISION=PROCEED (Higher precedence (57.9 vs 57.7) -> Proceed through (22, 9))
05:22:18.653 [AMR-04] STATE_TRANSITION YIELDING -> MOVING (intent=MOVE)
05:22:18.754 [AMR-04] CONFLICT_DETECTED peer=AMR-02 type=INTERSECTION node=(22, 9) safe_wait=(22, 10) DECISION=YIELD (Lower precedence at intersection (57.8 vs 57.9) -> Safe wait at (22, 10) for AMR-02)
05:22:18.754 [AMR-04] STATE_TRANSITION MOVING -> YIELDING (intent=YIELD)
05:22:18.856 [AMR-04] CONFLICT_DETECTED peer=AMR-02 type=INTERSECTION node=(22, 9) safe_wait=(22, 10) DECISION=PROCEED (Higher precedence (58.0 vs 57.8) -> Proceed through (22, 9))
05:22:18.856 [AMR-04] STATE_TRANSITION YIELDING -> MOVING (intent=MOVE)
05:22:18.957 [AMR-04] CONFLICT_DETECTED peer=AMR-02 type=INTERSECTION node=(22, 9) safe_wait=(22, 10) DECISION=YIELD (Lower precedence at intersection (57.9 vs 58.0) -> Safe wait at (22, 10) for AMR-02)
05:22:18.958 [AMR-04] STATE_TRANSITION MOVING -> YIELDING (intent=YIELD)
05:22:19.058 [AMR-04] CONFLICT_DETECTED peer=AMR-02 type=INTERSECTION node=(22, 9) safe_wait=(22, 10) DECISION=PROCEED (Higher precedence (58.1 vs 57.9) -> Proceed through (22, 9))
05:22:19.059 [AMR-04] STATE_TRANSITION YIELDING -> MOVING (intent=MOVE)
05:22:19.160 [AMR-04] STATE_TRANSITION MOVING -> EMERGENCY_STOP (intent=STOP)
05:22:19.161 [AMR-04] SAFETY_STOP min_obstacle_distance=1.14m <= 1.2m
05:22:19.262 [AMR-04] CONFLICT_DETECTED peer=AMR-02 type=INTERSECTION node=(22, 9) safe_wait=(22, 10) DECISION=PROCEED (Higher precedence (57.9 vs 57.9) -> Proceed through (22, 9))
05:22:19.262 [AMR-04] STATE_TRANSITION EMERGENCY_STOP -> MOVING (intent=MOVE)
05:22:19.363 [AMR-04] STATE_TRANSITION MOVING -> EMERGENCY_STOP (intent=STOP)
05:22:19.363 [AMR-04] SAFETY_STOP min_obstacle_distance=1.07m <= 1.2m
05:22:19.464 [AMR-04] CONFLICT_DETECTED peer=AMR-02 type=INTERSECTION node=(22, 9) safe_wait=(22, 10) DECISION=YIELD (Lower precedence at intersection (57.8 vs 58.1) -> Safe wait at (22, 10) for AMR-02)
05:22:19.464 [AMR-04] STATE_TRANSITION EMERGENCY_STOP -> YIELDING (intent=YIELD)
05:22:19.565 [AMR-04] CONFLICT_DETECTED peer=AMR-02 type=INTERSECTION node=(22, 9) safe_wait=(22, 10) DECISION=YIELD (Lower precedence at intersection (57.7 vs 58.0) -> Safe wait at (22, 10) for AMR-02)
05:22:19.666 [AMR-04] CONFLICT_DETECTED peer=AMR-02 type=INTERSECTION node=(22, 9) safe_wait=(22, 10) DECISION=PROCEED (Higher precedence (57.9 vs 57.7) -> Proceed through (22, 9))
05:22:19.666 [AMR-04] STATE_TRANSITION YIELDING -> MOVING (intent=MOVE)
05:22:19.767 [AMR-04] CONFLICT_DETECTED peer=AMR-02 type=INTERSECTION node=(22, 9) safe_wait=(22, 10) DECISION=YIELD (Lower precedence at intersection (57.8 vs 57.9) -> Safe wait at (22, 10) for AMR-02)
05:22:19.767 [AMR-04] STATE_TRANSITION MOVING -> YIELDING (intent=YIELD)
05:22:19.868 [AMR-04] CONFLICT_DETECTED peer=AMR-02 type=INTERSECTION node=(22, 9) safe_wait=(22, 10) DECISION=PROCEED (Higher precedence (58.0 vs 57.8) -> Proceed through (22, 9))
05:22:19.868 [AMR-04] STATE_TRANSITION YIELDING -> MOVING (intent=MOVE)
05:22:19.970 [AMR-04] CONFLICT_DETECTED peer=AMR-02 type=INTERSECTION node=(22, 9) safe_wait=(22, 10) DECISION=YIELD (Lower precedence at intersection (57.9 vs 58.0) -> Safe wait at (22, 10) for AMR-02)
05:22:19.970 [AMR-04] STATE_TRANSITION MOVING -> YIELDING (intent=YIELD)
05:22:20.071 [AMR-04] CONFLICT_DETECTED peer=AMR-02 type=INTERSECTION node=(22, 9) safe_wait=(22, 10) DECISION=PROCEED (Higher precedence (58.1 vs 57.9) -> Proceed through (22, 9))
05:22:20.071 [AMR-04] STATE_TRANSITION YIELDING -> MOVING (intent=MOVE)
05:22:20.171 [AMR-04] STATE_TRANSITION MOVING -> EMERGENCY_STOP (intent=STOP)
05:22:20.171 [AMR-04] SAFETY_STOP min_obstacle_distance=1.14m <= 1.2m
05:22:20.272 [AMR-04] CONFLICT_DETECTED peer=AMR-02 type=INTERSECTION node=(22, 9) safe_wait=(22, 10) DECISION=PROCEED (Higher precedence (57.9 vs 57.9) -> Proceed through (22, 9))
05:22:20.272 [AMR-04] STATE_TRANSITION EMERGENCY_STOP -> MOVING (intent=MOVE)
05:22:20.373 [AMR-04] STATE_TRANSITION MOVING -> EMERGENCY_STOP (intent=STOP)
05:22:20.373 [AMR-04] SAFETY_STOP min_obstacle_distance=1.07m <= 1.2m
05:22:20.473 [AMR-04] CONFLICT_DETECTED peer=AMR-02 type=INTERSECTION node=(22, 9) safe_wait=(22, 10) DECISION=YIELD (Lower precedence at intersection (57.5 vs 58.1) -> Safe wait at (22, 10) for AMR-02)
05:22:20.474 [AMR-04] STATE_TRANSITION EMERGENCY_STOP -> YIELDING (intent=YIELD)
05:22:20.576 [AMR-04] CONFLICT_DETECTED peer=AMR-02 type=INTERSECTION node=(22, 9) safe_wait=(22, 10) DECISION=YIELD (Lower precedence at intersection (57.7 vs 57.7) -> Safe wait at (22, 10) for AMR-02)
05:22:20.677 [AMR-04] CONFLICT_DETECTED peer=AMR-02 type=INTERSECTION node=(22, 9) safe_wait=(22, 10) DECISION=YIELD (Lower precedence at intersection (57.9 vs 57.9) -> Safe wait at (22, 10) for AMR-02)
05:22:20.778 [AMR-04] CONFLICT_DETECTED peer=AMR-02 type=INTERSECTION node=(22, 9) safe_wait=(22, 10) DECISION=PROCEED (Higher precedence (58.1 vs 57.8) -> Proceed through (22, 9))
05:22:20.778 [AMR-04] STATE_TRANSITION YIELDING -> MOVING (intent=MOVE)
05:22:20.879 [AMR-04] CONFLICT_DETECTED peer=AMR-02 type=INTERSECTION node=(22, 9) safe_wait=(22, 10) DECISION=PROCEED (Higher precedence (58.0 vs 57.6) -> Proceed through (22, 9))
05:22:20.983 [AMR-04] CONFLICT_DETECTED peer=AMR-02 type=INTERSECTION node=(22, 9) safe_wait=(22, 10) DECISION=PROCEED (Higher precedence (57.9 vs 57.9) -> Proceed through (22, 9))
05:22:21.083 [AMR-04] STATE_TRANSITION MOVING -> EMERGENCY_STOP (intent=STOP)
05:22:21.083 [AMR-04] SAFETY_STOP min_obstacle_distance=1.14m <= 1.2m
05:22:21.183 [AMR-04] CONFLICT_DETECTED peer=AMR-02 type=INTERSECTION node=(22, 9) safe_wait=(22, 10) DECISION=YIELD (Lower precedence at intersection (57.7 vs 57.9) -> Safe wait at (22, 10) for AMR-02)
05:22:21.183 [AMR-04] STATE_TRANSITION EMERGENCY_STOP -> YIELDING (intent=YIELD)
05:22:21.284 [AMR-04] CONFLICT_DETECTED peer=AMR-02 type=INTERSECTION node=(22, 9) safe_wait=(22, 10) DECISION=PROCEED (Higher precedence (57.9 vs 57.8) -> Proceed through (22, 9))
05:22:21.284 [AMR-04] STATE_TRANSITION YIELDING -> MOVING (intent=MOVE)
05:22:21.385 [AMR-04] STATE_TRANSITION MOVING -> EMERGENCY_STOP (intent=STOP)
05:22:21.385 [AMR-04] SAFETY_STOP min_obstacle_distance=1.07m <= 1.2m
05:22:21.485 [AMR-04] CONFLICT_DETECTED peer=AMR-02 type=INTERSECTION node=(22, 9) safe_wait=(22, 10) DECISION=YIELD (Lower precedence at intersection (57.5 vs 57.7) -> Safe wait at (22, 10) for AMR-02)
05:22:21.486 [AMR-04] STATE_TRANSITION EMERGENCY_STOP -> YIELDING (intent=YIELD)
05:22:21.586 [AMR-04] CONFLICT_DETECTED peer=AMR-02 type=INTERSECTION node=(22, 9) safe_wait=(22, 10) DECISION=YIELD (Lower precedence at intersection (57.7 vs 57.9) -> Safe wait at (22, 10) for AMR-02)
05:22:21.687 [AMR-04] CONFLICT_DETECTED peer=AMR-02 type=INTERSECTION node=(22, 9) safe_wait=(22, 10) DECISION=PROCEED (Higher precedence (57.9 vs 57.8) -> Proceed through (22, 9))
05:22:21.687 [AMR-04] STATE_TRANSITION YIELDING -> MOVING (intent=MOVE)
05:22:21.788 [AMR-04] CONFLICT_DETECTED peer=AMR-02 type=INTERSECTION node=(22, 9) safe_wait=(22, 10) DECISION=PROCEED (Higher precedence (57.8 vs 57.6) -> Proceed through (22, 9))
05:22:21.889 [AMR-04] CONFLICT_DETECTED peer=AMR-02 type=INTERSECTION node=(22, 9) safe_wait=(22, 10) DECISION=YIELD (Lower precedence at intersection (57.6 vs 57.9) -> Safe wait at (22, 10) for AMR-02)
05:22:21.889 [AMR-04] STATE_TRANSITION MOVING -> YIELDING (intent=YIELD)
05:22:21.990 [AMR-04] CONFLICT_DETECTED peer=AMR-02 type=INTERSECTION node=(22, 9) safe_wait=(22, 10) DECISION=PROCEED (Higher precedence (57.9 vs 57.7) -> Proceed through (22, 9))
05:22:21.990 [AMR-04] STATE_TRANSITION YIELDING -> MOVING (intent=MOVE)
05:22:22.090 [AMR-04] STATE_TRANSITION MOVING -> EMERGENCY_STOP (intent=STOP)
05:22:22.091 [AMR-04] SAFETY_STOP min_obstacle_distance=1.14m <= 1.2m
05:22:22.192 [AMR-04] CONFLICT_DETECTED peer=AMR-02 type=INTERSECTION node=(22, 9) safe_wait=(22, 10) DECISION=YIELD (Lower precedence at intersection (57.7 vs 57.9) -> Safe wait at (22, 10) for AMR-02)
05:22:22.192 [AMR-04] STATE_TRANSITION EMERGENCY_STOP -> YIELDING (intent=YIELD)
05:22:22.293 [AMR-04] CONFLICT_DETECTED peer=AMR-02 type=INTERSECTION node=(22, 9) safe_wait=(22, 10) DECISION=PROCEED (Higher precedence (57.9 vs 57.8) -> Proceed through (22, 9))
05:22:22.293 [AMR-04] STATE_TRANSITION YIELDING -> MOVING (intent=MOVE)
05:22:22.393 [AMR-04] STATE_TRANSITION MOVING -> EMERGENCY_STOP (intent=STOP)
05:22:22.394 [AMR-04] SAFETY_STOP min_obstacle_distance=1.07m <= 1.2m
05:22:22.493 [AMR-04] CONFLICT_DETECTED peer=AMR-02 type=INTERSECTION node=(22, 9) safe_wait=(22, 10) DECISION=YIELD (Lower precedence at intersection (57.5 vs 57.8) -> Safe wait at (22, 10) for AMR-02)
05:22:22.494 [AMR-04] STATE_TRANSITION EMERGENCY_STOP -> YIELDING (intent=YIELD)
05:22:22.595 [AMR-04] CONFLICT_DETECTED peer=AMR-02 type=INTERSECTION node=(22, 9) safe_wait=(22, 10) DECISION=YIELD (Lower precedence at intersection (57.7 vs 57.7) -> Safe wait at (22, 10) for AMR-02)
05:22:22.695 [AMR-04] CONFLICT_DETECTED peer=AMR-02 type=INTERSECTION node=(22, 9) safe_wait=(22, 10) DECISION=YIELD (Lower precedence at intersection (57.9 vs 57.9) -> Safe wait at (22, 10) for AMR-02)
05:22:22.796 [AMR-04] CONFLICT_DETECTED peer=AMR-02 type=INTERSECTION node=(22, 9) safe_wait=(22, 10) DECISION=PROCEED (Higher precedence (58.1 vs 57.8) -> Proceed through (22, 9))
05:22:22.796 [AMR-04] STATE_TRANSITION YIELDING -> MOVING (intent=MOVE)
05:22:22.896 [AMR-04] CONFLICT_DETECTED peer=AMR-02 type=INTERSECTION node=(22, 9) safe_wait=(22, 10) DECISION=PROCEED (Higher precedence (58.0 vs 57.6) -> Proceed through (22, 9))
05:22:22.997 [AMR-04] CONFLICT_DETECTED peer=AMR-02 type=INTERSECTION node=(22, 9) safe_wait=(22, 10) DECISION=YIELD (Lower precedence at intersection (57.9 vs 57.9) -> Safe wait at (22, 10) for AMR-02)
05:22:22.997 [AMR-04] STATE_TRANSITION MOVING -> YIELDING (intent=YIELD)
05:22:23.097 [AMR-04] CONFLICT_DETECTED peer=AMR-02 type=INTERSECTION node=(22, 9) safe_wait=(22, 10) DECISION=YIELD (Lower precedence at intersection (58.0 vs 58.0) -> Safe wait at (22, 10) for AMR-02)
05:22:23.198 [AMR-04] CONFLICT_DETECTED peer=AMR-02 type=INTERSECTION node=(22, 9) safe_wait=(22, 10) DECISION=PROCEED (Higher precedence (58.3 vs 57.9) -> Proceed through (22, 9))
05:22:23.198 [AMR-04] STATE_TRANSITION YIELDING -> MOVING (intent=MOVE)
05:22:23.298 [AMR-04] STATE_TRANSITION MOVING -> EMERGENCY_STOP (intent=STOP)
05:22:23.298 [AMR-04] SAFETY_STOP min_obstacle_distance=1.14m <= 1.2m
05:22:23.399 [AMR-04] CONFLICT_DETECTED peer=AMR-02 type=INTERSECTION node=(22, 9) safe_wait=(22, 10) DECISION=PROCEED (Higher precedence (58.1 vs 58.1) -> Proceed through (22, 9))
05:22:23.399 [AMR-04] STATE_TRANSITION EMERGENCY_STOP -> MOVING (intent=MOVE)
05:22:23.499 [AMR-04] CONFLICT_DETECTED peer=AMR-02 type=INTERSECTION node=(22, 9) safe_wait=(22, 10) DECISION=YIELD (Lower precedence at intersection (57.7 vs 58.3) -> Safe wait at (22, 10) for AMR-02)
05:22:23.500 [AMR-04] STATE_TRANSITION MOVING -> YIELDING (intent=YIELD)
05:22:23.600 [AMR-04] CONFLICT_DETECTED peer=AMR-02 type=INTERSECTION node=(22, 9) safe_wait=(22, 10) DECISION=YIELD (Lower precedence at intersection (57.9 vs 57.9) -> Safe wait at (22, 10) for AMR-02)
05:22:23.701 [AMR-04] CONFLICT_DETECTED peer=AMR-02 type=INTERSECTION node=(22, 9) safe_wait=(22, 10) DECISION=YIELD (Lower precedence at intersection (58.1 vs 58.1) -> Safe wait at (22, 10) for AMR-02)
05:22:23.802 [AMR-04] CONFLICT_DETECTED peer=AMR-02 type=INTERSECTION node=(22, 9) safe_wait=(22, 10) DECISION=PROCEED (Higher precedence (58.3 vs 58.0) -> Proceed through (22, 9))
05:22:23.802 [AMR-04] STATE_TRANSITION YIELDING -> MOVING (intent=MOVE)
05:22:23.902 [AMR-04] CONFLICT_DETECTED peer=AMR-02 type=INTERSECTION node=(22, 9) safe_wait=(22, 10) DECISION=PROCEED (Higher precedence (58.2 vs 57.9) -> Proceed through (22, 9))
05:22:24.002 [AMR-04] CONFLICT_DETECTED peer=AMR-02 type=INTERSECTION node=(22, 9) safe_wait=(22, 10) DECISION=PROCEED (Higher precedence (58.1 vs 58.0) -> Proceed through (22, 9))
05:22:24.103 [AMR-04] STATE_TRANSITION MOVING -> EMERGENCY_STOP (intent=STOP)
05:22:24.103 [AMR-04] SAFETY_STOP min_obstacle_distance=1.14m <= 1.2m
05:22:24.204 [AMR-04] CONFLICT_DETECTED peer=AMR-02 type=INTERSECTION node=(22, 9) safe_wait=(22, 10) DECISION=YIELD (Lower precedence at intersection (57.9 vs 58.1) -> Safe wait at (22, 10) for AMR-02)
05:22:24.204 [AMR-04] STATE_TRANSITION EMERGENCY_STOP -> YIELDING (intent=YIELD)
05:22:24.305 [AMR-04] CONFLICT_DETECTED peer=AMR-02 type=INTERSECTION node=(22, 9) safe_wait=(22, 10) DECISION=PROCEED (Higher precedence (58.1 vs 58.1) -> Proceed through (22, 9))
05:22:24.305 [AMR-04] STATE_TRANSITION YIELDING -> MOVING (intent=MOVE)
05:22:24.406 [AMR-04] STATE_TRANSITION MOVING -> EMERGENCY_STOP (intent=STOP)
05:22:24.406 [AMR-04] SAFETY_STOP min_obstacle_distance=1.08m <= 1.2m
05:22:24.506 [AMR-04] CONFLICT_DETECTED peer=AMR-02 type=INTERSECTION node=(22, 9) safe_wait=(22, 10) DECISION=YIELD (Lower precedence at intersection (57.7 vs 58.0) -> Safe wait at (22, 10) for AMR-02)
05:22:24.506 [AMR-04] STATE_TRANSITION EMERGENCY_STOP -> YIELDING (intent=YIELD)
05:22:24.607 [AMR-04] CONFLICT_DETECTED peer=AMR-02 type=INTERSECTION node=(22, 10) safe_wait=(22, 11) DECISION=YIELD (Lower precedence at intersection (57.9 vs 58.4) -> Safe wait at (22, 11) for AMR-02)
05:22:24.708 [AMR-04] CONFLICT_DETECTED peer=AMR-02 type=INTERSECTION node=(22, 10) safe_wait=(22, 11) DECISION=YIELD (Lower precedence at intersection (58.1 vs 58.2) -> Safe wait at (22, 11) for AMR-02)
05:22:24.809 [AMR-04] CONFLICT_DETECTED peer=AMR-02 type=INTERSECTION node=(22, 10) safe_wait=(22, 11) DECISION=PROCEED (Higher precedence (58.3 vs 58.2) -> Proceed through (22, 10))
05:22:24.809 [AMR-04] STATE_TRANSITION YIELDING -> MOVING (intent=MOVE)
05:22:24.909 [AMR-04] CONFLICT_DETECTED peer=AMR-02 type=INTERSECTION node=(22, 10) safe_wait=(22, 11) DECISION=PROCEED (Higher precedence (58.2 vs 58.1) -> Proceed through (22, 10))
05:22:25.009 [AMR-04] CONFLICT_DETECTED peer=AMR-02 type=INTERSECTION node=(22, 10) safe_wait=(22, 11) DECISION=YIELD (Lower precedence at intersection (58.1 vs 58.1) -> Safe wait at (22, 11) for AMR-02)
05:22:25.009 [AMR-04] STATE_TRANSITION MOVING -> YIELDING (intent=YIELD)
05:22:25.110 [AMR-04] CONFLICT_DETECTED peer=AMR-02 type=INTERSECTION node=(22, 10) safe_wait=(22, 11) DECISION=YIELD (Lower precedence at intersection (58.3 vs 58.3) -> Safe wait at (22, 11) for AMR-02)
05:22:25.210 [AMR-04] CONFLICT_DETECTED peer=AMR-02 type=INTERSECTION node=(22, 10) safe_wait=(22, 11) DECISION=PROCEED (Higher precedence (58.5 vs 58.2) -> Proceed through (22, 10))
05:22:25.210 [AMR-04] STATE_TRANSITION YIELDING -> MOVING (intent=MOVE)
05:22:25.310 [AMR-04] STATE_TRANSITION MOVING -> EMERGENCY_STOP (intent=STOP)
05:22:25.310 [AMR-04] SAFETY_STOP min_obstacle_distance=1.14m <= 1.2m
05:22:25.411 [AMR-04] CONFLICT_DETECTED peer=AMR-02 type=INTERSECTION node=(22, 10) safe_wait=(22, 11) DECISION=YIELD (Lower precedence at intersection (58.3 vs 58.4) -> Safe wait at (22, 11) for AMR-02)
05:22:25.411 [AMR-04] STATE_TRANSITION EMERGENCY_STOP -> YIELDING (intent=YIELD)
05:22:25.511 [AMR-04] CONFLICT_DETECTED peer=AMR-02 type=INTERSECTION node=(22, 10) safe_wait=(22, 11) DECISION=YIELD (Lower precedence at intersection (58.3 vs 58.6) -> Safe wait at (22, 11) for AMR-02)
05:22:25.612 [AMR-04] CONFLICT_DETECTED peer=AMR-02 type=INTERSECTION node=(22, 10) safe_wait=(22, 11) DECISION=PROCEED (Higher precedence (58.5 vs 58.2) -> Proceed through (22, 10))
05:22:25.613 [AMR-04] STATE_TRANSITION YIELDING -> MOVING (intent=MOVE)
05:22:25.713 [AMR-04] CONFLICT_DETECTED peer=AMR-02 type=INTERSECTION node=(22, 10) safe_wait=(22, 11) DECISION=PROCEED (Higher precedence (58.4 vs 58.2) -> Proceed through (22, 10))
05:22:25.813 [AMR-04] CONFLICT_DETECTED peer=AMR-02 type=INTERSECTION node=(22, 10) safe_wait=(22, 11) DECISION=YIELD (Lower precedence at intersection (58.3 vs 58.4) -> Safe wait at (22, 11) for AMR-02)
05:22:25.813 [AMR-04] STATE_TRANSITION MOVING -> YIELDING (intent=YIELD)
05:22:25.913 [AMR-04] CONFLICT_DETECTED peer=AMR-02 type=INTERSECTION node=(22, 10) safe_wait=(22, 11) DECISION=YIELD (Lower precedence at intersection (58.5 vs 58.6) -> Safe wait at (22, 11) for AMR-02)
05:22:26.014 [AMR-04] CONFLICT_DETECTED peer=AMR-02 type=INTERSECTION node=(22, 10) safe_wait=(22, 11) DECISION=PROCEED (Higher precedence (58.7 vs 58.4) -> Proceed through (22, 10))
05:22:26.014 [AMR-04] STATE_TRANSITION YIELDING -> MOVING (intent=MOVE)
05:22:26.115 [AMR-04] STATE_TRANSITION MOVING -> EMERGENCY_STOP (intent=STOP)
05:22:26.115 [AMR-04] SAFETY_STOP min_obstacle_distance=1.14m <= 1.2m
05:22:26.215 [AMR-04] CONFLICT_DETECTED peer=AMR-02 type=INTERSECTION node=(22, 10) safe_wait=(22, 11) DECISION=YIELD (Lower precedence at intersection (58.5 vs 58.6) -> Safe wait at (22, 11) for AMR-02)
05:22:26.215 [AMR-04] STATE_TRANSITION EMERGENCY_STOP -> YIELDING (intent=YIELD)
05:22:26.316 [AMR-04] CONFLICT_DETECTED peer=AMR-02 type=INTERSECTION node=(22, 10) safe_wait=(22, 11) DECISION=YIELD (Lower precedence at intersection (58.7 vs 58.8) -> Safe wait at (22, 11) for AMR-02)
05:22:26.419 [AMR-04] CONFLICT_DETECTED peer=AMR-02 type=INTERSECTION node=(22, 10) safe_wait=(22, 11) DECISION=PROCEED (Higher precedence (58.9 vs 58.7) -> Proceed through (22, 10))
05:22:26.419 [AMR-04] STATE_TRANSITION YIELDING -> MOVING (intent=MOVE)
05:22:26.519 [AMR-04] CONFLICT_DETECTED peer=AMR-02 type=INTERSECTION node=(22, 10) safe_wait=(22, 11) DECISION=YIELD (Lower precedence at intersection (58.5 vs 58.8) -> Safe wait at (22, 11) for AMR-02)
05:22:26.519 [AMR-04] STATE_TRANSITION MOVING -> YIELDING (intent=YIELD)
05:22:26.619 [AMR-04] CONFLICT_DETECTED peer=AMR-02 type=INTERSECTION node=(22, 10) safe_wait=(22, 11) DECISION=YIELD (Lower precedence at intersection (58.7 vs 59.0) -> Safe wait at (22, 11) for AMR-02)
05:22:26.720 [AMR-04] CONFLICT_DETECTED peer=AMR-02 type=INTERSECTION node=(22, 10) safe_wait=(22, 11) DECISION=PROCEED (Higher precedence (58.9 vs 58.8) -> Proceed through (22, 10))
05:22:26.720 [AMR-04] STATE_TRANSITION YIELDING -> MOVING (intent=MOVE)
05:22:26.820 [AMR-04] CONFLICT_DETECTED peer=AMR-02 type=INTERSECTION node=(22, 10) safe_wait=(22, 11) DECISION=YIELD (Lower precedence at intersection (58.8 vs 58.8) -> Safe wait at (22, 11) for AMR-02)
05:22:26.820 [AMR-04] STATE_TRANSITION MOVING -> YIELDING (intent=YIELD)
05:22:26.921 [AMR-04] CONFLICT_DETECTED peer=AMR-02 type=INTERSECTION node=(22, 10) safe_wait=(22, 11) DECISION=YIELD (Lower precedence at intersection (59.0 vs 59.0) -> Safe wait at (22, 11) for AMR-02)
05:22:27.022 [AMR-04] CONFLICT_DETECTED peer=AMR-02 type=INTERSECTION node=(22, 10) safe_wait=(22, 11) DECISION=PROCEED (Higher precedence (59.2 vs 58.9) -> Proceed through (22, 10))
05:22:27.022 [AMR-04] STATE_TRANSITION YIELDING -> MOVING (intent=MOVE)
05:22:27.124 [AMR-04] CONFLICT_DETECTED peer=AMR-02 type=INTERSECTION node=(22, 10) safe_wait=(22, 11) DECISION=PROCEED (Higher precedence (59.0 vs 58.9) -> Proceed through (22, 10))
05:22:27.223 [AMR-04] STATE_TRANSITION MOVING -> EMERGENCY_STOP (intent=STOP)
05:22:27.223 [AMR-04] SAFETY_STOP min_obstacle_distance=1.14m <= 1.2m
05:22:27.324 [AMR-04] CONFLICT_DETECTED peer=AMR-02 type=INTERSECTION node=(22, 10) safe_wait=(22, 11) DECISION=YIELD (Lower precedence at intersection (58.9 vs 59.0) -> Safe wait at (22, 11) for AMR-02)
05:22:27.324 [AMR-04] STATE_TRANSITION EMERGENCY_STOP -> YIELDING (intent=YIELD)
05:22:27.425 [AMR-04] CONFLICT_DETECTED peer=AMR-02 type=INTERSECTION node=(22, 10) safe_wait=(22, 11) DECISION=PROCEED (Higher precedence (59.1 vs 59.0) -> Proceed through (22, 10))
05:22:27.425 [AMR-04] STATE_TRANSITION YIELDING -> MOVING (intent=MOVE)
05:22:27.526 [AMR-04] CONFLICT_DETECTED peer=AMR-02 type=INTERSECTION node=(22, 10) safe_wait=(22, 11) DECISION=PROCEED (Higher precedence (58.7 vs 58.6) -> Proceed through (22, 10))
05:22:27.626 [AMR-04] CONFLICT_DETECTED peer=AMR-02 type=INTERSECTION node=(22, 10) safe_wait=(22, 11) DECISION=PROCEED (Higher precedence (58.6 vs 58.6) -> Proceed through (22, 10))
05:22:27.727 [AMR-04] CONFLICT_DETECTED peer=AMR-02 type=INTERSECTION node=(22, 10) safe_wait=(22, 11) DECISION=YIELD (Lower precedence at intersection (58.5 vs 58.8) -> Safe wait at (22, 11) for AMR-02)
05:22:27.727 [AMR-04] STATE_TRANSITION MOVING -> YIELDING (intent=YIELD)
05:22:27.828 [AMR-04] CONFLICT_DETECTED peer=AMR-02 type=INTERSECTION node=(22, 10) safe_wait=(22, 11) DECISION=PROCEED (Higher precedence (58.6 vs 58.6) -> Proceed through (22, 10))
05:22:27.828 [AMR-04] STATE_TRANSITION YIELDING -> MOVING (intent=MOVE)
05:22:27.928 [AMR-04] STATE_TRANSITION MOVING -> EMERGENCY_STOP (intent=STOP)
05:22:27.928 [AMR-04] SAFETY_STOP min_obstacle_distance=1.14m <= 1.2m
05:22:28.029 [AMR-04] CONFLICT_DETECTED peer=AMR-02 type=INTERSECTION node=(22, 10) safe_wait=(22, 11) DECISION=YIELD (Lower precedence at intersection (58.5 vs 58.8) -> Safe wait at (22, 11) for AMR-02)
05:22:28.029 [AMR-04] STATE_TRANSITION EMERGENCY_STOP -> YIELDING (intent=YIELD)
05:22:28.130 [AMR-04] CONFLICT_DETECTED peer=AMR-02 type=INTERSECTION node=(22, 10) safe_wait=(22, 11) DECISION=PROCEED (Higher precedence (58.7 vs 58.7) -> Proceed through (22, 10))
05:22:28.130 [AMR-04] STATE_TRANSITION YIELDING -> MOVING (intent=MOVE)
05:22:28.231 [AMR-04] STATE_TRANSITION MOVING -> EMERGENCY_STOP (intent=STOP)
05:22:28.231 [AMR-04] SAFETY_STOP min_obstacle_distance=1.08m <= 1.2m
05:22:28.332 [AMR-04] CONFLICT_DETECTED peer=AMR-02 type=INTERSECTION node=(22, 10) safe_wait=(22, 11) DECISION=YIELD (Lower precedence at intersection (58.6 vs 58.9) -> Safe wait at (22, 11) for AMR-02)
05:22:28.332 [AMR-04] STATE_TRANSITION EMERGENCY_STOP -> YIELDING (intent=YIELD)
05:22:28.433 [AMR-04] CONFLICT_DETECTED peer=AMR-02 type=INTERSECTION node=(22, 10) safe_wait=(22, 11) DECISION=PROCEED (Higher precedence (58.8 vs 58.8) -> Proceed through (22, 10))
05:22:28.433 [AMR-04] STATE_TRANSITION YIELDING -> MOVING (intent=MOVE)
05:22:28.534 [AMR-04] CONFLICT_DETECTED peer=AMR-02 type=INTERSECTION node=(22, 10) safe_wait=(22, 11) DECISION=YIELD (Lower precedence at intersection (58.3 vs 58.6) -> Safe wait at (22, 11) for AMR-02)
05:22:28.534 [AMR-04] STATE_TRANSITION MOVING -> YIELDING (intent=YIELD)
05:22:28.635 [AMR-04] CONFLICT_DETECTED peer=AMR-02 type=INTERSECTION node=(22, 10) safe_wait=(22, 11) DECISION=YIELD (Lower precedence at intersection (58.5 vs 58.8) -> Safe wait at (22, 11) for AMR-02)
05:22:28.735 [AMR-04] CONFLICT_DETECTED peer=AMR-02 type=INTERSECTION node=(22, 10) safe_wait=(22, 11) DECISION=PROCEED (Higher precedence (58.7 vs 58.6) -> Proceed through (22, 10))
05:22:28.735 [AMR-04] STATE_TRANSITION YIELDING -> MOVING (intent=MOVE)
05:22:28.837 [AMR-04] CONFLICT_DETECTED peer=AMR-02 type=INTERSECTION node=(22, 10) safe_wait=(22, 11) DECISION=YIELD (Lower precedence at intersection (58.6 vs 58.6) -> Safe wait at (22, 11) for AMR-02)
05:22:28.837 [AMR-04] STATE_TRANSITION MOVING -> YIELDING (intent=YIELD)
05:22:28.937 [AMR-04] CONFLICT_DETECTED peer=AMR-02 type=INTERSECTION node=(22, 10) safe_wait=(22, 11) DECISION=YIELD (Lower precedence at intersection (58.8 vs 58.8) -> Safe wait at (22, 11) for AMR-02)
05:22:29.038 [AMR-04] CONFLICT_DETECTED peer=AMR-02 type=INTERSECTION node=(22, 10) safe_wait=(22, 11) DECISION=PROCEED (Higher precedence (59.0 vs 58.7) -> Proceed through (22, 10))
05:22:29.038 [AMR-04] STATE_TRANSITION YIELDING -> MOVING (intent=MOVE)
05:22:29.139 [AMR-04] CONFLICT_DETECTED peer=AMR-02 type=INTERSECTION node=(22, 10) safe_wait=(22, 11) DECISION=PROCEED (Higher precedence (58.9 vs 58.7) -> Proceed through (22, 10))
05:22:29.238 [AMR-04] STATE_TRANSITION MOVING -> EMERGENCY_STOP (intent=STOP)
05:22:29.238 [AMR-04] SAFETY_STOP min_obstacle_distance=1.14m <= 1.2m
05:22:29.339 [AMR-04] CONFLICT_DETECTED peer=AMR-02 type=INTERSECTION node=(22, 10) safe_wait=(22, 11) DECISION=YIELD (Lower precedence at intersection (58.7 vs 58.8) -> Safe wait at (22, 11) for AMR-02)
05:22:29.339 [AMR-04] STATE_TRANSITION EMERGENCY_STOP -> YIELDING (intent=YIELD)
05:22:29.440 [AMR-04] CONFLICT_DETECTED peer=AMR-02 type=INTERSECTION node=(22, 10) safe_wait=(22, 11) DECISION=PROCEED (Higher precedence (58.9 vs 58.8) -> Proceed through (22, 10))
05:22:29.440 [AMR-04] STATE_TRANSITION YIELDING -> MOVING (intent=MOVE)
05:22:29.540 [AMR-04] STATE_TRANSITION MOVING -> EMERGENCY_STOP (intent=STOP)
05:22:29.540 [AMR-04] SAFETY_STOP min_obstacle_distance=1.00m <= 1.2m
05:22:29.641 [AMR-04] CONFLICT_DETECTED peer=AMR-02 type=INTERSECTION node=(22, 10) safe_wait=(22, 11) DECISION=PROCEED (Higher precedence (59.0 vs 58.4) -> Proceed through (22, 10))
05:22:29.641 [AMR-04] STATE_TRANSITION EMERGENCY_STOP -> MOVING (intent=MOVE)
05:22:29.742 [AMR-04] STATE_TRANSITION MOVING -> EMERGENCY_STOP (intent=STOP)
05:22:29.742 [AMR-04] SAFETY_STOP min_obstacle_distance=1.01m <= 1.2m
05:22:29.842 [AMR-04] CONFLICT_DETECTED peer=AMR-02 type=INTERSECTION node=(22, 10) safe_wait=(22, 11) DECISION=PROCEED (Higher precedence (58.9 vs 58.8) -> Proceed through (22, 10))
05:22:29.842 [AMR-04] STATE_TRANSITION EMERGENCY_STOP -> MOVING (intent=MOVE)
05:22:29.943 [AMR-04] STATE_TRANSITION MOVING -> EMERGENCY_STOP (intent=STOP)
05:22:29.943 [AMR-04] SAFETY_STOP min_obstacle_distance=1.04m <= 1.2m
05:22:30.044 [AMR-04] CONFLICT_DETECTED peer=AMR-02 type=INTERSECTION node=(22, 10) safe_wait=(22, 11) DECISION=YIELD (Lower precedence at intersection (58.8 vs 58.8) -> Safe wait at (22, 11) for AMR-02)
05:22:30.044 [AMR-04] STATE_TRANSITION EMERGENCY_STOP -> YIELDING (intent=YIELD)
05:22:30.145 [AMR-04] CONFLICT_DETECTED peer=AMR-02 type=INTERSECTION node=(22, 10) safe_wait=(22, 11) DECISION=PROCEED (Higher precedence (59.0 vs 58.8) -> Proceed through (22, 10))
05:22:30.145 [AMR-04] STATE_TRANSITION YIELDING -> MOVING (intent=MOVE)
05:22:30.246 [AMR-04] STATE_TRANSITION MOVING -> EMERGENCY_STOP (intent=STOP)
05:22:30.246 [AMR-04] SAFETY_STOP min_obstacle_distance=1.10m <= 1.2m
05:22:30.346 [AMR-04] CONFLICT_DETECTED peer=AMR-02 type=INTERSECTION node=(22, 10) safe_wait=(22, 11) DECISION=PROCEED (Higher precedence (58.8 vs 58.7) -> Proceed through (22, 10))
05:22:30.346 [AMR-04] STATE_TRANSITION EMERGENCY_STOP -> MOVING (intent=MOVE)
05:22:30.447 [AMR-04] STATE_TRANSITION MOVING -> EMERGENCY_STOP (intent=STOP)
05:22:30.447 [AMR-04] SAFETY_STOP min_obstacle_distance=1.08m <= 1.2m
05:22:30.548 [AMR-04] CONFLICT_DETECTED peer=AMR-02 type=INTERSECTION node=(22, 10) safe_wait=(22, 11) DECISION=YIELD (Lower precedence at intersection (58.4 vs 59.0) -> Safe wait at (22, 11) for AMR-02)
05:22:30.548 [AMR-04] STATE_TRANSITION EMERGENCY_STOP -> YIELDING (intent=YIELD)
05:22:30.648 [AMR-04] CONFLICT_DETECTED peer=AMR-02 type=INTERSECTION node=(22, 10) safe_wait=(22, 11) DECISION=YIELD (Lower precedence at intersection (58.6 vs 59.0) -> Safe wait at (22, 11) for AMR-02)
05:22:30.749 [AMR-04] CONFLICT_DETECTED peer=AMR-02 type=INTERSECTION node=(22, 10) safe_wait=(22, 11) DECISION=YIELD (Lower precedence at intersection (58.8 vs 58.9) -> Safe wait at (22, 11) for AMR-02)
05:22:30.850 [AMR-04] CONFLICT_DETECTED peer=AMR-02 type=INTERSECTION node=(22, 10) safe_wait=(22, 11) DECISION=PROCEED (Higher precedence (59.0 vs 58.9) -> Proceed through (22, 10))
05:22:30.850 [AMR-04] STATE_TRANSITION YIELDING -> MOVING (intent=MOVE)
05:22:30.950 [AMR-04] STATE_TRANSITION MOVING -> EMERGENCY_STOP (intent=STOP)
05:22:30.950 [AMR-04] SAFETY_STOP min_obstacle_distance=1.01m <= 1.2m
05:22:31.051 [AMR-04] CONFLICT_DETECTED peer=AMR-02 type=INTERSECTION node=(22, 10) safe_wait=(22, 11) DECISION=PROCEED (Higher precedence (58.9 vs 58.7) -> Proceed through (22, 10))
05:22:31.051 [AMR-04] STATE_TRANSITION EMERGENCY_STOP -> MOVING (intent=MOVE)
05:22:31.151 [AMR-04] STATE_TRANSITION MOVING -> EMERGENCY_STOP (intent=STOP)
05:22:31.151 [AMR-04] SAFETY_STOP min_obstacle_distance=1.04m <= 1.2m
05:22:31.252 [AMR-04] CONFLICT_DETECTED peer=AMR-02 type=INTERSECTION node=(22, 10) safe_wait=(22, 11) DECISION=YIELD (Lower precedence at intersection (58.8 vs 58.8) -> Safe wait at (22, 11) for AMR-02)
05:22:31.252 [AMR-04] STATE_TRANSITION EMERGENCY_STOP -> YIELDING (intent=YIELD)
05:22:31.352 [AMR-04] CONFLICT_DETECTED peer=AMR-02 type=INTERSECTION node=(22, 10) safe_wait=(22, 11) DECISION=PROCEED (Higher precedence (59.0 vs 58.8) -> Proceed through (22, 10))
05:22:31.352 [AMR-04] STATE_TRANSITION YIELDING -> MOVING (intent=MOVE)
05:22:31.453 [AMR-04] STATE_TRANSITION MOVING -> EMERGENCY_STOP (intent=STOP)
05:22:31.453 [AMR-04] SAFETY_STOP min_obstacle_distance=1.10m <= 1.2m
05:22:31.553 [AMR-04] CONFLICT_DETECTED peer=AMR-02 type=INTERSECTION node=(22, 10) safe_wait=(22, 11) DECISION=PROCEED (Higher precedence (58.6 vs 58.4) -> Proceed through (22, 10))
05:22:31.553 [AMR-04] STATE_TRANSITION EMERGENCY_STOP -> MOVING (intent=MOVE)
05:22:31.657 [AMR-04] STATE_TRANSITION MOVING -> EMERGENCY_STOP (intent=STOP)
05:22:31.657 [AMR-04] SAFETY_STOP min_obstacle_distance=1.01m <= 1.2m
05:22:31.757 [AMR-04] CONFLICT_DETECTED peer=AMR-02 type=INTERSECTION node=(22, 10) safe_wait=(22, 11) DECISION=PROCEED (Higher precedence (58.5 vs 58.5) -> Proceed through (22, 10))
05:22:31.757 [AMR-04] STATE_TRANSITION EMERGENCY_STOP -> MOVING (intent=MOVE)
05:22:31.857 [AMR-04] STATE_TRANSITION MOVING -> EMERGENCY_STOP (intent=STOP)
05:22:31.858 [AMR-04] SAFETY_STOP min_obstacle_distance=1.04m <= 1.2m
05:22:31.958 [AMR-04] CONFLICT_DETECTED peer=AMR-02 type=INTERSECTION node=(22, 10) safe_wait=(22, 11) DECISION=YIELD (Lower precedence at intersection (58.3 vs 58.7) -> Safe wait at (22, 11) for AMR-02)
05:22:31.958 [AMR-04] STATE_TRANSITION EMERGENCY_STOP -> YIELDING (intent=YIELD)
05:22:32.059 [AMR-04] CONFLICT_DETECTED peer=AMR-02 type=INTERSECTION node=(22, 10) safe_wait=(22, 11) DECISION=PROCEED (Higher precedence (58.5 vs 58.5) -> Proceed through (22, 10))
05:22:32.059 [AMR-04] STATE_TRANSITION YIELDING -> MOVING (intent=MOVE)
05:22:32.159 [AMR-04] STATE_TRANSITION MOVING -> EMERGENCY_STOP (intent=STOP)
05:22:32.159 [AMR-04] SAFETY_STOP min_obstacle_distance=1.10m <= 1.2m
05:22:32.259 [AMR-04] CONFLICT_DETECTED peer=AMR-02 type=INTERSECTION node=(22, 10) safe_wait=(22, 11) DECISION=YIELD (Lower precedence at intersection (58.4 vs 58.7) -> Safe wait at (22, 11) for AMR-02)
05:22:32.260 [AMR-04] STATE_TRANSITION EMERGENCY_STOP -> YIELDING (intent=YIELD)
05:22:32.361 [AMR-04] CONFLICT_DETECTED peer=AMR-02 type=INTERSECTION node=(22, 10) safe_wait=(22, 11) DECISION=PROCEED (Higher precedence (58.6 vs 58.6) -> Proceed through (22, 10))
05:22:32.361 [AMR-04] STATE_TRANSITION YIELDING -> MOVING (intent=MOVE)
05:22:32.462 [AMR-04] STATE_TRANSITION MOVING -> EMERGENCY_STOP (intent=STOP)
05:22:32.476 [AMR-04] SAFETY_STOP min_obstacle_distance=1.08m <= 1.2m
05:22:32.562 [AMR-04] CONFLICT_DETECTED peer=AMR-02 type=INTERSECTION node=(22, 10) safe_wait=(22, 11) DECISION=YIELD (Lower precedence at intersection (58.2 vs 58.6) -> Safe wait at (22, 11) for AMR-02)
05:22:32.562 [AMR-04] STATE_TRANSITION EMERGENCY_STOP -> YIELDING (intent=YIELD)
05:22:32.664 [AMR-04] CONFLICT_DETECTED peer=AMR-02 type=INTERSECTION node=(22, 10) safe_wait=(22, 11) DECISION=YIELD (Lower precedence at intersection (58.4 vs 58.5) -> Safe wait at (22, 11) for AMR-02)
05:22:32.764 [AMR-04] CONFLICT_DETECTED peer=AMR-02 type=INTERSECTION node=(22, 10) safe_wait=(22, 11) DECISION=PROCEED (Higher precedence (58.6 vs 58.5) -> Proceed through (22, 10))
05:22:32.765 [AMR-04] STATE_TRANSITION YIELDING -> MOVING (intent=MOVE)
05:22:32.865 [AMR-04] STATE_TRANSITION MOVING -> EMERGENCY_STOP (intent=STOP)
05:22:32.865 [AMR-04] SAFETY_STOP min_obstacle_distance=1.01m <= 1.2m
05:22:32.966 [AMR-04] CONFLICT_DETECTED peer=AMR-02 type=INTERSECTION node=(22, 10) safe_wait=(22, 11) DECISION=PROCEED (Higher precedence (58.5 vs 58.3) -> Proceed through (22, 10))
05:22:32.966 [AMR-04] STATE_TRANSITION EMERGENCY_STOP -> MOVING (intent=MOVE)
05:22:33.067 [AMR-04] STATE_TRANSITION MOVING -> EMERGENCY_STOP (intent=STOP)
05:22:33.067 [AMR-04] SAFETY_STOP min_obstacle_distance=1.04m <= 1.2m
05:22:33.168 [AMR-04] CONFLICT_DETECTED peer=AMR-02 type=INTERSECTION node=(22, 10) safe_wait=(22, 11) DECISION=YIELD (Lower precedence at intersection (58.3 vs 58.4) -> Safe wait at (22, 11) for AMR-02)
05:22:33.168 [AMR-04] STATE_TRANSITION EMERGENCY_STOP -> YIELDING (intent=YIELD)
05:22:33.268 [AMR-04] CONFLICT_DETECTED peer=AMR-02 type=INTERSECTION node=(22, 10) safe_wait=(22, 11) DECISION=PROCEED (Higher precedence (58.5 vs 58.4) -> Proceed through (22, 10))
05:22:33.268 [AMR-04] STATE_TRANSITION YIELDING -> MOVING (intent=MOVE)
05:22:33.369 [AMR-04] STATE_TRANSITION MOVING -> EMERGENCY_STOP (intent=STOP)
05:22:33.369 [AMR-04] SAFETY_STOP min_obstacle_distance=1.10m <= 1.2m
05:22:33.470 [AMR-04] CONFLICT_DETECTED peer=AMR-02 type=INTERSECTION node=(22, 10) safe_wait=(22, 11) DECISION=YIELD (Lower precedence at intersection (58.4 vs 58.4) -> Safe wait at (22, 11) for AMR-02)
05:22:33.470 [AMR-04] STATE_TRANSITION EMERGENCY_STOP -> YIELDING (intent=YIELD)
05:22:33.570 [AMR-04] CONFLICT_DETECTED peer=AMR-02 type=INTERSECTION node=(22, 10) safe_wait=(22, 11) DECISION=PROCEED (Higher precedence (58.4 vs 58.2) -> Proceed through (22, 10))
05:22:33.570 [AMR-04] STATE_TRANSITION YIELDING -> MOVING (intent=MOVE)
05:22:33.670 [AMR-04] STATE_TRANSITION MOVING -> EMERGENCY_STOP (intent=STOP)
05:22:33.670 [AMR-04] SAFETY_STOP min_obstacle_distance=1.01m <= 1.2m
05:22:33.771 [AMR-04] CONFLICT_DETECTED peer=AMR-02 type=INTERSECTION node=(22, 10) safe_wait=(22, 11) DECISION=YIELD (Lower precedence at intersection (58.3 vs 58.4) -> Safe wait at (22, 11) for AMR-02)
05:22:33.771 [AMR-04] STATE_TRANSITION EMERGENCY_STOP -> YIELDING (intent=YIELD)
05:22:33.871 [AMR-04] CONFLICT_DETECTED peer=AMR-02 type=INTERSECTION node=(22, 10) safe_wait=(22, 11) DECISION=PROCEED (Higher precedence (58.5 vs 58.3) -> Proceed through (22, 10))
05:22:33.872 [AMR-04] STATE_TRANSITION YIELDING -> MOVING (intent=MOVE)
05:22:33.972 [AMR-04] STATE_TRANSITION MOVING -> EMERGENCY_STOP (intent=STOP)
05:22:33.972 [AMR-04] SAFETY_STOP min_obstacle_distance=1.04m <= 1.2m
05:22:34.073 [AMR-04] CONFLICT_DETECTED peer=AMR-02 type=INTERSECTION node=(22, 10) safe_wait=(22, 11) DECISION=YIELD (Lower precedence at intersection (58.4 vs 58.5) -> Safe wait at (22, 11) for AMR-02)
05:22:34.073 [AMR-04] STATE_TRANSITION EMERGENCY_STOP -> YIELDING (intent=YIELD)
05:22:34.174 [AMR-04] CONFLICT_DETECTED peer=AMR-02 type=INTERSECTION node=(22, 10) safe_wait=(22, 11) DECISION=PROCEED (Higher precedence (58.5 vs 58.3) -> Proceed through (22, 10))
05:22:34.174 [AMR-04] STATE_TRANSITION YIELDING -> MOVING (intent=MOVE)
05:22:34.274 [AMR-04] STATE_TRANSITION MOVING -> EMERGENCY_STOP (intent=STOP)
05:22:34.274 [AMR-04] SAFETY_STOP min_obstacle_distance=1.10m <= 1.2m
05:22:34.375 [AMR-04] CONFLICT_DETECTED peer=AMR-02 type=INTERSECTION node=(22, 10) safe_wait=(22, 11) DECISION=YIELD (Lower precedence at intersection (58.4 vs 58.5) -> Safe wait at (22, 11) for AMR-02)
05:22:34.375 [AMR-04] STATE_TRANSITION EMERGENCY_STOP -> YIELDING (intent=YIELD)
05:22:34.475 [AMR-04] CONFLICT_DETECTED peer=AMR-02 type=INTERSECTION node=(22, 10) safe_wait=(22, 11) DECISION=PROCEED (Higher precedence (58.4 vs 58.2) -> Proceed through (22, 10))
05:22:34.475 [AMR-04] STATE_TRANSITION YIELDING -> MOVING (intent=MOVE)
05:22:34.576 [AMR-04] STATE_TRANSITION MOVING -> EMERGENCY_STOP (intent=STOP)
05:22:34.576 [AMR-04] SAFETY_STOP min_obstacle_distance=1.01m <= 1.2m
05:22:34.676 [AMR-04] CONFLICT_DETECTED peer=AMR-02 type=INTERSECTION node=(22, 10) safe_wait=(22, 11) DECISION=YIELD (Lower precedence at intersection (58.3 vs 58.4) -> Safe wait at (22, 11) for AMR-02)
05:22:34.676 [AMR-04] STATE_TRANSITION EMERGENCY_STOP -> YIELDING (intent=YIELD)
05:22:34.777 [AMR-04] CONFLICT_DETECTED peer=AMR-02 type=INTERSECTION node=(22, 10) safe_wait=(22, 11) DECISION=PROCEED (Higher precedence (58.5 vs 58.3) -> Proceed through (22, 10))
05:22:34.777 [AMR-04] STATE_TRANSITION YIELDING -> MOVING (intent=MOVE)
05:22:34.878 [AMR-04] STATE_TRANSITION MOVING -> EMERGENCY_STOP (intent=STOP)
05:22:34.878 [AMR-04] SAFETY_STOP min_obstacle_distance=1.04m <= 1.2m
05:22:34.979 [AMR-04] CONFLICT_DETECTED peer=AMR-02 type=INTERSECTION node=(22, 10) safe_wait=(22, 11) DECISION=YIELD (Lower precedence at intersection (58.3 vs 58.5) -> Safe wait at (22, 11) for AMR-02)
05:22:34.979 [AMR-04] STATE_TRANSITION EMERGENCY_STOP -> YIELDING (intent=YIELD)
05:22:35.081 [AMR-04] CONFLICT_DETECTED peer=AMR-02 type=INTERSECTION node=(22, 10) safe_wait=(22, 11) DECISION=PROCEED (Higher precedence (58.5 vs 58.3) -> Proceed through (22, 10))
05:22:35.081 [AMR-04] STATE_TRANSITION YIELDING -> MOVING (intent=MOVE)
05:22:35.180 [AMR-04] STATE_TRANSITION MOVING -> EMERGENCY_STOP (intent=STOP)
05:22:35.181 [AMR-04] SAFETY_STOP min_obstacle_distance=1.10m <= 1.2m
05:22:35.281 [AMR-04] CONFLICT_DETECTED peer=AMR-02 type=INTERSECTION node=(22, 10) safe_wait=(22, 11) DECISION=YIELD (Lower precedence at intersection (58.4 vs 58.5) -> Safe wait at (22, 11) for AMR-02)
05:22:35.281 [AMR-04] STATE_TRANSITION EMERGENCY_STOP -> YIELDING (intent=YIELD)
05:22:35.382 [AMR-04] CONFLICT_DETECTED peer=AMR-02 type=INTERSECTION node=(22, 10) safe_wait=(22, 11) DECISION=PROCEED (Higher precedence (58.6 vs 58.4) -> Proceed through (22, 10))
05:22:35.382 [AMR-04] STATE_TRANSITION YIELDING -> MOVING (intent=MOVE)
05:22:35.482 [AMR-04] STATE_TRANSITION MOVING -> EMERGENCY_STOP (intent=STOP)
05:22:35.482 [AMR-04] SAFETY_STOP min_obstacle_distance=1.00m <= 1.2m
05:22:35.584 [AMR-04] CONFLICT_DETECTED peer=AMR-02 type=INTERSECTION node=(22, 10) safe_wait=(22, 11) DECISION=YIELD (Lower precedence at intersection (58.2 vs 58.4) -> Safe wait at (22, 11) for AMR-02)
05:22:35.585 [AMR-04] STATE_TRANSITION EMERGENCY_STOP -> YIELDING (intent=YIELD)
05:22:35.684 [AMR-04] CONFLICT_DETECTED peer=AMR-02 type=INTERSECTION node=(22, 10) safe_wait=(22, 11) DECISION=PROCEED (Higher precedence (58.4 vs 58.3) -> Proceed through (22, 10))
05:22:35.684 [AMR-04] STATE_TRANSITION YIELDING -> MOVING (intent=MOVE)
05:22:35.784 [AMR-04] STATE_TRANSITION MOVING -> EMERGENCY_STOP (intent=STOP)
05:22:35.784 [AMR-04] SAFETY_STOP min_obstacle_distance=1.01m <= 1.2m
05:22:35.884 [AMR-04] CONFLICT_DETECTED peer=AMR-02 type=INTERSECTION node=(22, 10) safe_wait=(22, 11) DECISION=YIELD (Lower precedence at intersection (58.3 vs 58.5) -> Safe wait at (22, 11) for AMR-02)
05:22:35.884 [AMR-04] STATE_TRANSITION EMERGENCY_STOP -> YIELDING (intent=YIELD)
05:22:35.986 [AMR-04] CONFLICT_DETECTED peer=AMR-02 type=INTERSECTION node=(22, 10) safe_wait=(22, 11) DECISION=PROCEED (Higher precedence (58.5 vs 58.3) -> Proceed through (22, 10))
05:22:35.986 [AMR-04] STATE_TRANSITION YIELDING -> MOVING (intent=MOVE)
05:22:36.086 [AMR-04] STATE_TRANSITION MOVING -> EMERGENCY_STOP (intent=STOP)
05:22:36.086 [AMR-04] SAFETY_STOP min_obstacle_distance=1.04m <= 1.2m
05:22:36.187 [AMR-04] CONFLICT_DETECTED peer=AMR-02 type=INTERSECTION node=(22, 10) safe_wait=(22, 11) DECISION=YIELD (Lower precedence at intersection (58.3 vs 58.5) -> Safe wait at (22, 11) for AMR-02)
05:22:36.187 [AMR-04] STATE_TRANSITION EMERGENCY_STOP -> YIELDING (intent=YIELD)
05:22:36.289 [AMR-04] CONFLICT_DETECTED peer=AMR-02 type=INTERSECTION node=(22, 10) safe_wait=(22, 11) DECISION=PROCEED (Higher precedence (58.5 vs 58.4) -> Proceed through (22, 10))
05:22:36.289 [AMR-04] STATE_TRANSITION YIELDING -> MOVING (intent=MOVE)
05:22:36.389 [AMR-04] STATE_TRANSITION MOVING -> EMERGENCY_STOP (intent=STOP)
05:22:36.389 [AMR-04] SAFETY_STOP min_obstacle_distance=1.10m <= 1.2m
05:22:36.490 [AMR-04] CONFLICT_DETECTED peer=AMR-02 type=INTERSECTION node=(22, 10) safe_wait=(22, 11) DECISION=YIELD (Lower precedence at intersection (58.2 vs 58.4) -> Safe wait at (22, 11) for AMR-02)
05:22:36.490 [AMR-04] STATE_TRANSITION EMERGENCY_STOP -> YIELDING (intent=YIELD)
05:22:36.590 [AMR-04] CONFLICT_DETECTED peer=AMR-02 type=INTERSECTION node=(22, 10) safe_wait=(22, 11) DECISION=YIELD (Lower precedence at intersection (58.4 vs 58.6) -> Safe wait at (22, 11) for AMR-02)
05:22:36.691 [AMR-04] CONFLICT_DETECTED peer=AMR-02 type=INTERSECTION node=(22, 10) safe_wait=(22, 11) DECISION=PROCEED (Higher precedence (58.6 vs 58.5) -> Proceed through (22, 10))
05:22:36.691 [AMR-04] STATE_TRANSITION YIELDING -> MOVING (intent=MOVE)
05:22:36.791 [AMR-04] STATE_TRANSITION MOVING -> EMERGENCY_STOP (intent=STOP)
05:22:36.791 [AMR-04] SAFETY_STOP min_obstacle_distance=1.01m <= 1.2m
05:22:36.892 [AMR-04] CONFLICT_DETECTED peer=AMR-02 type=INTERSECTION node=(22, 10) safe_wait=(22, 11) DECISION=YIELD (Lower precedence at intersection (58.5 vs 58.7) -> Safe wait at (22, 11) for AMR-02)
05:22:36.892 [AMR-04] STATE_TRANSITION EMERGENCY_STOP -> YIELDING (intent=YIELD)
05:22:36.993 [AMR-04] CONFLICT_DETECTED peer=AMR-02 type=INTERSECTION node=(22, 10) safe_wait=(22, 11) DECISION=PROCEED (Higher precedence (58.7 vs 58.5) -> Proceed through (22, 10))
05:22:36.993 [AMR-04] STATE_TRANSITION YIELDING -> MOVING (intent=MOVE)
05:22:37.092 [AMR-04] STATE_TRANSITION MOVING -> EMERGENCY_STOP (intent=STOP)
05:22:37.092 [AMR-04] SAFETY_STOP min_obstacle_distance=1.04m <= 1.2m
05:22:37.193 [AMR-04] CONFLICT_DETECTED peer=AMR-02 type=INTERSECTION node=(22, 10) safe_wait=(22, 11) DECISION=YIELD (Lower precedence at intersection (58.5 vs 58.7) -> Safe wait at (22, 11) for AMR-02)
05:22:37.193 [AMR-04] STATE_TRANSITION EMERGENCY_STOP -> YIELDING (intent=YIELD)
05:22:37.294 [AMR-04] CONFLICT_DETECTED peer=AMR-02 type=INTERSECTION node=(22, 10) safe_wait=(22, 11) DECISION=PROCEED (Higher precedence (58.7 vs 58.6) -> Proceed through (22, 10))
05:22:37.294 [AMR-04] STATE_TRANSITION YIELDING -> MOVING (intent=MOVE)
05:22:37.394 [AMR-04] STATE_TRANSITION MOVING -> EMERGENCY_STOP (intent=STOP)
05:22:37.394 [AMR-04] SAFETY_STOP min_obstacle_distance=1.10m <= 1.2m
05:22:37.495 [AMR-04] CONFLICT_DETECTED peer=AMR-02 type=INTERSECTION node=(22, 10) safe_wait=(22, 11) DECISION=YIELD (Lower precedence at intersection (58.4 vs 58.6) -> Safe wait at (22, 11) for AMR-02)
05:22:37.509 [AMR-04] STATE_TRANSITION EMERGENCY_STOP -> YIELDING (intent=YIELD)
05:22:37.596 [AMR-04] CONFLICT_DETECTED peer=AMR-02 type=INTERSECTION node=(22, 10) safe_wait=(22, 11) DECISION=YIELD (Lower precedence at intersection (58.6 vs 58.8) -> Safe wait at (22, 11) for AMR-02)
05:22:37.697 [AMR-04] CONFLICT_DETECTED peer=AMR-02 type=INTERSECTION node=(22, 10) safe_wait=(22, 11) DECISION=PROCEED (Higher precedence (58.8 vs 58.7) -> Proceed through (22, 10))
05:22:37.697 [AMR-04] STATE_TRANSITION YIELDING -> MOVING (intent=MOVE)
05:22:37.798 [AMR-04] STATE_TRANSITION MOVING -> EMERGENCY_STOP (intent=STOP)
05:22:37.798 [AMR-04] SAFETY_STOP min_obstacle_distance=1.01m <= 1.2m
05:22:37.899 [AMR-04] CONFLICT_DETECTED peer=AMR-02 type=INTERSECTION node=(22, 10) safe_wait=(22, 11) DECISION=YIELD (Lower precedence at intersection (58.7 vs 58.9) -> Safe wait at (22, 11) for AMR-02)
05:22:37.899 [AMR-04] STATE_TRANSITION EMERGENCY_STOP -> YIELDING (intent=YIELD)
05:22:37.999 [AMR-04] CONFLICT_DETECTED peer=AMR-02 type=INTERSECTION node=(22, 10) safe_wait=(22, 11) DECISION=PROCEED (Higher precedence (58.9 vs 58.7) -> Proceed through (22, 10))
05:22:37.999 [AMR-04] STATE_TRANSITION YIELDING -> MOVING (intent=MOVE)
05:22:38.100 [AMR-04] STATE_TRANSITION MOVING -> EMERGENCY_STOP (intent=STOP)
05:22:38.100 [AMR-04] SAFETY_STOP min_obstacle_distance=1.04m <= 1.2m
05:22:38.200 [AMR-04] CONFLICT_DETECTED peer=AMR-02 type=INTERSECTION node=(22, 10) safe_wait=(22, 11) DECISION=YIELD (Lower precedence at intersection (58.7 vs 58.9) -> Safe wait at (22, 11) for AMR-02)
05:22:38.201 [AMR-04] STATE_TRANSITION EMERGENCY_STOP -> YIELDING (intent=YIELD)
05:22:38.301 [AMR-04] CONFLICT_DETECTED peer=AMR-02 type=INTERSECTION node=(22, 10) safe_wait=(22, 11) DECISION=PROCEED (Higher precedence (59.0 vs 58.8) -> Proceed through (22, 10))
05:22:38.301 [AMR-04] STATE_TRANSITION YIELDING -> MOVING (intent=MOVE)
05:22:38.402 [AMR-04] STATE_TRANSITION MOVING -> EMERGENCY_STOP (intent=STOP)
05:22:38.402 [AMR-04] SAFETY_STOP min_obstacle_distance=1.10m <= 1.2m
05:22:38.503 [AMR-04] CONFLICT_DETECTED peer=AMR-02 type=INTERSECTION node=(22, 10) safe_wait=(22, 11) DECISION=YIELD (Lower precedence at intersection (58.6 vs 58.8) -> Safe wait at (22, 11) for AMR-02)
05:22:38.503 [AMR-04] STATE_TRANSITION EMERGENCY_STOP -> YIELDING (intent=YIELD)
05:22:38.604 [AMR-04] CONFLICT_DETECTED peer=AMR-02 type=INTERSECTION node=(22, 10) safe_wait=(22, 11) DECISION=YIELD (Lower precedence at intersection (58.8 vs 59.0) -> Safe wait at (22, 11) for AMR-02)
05:22:38.705 [AMR-04] CONFLICT_DETECTED peer=AMR-02 type=INTERSECTION node=(22, 10) safe_wait=(22, 11) DECISION=PROCEED (Higher precedence (59.0 vs 58.9) -> Proceed through (22, 10))
05:22:38.705 [AMR-04] STATE_TRANSITION YIELDING -> MOVING (intent=MOVE)
05:22:38.806 [AMR-04] STATE_TRANSITION MOVING -> EMERGENCY_STOP (intent=STOP)
05:22:38.806 [AMR-04] SAFETY_STOP min_obstacle_distance=1.01m <= 1.2m
05:22:38.906 [AMR-04] CONFLICT_DETECTED peer=AMR-02 type=INTERSECTION node=(22, 10) safe_wait=(22, 11) DECISION=YIELD (Lower precedence at intersection (58.9 vs 59.1) -> Safe wait at (22, 11) for AMR-02)
05:22:38.906 [AMR-04] STATE_TRANSITION EMERGENCY_STOP -> YIELDING (intent=YIELD)
05:22:39.007 [AMR-04] CONFLICT_DETECTED peer=AMR-02 type=INTERSECTION node=(22, 10) safe_wait=(22, 11) DECISION=PROCEED (Higher precedence (59.1 vs 58.9) -> Proceed through (22, 10))
05:22:39.007 [AMR-04] STATE_TRANSITION YIELDING -> MOVING (intent=MOVE)
05:22:39.108 [AMR-04] STATE_TRANSITION MOVING -> EMERGENCY_STOP (intent=STOP)
05:22:39.108 [AMR-04] SAFETY_STOP min_obstacle_distance=1.04m <= 1.2m
05:22:39.208 [AMR-04] CONFLICT_DETECTED peer=AMR-02 type=INTERSECTION node=(22, 10) safe_wait=(22, 11) DECISION=YIELD (Lower precedence at intersection (58.9 vs 59.1) -> Safe wait at (22, 11) for AMR-02)
05:22:39.208 [AMR-04] STATE_TRANSITION EMERGENCY_STOP -> YIELDING (intent=YIELD)
05:22:39.309 [AMR-04] CONFLICT_DETECTED peer=AMR-02 type=INTERSECTION node=(22, 10) safe_wait=(22, 11) DECISION=PROCEED (Higher precedence (59.1 vs 59.0) -> Proceed through (22, 10))
05:22:39.309 [AMR-04] STATE_TRANSITION YIELDING -> MOVING (intent=MOVE)
05:22:39.409 [AMR-04] STATE_TRANSITION MOVING -> EMERGENCY_STOP (intent=STOP)
05:22:39.409 [AMR-04] SAFETY_STOP min_obstacle_distance=1.10m <= 1.2m
05:22:39.510 [AMR-04] CONFLICT_DETECTED peer=AMR-02 type=INTERSECTION node=(22, 10) safe_wait=(22, 11) DECISION=YIELD (Lower precedence at intersection (58.8 vs 59.0) -> Safe wait at (22, 11) for AMR-02)
05:22:39.510 [AMR-04] STATE_TRANSITION EMERGENCY_STOP -> YIELDING (intent=YIELD)
05:22:39.610 [AMR-04] CONFLICT_DETECTED peer=AMR-02 type=INTERSECTION node=(22, 10) safe_wait=(22, 11) DECISION=YIELD (Lower precedence at intersection (59.0 vs 59.2) -> Safe wait at (22, 11) for AMR-02)
05:22:39.711 [AMR-04] CONFLICT_DETECTED peer=AMR-02 type=INTERSECTION node=(22, 10) safe_wait=(22, 11) DECISION=PROCEED (Higher precedence (59.2 vs 59.1) -> Proceed through (22, 10))
05:22:39.711 [AMR-04] STATE_TRANSITION YIELDING -> MOVING (intent=MOVE)
05:22:39.812 [AMR-04] STATE_TRANSITION MOVING -> EMERGENCY_STOP (intent=STOP)
05:22:39.812 [AMR-04] SAFETY_STOP min_obstacle_distance=1.01m <= 1.2m
05:22:39.913 [AMR-04] CONFLICT_DETECTED peer=AMR-02 type=INTERSECTION node=(22, 10) safe_wait=(22, 11) DECISION=YIELD (Lower precedence at intersection (59.1 vs 59.3) -> Safe wait at (22, 11) for AMR-02)
05:22:39.913 [AMR-04] STATE_TRANSITION EMERGENCY_STOP -> YIELDING (intent=YIELD)
05:22:40.014 [AMR-04] CONFLICT_DETECTED peer=AMR-02 type=INTERSECTION node=(22, 10) safe_wait=(22, 11) DECISION=PROCEED (Higher precedence (59.3 vs 59.1) -> Proceed through (22, 10))
05:22:40.014 [AMR-04] STATE_TRANSITION YIELDING -> MOVING (intent=MOVE)
05:22:40.114 [AMR-04] STATE_TRANSITION MOVING -> EMERGENCY_STOP (intent=STOP)
05:22:40.114 [AMR-04] SAFETY_STOP min_obstacle_distance=1.04m <= 1.2m
05:22:40.215 [AMR-04] CONFLICT_DETECTED peer=AMR-02 type=INTERSECTION node=(22, 10) safe_wait=(22, 11) DECISION=YIELD (Lower precedence at intersection (59.1 vs 59.3) -> Safe wait at (22, 11) for AMR-02)
05:22:40.215 [AMR-04] STATE_TRANSITION EMERGENCY_STOP -> YIELDING (intent=YIELD)
05:22:40.316 [AMR-04] CONFLICT_DETECTED peer=AMR-02 type=INTERSECTION node=(22, 10) safe_wait=(22, 11) DECISION=PROCEED (Higher precedence (59.4 vs 59.2) -> Proceed through (22, 10))
05:22:40.317 [AMR-04] STATE_TRANSITION YIELDING -> MOVING (intent=MOVE)
05:22:40.417 [AMR-04] STATE_TRANSITION MOVING -> EMERGENCY_STOP (intent=STOP)
05:22:40.417 [AMR-04] SAFETY_STOP min_obstacle_distance=1.10m <= 1.2m
05:22:40.517 [AMR-04] CONFLICT_DETECTED peer=AMR-02 type=INTERSECTION node=(22, 10) safe_wait=(22, 11) DECISION=YIELD (Lower precedence at intersection (59.0 vs 59.2) -> Safe wait at (22, 11) for AMR-02)
05:22:40.517 [AMR-04] STATE_TRANSITION EMERGENCY_STOP -> YIELDING (intent=YIELD)
05:22:40.618 [AMR-04] CONFLICT_DETECTED peer=AMR-02 type=INTERSECTION node=(22, 10) safe_wait=(22, 11) DECISION=YIELD (Lower precedence at intersection (59.2 vs 59.4) -> Safe wait at (22, 11) for AMR-02)
05:22:40.719 [AMR-04] CONFLICT_DETECTED peer=AMR-02 type=INTERSECTION node=(22, 10) safe_wait=(22, 11) DECISION=PROCEED (Higher precedence (59.4 vs 59.3) -> Proceed through (22, 10))
05:22:40.719 [AMR-04] STATE_TRANSITION YIELDING -> MOVING (intent=MOVE)
05:22:40.819 [AMR-04] STATE_TRANSITION MOVING -> EMERGENCY_STOP (intent=STOP)
05:22:40.819 [AMR-04] SAFETY_STOP min_obstacle_distance=1.01m <= 1.2m
05:22:40.920 [AMR-04] CONFLICT_DETECTED peer=AMR-02 type=INTERSECTION node=(22, 10) safe_wait=(22, 11) DECISION=YIELD (Lower precedence at intersection (59.3 vs 59.5) -> Safe wait at (22, 11) for AMR-02)
05:22:40.920 [AMR-04] STATE_TRANSITION EMERGENCY_STOP -> YIELDING (intent=YIELD)
05:22:41.020 [AMR-04] CONFLICT_DETECTED peer=AMR-02 type=INTERSECTION node=(22, 10) safe_wait=(22, 11) DECISION=PROCEED (Higher precedence (59.5 vs 59.3) -> Proceed through (22, 10))
05:22:41.020 [AMR-04] STATE_TRANSITION YIELDING -> MOVING (intent=MOVE)
05:22:41.120 [AMR-04] STATE_TRANSITION MOVING -> EMERGENCY_STOP (intent=STOP)
05:22:41.121 [AMR-04] SAFETY_STOP min_obstacle_distance=1.04m <= 1.2m
05:22:41.221 [AMR-04] CONFLICT_DETECTED peer=AMR-02 type=INTERSECTION node=(22, 10) safe_wait=(22, 11) DECISION=YIELD (Lower precedence at intersection (59.3 vs 59.5) -> Safe wait at (22, 11) for AMR-02)
05:22:41.221 [AMR-04] STATE_TRANSITION EMERGENCY_STOP -> YIELDING (intent=YIELD)
05:22:41.322 [AMR-04] CONFLICT_DETECTED peer=AMR-02 type=INTERSECTION node=(22, 10) safe_wait=(22, 11) DECISION=PROCEED (Higher precedence (59.5 vs 59.4) -> Proceed through (22, 10))
05:22:41.322 [AMR-04] STATE_TRANSITION YIELDING -> MOVING (intent=MOVE)
05:22:41.423 [AMR-04] STATE_TRANSITION MOVING -> EMERGENCY_STOP (intent=STOP)
05:22:41.423 [AMR-04] SAFETY_STOP min_obstacle_distance=1.10m <= 1.2m
05:22:41.523 [AMR-04] CONFLICT_DETECTED peer=AMR-02 type=INTERSECTION node=(22, 10) safe_wait=(22, 11) DECISION=YIELD (Lower precedence at intersection (59.2 vs 59.4) -> Safe wait at (22, 11) for AMR-02)
05:22:41.523 [AMR-04] STATE_TRANSITION EMERGENCY_STOP -> YIELDING (intent=YIELD)
05:22:41.624 [AMR-04] CONFLICT_DETECTED peer=AMR-02 type=INTERSECTION node=(22, 10) safe_wait=(22, 11) DECISION=YIELD (Lower precedence at intersection (59.4 vs 59.6) -> Safe wait at (22, 11) for AMR-02)
05:22:41.724 [AMR-04] CONFLICT_DETECTED peer=AMR-02 type=INTERSECTION node=(22, 10) safe_wait=(22, 11) DECISION=YIELD (Lower precedence at intersection (59.6 vs 59.6) -> Safe wait at (22, 11) for AMR-02)
05:22:41.824 [AMR-04] CONFLICT_DETECTED peer=AMR-02 type=INTERSECTION node=(22, 10) safe_wait=(22, 11) DECISION=PROCEED (Higher precedence (59.8 vs 59.5) -> Proceed through (22, 10))
05:22:41.824 [AMR-04] STATE_TRANSITION YIELDING -> MOVING (intent=MOVE)
05:22:41.924 [AMR-04] STATE_TRANSITION MOVING -> EMERGENCY_STOP (intent=STOP)
05:22:41.924 [AMR-04] SAFETY_STOP min_obstacle_distance=1.01m <= 1.2m
05:22:42.025 [AMR-04] CONFLICT_DETECTED peer=AMR-02 type=INTERSECTION node=(22, 10) safe_wait=(22, 11) DECISION=YIELD (Lower precedence at intersection (59.7 vs 59.7) -> Safe wait at (22, 11) for AMR-02)
05:22:42.025 [AMR-04] STATE_TRANSITION EMERGENCY_STOP -> YIELDING (intent=YIELD)
05:22:42.127 [AMR-04] CONFLICT_DETECTED peer=AMR-02 type=INTERSECTION node=(22, 10) safe_wait=(22, 11) DECISION=YIELD (Lower precedence at intersection (59.9 vs 59.9) -> Safe wait at (22, 11) for AMR-02)
05:22:42.227 [AMR-04] CONFLICT_DETECTED peer=AMR-02 type=INTERSECTION node=(22, 10) safe_wait=(22, 11) DECISION=PROCEED (Higher precedence (60.1 vs 59.7) -> Proceed through (22, 10))
05:22:42.227 [AMR-04] STATE_TRANSITION YIELDING -> MOVING (intent=MOVE)
05:22:42.327 [AMR-04] STATE_TRANSITION MOVING -> EMERGENCY_STOP (intent=STOP)
05:22:42.327 [AMR-04] SAFETY_STOP min_obstacle_distance=1.04m <= 1.2m
05:22:42.427 [AMR-04] CONFLICT_DETECTED peer=AMR-02 type=INTERSECTION node=(22, 10) safe_wait=(22, 11) DECISION=PROCEED (Higher precedence (60.0 vs 59.9) -> Proceed through (22, 10))
05:22:42.427 [AMR-04] STATE_TRANSITION EMERGENCY_STOP -> MOVING (intent=MOVE)
05:22:42.528 [AMR-04] STATE_TRANSITION MOVING -> EMERGENCY_STOP (intent=STOP)
05:22:42.530 [AMR-04] SAFETY_STOP min_obstacle_distance=1.00m <= 1.2m
05:22:42.629 [AMR-04] CONFLICT_DETECTED peer=AMR-02 type=INTERSECTION node=(22, 10) safe_wait=(22, 11) DECISION=YIELD (Lower precedence at intersection (59.6 vs 59.8) -> Safe wait at (22, 11) for AMR-02)
05:22:42.629 [AMR-04] STATE_TRANSITION EMERGENCY_STOP -> YIELDING (intent=YIELD)
05:22:42.729 [AMR-04] CONFLICT_DETECTED peer=AMR-02 type=INTERSECTION node=(22, 10) safe_wait=(22, 11) DECISION=YIELD (Lower precedence at intersection (59.8 vs 59.8) -> Safe wait at (22, 11) for AMR-02)
05:22:42.829 [AMR-04] CONFLICT_DETECTED peer=AMR-02 type=INTERSECTION node=(22, 10) safe_wait=(22, 11) DECISION=PROCEED (Higher precedence (60.0 vs 59.7) -> Proceed through (22, 10))
05:22:42.829 [AMR-04] STATE_TRANSITION YIELDING -> MOVING (intent=MOVE)
05:22:42.929 [AMR-04] STATE_TRANSITION MOVING -> EMERGENCY_STOP (intent=STOP)
05:22:42.930 [AMR-04] SAFETY_STOP min_obstacle_distance=1.01m <= 1.2m
05:22:43.030 [AMR-04] CONFLICT_DETECTED peer=AMR-02 type=INTERSECTION node=(22, 10) safe_wait=(22, 11) DECISION=PROCEED (Higher precedence (59.9 vs 59.9) -> Proceed through (22, 10))
05:22:43.030 [AMR-04] STATE_TRANSITION EMERGENCY_STOP -> MOVING (intent=MOVE)
05:22:43.130 [AMR-04] STATE_TRANSITION MOVING -> EMERGENCY_STOP (intent=STOP)
05:22:43.131 [AMR-04] SAFETY_STOP min_obstacle_distance=1.04m <= 1.2m
05:22:43.231 [AMR-04] CONFLICT_DETECTED peer=AMR-02 type=INTERSECTION node=(22, 10) safe_wait=(22, 11) DECISION=YIELD (Lower precedence at intersection (59.8 vs 59.9) -> Safe wait at (22, 11) for AMR-02)
05:22:43.232 [AMR-04] STATE_TRANSITION EMERGENCY_STOP -> YIELDING (intent=YIELD)
05:22:43.332 [AMR-04] CONFLICT_DETECTED peer=AMR-02 type=INTERSECTION node=(22, 10) safe_wait=(22, 11) DECISION=PROCEED (Higher precedence (60.0 vs 59.9) -> Proceed through (22, 10))
05:22:43.332 [AMR-04] STATE_TRANSITION YIELDING -> MOVING (intent=MOVE)
05:22:43.433 [AMR-04] STATE_TRANSITION MOVING -> EMERGENCY_STOP (intent=STOP)
05:22:43.433 [AMR-04] SAFETY_STOP min_obstacle_distance=1.10m <= 1.2m
05:22:43.535 [AMR-04] CONFLICT_DETECTED peer=AMR-02 type=INTERSECTION node=(22, 10) safe_wait=(22, 11) DECISION=YIELD (Lower precedence at intersection (59.6 vs 59.8) -> Safe wait at (22, 11) for AMR-02)
05:22:43.535 [AMR-04] STATE_TRANSITION EMERGENCY_STOP -> YIELDING (intent=YIELD)
05:22:43.636 [AMR-04] CONFLICT_DETECTED peer=AMR-02 type=INTERSECTION node=(22, 10) safe_wait=(22, 11) DECISION=YIELD (Lower precedence at intersection (59.8 vs 59.8) -> Safe wait at (22, 11) for AMR-02)
05:22:43.736 [AMR-04] CONFLICT_DETECTED peer=AMR-02 type=INTERSECTION node=(22, 10) safe_wait=(22, 11) DECISION=YIELD (Lower precedence at intersection (60.0 vs 60.0) -> Safe wait at (22, 11) for AMR-02)
05:22:43.837 [AMR-04] CONFLICT_DETECTED peer=AMR-02 type=INTERSECTION node=(22, 10) safe_wait=(22, 11) DECISION=PROCEED (Higher precedence (60.2 vs 59.9) -> Proceed through (22, 10))
05:22:43.837 [AMR-04] STATE_TRANSITION YIELDING -> MOVING (intent=MOVE)
05:22:43.937 [AMR-04] STATE_TRANSITION MOVING -> EMERGENCY_STOP (intent=STOP)
05:22:43.937 [AMR-04] SAFETY_STOP min_obstacle_distance=1.01m <= 1.2m
05:22:44.039 [AMR-04] CONFLICT_DETECTED peer=AMR-02 type=INTERSECTION node=(22, 10) safe_wait=(22, 11) DECISION=PROCEED (Higher precedence (60.1 vs 60.1) -> Proceed through (22, 10))
05:22:44.042 [AMR-04] STATE_TRANSITION EMERGENCY_STOP -> MOVING (intent=MOVE)
05:22:44.138 [AMR-04] STATE_TRANSITION MOVING -> EMERGENCY_STOP (intent=STOP)
05:22:44.138 [AMR-04] SAFETY_STOP min_obstacle_distance=1.04m <= 1.2m
05:22:44.238 [AMR-04] CONFLICT_DETECTED peer=AMR-02 type=INTERSECTION node=(22, 10) safe_wait=(22, 11) DECISION=YIELD (Lower precedence at intersection (60.0 vs 60.1) -> Safe wait at (22, 11) for AMR-02)
05:22:44.238 [AMR-04] STATE_TRANSITION EMERGENCY_STOP -> YIELDING (intent=YIELD)
05:22:44.338 [AMR-04] CONFLICT_DETECTED peer=AMR-02 type=INTERSECTION node=(22, 10) safe_wait=(22, 11) DECISION=PROCEED (Higher precedence (60.2 vs 60.1) -> Proceed through (22, 10))
05:22:44.339 [AMR-04] STATE_TRANSITION YIELDING -> MOVING (intent=MOVE)
05:22:44.439 [AMR-04] STATE_TRANSITION MOVING -> EMERGENCY_STOP (intent=STOP)
05:22:44.439 [AMR-04] SAFETY_STOP min_obstacle_distance=1.10m <= 1.2m
05:22:44.540 [AMR-04] CONFLICT_DETECTED peer=AMR-02 type=INTERSECTION node=(22, 10) safe_wait=(22, 11) DECISION=YIELD (Lower precedence at intersection (59.8 vs 60.0) -> Safe wait at (22, 11) for AMR-02)
05:22:44.540 [AMR-04] STATE_TRANSITION EMERGENCY_STOP -> YIELDING (intent=YIELD)
05:22:44.641 [AMR-04] CONFLICT_DETECTED peer=AMR-02 type=INTERSECTION node=(22, 10) safe_wait=(22, 11) DECISION=PROCEED (Higher precedence (60.0 vs 60.0) -> Proceed through (22, 10))
05:22:44.641 [AMR-04] STATE_TRANSITION YIELDING -> MOVING (intent=MOVE)
05:22:44.741 [AMR-04] STATE_TRANSITION MOVING -> EMERGENCY_STOP (intent=STOP)
05:22:44.741 [AMR-04] SAFETY_STOP min_obstacle_distance=1.01m <= 1.2m
05:22:44.842 [AMR-04] CONFLICT_DETECTED peer=AMR-02 type=INTERSECTION node=(22, 10) safe_wait=(22, 11) DECISION=PROCEED (Higher precedence (59.9 vs 59.9) -> Proceed through (22, 10))
05:22:44.842 [AMR-04] STATE_TRANSITION EMERGENCY_STOP -> MOVING (intent=MOVE)
05:22:44.942 [AMR-04] STATE_TRANSITION MOVING -> EMERGENCY_STOP (intent=STOP)
05:22:44.942 [AMR-04] SAFETY_STOP min_obstacle_distance=1.04m <= 1.2m
05:22:45.043 [AMR-04] CONFLICT_DETECTED peer=AMR-02 type=INTERSECTION node=(22, 10) safe_wait=(22, 11) DECISION=PROCEED (Higher precedence (59.8 vs 59.7) -> Proceed through (22, 10))
05:22:45.043 [AMR-04] STATE_TRANSITION EMERGENCY_STOP -> MOVING (intent=MOVE)
05:22:45.143 [AMR-04] STATE_TRANSITION MOVING -> EMERGENCY_STOP (intent=STOP)
05:22:45.143 [AMR-04] SAFETY_STOP min_obstacle_distance=1.10m <= 1.2m
05:22:45.244 [AMR-04] CONFLICT_DETECTED peer=AMR-02 type=INTERSECTION node=(22, 10) safe_wait=(22, 11) DECISION=YIELD (Lower precedence at intersection (59.6 vs 59.8) -> Safe wait at (22, 11) for AMR-02)
05:22:45.244 [AMR-04] STATE_TRANSITION EMERGENCY_STOP -> YIELDING (intent=YIELD)
05:22:45.345 [AMR-04] CONFLICT_DETECTED peer=AMR-02 type=INTERSECTION node=(22, 10) safe_wait=(22, 11) DECISION=PROCEED (Higher precedence (59.8 vs 59.8) -> Proceed through (22, 10))
05:22:45.345 [AMR-04] STATE_TRANSITION YIELDING -> MOVING (intent=MOVE)
05:22:45.446 [AMR-04] STATE_TRANSITION MOVING -> EMERGENCY_STOP (intent=STOP)
05:22:45.446 [AMR-04] SAFETY_STOP min_obstacle_distance=1.08m <= 1.2m
05:22:45.546 [AMR-04] CONFLICT_DETECTED peer=AMR-02 type=INTERSECTION node=(22, 10) safe_wait=(22, 11) DECISION=YIELD (Lower precedence at intersection (59.4 vs 59.6) -> Safe wait at (22, 11) for AMR-02)
05:22:45.546 [AMR-04] STATE_TRANSITION EMERGENCY_STOP -> YIELDING (intent=YIELD)
05:22:45.647 [AMR-04] CONFLICT_DETECTED peer=AMR-02 type=INTERSECTION node=(22, 10) safe_wait=(22, 11) DECISION=YIELD (Lower precedence at intersection (59.6 vs 59.6) -> Safe wait at (22, 11) for AMR-02)
05:22:45.748 [AMR-04] CONFLICT_DETECTED peer=AMR-02 type=INTERSECTION node=(22, 10) safe_wait=(22, 11) DECISION=PROCEED (Higher precedence (59.8 vs 59.5) -> Proceed through (22, 10))
05:22:45.748 [AMR-04] STATE_TRANSITION YIELDING -> MOVING (intent=MOVE)
05:22:45.848 [AMR-04] STATE_TRANSITION MOVING -> EMERGENCY_STOP (intent=STOP)
05:22:45.848 [AMR-04] SAFETY_STOP min_obstacle_distance=1.01m <= 1.2m
05:22:45.949 [AMR-04] CONFLICT_DETECTED peer=AMR-02 type=INTERSECTION node=(22, 10) safe_wait=(22, 11) DECISION=PROCEED (Higher precedence (59.7 vs 59.7) -> Proceed through (22, 10))
05:22:45.949 [AMR-04] STATE_TRANSITION EMERGENCY_STOP -> MOVING (intent=MOVE)
05:22:46.050 [AMR-04] STATE_TRANSITION MOVING -> EMERGENCY_STOP (intent=STOP)
05:22:46.050 [AMR-04] SAFETY_STOP min_obstacle_distance=1.04m <= 1.2m
05:22:46.152 [AMR-04] CONFLICT_DETECTED peer=AMR-02 type=INTERSECTION node=(22, 10) safe_wait=(22, 11) DECISION=YIELD (Lower precedence at intersection (59.6 vs 59.7) -> Safe wait at (22, 11) for AMR-02)
05:22:46.152 [AMR-04] STATE_TRANSITION EMERGENCY_STOP -> YIELDING (intent=YIELD)
05:22:46.253 [AMR-04] CONFLICT_DETECTED peer=AMR-02 type=INTERSECTION node=(22, 10) safe_wait=(22, 11) DECISION=PROCEED (Higher precedence (59.8 vs 59.7) -> Proceed through (22, 10))
05:22:46.253 [AMR-04] STATE_TRANSITION YIELDING -> MOVING (intent=MOVE)
05:22:46.352 [AMR-04] STATE_TRANSITION MOVING -> EMERGENCY_STOP (intent=STOP)
05:22:46.353 [AMR-04] SAFETY_STOP min_obstacle_distance=1.10m <= 1.2m
05:22:46.453 [AMR-04] CONFLICT_DETECTED peer=AMR-02 type=INTERSECTION node=(22, 10) safe_wait=(22, 11) DECISION=PROCEED (Higher precedence (59.6 vs 59.6) -> Proceed through (22, 10))
05:22:46.453 [AMR-04] STATE_TRANSITION EMERGENCY_STOP -> MOVING (intent=MOVE)
05:22:46.554 [AMR-04] STATE_TRANSITION MOVING -> EMERGENCY_STOP (intent=STOP)
05:22:46.554 [AMR-04] SAFETY_STOP min_obstacle_distance=1.00m <= 1.2m
05:22:46.655 [AMR-04] CONFLICT_DETECTED peer=AMR-02 type=INTERSECTION node=(22, 10) safe_wait=(22, 11) DECISION=PROCEED (Higher precedence (59.7 vs 59.4) -> Proceed through (22, 10))
05:22:46.655 [AMR-04] STATE_TRANSITION EMERGENCY_STOP -> MOVING (intent=MOVE)
05:22:46.756 [AMR-04] STATE_TRANSITION MOVING -> EMERGENCY_STOP (intent=STOP)
05:22:46.756 [AMR-04] SAFETY_STOP min_obstacle_distance=1.01m <= 1.2m
05:22:46.856 [AMR-04] CONFLICT_DETECTED peer=AMR-02 type=INTERSECTION node=(22, 10) safe_wait=(22, 11) DECISION=YIELD (Lower precedence at intersection (59.6 vs 59.6) -> Safe wait at (22, 11) for AMR-02)
05:22:46.857 [AMR-04] STATE_TRANSITION EMERGENCY_STOP -> YIELDING (intent=YIELD)
05:22:46.957 [AMR-04] CONFLICT_DETECTED peer=AMR-02 type=INTERSECTION node=(22, 10) safe_wait=(22, 11) DECISION=PROCEED (Higher precedence (59.8 vs 59.5) -> Proceed through (22, 10))
05:22:46.957 [AMR-04] STATE_TRANSITION YIELDING -> MOVING (intent=MOVE)
05:22:47.058 [AMR-04] STATE_TRANSITION MOVING -> EMERGENCY_STOP (intent=STOP)
05:22:47.058 [AMR-04] SAFETY_STOP min_obstacle_distance=1.04m <= 1.2m
05:22:47.159 [AMR-04] CONFLICT_DETECTED peer=AMR-02 type=INTERSECTION node=(22, 10) safe_wait=(22, 11) DECISION=YIELD (Lower precedence at intersection (59.6 vs 59.7) -> Safe wait at (22, 11) for AMR-02)
05:22:47.159 [AMR-04] STATE_TRANSITION EMERGENCY_STOP -> YIELDING (intent=YIELD)
05:22:47.259 [AMR-04] CONFLICT_DETECTED peer=AMR-02 type=INTERSECTION node=(22, 10) safe_wait=(22, 11) DECISION=PROCEED (Higher precedence (59.9 vs 59.5) -> Proceed through (22, 10))
05:22:47.259 [AMR-04] STATE_TRANSITION YIELDING -> MOVING (intent=MOVE)
05:22:47.359 [AMR-04] STATE_TRANSITION MOVING -> EMERGENCY_STOP (intent=STOP)
05:22:47.359 [AMR-04] SAFETY_STOP min_obstacle_distance=1.10m <= 1.2m
05:22:47.460 [AMR-04] CONFLICT_DETECTED peer=AMR-02 type=INTERSECTION node=(22, 10) safe_wait=(22, 11) DECISION=PROCEED (Higher precedence (59.7 vs 59.7) -> Proceed through (22, 10))
05:22:47.460 [AMR-04] STATE_TRANSITION EMERGENCY_STOP -> MOVING (intent=MOVE)
05:22:47.560 [AMR-04] STATE_TRANSITION MOVING -> EMERGENCY_STOP (intent=STOP)
05:22:47.561 [AMR-04] SAFETY_STOP min_obstacle_distance=1.00m <= 1.2m
05:22:47.662 [AMR-04] CONFLICT_DETECTED peer=AMR-02 type=INTERSECTION node=(22, 10) safe_wait=(22, 11) DECISION=YIELD (Lower precedence at intersection (59.3 vs 59.8) -> Safe wait at (22, 11) for AMR-02)
05:22:47.662 [AMR-04] STATE_TRANSITION EMERGENCY_STOP -> YIELDING (intent=YIELD)
05:22:47.762 [AMR-04] CONFLICT_DETECTED peer=AMR-02 type=INTERSECTION node=(22, 10) safe_wait=(22, 11) DECISION=YIELD (Lower precedence at intersection (59.5 vs 59.6) -> Safe wait at (22, 11) for AMR-02)
05:22:47.863 [AMR-04] CONFLICT_DETECTED peer=AMR-02 type=INTERSECTION node=(22, 10) safe_wait=(22, 11) DECISION=PROCEED (Higher precedence (59.7 vs 59.6) -> Proceed through (22, 10))
05:22:47.863 [AMR-04] STATE_TRANSITION YIELDING -> MOVING (intent=MOVE)
05:22:47.963 [AMR-04] STATE_TRANSITION MOVING -> EMERGENCY_STOP (intent=STOP)
05:22:47.964 [AMR-04] SAFETY_STOP min_obstacle_distance=1.01m <= 1.2m
05:22:48.064 [AMR-04] CONFLICT_DETECTED peer=AMR-02 type=INTERSECTION node=(22, 10) safe_wait=(22, 11) DECISION=PROCEED (Higher precedence (59.6 vs 59.5) -> Proceed through (22, 10))
05:22:48.064 [AMR-04] STATE_TRANSITION EMERGENCY_STOP -> MOVING (intent=MOVE)
05:22:48.165 [AMR-04] STATE_TRANSITION MOVING -> EMERGENCY_STOP (intent=STOP)
05:22:48.165 [AMR-04] SAFETY_STOP min_obstacle_distance=1.04m <= 1.2m
05:22:48.266 [AMR-04] CONFLICT_DETECTED peer=AMR-02 type=INTERSECTION node=(22, 10) safe_wait=(22, 11) DECISION=YIELD (Lower precedence at intersection (59.5 vs 59.5) -> Safe wait at (22, 11) for AMR-02)
05:22:48.266 [AMR-04] STATE_TRANSITION EMERGENCY_STOP -> YIELDING (intent=YIELD)
05:22:48.366 [AMR-04] CONFLICT_DETECTED peer=AMR-02 type=INTERSECTION node=(22, 10) safe_wait=(22, 11) DECISION=PROCEED (Higher precedence (59.6 vs 59.5) -> Proceed through (22, 10))
05:22:48.366 [AMR-04] STATE_TRANSITION YIELDING -> MOVING (intent=MOVE)
05:22:48.467 [AMR-04] STATE_TRANSITION MOVING -> EMERGENCY_STOP (intent=STOP)
05:22:48.467 [AMR-04] SAFETY_STOP min_obstacle_distance=1.10m <= 1.2m
05:22:48.568 [AMR-04] CONFLICT_DETECTED peer=AMR-02 type=INTERSECTION node=(22, 10) safe_wait=(22, 11) DECISION=YIELD (Lower precedence at intersection (59.3 vs 59.4) -> Safe wait at (22, 11) for AMR-02)
05:22:48.568 [AMR-04] STATE_TRANSITION EMERGENCY_STOP -> YIELDING (intent=YIELD)
05:22:48.669 [AMR-04] CONFLICT_DETECTED peer=AMR-02 type=INTERSECTION node=(22, 10) safe_wait=(22, 11) DECISION=PROCEED (Higher precedence (59.5 vs 59.4) -> Proceed through (22, 10))
05:22:48.669 [AMR-04] STATE_TRANSITION YIELDING -> MOVING (intent=MOVE)
05:22:48.770 [AMR-04] STATE_TRANSITION MOVING -> EMERGENCY_STOP (intent=STOP)
05:22:48.770 [AMR-04] SAFETY_STOP min_obstacle_distance=1.01m <= 1.2m
05:22:48.870 [AMR-04] CONFLICT_DETECTED peer=AMR-02 type=INTERSECTION node=(22, 10) safe_wait=(22, 11) DECISION=PROCEED (Higher precedence (59.4 vs 59.2) -> Proceed through (22, 10))
05:22:48.870 [AMR-04] STATE_TRANSITION EMERGENCY_STOP -> MOVING (intent=MOVE)
05:22:48.971 [AMR-04] STATE_TRANSITION MOVING -> EMERGENCY_STOP (intent=STOP)
05:22:48.971 [AMR-04] SAFETY_STOP min_obstacle_distance=1.04m <= 1.2m
05:22:49.071 [AMR-04] CONFLICT_DETECTED peer=AMR-02 type=INTERSECTION node=(22, 10) safe_wait=(22, 11) DECISION=YIELD (Lower precedence at intersection (59.2 vs 59.3) -> Safe wait at (22, 11) for AMR-02)
05:22:49.071 [AMR-04] STATE_TRANSITION EMERGENCY_STOP -> YIELDING (intent=YIELD)
05:22:49.172 [AMR-04] CONFLICT_DETECTED peer=AMR-02 type=INTERSECTION node=(22, 10) safe_wait=(22, 11) DECISION=PROCEED (Higher precedence (59.5 vs 59.3) -> Proceed through (22, 10))
05:22:49.172 [AMR-04] STATE_TRANSITION YIELDING -> MOVING (intent=MOVE)
05:22:49.273 [AMR-04] STATE_TRANSITION MOVING -> EMERGENCY_STOP (intent=STOP)
05:22:49.273 [AMR-04] SAFETY_STOP min_obstacle_distance=1.10m <= 1.2m
05:22:49.373 [AMR-04] CONFLICT_DETECTED peer=AMR-02 type=INTERSECTION node=(22, 10) safe_wait=(22, 11) DECISION=PROCEED (Higher precedence (59.3 vs 59.1) -> Proceed through (22, 10))
05:22:49.373 [AMR-04] STATE_TRANSITION EMERGENCY_STOP -> MOVING (intent=MOVE)
05:22:49.473 [AMR-04] STATE_TRANSITION MOVING -> EMERGENCY_STOP (intent=STOP)
05:22:49.473 [AMR-04] SAFETY_STOP min_obstacle_distance=1.17m <= 1.2m
05:22:49.574 [AMR-04] CONFLICT_DETECTED peer=AMR-02 type=INTERSECTION node=(22, 10) safe_wait=(22, 11) DECISION=YIELD (Lower precedence at intersection (58.9 vs 59.2) -> Safe wait at (22, 11) for AMR-02)
05:22:49.574 [AMR-04] STATE_TRANSITION EMERGENCY_STOP -> YIELDING (intent=YIELD)
05:22:49.675 [AMR-04] CONFLICT_DETECTED peer=AMR-02 type=INTERSECTION node=(22, 10) safe_wait=(22, 11) DECISION=PROCEED (Higher precedence (59.1 vs 59.0) -> Proceed through (22, 10))
05:22:49.675 [AMR-04] STATE_TRANSITION YIELDING -> MOVING (intent=MOVE)
05:22:49.775 [AMR-04] STATE_TRANSITION MOVING -> EMERGENCY_STOP (intent=STOP)
05:22:49.775 [AMR-04] SAFETY_STOP min_obstacle_distance=1.01m <= 1.2m
05:22:49.876 [AMR-04] CONFLICT_DETECTED peer=AMR-02 type=INTERSECTION node=(22, 10) safe_wait=(22, 11) DECISION=YIELD (Lower precedence at intersection (59.0 vs 59.0) -> Safe wait at (22, 11) for AMR-02)
05:22:49.876 [AMR-04] STATE_TRANSITION EMERGENCY_STOP -> YIELDING (intent=YIELD)
05:22:49.976 [AMR-04] CONFLICT_DETECTED peer=AMR-02 type=INTERSECTION node=(22, 10) safe_wait=(22, 11) DECISION=PROCEED (Higher precedence (59.2 vs 59.0) -> Proceed through (22, 10))
05:22:49.976 [AMR-04] STATE_TRANSITION YIELDING -> MOVING (intent=MOVE)
05:22:50.076 [AMR-04] STATE_TRANSITION MOVING -> EMERGENCY_STOP (intent=STOP)
05:22:50.076 [AMR-04] SAFETY_STOP min_obstacle_distance=1.04m <= 1.2m
05:22:50.177 [AMR-04] CONFLICT_DETECTED peer=AMR-02 type=INTERSECTION node=(22, 10) safe_wait=(22, 11) DECISION=PROCEED (Higher precedence (59.0 vs 58.9) -> Proceed through (22, 10))
05:22:50.177 [AMR-04] STATE_TRANSITION EMERGENCY_STOP -> MOVING (intent=MOVE)
05:22:50.277 [AMR-04] STATE_TRANSITION MOVING -> EMERGENCY_STOP (intent=STOP)
05:22:50.278 [AMR-04] SAFETY_STOP min_obstacle_distance=1.10m <= 1.2m
05:22:50.378 [AMR-04] CONFLICT_DETECTED peer=AMR-02 type=INTERSECTION node=(22, 10) safe_wait=(22, 11) DECISION=YIELD (Lower precedence at intersection (58.9 vs 59.0) -> Safe wait at (22, 11) for AMR-02)
05:22:50.378 [AMR-04] STATE_TRANSITION EMERGENCY_STOP -> YIELDING (intent=YIELD)
05:22:50.478 [AMR-04] CONFLICT_DETECTED peer=AMR-02 type=INTERSECTION node=(22, 10) safe_wait=(22, 11) DECISION=YIELD (Lower precedence at intersection (58.9 vs 59.0) -> Safe wait at (22, 11) for AMR-02)
05:22:50.579 [AMR-04] CONFLICT_DETECTED peer=AMR-02 type=INTERSECTION node=(22, 10) safe_wait=(22, 11) DECISION=PROCEED (Higher precedence (59.1 vs 58.6) -> Proceed through (22, 10))
05:22:50.579 [AMR-04] STATE_TRANSITION YIELDING -> MOVING (intent=MOVE)
05:22:50.680 [AMR-04] STATE_TRANSITION MOVING -> EMERGENCY_STOP (intent=STOP)
05:22:50.680 [AMR-04] SAFETY_STOP min_obstacle_distance=1.01m <= 1.2m
05:22:50.780 [AMR-04] CONFLICT_DETECTED peer=AMR-02 type=INTERSECTION node=(22, 10) safe_wait=(22, 11) DECISION=PROCEED (Higher precedence (59.0 vs 58.8) -> Proceed through (22, 10))
05:22:50.780 [AMR-04] STATE_TRANSITION EMERGENCY_STOP -> MOVING (intent=MOVE)
05:22:50.880 [AMR-04] STATE_TRANSITION MOVING -> EMERGENCY_STOP (intent=STOP)
05:22:50.881 [AMR-04] SAFETY_STOP min_obstacle_distance=1.04m <= 1.2m
05:22:50.981 [AMR-04] CONFLICT_DETECTED peer=AMR-02 type=INTERSECTION node=(22, 10) safe_wait=(22, 11) DECISION=PROCEED (Higher precedence (58.9 vs 58.9) -> Proceed through (22, 10))
05:22:50.982 [AMR-04] STATE_TRANSITION EMERGENCY_STOP -> MOVING (intent=MOVE)
05:22:51.086 [AMR-04] STATE_TRANSITION MOVING -> EMERGENCY_STOP (intent=STOP)
05:22:51.086 [AMR-04] SAFETY_STOP min_obstacle_distance=1.10m <= 1.2m
05:22:51.186 [AMR-04] CONFLICT_DETECTED peer=AMR-02 type=INTERSECTION node=(22, 10) safe_wait=(22, 11) DECISION=PROCEED (Higher precedence (58.7 vs 58.7) -> Proceed through (22, 10))
05:22:51.186 [AMR-04] STATE_TRANSITION EMERGENCY_STOP -> MOVING (intent=MOVE)
05:22:51.286 [AMR-04] STATE_TRANSITION MOVING -> EMERGENCY_STOP (intent=STOP)
05:22:51.286 [AMR-04] SAFETY_STOP min_obstacle_distance=1.17m <= 1.2m
05:22:51.386 [AMR-04] CONFLICT_DETECTED peer=AMR-02 type=INTERSECTION node=(22, 10) safe_wait=(22, 11) DECISION=YIELD (Lower precedence at intersection (58.6 vs 58.7) -> Safe wait at (22, 11) for AMR-02)
05:22:51.386 [AMR-04] STATE_TRANSITION EMERGENCY_STOP -> YIELDING (intent=YIELD)
05:22:51.487 [AMR-04] CONFLICT_DETECTED peer=AMR-02 type=INTERSECTION node=(22, 10) safe_wait=(22, 11) DECISION=YIELD (Lower precedence at intersection (58.5 vs 58.6) -> Safe wait at (22, 11) for AMR-02)
05:22:51.587 [AMR-04] CONFLICT_DETECTED peer=AMR-02 type=INTERSECTION node=(22, 10) safe_wait=(22, 11) DECISION=YIELD (Lower precedence at intersection (58.7 vs 58.8) -> Safe wait at (22, 11) for AMR-02)
05:22:51.689 [AMR-04] CONFLICT_DETECTED peer=AMR-02 type=INTERSECTION node=(22, 10) safe_wait=(22, 11) DECISION=PROCEED (Higher precedence (58.9 vs 58.8) -> Proceed through (22, 10))
05:22:51.689 [AMR-04] STATE_TRANSITION YIELDING -> MOVING (intent=MOVE)
05:22:51.789 [AMR-04] STATE_TRANSITION MOVING -> EMERGENCY_STOP (intent=STOP)
05:22:51.789 [AMR-04] SAFETY_STOP min_obstacle_distance=1.01m <= 1.2m
05:22:51.890 [AMR-04] CONFLICT_DETECTED peer=AMR-02 type=INTERSECTION node=(22, 10) safe_wait=(22, 11) DECISION=PROCEED (Higher precedence (58.8 vs 58.6) -> Proceed through (22, 10))
05:22:51.890 [AMR-04] STATE_TRANSITION EMERGENCY_STOP -> MOVING (intent=MOVE)
05:22:51.990 [AMR-04] STATE_TRANSITION MOVING -> EMERGENCY_STOP (intent=STOP)
05:22:51.990 [AMR-04] SAFETY_STOP min_obstacle_distance=1.04m <= 1.2m
05:22:52.091 [AMR-04] CONFLICT_DETECTED peer=AMR-02 type=INTERSECTION node=(22, 10) safe_wait=(22, 11) DECISION=YIELD (Lower precedence at intersection (58.6 vs 58.7) -> Safe wait at (22, 11) for AMR-02)
05:22:52.091 [AMR-04] STATE_TRANSITION EMERGENCY_STOP -> YIELDING (intent=YIELD)
05:22:52.192 [AMR-04] CONFLICT_DETECTED peer=AMR-02 type=INTERSECTION node=(22, 10) safe_wait=(22, 11) DECISION=PROCEED (Higher precedence (58.9 vs 58.7) -> Proceed through (22, 10))
05:22:52.192 [AMR-04] STATE_TRANSITION YIELDING -> MOVING (intent=MOVE)
05:22:52.293 [AMR-04] STATE_TRANSITION MOVING -> EMERGENCY_STOP (intent=STOP)
05:22:52.293 [AMR-04] SAFETY_STOP min_obstacle_distance=1.10m <= 1.2m
05:22:52.393 [AMR-04] CONFLICT_DETECTED peer=AMR-02 type=INTERSECTION node=(22, 10) safe_wait=(22, 11) DECISION=YIELD (Lower precedence at intersection (58.7 vs 58.7) -> Safe wait at (22, 11) for AMR-02)
05:22:52.393 [AMR-04] STATE_TRANSITION EMERGENCY_STOP -> YIELDING (intent=YIELD)
05:22:52.494 [AMR-04] CONFLICT_DETECTED peer=AMR-02 type=INTERSECTION node=(22, 10) safe_wait=(22, 11) DECISION=YIELD (Lower precedence at intersection (58.7 vs 58.9) -> Safe wait at (22, 11) for AMR-02)
05:22:52.594 [AMR-04] CONFLICT_DETECTED peer=AMR-02 type=INTERSECTION node=(22, 10) safe_wait=(22, 11) DECISION=PROCEED (Higher precedence (58.9 vs 58.6) -> Proceed through (22, 10))
05:22:52.594 [AMR-04] STATE_TRANSITION YIELDING -> MOVING (intent=MOVE)
05:22:52.696 [AMR-04] STATE_TRANSITION MOVING -> EMERGENCY_STOP (intent=STOP)
05:22:52.696 [AMR-04] SAFETY_STOP min_obstacle_distance=1.01m <= 1.2m
05:22:52.796 [AMR-04] CONFLICT_DETECTED peer=AMR-02 type=INTERSECTION node=(22, 10) safe_wait=(22, 11) DECISION=YIELD (Lower precedence at intersection (58.8 vs 58.8) -> Safe wait at (22, 11) for AMR-02)
05:22:52.797 [AMR-04] STATE_TRANSITION EMERGENCY_STOP -> YIELDING (intent=YIELD)
05:22:52.897 [AMR-04] CONFLICT_DETECTED peer=AMR-02 type=INTERSECTION node=(22, 10) safe_wait=(22, 11) DECISION=YIELD (Lower precedence at intersection (59.0 vs 59.0) -> Safe wait at (22, 11) for AMR-02)
05:22:52.998 [AMR-04] CONFLICT_DETECTED peer=AMR-02 type=INTERSECTION node=(22, 10) safe_wait=(22, 11) DECISION=PROCEED (Higher precedence (59.2 vs 58.8) -> Proceed through (22, 10))
05:22:52.998 [AMR-04] STATE_TRANSITION YIELDING -> MOVING (intent=MOVE)
05:22:53.098 [AMR-04] STATE_TRANSITION MOVING -> EMERGENCY_STOP (intent=STOP)
05:22:53.098 [AMR-04] SAFETY_STOP min_obstacle_distance=1.04m <= 1.2m
05:22:53.199 [AMR-04] CONFLICT_DETECTED peer=AMR-02 type=INTERSECTION node=(22, 10) safe_wait=(22, 11) DECISION=PROCEED (Higher precedence (59.0 vs 59.0) -> Proceed through (22, 10))
05:22:53.199 [AMR-04] STATE_TRANSITION EMERGENCY_STOP -> MOVING (intent=MOVE)
05:22:53.300 [AMR-04] STATE_TRANSITION MOVING -> EMERGENCY_STOP (intent=STOP)
05:22:53.300 [AMR-04] SAFETY_STOP min_obstacle_distance=1.10m <= 1.2m
05:22:53.400 [AMR-04] CONFLICT_DETECTED peer=AMR-02 type=INTERSECTION node=(22, 10) safe_wait=(22, 11) DECISION=YIELD (Lower precedence at intersection (58.9 vs 59.1) -> Safe wait at (22, 11) for AMR-02)
05:22:53.401 [AMR-04] STATE_TRANSITION EMERGENCY_STOP -> YIELDING (intent=YIELD)
05:22:53.501 [AMR-04] CONFLICT_DETECTED peer=AMR-02 type=INTERSECTION node=(22, 10) safe_wait=(22, 11) DECISION=YIELD (Lower precedence at intersection (58.9 vs 59.1) -> Safe wait at (22, 11) for AMR-02)
05:22:53.602 [AMR-04] CONFLICT_DETECTED peer=AMR-02 type=INTERSECTION node=(22, 10) safe_wait=(22, 11) DECISION=PROCEED (Higher precedence (59.1 vs 58.8) -> Proceed through (22, 10))
05:22:53.602 [AMR-04] STATE_TRANSITION YIELDING -> MOVING (intent=MOVE)
05:22:53.702 [AMR-04] STATE_TRANSITION MOVING -> EMERGENCY_STOP (intent=STOP)
05:22:53.703 [AMR-04] SAFETY_STOP min_obstacle_distance=1.01m <= 1.2m
05:22:53.803 [AMR-04] CONFLICT_DETECTED peer=AMR-02 type=INTERSECTION node=(22, 10) safe_wait=(22, 11) DECISION=YIELD (Lower precedence at intersection (59.0 vs 59.0) -> Safe wait at (22, 11) for AMR-02)
05:22:53.804 [AMR-04] STATE_TRANSITION EMERGENCY_STOP -> YIELDING (intent=YIELD)
05:22:53.904 [AMR-04] CONFLICT_DETECTED peer=AMR-02 type=INTERSECTION node=(22, 10) safe_wait=(22, 11) DECISION=YIELD (Lower precedence at intersection (59.2 vs 59.2) -> Safe wait at (22, 11) for AMR-02)
05:22:54.005 [AMR-04] CONFLICT_DETECTED peer=AMR-02 type=INTERSECTION node=(22, 10) safe_wait=(22, 11) DECISION=PROCEED (Higher precedence (59.4 vs 59.0) -> Proceed through (22, 10))
05:22:54.005 [AMR-04] STATE_TRANSITION YIELDING -> MOVING (intent=MOVE)
05:22:54.106 [AMR-04] STATE_TRANSITION MOVING -> EMERGENCY_STOP (intent=STOP)
05:22:54.106 [AMR-04] SAFETY_STOP min_obstacle_distance=1.04m <= 1.2m
05:22:54.206 [AMR-04] CONFLICT_DETECTED peer=AMR-02 type=INTERSECTION node=(22, 10) safe_wait=(22, 11) DECISION=PROCEED (Higher precedence (59.2 vs 59.2) -> Proceed through (22, 10))
05:22:54.206 [AMR-04] STATE_TRANSITION EMERGENCY_STOP -> MOVING (intent=MOVE)
05:22:54.307 [AMR-04] STATE_TRANSITION MOVING -> EMERGENCY_STOP (intent=STOP)
05:22:54.307 [AMR-04] SAFETY_STOP min_obstacle_distance=1.10m <= 1.2m
05:22:54.408 [AMR-04] CONFLICT_DETECTED peer=AMR-02 type=INTERSECTION node=(22, 10) safe_wait=(22, 11) DECISION=YIELD (Lower precedence at intersection (59.1 vs 59.3) -> Safe wait at (22, 11) for AMR-02)
05:22:54.408 [AMR-04] STATE_TRANSITION EMERGENCY_STOP -> YIELDING (intent=YIELD)
05:22:54.508 [AMR-04] CONFLICT_DETECTED peer=AMR-02 type=INTERSECTION node=(22, 10) safe_wait=(22, 11) DECISION=YIELD (Lower precedence at intersection (59.1 vs 59.3) -> Safe wait at (22, 11) for AMR-02)
05:22:54.609 [AMR-04] CONFLICT_DETECTED peer=AMR-02 type=INTERSECTION node=(22, 10) safe_wait=(22, 11) DECISION=PROCEED (Higher precedence (59.3 vs 59.0) -> Proceed through (22, 10))
05:22:54.610 [AMR-04] STATE_TRANSITION YIELDING -> MOVING (intent=MOVE)
05:22:54.709 [AMR-04] STATE_TRANSITION MOVING -> EMERGENCY_STOP (intent=STOP)
05:22:54.709 [AMR-04] SAFETY_STOP min_obstacle_distance=1.01m <= 1.2m
05:22:54.810 [AMR-04] CONFLICT_DETECTED peer=AMR-02 type=INTERSECTION node=(22, 10) safe_wait=(22, 11) DECISION=YIELD (Lower precedence at intersection (59.2 vs 59.2) -> Safe wait at (22, 11) for AMR-02)
05:22:54.810 [AMR-04] STATE_TRANSITION EMERGENCY_STOP -> YIELDING (intent=YIELD)
05:22:54.910 [AMR-04] CONFLICT_DETECTED peer=AMR-02 type=INTERSECTION node=(22, 10) safe_wait=(22, 11) DECISION=PROCEED (Higher precedence (59.4 vs 59.0) -> Proceed through (22, 10))
05:22:54.911 [AMR-04] STATE_TRANSITION YIELDING -> MOVING (intent=MOVE)
05:22:55.011 [AMR-04] STATE_TRANSITION MOVING -> EMERGENCY_STOP (intent=STOP)
05:22:55.011 [AMR-04] SAFETY_STOP min_obstacle_distance=1.04m <= 1.2m
05:22:55.112 [AMR-04] CONFLICT_DETECTED peer=AMR-02 type=INTERSECTION node=(22, 10) safe_wait=(22, 11) DECISION=PROCEED (Higher precedence (59.2 vs 59.2) -> Proceed through (22, 10))
05:22:55.112 [AMR-04] STATE_TRANSITION EMERGENCY_STOP -> MOVING (intent=MOVE)
05:22:55.212 [AMR-04] STATE_TRANSITION MOVING -> EMERGENCY_STOP (intent=STOP)
05:22:55.212 [AMR-04] SAFETY_STOP min_obstacle_distance=1.10m <= 1.2m
05:22:55.313 [AMR-04] CONFLICT_DETECTED peer=AMR-02 type=INTERSECTION node=(22, 10) safe_wait=(22, 11) DECISION=PROCEED (Higher precedence (59.1 vs 59.1) -> Proceed through (22, 10))
05:22:55.313 [AMR-04] STATE_TRANSITION EMERGENCY_STOP -> MOVING (intent=MOVE)
05:22:55.414 [AMR-04] STATE_TRANSITION MOVING -> EMERGENCY_STOP (intent=STOP)
05:22:55.414 [AMR-04] SAFETY_STOP min_obstacle_distance=1.17m <= 1.2m
05:22:55.514 [AMR-04] CONFLICT_DETECTED peer=AMR-02 type=INTERSECTION node=(22, 10) safe_wait=(22, 11) DECISION=YIELD (Lower precedence at intersection (58.7 vs 59.1) -> Safe wait at (22, 11) for AMR-02)
05:22:55.514 [AMR-04] STATE_TRANSITION EMERGENCY_STOP -> YIELDING (intent=YIELD)
05:22:55.615 [AMR-04] CONFLICT_DETECTED peer=AMR-02 type=INTERSECTION node=(22, 10) safe_wait=(22, 11) DECISION=YIELD (Lower precedence at intersection (58.9 vs 59.0) -> Safe wait at (22, 11) for AMR-02)
05:22:55.716 [AMR-04] CONFLICT_DETECTED peer=AMR-02 type=INTERSECTION node=(22, 10) safe_wait=(22, 11) DECISION=PROCEED (Higher precedence (59.1 vs 58.8) -> Proceed through (22, 10))
05:22:55.716 [AMR-04] STATE_TRANSITION YIELDING -> MOVING (intent=MOVE)
05:22:55.817 [AMR-04] STATE_TRANSITION MOVING -> EMERGENCY_STOP (intent=STOP)
05:22:55.817 [AMR-04] SAFETY_STOP min_obstacle_distance=1.01m <= 1.2m
05:22:55.917 [AMR-04] CONFLICT_DETECTED peer=AMR-02 type=INTERSECTION node=(22, 10) safe_wait=(22, 11) DECISION=YIELD (Lower precedence at intersection (59.0 vs 59.0) -> Safe wait at (22, 11) for AMR-02)
05:22:55.918 [AMR-04] STATE_TRANSITION EMERGENCY_STOP -> YIELDING (intent=YIELD)
05:22:56.018 [AMR-04] CONFLICT_DETECTED peer=AMR-02 type=INTERSECTION node=(22, 10) safe_wait=(22, 11) DECISION=PROCEED (Higher precedence (59.2 vs 58.9) -> Proceed through (22, 10))
05:22:56.018 [AMR-04] STATE_TRANSITION YIELDING -> MOVING (intent=MOVE)
05:22:56.119 [AMR-04] STATE_TRANSITION MOVING -> EMERGENCY_STOP (intent=STOP)
05:22:56.119 [AMR-04] SAFETY_STOP min_obstacle_distance=1.04m <= 1.2m
05:22:56.219 [AMR-04] CONFLICT_DETECTED peer=AMR-02 type=INTERSECTION node=(22, 10) safe_wait=(22, 11) DECISION=YIELD (Lower precedence at intersection (59.0 vs 59.1) -> Safe wait at (22, 11) for AMR-02)
05:22:56.220 [AMR-04] STATE_TRANSITION EMERGENCY_STOP -> YIELDING (intent=YIELD)
05:22:56.320 [AMR-04] CONFLICT_DETECTED peer=AMR-02 type=INTERSECTION node=(22, 10) safe_wait=(22, 11) DECISION=PROCEED (Higher precedence (59.2 vs 58.9) -> Proceed through (22, 10))
05:22:56.320 [AMR-04] STATE_TRANSITION YIELDING -> MOVING (intent=MOVE)
05:22:56.421 [AMR-04] STATE_TRANSITION MOVING -> EMERGENCY_STOP (intent=STOP)
05:22:56.421 [AMR-04] SAFETY_STOP min_obstacle_distance=1.10m <= 1.2m
05:22:56.522 [AMR-04] CONFLICT_DETECTED peer=AMR-02 type=INTERSECTION node=(22, 10) safe_wait=(22, 11) DECISION=YIELD (Lower precedence at intersection (58.9 vs 59.1) -> Safe wait at (22, 11) for AMR-02)
05:22:56.522 [AMR-04] STATE_TRANSITION EMERGENCY_STOP -> YIELDING (intent=YIELD)
05:22:56.622 [AMR-04] CONFLICT_DETECTED peer=AMR-02 type=INTERSECTION node=(22, 10) safe_wait=(22, 11) DECISION=PROCEED (Higher precedence (59.1 vs 59.1) -> Proceed through (22, 10))
05:22:56.622 [AMR-04] STATE_TRANSITION YIELDING -> MOVING (intent=MOVE)
05:22:56.722 [AMR-04] STATE_TRANSITION MOVING -> EMERGENCY_STOP (intent=STOP)
05:22:56.722 [AMR-04] SAFETY_STOP min_obstacle_distance=1.01m <= 1.2m
05:22:56.823 [AMR-04] CONFLICT_DETECTED peer=AMR-02 type=INTERSECTION node=(22, 10) safe_wait=(22, 11) DECISION=YIELD (Lower precedence at intersection (59.0 vs 59.3) -> Safe wait at (22, 11) for AMR-02)
05:22:56.823 [AMR-04] STATE_TRANSITION EMERGENCY_STOP -> YIELDING (intent=YIELD)
05:22:56.924 [AMR-04] CONFLICT_DETECTED peer=AMR-02 type=INTERSECTION node=(22, 10) safe_wait=(22, 11) DECISION=PROCEED (Higher precedence (59.2 vs 59.1) -> Proceed through (22, 10))
05:22:56.924 [AMR-04] STATE_TRANSITION YIELDING -> MOVING (intent=MOVE)
05:22:57.024 [AMR-04] STATE_TRANSITION MOVING -> EMERGENCY_STOP (intent=STOP)
05:22:57.024 [AMR-04] SAFETY_STOP min_obstacle_distance=1.04m <= 1.2m
05:22:57.124 [AMR-04] CONFLICT_DETECTED peer=AMR-02 type=INTERSECTION node=(22, 10) safe_wait=(22, 11) DECISION=YIELD (Lower precedence at intersection (59.0 vs 59.3) -> Safe wait at (22, 11) for AMR-02)
05:22:57.125 [AMR-04] STATE_TRANSITION EMERGENCY_STOP -> YIELDING (intent=YIELD)
05:22:57.225 [AMR-04] CONFLICT_DETECTED peer=AMR-02 type=INTERSECTION node=(22, 10) safe_wait=(22, 11) DECISION=PROCEED (Higher precedence (59.2 vs 59.1) -> Proceed through (22, 10))
05:22:57.225 [AMR-04] STATE_TRANSITION YIELDING -> MOVING (intent=MOVE)
05:22:57.325 [AMR-04] STATE_TRANSITION MOVING -> EMERGENCY_STOP (intent=STOP)
05:22:57.325 [AMR-04] SAFETY_STOP min_obstacle_distance=1.10m <= 1.2m
05:22:57.426 [AMR-04] CONFLICT_DETECTED peer=AMR-02 type=INTERSECTION node=(22, 10) safe_wait=(22, 11) DECISION=YIELD (Lower precedence at intersection (59.1 vs 59.3) -> Safe wait at (22, 11) for AMR-02)
05:22:57.426 [AMR-04] STATE_TRANSITION EMERGENCY_STOP -> YIELDING (intent=YIELD)
05:22:57.527 [AMR-04] CONFLICT_DETECTED peer=AMR-02 type=INTERSECTION node=(22, 10) safe_wait=(22, 11) DECISION=YIELD (Lower precedence at intersection (59.1 vs 59.2) -> Safe wait at (22, 11) for AMR-02)
05:22:57.627 [AMR-04] CONFLICT_DETECTED peer=AMR-02 type=INTERSECTION node=(22, 10) safe_wait=(22, 11) DECISION=PROCEED (Higher precedence (59.3 vs 59.1) -> Proceed through (22, 10))
05:22:57.627 [AMR-04] STATE_TRANSITION YIELDING -> MOVING (intent=MOVE)
05:22:57.727 [AMR-04] STATE_TRANSITION MOVING -> EMERGENCY_STOP (intent=STOP)
05:22:57.727 [AMR-04] SAFETY_STOP min_obstacle_distance=1.01m <= 1.2m
05:22:57.828 [AMR-04] CONFLICT_DETECTED peer=AMR-02 type=INTERSECTION node=(22, 10) safe_wait=(22, 11) DECISION=YIELD (Lower precedence at intersection (59.2 vs 59.5) -> Safe wait at (22, 11) for AMR-02)
05:22:57.828 [AMR-04] STATE_TRANSITION EMERGENCY_STOP -> YIELDING (intent=YIELD)
05:22:57.929 [AMR-04] CONFLICT_DETECTED peer=AMR-02 type=INTERSECTION node=(22, 10) safe_wait=(22, 11) DECISION=PROCEED (Higher precedence (59.4 vs 59.3) -> Proceed through (22, 10))
05:22:57.929 [AMR-04] STATE_TRANSITION YIELDING -> MOVING (intent=MOVE)
05:22:58.029 [AMR-04] STATE_TRANSITION MOVING -> EMERGENCY_STOP (intent=STOP)
05:22:58.029 [AMR-04] SAFETY_STOP min_obstacle_distance=1.04m <= 1.2m
05:22:58.130 [AMR-04] CONFLICT_DETECTED peer=AMR-02 type=INTERSECTION node=(22, 10) safe_wait=(22, 11) DECISION=YIELD (Lower precedence at intersection (59.2 vs 59.5) -> Safe wait at (22, 11) for AMR-02)
05:22:58.130 [AMR-04] STATE_TRANSITION EMERGENCY_STOP -> YIELDING (intent=YIELD)
05:22:58.231 [AMR-04] CONFLICT_DETECTED peer=AMR-02 type=INTERSECTION node=(22, 10) safe_wait=(22, 11) DECISION=PROCEED (Higher precedence (59.5 vs 59.3) -> Proceed through (22, 10))
05:22:58.231 [AMR-04] STATE_TRANSITION YIELDING -> MOVING (intent=MOVE)
05:22:58.332 [AMR-04] STATE_TRANSITION MOVING -> EMERGENCY_STOP (intent=STOP)
05:22:58.332 [AMR-04] SAFETY_STOP min_obstacle_distance=1.10m <= 1.2m
05:22:58.433 [AMR-04] CONFLICT_DETECTED peer=AMR-02 type=INTERSECTION node=(22, 10) safe_wait=(22, 11) DECISION=YIELD (Lower precedence at intersection (59.3 vs 59.5) -> Safe wait at (22, 11) for AMR-02)
05:22:58.433 [AMR-04] STATE_TRANSITION EMERGENCY_STOP -> YIELDING (intent=YIELD)
05:22:58.534 [AMR-04] CONFLICT_DETECTED peer=AMR-02 type=INTERSECTION node=(22, 10) safe_wait=(22, 11) DECISION=YIELD (Lower precedence at intersection (59.3 vs 59.4) -> Safe wait at (22, 11) for AMR-02)
05:22:58.634 [AMR-04] CONFLICT_DETECTED peer=AMR-02 type=INTERSECTION node=(22, 10) safe_wait=(22, 11) DECISION=PROCEED (Higher precedence (59.5 vs 59.3) -> Proceed through (22, 10))
05:22:58.634 [AMR-04] STATE_TRANSITION YIELDING -> MOVING (intent=MOVE)
05:22:58.734 [AMR-04] STATE_TRANSITION MOVING -> EMERGENCY_STOP (intent=STOP)
05:22:58.734 [AMR-04] SAFETY_STOP min_obstacle_distance=1.01m <= 1.2m
05:22:58.835 [AMR-04] CONFLICT_DETECTED peer=AMR-02 type=INTERSECTION node=(22, 10) safe_wait=(22, 11) DECISION=YIELD (Lower precedence at intersection (59.4 vs 59.7) -> Safe wait at (22, 11) for AMR-02)
05:22:58.835 [AMR-04] STATE_TRANSITION EMERGENCY_STOP -> YIELDING (intent=YIELD)
05:22:58.936 [AMR-04] CONFLICT_DETECTED peer=AMR-02 type=INTERSECTION node=(22, 10) safe_wait=(22, 11) DECISION=PROCEED (Higher precedence (59.6 vs 59.5) -> Proceed through (22, 10))
05:22:58.936 [AMR-04] STATE_TRANSITION YIELDING -> MOVING (intent=MOVE)
05:22:59.036 [AMR-04] STATE_TRANSITION MOVING -> EMERGENCY_STOP (intent=STOP)
05:22:59.036 [AMR-04] SAFETY_STOP min_obstacle_distance=1.04m <= 1.2m
05:22:59.137 [AMR-04] CONFLICT_DETECTED peer=AMR-02 type=INTERSECTION node=(22, 10) safe_wait=(22, 11) DECISION=YIELD (Lower precedence at intersection (59.5 vs 59.7) -> Safe wait at (22, 11) for AMR-02)
05:22:59.137 [AMR-04] STATE_TRANSITION EMERGENCY_STOP -> YIELDING (intent=YIELD)
05:22:59.237 [AMR-04] CONFLICT_DETECTED peer=AMR-02 type=INTERSECTION node=(22, 10) safe_wait=(22, 11) DECISION=PROCEED (Higher precedence (59.6 vs 59.5) -> Proceed through (22, 10))
05:22:59.237 [AMR-04] STATE_TRANSITION YIELDING -> MOVING (intent=MOVE)
05:22:59.338 [AMR-04] STATE_TRANSITION MOVING -> EMERGENCY_STOP (intent=STOP)
05:22:59.338 [AMR-04] SAFETY_STOP min_obstacle_distance=1.10m <= 1.2m
05:22:59.439 [AMR-04] CONFLICT_DETECTED peer=AMR-02 type=INTERSECTION node=(22, 10) safe_wait=(22, 11) DECISION=YIELD (Lower precedence at intersection (59.5 vs 59.8) -> Safe wait at (22, 11) for AMR-02)
05:22:59.439 [AMR-04] STATE_TRANSITION EMERGENCY_STOP -> YIELDING (intent=YIELD)
05:22:59.539 [AMR-04] CONFLICT_DETECTED peer=AMR-02 type=INTERSECTION node=(22, 10) safe_wait=(22, 11) DECISION=YIELD (Lower precedence at intersection (59.5 vs 59.6) -> Safe wait at (22, 11) for AMR-02)
05:22:59.640 [AMR-04] CONFLICT_DETECTED peer=AMR-02 type=INTERSECTION node=(22, 10) safe_wait=(22, 11) DECISION=PROCEED (Higher precedence (59.7 vs 59.5) -> Proceed through (22, 10))
05:22:59.640 [AMR-04] STATE_TRANSITION YIELDING -> MOVING (intent=MOVE)
05:22:59.740 [AMR-04] STATE_TRANSITION MOVING -> EMERGENCY_STOP (intent=STOP)
05:22:59.740 [AMR-04] SAFETY_STOP min_obstacle_distance=1.01m <= 1.2m
05:22:59.841 [AMR-04] CONFLICT_DETECTED peer=AMR-02 type=INTERSECTION node=(22, 10) safe_wait=(22, 11) DECISION=YIELD (Lower precedence at intersection (59.6 vs 59.9) -> Safe wait at (22, 11) for AMR-02)
05:22:59.841 [AMR-04] STATE_TRANSITION EMERGENCY_STOP -> YIELDING (intent=YIELD)
05:22:59.942 [AMR-04] CONFLICT_DETECTED peer=AMR-02 type=INTERSECTION node=(22, 10) safe_wait=(22, 11) DECISION=PROCEED (Higher precedence (59.8 vs 59.7) -> Proceed through (22, 10))
05:22:59.942 [AMR-04] STATE_TRANSITION YIELDING -> MOVING (intent=MOVE)
05:23:00.043 [AMR-04] STATE_TRANSITION MOVING -> EMERGENCY_STOP (intent=STOP)
05:23:00.043 [AMR-04] SAFETY_STOP min_obstacle_distance=1.04m <= 1.2m
05:23:00.143 [AMR-04] CONFLICT_DETECTED peer=AMR-02 type=INTERSECTION node=(22, 10) safe_wait=(22, 11) DECISION=YIELD (Lower precedence at intersection (59.6 vs 59.9) -> Safe wait at (22, 11) for AMR-02)
05:23:00.143 [AMR-04] STATE_TRANSITION EMERGENCY_STOP -> YIELDING (intent=YIELD)
05:23:00.244 [AMR-04] CONFLICT_DETECTED peer=AMR-02 type=INTERSECTION node=(22, 10) safe_wait=(22, 11) DECISION=PROCEED (Higher precedence (59.9 vs 59.8) -> Proceed through (22, 10))
05:23:00.244 [AMR-04] STATE_TRANSITION YIELDING -> MOVING (intent=MOVE)
05:23:00.344 [AMR-04] STATE_TRANSITION MOVING -> EMERGENCY_STOP (intent=STOP)
05:23:00.344 [AMR-04] SAFETY_STOP min_obstacle_distance=1.10m <= 1.2m
05:23:00.445 [AMR-04] CONFLICT_DETECTED peer=AMR-02 type=INTERSECTION node=(22, 10) safe_wait=(22, 11) DECISION=YIELD (Lower precedence at intersection (59.7 vs 60.0) -> Safe wait at (22, 11) for AMR-02)
05:23:00.445 [AMR-04] STATE_TRANSITION EMERGENCY_STOP -> YIELDING (intent=YIELD)
05:23:00.546 [AMR-04] CONFLICT_DETECTED peer=AMR-02 type=INTERSECTION node=(22, 10) safe_wait=(22, 11) DECISION=YIELD (Lower precedence at intersection (59.7 vs 59.8) -> Safe wait at (22, 11) for AMR-02)
05:23:00.646 [AMR-04] CONFLICT_DETECTED peer=AMR-02 type=INTERSECTION node=(22, 10) safe_wait=(22, 11) DECISION=PROCEED (Higher precedence (59.9 vs 59.7) -> Proceed through (22, 10))
05:23:00.647 [AMR-04] STATE_TRANSITION YIELDING -> MOVING (intent=MOVE)
05:23:00.747 [AMR-04] STATE_TRANSITION MOVING -> EMERGENCY_STOP (intent=STOP)
05:23:00.747 [AMR-04] SAFETY_STOP min_obstacle_distance=1.01m <= 1.2m
05:23:00.848 [AMR-04] CONFLICT_DETECTED peer=AMR-02 type=INTERSECTION node=(22, 10) safe_wait=(22, 11) DECISION=YIELD (Lower precedence at intersection (59.8 vs 60.1) -> Safe wait at (22, 11) for AMR-02)
05:23:00.848 [AMR-04] STATE_TRANSITION EMERGENCY_STOP -> YIELDING (intent=YIELD)
05:23:00.948 [AMR-04] CONFLICT_DETECTED peer=AMR-02 type=INTERSECTION node=(22, 10) safe_wait=(22, 11) DECISION=PROCEED (Higher precedence (60.0 vs 59.9) -> Proceed through (22, 10))
05:23:00.948 [AMR-04] STATE_TRANSITION YIELDING -> MOVING (intent=MOVE)
05:23:01.049 [AMR-04] STATE_TRANSITION MOVING -> EMERGENCY_STOP (intent=STOP)
05:23:01.049 [AMR-04] SAFETY_STOP min_obstacle_distance=1.04m <= 1.2m
05:23:01.150 [AMR-04] CONFLICT_DETECTED peer=AMR-02 type=INTERSECTION node=(22, 10) safe_wait=(22, 11) DECISION=YIELD (Lower precedence at intersection (59.9 vs 60.1) -> Safe wait at (22, 11) for AMR-02)
05:23:01.150 [AMR-04] STATE_TRANSITION EMERGENCY_STOP -> YIELDING (intent=YIELD)
05:23:01.250 [AMR-04] CONFLICT_DETECTED peer=AMR-02 type=INTERSECTION node=(22, 10) safe_wait=(22, 11) DECISION=PROCEED (Higher precedence (60.1 vs 60.0) -> Proceed through (22, 10))
05:23:01.250 [AMR-04] STATE_TRANSITION YIELDING -> MOVING (intent=MOVE)
05:23:01.352 [AMR-04] STATE_TRANSITION MOVING -> EMERGENCY_STOP (intent=STOP)
05:23:01.352 [AMR-04] SAFETY_STOP min_obstacle_distance=1.10m <= 1.2m
05:23:01.453 [AMR-04] CONFLICT_DETECTED peer=AMR-02 type=INTERSECTION node=(22, 10) safe_wait=(22, 11) DECISION=PROCEED (Higher precedence (59.9 vs 59.8) -> Proceed through (22, 10))
05:23:01.453 [AMR-04] STATE_TRANSITION EMERGENCY_STOP -> MOVING (intent=MOVE)
05:23:01.554 [AMR-04] STATE_TRANSITION MOVING -> EMERGENCY_STOP (intent=STOP)
05:23:01.554 [AMR-04] SAFETY_STOP min_obstacle_distance=1.00m <= 1.2m
05:23:01.655 [AMR-04] CONFLICT_DETECTED peer=AMR-02 type=INTERSECTION node=(22, 10) safe_wait=(22, 11) DECISION=YIELD (Lower precedence at intersection (59.5 vs 59.9) -> Safe wait at (22, 11) for AMR-02)
05:23:01.656 [AMR-04] STATE_TRANSITION EMERGENCY_STOP -> YIELDING (intent=YIELD)
05:23:01.756 [AMR-04] CONFLICT_DETECTED peer=AMR-02 type=INTERSECTION node=(22, 10) safe_wait=(22, 11) DECISION=YIELD (Lower precedence at intersection (59.7 vs 60.1) -> Safe wait at (22, 11) for AMR-02)
05:23:01.857 [AMR-04] CONFLICT_DETECTED peer=AMR-02 type=INTERSECTION node=(22, 10) safe_wait=(22, 11) DECISION=YIELD (Lower precedence at intersection (59.9 vs 59.9) -> Safe wait at (22, 11) for AMR-02)
05:23:01.957 [AMR-04] CONFLICT_DETECTED peer=AMR-02 type=INTERSECTION node=(22, 10) safe_wait=(22, 11) DECISION=PROCEED (Higher precedence (60.1 vs 59.9) -> Proceed through (22, 10))
05:23:01.958 [AMR-04] STATE_TRANSITION YIELDING -> MOVING (intent=MOVE)
05:23:02.058 [AMR-04] STATE_TRANSITION MOVING -> EMERGENCY_STOP (intent=STOP)
05:23:02.058 [AMR-04] SAFETY_STOP min_obstacle_distance=1.01m <= 1.2m
05:23:02.159 [AMR-04] CONFLICT_DETECTED peer=AMR-02 type=INTERSECTION node=(22, 10) safe_wait=(22, 11) DECISION=PROCEED (Higher precedence (60.0 vs 59.8) -> Proceed through (22, 10))
05:23:02.159 [AMR-04] STATE_TRANSITION EMERGENCY_STOP -> MOVING (intent=MOVE)
05:23:02.259 [AMR-04] STATE_TRANSITION MOVING -> EMERGENCY_STOP (intent=STOP)
05:23:02.259 [AMR-04] SAFETY_STOP min_obstacle_distance=1.04m <= 1.2m
05:23:02.360 [AMR-04] CONFLICT_DETECTED peer=AMR-02 type=INTERSECTION node=(22, 10) safe_wait=(22, 11) DECISION=YIELD (Lower precedence at intersection (59.9 vs 60.1) -> Safe wait at (22, 11) for AMR-02)
05:23:02.360 [AMR-04] STATE_TRANSITION EMERGENCY_STOP -> YIELDING (intent=YIELD)
05:23:02.461 [AMR-04] CONFLICT_DETECTED peer=AMR-02 type=INTERSECTION node=(22, 10) safe_wait=(22, 11) DECISION=PROCEED (Higher precedence (60.1 vs 60.0) -> Proceed through (22, 10))
05:23:02.461 [AMR-04] STATE_TRANSITION YIELDING -> MOVING (intent=MOVE)
05:23:02.562 [AMR-04] STATE_TRANSITION MOVING -> EMERGENCY_STOP (intent=STOP)
05:23:02.562 [AMR-04] SAFETY_STOP min_obstacle_distance=1.00m <= 1.2m
05:23:02.663 [AMR-04] CONFLICT_DETECTED peer=AMR-02 type=INTERSECTION node=(22, 10) safe_wait=(22, 11) DECISION=YIELD (Lower precedence at intersection (59.7 vs 60.1) -> Safe wait at (22, 11) for AMR-02)
05:23:02.683 [AMR-04] STATE_TRANSITION EMERGENCY_STOP -> YIELDING (intent=YIELD)
05:23:02.764 [AMR-04] CONFLICT_DETECTED peer=AMR-02 type=INTERSECTION node=(22, 10) safe_wait=(22, 11) DECISION=YIELD (Lower precedence at intersection (59.9 vs 59.9) -> Safe wait at (22, 11) for AMR-02)
05:23:02.864 [AMR-04] CONFLICT_DETECTED peer=AMR-02 type=INTERSECTION node=(22, 10) safe_wait=(22, 11) DECISION=PROCEED (Higher precedence (60.1 vs 59.9) -> Proceed through (22, 10))
05:23:02.864 [AMR-04] STATE_TRANSITION YIELDING -> MOVING (intent=MOVE)
05:23:02.964 [AMR-04] STATE_TRANSITION MOVING -> EMERGENCY_STOP (intent=STOP)
05:23:02.964 [AMR-04] SAFETY_STOP min_obstacle_distance=1.01m <= 1.2m
05:23:03.065 [AMR-04] CONFLICT_DETECTED peer=AMR-02 type=INTERSECTION node=(22, 10) safe_wait=(22, 11) DECISION=PROCEED (Higher precedence (60.0 vs 59.8) -> Proceed through (22, 10))
05:23:03.065 [AMR-04] STATE_TRANSITION EMERGENCY_STOP -> MOVING (intent=MOVE)
05:23:03.166 [AMR-04] STATE_TRANSITION MOVING -> EMERGENCY_STOP (intent=STOP)
05:23:03.166 [AMR-04] SAFETY_STOP min_obstacle_distance=1.04m <= 1.2m
05:23:03.266 [AMR-04] CONFLICT_DETECTED peer=AMR-02 type=INTERSECTION node=(22, 10) safe_wait=(22, 11) DECISION=YIELD (Lower precedence at intersection (59.9 vs 60.1) -> Safe wait at (22, 11) for AMR-02)
05:23:03.266 [AMR-04] STATE_TRANSITION EMERGENCY_STOP -> YIELDING (intent=YIELD)
05:23:03.366 [AMR-04] CONFLICT_DETECTED peer=AMR-02 type=INTERSECTION node=(22, 10) safe_wait=(22, 11) DECISION=PROCEED (Higher precedence (60.1 vs 60.0) -> Proceed through (22, 10))
05:23:03.367 [AMR-04] STATE_TRANSITION YIELDING -> MOVING (intent=MOVE)
05:23:03.468 [AMR-04] STATE_TRANSITION MOVING -> EMERGENCY_STOP (intent=STOP)
05:23:03.468 [AMR-04] SAFETY_STOP min_obstacle_distance=1.10m <= 1.2m
05:23:03.568 [AMR-04] CONFLICT_DETECTED peer=AMR-02 type=INTERSECTION node=(22, 10) safe_wait=(22, 11) DECISION=YIELD (Lower precedence at intersection (59.7 vs 59.8) -> Safe wait at (22, 11) for AMR-02)
05:23:03.568 [AMR-04] STATE_TRANSITION EMERGENCY_STOP -> YIELDING (intent=YIELD)
05:23:03.669 [AMR-04] CONFLICT_DETECTED peer=AMR-02 type=INTERSECTION node=(22, 10) safe_wait=(22, 11) DECISION=PROCEED (Higher precedence (59.9 vs 59.7) -> Proceed through (22, 10))
05:23:03.669 [AMR-04] STATE_TRANSITION YIELDING -> MOVING (intent=MOVE)
05:23:03.769 [AMR-04] STATE_TRANSITION MOVING -> EMERGENCY_STOP (intent=STOP)
05:23:03.769 [AMR-04] SAFETY_STOP min_obstacle_distance=1.01m <= 1.2m
05:23:03.870 [AMR-04] CONFLICT_DETECTED peer=AMR-02 type=INTERSECTION node=(22, 10) safe_wait=(22, 11) DECISION=PROCEED (Higher precedence (59.8 vs 59.7) -> Proceed through (22, 10))
05:23:03.870 [AMR-04] STATE_TRANSITION EMERGENCY_STOP -> MOVING (intent=MOVE)
05:23:03.970 [AMR-04] STATE_TRANSITION MOVING -> EMERGENCY_STOP (intent=STOP)
05:23:03.970 [AMR-04] SAFETY_STOP min_obstacle_distance=1.04m <= 1.2m
05:23:04.071 [AMR-04] CONFLICT_DETECTED peer=AMR-02 type=INTERSECTION node=(22, 10) safe_wait=(22, 11) DECISION=YIELD (Lower precedence at intersection (59.6 vs 59.9) -> Safe wait at (22, 11) for AMR-02)
05:23:04.071 [AMR-04] STATE_TRANSITION EMERGENCY_STOP -> YIELDING (intent=YIELD)
05:23:04.172 [AMR-04] CONFLICT_DETECTED peer=AMR-02 type=INTERSECTION node=(22, 10) safe_wait=(22, 11) DECISION=PROCEED (Higher precedence (59.9 vs 59.8) -> Proceed through (22, 10))
05:23:04.172 [AMR-04] STATE_TRANSITION YIELDING -> MOVING (intent=MOVE)
05:23:04.273 [AMR-04] STATE_TRANSITION MOVING -> EMERGENCY_STOP (intent=STOP)
05:23:04.273 [AMR-04] SAFETY_STOP min_obstacle_distance=1.10m <= 1.2m
05:23:04.374 [AMR-04] CONFLICT_DETECTED peer=AMR-02 type=INTERSECTION node=(22, 10) safe_wait=(22, 11) DECISION=PROCEED (Higher precedence (59.7 vs 59.6) -> Proceed through (22, 10))
05:23:04.374 [AMR-04] STATE_TRANSITION EMERGENCY_STOP -> MOVING (intent=MOVE)
05:23:04.475 [AMR-04] STATE_TRANSITION MOVING -> EMERGENCY_STOP (intent=STOP)
05:23:04.475 [AMR-04] SAFETY_STOP min_obstacle_distance=1.00m <= 1.2m
05:23:04.576 [AMR-04] CONFLICT_DETECTED peer=AMR-02 type=INTERSECTION node=(22, 10) safe_wait=(22, 11) DECISION=YIELD (Lower precedence at intersection (59.3 vs 59.7) -> Safe wait at (22, 11) for AMR-02)
05:23:04.576 [AMR-04] STATE_TRANSITION EMERGENCY_STOP -> YIELDING (intent=YIELD)
05:23:04.677 [AMR-04] CONFLICT_DETECTED peer=AMR-02 type=INTERSECTION node=(22, 10) safe_wait=(22, 11) DECISION=YIELD (Lower precedence at intersection (59.5 vs 59.9) -> Safe wait at (22, 11) for AMR-02)
05:23:04.777 [AMR-04] CONFLICT_DETECTED peer=AMR-02 type=INTERSECTION node=(22, 10) safe_wait=(22, 11) DECISION=YIELD (Lower precedence at intersection (59.7 vs 59.7) -> Safe wait at (22, 11) for AMR-02)
05:23:04.879 [AMR-04] CONFLICT_DETECTED peer=AMR-02 type=INTERSECTION node=(22, 10) safe_wait=(22, 11) DECISION=PROCEED (Higher precedence (59.9 vs 59.7) -> Proceed through (22, 10))
05:23:04.879 [AMR-04] STATE_TRANSITION YIELDING -> MOVING (intent=MOVE)
05:23:04.978 [AMR-04] STATE_TRANSITION MOVING -> EMERGENCY_STOP (intent=STOP)
05:23:04.979 [AMR-04] SAFETY_STOP min_obstacle_distance=1.01m <= 1.2m
05:23:05.079 [AMR-04] CONFLICT_DETECTED peer=AMR-02 type=INTERSECTION node=(22, 10) safe_wait=(22, 11) DECISION=PROCEED (Higher precedence (59.8 vs 59.5) -> Proceed through (22, 10))
05:23:05.079 [AMR-04] STATE_TRANSITION EMERGENCY_STOP -> MOVING (intent=MOVE)
05:23:05.179 [AMR-04] STATE_TRANSITION MOVING -> EMERGENCY_STOP (intent=STOP)
05:23:05.179 [AMR-04] SAFETY_STOP min_obstacle_distance=1.04m <= 1.2m
05:23:05.279 [AMR-04] CONFLICT_DETECTED peer=AMR-02 type=INTERSECTION node=(22, 10) safe_wait=(22, 11) DECISION=YIELD (Lower precedence at intersection (59.6 vs 60.0) -> Safe wait at (22, 11) for AMR-02)
05:23:05.279 [AMR-04] STATE_TRANSITION EMERGENCY_STOP -> YIELDING (intent=YIELD)
05:23:05.380 [AMR-04] CONFLICT_DETECTED peer=AMR-02 type=INTERSECTION node=(22, 10) safe_wait=(22, 11) DECISION=PROCEED (Higher precedence (59.9 vs 59.8) -> Proceed through (22, 10))
05:23:05.380 [AMR-04] STATE_TRANSITION YIELDING -> MOVING (intent=MOVE)
05:23:05.481 [AMR-04] CONFLICT_DETECTED peer=AMR-02 type=INTERSECTION node=(22, 10) safe_wait=(22, 11) DECISION=PROCEED (Higher precedence (60.0 vs 59.8) -> Proceed through (22, 10))
05:23:05.584 [AMR-04] CONFLICT_DETECTED peer=AMR-02 type=INTERSECTION node=(22, 10) safe_wait=(22, 11) DECISION=PROCEED (Higher precedence (59.9 vs 59.5) -> Proceed through (22, 10))
05:23:05.682 [AMR-04] CONFLICT_DETECTED peer=AMR-02 type=INTERSECTION node=(22, 10) safe_wait=(22, 11) DECISION=PROCEED (Higher precedence (59.8 vs 59.5) -> Proceed through (22, 10))
05:23:05.782 [AMR-04] STATE_TRANSITION MOVING -> EMERGENCY_STOP (intent=STOP)
05:23:05.782 [AMR-04] SAFETY_STOP min_obstacle_distance=1.14m <= 1.2m
05:23:05.883 [AMR-04] CONFLICT_DETECTED peer=AMR-02 type=INTERSECTION node=(22, 10) safe_wait=(22, 11) DECISION=YIELD (Lower precedence at intersection (59.6 vs 59.9) -> Safe wait at (22, 11) for AMR-02)
05:23:05.883 [AMR-04] STATE_TRANSITION EMERGENCY_STOP -> YIELDING (intent=YIELD)
05:23:05.984 [AMR-04] CONFLICT_DETECTED peer=AMR-02 type=INTERSECTION node=(22, 10) safe_wait=(22, 11) DECISION=PROCEED (Higher precedence (59.8 vs 59.7) -> Proceed through (22, 10))
05:23:05.984 [AMR-04] STATE_TRANSITION YIELDING -> MOVING (intent=MOVE)
05:23:06.084 [AMR-04] STATE_TRANSITION MOVING -> EMERGENCY_STOP (intent=STOP)
05:23:06.084 [AMR-04] SAFETY_STOP min_obstacle_distance=1.08m <= 1.2m
05:23:06.186 [AMR-04] CONFLICT_DETECTED peer=AMR-02 type=INTERSECTION node=(22, 10) safe_wait=(22, 11) DECISION=PROCEED (Higher precedence (59.7 vs 59.5) -> Proceed through (22, 10))
05:23:06.186 [AMR-04] STATE_TRANSITION EMERGENCY_STOP -> MOVING (intent=MOVE)
05:23:06.286 [AMR-04] STATE_TRANSITION MOVING -> EMERGENCY_STOP (intent=STOP)
05:23:06.287 [AMR-04] SAFETY_STOP min_obstacle_distance=1.03m <= 1.2m
05:23:06.387 [AMR-04] CONFLICT_DETECTED peer=AMR-02 type=INTERSECTION node=(22, 10) safe_wait=(22, 11) DECISION=YIELD (Lower precedence at intersection (59.6 vs 59.8) -> Safe wait at (22, 11) for AMR-02)
05:23:06.387 [AMR-04] STATE_TRANSITION EMERGENCY_STOP -> YIELDING (intent=YIELD)
05:23:06.487 [AMR-04] CONFLICT_DETECTED peer=AMR-02 type=INTERSECTION node=(22, 10) safe_wait=(22, 11) DECISION=YIELD (Lower precedence at intersection (59.4 vs 59.6) -> Safe wait at (22, 11) for AMR-02)
05:23:06.588 [AMR-04] CONFLICT_DETECTED peer=AMR-02 type=INTERSECTION node=(22, 10) safe_wait=(22, 11) DECISION=PROCEED (Higher precedence (59.6 vs 59.5) -> Proceed through (22, 10))
05:23:06.588 [AMR-04] STATE_TRANSITION YIELDING -> MOVING (intent=MOVE)
05:23:06.688 [AMR-04] CONFLICT_DETECTED peer=AMR-02 type=INTERSECTION node=(22, 10) safe_wait=(22, 11) DECISION=YIELD (Lower precedence at intersection (59.5 vs 59.7) -> Safe wait at (22, 11) for AMR-02)
05:23:06.688 [AMR-04] STATE_TRANSITION MOVING -> YIELDING (intent=YIELD)
05:23:06.789 [AMR-04] CONFLICT_DETECTED peer=AMR-02 type=INTERSECTION node=(22, 10) safe_wait=(22, 11) DECISION=PROCEED (Higher precedence (59.7 vs 59.5) -> Proceed through (22, 10))
05:23:06.789 [AMR-04] STATE_TRANSITION YIELDING -> MOVING (intent=MOVE)
05:23:06.889 [AMR-04] CONFLICT_DETECTED peer=AMR-02 type=INTERSECTION node=(22, 10) safe_wait=(22, 11) DECISION=PROCEED (Higher precedence (59.5 vs 59.5) -> Proceed through (22, 10))
05:23:06.991 [AMR-04] STATE_TRANSITION MOVING -> EMERGENCY_STOP (intent=STOP)
05:23:06.991 [AMR-04] SAFETY_STOP min_obstacle_distance=1.14m <= 1.2m
05:23:07.091 [AMR-04] CONFLICT_DETECTED peer=AMR-02 type=INTERSECTION node=(22, 10) safe_wait=(22, 11) DECISION=YIELD (Lower precedence at intersection (59.4 vs 59.5) -> Safe wait at (22, 11) for AMR-02)
05:23:07.091 [AMR-04] STATE_TRANSITION EMERGENCY_STOP -> YIELDING (intent=YIELD)
05:23:07.192 [AMR-04] CONFLICT_DETECTED peer=AMR-02 type=INTERSECTION node=(22, 10) safe_wait=(22, 11) DECISION=PROCEED (Higher precedence (59.6 vs 59.4) -> Proceed through (22, 10))
05:23:07.192 [AMR-04] STATE_TRANSITION YIELDING -> MOVING (intent=MOVE)
05:23:07.292 [AMR-04] STATE_TRANSITION MOVING -> EMERGENCY_STOP (intent=STOP)
05:23:07.292 [AMR-04] SAFETY_STOP min_obstacle_distance=1.08m <= 1.2m
05:23:07.393 [AMR-04] CONFLICT_DETECTED peer=AMR-02 type=INTERSECTION node=(22, 10) safe_wait=(22, 11) DECISION=YIELD (Lower precedence at intersection (59.5 vs 59.6) -> Safe wait at (22, 11) for AMR-02)
05:23:07.393 [AMR-04] STATE_TRANSITION EMERGENCY_STOP -> YIELDING (intent=YIELD)
05:23:07.493 [AMR-04] CONFLICT_DETECTED peer=AMR-02 type=INTERSECTION node=(22, 10) safe_wait=(22, 11) DECISION=PROCEED (Higher precedence (59.4 vs 59.3) -> Proceed through (22, 10))
05:23:07.493 [AMR-04] STATE_TRANSITION YIELDING -> MOVING (intent=MOVE)
05:23:07.593 [AMR-04] CONFLICT_DETECTED peer=AMR-02 type=INTERSECTION node=(22, 10) safe_wait=(22, 11) DECISION=YIELD (Lower precedence at intersection (59.3 vs 59.3) -> Safe wait at (22, 11) for AMR-02)
05:23:07.593 [AMR-04] STATE_TRANSITION MOVING -> YIELDING (intent=YIELD)
05:23:07.694 [AMR-04] CONFLICT_DETECTED peer=AMR-02 type=INTERSECTION node=(22, 10) safe_wait=(22, 11) DECISION=PROCEED (Higher precedence (59.5 vs 59.3) -> Proceed through (22, 10))
05:23:07.694 [AMR-04] STATE_TRANSITION YIELDING -> MOVING (intent=MOVE)
05:23:07.794 [AMR-04] CONFLICT_DETECTED peer=AMR-02 type=INTERSECTION node=(22, 10) safe_wait=(22, 11) DECISION=YIELD (Lower precedence at intersection (59.4 vs 59.5) -> Safe wait at (22, 11) for AMR-02)
05:23:07.794 [AMR-04] STATE_TRANSITION MOVING -> YIELDING (intent=YIELD)
05:23:07.894 [AMR-04] CONFLICT_DETECTED peer=AMR-02 type=INTERSECTION node=(22, 10) safe_wait=(22, 11) DECISION=PROCEED (Higher precedence (59.5 vs 59.3) -> Proceed through (22, 10))
05:23:07.895 [AMR-04] STATE_TRANSITION YIELDING -> MOVING (intent=MOVE)
05:23:07.995 [AMR-04] STATE_TRANSITION MOVING -> EMERGENCY_STOP (intent=STOP)
05:23:07.995 [AMR-04] SAFETY_STOP min_obstacle_distance=1.14m <= 1.2m
05:23:08.095 [AMR-04] CONFLICT_DETECTED peer=AMR-02 type=INTERSECTION node=(22, 10) safe_wait=(22, 11) DECISION=YIELD (Lower precedence at intersection (59.4 vs 59.5) -> Safe wait at (22, 11) for AMR-02)
05:23:08.095 [AMR-04] STATE_TRANSITION EMERGENCY_STOP -> YIELDING (intent=YIELD)
05:23:08.196 [AMR-04] CONFLICT_DETECTED peer=AMR-02 type=INTERSECTION node=(22, 10) safe_wait=(22, 11) DECISION=YIELD (Lower precedence at intersection (59.6 vs 59.7) -> Safe wait at (22, 11) for AMR-02)
05:23:08.296 [AMR-04] CONFLICT_DETECTED peer=AMR-02 type=INTERSECTION node=(22, 10) safe_wait=(22, 11) DECISION=PROCEED (Higher precedence (59.8 vs 59.5) -> Proceed through (22, 10))
05:23:08.296 [AMR-04] STATE_TRANSITION YIELDING -> MOVING (intent=MOVE)
05:23:08.396 [AMR-04] STATE_TRANSITION MOVING -> EMERGENCY_STOP (intent=STOP)
05:23:08.396 [AMR-04] SAFETY_STOP min_obstacle_distance=1.08m <= 1.2m
05:23:08.497 [AMR-04] CONFLICT_DETECTED peer=AMR-02 type=INTERSECTION node=(22, 10) safe_wait=(22, 11) DECISION=YIELD (Lower precedence at intersection (59.4 vs 59.8) -> Safe wait at (22, 11) for AMR-02)
05:23:08.497 [AMR-04] STATE_TRANSITION EMERGENCY_STOP -> YIELDING (intent=YIELD)
05:23:08.599 [AMR-04] CONFLICT_DETECTED peer=AMR-02 type=INTERSECTION node=(22, 10) safe_wait=(22, 11) DECISION=YIELD (Lower precedence at intersection (59.6 vs 59.9) -> Safe wait at (22, 11) for AMR-02)
05:23:08.700 [AMR-04] CONFLICT_DETECTED peer=AMR-02 type=INTERSECTION node=(22, 10) safe_wait=(22, 11) DECISION=PROCEED (Higher precedence (59.8 vs 59.7) -> Proceed through (22, 10))
05:23:08.700 [AMR-04] STATE_TRANSITION YIELDING -> MOVING (intent=MOVE)
05:23:08.801 [AMR-04] CONFLICT_DETECTED peer=AMR-02 type=INTERSECTION node=(22, 10) safe_wait=(22, 11) DECISION=YIELD (Lower precedence at intersection (59.7 vs 59.7) -> Safe wait at (22, 11) for AMR-02)
05:23:08.801 [AMR-04] STATE_TRANSITION MOVING -> YIELDING (intent=YIELD)
05:23:08.902 [AMR-04] CONFLICT_DETECTED peer=AMR-02 type=INTERSECTION node=(22, 10) safe_wait=(22, 11) DECISION=PROCEED (Higher precedence (59.9 vs 59.5) -> Proceed through (22, 10))
05:23:08.903 [AMR-04] STATE_TRANSITION YIELDING -> MOVING (intent=MOVE)
05:23:09.004 [AMR-04] CONFLICT_DETECTED peer=AMR-02 type=INTERSECTION node=(22, 10) safe_wait=(22, 11) DECISION=PROCEED (Higher precedence (59.8 vs 59.5) -> Proceed through (22, 10))
05:23:09.105 [AMR-04] STATE_TRANSITION MOVING -> EMERGENCY_STOP (intent=STOP)
05:23:09.106 [AMR-04] SAFETY_STOP min_obstacle_distance=1.14m <= 1.2m
05:23:09.207 [AMR-04] CONFLICT_DETECTED peer=AMR-02 type=INTERSECTION node=(22, 10) safe_wait=(22, 11) DECISION=YIELD (Lower precedence at intersection (59.6 vs 60.0) -> Safe wait at (22, 11) for AMR-02)
05:23:09.207 [AMR-04] STATE_TRANSITION EMERGENCY_STOP -> YIELDING (intent=YIELD)
05:23:09.308 [AMR-04] CONFLICT_DETECTED peer=AMR-02 type=INTERSECTION node=(22, 10) safe_wait=(22, 11) DECISION=PROCEED (Higher precedence (59.8 vs 59.8) -> Proceed through (22, 10))
05:23:09.308 [AMR-04] STATE_TRANSITION YIELDING -> MOVING (intent=MOVE)
05:23:09.409 [AMR-04] STATE_TRANSITION MOVING -> EMERGENCY_STOP (intent=STOP)
05:23:09.409 [AMR-04] SAFETY_STOP min_obstacle_distance=1.07m <= 1.2m
05:23:09.510 [AMR-04] CONFLICT_DETECTED peer=AMR-02 type=INTERSECTION node=(22, 10) safe_wait=(22, 11) DECISION=YIELD (Lower precedence at intersection (59.4 vs 59.6) -> Safe wait at (22, 11) for AMR-02)
05:23:09.511 [AMR-04] STATE_TRANSITION EMERGENCY_STOP -> YIELDING (intent=YIELD)
05:23:09.611 [AMR-04] CONFLICT_DETECTED peer=AMR-02 type=INTERSECTION node=(22, 10) safe_wait=(22, 11) DECISION=PROCEED (Higher precedence (59.6 vs 59.5) -> Proceed through (22, 10))
05:23:09.611 [AMR-04] STATE_TRANSITION YIELDING -> MOVING (intent=MOVE)
05:23:09.711 [AMR-04] CONFLICT_DETECTED peer=AMR-02 type=INTERSECTION node=(22, 10) safe_wait=(22, 11) DECISION=YIELD (Lower precedence at intersection (59.5 vs 59.7) -> Safe wait at (22, 11) for AMR-02)
05:23:09.711 [AMR-04] STATE_TRANSITION MOVING -> YIELDING (intent=YIELD)
05:23:09.811 [AMR-04] CONFLICT_DETECTED peer=AMR-02 type=INTERSECTION node=(22, 10) safe_wait=(22, 11) DECISION=PROCEED (Higher precedence (59.7 vs 59.5) -> Proceed through (22, 10))
05:23:09.811 [AMR-04] STATE_TRANSITION YIELDING -> MOVING (intent=MOVE)
05:23:09.912 [AMR-04] CONFLICT_DETECTED peer=AMR-02 type=INTERSECTION node=(22, 10) safe_wait=(22, 11) DECISION=PROCEED (Higher precedence (59.5 vs 59.5) -> Proceed through (22, 10))
05:23:10.013 [AMR-04] STATE_TRANSITION MOVING -> EMERGENCY_STOP (intent=STOP)
05:23:10.013 [AMR-04] SAFETY_STOP min_obstacle_distance=1.14m <= 1.2m
05:23:10.114 [AMR-04] CONFLICT_DETECTED peer=AMR-02 type=INTERSECTION node=(22, 10) safe_wait=(22, 11) DECISION=PROCEED (Higher precedence (59.4 vs 59.3) -> Proceed through (22, 10))
05:23:10.114 [AMR-04] STATE_TRANSITION EMERGENCY_STOP -> MOVING (intent=MOVE)
05:23:10.214 [AMR-04] STATE_TRANSITION MOVING -> EMERGENCY_STOP (intent=STOP)
05:23:10.214 [AMR-04] SAFETY_STOP min_obstacle_distance=1.08m <= 1.2m
05:23:10.315 [AMR-04] CONFLICT_DETECTED peer=AMR-02 type=INTERSECTION node=(22, 10) safe_wait=(22, 11) DECISION=YIELD (Lower precedence at intersection (59.3 vs 59.4) -> Safe wait at (22, 11) for AMR-02)
05:23:10.315 [AMR-04] STATE_TRANSITION EMERGENCY_STOP -> YIELDING (intent=YIELD)
05:23:10.417 [AMR-04] CONFLICT_DETECTED peer=AMR-02 type=INTERSECTION node=(22, 10) safe_wait=(22, 11) DECISION=PROCEED (Higher precedence (59.5 vs 59.4) -> Proceed through (22, 10))
05:23:10.417 [AMR-04] STATE_TRANSITION YIELDING -> MOVING (intent=MOVE)
05:23:10.518 [AMR-04] CONFLICT_DETECTED peer=AMR-02 type=INTERSECTION node=(22, 10) safe_wait=(22, 11) DECISION=YIELD (Lower precedence at intersection (59.0 vs 59.2) -> Safe wait at (22, 11) for AMR-02)
05:23:10.518 [AMR-04] STATE_TRANSITION MOVING -> YIELDING (intent=YIELD)
05:23:10.620 [AMR-04] CONFLICT_DETECTED peer=AMR-02 type=INTERSECTION node=(22, 10) safe_wait=(22, 11) DECISION=PROCEED (Higher precedence (59.2 vs 59.1) -> Proceed through (22, 10))
05:23:10.620 [AMR-04] STATE_TRANSITION YIELDING -> MOVING (intent=MOVE)
05:23:10.721 [AMR-04] CONFLICT_DETECTED peer=AMR-02 type=INTERSECTION node=(22, 10) safe_wait=(22, 11) DECISION=YIELD (Lower precedence at intersection (59.1 vs 59.3) -> Safe wait at (22, 11) for AMR-02)
05:23:10.721 [AMR-04] STATE_TRANSITION MOVING -> YIELDING (intent=YIELD)
05:23:10.822 [AMR-04] CONFLICT_DETECTED peer=AMR-02 type=INTERSECTION node=(22, 10) safe_wait=(22, 11) DECISION=PROCEED (Higher precedence (59.3 vs 59.1) -> Proceed through (22, 10))
05:23:10.822 [AMR-04] STATE_TRANSITION YIELDING -> MOVING (intent=MOVE)
05:23:10.924 [AMR-04] CONFLICT_DETECTED peer=AMR-02 type=INTERSECTION node=(22, 10) safe_wait=(22, 11) DECISION=PROCEED (Higher precedence (59.1 vs 59.1) -> Proceed through (22, 10))
05:23:11.025 [AMR-04] STATE_TRANSITION MOVING -> EMERGENCY_STOP (intent=STOP)
05:23:11.025 [AMR-04] SAFETY_STOP min_obstacle_distance=1.14m <= 1.2m
05:23:11.126 [AMR-04] CONFLICT_DETECTED peer=AMR-02 type=INTERSECTION node=(22, 10) safe_wait=(22, 11) DECISION=PROCEED (Higher precedence (59.0 vs 58.9) -> Proceed through (22, 10))
05:23:11.126 [AMR-04] STATE_TRANSITION EMERGENCY_STOP -> MOVING (intent=MOVE)
05:23:11.229 [AMR-04] STATE_TRANSITION MOVING -> EMERGENCY_STOP (intent=STOP)
05:23:11.229 [AMR-04] SAFETY_STOP min_obstacle_distance=1.07m <= 1.2m
05:23:11.330 [AMR-04] CONFLICT_DETECTED peer=AMR-02 type=INTERSECTION node=(22, 10) safe_wait=(22, 11) DECISION=YIELD (Lower precedence at intersection (58.9 vs 59.0) -> Safe wait at (22, 11) for AMR-02)
05:23:11.330 [AMR-04] STATE_TRANSITION EMERGENCY_STOP -> YIELDING (intent=YIELD)
05:23:11.430 [AMR-04] CONFLICT_DETECTED peer=AMR-02 type=INTERSECTION node=(22, 10) safe_wait=(22, 11) DECISION=PROCEED (Higher precedence (59.1 vs 59.0) -> Proceed through (22, 10))
05:23:11.430 [AMR-04] STATE_TRANSITION YIELDING -> MOVING (intent=MOVE)
05:23:11.531 [AMR-04] CONFLICT_DETECTED peer=AMR-02 type=INTERSECTION node=(22, 10) safe_wait=(22, 11) DECISION=YIELD (Lower precedence at intersection (58.6 vs 59.0) -> Safe wait at (22, 11) for AMR-02)
05:23:11.531 [AMR-04] STATE_TRANSITION MOVING -> YIELDING (intent=YIELD)
05:23:11.632 [AMR-04] CONFLICT_DETECTED peer=AMR-02 type=INTERSECTION node=(22, 10) safe_wait=(22, 11) DECISION=YIELD (Lower precedence at intersection (58.8 vs 58.9) -> Safe wait at (22, 11) for AMR-02)
05:23:11.732 [AMR-04] CONFLICT_DETECTED peer=AMR-02 type=INTERSECTION node=(22, 10) safe_wait=(22, 11) DECISION=YIELD (Lower precedence at intersection (59.0 vs 59.1) -> Safe wait at (22, 11) for AMR-02)
05:23:11.833 [AMR-04] CONFLICT_DETECTED peer=AMR-02 type=INTERSECTION node=(22, 10) safe_wait=(22, 11) DECISION=PROCEED (Higher precedence (59.2 vs 58.9) -> Proceed through (22, 10))
05:23:11.833 [AMR-04] STATE_TRANSITION YIELDING -> MOVING (intent=MOVE)
05:23:11.933 [AMR-04] CONFLICT_DETECTED peer=AMR-02 type=INTERSECTION node=(22, 10) safe_wait=(22, 11) DECISION=PROCEED (Higher precedence (59.1 vs 58.9) -> Proceed through (22, 10))
05:23:12.034 [AMR-04] CONFLICT_DETECTED peer=AMR-02 type=INTERSECTION node=(22, 10) safe_wait=(22, 11) DECISION=YIELD (Lower precedence at intersection (58.9 vs 59.1) -> Safe wait at (22, 11) for AMR-02)
05:23:12.035 [AMR-04] STATE_TRANSITION MOVING -> YIELDING (intent=YIELD)
05:23:12.136 [AMR-04] CONFLICT_DETECTED peer=AMR-02 type=INTERSECTION node=(22, 10) safe_wait=(22, 11) DECISION=YIELD (Lower precedence at intersection (59.1 vs 59.3) -> Safe wait at (22, 11) for AMR-02)
05:23:12.238 [AMR-04] CONFLICT_DETECTED peer=AMR-02 type=INTERSECTION node=(22, 10) safe_wait=(22, 11) DECISION=PROCEED (Higher precedence (59.4 vs 59.1) -> Proceed through (22, 10))
05:23:12.238 [AMR-04] STATE_TRANSITION YIELDING -> MOVING (intent=MOVE)
05:23:12.340 [AMR-04] STATE_TRANSITION MOVING -> EMERGENCY_STOP (intent=STOP)
05:23:12.340 [AMR-04] SAFETY_STOP min_obstacle_distance=1.14m <= 1.2m
05:23:12.440 [AMR-04] CONFLICT_DETECTED peer=AMR-02 type=INTERSECTION node=(22, 10) safe_wait=(22, 11) DECISION=PROCEED (Higher precedence (59.2 vs 59.0) -> Proceed through (22, 10))
05:23:12.440 [AMR-04] STATE_TRANSITION EMERGENCY_STOP -> MOVING (intent=MOVE)
05:23:12.541 [AMR-04] CONFLICT_DETECTED peer=AMR-02 type=INTERSECTION node=(22, 10) safe_wait=(22, 11) DECISION=YIELD (Lower precedence at intersection (58.8 vs 59.0) -> Safe wait at (22, 11) for AMR-02)
05:23:12.541 [AMR-04] STATE_TRANSITION MOVING -> YIELDING (intent=YIELD)
05:23:12.642 [AMR-04] CONFLICT_DETECTED peer=AMR-02 type=INTERSECTION node=(22, 10) safe_wait=(22, 11) DECISION=YIELD (Lower precedence at intersection (59.0 vs 59.1) -> Safe wait at (22, 11) for AMR-02)
05:23:12.744 [AMR-04] CONFLICT_DETECTED peer=AMR-02 type=INTERSECTION node=(22, 10) safe_wait=(22, 11) DECISION=YIELD (Lower precedence at intersection (59.2 vs 59.3) -> Safe wait at (22, 11) for AMR-02)
05:23:12.845 [AMR-04] CONFLICT_DETECTED peer=AMR-02 type=INTERSECTION node=(22, 10) safe_wait=(22, 11) DECISION=PROCEED (Higher precedence (59.4 vs 59.1) -> Proceed through (22, 10))
05:23:12.845 [AMR-04] STATE_TRANSITION YIELDING -> MOVING (intent=MOVE)
05:23:12.946 [AMR-04] CONFLICT_DETECTED peer=AMR-02 type=INTERSECTION node=(22, 10) safe_wait=(22, 11) DECISION=PROCEED (Higher precedence (59.3 vs 59.1) -> Proceed through (22, 10))
05:23:13.047 [AMR-04] CONFLICT_DETECTED peer=AMR-02 type=INTERSECTION node=(22, 10) safe_wait=(22, 11) DECISION=YIELD (Lower precedence at intersection (59.1 vs 59.3) -> Safe wait at (22, 11) for AMR-02)
05:23:13.047 [AMR-04] STATE_TRANSITION MOVING -> YIELDING (intent=YIELD)
05:23:13.150 [AMR-04] CONFLICT_DETECTED peer=AMR-02 type=INTERSECTION node=(22, 10) safe_wait=(22, 11) DECISION=YIELD (Lower precedence at intersection (59.4 vs 59.5) -> Safe wait at (22, 11) for AMR-02)
