05:11:57.755 [AMR-03] INITIALIZED at pos=(12.0, 2.0) port=5003
05:11:57.755 [AMR-03] P2P Network Node listening on UDP 127.0.0.1:5003
05:11:57.755 [AMR-03] STATE_TRANSITION IDLE -> PLANNING (intent=MOVE)
05:11:57.755 [AMR-03] GOAL_SET goal=(12.0, 17.0)
05:11:57.755 [AMR-03] CONTROL_LOOP STARTED at 10.0 Hz
05:11:57.755 [AMR-03] STATE_TRANSITION PLANNING -> MOVING (intent=MOVE)
05:11:57.755 [AMR-03] PATH_PLANNED length=24 waypoints=[(12, 2), (11, 2), (10, 2), (9, 2), (8, 2)]...
05:11:57.756 WebSocket Server listening on ws://127.0.0.1:8003
05:11:57.756 [AMR-03] FRONTEND_CONNECTED ws://127.0.0.1:8003
05:11:57.756 [AMR-03] STATE_TRANSITION MOVING -> PLANNING (intent=MOVE)
05:11:57.756 [AMR-03] GOAL_SET goal=(12.0, 17.0)
05:11:57.856 [AMR-03] P2P: AMR-03 ↔ AMR-04 connected
05:11:57.856 [AMR-03] P2P: AMR-03 ↔ AMR-01 connected
05:11:57.856 [AMR-03] P2P: AMR-03 ↔ AMR-02 connected
05:11:57.858 [AMR-03] STATE_TRANSITION PLANNING -> MOVING (intent=MOVE)
05:11:57.858 [AMR-03] PATH_PLANNED length=24 waypoints=[(12, 2), (11, 2), (10, 2), (9, 2), (8, 2)]...
05:11:57.958 [AMR-03] STATE_TRANSITION MOVING -> EMERGENCY_STOP (intent=STOP)
05:11:57.958 [AMR-03] SAFETY_STOP min_obstacle_distance=1.01m <= 1.2m
05:11:58.059 [AMR-03] STATE_TRANSITION EMERGENCY_STOP -> MOVING (intent=MOVE)
05:11:58.159 [AMR-03] STATE_TRANSITION MOVING -> EMERGENCY_STOP (intent=STOP)
05:11:58.159 [AMR-03] SAFETY_STOP min_obstacle_distance=1.04m <= 1.2m
05:11:58.259 [AMR-03] STATE_TRANSITION EMERGENCY_STOP -> MOVING (intent=MOVE)
05:11:58.359 [AMR-03] STATE_TRANSITION MOVING -> EMERGENCY_STOP (intent=STOP)
05:11:58.359 [AMR-03] SAFETY_STOP min_obstacle_distance=1.10m <= 1.2m
05:11:58.460 [AMR-03] STATE_TRANSITION EMERGENCY_STOP -> MOVING (intent=MOVE)
05:11:58.562 [AMR-03] STATE_TRANSITION MOVING -> EMERGENCY_STOP (intent=STOP)
05:11:58.562 [AMR-03] SAFETY_STOP min_obstacle_distance=1.08m <= 1.2m
05:11:58.663 [AMR-03] STATE_TRANSITION EMERGENCY_STOP -> MOVING (intent=MOVE)
05:11:58.763 [AMR-03] STATE_TRANSITION MOVING -> EMERGENCY_STOP (intent=STOP)
05:11:58.763 [AMR-03] SAFETY_STOP min_obstacle_distance=1.03m <= 1.2m
05:11:58.864 [AMR-03] STATE_TRANSITION EMERGENCY_STOP -> MOVING (intent=MOVE)
05:11:58.965 [AMR-03] STATE_TRANSITION MOVING -> EMERGENCY_STOP (intent=STOP)
05:11:58.965 [AMR-03] SAFETY_STOP min_obstacle_distance=1.00m <= 1.2m
05:11:59.066 [AMR-03] STATE_TRANSITION EMERGENCY_STOP -> MOVING (intent=MOVE)
05:11:59.167 [AMR-03] STATE_TRANSITION MOVING -> EMERGENCY_STOP (intent=STOP)
05:11:59.167 [AMR-03] SAFETY_STOP min_obstacle_distance=1.00m <= 1.2m
05:11:59.267 [AMR-03] STATE_TRANSITION EMERGENCY_STOP -> MOVING (intent=MOVE)
05:11:59.368 [AMR-03] STATE_TRANSITION MOVING -> EMERGENCY_STOP (intent=STOP)
05:11:59.368 [AMR-03] SAFETY_STOP min_obstacle_distance=1.01m <= 1.2m
05:11:59.469 [AMR-03] STATE_TRANSITION EMERGENCY_STOP -> MOVING (intent=MOVE)
05:11:59.569 [AMR-03] STATE_TRANSITION MOVING -> EMERGENCY_STOP (intent=STOP)
05:11:59.569 [AMR-03] SAFETY_STOP min_obstacle_distance=1.04m <= 1.2m
05:11:59.670 [AMR-03] STATE_TRANSITION EMERGENCY_STOP -> MOVING (intent=MOVE)
05:11:59.770 [AMR-03] STATE_TRANSITION MOVING -> EMERGENCY_STOP (intent=STOP)
05:11:59.770 [AMR-03] SAFETY_STOP min_obstacle_distance=1.10m <= 1.2m
05:11:59.872 [AMR-03] STATE_TRANSITION EMERGENCY_STOP -> MOVING (intent=MOVE)
05:11:59.972 [AMR-03] STATE_TRANSITION MOVING -> EMERGENCY_STOP (intent=STOP)
05:11:59.973 [AMR-03] SAFETY_STOP min_obstacle_distance=1.08m <= 1.2m
05:12:00.074 [AMR-03] STATE_TRANSITION EMERGENCY_STOP -> MOVING (intent=MOVE)
05:12:00.175 [AMR-03] STATE_TRANSITION MOVING -> EMERGENCY_STOP (intent=STOP)
05:12:00.175 [AMR-03] SAFETY_STOP min_obstacle_distance=1.03m <= 1.2m
05:12:00.275 [AMR-03] STATE_TRANSITION EMERGENCY_STOP -> MOVING (intent=MOVE)
05:12:00.376 [AMR-03] STATE_TRANSITION MOVING -> EMERGENCY_STOP (intent=STOP)
05:12:00.376 [AMR-03] SAFETY_STOP min_obstacle_distance=1.00m <= 1.2m
05:12:00.477 [AMR-03] STATE_TRANSITION EMERGENCY_STOP -> MOVING (intent=MOVE)
05:12:00.578 [AMR-03] STATE_TRANSITION MOVING -> EMERGENCY_STOP (intent=STOP)
05:12:00.579 [AMR-03] SAFETY_STOP min_obstacle_distance=1.00m <= 1.2m
05:12:00.680 [AMR-03] STATE_TRANSITION EMERGENCY_STOP -> MOVING (intent=MOVE)
05:12:00.781 [AMR-03] STATE_TRANSITION MOVING -> EMERGENCY_STOP (intent=STOP)
05:12:00.781 [AMR-03] SAFETY_STOP min_obstacle_distance=1.01m <= 1.2m
05:12:00.881 [AMR-03] STATE_TRANSITION EMERGENCY_STOP -> MOVING (intent=MOVE)
05:12:00.982 [AMR-03] STATE_TRANSITION MOVING -> EMERGENCY_STOP (intent=STOP)
05:12:00.982 [AMR-03] SAFETY_STOP min_obstacle_distance=1.04m <= 1.2m
05:12:01.083 [AMR-03] STATE_TRANSITION EMERGENCY_STOP -> MOVING (intent=MOVE)
05:12:01.184 [AMR-03] STATE_TRANSITION MOVING -> EMERGENCY_STOP (intent=STOP)
05:12:01.184 [AMR-03] SAFETY_STOP min_obstacle_distance=1.10m <= 1.2m
05:12:01.284 [AMR-03] STATE_TRANSITION EMERGENCY_STOP -> MOVING (intent=MOVE)
05:12:01.384 [AMR-03] STATE_TRANSITION MOVING -> EMERGENCY_STOP (intent=STOP)
05:12:01.385 [AMR-03] SAFETY_STOP min_obstacle_distance=1.08m <= 1.2m
05:12:01.485 [AMR-03] STATE_TRANSITION EMERGENCY_STOP -> MOVING (intent=MOVE)
05:12:01.586 [AMR-03] STATE_TRANSITION MOVING -> EMERGENCY_STOP (intent=STOP)
05:12:01.586 [AMR-03] SAFETY_STOP min_obstacle_distance=1.03m <= 1.2m
05:12:01.687 [AMR-03] STATE_TRANSITION EMERGENCY_STOP -> MOVING (intent=MOVE)
05:12:01.787 [AMR-03] STATE_TRANSITION MOVING -> EMERGENCY_STOP (intent=STOP)
05:12:01.787 [AMR-03] SAFETY_STOP min_obstacle_distance=1.00m <= 1.2m
05:12:01.888 [AMR-03] STATE_TRANSITION EMERGENCY_STOP -> MOVING (intent=MOVE)
05:12:01.989 [AMR-03] STATE_TRANSITION MOVING -> EMERGENCY_STOP (intent=STOP)
05:12:01.990 [AMR-03] SAFETY_STOP min_obstacle_distance=1.00m <= 1.2m
05:12:02.090 [AMR-03] STATE_TRANSITION EMERGENCY_STOP -> MOVING (intent=MOVE)
05:12:02.190 [AMR-03] STATE_TRANSITION MOVING -> EMERGENCY_STOP (intent=STOP)
05:12:02.190 [AMR-03] SAFETY_STOP min_obstacle_distance=1.01m <= 1.2m
05:12:02.291 [AMR-03] STATE_TRANSITION EMERGENCY_STOP -> MOVING (intent=MOVE)
05:12:02.391 [AMR-03] STATE_TRANSITION MOVING -> EMERGENCY_STOP (intent=STOP)
05:12:02.391 [AMR-03] SAFETY_STOP min_obstacle_distance=1.04m <= 1.2m
05:12:02.492 [AMR-03] STATE_TRANSITION EMERGENCY_STOP -> MOVING (intent=MOVE)
05:12:02.593 [AMR-03] STATE_TRANSITION MOVING -> EMERGENCY_STOP (intent=STOP)
05:12:02.593 [AMR-03] SAFETY_STOP min_obstacle_distance=1.10m <= 1.2m
05:12:02.693 [AMR-03] STATE_TRANSITION EMERGENCY_STOP -> MOVING (intent=MOVE)
05:12:02.793 [AMR-03] STATE_TRANSITION MOVING -> EMERGENCY_STOP (intent=STOP)
05:12:02.793 [AMR-03] SAFETY_STOP min_obstacle_distance=1.08m <= 1.2m
05:12:02.894 [AMR-03] STATE_TRANSITION EMERGENCY_STOP -> MOVING (intent=MOVE)
05:12:02.995 [AMR-03] STATE_TRANSITION MOVING -> EMERGENCY_STOP (intent=STOP)
05:12:02.995 [AMR-03] SAFETY_STOP min_obstacle_distance=1.03m <= 1.2m
05:12:03.095 [AMR-03] STATE_TRANSITION EMERGENCY_STOP -> MOVING (intent=MOVE)
05:12:03.196 [AMR-03] STATE_TRANSITION MOVING -> EMERGENCY_STOP (intent=STOP)
05:12:03.196 [AMR-03] SAFETY_STOP min_obstacle_distance=1.00m <= 1.2m
05:12:03.297 [AMR-03] STATE_TRANSITION EMERGENCY_STOP -> MOVING (intent=MOVE)
05:12:03.397 [AMR-03] STATE_TRANSITION MOVING -> EMERGENCY_STOP (intent=STOP)
05:12:03.397 [AMR-03] SAFETY_STOP min_obstacle_distance=1.00m <= 1.2m
05:12:03.498 [AMR-03] STATE_TRANSITION EMERGENCY_STOP -> MOVING (intent=MOVE)
05:12:03.599 [AMR-03] STATE_TRANSITION MOVING -> EMERGENCY_STOP (intent=STOP)
05:12:03.599 [AMR-03] SAFETY_STOP min_obstacle_distance=1.01m <= 1.2m
05:12:03.699 [AMR-03] STATE_TRANSITION EMERGENCY_STOP -> MOVING (intent=MOVE)
05:12:03.800 [AMR-03] STATE_TRANSITION MOVING -> EMERGENCY_STOP (intent=STOP)
05:12:03.800 [AMR-03] SAFETY_STOP min_obstacle_distance=1.04m <= 1.2m
05:12:03.901 [AMR-03] STATE_TRANSITION EMERGENCY_STOP -> MOVING (intent=MOVE)
05:12:04.002 [AMR-03] STATE_TRANSITION MOVING -> EMERGENCY_STOP (intent=STOP)
05:12:04.002 [AMR-03] SAFETY_STOP min_obstacle_distance=1.10m <= 1.2m
05:12:04.103 [AMR-03] STATE_TRANSITION EMERGENCY_STOP -> MOVING (intent=MOVE)
05:12:04.203 [AMR-03] STATE_TRANSITION MOVING -> EMERGENCY_STOP (intent=STOP)
05:12:04.203 [AMR-03] SAFETY_STOP min_obstacle_distance=1.08m <= 1.2m
05:12:04.304 [AMR-03] STATE_TRANSITION EMERGENCY_STOP -> MOVING (intent=MOVE)
05:12:04.405 [AMR-03] STATE_TRANSITION MOVING -> EMERGENCY_STOP (intent=STOP)
05:12:04.405 [AMR-03] SAFETY_STOP min_obstacle_distance=1.03m <= 1.2m
05:12:04.505 [AMR-03] STATE_TRANSITION EMERGENCY_STOP -> MOVING (intent=MOVE)
05:12:04.606 [AMR-03] STATE_TRANSITION MOVING -> EMERGENCY_STOP (intent=STOP)
05:12:04.606 [AMR-03] SAFETY_STOP min_obstacle_distance=1.00m <= 1.2m
05:12:04.708 [AMR-03] STATE_TRANSITION EMERGENCY_STOP -> MOVING (intent=MOVE)
05:12:04.808 [AMR-03] STATE_TRANSITION MOVING -> EMERGENCY_STOP (intent=STOP)
05:12:04.808 [AMR-03] SAFETY_STOP min_obstacle_distance=1.00m <= 1.2m
05:12:04.909 [AMR-03] STATE_TRANSITION EMERGENCY_STOP -> MOVING (intent=MOVE)
05:12:05.010 [AMR-03] STATE_TRANSITION MOVING -> EMERGENCY_STOP (intent=STOP)
05:12:05.010 [AMR-03] SAFETY_STOP min_obstacle_distance=1.01m <= 1.2m
05:12:05.111 [AMR-03] STATE_TRANSITION EMERGENCY_STOP -> MOVING (intent=MOVE)
05:12:05.211 [AMR-03] STATE_TRANSITION MOVING -> EMERGENCY_STOP (intent=STOP)
05:12:05.211 [AMR-03] SAFETY_STOP min_obstacle_distance=1.04m <= 1.2m
05:12:05.312 [AMR-03] STATE_TRANSITION EMERGENCY_STOP -> MOVING (intent=MOVE)
05:12:05.412 [AMR-03] STATE_TRANSITION MOVING -> EMERGENCY_STOP (intent=STOP)
05:12:05.412 [AMR-03] SAFETY_STOP min_obstacle_distance=1.10m <= 1.2m
05:12:05.514 [AMR-03] STATE_TRANSITION EMERGENCY_STOP -> MOVING (intent=MOVE)
05:12:05.614 [AMR-03] STATE_TRANSITION MOVING -> EMERGENCY_STOP (intent=STOP)
05:12:05.615 [AMR-03] SAFETY_STOP min_obstacle_distance=1.17m <= 1.2m
05:12:05.716 [AMR-03] STATE_TRANSITION EMERGENCY_STOP -> MOVING (intent=MOVE)
05:12:06.321 [AMR-03] STATE_TRANSITION MOVING -> EMERGENCY_STOP (intent=STOP)
05:12:06.321 [AMR-03] SAFETY_STOP min_obstacle_distance=1.14m <= 1.2m
05:12:06.421 [AMR-03] STATE_TRANSITION EMERGENCY_STOP -> MOVING (intent=MOVE)
05:12:06.521 [AMR-03] STATE_TRANSITION MOVING -> EMERGENCY_STOP (intent=STOP)
05:12:06.522 [AMR-03] SAFETY_STOP min_obstacle_distance=1.07m <= 1.2m
05:12:06.622 [AMR-03] STATE_TRANSITION EMERGENCY_STOP -> MOVING (intent=MOVE)
05:12:06.722 [AMR-03] STATE_TRANSITION MOVING -> EMERGENCY_STOP (intent=STOP)
05:12:06.723 [AMR-03] SAFETY_STOP min_obstacle_distance=1.03m <= 1.2m
05:12:06.823 [AMR-03] STATE_TRANSITION EMERGENCY_STOP -> MOVING (intent=MOVE)
05:12:06.924 [AMR-03] STATE_TRANSITION MOVING -> EMERGENCY_STOP (intent=STOP)
05:12:06.924 [AMR-03] SAFETY_STOP min_obstacle_distance=1.00m <= 1.2m
05:12:07.025 [AMR-03] STATE_TRANSITION EMERGENCY_STOP -> MOVING (intent=MOVE)
05:12:07.126 [AMR-03] STATE_TRANSITION MOVING -> EMERGENCY_STOP (intent=STOP)
05:12:07.126 [AMR-03] SAFETY_STOP min_obstacle_distance=1.00m <= 1.2m
05:12:07.226 [AMR-03] STATE_TRANSITION EMERGENCY_STOP -> MOVING (intent=MOVE)
05:12:07.327 [AMR-03] STATE_TRANSITION MOVING -> EMERGENCY_STOP (intent=STOP)
05:12:07.327 [AMR-03] SAFETY_STOP min_obstacle_distance=1.01m <= 1.2m
05:12:07.428 [AMR-03] STATE_TRANSITION EMERGENCY_STOP -> MOVING (intent=MOVE)
05:12:07.528 [AMR-03] STATE_TRANSITION MOVING -> EMERGENCY_STOP (intent=STOP)
05:12:07.528 [AMR-03] SAFETY_STOP min_obstacle_distance=1.04m <= 1.2m
05:12:07.629 [AMR-03] STATE_TRANSITION EMERGENCY_STOP -> MOVING (intent=MOVE)
05:12:07.730 [AMR-03] STATE_TRANSITION MOVING -> EMERGENCY_STOP (intent=STOP)
05:12:07.730 [AMR-03] SAFETY_STOP min_obstacle_distance=1.10m <= 1.2m
05:12:07.831 [AMR-03] STATE_TRANSITION EMERGENCY_STOP -> MOVING (intent=MOVE)
05:12:07.930 [AMR-03] STATE_TRANSITION MOVING -> EMERGENCY_STOP (intent=STOP)
05:12:07.931 [AMR-03] SAFETY_STOP min_obstacle_distance=1.08m <= 1.2m
05:12:08.032 [AMR-03] STATE_TRANSITION EMERGENCY_STOP -> MOVING (intent=MOVE)
05:12:08.132 [AMR-03] STATE_TRANSITION MOVING -> EMERGENCY_STOP (intent=STOP)
05:12:08.132 [AMR-03] SAFETY_STOP min_obstacle_distance=1.03m <= 1.2m
05:12:08.233 [AMR-03] STATE_TRANSITION EMERGENCY_STOP -> MOVING (intent=MOVE)
05:12:08.334 [AMR-03] STATE_TRANSITION MOVING -> EMERGENCY_STOP (intent=STOP)
05:12:08.334 [AMR-03] SAFETY_STOP min_obstacle_distance=1.00m <= 1.2m
05:12:08.436 [AMR-03] STATE_TRANSITION EMERGENCY_STOP -> MOVING (intent=MOVE)
05:12:08.536 [AMR-03] STATE_TRANSITION MOVING -> EMERGENCY_STOP (intent=STOP)
05:12:08.536 [AMR-03] SAFETY_STOP min_obstacle_distance=1.00m <= 1.2m
05:12:08.638 [AMR-03] STATE_TRANSITION EMERGENCY_STOP -> MOVING (intent=MOVE)
05:12:08.738 [AMR-03] STATE_TRANSITION MOVING -> EMERGENCY_STOP (intent=STOP)
05:12:08.738 [AMR-03] SAFETY_STOP min_obstacle_distance=1.01m <= 1.2m
05:12:08.839 [AMR-03] STATE_TRANSITION EMERGENCY_STOP -> MOVING (intent=MOVE)
05:12:08.939 [AMR-03] STATE_TRANSITION MOVING -> EMERGENCY_STOP (intent=STOP)
05:12:08.939 [AMR-03] SAFETY_STOP min_obstacle_distance=1.04m <= 1.2m
05:12:09.040 [AMR-03] STATE_TRANSITION EMERGENCY_STOP -> MOVING (intent=MOVE)
05:12:09.141 [AMR-03] STATE_TRANSITION MOVING -> EMERGENCY_STOP (intent=STOP)
05:12:09.141 [AMR-03] SAFETY_STOP min_obstacle_distance=1.10m <= 1.2m
05:12:09.243 [AMR-03] STATE_TRANSITION EMERGENCY_STOP -> MOVING (intent=MOVE)
05:12:09.343 [AMR-03] STATE_TRANSITION MOVING -> EMERGENCY_STOP (intent=STOP)
05:12:09.344 [AMR-03] SAFETY_STOP min_obstacle_distance=1.17m <= 1.2m
05:12:09.444 [AMR-03] STATE_TRANSITION EMERGENCY_STOP -> MOVING (intent=MOVE)
05:12:10.049 [AMR-03] STATE_TRANSITION MOVING -> EMERGENCY_STOP (intent=STOP)
05:12:10.049 [AMR-03] SAFETY_STOP min_obstacle_distance=1.14m <= 1.2m
05:12:10.150 [AMR-03] STATE_TRANSITION EMERGENCY_STOP -> MOVING (intent=MOVE)
05:12:10.251 [AMR-03] STATE_TRANSITION MOVING -> EMERGENCY_STOP (intent=STOP)
05:12:10.251 [AMR-03] SAFETY_STOP min_obstacle_distance=1.08m <= 1.2m
05:12:10.353 [AMR-03] STATE_TRANSITION EMERGENCY_STOP -> MOVING (intent=MOVE)
05:12:10.453 [AMR-03] STATE_TRANSITION MOVING -> EMERGENCY_STOP (intent=STOP)
05:12:10.453 [AMR-03] SAFETY_STOP min_obstacle_distance=1.03m <= 1.2m
05:12:10.554 [AMR-03] STATE_TRANSITION EMERGENCY_STOP -> MOVING (intent=MOVE)
05:12:10.654 [AMR-03] STATE_TRANSITION MOVING -> EMERGENCY_STOP (intent=STOP)
05:12:10.654 [AMR-03] SAFETY_STOP min_obstacle_distance=1.00m <= 1.2m
05:12:10.754 [AMR-03] STATE_TRANSITION EMERGENCY_STOP -> MOVING (intent=MOVE)
05:12:10.855 [AMR-03] STATE_TRANSITION MOVING -> EMERGENCY_STOP (intent=STOP)
05:12:10.855 [AMR-03] SAFETY_STOP min_obstacle_distance=1.00m <= 1.2m
05:12:10.956 [AMR-03] STATE_TRANSITION EMERGENCY_STOP -> MOVING (intent=MOVE)
05:12:11.057 [AMR-03] STATE_TRANSITION MOVING -> EMERGENCY_STOP (intent=STOP)
05:12:11.057 [AMR-03] SAFETY_STOP min_obstacle_distance=1.01m <= 1.2m
05:12:11.158 [AMR-03] STATE_TRANSITION EMERGENCY_STOP -> MOVING (intent=MOVE)
05:12:11.258 [AMR-03] STATE_TRANSITION MOVING -> EMERGENCY_STOP (intent=STOP)
05:12:11.259 [AMR-03] SAFETY_STOP min_obstacle_distance=1.04m <= 1.2m
05:12:11.337 Frontend simulation connected from 127.0.0.1:36042
05:12:11.342 [AMR-03] STATE_TRANSITION EMERGENCY_STOP -> PLANNING (intent=MOVE)
05:12:11.342 [AMR-03] GOAL_SET goal=(12.0, 17.0)
05:12:11.361 [AMR-03] STATE_TRANSITION PLANNING -> MOVING (intent=MOVE)
05:12:11.362 [AMR-03] PATH_PLANNED length=16 waypoints=[(8, 6), (8, 7), (8, 8), (8, 9), (8, 10)]...
05:12:11.461 [AMR-03] STATE_TRANSITION MOVING -> EMERGENCY_STOP (intent=STOP)
05:12:11.461 [AMR-03] SAFETY_STOP min_obstacle_distance=1.10m <= 1.2m
05:12:11.562 [AMR-03] STATE_TRANSITION EMERGENCY_STOP -> MOVING (intent=MOVE)
05:12:11.663 [AMR-03] STATE_TRANSITION MOVING -> EMERGENCY_STOP (intent=STOP)
05:12:11.663 [AMR-03] SAFETY_STOP min_obstacle_distance=1.07m <= 1.2m
05:12:11.765 [AMR-03] STATE_TRANSITION EMERGENCY_STOP -> MOVING (intent=MOVE)
05:12:11.866 [AMR-03] STATE_TRANSITION MOVING -> EMERGENCY_STOP (intent=STOP)
05:12:11.866 [AMR-03] SAFETY_STOP min_obstacle_distance=1.03m <= 1.2m
05:12:11.967 [AMR-03] STATE_TRANSITION EMERGENCY_STOP -> MOVING (intent=MOVE)
05:12:12.068 [AMR-03] STATE_TRANSITION MOVING -> EMERGENCY_STOP (intent=STOP)
05:12:12.069 [AMR-03] SAFETY_STOP min_obstacle_distance=1.00m <= 1.2m
05:12:12.169 [AMR-03] STATE_TRANSITION EMERGENCY_STOP -> MOVING (intent=MOVE)
05:12:12.270 [AMR-03] STATE_TRANSITION MOVING -> EMERGENCY_STOP (intent=STOP)
05:12:12.270 [AMR-03] SAFETY_STOP min_obstacle_distance=1.00m <= 1.2m
05:12:12.371 [AMR-03] STATE_TRANSITION EMERGENCY_STOP -> MOVING (intent=MOVE)
05:12:12.470 [AMR-03] STATE_TRANSITION MOVING -> EMERGENCY_STOP (intent=STOP)
05:12:12.470 [AMR-03] SAFETY_STOP min_obstacle_distance=1.00m <= 1.2m
05:12:12.575 [AMR-03] STATE_TRANSITION EMERGENCY_STOP -> MOVING (intent=MOVE)
05:12:12.673 [AMR-03] STATE_TRANSITION MOVING -> EMERGENCY_STOP (intent=STOP)
05:12:12.673 [AMR-03] SAFETY_STOP min_obstacle_distance=0.86m <= 1.2m
05:12:12.775 [AMR-03] STATE_TRANSITION EMERGENCY_STOP -> MOVING (intent=MOVE)
05:12:12.875 [AMR-03] STATE_TRANSITION MOVING -> EMERGENCY_STOP (intent=STOP)
05:12:12.875 [AMR-03] SAFETY_STOP min_obstacle_distance=0.72m <= 1.2m
05:12:12.976 [AMR-03] STATE_TRANSITION EMERGENCY_STOP -> MOVING (intent=MOVE)
05:12:13.078 [AMR-03] STATE_TRANSITION MOVING -> EMERGENCY_STOP (intent=STOP)
05:12:13.079 [AMR-03] SAFETY_STOP min_obstacle_distance=0.59m <= 1.2m
05:12:13.179 [AMR-03] STATE_TRANSITION EMERGENCY_STOP -> MOVING (intent=MOVE)
05:12:13.280 [AMR-03] STATE_TRANSITION MOVING -> EMERGENCY_STOP (intent=STOP)
05:12:13.280 [AMR-03] SAFETY_STOP min_obstacle_distance=0.47m <= 1.2m
05:12:13.380 [AMR-03] STATE_TRANSITION EMERGENCY_STOP -> MOVING (intent=MOVE)
05:12:13.480 [AMR-03] STATE_TRANSITION MOVING -> EMERGENCY_STOP (intent=STOP)
05:12:13.480 [AMR-03] SAFETY_STOP min_obstacle_distance=0.86m <= 1.2m
05:12:13.581 [AMR-03] STATE_TRANSITION EMERGENCY_STOP -> MOVING (intent=MOVE)
05:12:13.681 [AMR-03] STATE_TRANSITION MOVING -> EMERGENCY_STOP (intent=STOP)
05:12:13.681 [AMR-03] SAFETY_STOP min_obstacle_distance=0.72m <= 1.2m
05:12:13.784 [AMR-03] STATE_TRANSITION EMERGENCY_STOP -> MOVING (intent=MOVE)
05:12:13.884 [AMR-03] STATE_TRANSITION MOVING -> EMERGENCY_STOP (intent=STOP)
05:12:13.884 [AMR-03] SAFETY_STOP min_obstacle_distance=0.59m <= 1.2m
05:12:13.985 [AMR-03] STATE_TRANSITION EMERGENCY_STOP -> MOVING (intent=MOVE)
05:12:14.087 [AMR-03] STATE_TRANSITION MOVING -> EMERGENCY_STOP (intent=STOP)
05:12:14.087 [AMR-03] SAFETY_STOP min_obstacle_distance=0.47m <= 1.2m
05:12:14.188 [AMR-03] STATE_TRANSITION EMERGENCY_STOP -> MOVING (intent=MOVE)
05:12:14.288 [AMR-03] STATE_TRANSITION MOVING -> EMERGENCY_STOP (intent=STOP)
05:12:14.288 [AMR-03] SAFETY_STOP min_obstacle_distance=0.37m <= 1.2m
05:12:14.391 [AMR-03] STATE_TRANSITION EMERGENCY_STOP -> MOVING (intent=MOVE)
05:12:14.492 [AMR-03] STATE_TRANSITION MOVING -> EMERGENCY_STOP (intent=STOP)
05:12:14.492 [AMR-03] SAFETY_STOP min_obstacle_distance=0.86m <= 1.2m
05:12:14.592 [AMR-03] STATE_TRANSITION EMERGENCY_STOP -> MOVING (intent=MOVE)
05:12:14.694 [AMR-03] STATE_TRANSITION MOVING -> EMERGENCY_STOP (intent=STOP)
05:12:14.694 [AMR-03] SAFETY_STOP min_obstacle_distance=0.72m <= 1.2m
05:12:14.795 [AMR-03] STATE_TRANSITION EMERGENCY_STOP -> MOVING (intent=MOVE)
05:12:14.896 [AMR-03] STATE_TRANSITION MOVING -> EMERGENCY_STOP (intent=STOP)
05:12:14.896 [AMR-03] SAFETY_STOP min_obstacle_distance=0.59m <= 1.2m
05:12:14.997 [AMR-03] STATE_TRANSITION EMERGENCY_STOP -> MOVING (intent=MOVE)
05:12:15.098 [AMR-03] STATE_TRANSITION MOVING -> EMERGENCY_STOP (intent=STOP)
05:12:15.098 [AMR-03] SAFETY_STOP min_obstacle_distance=0.47m <= 1.2m
05:12:15.200 [AMR-03] STATE_TRANSITION EMERGENCY_STOP -> MOVING (intent=MOVE)
05:12:15.300 [AMR-03] STATE_TRANSITION MOVING -> EMERGENCY_STOP (intent=STOP)
05:12:15.300 [AMR-03] SAFETY_STOP min_obstacle_distance=0.37m <= 1.2m
05:12:15.401 [AMR-03] STATE_TRANSITION EMERGENCY_STOP -> MOVING (intent=MOVE)
05:12:15.501 [AMR-03] STATE_TRANSITION MOVING -> EMERGENCY_STOP (intent=STOP)
05:12:15.501 [AMR-03] SAFETY_STOP min_obstacle_distance=0.86m <= 1.2m
05:12:15.602 [AMR-03] STATE_TRANSITION EMERGENCY_STOP -> MOVING (intent=MOVE)
05:12:15.702 [AMR-03] STATE_TRANSITION MOVING -> EMERGENCY_STOP (intent=STOP)
05:12:15.702 [AMR-03] SAFETY_STOP min_obstacle_distance=0.72m <= 1.2m
05:12:15.802 [AMR-03] STATE_TRANSITION EMERGENCY_STOP -> MOVING (intent=MOVE)
05:12:15.903 [AMR-03] STATE_TRANSITION MOVING -> EMERGENCY_STOP (intent=STOP)
05:12:15.903 [AMR-03] SAFETY_STOP min_obstacle_distance=0.59m <= 1.2m
05:12:16.007 [AMR-03] STATE_TRANSITION EMERGENCY_STOP -> MOVING (intent=MOVE)
05:12:16.107 [AMR-03] STATE_TRANSITION MOVING -> EMERGENCY_STOP (intent=STOP)
05:12:16.107 [AMR-03] SAFETY_STOP min_obstacle_distance=0.47m <= 1.2m
05:12:16.207 [AMR-03] STATE_TRANSITION EMERGENCY_STOP -> MOVING (intent=MOVE)
05:12:16.308 [AMR-03] STATE_TRANSITION MOVING -> EMERGENCY_STOP (intent=STOP)
05:12:16.308 [AMR-03] SAFETY_STOP min_obstacle_distance=0.37m <= 1.2m
05:12:16.408 [AMR-03] STATE_TRANSITION EMERGENCY_STOP -> MOVING (intent=MOVE)
05:12:16.508 [AMR-03] STATE_TRANSITION MOVING -> EMERGENCY_STOP (intent=STOP)
05:12:16.508 [AMR-03] SAFETY_STOP min_obstacle_distance=0.86m <= 1.2m
05:12:16.609 [AMR-03] STATE_TRANSITION EMERGENCY_STOP -> MOVING (intent=MOVE)
05:12:16.710 [AMR-03] STATE_TRANSITION MOVING -> EMERGENCY_STOP (intent=STOP)
05:12:16.710 [AMR-03] SAFETY_STOP min_obstacle_distance=0.72m <= 1.2m
05:12:16.811 [AMR-03] STATE_TRANSITION EMERGENCY_STOP -> MOVING (intent=MOVE)
05:12:16.911 [AMR-03] STATE_TRANSITION MOVING -> EMERGENCY_STOP (intent=STOP)
05:12:16.911 [AMR-03] SAFETY_STOP min_obstacle_distance=0.59m <= 1.2m
05:12:17.012 [AMR-03] STATE_TRANSITION EMERGENCY_STOP -> MOVING (intent=MOVE)
05:12:17.113 [AMR-03] STATE_TRANSITION MOVING -> EMERGENCY_STOP (intent=STOP)
05:12:17.114 [AMR-03] SAFETY_STOP min_obstacle_distance=0.47m <= 1.2m
05:12:17.214 [AMR-03] STATE_TRANSITION EMERGENCY_STOP -> MOVING (intent=MOVE)
05:12:17.315 [AMR-03] STATE_TRANSITION MOVING -> EMERGENCY_STOP (intent=STOP)
05:12:17.315 [AMR-03] SAFETY_STOP min_obstacle_distance=0.37m <= 1.2m
05:12:17.415 [AMR-03] STATE_TRANSITION EMERGENCY_STOP -> MOVING (intent=MOVE)
05:12:17.516 [AMR-03] STATE_TRANSITION MOVING -> EMERGENCY_STOP (intent=STOP)
05:12:17.516 [AMR-03] SAFETY_STOP min_obstacle_distance=0.86m <= 1.2m
05:12:17.617 [AMR-03] STATE_TRANSITION EMERGENCY_STOP -> MOVING (intent=MOVE)
05:12:17.718 [AMR-03] STATE_TRANSITION MOVING -> EMERGENCY_STOP (intent=STOP)
05:12:17.718 [AMR-03] SAFETY_STOP min_obstacle_distance=0.72m <= 1.2m
05:12:17.819 [AMR-03] STATE_TRANSITION EMERGENCY_STOP -> MOVING (intent=MOVE)
05:12:17.919 [AMR-03] STATE_TRANSITION MOVING -> EMERGENCY_STOP (intent=STOP)
05:12:17.919 [AMR-03] SAFETY_STOP min_obstacle_distance=0.59m <= 1.2m
05:12:18.020 [AMR-03] STATE_TRANSITION EMERGENCY_STOP -> MOVING (intent=MOVE)
05:12:18.120 [AMR-03] STATE_TRANSITION MOVING -> EMERGENCY_STOP (intent=STOP)
05:12:18.120 [AMR-03] SAFETY_STOP min_obstacle_distance=0.47m <= 1.2m
05:12:18.221 [AMR-03] STATE_TRANSITION EMERGENCY_STOP -> MOVING (intent=MOVE)
05:12:18.321 [AMR-03] STATE_TRANSITION MOVING -> EMERGENCY_STOP (intent=STOP)
05:12:18.321 [AMR-03] SAFETY_STOP min_obstacle_distance=0.37m <= 1.2m
05:12:18.421 [AMR-03] STATE_TRANSITION EMERGENCY_STOP -> MOVING (intent=MOVE)
05:12:18.521 [AMR-03] STATE_TRANSITION MOVING -> EMERGENCY_STOP (intent=STOP)
05:12:18.521 [AMR-03] SAFETY_STOP min_obstacle_distance=0.86m <= 1.2m
05:12:18.623 [AMR-03] STATE_TRANSITION EMERGENCY_STOP -> MOVING (intent=MOVE)
05:12:18.723 [AMR-03] STATE_TRANSITION MOVING -> EMERGENCY_STOP (intent=STOP)
05:12:18.723 [AMR-03] SAFETY_STOP min_obstacle_distance=0.72m <= 1.2m
05:12:18.824 [AMR-03] STATE_TRANSITION EMERGENCY_STOP -> MOVING (intent=MOVE)
05:12:18.924 [AMR-03] STATE_TRANSITION MOVING -> EMERGENCY_STOP (intent=STOP)
05:12:18.924 [AMR-03] SAFETY_STOP min_obstacle_distance=0.59m <= 1.2m
05:12:19.025 [AMR-03] STATE_TRANSITION EMERGENCY_STOP -> MOVING (intent=MOVE)
05:12:19.126 [AMR-03] STATE_TRANSITION MOVING -> EMERGENCY_STOP (intent=STOP)
05:12:19.126 [AMR-03] SAFETY_STOP min_obstacle_distance=0.47m <= 1.2m
05:12:19.227 [AMR-03] STATE_TRANSITION EMERGENCY_STOP -> MOVING (intent=MOVE)
05:12:19.329 [AMR-03] STATE_TRANSITION MOVING -> EMERGENCY_STOP (intent=STOP)
05:12:19.329 [AMR-03] SAFETY_STOP min_obstacle_distance=0.37m <= 1.2m
05:12:19.429 [AMR-03] STATE_TRANSITION EMERGENCY_STOP -> MOVING (intent=MOVE)
05:12:19.529 [AMR-03] STATE_TRANSITION MOVING -> EMERGENCY_STOP (intent=STOP)
05:12:19.529 [AMR-03] SAFETY_STOP min_obstacle_distance=0.86m <= 1.2m
05:12:19.631 [AMR-03] STATE_TRANSITION EMERGENCY_STOP -> MOVING (intent=MOVE)
05:12:19.731 [AMR-03] STATE_TRANSITION MOVING -> EMERGENCY_STOP (intent=STOP)
05:12:19.731 [AMR-03] SAFETY_STOP min_obstacle_distance=0.72m <= 1.2m
05:12:19.832 [AMR-03] STATE_TRANSITION EMERGENCY_STOP -> MOVING (intent=MOVE)
05:12:19.932 [AMR-03] STATE_TRANSITION MOVING -> EMERGENCY_STOP (intent=STOP)
05:12:19.933 [AMR-03] SAFETY_STOP min_obstacle_distance=0.59m <= 1.2m
05:12:20.033 [AMR-03] STATE_TRANSITION EMERGENCY_STOP -> MOVING (intent=MOVE)
05:12:20.133 [AMR-03] STATE_TRANSITION MOVING -> EMERGENCY_STOP (intent=STOP)
05:12:20.134 [AMR-03] SAFETY_STOP min_obstacle_distance=0.47m <= 1.2m
05:12:20.234 [AMR-03] STATE_TRANSITION EMERGENCY_STOP -> MOVING (intent=MOVE)
05:12:20.335 [AMR-03] STATE_TRANSITION MOVING -> EMERGENCY_STOP (intent=STOP)
05:12:20.335 [AMR-03] SAFETY_STOP min_obstacle_distance=0.37m <= 1.2m
05:12:20.435 [AMR-03] STATE_TRANSITION EMERGENCY_STOP -> MOVING (intent=MOVE)
05:12:20.536 [AMR-03] STATE_TRANSITION MOVING -> EMERGENCY_STOP (intent=STOP)
05:12:20.536 [AMR-03] SAFETY_STOP min_obstacle_distance=0.86m <= 1.2m
05:12:20.636 [AMR-03] STATE_TRANSITION EMERGENCY_STOP -> MOVING (intent=MOVE)
05:12:20.737 [AMR-03] STATE_TRANSITION MOVING -> EMERGENCY_STOP (intent=STOP)
05:12:20.737 [AMR-03] SAFETY_STOP min_obstacle_distance=0.72m <= 1.2m
05:12:20.838 [AMR-03] STATE_TRANSITION EMERGENCY_STOP -> MOVING (intent=MOVE)
05:12:20.939 [AMR-03] STATE_TRANSITION MOVING -> EMERGENCY_STOP (intent=STOP)
05:12:20.939 [AMR-03] SAFETY_STOP min_obstacle_distance=0.59m <= 1.2m
05:12:21.040 [AMR-03] STATE_TRANSITION EMERGENCY_STOP -> MOVING (intent=MOVE)
05:12:21.140 [AMR-03] STATE_TRANSITION MOVING -> EMERGENCY_STOP (intent=STOP)
05:12:21.140 [AMR-03] SAFETY_STOP min_obstacle_distance=0.47m <= 1.2m
05:12:21.241 [AMR-03] STATE_TRANSITION EMERGENCY_STOP -> MOVING (intent=MOVE)
05:12:21.342 [AMR-03] STATE_TRANSITION MOVING -> EMERGENCY_STOP (intent=STOP)
05:12:21.342 [AMR-03] SAFETY_STOP min_obstacle_distance=0.37m <= 1.2m
05:12:21.443 [AMR-03] STATE_TRANSITION EMERGENCY_STOP -> MOVING (intent=MOVE)
05:12:21.543 [AMR-03] STATE_TRANSITION MOVING -> EMERGENCY_STOP (intent=STOP)
05:12:21.543 [AMR-03] SAFETY_STOP min_obstacle_distance=0.86m <= 1.2m
05:12:21.645 [AMR-03] STATE_TRANSITION EMERGENCY_STOP -> MOVING (intent=MOVE)
05:12:21.745 [AMR-03] STATE_TRANSITION MOVING -> EMERGENCY_STOP (intent=STOP)
05:12:21.745 [AMR-03] SAFETY_STOP min_obstacle_distance=0.72m <= 1.2m
05:12:21.846 [AMR-03] STATE_TRANSITION EMERGENCY_STOP -> MOVING (intent=MOVE)
05:12:21.947 [AMR-03] STATE_TRANSITION MOVING -> EMERGENCY_STOP (intent=STOP)
05:12:21.947 [AMR-03] SAFETY_STOP min_obstacle_distance=0.59m <= 1.2m
05:12:22.048 [AMR-03] STATE_TRANSITION EMERGENCY_STOP -> MOVING (intent=MOVE)
05:12:22.148 [AMR-03] STATE_TRANSITION MOVING -> EMERGENCY_STOP (intent=STOP)
05:12:22.149 [AMR-03] SAFETY_STOP min_obstacle_distance=0.47m <= 1.2m
05:12:22.250 [AMR-03] STATE_TRANSITION EMERGENCY_STOP -> MOVING (intent=MOVE)
05:12:22.350 [AMR-03] STATE_TRANSITION MOVING -> EMERGENCY_STOP (intent=STOP)
05:12:22.350 [AMR-03] SAFETY_STOP min_obstacle_distance=1.00m <= 1.2m
05:12:22.451 [AMR-03] STATE_TRANSITION EMERGENCY_STOP -> MOVING (intent=MOVE)
05:12:22.551 [AMR-03] STATE_TRANSITION MOVING -> EMERGENCY_STOP (intent=STOP)
05:12:22.551 [AMR-03] SAFETY_STOP min_obstacle_distance=0.86m <= 1.2m
05:12:22.652 [AMR-03] STATE_TRANSITION EMERGENCY_STOP -> MOVING (intent=MOVE)
05:12:22.752 [AMR-03] STATE_TRANSITION MOVING -> EMERGENCY_STOP (intent=STOP)
05:12:22.752 [AMR-03] SAFETY_STOP min_obstacle_distance=0.72m <= 1.2m
05:12:22.853 [AMR-03] STATE_TRANSITION EMERGENCY_STOP -> MOVING (intent=MOVE)
05:12:22.953 [AMR-03] STATE_TRANSITION MOVING -> EMERGENCY_STOP (intent=STOP)
05:12:22.953 [AMR-03] SAFETY_STOP min_obstacle_distance=0.59m <= 1.2m
05:12:23.054 [AMR-03] STATE_TRANSITION EMERGENCY_STOP -> MOVING (intent=MOVE)
05:12:23.154 [AMR-03] STATE_TRANSITION MOVING -> EMERGENCY_STOP (intent=STOP)
05:12:23.154 [AMR-03] SAFETY_STOP min_obstacle_distance=0.47m <= 1.2m
05:12:23.254 [AMR-03] STATE_TRANSITION EMERGENCY_STOP -> MOVING (intent=MOVE)
05:12:23.355 [AMR-03] STATE_TRANSITION MOVING -> EMERGENCY_STOP (intent=STOP)
05:12:23.355 [AMR-03] SAFETY_STOP min_obstacle_distance=1.00m <= 1.2m
05:12:23.456 [AMR-03] STATE_TRANSITION EMERGENCY_STOP -> MOVING (intent=MOVE)
05:12:23.557 [AMR-03] STATE_TRANSITION MOVING -> EMERGENCY_STOP (intent=STOP)
05:12:23.557 [AMR-03] SAFETY_STOP min_obstacle_distance=0.86m <= 1.2m
05:12:23.658 [AMR-03] STATE_TRANSITION EMERGENCY_STOP -> MOVING (intent=MOVE)
05:12:23.759 [AMR-03] STATE_TRANSITION MOVING -> EMERGENCY_STOP (intent=STOP)
05:12:23.759 [AMR-03] SAFETY_STOP min_obstacle_distance=0.72m <= 1.2m
05:12:23.860 [AMR-03] STATE_TRANSITION EMERGENCY_STOP -> MOVING (intent=MOVE)
05:12:23.961 [AMR-03] STATE_TRANSITION MOVING -> EMERGENCY_STOP (intent=STOP)
05:12:23.961 [AMR-03] SAFETY_STOP min_obstacle_distance=0.00m <= 1.2m
05:12:24.062 [AMR-03] STATE_TRANSITION EMERGENCY_STOP -> MOVING (intent=MOVE)
05:12:24.163 [AMR-03] STATE_TRANSITION MOVING -> EMERGENCY_STOP (intent=STOP)
05:12:24.163 [AMR-03] SAFETY_STOP min_obstacle_distance=0.00m <= 1.2m
05:12:24.264 [AMR-03] STATE_TRANSITION EMERGENCY_STOP -> MOVING (intent=MOVE)
05:12:24.364 [AMR-03] STATE_TRANSITION MOVING -> EMERGENCY_STOP (intent=STOP)
05:12:24.364 [AMR-03] SAFETY_STOP min_obstacle_distance=0.00m <= 1.2m
05:12:24.465 [AMR-03] STATE_TRANSITION EMERGENCY_STOP -> MOVING (intent=MOVE)
05:12:24.566 [AMR-03] STATE_TRANSITION MOVING -> EMERGENCY_STOP (intent=STOP)
05:12:24.566 [AMR-03] SAFETY_STOP min_obstacle_distance=0.00m <= 1.2m
05:12:24.667 [AMR-03] STATE_TRANSITION EMERGENCY_STOP -> MOVING (intent=MOVE)
05:12:24.768 [AMR-03] STATE_TRANSITION MOVING -> EMERGENCY_STOP (intent=STOP)
05:12:24.768 [AMR-03] SAFETY_STOP min_obstacle_distance=0.00m <= 1.2m
05:12:24.868 [AMR-03] STATE_TRANSITION EMERGENCY_STOP -> MOVING (intent=MOVE)
05:12:24.968 [AMR-03] STATE_TRANSITION MOVING -> EMERGENCY_STOP (intent=STOP)
05:12:24.968 [AMR-03] SAFETY_STOP min_obstacle_distance=0.00m <= 1.2m
05:12:25.069 [AMR-03] STATE_TRANSITION EMERGENCY_STOP -> MOVING (intent=MOVE)
05:12:25.170 [AMR-03] STATE_TRANSITION MOVING -> EMERGENCY_STOP (intent=STOP)
05:12:25.170 [AMR-03] SAFETY_STOP min_obstacle_distance=0.15m <= 1.2m
05:12:25.270 [AMR-03] STATE_TRANSITION EMERGENCY_STOP -> MOVING (intent=MOVE)
05:12:25.370 [AMR-03] STATE_TRANSITION MOVING -> EMERGENCY_STOP (intent=STOP)
05:12:25.371 [AMR-03] SAFETY_STOP min_obstacle_distance=0.00m <= 1.2m
05:12:25.471 [AMR-03] STATE_TRANSITION EMERGENCY_STOP -> MOVING (intent=MOVE)
05:12:25.572 [AMR-03] STATE_TRANSITION MOVING -> EMERGENCY_STOP (intent=STOP)
05:12:25.572 [AMR-03] SAFETY_STOP min_obstacle_distance=0.00m <= 1.2m
05:12:25.673 [AMR-03] STATE_TRANSITION EMERGENCY_STOP -> MOVING (intent=MOVE)
05:12:25.773 [AMR-03] STATE_TRANSITION MOVING -> EMERGENCY_STOP (intent=STOP)
05:12:25.773 [AMR-03] SAFETY_STOP min_obstacle_distance=0.00m <= 1.2m
05:12:25.874 [AMR-03] STATE_TRANSITION EMERGENCY_STOP -> MOVING (intent=MOVE)
05:12:25.975 [AMR-03] STATE_TRANSITION MOVING -> EMERGENCY_STOP (intent=STOP)
05:12:25.975 [AMR-03] SAFETY_STOP min_obstacle_distance=0.00m <= 1.2m
05:12:26.076 [AMR-03] STATE_TRANSITION EMERGENCY_STOP -> MOVING (intent=MOVE)
05:12:26.176 [AMR-03] STATE_TRANSITION MOVING -> EMERGENCY_STOP (intent=STOP)
05:12:26.176 [AMR-03] SAFETY_STOP min_obstacle_distance=0.00m <= 1.2m
05:12:26.277 [AMR-03] STATE_TRANSITION EMERGENCY_STOP -> MOVING (intent=MOVE)
05:12:26.377 [AMR-03] STATE_TRANSITION MOVING -> EMERGENCY_STOP (intent=STOP)
05:12:26.377 [AMR-03] SAFETY_STOP min_obstacle_distance=0.00m <= 1.2m
05:12:26.478 [AMR-03] STATE_TRANSITION EMERGENCY_STOP -> MOVING (intent=MOVE)
05:12:26.579 [AMR-03] STATE_TRANSITION MOVING -> EMERGENCY_STOP (intent=STOP)
05:12:26.579 [AMR-03] SAFETY_STOP min_obstacle_distance=0.15m <= 1.2m
05:12:26.680 [AMR-03] STATE_TRANSITION EMERGENCY_STOP -> MOVING (intent=MOVE)
05:12:26.780 [AMR-03] STATE_TRANSITION MOVING -> EMERGENCY_STOP (intent=STOP)
05:12:26.780 [AMR-03] SAFETY_STOP min_obstacle_distance=0.00m <= 1.2m
05:12:26.880 [AMR-03] STATE_TRANSITION EMERGENCY_STOP -> MOVING (intent=MOVE)
05:12:26.981 [AMR-03] STATE_TRANSITION MOVING -> EMERGENCY_STOP (intent=STOP)
05:12:26.981 [AMR-03] SAFETY_STOP min_obstacle_distance=0.00m <= 1.2m
05:12:27.081 [AMR-03] STATE_TRANSITION EMERGENCY_STOP -> MOVING (intent=MOVE)
05:12:27.182 [AMR-03] STATE_TRANSITION MOVING -> EMERGENCY_STOP (intent=STOP)
05:12:27.182 [AMR-03] SAFETY_STOP min_obstacle_distance=0.00m <= 1.2m
05:12:27.283 [AMR-03] STATE_TRANSITION EMERGENCY_STOP -> MOVING (intent=MOVE)
05:12:27.383 [AMR-03] STATE_TRANSITION MOVING -> EMERGENCY_STOP (intent=STOP)
05:12:27.383 [AMR-03] SAFETY_STOP min_obstacle_distance=0.15m <= 1.2m
05:12:27.483 [AMR-03] STATE_TRANSITION EMERGENCY_STOP -> MOVING (intent=MOVE)
05:12:27.584 [AMR-03] STATE_TRANSITION MOVING -> EMERGENCY_STOP (intent=STOP)
05:12:27.584 [AMR-03] SAFETY_STOP min_obstacle_distance=0.00m <= 1.2m
05:12:27.684 [AMR-03] STATE_TRANSITION EMERGENCY_STOP -> MOVING (intent=MOVE)
05:12:27.785 [AMR-03] STATE_TRANSITION MOVING -> EMERGENCY_STOP (intent=STOP)
05:12:27.785 [AMR-03] SAFETY_STOP min_obstacle_distance=0.00m <= 1.2m
05:12:27.888 [AMR-03] STATE_TRANSITION EMERGENCY_STOP -> MOVING (intent=MOVE)
05:12:27.987 [AMR-03] STATE_TRANSITION MOVING -> EMERGENCY_STOP (intent=STOP)
05:12:27.987 [AMR-03] SAFETY_STOP min_obstacle_distance=0.15m <= 1.2m
05:12:28.088 [AMR-03] STATE_TRANSITION EMERGENCY_STOP -> MOVING (intent=MOVE)
05:12:28.189 [AMR-03] STATE_TRANSITION MOVING -> EMERGENCY_STOP (intent=STOP)
05:12:28.189 [AMR-03] SAFETY_STOP min_obstacle_distance=0.00m <= 1.2m
05:12:28.289 [AMR-03] STATE_TRANSITION EMERGENCY_STOP -> MOVING (intent=MOVE)
05:12:28.390 [AMR-03] STATE_TRANSITION MOVING -> EMERGENCY_STOP (intent=STOP)
05:12:28.390 [AMR-03] SAFETY_STOP min_obstacle_distance=0.00m <= 1.2m
05:12:28.491 [AMR-03] STATE_TRANSITION EMERGENCY_STOP -> MOVING (intent=MOVE)
05:12:28.592 [AMR-03] STATE_TRANSITION MOVING -> EMERGENCY_STOP (intent=STOP)
05:12:28.592 [AMR-03] SAFETY_STOP min_obstacle_distance=0.00m <= 1.2m
05:12:28.693 [AMR-03] STATE_TRANSITION EMERGENCY_STOP -> MOVING (intent=MOVE)
05:12:28.793 [AMR-03] STATE_TRANSITION MOVING -> EMERGENCY_STOP (intent=STOP)
05:12:28.794 [AMR-03] SAFETY_STOP min_obstacle_distance=0.15m <= 1.2m
05:12:28.894 [AMR-03] STATE_TRANSITION EMERGENCY_STOP -> MOVING (intent=MOVE)
05:12:28.994 [AMR-03] STATE_TRANSITION MOVING -> EMERGENCY_STOP (intent=STOP)
05:12:28.994 [AMR-03] SAFETY_STOP min_obstacle_distance=0.00m <= 1.2m
05:12:29.095 [AMR-03] STATE_TRANSITION EMERGENCY_STOP -> MOVING (intent=MOVE)
05:12:29.195 [AMR-03] STATE_TRANSITION MOVING -> EMERGENCY_STOP (intent=STOP)
05:12:29.195 [AMR-03] SAFETY_STOP min_obstacle_distance=0.00m <= 1.2m
05:12:29.297 [AMR-03] STATE_TRANSITION EMERGENCY_STOP -> MOVING (intent=MOVE)
05:12:29.397 [AMR-03] STATE_TRANSITION MOVING -> EMERGENCY_STOP (intent=STOP)
05:12:29.397 [AMR-03] SAFETY_STOP min_obstacle_distance=0.00m <= 1.2m
05:12:29.497 [AMR-03] STATE_TRANSITION EMERGENCY_STOP -> MOVING (intent=MOVE)
05:12:29.598 [AMR-03] STATE_TRANSITION MOVING -> EMERGENCY_STOP (intent=STOP)
05:12:29.598 [AMR-03] SAFETY_STOP min_obstacle_distance=0.15m <= 1.2m
05:12:29.701 [AMR-03] STATE_TRANSITION EMERGENCY_STOP -> MOVING (intent=MOVE)
05:12:29.800 [AMR-03] STATE_TRANSITION MOVING -> EMERGENCY_STOP (intent=STOP)
05:12:29.800 [AMR-03] SAFETY_STOP min_obstacle_distance=0.00m <= 1.2m
05:12:29.901 [AMR-03] STATE_TRANSITION EMERGENCY_STOP -> MOVING (intent=MOVE)
05:12:30.001 [AMR-03] STATE_TRANSITION MOVING -> EMERGENCY_STOP (intent=STOP)
05:12:30.001 [AMR-03] SAFETY_STOP min_obstacle_distance=0.00m <= 1.2m
05:12:30.101 [AMR-03] STATE_TRANSITION EMERGENCY_STOP -> MOVING (intent=MOVE)
05:12:30.202 [AMR-03] STATE_TRANSITION MOVING -> EMERGENCY_STOP (intent=STOP)
05:12:30.202 [AMR-03] SAFETY_STOP min_obstacle_distance=0.00m <= 1.2m
05:12:30.303 [AMR-03] STATE_TRANSITION EMERGENCY_STOP -> MOVING (intent=MOVE)
05:12:30.405 [AMR-03] STATE_TRANSITION MOVING -> EMERGENCY_STOP (intent=STOP)
05:12:30.405 [AMR-03] SAFETY_STOP min_obstacle_distance=0.00m <= 1.2m
05:12:30.505 [AMR-03] STATE_TRANSITION EMERGENCY_STOP -> MOVING (intent=MOVE)
05:12:30.605 [AMR-03] STATE_TRANSITION MOVING -> EMERGENCY_STOP (intent=STOP)
05:12:30.605 [AMR-03] SAFETY_STOP min_obstacle_distance=0.00m <= 1.2m
05:12:30.706 [AMR-03] STATE_TRANSITION EMERGENCY_STOP -> MOVING (intent=MOVE)
05:12:30.806 [AMR-03] STATE_TRANSITION MOVING -> EMERGENCY_STOP (intent=STOP)
05:12:30.806 [AMR-03] SAFETY_STOP min_obstacle_distance=0.00m <= 1.2m
05:12:30.907 [AMR-03] STATE_TRANSITION EMERGENCY_STOP -> MOVING (intent=MOVE)
05:12:31.007 [AMR-03] STATE_TRANSITION MOVING -> EMERGENCY_STOP (intent=STOP)
05:12:31.007 [AMR-03] SAFETY_STOP min_obstacle_distance=0.15m <= 1.2m
05:12:31.108 [AMR-03] STATE_TRANSITION EMERGENCY_STOP -> MOVING (intent=MOVE)
05:12:31.208 [AMR-03] STATE_TRANSITION MOVING -> EMERGENCY_STOP (intent=STOP)
05:12:31.208 [AMR-03] SAFETY_STOP min_obstacle_distance=0.00m <= 1.2m
05:12:31.309 [AMR-03] STATE_TRANSITION EMERGENCY_STOP -> MOVING (intent=MOVE)
05:12:31.410 [AMR-03] STATE_TRANSITION MOVING -> EMERGENCY_STOP (intent=STOP)
05:12:31.410 [AMR-03] SAFETY_STOP min_obstacle_distance=0.00m <= 1.2m
05:12:31.510 [AMR-03] STATE_TRANSITION EMERGENCY_STOP -> MOVING (intent=MOVE)
05:12:31.611 [AMR-03] STATE_TRANSITION MOVING -> EMERGENCY_STOP (intent=STOP)
05:12:31.611 [AMR-03] SAFETY_STOP min_obstacle_distance=0.00m <= 1.2m
05:12:31.711 [AMR-03] STATE_TRANSITION EMERGENCY_STOP -> MOVING (intent=MOVE)
05:12:31.812 [AMR-03] STATE_TRANSITION MOVING -> EMERGENCY_STOP (intent=STOP)
05:12:31.813 [AMR-03] SAFETY_STOP min_obstacle_distance=0.15m <= 1.2m
05:12:31.913 [AMR-03] STATE_TRANSITION EMERGENCY_STOP -> MOVING (intent=MOVE)
05:12:32.014 [AMR-03] STATE_TRANSITION MOVING -> EMERGENCY_STOP (intent=STOP)
05:12:32.014 [AMR-03] SAFETY_STOP min_obstacle_distance=0.00m <= 1.2m
05:12:32.115 [AMR-03] STATE_TRANSITION EMERGENCY_STOP -> MOVING (intent=MOVE)
05:12:32.216 [AMR-03] STATE_TRANSITION MOVING -> EMERGENCY_STOP (intent=STOP)
05:12:32.216 [AMR-03] SAFETY_STOP min_obstacle_distance=0.00m <= 1.2m
05:12:32.317 [AMR-03] DEADLOCK_DETECTED cycle=['AMR-01', 'AMR-02'] -> Victim is AMR-02 -> WAITING
05:12:32.317 [AMR-03] STATE_TRANSITION EMERGENCY_STOP -> WAITING (intent=WAIT)
05:12:32.418 [AMR-03] STATE_TRANSITION WAITING -> MOVING (intent=MOVE)
05:12:32.518 [AMR-03] STATE_TRANSITION MOVING -> EMERGENCY_STOP (intent=STOP)
05:12:32.519 [AMR-03] SAFETY_STOP min_obstacle_distance=0.00m <= 1.2m
05:12:32.619 [AMR-03] STATE_TRANSITION EMERGENCY_STOP -> MOVING (intent=MOVE)
05:12:32.719 [AMR-03] STATE_TRANSITION MOVING -> EMERGENCY_STOP (intent=STOP)
05:12:32.719 [AMR-03] SAFETY_STOP min_obstacle_distance=0.00m <= 1.2m
05:12:32.819 [AMR-03] STATE_TRANSITION EMERGENCY_STOP -> MOVING (intent=MOVE)
05:12:32.921 [AMR-03] STATE_TRANSITION MOVING -> EMERGENCY_STOP (intent=STOP)
05:12:32.921 [AMR-03] SAFETY_STOP min_obstacle_distance=0.00m <= 1.2m
05:12:33.022 [AMR-03] STATE_TRANSITION EMERGENCY_STOP -> MOVING (intent=MOVE)
05:12:33.122 [AMR-03] STATE_TRANSITION MOVING -> EMERGENCY_STOP (intent=STOP)
05:12:33.122 [AMR-03] SAFETY_STOP min_obstacle_distance=0.00m <= 1.2m
05:12:33.223 [AMR-03] STATE_TRANSITION EMERGENCY_STOP -> MOVING (intent=MOVE)
05:12:33.324 [AMR-03] STATE_TRANSITION MOVING -> EMERGENCY_STOP (intent=STOP)
05:12:33.324 [AMR-03] SAFETY_STOP min_obstacle_distance=0.00m <= 1.2m
05:12:33.425 [AMR-03] STATE_TRANSITION EMERGENCY_STOP -> MOVING (intent=MOVE)
05:12:33.525 [AMR-03] STATE_TRANSITION MOVING -> EMERGENCY_STOP (intent=STOP)
05:12:33.525 [AMR-03] SAFETY_STOP min_obstacle_distance=0.00m <= 1.2m
05:12:33.626 [AMR-03] STATE_TRANSITION EMERGENCY_STOP -> MOVING (intent=MOVE)
05:12:33.727 [AMR-03] STATE_TRANSITION MOVING -> EMERGENCY_STOP (intent=STOP)
05:12:33.727 [AMR-03] SAFETY_STOP min_obstacle_distance=0.00m <= 1.2m
05:12:33.827 [AMR-03] STATE_TRANSITION EMERGENCY_STOP -> MOVING (intent=MOVE)
05:12:33.928 [AMR-03] STATE_TRANSITION MOVING -> EMERGENCY_STOP (intent=STOP)
05:12:33.928 [AMR-03] SAFETY_STOP min_obstacle_distance=0.15m <= 1.2m
05:12:34.028 [AMR-03] STATE_TRANSITION EMERGENCY_STOP -> MOVING (intent=MOVE)
05:12:34.129 [AMR-03] STATE_TRANSITION MOVING -> EMERGENCY_STOP (intent=STOP)
05:12:34.129 [AMR-03] SAFETY_STOP min_obstacle_distance=0.00m <= 1.2m
05:12:34.230 [AMR-03] STATE_TRANSITION EMERGENCY_STOP -> MOVING (intent=MOVE)
05:12:34.331 [AMR-03] STATE_TRANSITION MOVING -> EMERGENCY_STOP (intent=STOP)
05:12:34.331 [AMR-03] SAFETY_STOP min_obstacle_distance=0.00m <= 1.2m
05:12:34.431 [AMR-03] STATE_TRANSITION EMERGENCY_STOP -> MOVING (intent=MOVE)
05:12:34.532 [AMR-03] STATE_TRANSITION MOVING -> EMERGENCY_STOP (intent=STOP)
05:12:34.532 [AMR-03] SAFETY_STOP min_obstacle_distance=0.00m <= 1.2m
05:12:34.632 [AMR-03] STATE_TRANSITION EMERGENCY_STOP -> MOVING (intent=MOVE)
05:12:34.733 [AMR-03] STATE_TRANSITION MOVING -> EMERGENCY_STOP (intent=STOP)
05:12:34.733 [AMR-03] SAFETY_STOP min_obstacle_distance=0.15m <= 1.2m
05:12:34.834 [AMR-03] STATE_TRANSITION EMERGENCY_STOP -> MOVING (intent=MOVE)
05:12:34.934 [AMR-03] STATE_TRANSITION MOVING -> EMERGENCY_STOP (intent=STOP)
05:12:34.934 [AMR-03] SAFETY_STOP min_obstacle_distance=0.00m <= 1.2m
05:12:35.035 [AMR-03] STATE_TRANSITION EMERGENCY_STOP -> MOVING (intent=MOVE)
05:12:35.135 [AMR-03] STATE_TRANSITION MOVING -> EMERGENCY_STOP (intent=STOP)
05:12:35.135 [AMR-03] SAFETY_STOP min_obstacle_distance=0.00m <= 1.2m
05:12:35.236 [AMR-03] STATE_TRANSITION EMERGENCY_STOP -> MOVING (intent=MOVE)
05:12:35.337 [AMR-03] STATE_TRANSITION MOVING -> EMERGENCY_STOP (intent=STOP)
05:12:35.338 [AMR-03] SAFETY_STOP min_obstacle_distance=0.00m <= 1.2m
05:12:35.438 [AMR-03] STATE_TRANSITION EMERGENCY_STOP -> MOVING (intent=MOVE)
05:12:35.538 [AMR-03] STATE_TRANSITION MOVING -> EMERGENCY_STOP (intent=STOP)
05:12:35.538 [AMR-03] SAFETY_STOP min_obstacle_distance=0.00m <= 1.2m
05:12:35.638 [AMR-03] STATE_TRANSITION EMERGENCY_STOP -> MOVING (intent=MOVE)
05:12:35.739 [AMR-03] STATE_TRANSITION MOVING -> EMERGENCY_STOP (intent=STOP)
05:12:35.739 [AMR-03] SAFETY_STOP min_obstacle_distance=0.00m <= 1.2m
05:12:35.840 [AMR-03] STATE_TRANSITION EMERGENCY_STOP -> MOVING (intent=MOVE)
05:12:35.941 [AMR-03] STATE_TRANSITION MOVING -> EMERGENCY_STOP (intent=STOP)
05:12:35.941 [AMR-03] SAFETY_STOP min_obstacle_distance=0.00m <= 1.2m
05:12:36.042 [AMR-03] STATE_TRANSITION EMERGENCY_STOP -> MOVING (intent=MOVE)
05:12:36.142 [AMR-03] STATE_TRANSITION MOVING -> EMERGENCY_STOP (intent=STOP)
05:12:36.142 [AMR-03] SAFETY_STOP min_obstacle_distance=0.15m <= 1.2m
05:12:36.243 [AMR-03] STATE_TRANSITION EMERGENCY_STOP -> MOVING (intent=MOVE)
05:12:36.344 [AMR-03] STATE_TRANSITION MOVING -> EMERGENCY_STOP (intent=STOP)
05:12:36.344 [AMR-03] SAFETY_STOP min_obstacle_distance=0.00m <= 1.2m
05:12:36.444 [AMR-03] STATE_TRANSITION EMERGENCY_STOP -> MOVING (intent=MOVE)
05:12:36.545 [AMR-03] STATE_TRANSITION MOVING -> EMERGENCY_STOP (intent=STOP)
05:12:36.545 [AMR-03] SAFETY_STOP min_obstacle_distance=0.00m <= 1.2m
05:12:36.646 [AMR-03] STATE_TRANSITION EMERGENCY_STOP -> MOVING (intent=MOVE)
05:12:36.746 [AMR-03] STATE_TRANSITION MOVING -> EMERGENCY_STOP (intent=STOP)
05:12:36.746 [AMR-03] SAFETY_STOP min_obstacle_distance=0.00m <= 1.2m
05:12:36.847 [AMR-03] STATE_TRANSITION EMERGENCY_STOP -> MOVING (intent=MOVE)
05:12:36.948 [AMR-03] STATE_TRANSITION MOVING -> EMERGENCY_STOP (intent=STOP)
05:12:36.948 [AMR-03] SAFETY_STOP min_obstacle_distance=0.00m <= 1.2m
05:12:37.049 [AMR-03] CONFLICT_DETECTED peer=AMR-02 type=INTERSECTION node=(8, 8) safe_wait=(8, 7) DECISION=YIELD (Lower precedence at intersection (57.9 vs 58.4) -> Safe wait at (8, 7) for AMR-02)
05:12:37.049 [AMR-03] STATE_TRANSITION EMERGENCY_STOP -> YIELDING (intent=YIELD)
05:12:37.150 [AMR-03] CONFLICT_DETECTED peer=AMR-02 type=INTERSECTION node=(8, 8) safe_wait=(8, 7) DECISION=YIELD (Lower precedence at intersection (58.1 vs 58.2) -> Safe wait at (8, 7) for AMR-02)
05:12:37.251 [AMR-03] CONFLICT_DETECTED peer=AMR-02 type=INTERSECTION node=(8, 8) safe_wait=(8, 7) DECISION=PROCEED (Higher precedence (58.3 vs 58.2) -> Proceed through (8, 8))
05:12:37.251 [AMR-03] STATE_TRANSITION YIELDING -> MOVING (intent=MOVE)
05:12:37.352 [AMR-03] STATE_TRANSITION MOVING -> EMERGENCY_STOP (intent=STOP)
05:12:37.352 [AMR-03] SAFETY_STOP min_obstacle_distance=0.00m <= 1.2m
05:12:37.453 [AMR-03] CONFLICT_DETECTED peer=AMR-02 type=INTERSECTION node=(8, 8) safe_wait=(8, 7) DECISION=PROCEED (Higher precedence (58.1 vs 58.0) -> Proceed through (8, 8))
05:12:37.453 [AMR-03] STATE_TRANSITION EMERGENCY_STOP -> MOVING (intent=MOVE)
05:12:37.553 [AMR-03] STATE_TRANSITION MOVING -> EMERGENCY_STOP (intent=STOP)
05:12:37.553 [AMR-03] SAFETY_STOP min_obstacle_distance=0.00m <= 1.2m
05:12:37.654 [AMR-03] CONFLICT_DETECTED peer=AMR-02 type=INTERSECTION node=(8, 8) safe_wait=(8, 7) DECISION=YIELD (Lower precedence at intersection (57.9 vs 58.0) -> Safe wait at (8, 7) for AMR-02)
05:12:37.654 [AMR-03] STATE_TRANSITION EMERGENCY_STOP -> YIELDING (intent=YIELD)
05:12:37.755 [AMR-03] CONFLICT_DETECTED peer=AMR-02 type=INTERSECTION node=(8, 8) safe_wait=(8, 7) DECISION=PROCEED (Higher precedence (58.1 vs 58.0) -> Proceed through (8, 8))
05:12:37.755 [AMR-03] STATE_TRANSITION YIELDING -> MOVING (intent=MOVE)
05:12:37.856 [AMR-03] STATE_TRANSITION MOVING -> EMERGENCY_STOP (intent=STOP)
05:12:37.856 [AMR-03] SAFETY_STOP min_obstacle_distance=0.00m <= 1.2m
05:12:37.956 [AMR-03] CONFLICT_DETECTED peer=AMR-02 type=INTERSECTION node=(8, 8) safe_wait=(8, 7) DECISION=PROCEED (Higher precedence (57.9 vs 57.8) -> Proceed through (8, 8))
05:12:37.956 [AMR-03] STATE_TRANSITION EMERGENCY_STOP -> MOVING (intent=MOVE)
05:12:38.056 [AMR-03] STATE_TRANSITION MOVING -> EMERGENCY_STOP (intent=STOP)
05:12:38.056 [AMR-03] SAFETY_STOP min_obstacle_distance=0.00m <= 1.2m
05:12:38.158 [AMR-03] CONFLICT_DETECTED peer=AMR-02 type=INTERSECTION node=(8, 8) safe_wait=(8, 7) DECISION=PROCEED (Higher precedence (57.9 vs 57.8) -> Proceed through (8, 8))
05:12:38.158 [AMR-03] STATE_TRANSITION EMERGENCY_STOP -> MOVING (intent=MOVE)
05:12:38.259 [AMR-03] STATE_TRANSITION MOVING -> EMERGENCY_STOP (intent=STOP)
05:12:38.259 [AMR-03] SAFETY_STOP min_obstacle_distance=0.00m <= 1.2m
05:12:38.360 [AMR-03] CONFLICT_DETECTED peer=AMR-02 type=INTERSECTION node=(8, 8) safe_wait=(8, 7) DECISION=YIELD (Lower precedence at intersection (57.9 vs 58.0) -> Safe wait at (8, 7) for AMR-02)
05:12:38.361 [AMR-03] STATE_TRANSITION EMERGENCY_STOP -> YIELDING (intent=YIELD)
05:12:38.461 [AMR-03] CONFLICT_DETECTED peer=AMR-02 type=INTERSECTION node=(8, 8) safe_wait=(8, 7) DECISION=PROCEED (Higher precedence (58.1 vs 57.8) -> Proceed through (8, 8))
05:12:38.461 [AMR-03] STATE_TRANSITION YIELDING -> MOVING (intent=MOVE)
05:12:38.561 [AMR-03] STATE_TRANSITION MOVING -> EMERGENCY_STOP (intent=STOP)
05:12:38.561 [AMR-03] SAFETY_STOP min_obstacle_distance=0.00m <= 1.2m
05:12:38.662 [AMR-03] CONFLICT_DETECTED peer=AMR-02 type=INTERSECTION node=(8, 8) safe_wait=(8, 7) DECISION=YIELD (Lower precedence at intersection (57.9 vs 58.1) -> Safe wait at (8, 7) for AMR-02)
05:12:38.662 [AMR-03] STATE_TRANSITION EMERGENCY_STOP -> YIELDING (intent=YIELD)
05:12:38.763 [AMR-03] CONFLICT_DETECTED peer=AMR-02 type=INTERSECTION node=(8, 8) safe_wait=(8, 7) DECISION=YIELD (Lower precedence at intersection (58.1 vs 58.1) -> Safe wait at (8, 7) for AMR-02)
05:12:38.864 [AMR-03] CONFLICT_DETECTED peer=AMR-02 type=INTERSECTION node=(8, 8) safe_wait=(8, 7) DECISION=PROCEED (Higher precedence (58.3 vs 57.9) -> Proceed through (8, 8))
05:12:38.864 [AMR-03] STATE_TRANSITION YIELDING -> MOVING (intent=MOVE)
05:12:38.964 [AMR-03] STATE_TRANSITION MOVING -> EMERGENCY_STOP (intent=STOP)
05:12:38.964 [AMR-03] SAFETY_STOP min_obstacle_distance=0.00m <= 1.2m
05:12:39.065 [AMR-03] CONFLICT_DETECTED peer=AMR-02 type=INTERSECTION node=(8, 8) safe_wait=(8, 7) DECISION=YIELD (Lower precedence at intersection (58.1 vs 58.1) -> Safe wait at (8, 7) for AMR-02)
05:12:39.065 [AMR-03] STATE_TRANSITION EMERGENCY_STOP -> YIELDING (intent=YIELD)
05:12:39.166 [AMR-03] CONFLICT_DETECTED peer=AMR-02 type=INTERSECTION node=(8, 8) safe_wait=(8, 7) DECISION=PROCEED (Higher precedence (58.3 vs 57.9) -> Proceed through (8, 8))
05:12:39.166 [AMR-03] STATE_TRANSITION YIELDING -> MOVING (intent=MOVE)
05:12:39.267 [AMR-03] STATE_TRANSITION MOVING -> EMERGENCY_STOP (intent=STOP)
05:12:39.267 [AMR-03] SAFETY_STOP min_obstacle_distance=0.00m <= 1.2m
05:12:39.368 [AMR-03] CONFLICT_DETECTED peer=AMR-02 type=INTERSECTION node=(8, 8) safe_wait=(8, 7) DECISION=YIELD (Lower precedence at intersection (58.1 vs 58.1) -> Safe wait at (8, 7) for AMR-02)
05:12:39.368 [AMR-03] STATE_TRANSITION EMERGENCY_STOP -> YIELDING (intent=YIELD)
05:12:39.468 [AMR-03] CONFLICT_DETECTED peer=AMR-02 type=INTERSECTION node=(8, 8) safe_wait=(8, 7) DECISION=PROCEED (Higher precedence (58.3 vs 57.9) -> Proceed through (8, 8))
05:12:39.468 [AMR-03] STATE_TRANSITION YIELDING -> MOVING (intent=MOVE)
05:12:39.568 [AMR-03] STATE_TRANSITION MOVING -> EMERGENCY_STOP (intent=STOP)
05:12:39.568 [AMR-03] SAFETY_STOP min_obstacle_distance=0.00m <= 1.2m
05:12:39.669 [AMR-03] CONFLICT_DETECTED peer=AMR-02 type=INTERSECTION node=(8, 8) safe_wait=(8, 7) DECISION=YIELD (Lower precedence at intersection (58.1 vs 58.1) -> Safe wait at (8, 7) for AMR-02)
05:12:39.669 [AMR-03] STATE_TRANSITION EMERGENCY_STOP -> YIELDING (intent=YIELD)
05:12:39.769 [AMR-03] CONFLICT_DETECTED peer=AMR-02 type=INTERSECTION node=(8, 8) safe_wait=(8, 7) DECISION=PROCEED (Higher precedence (58.3 vs 58.0) -> Proceed through (8, 8))
05:12:39.770 [AMR-03] STATE_TRANSITION YIELDING -> MOVING (intent=MOVE)
05:12:39.870 [AMR-03] STATE_TRANSITION MOVING -> EMERGENCY_STOP (intent=STOP)
05:12:39.870 [AMR-03] SAFETY_STOP min_obstacle_distance=0.00m <= 1.2m
05:12:39.971 [AMR-03] CONFLICT_DETECTED peer=AMR-02 type=INTERSECTION node=(8, 8) safe_wait=(8, 7) DECISION=YIELD (Lower precedence at intersection (58.1 vs 58.1) -> Safe wait at (8, 7) for AMR-02)
05:12:39.971 [AMR-03] STATE_TRANSITION EMERGENCY_STOP -> YIELDING (intent=YIELD)
05:12:40.071 [AMR-03] CONFLICT_DETECTED peer=AMR-02 type=INTERSECTION node=(8, 8) safe_wait=(8, 7) DECISION=YIELD (Lower precedence at intersection (58.3 vs 58.4) -> Safe wait at (8, 7) for AMR-02)
05:12:40.172 [AMR-03] CONFLICT_DETECTED peer=AMR-02 type=INTERSECTION node=(8, 8) safe_wait=(8, 7) DECISION=PROCEED (Higher precedence (58.5 vs 58.4) -> Proceed through (8, 8))
05:12:40.172 [AMR-03] STATE_TRANSITION YIELDING -> MOVING (intent=MOVE)
05:12:40.273 [AMR-03] STATE_TRANSITION MOVING -> EMERGENCY_STOP (intent=STOP)
05:12:40.273 [AMR-03] SAFETY_STOP min_obstacle_distance=0.00m <= 1.2m
05:12:40.374 [AMR-03] CONFLICT_DETECTED peer=AMR-02 type=INTERSECTION node=(8, 8) safe_wait=(8, 7) DECISION=PROCEED (Higher precedence (58.3 vs 58.2) -> Proceed through (8, 8))
05:12:40.374 [AMR-03] STATE_TRANSITION EMERGENCY_STOP -> MOVING (intent=MOVE)
05:12:40.474 [AMR-03] STATE_TRANSITION MOVING -> EMERGENCY_STOP (intent=STOP)
05:12:40.474 [AMR-03] SAFETY_STOP min_obstacle_distance=0.00m <= 1.2m
05:12:40.574 [AMR-03] CONFLICT_DETECTED peer=AMR-02 type=INTERSECTION node=(8, 8) safe_wait=(8, 7) DECISION=YIELD (Lower precedence at intersection (58.1 vs 58.3) -> Safe wait at (8, 7) for AMR-02)
05:12:40.574 [AMR-03] STATE_TRANSITION EMERGENCY_STOP -> YIELDING (intent=YIELD)
05:12:40.675 [AMR-03] CONFLICT_DETECTED peer=AMR-02 type=INTERSECTION node=(8, 8) safe_wait=(8, 7) DECISION=PROCEED (Higher precedence (58.3 vs 58.2) -> Proceed through (8, 8))
05:12:40.675 [AMR-03] STATE_TRANSITION YIELDING -> MOVING (intent=MOVE)
05:12:40.775 [AMR-03] STATE_TRANSITION MOVING -> EMERGENCY_STOP (intent=STOP)
05:12:40.775 [AMR-03] SAFETY_STOP min_obstacle_distance=0.00m <= 1.2m
05:12:40.876 [AMR-03] CONFLICT_DETECTED peer=AMR-02 type=INTERSECTION node=(8, 8) safe_wait=(8, 7) DECISION=PROCEED (Higher precedence (58.1 vs 58.0) -> Proceed through (8, 8))
05:12:40.876 [AMR-03] STATE_TRANSITION EMERGENCY_STOP -> MOVING (intent=MOVE)
05:12:40.976 [AMR-03] STATE_TRANSITION MOVING -> EMERGENCY_STOP (intent=STOP)
05:12:40.976 [AMR-03] SAFETY_STOP min_obstacle_distance=0.00m <= 1.2m
05:12:41.077 [AMR-03] CONFLICT_DETECTED peer=AMR-02 type=INTERSECTION node=(8, 8) safe_wait=(8, 7) DECISION=YIELD (Lower precedence at intersection (57.9 vs 58.0) -> Safe wait at (8, 7) for AMR-02)
05:12:41.077 [AMR-03] STATE_TRANSITION EMERGENCY_STOP -> YIELDING (intent=YIELD)
05:12:41.177 [AMR-03] CONFLICT_DETECTED peer=AMR-02 type=INTERSECTION node=(8, 8) safe_wait=(8, 7) DECISION=PROCEED (Higher precedence (58.1 vs 58.0) -> Proceed through (8, 8))
05:12:41.177 [AMR-03] STATE_TRANSITION YIELDING -> MOVING (intent=MOVE)
05:12:41.278 [AMR-03] STATE_TRANSITION MOVING -> EMERGENCY_STOP (intent=STOP)
05:12:41.278 [AMR-03] SAFETY_STOP min_obstacle_distance=0.15m <= 1.2m
05:12:41.378 [AMR-03] CONFLICT_DETECTED peer=AMR-02 type=INTERSECTION node=(8, 8) safe_wait=(8, 7) DECISION=PROCEED (Higher precedence (57.9 vs 57.8) -> Proceed through (8, 8))
05:12:41.379 [AMR-03] STATE_TRANSITION EMERGENCY_STOP -> MOVING (intent=MOVE)
05:12:41.479 [AMR-03] STATE_TRANSITION MOVING -> EMERGENCY_STOP (intent=STOP)
05:12:41.479 [AMR-03] SAFETY_STOP min_obstacle_distance=0.00m <= 1.2m
05:12:41.580 [AMR-03] CONFLICT_DETECTED peer=AMR-02 type=INTERSECTION node=(8, 8) safe_wait=(8, 7) DECISION=YIELD (Lower precedence at intersection (57.9 vs 58.3) -> Safe wait at (8, 7) for AMR-02)
05:12:41.580 [AMR-03] STATE_TRANSITION EMERGENCY_STOP -> YIELDING (intent=YIELD)
05:12:41.680 [AMR-03] CONFLICT_DETECTED peer=AMR-02 type=INTERSECTION node=(8, 8) safe_wait=(8, 7) DECISION=YIELD (Lower precedence at intersection (58.1 vs 58.3) -> Safe wait at (8, 7) for AMR-02)
05:12:41.780 [AMR-03] CONFLICT_DETECTED peer=AMR-02 type=INTERSECTION node=(8, 8) safe_wait=(8, 7) DECISION=PROCEED (Higher precedence (58.3 vs 58.1) -> Proceed through (8, 8))
05:12:41.780 [AMR-03] STATE_TRANSITION YIELDING -> MOVING (intent=MOVE)
05:12:41.881 [AMR-03] STATE_TRANSITION MOVING -> EMERGENCY_STOP (intent=STOP)
05:12:41.881 [AMR-03] SAFETY_STOP min_obstacle_distance=0.00m <= 1.2m
05:12:41.981 [AMR-03] CONFLICT_DETECTED peer=AMR-02 type=INTERSECTION node=(8, 8) safe_wait=(8, 7) DECISION=YIELD (Lower precedence at intersection (58.1 vs 58.3) -> Safe wait at (8, 7) for AMR-02)
05:12:41.981 [AMR-03] STATE_TRANSITION EMERGENCY_STOP -> YIELDING (intent=YIELD)
05:12:42.081 [AMR-03] CONFLICT_DETECTED peer=AMR-02 type=INTERSECTION node=(8, 8) safe_wait=(8, 7) DECISION=PROCEED (Higher precedence (58.3 vs 58.1) -> Proceed through (8, 8))
05:12:42.081 [AMR-03] STATE_TRANSITION YIELDING -> MOVING (intent=MOVE)
05:12:42.183 [AMR-03] STATE_TRANSITION MOVING -> EMERGENCY_STOP (intent=STOP)
05:12:42.183 [AMR-03] SAFETY_STOP min_obstacle_distance=0.00m <= 1.2m
05:12:42.283 [AMR-03] CONFLICT_DETECTED peer=AMR-02 type=INTERSECTION node=(8, 8) safe_wait=(8, 7) DECISION=YIELD (Lower precedence at intersection (58.1 vs 58.3) -> Safe wait at (8, 7) for AMR-02)
05:12:42.283 [AMR-03] STATE_TRANSITION EMERGENCY_STOP -> YIELDING (intent=YIELD)
05:12:42.384 [AMR-03] CONFLICT_DETECTED peer=AMR-02 type=INTERSECTION node=(8, 8) safe_wait=(8, 7) DECISION=PROCEED (Higher precedence (58.3 vs 58.1) -> Proceed through (8, 8))
05:12:42.384 [AMR-03] STATE_TRANSITION YIELDING -> MOVING (intent=MOVE)
05:12:42.484 [AMR-03] STATE_TRANSITION MOVING -> EMERGENCY_STOP (intent=STOP)
05:12:42.485 [AMR-03] SAFETY_STOP min_obstacle_distance=0.00m <= 1.2m
05:12:42.586 [AMR-03] CONFLICT_DETECTED peer=AMR-02 type=INTERSECTION node=(8, 8) safe_wait=(8, 7) DECISION=YIELD (Lower precedence at intersection (58.1 vs 58.3) -> Safe wait at (8, 7) for AMR-02)
05:12:42.586 [AMR-03] STATE_TRANSITION EMERGENCY_STOP -> YIELDING (intent=YIELD)
05:12:42.686 [AMR-03] CONFLICT_DETECTED peer=AMR-02 type=INTERSECTION node=(8, 8) safe_wait=(8, 7) DECISION=PROCEED (Higher precedence (58.3 vs 58.1) -> Proceed through (8, 8))
05:12:42.687 [AMR-03] STATE_TRANSITION YIELDING -> MOVING (intent=MOVE)
05:12:42.787 [AMR-03] STATE_TRANSITION MOVING -> EMERGENCY_STOP (intent=STOP)
05:12:42.787 [AMR-03] SAFETY_STOP min_obstacle_distance=0.15m <= 1.2m
05:12:42.887 [AMR-03] CONFLICT_DETECTED peer=AMR-02 type=INTERSECTION node=(8, 8) safe_wait=(8, 7) DECISION=YIELD (Lower precedence at intersection (58.1 vs 58.3) -> Safe wait at (8, 7) for AMR-02)
05:12:42.887 [AMR-03] STATE_TRANSITION EMERGENCY_STOP -> YIELDING (intent=YIELD)
05:12:42.988 [AMR-03] CONFLICT_DETECTED peer=AMR-02 type=INTERSECTION node=(8, 8) safe_wait=(8, 7) DECISION=PROCEED (Higher precedence (58.3 vs 58.1) -> Proceed through (8, 8))
05:12:42.988 [AMR-03] STATE_TRANSITION YIELDING -> MOVING (intent=MOVE)
05:12:43.088 [AMR-03] STATE_TRANSITION MOVING -> EMERGENCY_STOP (intent=STOP)
05:12:43.088 [AMR-03] SAFETY_STOP min_obstacle_distance=0.00m <= 1.2m
05:12:43.189 [AMR-03] CONFLICT_DETECTED peer=AMR-02 type=INTERSECTION node=(8, 8) safe_wait=(8, 7) DECISION=YIELD (Lower precedence at intersection (57.7 vs 58.3) -> Safe wait at (8, 7) for AMR-02)
05:12:43.189 [AMR-03] STATE_TRANSITION EMERGENCY_STOP -> YIELDING (intent=YIELD)
05:12:43.289 [AMR-03] CONFLICT_DETECTED peer=AMR-02 type=INTERSECTION node=(8, 8) safe_wait=(8, 7) DECISION=YIELD (Lower precedence at intersection (57.9 vs 58.6) -> Safe wait at (8, 7) for AMR-02)
05:12:43.389 [AMR-03] CONFLICT_DETECTED peer=AMR-02 type=INTERSECTION node=(8, 8) safe_wait=(8, 7) DECISION=YIELD (Lower precedence at intersection (58.1 vs 58.6) -> Safe wait at (8, 7) for AMR-02)
05:12:43.490 [AMR-03] CONFLICT_DETECTED peer=AMR-02 type=INTERSECTION node=(8, 8) safe_wait=(8, 7) DECISION=YIELD (Lower precedence at intersection (58.3 vs 58.4) -> Safe wait at (8, 7) for AMR-02)
05:12:43.591 [AMR-03] CONFLICT_DETECTED peer=AMR-02 type=INTERSECTION node=(8, 8) safe_wait=(8, 7) DECISION=PROCEED (Higher precedence (58.5 vs 58.4) -> Proceed through (8, 8))
05:12:43.591 [AMR-03] STATE_TRANSITION YIELDING -> MOVING (intent=MOVE)
05:12:43.691 [AMR-03] STATE_TRANSITION MOVING -> EMERGENCY_STOP (intent=STOP)
05:12:43.691 [AMR-03] SAFETY_STOP min_obstacle_distance=1.00m <= 1.2m
05:12:43.791 [AMR-03] CONFLICT_DETECTED peer=AMR-02 type=INTERSECTION node=(8, 8) safe_wait=(8, 7) DECISION=PROCEED (Higher precedence (58.3 vs 58.2) -> Proceed through (8, 8))
05:12:43.791 [AMR-03] STATE_TRANSITION EMERGENCY_STOP -> MOVING (intent=MOVE)
05:12:43.891 [AMR-03] STATE_TRANSITION MOVING -> EMERGENCY_STOP (intent=STOP)
05:12:43.892 [AMR-03] SAFETY_STOP min_obstacle_distance=1.00m <= 1.2m
05:12:43.992 [AMR-03] CONFLICT_DETECTED peer=AMR-02 type=INTERSECTION node=(8, 8) safe_wait=(8, 7) DECISION=YIELD (Lower precedence at intersection (58.1 vs 58.2) -> Safe wait at (8, 7) for AMR-02)
05:12:43.992 [AMR-03] STATE_TRANSITION EMERGENCY_STOP -> YIELDING (intent=YIELD)
05:12:44.093 [AMR-03] CONFLICT_DETECTED peer=AMR-02 type=INTERSECTION node=(8, 8) safe_wait=(8, 7) DECISION=PROCEED (Higher precedence (58.3 vs 58.2) -> Proceed through (8, 8))
05:12:44.093 [AMR-03] STATE_TRANSITION YIELDING -> MOVING (intent=MOVE)
05:12:44.193 [AMR-03] STATE_TRANSITION MOVING -> EMERGENCY_STOP (intent=STOP)
05:12:44.193 [AMR-03] SAFETY_STOP min_obstacle_distance=1.01m <= 1.2m
05:12:44.294 [AMR-03] CONFLICT_DETECTED peer=AMR-02 type=INTERSECTION node=(8, 8) safe_wait=(8, 7) DECISION=YIELD (Lower precedence at intersection (58.1 vs 58.2) -> Safe wait at (8, 7) for AMR-02)
05:12:44.294 [AMR-03] STATE_TRANSITION EMERGENCY_STOP -> YIELDING (intent=YIELD)
05:12:44.395 [AMR-03] CONFLICT_DETECTED peer=AMR-02 type=INTERSECTION node=(8, 8) safe_wait=(8, 7) DECISION=PROCEED (Higher precedence (58.3 vs 58.2) -> Proceed through (8, 8))
05:12:44.395 [AMR-03] STATE_TRANSITION YIELDING -> MOVING (intent=MOVE)
05:12:44.496 [AMR-03] STATE_TRANSITION MOVING -> EMERGENCY_STOP (intent=STOP)
05:12:44.496 [AMR-03] SAFETY_STOP min_obstacle_distance=1.00m <= 1.2m
05:12:44.597 [AMR-03] CONFLICT_DETECTED peer=AMR-02 type=INTERSECTION node=(8, 8) safe_wait=(8, 7) DECISION=YIELD (Lower precedence at intersection (58.1 vs 58.2) -> Safe wait at (8, 7) for AMR-02)
05:12:44.598 [AMR-03] STATE_TRANSITION EMERGENCY_STOP -> YIELDING (intent=YIELD)
05:12:44.698 [AMR-03] CONFLICT_DETECTED peer=AMR-02 type=INTERSECTION node=(8, 8) safe_wait=(8, 7) DECISION=PROCEED (Higher precedence (58.3 vs 58.2) -> Proceed through (8, 8))
05:12:44.698 [AMR-03] STATE_TRANSITION YIELDING -> MOVING (intent=MOVE)
05:12:44.799 [AMR-03] STATE_TRANSITION MOVING -> EMERGENCY_STOP (intent=STOP)
05:12:44.799 [AMR-03] SAFETY_STOP min_obstacle_distance=1.00m <= 1.2m
05:12:44.899 [AMR-03] CONFLICT_DETECTED peer=AMR-02 type=INTERSECTION node=(8, 8) safe_wait=(8, 7) DECISION=YIELD (Lower precedence at intersection (58.1 vs 58.2) -> Safe wait at (8, 7) for AMR-02)
05:12:44.899 [AMR-03] STATE_TRANSITION EMERGENCY_STOP -> YIELDING (intent=YIELD)
05:12:45.000 [AMR-03] STATE_TRANSITION YIELDING -> MOVING (intent=MOVE)
05:12:45.101 [AMR-03] STATE_TRANSITION MOVING -> EMERGENCY_STOP (intent=STOP)
05:12:45.101 [AMR-03] SAFETY_STOP min_obstacle_distance=1.00m <= 1.2m
05:12:45.201 [AMR-03] STATE_TRANSITION EMERGENCY_STOP -> MOVING (intent=MOVE)
05:12:45.301 [AMR-03] STATE_TRANSITION MOVING -> EMERGENCY_STOP (intent=STOP)
05:12:45.301 [AMR-03] SAFETY_STOP min_obstacle_distance=1.00m <= 1.2m
05:12:45.403 [AMR-03] STATE_TRANSITION EMERGENCY_STOP -> MOVING (intent=MOVE)
05:12:45.503 [AMR-03] STATE_TRANSITION MOVING -> EMERGENCY_STOP (intent=STOP)
05:12:45.503 [AMR-03] SAFETY_STOP min_obstacle_distance=1.00m <= 1.2m
05:12:45.604 [AMR-03] STATE_TRANSITION EMERGENCY_STOP -> MOVING (intent=MOVE)
05:12:45.705 [AMR-03] STATE_TRANSITION MOVING -> EMERGENCY_STOP (intent=STOP)
05:12:45.705 [AMR-03] SAFETY_STOP min_obstacle_distance=1.00m <= 1.2m
05:12:45.805 [AMR-03] STATE_TRANSITION EMERGENCY_STOP -> MOVING (intent=MOVE)
05:12:45.906 [AMR-03] STATE_TRANSITION MOVING -> EMERGENCY_STOP (intent=STOP)
05:12:45.906 [AMR-03] SAFETY_STOP min_obstacle_distance=1.00m <= 1.2m
05:12:46.007 [AMR-03] STATE_TRANSITION EMERGENCY_STOP -> MOVING (intent=MOVE)
05:12:46.108 [AMR-03] STATE_TRANSITION MOVING -> EMERGENCY_STOP (intent=STOP)
05:12:46.108 [AMR-03] SAFETY_STOP min_obstacle_distance=1.00m <= 1.2m
05:12:46.208 [AMR-03] STATE_TRANSITION EMERGENCY_STOP -> MOVING (intent=MOVE)
05:12:46.309 [AMR-03] STATE_TRANSITION MOVING -> EMERGENCY_STOP (intent=STOP)
05:12:46.309 [AMR-03] SAFETY_STOP min_obstacle_distance=1.00m <= 1.2m
05:12:46.409 [AMR-03] STATE_TRANSITION EMERGENCY_STOP -> MOVING (intent=MOVE)
05:12:46.510 [AMR-03] STATE_TRANSITION MOVING -> EMERGENCY_STOP (intent=STOP)
05:12:46.510 [AMR-03] SAFETY_STOP min_obstacle_distance=1.00m <= 1.2m
05:12:46.610 [AMR-03] STATE_TRANSITION EMERGENCY_STOP -> MOVING (intent=MOVE)
05:12:46.711 [AMR-03] STATE_TRANSITION MOVING -> EMERGENCY_STOP (intent=STOP)
05:12:46.711 [AMR-03] SAFETY_STOP min_obstacle_distance=1.00m <= 1.2m
05:12:46.811 [AMR-03] STATE_TRANSITION EMERGENCY_STOP -> MOVING (intent=MOVE)
05:12:46.913 [AMR-03] STATE_TRANSITION MOVING -> EMERGENCY_STOP (intent=STOP)
05:12:46.913 [AMR-03] SAFETY_STOP min_obstacle_distance=1.00m <= 1.2m
05:12:47.013 [AMR-03] STATE_TRANSITION EMERGENCY_STOP -> MOVING (intent=MOVE)
05:12:47.114 [AMR-03] STATE_TRANSITION MOVING -> EMERGENCY_STOP (intent=STOP)
05:12:47.114 [AMR-03] SAFETY_STOP min_obstacle_distance=1.01m <= 1.2m
05:12:47.214 [AMR-03] STATE_TRANSITION EMERGENCY_STOP -> MOVING (intent=MOVE)
05:12:47.314 [AMR-03] STATE_TRANSITION MOVING -> EMERGENCY_STOP (intent=STOP)
05:12:47.315 [AMR-03] SAFETY_STOP min_obstacle_distance=1.00m <= 1.2m
05:12:47.415 [AMR-03] STATE_TRANSITION EMERGENCY_STOP -> MOVING (intent=MOVE)
05:12:47.516 [AMR-03] STATE_TRANSITION MOVING -> EMERGENCY_STOP (intent=STOP)
05:12:47.516 [AMR-03] SAFETY_STOP min_obstacle_distance=1.00m <= 1.2m
05:12:47.616 [AMR-03] STATE_TRANSITION EMERGENCY_STOP -> MOVING (intent=MOVE)
05:12:47.717 [AMR-03] STATE_TRANSITION MOVING -> EMERGENCY_STOP (intent=STOP)
05:12:47.717 [AMR-03] SAFETY_STOP min_obstacle_distance=1.00m <= 1.2m
05:12:47.817 [AMR-03] STATE_TRANSITION EMERGENCY_STOP -> MOVING (intent=MOVE)
05:12:47.917 [AMR-03] STATE_TRANSITION MOVING -> EMERGENCY_STOP (intent=STOP)
05:12:47.917 [AMR-03] SAFETY_STOP min_obstacle_distance=1.00m <= 1.2m
05:12:48.018 [AMR-03] STATE_TRANSITION EMERGENCY_STOP -> MOVING (intent=MOVE)
05:12:48.119 [AMR-03] STATE_TRANSITION MOVING -> EMERGENCY_STOP (intent=STOP)
05:12:48.119 [AMR-03] SAFETY_STOP min_obstacle_distance=1.00m <= 1.2m
05:12:48.220 [AMR-03] STATE_TRANSITION EMERGENCY_STOP -> MOVING (intent=MOVE)
05:12:48.320 [AMR-03] STATE_TRANSITION MOVING -> EMERGENCY_STOP (intent=STOP)
05:12:48.320 [AMR-03] SAFETY_STOP min_obstacle_distance=1.00m <= 1.2m
05:12:48.421 [AMR-03] STATE_TRANSITION EMERGENCY_STOP -> MOVING (intent=MOVE)
05:12:48.521 [AMR-03] STATE_TRANSITION MOVING -> EMERGENCY_STOP (intent=STOP)
05:12:48.521 [AMR-03] SAFETY_STOP min_obstacle_distance=1.00m <= 1.2m
05:12:48.622 [AMR-03] STATE_TRANSITION EMERGENCY_STOP -> MOVING (intent=MOVE)
05:12:48.723 [AMR-03] STATE_TRANSITION MOVING -> EMERGENCY_STOP (intent=STOP)
05:12:48.723 [AMR-03] SAFETY_STOP min_obstacle_distance=1.00m <= 1.2m
05:12:48.823 [AMR-03] STATE_TRANSITION EMERGENCY_STOP -> MOVING (intent=MOVE)
05:12:48.923 [AMR-03] STATE_TRANSITION MOVING -> EMERGENCY_STOP (intent=STOP)
05:12:48.924 [AMR-03] SAFETY_STOP min_obstacle_distance=1.00m <= 1.2m
05:12:49.024 [AMR-03] STATE_TRANSITION EMERGENCY_STOP -> MOVING (intent=MOVE)
05:12:49.125 [AMR-03] STATE_TRANSITION MOVING -> EMERGENCY_STOP (intent=STOP)
05:12:49.125 [AMR-03] SAFETY_STOP min_obstacle_distance=1.00m <= 1.2m
05:12:49.226 [AMR-03] STATE_TRANSITION EMERGENCY_STOP -> MOVING (intent=MOVE)
05:12:49.327 [AMR-03] STATE_TRANSITION MOVING -> EMERGENCY_STOP (intent=STOP)
05:12:49.327 [AMR-03] SAFETY_STOP min_obstacle_distance=1.00m <= 1.2m
05:12:49.428 [AMR-03] STATE_TRANSITION EMERGENCY_STOP -> MOVING (intent=MOVE)
05:12:49.531 [AMR-03] STATE_TRANSITION MOVING -> EMERGENCY_STOP (intent=STOP)
05:12:49.531 [AMR-03] SAFETY_STOP min_obstacle_distance=1.00m <= 1.2m
05:12:49.629 [AMR-03] STATE_TRANSITION EMERGENCY_STOP -> MOVING (intent=MOVE)
05:12:49.730 [AMR-03] STATE_TRANSITION MOVING -> EMERGENCY_STOP (intent=STOP)
05:12:49.730 [AMR-03] SAFETY_STOP min_obstacle_distance=1.00m <= 1.2m
05:12:49.831 [AMR-03] STATE_TRANSITION EMERGENCY_STOP -> MOVING (intent=MOVE)
05:12:49.931 [AMR-03] STATE_TRANSITION MOVING -> EMERGENCY_STOP (intent=STOP)
05:12:49.931 [AMR-03] SAFETY_STOP min_obstacle_distance=1.00m <= 1.2m
05:12:50.032 [AMR-03] STATE_TRANSITION EMERGENCY_STOP -> MOVING (intent=MOVE)
05:12:50.133 [AMR-03] STATE_TRANSITION MOVING -> EMERGENCY_STOP (intent=STOP)
05:12:50.133 [AMR-03] SAFETY_STOP min_obstacle_distance=1.00m <= 1.2m
05:12:50.233 [AMR-03] STATE_TRANSITION EMERGENCY_STOP -> MOVING (intent=MOVE)
05:12:50.334 [AMR-03] STATE_TRANSITION MOVING -> EMERGENCY_STOP (intent=STOP)
05:12:50.335 [AMR-03] SAFETY_STOP min_obstacle_distance=1.00m <= 1.2m
05:12:50.435 [AMR-03] STATE_TRANSITION EMERGENCY_STOP -> MOVING (intent=MOVE)
05:12:50.535 [AMR-03] STATE_TRANSITION MOVING -> EMERGENCY_STOP (intent=STOP)
05:12:50.535 [AMR-03] SAFETY_STOP min_obstacle_distance=1.00m <= 1.2m
05:12:50.636 [AMR-03] STATE_TRANSITION EMERGENCY_STOP -> MOVING (intent=MOVE)
05:12:50.736 [AMR-03] STATE_TRANSITION MOVING -> EMERGENCY_STOP (intent=STOP)
05:12:50.736 [AMR-03] SAFETY_STOP min_obstacle_distance=1.01m <= 1.2m
05:12:50.838 [AMR-03] STATE_TRANSITION EMERGENCY_STOP -> MOVING (intent=MOVE)
05:12:50.938 [AMR-03] STATE_TRANSITION MOVING -> EMERGENCY_STOP (intent=STOP)
05:12:50.938 [AMR-03] SAFETY_STOP min_obstacle_distance=1.00m <= 1.2m
05:12:51.039 [AMR-03] STATE_TRANSITION EMERGENCY_STOP -> MOVING (intent=MOVE)
05:12:51.744 [AMR-03] STATE_TRANSITION MOVING -> EMERGENCY_STOP (intent=STOP)
05:12:51.744 [AMR-03] SAFETY_STOP min_obstacle_distance=1.00m <= 1.2m
05:12:51.845 [AMR-03] STATE_TRANSITION EMERGENCY_STOP -> MOVING (intent=MOVE)
05:12:51.946 [AMR-03] STATE_TRANSITION MOVING -> EMERGENCY_STOP (intent=STOP)
05:12:51.946 [AMR-03] SAFETY_STOP min_obstacle_distance=1.00m <= 1.2m
05:12:52.047 [AMR-03] STATE_TRANSITION EMERGENCY_STOP -> MOVING (intent=MOVE)
05:12:52.148 [AMR-03] STATE_TRANSITION MOVING -> EMERGENCY_STOP (intent=STOP)
05:12:52.148 [AMR-03] SAFETY_STOP min_obstacle_distance=1.00m <= 1.2m
05:12:52.248 [AMR-03] STATE_TRANSITION EMERGENCY_STOP -> MOVING (intent=MOVE)
05:12:52.350 [AMR-03] STATE_TRANSITION MOVING -> EMERGENCY_STOP (intent=STOP)
05:12:52.350 [AMR-03] SAFETY_STOP min_obstacle_distance=1.00m <= 1.2m
05:12:52.451 [AMR-03] STATE_TRANSITION EMERGENCY_STOP -> MOVING (intent=MOVE)
05:12:52.551 [AMR-03] STATE_TRANSITION MOVING -> EMERGENCY_STOP (intent=STOP)
05:12:52.551 [AMR-03] SAFETY_STOP min_obstacle_distance=1.00m <= 1.2m
05:12:52.652 [AMR-03] STATE_TRANSITION EMERGENCY_STOP -> MOVING (intent=MOVE)
05:12:52.752 [AMR-03] STATE_TRANSITION MOVING -> EMERGENCY_STOP (intent=STOP)
05:12:52.752 [AMR-03] SAFETY_STOP min_obstacle_distance=1.00m <= 1.2m
05:12:52.853 [AMR-03] STATE_TRANSITION EMERGENCY_STOP -> MOVING (intent=MOVE)
05:12:52.954 [AMR-03] STATE_TRANSITION MOVING -> EMERGENCY_STOP (intent=STOP)
05:12:52.954 [AMR-03] SAFETY_STOP min_obstacle_distance=1.00m <= 1.2m
05:12:53.055 [AMR-03] CONFLICT_DETECTED peer=AMR-02 type=INTERSECTION node=(8, 9) safe_wait=(8, 8) DECISION=PROCEED (Higher precedence (56.0 vs 50.5) -> Proceed through (8, 9))
05:12:53.055 [AMR-03] STATE_TRANSITION EMERGENCY_STOP -> MOVING (intent=MOVE)
05:12:53.156 [AMR-03] STATE_TRANSITION MOVING -> EMERGENCY_STOP (intent=STOP)
05:12:53.156 [AMR-03] SAFETY_STOP min_obstacle_distance=1.00m <= 1.2m
05:12:53.256 [AMR-03] CONFLICT_DETECTED peer=AMR-02 type=INTERSECTION node=(8, 9) safe_wait=(8, 8) DECISION=PROCEED (Higher precedence (56.0 vs 50.7) -> Proceed through (8, 9))
05:12:53.256 [AMR-03] STATE_TRANSITION EMERGENCY_STOP -> MOVING (intent=MOVE)
05:12:53.356 [AMR-03] STATE_TRANSITION MOVING -> EMERGENCY_STOP (intent=STOP)
05:12:53.356 [AMR-03] SAFETY_STOP min_obstacle_distance=1.00m <= 1.2m
05:12:53.458 [AMR-03] CONFLICT_DETECTED peer=AMR-02 type=INTERSECTION node=(8, 9) safe_wait=(8, 8) DECISION=PROCEED (Higher precedence (56.0 vs 51.1) -> Proceed through (8, 9))
05:12:53.459 [AMR-03] STATE_TRANSITION EMERGENCY_STOP -> MOVING (intent=MOVE)
05:12:53.558 [AMR-03] STATE_TRANSITION MOVING -> EMERGENCY_STOP (intent=STOP)
05:12:53.558 [AMR-03] SAFETY_STOP min_obstacle_distance=1.00m <= 1.2m
05:12:53.659 [AMR-03] CONFLICT_DETECTED peer=AMR-02 type=INTERSECTION node=(8, 9) safe_wait=(8, 8) DECISION=PROCEED (Higher precedence (56.0 vs 51.5) -> Proceed through (8, 9))
05:12:53.659 [AMR-03] STATE_TRANSITION EMERGENCY_STOP -> MOVING (intent=MOVE)
05:12:53.759 [AMR-03] STATE_TRANSITION MOVING -> EMERGENCY_STOP (intent=STOP)
05:12:53.759 [AMR-03] SAFETY_STOP min_obstacle_distance=1.01m <= 1.2m
05:12:53.860 [AMR-03] CONFLICT_DETECTED peer=AMR-02 type=INTERSECTION node=(8, 9) safe_wait=(8, 8) DECISION=PROCEED (Higher precedence (56.0 vs 51.9) -> Proceed through (8, 9))
05:12:53.860 [AMR-03] STATE_TRANSITION EMERGENCY_STOP -> MOVING (intent=MOVE)
05:12:53.961 [AMR-03] STATE_TRANSITION MOVING -> EMERGENCY_STOP (intent=STOP)
05:12:53.961 [AMR-03] SAFETY_STOP min_obstacle_distance=1.00m <= 1.2m
05:12:54.062 [AMR-03] CONFLICT_DETECTED peer=AMR-02 type=INTERSECTION node=(8, 9) safe_wait=(8, 8) DECISION=PROCEED (Higher precedence (56.0 vs 52.3) -> Proceed through (8, 9))
05:12:54.062 [AMR-03] STATE_TRANSITION EMERGENCY_STOP -> MOVING (intent=MOVE)
05:12:54.162 [AMR-03] CONFLICT_DETECTED peer=AMR-02 type=INTERSECTION node=(8, 9) safe_wait=(8, 8) DECISION=PROCEED (Higher precedence (55.5 vs 52.5) -> Proceed through (8, 9))
05:12:54.263 [AMR-03] CONFLICT_DETECTED peer=AMR-02 type=INTERSECTION node=(8, 9) safe_wait=(8, 8) DECISION=PROCEED (Higher precedence (55.5 vs 52.7) -> Proceed through (8, 9))
05:12:54.363 [AMR-03] CONFLICT_DETECTED peer=AMR-02 type=INTERSECTION node=(8, 9) safe_wait=(8, 8) DECISION=PROCEED (Higher precedence (55.5 vs 52.9) -> Proceed through (8, 9))
05:12:54.463 [AMR-03] CONFLICT_DETECTED peer=AMR-02 type=INTERSECTION node=(8, 9) safe_wait=(8, 8) DECISION=PROCEED (Higher precedence (55.5 vs 53.1) -> Proceed through (8, 9))
05:12:54.563 [AMR-03] CONFLICT_DETECTED peer=AMR-02 type=INTERSECTION node=(8, 9) safe_wait=(8, 8) DECISION=PROCEED (Higher precedence (55.5 vs 53.3) -> Proceed through (8, 9))
05:12:54.665 [AMR-03] CONFLICT_DETECTED peer=AMR-02 type=INTERSECTION node=(8, 9) safe_wait=(8, 8) DECISION=PROCEED (Higher precedence (55.5 vs 53.5) -> Proceed through (8, 9))
05:12:54.765 [AMR-03] CONFLICT_DETECTED peer=AMR-02 type=INTERSECTION node=(8, 9) safe_wait=(8, 8) DECISION=PROCEED (Higher precedence (55.5 vs 53.7) -> Proceed through (8, 9))
05:12:54.867 [AMR-03] CONFLICT_DETECTED peer=AMR-02 type=INTERSECTION node=(8, 9) safe_wait=(8, 8) DECISION=PROCEED (Higher precedence (55.1 vs 53.9) -> Proceed through (8, 9))
05:12:54.967 [AMR-03] CONFLICT_DETECTED peer=AMR-02 type=INTERSECTION node=(8, 9) safe_wait=(8, 8) DECISION=PROCEED (Higher precedence (55.1 vs 54.1) -> Proceed through (8, 9))
05:12:55.067 [AMR-03] CONFLICT_DETECTED peer=AMR-02 type=INTERSECTION node=(8, 9) safe_wait=(8, 8) DECISION=PROCEED (Higher precedence (55.1 vs 54.3) -> Proceed through (8, 9))
05:12:55.168 [AMR-03] CONFLICT_DETECTED peer=AMR-02 type=INTERSECTION node=(8, 9) safe_wait=(8, 8) DECISION=PROCEED (Higher precedence (55.1 vs 54.5) -> Proceed through (8, 9))
05:12:55.269 [AMR-03] CONFLICT_DETECTED peer=AMR-02 type=INTERSECTION node=(8, 9) safe_wait=(8, 8) DECISION=PROCEED (Higher precedence (55.0 vs 54.7) -> Proceed through (8, 9))
05:12:55.369 [AMR-03] CONFLICT_DETECTED peer=AMR-02 type=INTERSECTION node=(8, 9) safe_wait=(8, 8) DECISION=PROCEED (Higher precedence (55.1 vs 54.9) -> Proceed through (8, 9))
05:12:55.470 [AMR-03] STATE_TRANSITION MOVING -> EMERGENCY_STOP (intent=STOP)
05:12:55.470 [AMR-03] SAFETY_STOP min_obstacle_distance=1.00m <= 1.2m
05:12:55.570 [AMR-03] CONFLICT_DETECTED peer=AMR-02 type=INTERSECTION node=(8, 9) safe_wait=(8, 8) DECISION=YIELD (Lower precedence at intersection (54.6 vs 54.9) -> Safe wait at (8, 8) for AMR-02)
05:12:55.570 [AMR-03] STATE_TRANSITION EMERGENCY_STOP -> YIELDING (intent=YIELD)
05:12:55.670 [AMR-03] CONFLICT_DETECTED peer=AMR-02 type=INTERSECTION node=(8, 9) safe_wait=(8, 8) DECISION=YIELD (Lower precedence at intersection (54.8 vs 54.9) -> Safe wait at (8, 8) for AMR-02)
05:12:55.771 [AMR-03] CONFLICT_DETECTED peer=AMR-02 type=INTERSECTION node=(8, 9) safe_wait=(8, 8) DECISION=PROCEED (Higher precedence (55.0 vs 54.7) -> Proceed through (8, 9))
05:12:55.771 [AMR-03] STATE_TRANSITION YIELDING -> MOVING (intent=MOVE)
05:12:55.871 [AMR-03] STATE_TRANSITION MOVING -> EMERGENCY_STOP (intent=STOP)
05:12:55.871 [AMR-03] SAFETY_STOP min_obstacle_distance=1.00m <= 1.2m
05:12:55.972 [AMR-03] CONFLICT_DETECTED peer=AMR-02 type=INTERSECTION node=(8, 9) safe_wait=(8, 8) DECISION=YIELD (Lower precedence at intersection (54.8 vs 54.9) -> Safe wait at (8, 8) for AMR-02)
05:12:55.973 [AMR-03] STATE_TRANSITION EMERGENCY_STOP -> YIELDING (intent=YIELD)
05:12:56.074 [AMR-03] CONFLICT_DETECTED peer=AMR-02 type=INTERSECTION node=(8, 9) safe_wait=(8, 8) DECISION=PROCEED (Higher precedence (55.0 vs 54.7) -> Proceed through (8, 9))
05:12:56.074 [AMR-03] STATE_TRANSITION YIELDING -> MOVING (intent=MOVE)
05:12:56.173 [AMR-03] STATE_TRANSITION MOVING -> EMERGENCY_STOP (intent=STOP)
05:12:56.173 [AMR-03] SAFETY_STOP min_obstacle_distance=1.00m <= 1.2m
05:12:56.274 [AMR-03] CONFLICT_DETECTED peer=AMR-02 type=INTERSECTION node=(8, 9) safe_wait=(8, 8) DECISION=YIELD (Lower precedence at intersection (54.8 vs 54.9) -> Safe wait at (8, 8) for AMR-02)
05:12:56.274 [AMR-03] STATE_TRANSITION EMERGENCY_STOP -> YIELDING (intent=YIELD)
05:12:56.375 [AMR-03] CONFLICT_DETECTED peer=AMR-02 type=INTERSECTION node=(8, 9) safe_wait=(8, 8) DECISION=PROCEED (Higher precedence (55.0 vs 54.7) -> Proceed through (8, 9))
05:12:56.375 [AMR-03] STATE_TRANSITION YIELDING -> MOVING (intent=MOVE)
05:12:56.475 [AMR-03] STATE_TRANSITION MOVING -> EMERGENCY_STOP (intent=STOP)
05:12:56.475 [AMR-03] SAFETY_STOP min_obstacle_distance=1.00m <= 1.2m
05:12:56.576 [AMR-03] CONFLICT_DETECTED peer=AMR-02 type=INTERSECTION node=(8, 9) safe_wait=(8, 8) DECISION=YIELD (Lower precedence at intersection (54.8 vs 55.1) -> Safe wait at (8, 8) for AMR-02)
05:12:56.576 [AMR-03] STATE_TRANSITION EMERGENCY_STOP -> YIELDING (intent=YIELD)
05:12:56.677 [AMR-03] CONFLICT_DETECTED peer=AMR-02 type=INTERSECTION node=(8, 9) safe_wait=(8, 8) DECISION=PROCEED (Higher precedence (55.0 vs 55.0) -> Proceed through (8, 9))
05:12:56.677 [AMR-03] STATE_TRANSITION YIELDING -> MOVING (intent=MOVE)
05:12:56.777 [AMR-03] STATE_TRANSITION MOVING -> EMERGENCY_STOP (intent=STOP)
05:12:56.777 [AMR-03] SAFETY_STOP min_obstacle_distance=1.00m <= 1.2m
05:12:56.877 [AMR-03] CONFLICT_DETECTED peer=AMR-02 type=INTERSECTION node=(8, 9) safe_wait=(8, 8) DECISION=YIELD (Lower precedence at intersection (54.8 vs 54.9) -> Safe wait at (8, 8) for AMR-02)
05:12:56.877 [AMR-03] STATE_TRANSITION EMERGENCY_STOP -> YIELDING (intent=YIELD)
05:12:56.978 [AMR-03] CONFLICT_DETECTED peer=AMR-02 type=INTERSECTION node=(8, 9) safe_wait=(8, 8) DECISION=PROCEED (Higher precedence (55.0 vs 54.8) -> Proceed through (8, 9))
05:12:56.978 [AMR-03] STATE_TRANSITION YIELDING -> MOVING (intent=MOVE)
05:12:57.078 [AMR-03] STATE_TRANSITION MOVING -> EMERGENCY_STOP (intent=STOP)
05:12:57.078 [AMR-03] SAFETY_STOP min_obstacle_distance=1.01m <= 1.2m
05:12:57.179 [AMR-03] CONFLICT_DETECTED peer=AMR-02 type=INTERSECTION node=(8, 9) safe_wait=(8, 8) DECISION=YIELD (Lower precedence at intersection (54.8 vs 55.2) -> Safe wait at (8, 8) for AMR-02)
05:12:57.179 [AMR-03] STATE_TRANSITION EMERGENCY_STOP -> YIELDING (intent=YIELD)
05:12:57.279 [AMR-03] CONFLICT_DETECTED peer=AMR-02 type=INTERSECTION node=(8, 9) safe_wait=(8, 8) DECISION=YIELD (Lower precedence at intersection (55.0 vs 55.1) -> Safe wait at (8, 8) for AMR-02)
05:12:57.380 [AMR-03] CONFLICT_DETECTED peer=AMR-02 type=INTERSECTION node=(8, 9) safe_wait=(8, 8) DECISION=PROCEED (Higher precedence (55.2 vs 54.7) -> Proceed through (8, 9))
05:12:57.380 [AMR-03] STATE_TRANSITION YIELDING -> MOVING (intent=MOVE)
05:12:57.480 [AMR-03] STATE_TRANSITION MOVING -> EMERGENCY_STOP (intent=STOP)
05:12:57.481 [AMR-03] SAFETY_STOP min_obstacle_distance=1.01m <= 1.2m
05:12:57.581 [AMR-03] CONFLICT_DETECTED peer=AMR-02 type=INTERSECTION node=(8, 9) safe_wait=(8, 8) DECISION=YIELD (Lower precedence at intersection (55.0 vs 55.1) -> Safe wait at (8, 8) for AMR-02)
05:12:57.581 [AMR-03] STATE_TRANSITION EMERGENCY_STOP -> YIELDING (intent=YIELD)
05:12:57.681 [AMR-03] CONFLICT_DETECTED peer=AMR-02 type=INTERSECTION node=(8, 9) safe_wait=(8, 8) DECISION=PROCEED (Higher precedence (55.1 vs 55.0) -> Proceed through (8, 9))
05:12:57.682 [AMR-03] STATE_TRANSITION YIELDING -> MOVING (intent=MOVE)
05:12:57.782 [AMR-03] STATE_TRANSITION MOVING -> EMERGENCY_STOP (intent=STOP)
05:12:57.782 [AMR-03] SAFETY_STOP min_obstacle_distance=1.04m <= 1.2m
05:12:57.882 [AMR-03] CONFLICT_DETECTED peer=AMR-02 type=INTERSECTION node=(8, 9) safe_wait=(8, 8) DECISION=YIELD (Lower precedence at intersection (54.9 vs 55.1) -> Safe wait at (8, 8) for AMR-02)
05:12:57.882 [AMR-03] STATE_TRANSITION EMERGENCY_STOP -> YIELDING (intent=YIELD)
05:12:57.983 [AMR-03] CONFLICT_DETECTED peer=AMR-02 type=INTERSECTION node=(8, 9) safe_wait=(8, 8) DECISION=PROCEED (Higher precedence (55.1 vs 54.9) -> Proceed through (8, 9))
05:12:57.983 [AMR-03] STATE_TRANSITION YIELDING -> MOVING (intent=MOVE)
05:12:58.083 [AMR-03] STATE_TRANSITION MOVING -> EMERGENCY_STOP (intent=STOP)
05:12:58.083 [AMR-03] SAFETY_STOP min_obstacle_distance=1.10m <= 1.2m
05:12:58.183 [AMR-03] CONFLICT_DETECTED peer=AMR-02 type=INTERSECTION node=(8, 9) safe_wait=(8, 8) DECISION=YIELD (Lower precedence at intersection (54.8 vs 55.1) -> Safe wait at (8, 8) for AMR-02)
05:12:58.192 [AMR-03] STATE_TRANSITION EMERGENCY_STOP -> YIELDING (intent=YIELD)
05:12:58.284 [AMR-03] CONFLICT_DETECTED peer=AMR-02 type=INTERSECTION node=(8, 9) safe_wait=(8, 8) DECISION=YIELD (Lower precedence at intersection (55.0 vs 55.0) -> Safe wait at (8, 8) for AMR-02)
05:12:58.385 [AMR-03] CONFLICT_DETECTED peer=AMR-02 type=INTERSECTION node=(8, 9) safe_wait=(8, 8) DECISION=PROCEED (Higher precedence (55.4 vs 54.7) -> Proceed through (8, 9))
05:12:58.385 [AMR-03] STATE_TRANSITION YIELDING -> MOVING (intent=MOVE)
05:12:58.485 [AMR-03] STATE_TRANSITION MOVING -> EMERGENCY_STOP (intent=STOP)
05:12:58.485 [AMR-03] SAFETY_STOP min_obstacle_distance=1.01m <= 1.2m
05:12:58.585 [AMR-03] CONFLICT_DETECTED peer=AMR-02 type=INTERSECTION node=(8, 9) safe_wait=(8, 8) DECISION=PROCEED (Higher precedence (55.1 vs 55.1) -> Proceed through (8, 9))
05:12:58.585 [AMR-03] STATE_TRANSITION EMERGENCY_STOP -> MOVING (intent=MOVE)
05:12:58.686 [AMR-03] STATE_TRANSITION MOVING -> EMERGENCY_STOP (intent=STOP)
05:12:58.686 [AMR-03] SAFETY_STOP min_obstacle_distance=1.04m <= 1.2m
05:12:58.786 [AMR-03] CONFLICT_DETECTED peer=AMR-02 type=INTERSECTION node=(8, 9) safe_wait=(8, 8) DECISION=YIELD (Lower precedence at intersection (54.9 vs 55.2) -> Safe wait at (8, 8) for AMR-02)
05:12:58.786 [AMR-03] STATE_TRANSITION EMERGENCY_STOP -> YIELDING (intent=YIELD)
05:12:58.886 [AMR-03] CONFLICT_DETECTED peer=AMR-02 type=INTERSECTION node=(8, 9) safe_wait=(8, 8) DECISION=PROCEED (Higher precedence (55.1 vs 55.1) -> Proceed through (8, 9))
05:12:58.886 [AMR-03] STATE_TRANSITION YIELDING -> MOVING (intent=MOVE)
05:12:58.986 [AMR-03] STATE_TRANSITION MOVING -> EMERGENCY_STOP (intent=STOP)
05:12:58.986 [AMR-03] SAFETY_STOP min_obstacle_distance=1.10m <= 1.2m
05:12:59.087 [AMR-03] CONFLICT_DETECTED peer=AMR-02 type=INTERSECTION node=(8, 9) safe_wait=(8, 8) DECISION=YIELD (Lower precedence at intersection (54.8 vs 54.9) -> Safe wait at (8, 8) for AMR-02)
05:12:59.087 [AMR-03] STATE_TRANSITION EMERGENCY_STOP -> YIELDING (intent=YIELD)
05:12:59.187 [AMR-03] CONFLICT_DETECTED peer=AMR-02 type=INTERSECTION node=(8, 9) safe_wait=(8, 8) DECISION=PROCEED (Higher precedence (55.0 vs 54.8) -> Proceed through (8, 9))
05:12:59.187 [AMR-03] STATE_TRANSITION YIELDING -> MOVING (intent=MOVE)
05:12:59.288 [AMR-03] STATE_TRANSITION MOVING -> EMERGENCY_STOP (intent=STOP)
05:12:59.288 [AMR-03] SAFETY_STOP min_obstacle_distance=1.08m <= 1.2m
05:12:59.389 [AMR-03] CONFLICT_DETECTED peer=AMR-02 type=INTERSECTION node=(8, 9) safe_wait=(8, 8) DECISION=PROCEED (Higher precedence (55.0 vs 54.7) -> Proceed through (8, 9))
05:12:59.389 [AMR-03] STATE_TRANSITION EMERGENCY_STOP -> MOVING (intent=MOVE)
05:12:59.490 [AMR-03] STATE_TRANSITION MOVING -> EMERGENCY_STOP (intent=STOP)
05:12:59.490 [AMR-03] SAFETY_STOP min_obstacle_distance=1.01m <= 1.2m
05:12:59.590 [AMR-03] CONFLICT_DETECTED peer=AMR-02 type=INTERSECTION node=(8, 9) safe_wait=(8, 8) DECISION=YIELD (Lower precedence at intersection (54.7 vs 55.1) -> Safe wait at (8, 8) for AMR-02)
05:12:59.591 [AMR-03] STATE_TRANSITION EMERGENCY_STOP -> YIELDING (intent=YIELD)
05:12:59.691 [AMR-03] CONFLICT_DETECTED peer=AMR-02 type=INTERSECTION node=(8, 9) safe_wait=(8, 8) DECISION=YIELD (Lower precedence at intersection (54.9 vs 55.0) -> Safe wait at (8, 8) for AMR-02)
05:12:59.792 [AMR-03] CONFLICT_DETECTED peer=AMR-02 type=INTERSECTION node=(8, 9) safe_wait=(8, 8) DECISION=PROCEED (Higher precedence (55.1 vs 54.9) -> Proceed through (8, 9))
05:12:59.792 [AMR-03] STATE_TRANSITION YIELDING -> MOVING (intent=MOVE)
05:12:59.893 [AMR-03] STATE_TRANSITION MOVING -> EMERGENCY_STOP (intent=STOP)
05:12:59.893 [AMR-03] SAFETY_STOP min_obstacle_distance=1.04m <= 1.2m
05:12:59.994 [AMR-03] CONFLICT_DETECTED peer=AMR-02 type=INTERSECTION node=(8, 9) safe_wait=(8, 8) DECISION=YIELD (Lower precedence at intersection (54.9 vs 55.3) -> Safe wait at (8, 8) for AMR-02)
05:12:59.994 [AMR-03] STATE_TRANSITION EMERGENCY_STOP -> YIELDING (intent=YIELD)
05:13:00.094 [AMR-03] CONFLICT_DETECTED peer=AMR-02 type=INTERSECTION node=(8, 9) safe_wait=(8, 8) DECISION=YIELD (Lower precedence at intersection (55.1 vs 55.1) -> Safe wait at (8, 8) for AMR-02)
05:13:00.195 [AMR-03] CONFLICT_DETECTED peer=AMR-02 type=INTERSECTION node=(8, 9) safe_wait=(8, 8) DECISION=PROCEED (Higher precedence (55.3 vs 55.1) -> Proceed through (8, 9))
05:13:00.195 [AMR-03] STATE_TRANSITION YIELDING -> MOVING (intent=MOVE)
05:13:00.296 [AMR-03] STATE_TRANSITION MOVING -> EMERGENCY_STOP (intent=STOP)
05:13:00.296 [AMR-03] SAFETY_STOP min_obstacle_distance=1.10m <= 1.2m
05:13:00.396 [AMR-03] CONFLICT_DETECTED peer=AMR-02 type=INTERSECTION node=(8, 9) safe_wait=(8, 8) DECISION=PROCEED (Higher precedence (55.2 vs 54.7) -> Proceed through (8, 9))
05:13:00.396 [AMR-03] STATE_TRANSITION EMERGENCY_STOP -> MOVING (intent=MOVE)
05:13:00.496 [AMR-03] STATE_TRANSITION MOVING -> EMERGENCY_STOP (intent=STOP)
05:13:00.496 [AMR-03] SAFETY_STOP min_obstacle_distance=1.01m <= 1.2m
05:13:00.597 [AMR-03] CONFLICT_DETECTED peer=AMR-02 type=INTERSECTION node=(8, 9) safe_wait=(8, 8) DECISION=YIELD (Lower precedence at intersection (54.9 vs 55.1) -> Safe wait at (8, 8) for AMR-02)
05:13:00.597 [AMR-03] STATE_TRANSITION EMERGENCY_STOP -> YIELDING (intent=YIELD)
05:13:00.698 [AMR-03] CONFLICT_DETECTED peer=AMR-02 type=INTERSECTION node=(8, 9) safe_wait=(8, 8) DECISION=PROCEED (Higher precedence (55.1 vs 55.0) -> Proceed through (8, 9))
05:13:00.698 [AMR-03] STATE_TRANSITION YIELDING -> MOVING (intent=MOVE)
05:13:00.798 [AMR-03] STATE_TRANSITION MOVING -> EMERGENCY_STOP (intent=STOP)
05:13:00.798 [AMR-03] SAFETY_STOP min_obstacle_distance=1.04m <= 1.2m
05:13:00.899 [AMR-03] CONFLICT_DETECTED peer=AMR-02 type=INTERSECTION node=(8, 9) safe_wait=(8, 8) DECISION=YIELD (Lower precedence at intersection (54.9 vs 55.1) -> Safe wait at (8, 8) for AMR-02)
05:13:00.899 [AMR-03] STATE_TRANSITION EMERGENCY_STOP -> YIELDING (intent=YIELD)
05:13:01.001 [AMR-03] CONFLICT_DETECTED peer=AMR-02 type=INTERSECTION node=(8, 9) safe_wait=(8, 8) DECISION=PROCEED (Higher precedence (55.1 vs 54.9) -> Proceed through (8, 9))
05:13:01.001 [AMR-03] STATE_TRANSITION YIELDING -> MOVING (intent=MOVE)
05:13:01.101 [AMR-03] STATE_TRANSITION MOVING -> EMERGENCY_STOP (intent=STOP)
05:13:01.101 [AMR-03] SAFETY_STOP min_obstacle_distance=1.10m <= 1.2m
05:13:01.201 [AMR-03] CONFLICT_DETECTED peer=AMR-02 type=INTERSECTION node=(8, 9) safe_wait=(8, 8) DECISION=YIELD (Lower precedence at intersection (54.8 vs 55.1) -> Safe wait at (8, 8) for AMR-02)
05:13:01.201 [AMR-03] STATE_TRANSITION EMERGENCY_STOP -> YIELDING (intent=YIELD)
05:13:01.301 [AMR-03] CONFLICT_DETECTED peer=AMR-02 type=INTERSECTION node=(8, 9) safe_wait=(8, 8) DECISION=YIELD (Lower precedence at intersection (55.0 vs 55.0) -> Safe wait at (8, 8) for AMR-02)
05:13:01.402 [AMR-03] CONFLICT_DETECTED peer=AMR-02 type=INTERSECTION node=(8, 9) safe_wait=(8, 8) DECISION=PROCEED (Higher precedence (55.4 vs 54.7) -> Proceed through (8, 9))
05:13:01.402 [AMR-03] STATE_TRANSITION YIELDING -> MOVING (intent=MOVE)
05:13:01.502 [AMR-03] STATE_TRANSITION MOVING -> EMERGENCY_STOP (intent=STOP)
05:13:01.502 [AMR-03] SAFETY_STOP min_obstacle_distance=1.01m <= 1.2m
05:13:01.603 [AMR-03] CONFLICT_DETECTED peer=AMR-02 type=INTERSECTION node=(8, 9) safe_wait=(8, 8) DECISION=PROCEED (Higher precedence (55.1 vs 55.1) -> Proceed through (8, 9))
05:13:01.603 [AMR-03] STATE_TRANSITION EMERGENCY_STOP -> MOVING (intent=MOVE)
05:13:01.703 [AMR-03] STATE_TRANSITION MOVING -> EMERGENCY_STOP (intent=STOP)
05:13:01.703 [AMR-03] SAFETY_STOP min_obstacle_distance=1.04m <= 1.2m
05:13:01.803 [AMR-03] CONFLICT_DETECTED peer=AMR-02 type=INTERSECTION node=(8, 9) safe_wait=(8, 8) DECISION=YIELD (Lower precedence at intersection (54.9 vs 55.2) -> Safe wait at (8, 8) for AMR-02)
05:13:01.803 [AMR-03] STATE_TRANSITION EMERGENCY_STOP -> YIELDING (intent=YIELD)
05:13:01.904 [AMR-03] CONFLICT_DETECTED peer=AMR-02 type=INTERSECTION node=(8, 9) safe_wait=(8, 8) DECISION=PROCEED (Higher precedence (55.1 vs 55.1) -> Proceed through (8, 9))
05:13:01.904 [AMR-03] STATE_TRANSITION YIELDING -> MOVING (intent=MOVE)
05:13:02.004 [AMR-03] STATE_TRANSITION MOVING -> EMERGENCY_STOP (intent=STOP)
05:13:02.004 [AMR-03] SAFETY_STOP min_obstacle_distance=1.10m <= 1.2m
05:13:02.105 [AMR-03] CONFLICT_DETECTED peer=AMR-02 type=INTERSECTION node=(8, 9) safe_wait=(8, 8) DECISION=YIELD (Lower precedence at intersection (54.8 vs 54.9) -> Safe wait at (8, 8) for AMR-02)
05:13:02.105 [AMR-03] STATE_TRANSITION EMERGENCY_STOP -> YIELDING (intent=YIELD)
05:13:02.206 [AMR-03] CONFLICT_DETECTED peer=AMR-02 type=INTERSECTION node=(8, 9) safe_wait=(8, 8) DECISION=PROCEED (Higher precedence (55.0 vs 54.8) -> Proceed through (8, 9))
05:13:02.206 [AMR-03] STATE_TRANSITION YIELDING -> MOVING (intent=MOVE)
05:13:02.307 [AMR-03] STATE_TRANSITION MOVING -> EMERGENCY_STOP (intent=STOP)
05:13:02.307 [AMR-03] SAFETY_STOP min_obstacle_distance=1.08m <= 1.2m
05:13:02.408 [AMR-03] CONFLICT_DETECTED peer=AMR-02 type=INTERSECTION node=(8, 9) safe_wait=(8, 8) DECISION=PROCEED (Higher precedence (55.0 vs 54.7) -> Proceed through (8, 9))
05:13:02.408 [AMR-03] STATE_TRANSITION EMERGENCY_STOP -> MOVING (intent=MOVE)
05:13:02.508 [AMR-03] STATE_TRANSITION MOVING -> EMERGENCY_STOP (intent=STOP)
05:13:02.508 [AMR-03] SAFETY_STOP min_obstacle_distance=1.01m <= 1.2m
05:13:02.609 [AMR-03] CONFLICT_DETECTED peer=AMR-02 type=INTERSECTION node=(8, 9) safe_wait=(8, 8) DECISION=YIELD (Lower precedence at intersection (54.7 vs 55.1) -> Safe wait at (8, 8) for AMR-02)
05:13:02.609 [AMR-03] STATE_TRANSITION EMERGENCY_STOP -> YIELDING (intent=YIELD)
05:13:02.709 [AMR-03] CONFLICT_DETECTED peer=AMR-02 type=INTERSECTION node=(8, 9) safe_wait=(8, 8) DECISION=YIELD (Lower precedence at intersection (54.9 vs 55.0) -> Safe wait at (8, 8) for AMR-02)
05:13:02.810 [AMR-03] CONFLICT_DETECTED peer=AMR-02 type=INTERSECTION node=(8, 9) safe_wait=(8, 8) DECISION=PROCEED (Higher precedence (55.1 vs 54.9) -> Proceed through (8, 9))
05:13:02.810 [AMR-03] STATE_TRANSITION YIELDING -> MOVING (intent=MOVE)
05:13:02.911 [AMR-03] STATE_TRANSITION MOVING -> EMERGENCY_STOP (intent=STOP)
05:13:02.912 [AMR-03] SAFETY_STOP min_obstacle_distance=1.04m <= 1.2m
05:13:03.012 [AMR-03] CONFLICT_DETECTED peer=AMR-02 type=INTERSECTION node=(8, 9) safe_wait=(8, 8) DECISION=YIELD (Lower precedence at intersection (54.9 vs 55.3) -> Safe wait at (8, 8) for AMR-02)
05:13:03.012 [AMR-03] STATE_TRANSITION EMERGENCY_STOP -> YIELDING (intent=YIELD)
05:13:03.113 [AMR-03] CONFLICT_DETECTED peer=AMR-02 type=INTERSECTION node=(8, 9) safe_wait=(8, 8) DECISION=YIELD (Lower precedence at intersection (55.1 vs 55.1) -> Safe wait at (8, 8) for AMR-02)
05:13:03.213 [AMR-03] CONFLICT_DETECTED peer=AMR-02 type=INTERSECTION node=(8, 9) safe_wait=(8, 8) DECISION=PROCEED (Higher precedence (55.3 vs 55.1) -> Proceed through (8, 9))
05:13:03.213 [AMR-03] STATE_TRANSITION YIELDING -> MOVING (intent=MOVE)
05:13:03.313 [AMR-03] STATE_TRANSITION MOVING -> EMERGENCY_STOP (intent=STOP)
05:13:03.313 [AMR-03] SAFETY_STOP min_obstacle_distance=1.10m <= 1.2m
05:13:03.416 [AMR-03] CONFLICT_DETECTED peer=AMR-02 type=INTERSECTION node=(8, 9) safe_wait=(8, 8) DECISION=PROCEED (Higher precedence (55.2 vs 54.7) -> Proceed through (8, 9))
05:13:03.416 [AMR-03] STATE_TRANSITION EMERGENCY_STOP -> MOVING (intent=MOVE)
05:13:03.516 [AMR-03] STATE_TRANSITION MOVING -> EMERGENCY_STOP (intent=STOP)
05:13:03.516 [AMR-03] SAFETY_STOP min_obstacle_distance=1.01m <= 1.2m
05:13:03.617 [AMR-03] CONFLICT_DETECTED peer=AMR-02 type=INTERSECTION node=(8, 9) safe_wait=(8, 8) DECISION=YIELD (Lower precedence at intersection (54.9 vs 55.1) -> Safe wait at (8, 8) for AMR-02)
05:13:03.617 [AMR-03] STATE_TRANSITION EMERGENCY_STOP -> YIELDING (intent=YIELD)
05:13:03.717 [AMR-03] CONFLICT_DETECTED peer=AMR-02 type=INTERSECTION node=(8, 9) safe_wait=(8, 8) DECISION=PROCEED (Higher precedence (55.1 vs 55.0) -> Proceed through (8, 9))
05:13:03.717 [AMR-03] STATE_TRANSITION YIELDING -> MOVING (intent=MOVE)
05:13:03.817 [AMR-03] STATE_TRANSITION MOVING -> EMERGENCY_STOP (intent=STOP)
05:13:03.817 [AMR-03] SAFETY_STOP min_obstacle_distance=1.05m <= 1.2m
05:13:03.918 [AMR-03] CONFLICT_DETECTED peer=AMR-02 type=INTERSECTION node=(8, 9) safe_wait=(8, 8) DECISION=YIELD (Lower precedence at intersection (54.9 vs 55.1) -> Safe wait at (8, 8) for AMR-02)
05:13:03.918 [AMR-03] STATE_TRANSITION EMERGENCY_STOP -> YIELDING (intent=YIELD)
05:13:04.018 [AMR-03] CONFLICT_DETECTED peer=AMR-02 type=INTERSECTION node=(8, 9) safe_wait=(8, 8) DECISION=PROCEED (Higher precedence (55.1 vs 55.0) -> Proceed through (8, 9))
05:13:04.018 [AMR-03] STATE_TRANSITION YIELDING -> MOVING (intent=MOVE)
05:13:04.119 [AMR-03] STATE_TRANSITION MOVING -> EMERGENCY_STOP (intent=STOP)
05:13:04.119 [AMR-03] SAFETY_STOP min_obstacle_distance=1.10m <= 1.2m
05:13:04.219 [AMR-03] CONFLICT_DETECTED peer=AMR-02 type=INTERSECTION node=(8, 9) safe_wait=(8, 8) DECISION=YIELD (Lower precedence at intersection (54.8 vs 55.1) -> Safe wait at (8, 8) for AMR-02)
05:13:04.220 [AMR-03] STATE_TRANSITION EMERGENCY_STOP -> YIELDING (intent=YIELD)
05:13:04.319 [AMR-03] CONFLICT_DETECTED peer=AMR-02 type=INTERSECTION node=(8, 9) safe_wait=(8, 8) DECISION=YIELD (Lower precedence at intersection (55.0 vs 55.0) -> Safe wait at (8, 8) for AMR-02)
05:13:04.420 [AMR-03] CONFLICT_DETECTED peer=AMR-02 type=INTERSECTION node=(8, 9) safe_wait=(8, 8) DECISION=PROCEED (Higher precedence (55.4 vs 54.7) -> Proceed through (8, 9))
05:13:04.420 [AMR-03] STATE_TRANSITION YIELDING -> MOVING (intent=MOVE)
05:13:04.521 [AMR-03] STATE_TRANSITION MOVING -> EMERGENCY_STOP (intent=STOP)
05:13:04.521 [AMR-03] SAFETY_STOP min_obstacle_distance=1.01m <= 1.2m
05:13:04.621 [AMR-03] CONFLICT_DETECTED peer=AMR-02 type=INTERSECTION node=(8, 9) safe_wait=(8, 8) DECISION=PROCEED (Higher precedence (55.1 vs 55.1) -> Proceed through (8, 9))
05:13:04.622 [AMR-03] STATE_TRANSITION EMERGENCY_STOP -> MOVING (intent=MOVE)
05:13:04.722 [AMR-03] STATE_TRANSITION MOVING -> EMERGENCY_STOP (intent=STOP)
05:13:04.722 [AMR-03] SAFETY_STOP min_obstacle_distance=1.04m <= 1.2m
05:13:04.822 [AMR-03] CONFLICT_DETECTED peer=AMR-02 type=INTERSECTION node=(8, 9) safe_wait=(8, 8) DECISION=YIELD (Lower precedence at intersection (54.9 vs 55.2) -> Safe wait at (8, 8) for AMR-02)
05:13:04.822 [AMR-03] STATE_TRANSITION EMERGENCY_STOP -> YIELDING (intent=YIELD)
05:13:04.923 [AMR-03] CONFLICT_DETECTED peer=AMR-02 type=INTERSECTION node=(8, 9) safe_wait=(8, 8) DECISION=PROCEED (Higher precedence (55.1 vs 55.1) -> Proceed through (8, 9))
05:13:04.923 [AMR-03] STATE_TRANSITION YIELDING -> MOVING (intent=MOVE)
05:13:05.024 [AMR-03] STATE_TRANSITION MOVING -> EMERGENCY_STOP (intent=STOP)
05:13:05.024 [AMR-03] SAFETY_STOP min_obstacle_distance=1.10m <= 1.2m
05:13:05.124 [AMR-03] CONFLICT_DETECTED peer=AMR-02 type=INTERSECTION node=(8, 9) safe_wait=(8, 8) DECISION=YIELD (Lower precedence at intersection (54.8 vs 55.0) -> Safe wait at (8, 8) for AMR-02)
05:13:05.124 [AMR-03] STATE_TRANSITION EMERGENCY_STOP -> YIELDING (intent=YIELD)
05:13:05.224 [AMR-03] CONFLICT_DETECTED peer=AMR-02 type=INTERSECTION node=(8, 9) safe_wait=(8, 8) DECISION=PROCEED (Higher precedence (55.0 vs 54.8) -> Proceed through (8, 9))
05:13:05.224 [AMR-03] STATE_TRANSITION YIELDING -> MOVING (intent=MOVE)
05:13:05.324 [AMR-03] STATE_TRANSITION MOVING -> EMERGENCY_STOP (intent=STOP)
05:13:05.324 [AMR-03] SAFETY_STOP min_obstacle_distance=1.08m <= 1.2m
05:13:05.425 [AMR-03] CONFLICT_DETECTED peer=AMR-02 type=INTERSECTION node=(8, 9) safe_wait=(8, 8) DECISION=PROCEED (Higher precedence (55.0 vs 54.7) -> Proceed through (8, 9))
05:13:05.425 [AMR-03] STATE_TRANSITION EMERGENCY_STOP -> MOVING (intent=MOVE)
05:13:05.526 [AMR-03] STATE_TRANSITION MOVING -> EMERGENCY_STOP (intent=STOP)
05:13:05.526 [AMR-03] SAFETY_STOP min_obstacle_distance=1.01m <= 1.2m
05:13:05.626 [AMR-03] CONFLICT_DETECTED peer=AMR-02 type=INTERSECTION node=(8, 9) safe_wait=(8, 8) DECISION=YIELD (Lower precedence at intersection (54.7 vs 55.1) -> Safe wait at (8, 8) for AMR-02)
05:13:05.627 [AMR-03] STATE_TRANSITION EMERGENCY_STOP -> YIELDING (intent=YIELD)
05:13:05.727 [AMR-03] CONFLICT_DETECTED peer=AMR-02 type=INTERSECTION node=(8, 9) safe_wait=(8, 8) DECISION=YIELD (Lower precedence at intersection (54.9 vs 55.0) -> Safe wait at (8, 8) for AMR-02)
05:13:05.827 [AMR-03] CONFLICT_DETECTED peer=AMR-02 type=INTERSECTION node=(8, 9) safe_wait=(8, 8) DECISION=PROCEED (Higher precedence (55.1 vs 54.9) -> Proceed through (8, 9))
05:13:05.827 [AMR-03] STATE_TRANSITION YIELDING -> MOVING (intent=MOVE)
05:13:05.928 [AMR-03] STATE_TRANSITION MOVING -> EMERGENCY_STOP (intent=STOP)
05:13:05.928 [AMR-03] SAFETY_STOP min_obstacle_distance=1.04m <= 1.2m
05:13:06.029 [AMR-03] CONFLICT_DETECTED peer=AMR-02 type=INTERSECTION node=(8, 9) safe_wait=(8, 8) DECISION=YIELD (Lower precedence at intersection (54.9 vs 55.3) -> Safe wait at (8, 8) for AMR-02)
05:13:06.029 [AMR-03] STATE_TRANSITION EMERGENCY_STOP -> YIELDING (intent=YIELD)
05:13:06.130 [AMR-03] CONFLICT_DETECTED peer=AMR-02 type=INTERSECTION node=(8, 9) safe_wait=(8, 8) DECISION=YIELD (Lower precedence at intersection (55.1 vs 55.1) -> Safe wait at (8, 8) for AMR-02)
05:13:06.231 [AMR-03] CONFLICT_DETECTED peer=AMR-02 type=INTERSECTION node=(8, 9) safe_wait=(8, 8) DECISION=PROCEED (Higher precedence (55.3 vs 55.1) -> Proceed through (8, 9))
05:13:06.231 [AMR-03] STATE_TRANSITION YIELDING -> MOVING (intent=MOVE)
05:13:06.331 [AMR-03] STATE_TRANSITION MOVING -> EMERGENCY_STOP (intent=STOP)
05:13:06.331 [AMR-03] SAFETY_STOP min_obstacle_distance=1.00m <= 1.2m
05:13:06.432 [AMR-03] CONFLICT_DETECTED peer=AMR-02 type=INTERSECTION node=(8, 9) safe_wait=(8, 8) DECISION=PROCEED (Higher precedence (55.2 vs 54.9) -> Proceed through (8, 9))
05:13:06.432 [AMR-03] STATE_TRANSITION EMERGENCY_STOP -> MOVING (intent=MOVE)
05:13:06.532 [AMR-03] STATE_TRANSITION MOVING -> EMERGENCY_STOP (intent=STOP)
05:13:06.532 [AMR-03] SAFETY_STOP min_obstacle_distance=1.01m <= 1.2m
05:13:06.633 [AMR-03] CONFLICT_DETECTED peer=AMR-02 type=INTERSECTION node=(8, 9) safe_wait=(8, 8) DECISION=YIELD (Lower precedence at intersection (54.9 vs 55.3) -> Safe wait at (8, 8) for AMR-02)
05:13:06.633 [AMR-03] STATE_TRANSITION EMERGENCY_STOP -> YIELDING (intent=YIELD)
05:13:06.733 [AMR-03] CONFLICT_DETECTED peer=AMR-02 type=INTERSECTION node=(8, 9) safe_wait=(8, 8) DECISION=YIELD (Lower precedence at intersection (55.1 vs 55.2) -> Safe wait at (8, 8) for AMR-02)
05:13:06.834 [AMR-03] CONFLICT_DETECTED peer=AMR-02 type=INTERSECTION node=(8, 9) safe_wait=(8, 8) DECISION=PROCEED (Higher precedence (55.3 vs 55.1) -> Proceed through (8, 9))
05:13:06.834 [AMR-03] STATE_TRANSITION YIELDING -> MOVING (intent=MOVE)
05:13:06.935 [AMR-03] STATE_TRANSITION MOVING -> EMERGENCY_STOP (intent=STOP)
05:13:06.935 [AMR-03] SAFETY_STOP min_obstacle_distance=1.04m <= 1.2m
05:13:07.036 [AMR-03] CONFLICT_DETECTED peer=AMR-02 type=INTERSECTION node=(8, 9) safe_wait=(8, 8) DECISION=YIELD (Lower precedence at intersection (55.1 vs 55.5) -> Safe wait at (8, 8) for AMR-02)
05:13:07.036 [AMR-03] STATE_TRANSITION EMERGENCY_STOP -> YIELDING (intent=YIELD)
05:13:07.136 [AMR-03] CONFLICT_DETECTED peer=AMR-02 type=INTERSECTION node=(8, 9) safe_wait=(8, 8) DECISION=YIELD (Lower precedence at intersection (55.3 vs 55.4) -> Safe wait at (8, 8) for AMR-02)
05:13:07.238 [AMR-03] CONFLICT_DETECTED peer=AMR-02 type=INTERSECTION node=(8, 9) safe_wait=(8, 8) DECISION=PROCEED (Higher precedence (55.5 vs 55.4) -> Proceed through (8, 9))
05:13:07.238 [AMR-03] STATE_TRANSITION YIELDING -> MOVING (intent=MOVE)
05:13:07.338 [AMR-03] STATE_TRANSITION MOVING -> EMERGENCY_STOP (intent=STOP)
05:13:07.338 [AMR-03] SAFETY_STOP min_obstacle_distance=1.00m <= 1.2m
05:13:07.439 [AMR-03] CONFLICT_DETECTED peer=AMR-02 type=INTERSECTION node=(8, 9) safe_wait=(8, 8) DECISION=PROCEED (Higher precedence (54.9 vs 54.9) -> Proceed through (8, 9))
05:13:07.439 [AMR-03] STATE_TRANSITION EMERGENCY_STOP -> MOVING (intent=MOVE)
05:13:07.540 [AMR-03] STATE_TRANSITION MOVING -> EMERGENCY_STOP (intent=STOP)
05:13:07.540 [AMR-03] SAFETY_STOP min_obstacle_distance=1.01m <= 1.2m
05:13:07.640 [AMR-03] CONFLICT_DETECTED peer=AMR-02 type=INTERSECTION node=(8, 9) safe_wait=(8, 8) DECISION=YIELD (Lower precedence at intersection (54.8 vs 55.0) -> Safe wait at (8, 8) for AMR-02)
05:13:07.641 [AMR-03] STATE_TRANSITION EMERGENCY_STOP -> YIELDING (intent=YIELD)
05:13:07.741 [AMR-03] CONFLICT_DETECTED peer=AMR-02 type=INTERSECTION node=(8, 9) safe_wait=(8, 8) DECISION=PROCEED (Higher precedence (55.0 vs 54.9) -> Proceed through (8, 9))
05:13:07.741 [AMR-03] STATE_TRANSITION YIELDING -> MOVING (intent=MOVE)
05:13:07.841 [AMR-03] STATE_TRANSITION MOVING -> EMERGENCY_STOP (intent=STOP)
05:13:07.841 [AMR-03] SAFETY_STOP min_obstacle_distance=1.04m <= 1.2m
05:13:07.942 [AMR-03] CONFLICT_DETECTED peer=AMR-02 type=INTERSECTION node=(8, 9) safe_wait=(8, 8) DECISION=PROCEED (Higher precedence (54.9 vs 54.8) -> Proceed through (8, 9))
05:13:07.943 [AMR-03] STATE_TRANSITION EMERGENCY_STOP -> MOVING (intent=MOVE)
05:13:08.043 [AMR-03] STATE_TRANSITION MOVING -> EMERGENCY_STOP (intent=STOP)
05:13:08.043 [AMR-03] SAFETY_STOP min_obstacle_distance=1.10m <= 1.2m
05:13:08.143 [AMR-03] CONFLICT_DETECTED peer=AMR-02 type=INTERSECTION node=(8, 9) safe_wait=(8, 8) DECISION=YIELD (Lower precedence at intersection (54.8 vs 54.8) -> Safe wait at (8, 8) for AMR-02)
05:13:08.143 [AMR-03] STATE_TRANSITION EMERGENCY_STOP -> YIELDING (intent=YIELD)
05:13:08.244 [AMR-03] CONFLICT_DETECTED peer=AMR-02 type=INTERSECTION node=(8, 9) safe_wait=(8, 8) DECISION=PROCEED (Higher precedence (55.0 vs 54.8) -> Proceed through (8, 9))
05:13:08.244 [AMR-03] STATE_TRANSITION YIELDING -> MOVING (intent=MOVE)
05:13:08.345 [AMR-03] STATE_TRANSITION MOVING -> EMERGENCY_STOP (intent=STOP)
05:13:08.345 [AMR-03] SAFETY_STOP min_obstacle_distance=1.00m <= 1.2m
05:13:08.446 [AMR-03] CONFLICT_DETECTED peer=AMR-02 type=INTERSECTION node=(8, 9) safe_wait=(8, 8) DECISION=YIELD (Lower precedence at intersection (54.5 vs 54.8) -> Safe wait at (8, 8) for AMR-02)
05:13:08.446 [AMR-03] STATE_TRANSITION EMERGENCY_STOP -> YIELDING (intent=YIELD)
05:13:08.546 [AMR-03] CONFLICT_DETECTED peer=AMR-02 type=INTERSECTION node=(8, 9) safe_wait=(8, 8) DECISION=PROCEED (Higher precedence (54.7 vs 54.7) -> Proceed through (8, 9))
05:13:08.547 [AMR-03] STATE_TRANSITION YIELDING -> MOVING (intent=MOVE)
05:13:08.647 [AMR-03] STATE_TRANSITION MOVING -> EMERGENCY_STOP (intent=STOP)
05:13:08.647 [AMR-03] SAFETY_STOP min_obstacle_distance=1.01m <= 1.2m
05:13:08.747 [AMR-03] CONFLICT_DETECTED peer=AMR-02 type=INTERSECTION node=(8, 9) safe_wait=(8, 8) DECISION=YIELD (Lower precedence at intersection (54.6 vs 54.9) -> Safe wait at (8, 8) for AMR-02)
05:13:08.747 [AMR-03] STATE_TRANSITION EMERGENCY_STOP -> YIELDING (intent=YIELD)
05:13:08.848 [AMR-03] CONFLICT_DETECTED peer=AMR-02 type=INTERSECTION node=(8, 9) safe_wait=(8, 8) DECISION=PROCEED (Higher precedence (54.8 vs 54.8) -> Proceed through (8, 9))
05:13:08.848 [AMR-03] STATE_TRANSITION YIELDING -> MOVING (intent=MOVE)
05:13:08.948 [AMR-03] STATE_TRANSITION MOVING -> EMERGENCY_STOP (intent=STOP)
05:13:08.948 [AMR-03] SAFETY_STOP min_obstacle_distance=1.04m <= 1.2m
05:13:09.049 [AMR-03] CONFLICT_DETECTED peer=AMR-02 type=INTERSECTION node=(8, 9) safe_wait=(8, 8) DECISION=YIELD (Lower precedence at intersection (54.7 vs 55.0) -> Safe wait at (8, 8) for AMR-02)
05:13:09.049 [AMR-03] STATE_TRANSITION EMERGENCY_STOP -> YIELDING (intent=YIELD)
05:13:09.149 [AMR-03] CONFLICT_DETECTED peer=AMR-02 type=INTERSECTION node=(8, 9) safe_wait=(8, 8) DECISION=PROCEED (Higher precedence (54.9 vs 54.9) -> Proceed through (8, 9))
05:13:09.149 [AMR-03] STATE_TRANSITION YIELDING -> MOVING (intent=MOVE)
05:13:09.250 [AMR-03] STATE_TRANSITION MOVING -> EMERGENCY_STOP (intent=STOP)
05:13:09.250 [AMR-03] SAFETY_STOP min_obstacle_distance=1.10m <= 1.2m
05:13:09.350 [AMR-03] CONFLICT_DETECTED peer=AMR-02 type=INTERSECTION node=(8, 9) safe_wait=(8, 8) DECISION=YIELD (Lower precedence at intersection (54.5 vs 54.8) -> Safe wait at (8, 8) for AMR-02)
05:13:09.351 [AMR-03] STATE_TRANSITION EMERGENCY_STOP -> YIELDING (intent=YIELD)
05:13:09.451 [AMR-03] CONFLICT_DETECTED peer=AMR-02 type=INTERSECTION node=(8, 9) safe_wait=(8, 8) DECISION=PROCEED (Higher precedence (54.7 vs 54.7) -> Proceed through (8, 9))
05:13:09.451 [AMR-03] STATE_TRANSITION YIELDING -> MOVING (intent=MOVE)
05:13:09.551 [AMR-03] STATE_TRANSITION MOVING -> EMERGENCY_STOP (intent=STOP)
05:13:09.551 [AMR-03] SAFETY_STOP min_obstacle_distance=1.01m <= 1.2m
05:13:09.652 [AMR-03] CONFLICT_DETECTED peer=AMR-02 type=INTERSECTION node=(8, 9) safe_wait=(8, 8) DECISION=YIELD (Lower precedence at intersection (54.6 vs 54.9) -> Safe wait at (8, 8) for AMR-02)
05:13:09.652 [AMR-03] STATE_TRANSITION EMERGENCY_STOP -> YIELDING (intent=YIELD)
05:13:09.752 [AMR-03] CONFLICT_DETECTED peer=AMR-02 type=INTERSECTION node=(8, 9) safe_wait=(8, 8) DECISION=PROCEED (Higher precedence (54.8 vs 54.8) -> Proceed through (8, 9))
05:13:09.752 [AMR-03] STATE_TRANSITION YIELDING -> MOVING (intent=MOVE)
05:13:09.852 [AMR-03] STATE_TRANSITION MOVING -> EMERGENCY_STOP (intent=STOP)
05:13:09.852 [AMR-03] SAFETY_STOP min_obstacle_distance=1.04m <= 1.2m
05:13:09.953 [AMR-03] CONFLICT_DETECTED peer=AMR-02 type=INTERSECTION node=(8, 9) safe_wait=(8, 8) DECISION=YIELD (Lower precedence at intersection (54.7 vs 55.0) -> Safe wait at (8, 8) for AMR-02)
05:13:09.953 [AMR-03] STATE_TRANSITION EMERGENCY_STOP -> YIELDING (intent=YIELD)
05:13:10.053 [AMR-03] CONFLICT_DETECTED peer=AMR-02 type=INTERSECTION node=(8, 9) safe_wait=(8, 8) DECISION=PROCEED (Higher precedence (54.9 vs 54.8) -> Proceed through (8, 9))
05:13:10.053 [AMR-03] STATE_TRANSITION YIELDING -> MOVING (intent=MOVE)
05:13:10.154 [AMR-03] STATE_TRANSITION MOVING -> EMERGENCY_STOP (intent=STOP)
05:13:10.154 [AMR-03] SAFETY_STOP min_obstacle_distance=1.10m <= 1.2m
05:13:10.255 [AMR-03] CONFLICT_DETECTED peer=AMR-02 type=INTERSECTION node=(8, 9) safe_wait=(8, 8) DECISION=YIELD (Lower precedence at intersection (54.8 vs 55.0) -> Safe wait at (8, 8) for AMR-02)
05:13:10.256 [AMR-03] STATE_TRANSITION EMERGENCY_STOP -> YIELDING (intent=YIELD)
05:13:10.356 [AMR-03] CONFLICT_DETECTED peer=AMR-02 type=INTERSECTION node=(8, 9) safe_wait=(8, 8) DECISION=PROCEED (Higher precedence (54.7 vs 54.6) -> Proceed through (8, 9))
05:13:10.356 [AMR-03] STATE_TRANSITION YIELDING -> MOVING (intent=MOVE)
05:13:10.457 [AMR-03] STATE_TRANSITION MOVING -> EMERGENCY_STOP (intent=STOP)
05:13:10.457 [AMR-03] SAFETY_STOP min_obstacle_distance=1.01m <= 1.2m
05:13:10.559 [AMR-03] CONFLICT_DETECTED peer=AMR-02 type=INTERSECTION node=(8, 9) safe_wait=(8, 8) DECISION=YIELD (Lower precedence at intersection (54.6 vs 54.8) -> Safe wait at (8, 8) for AMR-02)
05:13:10.559 [AMR-03] STATE_TRANSITION EMERGENCY_STOP -> YIELDING (intent=YIELD)
05:13:10.659 [AMR-03] CONFLICT_DETECTED peer=AMR-02 type=INTERSECTION node=(8, 9) safe_wait=(8, 8) DECISION=PROCEED (Higher precedence (54.8 vs 54.7) -> Proceed through (8, 9))
05:13:10.659 [AMR-03] STATE_TRANSITION YIELDING -> MOVING (intent=MOVE)
05:13:10.759 [AMR-03] STATE_TRANSITION MOVING -> EMERGENCY_STOP (intent=STOP)
05:13:10.759 [AMR-03] SAFETY_STOP min_obstacle_distance=1.04m <= 1.2m
05:13:10.859 [AMR-03] CONFLICT_DETECTED peer=AMR-02 type=INTERSECTION node=(8, 9) safe_wait=(8, 8) DECISION=YIELD (Lower precedence at intersection (54.7 vs 54.9) -> Safe wait at (8, 8) for AMR-02)
05:13:10.860 [AMR-03] STATE_TRANSITION EMERGENCY_STOP -> YIELDING (intent=YIELD)
05:13:10.960 [AMR-03] CONFLICT_DETECTED peer=AMR-02 type=INTERSECTION node=(8, 9) safe_wait=(8, 8) DECISION=PROCEED (Higher precedence (54.9 vs 54.8) -> Proceed through (8, 9))
05:13:10.960 [AMR-03] STATE_TRANSITION YIELDING -> MOVING (intent=MOVE)
05:13:11.060 [AMR-03] STATE_TRANSITION MOVING -> EMERGENCY_STOP (intent=STOP)
05:13:11.060 [AMR-03] SAFETY_STOP min_obstacle_distance=1.10m <= 1.2m
05:13:11.160 [AMR-03] CONFLICT_DETECTED peer=AMR-02 type=INTERSECTION node=(8, 9) safe_wait=(8, 8) DECISION=YIELD (Lower precedence at intersection (54.8 vs 55.0) -> Safe wait at (8, 8) for AMR-02)
05:13:11.160 [AMR-03] STATE_TRANSITION EMERGENCY_STOP -> YIELDING (intent=YIELD)
05:13:11.260 [AMR-03] CONFLICT_DETECTED peer=AMR-02 type=INTERSECTION node=(8, 9) safe_wait=(8, 8) DECISION=PROCEED (Higher precedence (55.0 vs 54.8) -> Proceed through (8, 9))
05:13:11.260 [AMR-03] STATE_TRANSITION YIELDING -> MOVING (intent=MOVE)
05:13:11.361 [AMR-03] STATE_TRANSITION MOVING -> EMERGENCY_STOP (intent=STOP)
05:13:11.361 [AMR-03] SAFETY_STOP min_obstacle_distance=1.00m <= 1.2m
05:13:11.461 [AMR-03] CONFLICT_DETECTED peer=AMR-02 type=INTERSECTION node=(8, 9) safe_wait=(8, 8) DECISION=PROCEED (Higher precedence (55.0 vs 54.8) -> Proceed through (8, 9))
05:13:11.462 [AMR-03] STATE_TRANSITION EMERGENCY_STOP -> MOVING (intent=MOVE)
05:13:11.562 [AMR-03] STATE_TRANSITION MOVING -> EMERGENCY_STOP (intent=STOP)
05:13:11.562 [AMR-03] SAFETY_STOP min_obstacle_distance=1.01m <= 1.2m
05:13:11.662 [AMR-03] CONFLICT_DETECTED peer=AMR-02 type=INTERSECTION node=(8, 9) safe_wait=(8, 8) DECISION=YIELD (Lower precedence at intersection (54.9 vs 54.9) -> Safe wait at (8, 8) for AMR-02)
05:13:11.662 [AMR-03] STATE_TRANSITION EMERGENCY_STOP -> YIELDING (intent=YIELD)
05:13:11.763 [AMR-03] CONFLICT_DETECTED peer=AMR-02 type=INTERSECTION node=(8, 9) safe_wait=(8, 8) DECISION=PROCEED (Higher precedence (55.1 vs 54.9) -> Proceed through (8, 9))
05:13:11.763 [AMR-03] STATE_TRANSITION YIELDING -> MOVING (intent=MOVE)
05:13:11.864 [AMR-03] STATE_TRANSITION MOVING -> EMERGENCY_STOP (intent=STOP)
05:13:11.864 [AMR-03] SAFETY_STOP min_obstacle_distance=1.04m <= 1.2m
05:13:11.965 [AMR-03] CONFLICT_DETECTED peer=AMR-02 type=INTERSECTION node=(8, 9) safe_wait=(8, 8) DECISION=PROCEED (Higher precedence (55.0 vs 54.8) -> Proceed through (8, 9))
05:13:11.965 [AMR-03] STATE_TRANSITION EMERGENCY_STOP -> MOVING (intent=MOVE)
05:13:12.065 [AMR-03] STATE_TRANSITION MOVING -> EMERGENCY_STOP (intent=STOP)
05:13:12.065 [AMR-03] SAFETY_STOP min_obstacle_distance=1.10m <= 1.2m
05:13:12.165 [AMR-03] CONFLICT_DETECTED peer=AMR-02 type=INTERSECTION node=(8, 9) safe_wait=(8, 8) DECISION=YIELD (Lower precedence at intersection (54.8 vs 54.8) -> Safe wait at (8, 8) for AMR-02)
05:13:12.165 [AMR-03] STATE_TRANSITION EMERGENCY_STOP -> YIELDING (intent=YIELD)
05:13:12.267 [AMR-03] CONFLICT_DETECTED peer=AMR-02 type=INTERSECTION node=(8, 9) safe_wait=(8, 8) DECISION=PROCEED (Higher precedence (55.0 vs 54.8) -> Proceed through (8, 9))
05:13:12.267 [AMR-03] STATE_TRANSITION YIELDING -> MOVING (intent=MOVE)
05:13:12.367 [AMR-03] STATE_TRANSITION MOVING -> EMERGENCY_STOP (intent=STOP)
05:13:12.367 [AMR-03] SAFETY_STOP min_obstacle_distance=1.00m <= 1.2m
05:13:12.468 [AMR-03] CONFLICT_DETECTED peer=AMR-02 type=INTERSECTION node=(8, 9) safe_wait=(8, 8) DECISION=PROCEED (Higher precedence (54.6 vs 54.4) -> Proceed through (8, 9))
05:13:12.468 [AMR-03] STATE_TRANSITION EMERGENCY_STOP -> MOVING (intent=MOVE)
05:13:12.569 [AMR-03] STATE_TRANSITION MOVING -> EMERGENCY_STOP (intent=STOP)
05:13:12.569 [AMR-03] SAFETY_STOP min_obstacle_distance=1.01m <= 1.2m
05:13:12.669 [AMR-03] CONFLICT_DETECTED peer=AMR-02 type=INTERSECTION node=(8, 9) safe_wait=(8, 8) DECISION=PROCEED (Higher precedence (54.7 vs 54.5) -> Proceed through (8, 9))
05:13:12.670 [AMR-03] STATE_TRANSITION EMERGENCY_STOP -> MOVING (intent=MOVE)
05:13:12.770 [AMR-03] STATE_TRANSITION MOVING -> EMERGENCY_STOP (intent=STOP)
05:13:12.770 [AMR-03] SAFETY_STOP min_obstacle_distance=1.04m <= 1.2m
05:13:12.870 [AMR-03] CONFLICT_DETECTED peer=AMR-02 type=INTERSECTION node=(8, 9) safe_wait=(8, 8) DECISION=PROCEED (Higher precedence (54.8 vs 54.7) -> Proceed through (8, 9))
05:13:12.870 [AMR-03] STATE_TRANSITION EMERGENCY_STOP -> MOVING (intent=MOVE)
05:13:12.970 [AMR-03] STATE_TRANSITION MOVING -> EMERGENCY_STOP (intent=STOP)
05:13:12.970 [AMR-03] SAFETY_STOP min_obstacle_distance=1.10m <= 1.2m
05:13:13.071 [AMR-03] CONFLICT_DETECTED peer=AMR-02 type=INTERSECTION node=(8, 9) safe_wait=(8, 8) DECISION=PROCEED (Higher precedence (54.8 vs 54.8) -> Proceed through (8, 9))
05:13:13.072 [AMR-03] STATE_TRANSITION EMERGENCY_STOP -> MOVING (intent=MOVE)
05:13:13.172 [AMR-03] STATE_TRANSITION MOVING -> EMERGENCY_STOP (intent=STOP)
05:13:13.172 [AMR-03] SAFETY_STOP min_obstacle_distance=1.17m <= 1.2m
05:13:13.272 [AMR-03] CONFLICT_DETECTED peer=AMR-02 type=INTERSECTION node=(8, 9) safe_wait=(8, 8) DECISION=YIELD (Lower precedence at intersection (54.9 vs 55.0) -> Safe wait at (8, 8) for AMR-02)
05:13:13.272 [AMR-03] STATE_TRANSITION EMERGENCY_STOP -> YIELDING (intent=YIELD)
05:13:13.373 [AMR-03] CONFLICT_DETECTED peer=AMR-02 type=INTERSECTION node=(8, 9) safe_wait=(8, 8) DECISION=PROCEED (Higher precedence (54.8 vs 54.6) -> Proceed through (8, 9))
05:13:13.373 [AMR-03] STATE_TRANSITION YIELDING -> MOVING (intent=MOVE)
05:13:13.473 [AMR-03] STATE_TRANSITION MOVING -> EMERGENCY_STOP (intent=STOP)
05:13:13.473 [AMR-03] SAFETY_STOP min_obstacle_distance=1.01m <= 1.2m
05:13:13.574 [AMR-03] CONFLICT_DETECTED peer=AMR-02 type=INTERSECTION node=(8, 9) safe_wait=(8, 8) DECISION=YIELD (Lower precedence at intersection (54.7 vs 54.8) -> Safe wait at (8, 8) for AMR-02)
05:13:13.574 [AMR-03] STATE_TRANSITION EMERGENCY_STOP -> YIELDING (intent=YIELD)
05:13:13.674 [AMR-03] CONFLICT_DETECTED peer=AMR-02 type=INTERSECTION node=(8, 9) safe_wait=(8, 8) DECISION=PROCEED (Higher precedence (54.9 vs 54.7) -> Proceed through (8, 9))
05:13:13.674 [AMR-03] STATE_TRANSITION YIELDING -> MOVING (intent=MOVE)
05:13:13.774 [AMR-03] STATE_TRANSITION MOVING -> EMERGENCY_STOP (intent=STOP)
05:13:13.775 [AMR-03] SAFETY_STOP min_obstacle_distance=1.04m <= 1.2m
05:13:13.875 [AMR-03] CONFLICT_DETECTED peer=AMR-02 type=INTERSECTION node=(8, 9) safe_wait=(8, 8) DECISION=YIELD (Lower precedence at intersection (54.8 vs 54.9) -> Safe wait at (8, 8) for AMR-02)
05:13:13.875 [AMR-03] STATE_TRANSITION EMERGENCY_STOP -> YIELDING (intent=YIELD)
05:13:13.975 [AMR-03] CONFLICT_DETECTED peer=AMR-02 type=INTERSECTION node=(8, 9) safe_wait=(8, 8) DECISION=PROCEED (Higher precedence (55.0 vs 54.8) -> Proceed through (8, 9))
05:13:13.975 [AMR-03] STATE_TRANSITION YIELDING -> MOVING (intent=MOVE)
05:13:14.075 [AMR-03] STATE_TRANSITION MOVING -> EMERGENCY_STOP (intent=STOP)
05:13:14.075 [AMR-03] SAFETY_STOP min_obstacle_distance=1.10m <= 1.2m
05:13:14.176 [AMR-03] CONFLICT_DETECTED peer=AMR-02 type=INTERSECTION node=(8, 9) safe_wait=(8, 8) DECISION=YIELD (Lower precedence at intersection (54.8 vs 55.0) -> Safe wait at (8, 8) for AMR-02)
05:13:14.176 [AMR-03] STATE_TRANSITION EMERGENCY_STOP -> YIELDING (intent=YIELD)
05:13:14.277 [AMR-03] CONFLICT_DETECTED peer=AMR-02 type=INTERSECTION node=(8, 9) safe_wait=(8, 8) DECISION=PROCEED (Higher precedence (55.0 vs 54.8) -> Proceed through (8, 9))
05:13:14.277 [AMR-03] STATE_TRANSITION YIELDING -> MOVING (intent=MOVE)
05:13:14.377 [AMR-03] STATE_TRANSITION MOVING -> EMERGENCY_STOP (intent=STOP)
05:13:14.377 [AMR-03] SAFETY_STOP min_obstacle_distance=1.00m <= 1.2m
05:13:14.477 [AMR-03] CONFLICT_DETECTED peer=AMR-02 type=INTERSECTION node=(8, 9) safe_wait=(8, 8) DECISION=YIELD (Lower precedence at intersection (54.6 vs 54.8) -> Safe wait at (8, 8) for AMR-02)
05:13:14.477 [AMR-03] STATE_TRANSITION EMERGENCY_STOP -> YIELDING (intent=YIELD)
05:13:14.577 [AMR-03] CONFLICT_DETECTED peer=AMR-02 type=INTERSECTION node=(8, 9) safe_wait=(8, 8) DECISION=PROCEED (Higher precedence (54.8 vs 54.7) -> Proceed through (8, 9))
05:13:14.577 [AMR-03] STATE_TRANSITION YIELDING -> MOVING (intent=MOVE)
05:13:14.677 [AMR-03] STATE_TRANSITION MOVING -> EMERGENCY_STOP (intent=STOP)
05:13:14.677 [AMR-03] SAFETY_STOP min_obstacle_distance=1.01m <= 1.2m
05:13:14.778 [AMR-03] CONFLICT_DETECTED peer=AMR-02 type=INTERSECTION node=(8, 9) safe_wait=(8, 8) DECISION=YIELD (Lower precedence at intersection (54.7 vs 54.9) -> Safe wait at (8, 8) for AMR-02)
05:13:14.778 [AMR-03] STATE_TRANSITION EMERGENCY_STOP -> YIELDING (intent=YIELD)
05:13:14.879 [AMR-03] CONFLICT_DETECTED peer=AMR-02 type=INTERSECTION node=(8, 9) safe_wait=(8, 8) DECISION=PROCEED (Higher precedence (54.9 vs 54.8) -> Proceed through (8, 9))
05:13:14.879 [AMR-03] STATE_TRANSITION YIELDING -> MOVING (intent=MOVE)
05:13:14.980 [AMR-03] STATE_TRANSITION MOVING -> EMERGENCY_STOP (intent=STOP)
05:13:14.980 [AMR-03] SAFETY_STOP min_obstacle_distance=1.04m <= 1.2m
05:13:15.081 [AMR-03] CONFLICT_DETECTED peer=AMR-02 type=INTERSECTION node=(8, 9) safe_wait=(8, 8) DECISION=YIELD (Lower precedence at intersection (54.8 vs 55.0) -> Safe wait at (8, 8) for AMR-02)
05:13:15.081 [AMR-03] STATE_TRANSITION EMERGENCY_STOP -> YIELDING (intent=YIELD)
05:13:15.182 [AMR-03] CONFLICT_DETECTED peer=AMR-02 type=INTERSECTION node=(8, 9) safe_wait=(8, 8) DECISION=PROCEED (Higher precedence (55.0 vs 54.8) -> Proceed through (8, 9))
05:13:15.182 [AMR-03] STATE_TRANSITION YIELDING -> MOVING (intent=MOVE)
05:13:15.283 [AMR-03] STATE_TRANSITION MOVING -> EMERGENCY_STOP (intent=STOP)
05:13:15.283 [AMR-03] SAFETY_STOP min_obstacle_distance=1.10m <= 1.2m
05:13:15.385 [AMR-03] CONFLICT_DETECTED peer=AMR-02 type=INTERSECTION node=(8, 9) safe_wait=(8, 8) DECISION=YIELD (Lower precedence at intersection (54.6 vs 54.8) -> Safe wait at (8, 8) for AMR-02)
05:13:15.385 [AMR-03] STATE_TRANSITION EMERGENCY_STOP -> YIELDING (intent=YIELD)
05:13:15.486 [AMR-03] CONFLICT_DETECTED peer=AMR-02 type=INTERSECTION node=(8, 9) safe_wait=(8, 8) DECISION=YIELD (Lower precedence at intersection (54.8 vs 55.0) -> Safe wait at (8, 8) for AMR-02)
05:13:15.587 [AMR-03] CONFLICT_DETECTED peer=AMR-02 type=INTERSECTION node=(8, 9) safe_wait=(8, 8) DECISION=PROCEED (Higher precedence (55.0 vs 54.9) -> Proceed through (8, 9))
05:13:15.588 [AMR-03] STATE_TRANSITION YIELDING -> MOVING (intent=MOVE)
05:13:15.687 [AMR-03] STATE_TRANSITION MOVING -> EMERGENCY_STOP (intent=STOP)
05:13:15.688 [AMR-03] SAFETY_STOP min_obstacle_distance=1.01m <= 1.2m
05:13:15.789 [AMR-03] CONFLICT_DETECTED peer=AMR-02 type=INTERSECTION node=(8, 9) safe_wait=(8, 8) DECISION=YIELD (Lower precedence at intersection (54.9 vs 55.1) -> Safe wait at (8, 8) for AMR-02)
05:13:15.789 [AMR-03] STATE_TRANSITION EMERGENCY_STOP -> YIELDING (intent=YIELD)
05:13:15.890 [AMR-03] CONFLICT_DETECTED peer=AMR-02 type=INTERSECTION node=(8, 9) safe_wait=(8, 8) DECISION=PROCEED (Higher precedence (55.1 vs 55.0) -> Proceed through (8, 9))
05:13:15.890 [AMR-03] STATE_TRANSITION YIELDING -> MOVING (intent=MOVE)
05:13:15.991 [AMR-03] STATE_TRANSITION MOVING -> EMERGENCY_STOP (intent=STOP)
05:13:15.991 [AMR-03] SAFETY_STOP min_obstacle_distance=1.04m <= 1.2m
05:13:16.092 [AMR-03] CONFLICT_DETECTED peer=AMR-02 type=INTERSECTION node=(8, 9) safe_wait=(8, 8) DECISION=YIELD (Lower precedence at intersection (55.0 vs 55.2) -> Safe wait at (8, 8) for AMR-02)
05:13:16.092 [AMR-03] STATE_TRANSITION EMERGENCY_STOP -> YIELDING (intent=YIELD)
05:13:16.192 [AMR-03] CONFLICT_DETECTED peer=AMR-02 type=INTERSECTION node=(8, 9) safe_wait=(8, 8) DECISION=PROCEED (Higher precedence (55.2 vs 55.0) -> Proceed through (8, 9))
05:13:16.193 [AMR-03] STATE_TRANSITION YIELDING -> MOVING (intent=MOVE)
05:13:16.293 [AMR-03] STATE_TRANSITION MOVING -> EMERGENCY_STOP (intent=STOP)
05:13:16.293 [AMR-03] SAFETY_STOP min_obstacle_distance=1.10m <= 1.2m
05:13:16.394 [AMR-03] CONFLICT_DETECTED peer=AMR-02 type=INTERSECTION node=(8, 9) safe_wait=(8, 8) DECISION=YIELD (Lower precedence at intersection (54.8 vs 55.0) -> Safe wait at (8, 8) for AMR-02)
05:13:16.394 [AMR-03] STATE_TRANSITION EMERGENCY_STOP -> YIELDING (intent=YIELD)
05:13:16.495 [AMR-03] CONFLICT_DETECTED peer=AMR-02 type=INTERSECTION node=(8, 9) safe_wait=(8, 8) DECISION=YIELD (Lower precedence at intersection (55.0 vs 55.2) -> Safe wait at (8, 8) for AMR-02)
05:13:16.596 [AMR-03] CONFLICT_DETECTED peer=AMR-02 type=INTERSECTION node=(8, 9) safe_wait=(8, 8) DECISION=PROCEED (Higher precedence (55.2 vs 55.1) -> Proceed through (8, 9))
05:13:16.597 [AMR-03] STATE_TRANSITION YIELDING -> MOVING (intent=MOVE)
05:13:16.697 [AMR-03] STATE_TRANSITION MOVING -> EMERGENCY_STOP (intent=STOP)
05:13:16.697 [AMR-03] SAFETY_STOP min_obstacle_distance=1.01m <= 1.2m
05:13:16.797 [AMR-03] CONFLICT_DETECTED peer=AMR-02 type=INTERSECTION node=(8, 9) safe_wait=(8, 8) DECISION=YIELD (Lower precedence at intersection (55.1 vs 55.3) -> Safe wait at (8, 8) for AMR-02)
05:13:16.797 [AMR-03] STATE_TRANSITION EMERGENCY_STOP -> YIELDING (intent=YIELD)
05:13:16.899 [AMR-03] CONFLICT_DETECTED peer=AMR-02 type=INTERSECTION node=(8, 9) safe_wait=(8, 8) DECISION=PROCEED (Higher precedence (55.3 vs 55.2) -> Proceed through (8, 9))
05:13:16.899 [AMR-03] STATE_TRANSITION YIELDING -> MOVING (intent=MOVE)
05:13:16.999 [AMR-03] STATE_TRANSITION MOVING -> EMERGENCY_STOP (intent=STOP)
05:13:17.000 [AMR-03] SAFETY_STOP min_obstacle_distance=1.04m <= 1.2m
05:13:17.100 [AMR-03] CONFLICT_DETECTED peer=AMR-02 type=INTERSECTION node=(8, 9) safe_wait=(8, 8) DECISION=YIELD (Lower precedence at intersection (55.2 vs 55.4) -> Safe wait at (8, 8) for AMR-02)
05:13:17.100 [AMR-03] STATE_TRANSITION EMERGENCY_STOP -> YIELDING (intent=YIELD)
05:13:17.200 [AMR-03] CONFLICT_DETECTED peer=AMR-02 type=INTERSECTION node=(8, 9) safe_wait=(8, 8) DECISION=PROCEED (Higher precedence (55.4 vs 55.2) -> Proceed through (8, 9))
05:13:17.200 [AMR-03] STATE_TRANSITION YIELDING -> MOVING (intent=MOVE)
05:13:17.301 [AMR-03] STATE_TRANSITION MOVING -> EMERGENCY_STOP (intent=STOP)
05:13:17.301 [AMR-03] SAFETY_STOP min_obstacle_distance=1.10m <= 1.2m
05:13:17.401 [AMR-03] CONFLICT_DETECTED peer=AMR-02 type=INTERSECTION node=(8, 9) safe_wait=(8, 8) DECISION=YIELD (Lower precedence at intersection (55.0 vs 55.2) -> Safe wait at (8, 8) for AMR-02)
05:13:17.401 [AMR-03] STATE_TRANSITION EMERGENCY_STOP -> YIELDING (intent=YIELD)
05:13:17.502 [AMR-03] CONFLICT_DETECTED peer=AMR-02 type=INTERSECTION node=(8, 9) safe_wait=(8, 8) DECISION=YIELD (Lower precedence at intersection (55.2 vs 55.4) -> Safe wait at (8, 8) for AMR-02)
05:13:17.603 [AMR-03] CONFLICT_DETECTED peer=AMR-02 type=INTERSECTION node=(8, 9) safe_wait=(8, 8) DECISION=PROCEED (Higher precedence (55.4 vs 55.3) -> Proceed through (8, 9))
05:13:17.603 [AMR-03] STATE_TRANSITION YIELDING -> MOVING (intent=MOVE)
05:13:17.705 [AMR-03] STATE_TRANSITION MOVING -> EMERGENCY_STOP (intent=STOP)
05:13:17.705 [AMR-03] SAFETY_STOP min_obstacle_distance=1.01m <= 1.2m
05:13:17.806 [AMR-03] CONFLICT_DETECTED peer=AMR-02 type=INTERSECTION node=(8, 9) safe_wait=(8, 8) DECISION=YIELD (Lower precedence at intersection (55.3 vs 55.5) -> Safe wait at (8, 8) for AMR-02)
05:13:17.806 [AMR-03] STATE_TRANSITION EMERGENCY_STOP -> YIELDING (intent=YIELD)
05:13:17.907 [AMR-03] CONFLICT_DETECTED peer=AMR-02 type=INTERSECTION node=(8, 9) safe_wait=(8, 8) DECISION=PROCEED (Higher precedence (55.5 vs 55.4) -> Proceed through (8, 9))
05:13:17.907 [AMR-03] STATE_TRANSITION YIELDING -> MOVING (intent=MOVE)
05:13:18.007 [AMR-03] STATE_TRANSITION MOVING -> EMERGENCY_STOP (intent=STOP)
05:13:18.007 [AMR-03] SAFETY_STOP min_obstacle_distance=1.04m <= 1.2m
05:13:18.108 [AMR-03] CONFLICT_DETECTED peer=AMR-02 type=INTERSECTION node=(8, 9) safe_wait=(8, 8) DECISION=YIELD (Lower precedence at intersection (55.4 vs 55.6) -> Safe wait at (8, 8) for AMR-02)
05:13:18.109 [AMR-03] STATE_TRANSITION EMERGENCY_STOP -> YIELDING (intent=YIELD)
05:13:18.209 [AMR-03] CONFLICT_DETECTED peer=AMR-02 type=INTERSECTION node=(8, 9) safe_wait=(8, 8) DECISION=PROCEED (Higher precedence (55.6 vs 55.5) -> Proceed through (8, 9))
05:13:18.209 [AMR-03] STATE_TRANSITION YIELDING -> MOVING (intent=MOVE)
05:13:18.310 [AMR-03] STATE_TRANSITION MOVING -> EMERGENCY_STOP (intent=STOP)
05:13:18.319 [AMR-03] SAFETY_STOP min_obstacle_distance=1.10m <= 1.2m
05:13:18.411 [AMR-03] CONFLICT_DETECTED peer=AMR-02 type=INTERSECTION node=(8, 9) safe_wait=(8, 8) DECISION=YIELD (Lower precedence at intersection (55.2 vs 55.4) -> Safe wait at (8, 8) for AMR-02)
05:13:18.411 [AMR-03] STATE_TRANSITION EMERGENCY_STOP -> YIELDING (intent=YIELD)
05:13:18.511 [AMR-03] CONFLICT_DETECTED peer=AMR-02 type=INTERSECTION node=(8, 9) safe_wait=(8, 8) DECISION=YIELD (Lower precedence at intersection (55.4 vs 55.6) -> Safe wait at (8, 8) for AMR-02)
05:13:18.613 [AMR-03] CONFLICT_DETECTED peer=AMR-02 type=INTERSECTION node=(8, 9) safe_wait=(8, 8) DECISION=PROCEED (Higher precedence (55.6 vs 55.5) -> Proceed through (8, 9))
05:13:18.613 [AMR-03] STATE_TRANSITION YIELDING -> MOVING (intent=MOVE)
05:13:18.713 [AMR-03] STATE_TRANSITION MOVING -> EMERGENCY_STOP (intent=STOP)
05:13:18.713 [AMR-03] SAFETY_STOP min_obstacle_distance=1.01m <= 1.2m
05:13:18.814 [AMR-03] CONFLICT_DETECTED peer=AMR-02 type=INTERSECTION node=(8, 9) safe_wait=(8, 8) DECISION=YIELD (Lower precedence at intersection (55.5 vs 55.7) -> Safe wait at (8, 8) for AMR-02)
05:13:18.814 [AMR-03] STATE_TRANSITION EMERGENCY_STOP -> YIELDING (intent=YIELD)
05:13:18.915 [AMR-03] CONFLICT_DETECTED peer=AMR-02 type=INTERSECTION node=(8, 9) safe_wait=(8, 8) DECISION=PROCEED (Higher precedence (55.7 vs 55.6) -> Proceed through (8, 9))
05:13:18.915 [AMR-03] STATE_TRANSITION YIELDING -> MOVING (intent=MOVE)
05:13:19.016 [AMR-03] STATE_TRANSITION MOVING -> EMERGENCY_STOP (intent=STOP)
05:13:19.016 [AMR-03] SAFETY_STOP min_obstacle_distance=1.04m <= 1.2m
05:13:19.117 [AMR-03] CONFLICT_DETECTED peer=AMR-02 type=INTERSECTION node=(8, 9) safe_wait=(8, 8) DECISION=YIELD (Lower precedence at intersection (55.6 vs 55.8) -> Safe wait at (8, 8) for AMR-02)
05:13:19.117 [AMR-03] STATE_TRANSITION EMERGENCY_STOP -> YIELDING (intent=YIELD)
05:13:19.218 [AMR-03] CONFLICT_DETECTED peer=AMR-02 type=INTERSECTION node=(8, 9) safe_wait=(8, 8) DECISION=PROCEED (Higher precedence (55.8 vs 55.7) -> Proceed through (8, 9))
05:13:19.218 [AMR-03] STATE_TRANSITION YIELDING -> MOVING (intent=MOVE)
05:13:19.318 [AMR-03] STATE_TRANSITION MOVING -> EMERGENCY_STOP (intent=STOP)
05:13:19.318 [AMR-03] SAFETY_STOP min_obstacle_distance=1.00m <= 1.2m
05:13:19.419 [AMR-03] CONFLICT_DETECTED peer=AMR-02 type=INTERSECTION node=(8, 9) safe_wait=(8, 8) DECISION=YIELD (Lower precedence at intersection (55.4 vs 55.6) -> Safe wait at (8, 8) for AMR-02)
05:13:19.419 [AMR-03] STATE_TRANSITION EMERGENCY_STOP -> YIELDING (intent=YIELD)
05:13:19.520 [AMR-03] CONFLICT_DETECTED peer=AMR-02 type=INTERSECTION node=(8, 9) safe_wait=(8, 8) DECISION=PROCEED (Higher precedence (55.6 vs 55.5) -> Proceed through (8, 9))
05:13:19.520 [AMR-03] STATE_TRANSITION YIELDING -> MOVING (intent=MOVE)
05:13:19.621 [AMR-03] STATE_TRANSITION MOVING -> EMERGENCY_STOP (intent=STOP)
05:13:19.621 [AMR-03] SAFETY_STOP min_obstacle_distance=1.01m <= 1.2m
05:13:19.723 [AMR-03] CONFLICT_DETECTED peer=AMR-02 type=INTERSECTION node=(8, 9) safe_wait=(8, 8) DECISION=YIELD (Lower precedence at intersection (55.5 vs 55.7) -> Safe wait at (8, 8) for AMR-02)
05:13:19.723 [AMR-03] STATE_TRANSITION EMERGENCY_STOP -> YIELDING (intent=YIELD)
05:13:19.824 [AMR-03] CONFLICT_DETECTED peer=AMR-02 type=INTERSECTION node=(8, 9) safe_wait=(8, 8) DECISION=PROCEED (Higher precedence (55.7 vs 55.6) -> Proceed through (8, 9))
05:13:19.824 [AMR-03] STATE_TRANSITION YIELDING -> MOVING (intent=MOVE)
05:13:19.925 [AMR-03] STATE_TRANSITION MOVING -> EMERGENCY_STOP (intent=STOP)
05:13:19.925 [AMR-03] SAFETY_STOP min_obstacle_distance=1.04m <= 1.2m
05:13:20.025 [AMR-03] CONFLICT_DETECTED peer=AMR-02 type=INTERSECTION node=(8, 9) safe_wait=(8, 8) DECISION=YIELD (Lower precedence at intersection (55.6 vs 55.8) -> Safe wait at (8, 8) for AMR-02)
05:13:20.025 [AMR-03] STATE_TRANSITION EMERGENCY_STOP -> YIELDING (intent=YIELD)
05:13:20.126 [AMR-03] CONFLICT_DETECTED peer=AMR-02 type=INTERSECTION node=(8, 9) safe_wait=(8, 8) DECISION=PROCEED (Higher precedence (55.8 vs 55.7) -> Proceed through (8, 9))
05:13:20.126 [AMR-03] STATE_TRANSITION YIELDING -> MOVING (intent=MOVE)
05:13:20.226 [AMR-03] STATE_TRANSITION MOVING -> EMERGENCY_STOP (intent=STOP)
05:13:20.226 [AMR-03] SAFETY_STOP min_obstacle_distance=1.10m <= 1.2m
05:13:20.328 [AMR-03] CONFLICT_DETECTED peer=AMR-02 type=INTERSECTION node=(8, 9) safe_wait=(8, 8) DECISION=YIELD (Lower precedence at intersection (55.6 vs 55.9) -> Safe wait at (8, 8) for AMR-02)
05:13:20.328 [AMR-03] STATE_TRANSITION EMERGENCY_STOP -> YIELDING (intent=YIELD)
05:13:20.428 [AMR-03] CONFLICT_DETECTED peer=AMR-02 type=INTERSECTION node=(8, 9) safe_wait=(8, 8) DECISION=PROCEED (Higher precedence (55.6 vs 55.4) -> Proceed through (8, 9))
05:13:20.428 [AMR-03] STATE_TRANSITION YIELDING -> MOVING (intent=MOVE)
05:13:20.528 [AMR-03] STATE_TRANSITION MOVING -> EMERGENCY_STOP (intent=STOP)
05:13:20.528 [AMR-03] SAFETY_STOP min_obstacle_distance=1.01m <= 1.2m
05:13:20.629 [AMR-03] CONFLICT_DETECTED peer=AMR-02 type=INTERSECTION node=(8, 9) safe_wait=(8, 8) DECISION=YIELD (Lower precedence at intersection (55.5 vs 55.6) -> Safe wait at (8, 8) for AMR-02)
05:13:20.629 [AMR-03] STATE_TRANSITION EMERGENCY_STOP -> YIELDING (intent=YIELD)
05:13:20.730 [AMR-03] CONFLICT_DETECTED peer=AMR-02 type=INTERSECTION node=(8, 9) safe_wait=(8, 8) DECISION=PROCEED (Higher precedence (55.7 vs 55.5) -> Proceed through (8, 9))
05:13:20.731 [AMR-03] STATE_TRANSITION YIELDING -> MOVING (intent=MOVE)
05:13:20.831 [AMR-03] STATE_TRANSITION MOVING -> EMERGENCY_STOP (intent=STOP)
05:13:20.831 [AMR-03] SAFETY_STOP min_obstacle_distance=1.04m <= 1.2m
05:13:20.931 [AMR-03] CONFLICT_DETECTED peer=AMR-02 type=INTERSECTION node=(8, 9) safe_wait=(8, 8) DECISION=YIELD (Lower precedence at intersection (55.6 vs 55.7) -> Safe wait at (8, 8) for AMR-02)
05:13:20.931 [AMR-03] STATE_TRANSITION EMERGENCY_STOP -> YIELDING (intent=YIELD)
05:13:21.032 [AMR-03] CONFLICT_DETECTED peer=AMR-02 type=INTERSECTION node=(8, 9) safe_wait=(8, 8) DECISION=PROCEED (Higher precedence (55.8 vs 55.6) -> Proceed through (8, 9))
05:13:21.032 [AMR-03] STATE_TRANSITION YIELDING -> MOVING (intent=MOVE)
05:13:21.132 [AMR-03] STATE_TRANSITION MOVING -> EMERGENCY_STOP (intent=STOP)
05:13:21.132 [AMR-03] SAFETY_STOP min_obstacle_distance=1.10m <= 1.2m
05:13:21.232 [AMR-03] CONFLICT_DETECTED peer=AMR-02 type=INTERSECTION node=(8, 9) safe_wait=(8, 8) DECISION=YIELD (Lower precedence at intersection (55.6 vs 55.8) -> Safe wait at (8, 8) for AMR-02)
05:13:21.233 [AMR-03] STATE_TRANSITION EMERGENCY_STOP -> YIELDING (intent=YIELD)
05:13:21.333 [AMR-03] CONFLICT_DETECTED peer=AMR-02 type=INTERSECTION node=(8, 9) safe_wait=(8, 8) DECISION=YIELD (Lower precedence at intersection (55.6 vs 55.7) -> Safe wait at (8, 8) for AMR-02)
05:13:21.433 [AMR-03] CONFLICT_DETECTED peer=AMR-02 type=INTERSECTION node=(8, 9) safe_wait=(8, 8) DECISION=YIELD (Lower precedence at intersection (55.8 vs 55.9) -> Safe wait at (8, 8) for AMR-02)
05:13:21.534 [AMR-03] CONFLICT_DETECTED peer=AMR-02 type=INTERSECTION node=(8, 9) safe_wait=(8, 8) DECISION=PROCEED (Higher precedence (56.0 vs 55.8) -> Proceed through (8, 9))
05:13:21.534 [AMR-03] STATE_TRANSITION YIELDING -> MOVING (intent=MOVE)
05:13:21.635 [AMR-03] STATE_TRANSITION MOVING -> EMERGENCY_STOP (intent=STOP)
05:13:21.635 [AMR-03] SAFETY_STOP min_obstacle_distance=1.01m <= 1.2m
05:13:21.736 [AMR-03] CONFLICT_DETECTED peer=AMR-02 type=INTERSECTION node=(8, 9) safe_wait=(8, 8) DECISION=YIELD (Lower precedence at intersection (55.9 vs 56.0) -> Safe wait at (8, 8) for AMR-02)
05:13:21.736 [AMR-03] STATE_TRANSITION EMERGENCY_STOP -> YIELDING (intent=YIELD)
05:13:21.838 [AMR-03] CONFLICT_DETECTED peer=AMR-02 type=INTERSECTION node=(8, 9) safe_wait=(8, 8) DECISION=PROCEED (Higher precedence (56.1 vs 55.9) -> Proceed through (8, 9))
05:13:21.838 [AMR-03] STATE_TRANSITION YIELDING -> MOVING (intent=MOVE)
05:13:21.939 [AMR-03] STATE_TRANSITION MOVING -> EMERGENCY_STOP (intent=STOP)
05:13:21.939 [AMR-03] SAFETY_STOP min_obstacle_distance=1.05m <= 1.2m
05:13:22.041 [AMR-03] CONFLICT_DETECTED peer=AMR-02 type=INTERSECTION node=(8, 9) safe_wait=(8, 8) DECISION=YIELD (Lower precedence at intersection (56.0 vs 56.1) -> Safe wait at (8, 8) for AMR-02)
05:13:22.041 [AMR-03] STATE_TRANSITION EMERGENCY_STOP -> YIELDING (intent=YIELD)
05:13:22.141 [AMR-03] CONFLICT_DETECTED peer=AMR-02 type=INTERSECTION node=(8, 9) safe_wait=(8, 8) DECISION=PROCEED (Higher precedence (56.2 vs 56.0) -> Proceed through (8, 9))
05:13:22.141 [AMR-03] STATE_TRANSITION YIELDING -> MOVING (intent=MOVE)
05:13:22.242 [AMR-03] STATE_TRANSITION MOVING -> EMERGENCY_STOP (intent=STOP)
05:13:22.242 [AMR-03] SAFETY_STOP min_obstacle_distance=1.10m <= 1.2m
05:13:22.343 [AMR-03] CONFLICT_DETECTED peer=AMR-02 type=INTERSECTION node=(8, 9) safe_wait=(8, 8) DECISION=YIELD (Lower precedence at intersection (55.8 vs 55.9) -> Safe wait at (8, 8) for AMR-02)
05:13:22.343 [AMR-03] STATE_TRANSITION EMERGENCY_STOP -> YIELDING (intent=YIELD)
05:13:22.443 [AMR-03] CONFLICT_DETECTED peer=AMR-02 type=INTERSECTION node=(8, 9) safe_wait=(8, 8) DECISION=YIELD (Lower precedence at intersection (56.0 vs 56.1) -> Safe wait at (8, 8) for AMR-02)
05:13:22.544 [AMR-03] CONFLICT_DETECTED peer=AMR-02 type=INTERSECTION node=(8, 9) safe_wait=(8, 8) DECISION=PROCEED (Higher precedence (56.2 vs 56.0) -> Proceed through (8, 9))
05:13:22.545 [AMR-03] STATE_TRANSITION YIELDING -> MOVING (intent=MOVE)
05:13:22.645 [AMR-03] STATE_TRANSITION MOVING -> EMERGENCY_STOP (intent=STOP)
05:13:22.645 [AMR-03] SAFETY_STOP min_obstacle_distance=1.01m <= 1.2m
05:13:22.746 [AMR-03] CONFLICT_DETECTED peer=AMR-02 type=INTERSECTION node=(8, 9) safe_wait=(8, 8) DECISION=YIELD (Lower precedence at intersection (56.1 vs 56.2) -> Safe wait at (8, 8) for AMR-02)
05:13:22.747 [AMR-03] STATE_TRANSITION EMERGENCY_STOP -> YIELDING (intent=YIELD)
05:13:22.847 [AMR-03] CONFLICT_DETECTED peer=AMR-02 type=INTERSECTION node=(8, 9) safe_wait=(8, 8) DECISION=PROCEED (Higher precedence (56.3 vs 56.1) -> Proceed through (8, 9))
05:13:22.848 [AMR-03] STATE_TRANSITION YIELDING -> MOVING (intent=MOVE)
05:13:22.948 [AMR-03] STATE_TRANSITION MOVING -> EMERGENCY_STOP (intent=STOP)
05:13:22.948 [AMR-03] SAFETY_STOP min_obstacle_distance=1.04m <= 1.2m
05:13:23.048 [AMR-03] CONFLICT_DETECTED peer=AMR-02 type=INTERSECTION node=(8, 9) safe_wait=(8, 8) DECISION=YIELD (Lower precedence at intersection (56.2 vs 56.3) -> Safe wait at (8, 8) for AMR-02)
05:13:23.049 [AMR-03] STATE_TRANSITION EMERGENCY_STOP -> YIELDING (intent=YIELD)
05:13:23.149 [AMR-03] CONFLICT_DETECTED peer=AMR-02 type=INTERSECTION node=(8, 9) safe_wait=(8, 8) DECISION=PROCEED (Higher precedence (56.4 vs 56.2) -> Proceed through (8, 9))
05:13:23.150 [AMR-03] STATE_TRANSITION YIELDING -> MOVING (intent=MOVE)
05:13:23.250 [AMR-03] STATE_TRANSITION MOVING -> EMERGENCY_STOP (intent=STOP)
05:13:23.250 [AMR-03] SAFETY_STOP min_obstacle_distance=1.10m <= 1.2m
05:13:23.350 [AMR-03] CONFLICT_DETECTED peer=AMR-02 type=INTERSECTION node=(8, 9) safe_wait=(8, 8) DECISION=YIELD (Lower precedence at intersection (56.0 vs 56.1) -> Safe wait at (8, 8) for AMR-02)
05:13:23.350 [AMR-03] STATE_TRANSITION EMERGENCY_STOP -> YIELDING (intent=YIELD)
05:13:23.450 [AMR-03] CONFLICT_DETECTED peer=AMR-02 type=INTERSECTION node=(8, 9) safe_wait=(8, 8) DECISION=YIELD (Lower precedence at intersection (56.2 vs 56.3) -> Safe wait at (8, 8) for AMR-02)
05:13:23.551 [AMR-03] CONFLICT_DETECTED peer=AMR-02 type=INTERSECTION node=(8, 9) safe_wait=(8, 8) DECISION=PROCEED (Higher precedence (56.4 vs 56.2) -> Proceed through (8, 9))
05:13:23.551 [AMR-03] STATE_TRANSITION YIELDING -> MOVING (intent=MOVE)
05:13:23.652 [AMR-03] STATE_TRANSITION MOVING -> EMERGENCY_STOP (intent=STOP)
05:13:23.652 [AMR-03] SAFETY_STOP min_obstacle_distance=1.01m <= 1.2m
05:13:23.753 [AMR-03] CONFLICT_DETECTED peer=AMR-02 type=INTERSECTION node=(8, 9) safe_wait=(8, 8) DECISION=YIELD (Lower precedence at intersection (56.3 vs 56.4) -> Safe wait at (8, 8) for AMR-02)
05:13:23.753 [AMR-03] STATE_TRANSITION EMERGENCY_STOP -> YIELDING (intent=YIELD)
05:13:23.854 [AMR-03] CONFLICT_DETECTED peer=AMR-02 type=INTERSECTION node=(8, 9) safe_wait=(8, 8) DECISION=PROCEED (Higher precedence (56.5 vs 56.3) -> Proceed through (8, 9))
05:13:23.854 [AMR-03] STATE_TRANSITION YIELDING -> MOVING (intent=MOVE)
05:13:23.955 [AMR-03] STATE_TRANSITION MOVING -> EMERGENCY_STOP (intent=STOP)
05:13:23.955 [AMR-03] SAFETY_STOP min_obstacle_distance=1.04m <= 1.2m
05:13:24.055 [AMR-03] CONFLICT_DETECTED peer=AMR-02 type=INTERSECTION node=(8, 9) safe_wait=(8, 8) DECISION=YIELD (Lower precedence at intersection (56.4 vs 56.5) -> Safe wait at (8, 8) for AMR-02)
05:13:24.055 [AMR-03] STATE_TRANSITION EMERGENCY_STOP -> YIELDING (intent=YIELD)
05:13:24.155 [AMR-03] CONFLICT_DETECTED peer=AMR-02 type=INTERSECTION node=(8, 9) safe_wait=(8, 8) DECISION=PROCEED (Higher precedence (56.6 vs 56.4) -> Proceed through (8, 9))
05:13:24.156 [AMR-03] STATE_TRANSITION YIELDING -> MOVING (intent=MOVE)
05:13:24.256 [AMR-03] STATE_TRANSITION MOVING -> EMERGENCY_STOP (intent=STOP)
05:13:24.256 [AMR-03] SAFETY_STOP min_obstacle_distance=1.10m <= 1.2m
05:13:24.357 [AMR-03] CONFLICT_DETECTED peer=AMR-02 type=INTERSECTION node=(8, 9) safe_wait=(8, 8) DECISION=YIELD (Lower precedence at intersection (56.2 vs 56.3) -> Safe wait at (8, 8) for AMR-02)
05:13:24.357 [AMR-03] STATE_TRANSITION EMERGENCY_STOP -> YIELDING (intent=YIELD)
05:13:24.457 [AMR-03] CONFLICT_DETECTED peer=AMR-02 type=INTERSECTION node=(8, 9) safe_wait=(8, 8) DECISION=YIELD (Lower precedence at intersection (56.4 vs 56.5) -> Safe wait at (8, 8) for AMR-02)
05:13:24.557 [AMR-03] CONFLICT_DETECTED peer=AMR-02 type=INTERSECTION node=(8, 9) safe_wait=(8, 8) DECISION=PROCEED (Higher precedence (56.6 vs 56.4) -> Proceed through (8, 9))
05:13:24.557 [AMR-03] STATE_TRANSITION YIELDING -> MOVING (intent=MOVE)
05:13:24.658 [AMR-03] STATE_TRANSITION MOVING -> EMERGENCY_STOP (intent=STOP)
05:13:24.658 [AMR-03] SAFETY_STOP min_obstacle_distance=1.01m <= 1.2m
05:13:24.759 [AMR-03] CONFLICT_DETECTED peer=AMR-02 type=INTERSECTION node=(8, 9) safe_wait=(8, 8) DECISION=YIELD (Lower precedence at intersection (56.5 vs 56.6) -> Safe wait at (8, 8) for AMR-02)
05:13:24.759 [AMR-03] STATE_TRANSITION EMERGENCY_STOP -> YIELDING (intent=YIELD)
05:13:24.859 [AMR-03] CONFLICT_DETECTED peer=AMR-02 type=INTERSECTION node=(8, 9) safe_wait=(8, 8) DECISION=PROCEED (Higher precedence (56.7 vs 56.5) -> Proceed through (8, 9))
05:13:24.860 [AMR-03] STATE_TRANSITION YIELDING -> MOVING (intent=MOVE)
05:13:24.960 [AMR-03] STATE_TRANSITION MOVING -> EMERGENCY_STOP (intent=STOP)
05:13:24.961 [AMR-03] SAFETY_STOP min_obstacle_distance=1.04m <= 1.2m
05:13:25.062 [AMR-03] CONFLICT_DETECTED peer=AMR-02 type=INTERSECTION node=(8, 9) safe_wait=(8, 8) DECISION=YIELD (Lower precedence at intersection (56.6 vs 56.7) -> Safe wait at (8, 8) for AMR-02)
05:13:25.062 [AMR-03] STATE_TRANSITION EMERGENCY_STOP -> YIELDING (intent=YIELD)
05:13:25.163 [AMR-03] CONFLICT_DETECTED peer=AMR-02 type=INTERSECTION node=(8, 9) safe_wait=(8, 8) DECISION=PROCEED (Higher precedence (56.8 vs 56.6) -> Proceed through (8, 9))
05:13:25.163 [AMR-03] STATE_TRANSITION YIELDING -> MOVING (intent=MOVE)
05:13:25.264 [AMR-03] STATE_TRANSITION MOVING -> EMERGENCY_STOP (intent=STOP)
05:13:25.264 [AMR-03] SAFETY_STOP min_obstacle_distance=1.10m <= 1.2m
05:13:25.365 [AMR-03] CONFLICT_DETECTED peer=AMR-02 type=INTERSECTION node=(8, 9) safe_wait=(8, 8) DECISION=YIELD (Lower precedence at intersection (56.4 vs 56.5) -> Safe wait at (8, 8) for AMR-02)
05:13:25.365 [AMR-03] STATE_TRANSITION EMERGENCY_STOP -> YIELDING (intent=YIELD)
05:13:25.466 [AMR-03] CONFLICT_DETECTED peer=AMR-02 type=INTERSECTION node=(8, 9) safe_wait=(8, 8) DECISION=YIELD (Lower precedence at intersection (56.6 vs 56.7) -> Safe wait at (8, 8) for AMR-02)
05:13:25.567 [AMR-03] CONFLICT_DETECTED peer=AMR-02 type=INTERSECTION node=(8, 9) safe_wait=(8, 8) DECISION=PROCEED (Higher precedence (56.8 vs 56.6) -> Proceed through (8, 9))
05:13:25.567 [AMR-03] STATE_TRANSITION YIELDING -> MOVING (intent=MOVE)
05:13:25.667 [AMR-03] STATE_TRANSITION MOVING -> EMERGENCY_STOP (intent=STOP)
05:13:25.667 [AMR-03] SAFETY_STOP min_obstacle_distance=1.01m <= 1.2m
05:13:25.768 [AMR-03] CONFLICT_DETECTED peer=AMR-02 type=INTERSECTION node=(8, 9) safe_wait=(8, 8) DECISION=YIELD (Lower precedence at intersection (56.7 vs 56.8) -> Safe wait at (8, 8) for AMR-02)
05:13:25.768 [AMR-03] STATE_TRANSITION EMERGENCY_STOP -> YIELDING (intent=YIELD)
05:13:25.869 [AMR-03] CONFLICT_DETECTED peer=AMR-02 type=INTERSECTION node=(8, 9) safe_wait=(8, 8) DECISION=PROCEED (Higher precedence (56.9 vs 56.7) -> Proceed through (8, 9))
05:13:25.869 [AMR-03] STATE_TRANSITION YIELDING -> MOVING (intent=MOVE)
05:13:25.970 [AMR-03] STATE_TRANSITION MOVING -> EMERGENCY_STOP (intent=STOP)
05:13:25.970 [AMR-03] SAFETY_STOP min_obstacle_distance=1.04m <= 1.2m
05:13:26.071 [AMR-03] CONFLICT_DETECTED peer=AMR-02 type=INTERSECTION node=(8, 9) safe_wait=(8, 8) DECISION=YIELD (Lower precedence at intersection (56.8 vs 56.9) -> Safe wait at (8, 8) for AMR-02)
05:13:26.071 [AMR-03] STATE_TRANSITION EMERGENCY_STOP -> YIELDING (intent=YIELD)
05:13:26.171 [AMR-03] CONFLICT_DETECTED peer=AMR-02 type=INTERSECTION node=(8, 9) safe_wait=(8, 8) DECISION=PROCEED (Higher precedence (57.0 vs 56.8) -> Proceed through (8, 9))
05:13:26.171 [AMR-03] STATE_TRANSITION YIELDING -> MOVING (intent=MOVE)
05:13:26.272 [AMR-03] STATE_TRANSITION MOVING -> EMERGENCY_STOP (intent=STOP)
05:13:26.272 [AMR-03] SAFETY_STOP min_obstacle_distance=1.10m <= 1.2m
05:13:26.373 [AMR-03] CONFLICT_DETECTED peer=AMR-02 type=INTERSECTION node=(8, 9) safe_wait=(8, 8) DECISION=YIELD (Lower precedence at intersection (56.6 vs 56.7) -> Safe wait at (8, 8) for AMR-02)
05:13:26.373 [AMR-03] STATE_TRANSITION EMERGENCY_STOP -> YIELDING (intent=YIELD)
05:13:26.473 [AMR-03] CONFLICT_DETECTED peer=AMR-02 type=INTERSECTION node=(8, 9) safe_wait=(8, 8) DECISION=YIELD (Lower precedence at intersection (56.8 vs 56.9) -> Safe wait at (8, 8) for AMR-02)
05:13:26.573 [AMR-03] CONFLICT_DETECTED peer=AMR-02 type=INTERSECTION node=(8, 9) safe_wait=(8, 8) DECISION=PROCEED (Higher precedence (57.0 vs 56.8) -> Proceed through (8, 9))
05:13:26.574 [AMR-03] STATE_TRANSITION YIELDING -> MOVING (intent=MOVE)
05:13:26.673 [AMR-03] STATE_TRANSITION MOVING -> EMERGENCY_STOP (intent=STOP)
05:13:26.673 [AMR-03] SAFETY_STOP min_obstacle_distance=1.01m <= 1.2m
05:13:26.775 [AMR-03] CONFLICT_DETECTED peer=AMR-02 type=INTERSECTION node=(8, 9) safe_wait=(8, 8) DECISION=YIELD (Lower precedence at intersection (56.9 vs 57.0) -> Safe wait at (8, 8) for AMR-02)
05:13:26.775 [AMR-03] STATE_TRANSITION EMERGENCY_STOP -> YIELDING (intent=YIELD)
05:13:26.875 [AMR-03] CONFLICT_DETECTED peer=AMR-02 type=INTERSECTION node=(8, 9) safe_wait=(8, 8) DECISION=PROCEED (Higher precedence (57.1 vs 56.9) -> Proceed through (8, 9))
05:13:26.875 [AMR-03] STATE_TRANSITION YIELDING -> MOVING (intent=MOVE)
05:13:26.976 [AMR-03] STATE_TRANSITION MOVING -> EMERGENCY_STOP (intent=STOP)
05:13:26.976 [AMR-03] SAFETY_STOP min_obstacle_distance=1.04m <= 1.2m
05:13:27.076 [AMR-03] CONFLICT_DETECTED peer=AMR-02 type=INTERSECTION node=(8, 9) safe_wait=(8, 8) DECISION=YIELD (Lower precedence at intersection (57.0 vs 57.1) -> Safe wait at (8, 8) for AMR-02)
05:13:27.077 [AMR-03] STATE_TRANSITION EMERGENCY_STOP -> YIELDING (intent=YIELD)
05:13:27.177 [AMR-03] CONFLICT_DETECTED peer=AMR-02 type=INTERSECTION node=(8, 9) safe_wait=(8, 8) DECISION=PROCEED (Higher precedence (57.2 vs 57.0) -> Proceed through (8, 9))
05:13:27.177 [AMR-03] STATE_TRANSITION YIELDING -> MOVING (intent=MOVE)
05:13:27.278 [AMR-03] STATE_TRANSITION MOVING -> EMERGENCY_STOP (intent=STOP)
05:13:27.278 [AMR-03] SAFETY_STOP min_obstacle_distance=1.10m <= 1.2m
05:13:27.378 [AMR-03] CONFLICT_DETECTED peer=AMR-02 type=INTERSECTION node=(8, 9) safe_wait=(8, 8) DECISION=YIELD (Lower precedence at intersection (56.8 vs 56.9) -> Safe wait at (8, 8) for AMR-02)
05:13:27.378 [AMR-03] STATE_TRANSITION EMERGENCY_STOP -> YIELDING (intent=YIELD)
05:13:27.479 [AMR-03] CONFLICT_DETECTED peer=AMR-02 type=INTERSECTION node=(8, 9) safe_wait=(8, 8) DECISION=YIELD (Lower precedence at intersection (57.0 vs 57.1) -> Safe wait at (8, 8) for AMR-02)
05:13:27.580 [AMR-03] CONFLICT_DETECTED peer=AMR-02 type=INTERSECTION node=(8, 9) safe_wait=(8, 8) DECISION=PROCEED (Higher precedence (57.2 vs 57.0) -> Proceed through (8, 9))
05:13:27.580 [AMR-03] STATE_TRANSITION YIELDING -> MOVING (intent=MOVE)
05:13:27.680 [AMR-03] STATE_TRANSITION MOVING -> EMERGENCY_STOP (intent=STOP)
05:13:27.680 [AMR-03] SAFETY_STOP min_obstacle_distance=1.01m <= 1.2m
05:13:27.781 [AMR-03] CONFLICT_DETECTED peer=AMR-02 type=INTERSECTION node=(8, 9) safe_wait=(8, 8) DECISION=YIELD (Lower precedence at intersection (57.1 vs 57.2) -> Safe wait at (8, 8) for AMR-02)
05:13:27.781 [AMR-03] STATE_TRANSITION EMERGENCY_STOP -> YIELDING (intent=YIELD)
05:13:27.883 [AMR-03] CONFLICT_DETECTED peer=AMR-02 type=INTERSECTION node=(8, 9) safe_wait=(8, 8) DECISION=PROCEED (Higher precedence (57.3 vs 57.1) -> Proceed through (8, 9))
05:13:27.883 [AMR-03] STATE_TRANSITION YIELDING -> MOVING (intent=MOVE)
05:13:27.983 [AMR-03] STATE_TRANSITION MOVING -> EMERGENCY_STOP (intent=STOP)
05:13:27.983 [AMR-03] SAFETY_STOP min_obstacle_distance=1.04m <= 1.2m
05:13:28.084 [AMR-03] CONFLICT_DETECTED peer=AMR-02 type=INTERSECTION node=(8, 9) safe_wait=(8, 8) DECISION=YIELD (Lower precedence at intersection (57.2 vs 57.3) -> Safe wait at (8, 8) for AMR-02)
05:13:28.084 [AMR-03] STATE_TRANSITION EMERGENCY_STOP -> YIELDING (intent=YIELD)
05:13:28.185 [AMR-03] CONFLICT_DETECTED peer=AMR-02 type=INTERSECTION node=(8, 9) safe_wait=(8, 8) DECISION=PROCEED (Higher precedence (57.4 vs 57.2) -> Proceed through (8, 9))
05:13:28.185 [AMR-03] STATE_TRANSITION YIELDING -> MOVING (intent=MOVE)
05:13:28.286 [AMR-03] STATE_TRANSITION MOVING -> EMERGENCY_STOP (intent=STOP)
05:13:28.286 [AMR-03] SAFETY_STOP min_obstacle_distance=1.10m <= 1.2m
05:13:28.386 [AMR-03] CONFLICT_DETECTED peer=AMR-02 type=INTERSECTION node=(8, 9) safe_wait=(8, 8) DECISION=YIELD (Lower precedence at intersection (57.0 vs 57.1) -> Safe wait at (8, 8) for AMR-02)
05:13:28.386 [AMR-03] STATE_TRANSITION EMERGENCY_STOP -> YIELDING (intent=YIELD)
05:13:28.486 [AMR-03] CONFLICT_DETECTED peer=AMR-02 type=INTERSECTION node=(8, 9) safe_wait=(8, 8) DECISION=YIELD (Lower precedence at intersection (57.2 vs 57.3) -> Safe wait at (8, 8) for AMR-02)
05:13:28.587 [AMR-03] CONFLICT_DETECTED peer=AMR-02 type=INTERSECTION node=(8, 9) safe_wait=(8, 8) DECISION=PROCEED (Higher precedence (57.4 vs 57.2) -> Proceed through (8, 9))
05:13:28.587 [AMR-03] STATE_TRANSITION YIELDING -> MOVING (intent=MOVE)
05:13:28.687 [AMR-03] STATE_TRANSITION MOVING -> EMERGENCY_STOP (intent=STOP)
05:13:28.687 [AMR-03] SAFETY_STOP min_obstacle_distance=1.01m <= 1.2m
05:13:28.789 [AMR-03] CONFLICT_DETECTED peer=AMR-02 type=INTERSECTION node=(8, 9) safe_wait=(8, 8) DECISION=YIELD (Lower precedence at intersection (57.3 vs 57.4) -> Safe wait at (8, 8) for AMR-02)
05:13:28.789 [AMR-03] STATE_TRANSITION EMERGENCY_STOP -> YIELDING (intent=YIELD)
05:13:28.890 [AMR-03] CONFLICT_DETECTED peer=AMR-02 type=INTERSECTION node=(8, 9) safe_wait=(8, 8) DECISION=PROCEED (Higher precedence (57.5 vs 57.3) -> Proceed through (8, 9))
05:13:28.890 [AMR-03] STATE_TRANSITION YIELDING -> MOVING (intent=MOVE)
05:13:28.990 [AMR-03] STATE_TRANSITION MOVING -> EMERGENCY_STOP (intent=STOP)
05:13:28.991 [AMR-03] SAFETY_STOP min_obstacle_distance=1.04m <= 1.2m
05:13:29.091 [AMR-03] CONFLICT_DETECTED peer=AMR-02 type=INTERSECTION node=(8, 9) safe_wait=(8, 8) DECISION=YIELD (Lower precedence at intersection (57.4 vs 57.5) -> Safe wait at (8, 8) for AMR-02)
05:13:29.092 [AMR-03] STATE_TRANSITION EMERGENCY_STOP -> YIELDING (intent=YIELD)
05:13:29.192 [AMR-03] CONFLICT_DETECTED peer=AMR-02 type=INTERSECTION node=(8, 9) safe_wait=(8, 8) DECISION=PROCEED (Higher precedence (57.6 vs 57.4) -> Proceed through (8, 9))
05:13:29.192 [AMR-03] STATE_TRANSITION YIELDING -> MOVING (intent=MOVE)
05:13:29.292 [AMR-03] STATE_TRANSITION MOVING -> EMERGENCY_STOP (intent=STOP)
05:13:29.293 [AMR-03] SAFETY_STOP min_obstacle_distance=1.10m <= 1.2m
05:13:29.393 [AMR-03] CONFLICT_DETECTED peer=AMR-02 type=INTERSECTION node=(8, 9) safe_wait=(8, 8) DECISION=YIELD (Lower precedence at intersection (57.2 vs 57.4) -> Safe wait at (8, 8) for AMR-02)
05:13:29.393 [AMR-03] STATE_TRANSITION EMERGENCY_STOP -> YIELDING (intent=YIELD)
05:13:29.494 [AMR-03] CONFLICT_DETECTED peer=AMR-02 type=INTERSECTION node=(8, 9) safe_wait=(8, 8) DECISION=YIELD (Lower precedence at intersection (57.4 vs 57.5) -> Safe wait at (8, 8) for AMR-02)
05:13:29.595 [AMR-03] CONFLICT_DETECTED peer=AMR-02 type=INTERSECTION node=(8, 9) safe_wait=(8, 8) DECISION=PROCEED (Higher precedence (57.6 vs 57.4) -> Proceed through (8, 9))
05:13:29.595 [AMR-03] STATE_TRANSITION YIELDING -> MOVING (intent=MOVE)
05:13:29.696 [AMR-03] STATE_TRANSITION MOVING -> EMERGENCY_STOP (intent=STOP)
05:13:29.696 [AMR-03] SAFETY_STOP min_obstacle_distance=1.01m <= 1.2m
05:13:29.796 [AMR-03] CONFLICT_DETECTED peer=AMR-02 type=INTERSECTION node=(8, 9) safe_wait=(8, 8) DECISION=YIELD (Lower precedence at intersection (57.5 vs 57.6) -> Safe wait at (8, 8) for AMR-02)
05:13:29.797 [AMR-03] STATE_TRANSITION EMERGENCY_STOP -> YIELDING (intent=YIELD)
05:13:29.897 [AMR-03] CONFLICT_DETECTED peer=AMR-02 type=INTERSECTION node=(8, 9) safe_wait=(8, 8) DECISION=PROCEED (Higher precedence (57.7 vs 57.5) -> Proceed through (8, 9))
05:13:29.897 [AMR-03] STATE_TRANSITION YIELDING -> MOVING (intent=MOVE)
05:13:29.998 [AMR-03] STATE_TRANSITION MOVING -> EMERGENCY_STOP (intent=STOP)
05:13:29.998 [AMR-03] SAFETY_STOP min_obstacle_distance=1.04m <= 1.2m
05:13:30.099 [AMR-03] CONFLICT_DETECTED peer=AMR-02 type=INTERSECTION node=(8, 9) safe_wait=(8, 8) DECISION=YIELD (Lower precedence at intersection (57.6 vs 57.7) -> Safe wait at (8, 8) for AMR-02)
05:13:30.099 [AMR-03] STATE_TRANSITION EMERGENCY_STOP -> YIELDING (intent=YIELD)
05:13:30.199 [AMR-03] CONFLICT_DETECTED peer=AMR-02 type=INTERSECTION node=(8, 9) safe_wait=(8, 8) DECISION=PROCEED (Higher precedence (57.8 vs 57.6) -> Proceed through (8, 9))
05:13:30.200 [AMR-03] STATE_TRANSITION YIELDING -> MOVING (intent=MOVE)
05:13:30.301 [AMR-03] STATE_TRANSITION MOVING -> EMERGENCY_STOP (intent=STOP)
05:13:30.301 [AMR-03] SAFETY_STOP min_obstacle_distance=1.10m <= 1.2m
05:13:30.401 [AMR-03] CONFLICT_DETECTED peer=AMR-02 type=INTERSECTION node=(8, 9) safe_wait=(8, 8) DECISION=YIELD (Lower precedence at intersection (57.4 vs 57.5) -> Safe wait at (8, 8) for AMR-02)
05:13:30.401 [AMR-03] STATE_TRANSITION EMERGENCY_STOP -> YIELDING (intent=YIELD)
05:13:30.501 [AMR-03] CONFLICT_DETECTED peer=AMR-02 type=INTERSECTION node=(8, 9) safe_wait=(8, 8) DECISION=YIELD (Lower precedence at intersection (57.6 vs 57.7) -> Safe wait at (8, 8) for AMR-02)
05:13:30.602 [AMR-03] CONFLICT_DETECTED peer=AMR-02 type=INTERSECTION node=(8, 9) safe_wait=(8, 8) DECISION=PROCEED (Higher precedence (57.8 vs 57.6) -> Proceed through (8, 9))
05:13:30.602 [AMR-03] STATE_TRANSITION YIELDING -> MOVING (intent=MOVE)
05:13:30.702 [AMR-03] STATE_TRANSITION MOVING -> EMERGENCY_STOP (intent=STOP)
05:13:30.702 [AMR-03] SAFETY_STOP min_obstacle_distance=1.01m <= 1.2m
05:13:30.803 [AMR-03] CONFLICT_DETECTED peer=AMR-02 type=INTERSECTION node=(8, 9) safe_wait=(8, 8) DECISION=YIELD (Lower precedence at intersection (57.7 vs 57.8) -> Safe wait at (8, 8) for AMR-02)
05:13:30.803 [AMR-03] STATE_TRANSITION EMERGENCY_STOP -> YIELDING (intent=YIELD)
05:13:30.904 [AMR-03] CONFLICT_DETECTED peer=AMR-02 type=INTERSECTION node=(8, 9) safe_wait=(8, 8) DECISION=PROCEED (Higher precedence (57.9 vs 57.7) -> Proceed through (8, 9))
05:13:30.904 [AMR-03] STATE_TRANSITION YIELDING -> MOVING (intent=MOVE)
05:13:31.004 [AMR-03] STATE_TRANSITION MOVING -> EMERGENCY_STOP (intent=STOP)
05:13:31.004 [AMR-03] SAFETY_STOP min_obstacle_distance=1.04m <= 1.2m
05:13:31.105 [AMR-03] CONFLICT_DETECTED peer=AMR-02 type=INTERSECTION node=(8, 9) safe_wait=(8, 8) DECISION=YIELD (Lower precedence at intersection (57.8 vs 57.9) -> Safe wait at (8, 8) for AMR-02)
05:13:31.105 [AMR-03] STATE_TRANSITION EMERGENCY_STOP -> YIELDING (intent=YIELD)
05:13:31.206 [AMR-03] CONFLICT_DETECTED peer=AMR-02 type=INTERSECTION node=(8, 9) safe_wait=(8, 8) DECISION=PROCEED (Higher precedence (58.0 vs 57.8) -> Proceed through (8, 9))
05:13:31.206 [AMR-03] STATE_TRANSITION YIELDING -> MOVING (intent=MOVE)
05:13:31.306 [AMR-03] STATE_TRANSITION MOVING -> EMERGENCY_STOP (intent=STOP)
05:13:31.306 [AMR-03] SAFETY_STOP min_obstacle_distance=1.10m <= 1.2m
05:13:31.407 [AMR-03] CONFLICT_DETECTED peer=AMR-02 type=INTERSECTION node=(8, 9) safe_wait=(8, 8) DECISION=YIELD (Lower precedence at intersection (57.6 vs 57.7) -> Safe wait at (8, 8) for AMR-02)
05:13:31.407 [AMR-03] STATE_TRANSITION EMERGENCY_STOP -> YIELDING (intent=YIELD)
05:13:31.507 [AMR-03] CONFLICT_DETECTED peer=AMR-02 type=INTERSECTION node=(8, 9) safe_wait=(8, 8) DECISION=YIELD (Lower precedence at intersection (57.8 vs 58.0) -> Safe wait at (8, 8) for AMR-02)
05:13:31.608 [AMR-03] CONFLICT_DETECTED peer=AMR-02 type=INTERSECTION node=(8, 9) safe_wait=(8, 8) DECISION=PROCEED (Higher precedence (58.0 vs 57.8) -> Proceed through (8, 9))
05:13:31.609 [AMR-03] STATE_TRANSITION YIELDING -> MOVING (intent=MOVE)
05:13:31.709 [AMR-03] STATE_TRANSITION MOVING -> EMERGENCY_STOP (intent=STOP)
05:13:31.709 [AMR-03] SAFETY_STOP min_obstacle_distance=1.01m <= 1.2m
05:13:31.810 [AMR-03] CONFLICT_DETECTED peer=AMR-02 type=INTERSECTION node=(8, 9) safe_wait=(8, 8) DECISION=YIELD (Lower precedence at intersection (57.9 vs 58.0) -> Safe wait at (8, 8) for AMR-02)
05:13:31.810 [AMR-03] STATE_TRANSITION EMERGENCY_STOP -> YIELDING (intent=YIELD)
05:13:31.911 [AMR-03] CONFLICT_DETECTED peer=AMR-02 type=INTERSECTION node=(8, 9) safe_wait=(8, 8) DECISION=PROCEED (Higher precedence (58.1 vs 57.9) -> Proceed through (8, 9))
05:13:31.911 [AMR-03] STATE_TRANSITION YIELDING -> MOVING (intent=MOVE)
05:13:32.011 [AMR-03] STATE_TRANSITION MOVING -> EMERGENCY_STOP (intent=STOP)
05:13:32.011 [AMR-03] SAFETY_STOP min_obstacle_distance=1.04m <= 1.2m
05:13:32.112 [AMR-03] CONFLICT_DETECTED peer=AMR-02 type=INTERSECTION node=(8, 9) safe_wait=(8, 8) DECISION=YIELD (Lower precedence at intersection (58.0 vs 58.1) -> Safe wait at (8, 8) for AMR-02)
05:13:32.112 [AMR-03] STATE_TRANSITION EMERGENCY_STOP -> YIELDING (intent=YIELD)
05:13:32.213 [AMR-03] CONFLICT_DETECTED peer=AMR-02 type=INTERSECTION node=(8, 9) safe_wait=(8, 8) DECISION=PROCEED (Higher precedence (58.2 vs 58.0) -> Proceed through (8, 9))
05:13:32.213 [AMR-03] STATE_TRANSITION YIELDING -> MOVING (intent=MOVE)
05:13:32.314 [AMR-03] STATE_TRANSITION MOVING -> EMERGENCY_STOP (intent=STOP)
05:13:32.314 [AMR-03] SAFETY_STOP min_obstacle_distance=1.10m <= 1.2m
05:13:32.414 [AMR-03] CONFLICT_DETECTED peer=AMR-02 type=INTERSECTION node=(8, 9) safe_wait=(8, 8) DECISION=YIELD (Lower precedence at intersection (57.8 vs 58.0) -> Safe wait at (8, 8) for AMR-02)
05:13:32.414 [AMR-03] STATE_TRANSITION EMERGENCY_STOP -> YIELDING (intent=YIELD)
05:13:32.515 [AMR-03] CONFLICT_DETECTED peer=AMR-02 type=INTERSECTION node=(8, 9) safe_wait=(8, 8) DECISION=YIELD (Lower precedence at intersection (58.0 vs 58.1) -> Safe wait at (8, 8) for AMR-02)
05:13:32.615 [AMR-03] CONFLICT_DETECTED peer=AMR-02 type=INTERSECTION node=(8, 9) safe_wait=(8, 8) DECISION=PROCEED (Higher precedence (58.2 vs 58.0) -> Proceed through (8, 9))
05:13:32.615 [AMR-03] STATE_TRANSITION YIELDING -> MOVING (intent=MOVE)
05:13:32.716 [AMR-03] STATE_TRANSITION MOVING -> EMERGENCY_STOP (intent=STOP)
05:13:32.716 [AMR-03] SAFETY_STOP min_obstacle_distance=1.01m <= 1.2m
05:13:32.816 [AMR-03] CONFLICT_DETECTED peer=AMR-02 type=INTERSECTION node=(8, 9) safe_wait=(8, 8) DECISION=YIELD (Lower precedence at intersection (58.1 vs 58.2) -> Safe wait at (8, 8) for AMR-02)
05:13:32.817 [AMR-03] STATE_TRANSITION EMERGENCY_STOP -> YIELDING (intent=YIELD)
05:13:32.918 [AMR-03] CONFLICT_DETECTED peer=AMR-02 type=INTERSECTION node=(8, 9) safe_wait=(8, 8) DECISION=PROCEED (Higher precedence (58.3 vs 58.1) -> Proceed through (8, 9))
05:13:32.918 [AMR-03] STATE_TRANSITION YIELDING -> MOVING (intent=MOVE)
05:13:33.018 [AMR-03] STATE_TRANSITION MOVING -> EMERGENCY_STOP (intent=STOP)
05:13:33.018 [AMR-03] SAFETY_STOP min_obstacle_distance=1.04m <= 1.2m
05:13:33.119 [AMR-03] CONFLICT_DETECTED peer=AMR-02 type=INTERSECTION node=(8, 9) safe_wait=(8, 8) DECISION=YIELD (Lower precedence at intersection (58.2 vs 58.3) -> Safe wait at (8, 8) for AMR-02)
05:13:33.119 [AMR-03] STATE_TRANSITION EMERGENCY_STOP -> YIELDING (intent=YIELD)
05:13:33.220 [AMR-03] CONFLICT_DETECTED peer=AMR-02 type=INTERSECTION node=(8, 9) safe_wait=(8, 8) DECISION=PROCEED (Higher precedence (58.4 vs 58.2) -> Proceed through (8, 9))
05:13:33.220 [AMR-03] STATE_TRANSITION YIELDING -> MOVING (intent=MOVE)
05:13:33.322 [AMR-03] STATE_TRANSITION MOVING -> EMERGENCY_STOP (intent=STOP)
05:13:33.322 [AMR-03] SAFETY_STOP min_obstacle_distance=1.10m <= 1.2m
05:13:33.422 [AMR-03] CONFLICT_DETECTED peer=AMR-02 type=INTERSECTION node=(8, 9) safe_wait=(8, 8) DECISION=YIELD (Lower precedence at intersection (58.0 vs 58.1) -> Safe wait at (8, 8) for AMR-02)
05:13:33.423 [AMR-03] STATE_TRANSITION EMERGENCY_STOP -> YIELDING (intent=YIELD)
05:13:33.523 [AMR-03] CONFLICT_DETECTED peer=AMR-02 type=INTERSECTION node=(8, 9) safe_wait=(8, 8) DECISION=YIELD (Lower precedence at intersection (58.2 vs 58.4) -> Safe wait at (8, 8) for AMR-02)
05:13:33.624 [AMR-03] CONFLICT_DETECTED peer=AMR-02 type=INTERSECTION node=(8, 9) safe_wait=(8, 8) DECISION=PROCEED (Higher precedence (58.5 vs 58.2) -> Proceed through (8, 9))
05:13:33.624 [AMR-03] STATE_TRANSITION YIELDING -> MOVING (intent=MOVE)
05:13:33.725 [AMR-03] STATE_TRANSITION MOVING -> EMERGENCY_STOP (intent=STOP)
05:13:33.725 [AMR-03] SAFETY_STOP min_obstacle_distance=1.01m <= 1.2m
05:13:33.826 [AMR-03] CONFLICT_DETECTED peer=AMR-02 type=INTERSECTION node=(8, 9) safe_wait=(8, 8) DECISION=YIELD (Lower precedence at intersection (58.3 vs 58.4) -> Safe wait at (8, 8) for AMR-02)
05:13:33.827 [AMR-03] STATE_TRANSITION EMERGENCY_STOP -> YIELDING (intent=YIELD)
05:13:33.928 [AMR-03] CONFLICT_DETECTED peer=AMR-02 type=INTERSECTION node=(8, 9) safe_wait=(8, 8) DECISION=PROCEED (Higher precedence (58.5 vs 58.1) -> Proceed through (8, 9))
05:13:33.928 [AMR-03] STATE_TRANSITION YIELDING -> MOVING (intent=MOVE)
05:13:34.028 [AMR-03] CONFLICT_DETECTED peer=AMR-02 type=INTERSECTION node=(8, 9) safe_wait=(8, 8) DECISION=PROCEED (Higher precedence (58.7 vs 58.1) -> Proceed through (8, 9))
05:13:34.128 [AMR-03] CONFLICT_DETECTED peer=AMR-02 type=INTERSECTION node=(8, 9) safe_wait=(8, 8) DECISION=PROCEED (Higher precedence (58.5 vs 58.4) -> Proceed through (8, 9))
05:13:34.228 [AMR-03] RESERVATION_WAIT: Zone (8, 9) reserved by AMR-02 (priority 58.6 >= 58.3)
05:13:34.229 [AMR-03] STATE_TRANSITION MOVING -> WAITING (intent=WAIT)
05:13:34.329 [AMR-03] RESERVATION_WAIT: Zone (8, 9) reserved by AMR-02 (priority 58.6 >= 58.5)
05:13:34.430 [AMR-03] CONFLICT_DETECTED peer=AMR-02 type=INTERSECTION node=(8, 9) safe_wait=(8, 8) DECISION=PROCEED (Higher precedence (58.7 vs 58.4) -> Proceed through (8, 9))
05:13:34.430 [AMR-03] STATE_TRANSITION WAITING -> MOVING (intent=MOVE)
05:13:34.531 [AMR-03] RESERVATION_WAIT: Zone (8, 9) reserved by AMR-02 (priority 58.6 >= 58.5)
05:13:34.531 [AMR-03] STATE_TRANSITION MOVING -> WAITING (intent=WAIT)
05:13:34.631 [AMR-03] RESERVATION_WAIT: Zone (8, 9) reserved by AMR-02 (priority 58.8 >= 58.7)
05:13:34.731 [AMR-03] CONFLICT_DETECTED peer=AMR-02 type=INTERSECTION node=(8, 9) safe_wait=(8, 8) DECISION=PROCEED (Higher precedence (58.9 vs 58.6) -> Proceed through (8, 9))
05:13:34.732 [AMR-03] STATE_TRANSITION WAITING -> MOVING (intent=MOVE)
05:13:34.832 [AMR-03] RESERVATION_WAIT: Zone (8, 9) reserved by AMR-02 (priority 58.8 >= 58.7)
05:13:34.832 [AMR-03] STATE_TRANSITION MOVING -> WAITING (intent=WAIT)
05:13:34.932 [AMR-03] CONFLICT_DETECTED peer=AMR-02 type=INTERSECTION node=(8, 9) safe_wait=(8, 8) DECISION=PROCEED (Higher precedence (58.9 vs 58.8) -> Proceed through (8, 9))
05:13:34.932 [AMR-03] STATE_TRANSITION WAITING -> MOVING (intent=MOVE)
05:13:35.033 [AMR-03] CONFLICT_DETECTED peer=AMR-02 type=INTERSECTION node=(8, 9) safe_wait=(8, 8) DECISION=PROCEED (Higher precedence (58.8 vs 58.6) -> Proceed through (8, 9))
05:13:35.134 [AMR-03] RESERVATION_WAIT: Zone (8, 9) reserved by AMR-02 (priority 59.1 >= 58.5)
05:13:35.134 [AMR-03] STATE_TRANSITION MOVING -> WAITING (intent=WAIT)
05:13:35.236 [AMR-03] STATE_TRANSITION WAITING -> MOVING (intent=MOVE)
05:13:35.741 [AMR-03] STATE_TRANSITION MOVING -> EMERGENCY_STOP (intent=STOP)
05:13:35.741 [AMR-03] SAFETY_STOP min_obstacle_distance=1.00m <= 1.2m
05:13:35.842 [AMR-03] STATE_TRANSITION EMERGENCY_STOP -> MOVING (intent=MOVE)
05:13:35.942 [AMR-03] STATE_TRANSITION MOVING -> EMERGENCY_STOP (intent=STOP)
05:13:35.942 [AMR-03] SAFETY_STOP min_obstacle_distance=1.00m <= 1.2m
05:13:36.042 [AMR-03] STATE_TRANSITION EMERGENCY_STOP -> MOVING (intent=MOVE)
05:13:36.143 [AMR-03] STATE_TRANSITION MOVING -> EMERGENCY_STOP (intent=STOP)
05:13:36.143 [AMR-03] SAFETY_STOP min_obstacle_distance=1.00m <= 1.2m
05:13:36.245 [AMR-03] STATE_TRANSITION EMERGENCY_STOP -> MOVING (intent=MOVE)
05:13:36.346 [AMR-03] STATE_TRANSITION MOVING -> EMERGENCY_STOP (intent=STOP)
05:13:36.347 [AMR-03] SAFETY_STOP min_obstacle_distance=1.00m <= 1.2m
05:13:36.448 [AMR-03] STATE_TRANSITION EMERGENCY_STOP -> MOVING (intent=MOVE)
05:13:36.549 [AMR-03] STATE_TRANSITION MOVING -> EMERGENCY_STOP (intent=STOP)
05:13:36.549 [AMR-03] SAFETY_STOP min_obstacle_distance=1.00m <= 1.2m
05:13:36.650 [AMR-03] STATE_TRANSITION EMERGENCY_STOP -> MOVING (intent=MOVE)
05:13:36.750 [AMR-03] STATE_TRANSITION MOVING -> EMERGENCY_STOP (intent=STOP)
05:13:36.750 [AMR-03] SAFETY_STOP min_obstacle_distance=1.00m <= 1.2m
05:13:36.851 [AMR-03] STATE_TRANSITION EMERGENCY_STOP -> MOVING (intent=MOVE)
05:13:36.953 [AMR-03] STATE_TRANSITION MOVING -> EMERGENCY_STOP (intent=STOP)
05:13:36.954 [AMR-03] SAFETY_STOP min_obstacle_distance=1.00m <= 1.2m
05:13:37.053 [AMR-03] STATE_TRANSITION EMERGENCY_STOP -> MOVING (intent=MOVE)
05:13:37.154 [AMR-03] STATE_TRANSITION MOVING -> EMERGENCY_STOP (intent=STOP)
05:13:37.154 [AMR-03] SAFETY_STOP min_obstacle_distance=1.00m <= 1.2m
05:13:37.256 [AMR-03] STATE_TRANSITION EMERGENCY_STOP -> MOVING (intent=MOVE)
05:13:37.357 [AMR-03] STATE_TRANSITION MOVING -> EMERGENCY_STOP (intent=STOP)
05:13:37.357 [AMR-03] SAFETY_STOP min_obstacle_distance=1.00m <= 1.2m
05:13:37.458 [AMR-03] STATE_TRANSITION EMERGENCY_STOP -> MOVING (intent=MOVE)
05:13:37.558 [AMR-03] STATE_TRANSITION MOVING -> EMERGENCY_STOP (intent=STOP)
05:13:37.558 [AMR-03] SAFETY_STOP min_obstacle_distance=1.00m <= 1.2m
05:13:37.659 [AMR-03] STATE_TRANSITION EMERGENCY_STOP -> MOVING (intent=MOVE)
05:13:37.759 [AMR-03] STATE_TRANSITION MOVING -> EMERGENCY_STOP (intent=STOP)
05:13:37.759 [AMR-03] SAFETY_STOP min_obstacle_distance=1.00m <= 1.2m
05:13:37.860 [AMR-03] STATE_TRANSITION EMERGENCY_STOP -> MOVING (intent=MOVE)
05:13:37.960 [AMR-03] STATE_TRANSITION MOVING -> EMERGENCY_STOP (intent=STOP)
05:13:37.961 [AMR-03] SAFETY_STOP min_obstacle_distance=1.00m <= 1.2m
05:13:38.061 [AMR-03] STATE_TRANSITION EMERGENCY_STOP -> MOVING (intent=MOVE)
05:13:38.162 [AMR-03] STATE_TRANSITION MOVING -> EMERGENCY_STOP (intent=STOP)
05:13:38.162 [AMR-03] SAFETY_STOP min_obstacle_distance=1.00m <= 1.2m
05:13:38.262 [AMR-03] STATE_TRANSITION EMERGENCY_STOP -> MOVING (intent=MOVE)
05:13:38.666 [AMR-03] STATE_TRANSITION MOVING -> EMERGENCY_STOP (intent=STOP)
05:13:38.666 [AMR-03] SAFETY_STOP min_obstacle_distance=1.14m <= 1.2m
05:13:38.767 [AMR-03] STATE_TRANSITION EMERGENCY_STOP -> MOVING (intent=MOVE)
05:13:38.868 [AMR-03] STATE_TRANSITION MOVING -> EMERGENCY_STOP (intent=STOP)
05:13:38.868 [AMR-03] SAFETY_STOP min_obstacle_distance=1.08m <= 1.2m
05:13:38.968 [AMR-03] STATE_TRANSITION EMERGENCY_STOP -> MOVING (intent=MOVE)
05:13:39.068 [AMR-03] STATE_TRANSITION MOVING -> EMERGENCY_STOP (intent=STOP)
05:13:39.068 [AMR-03] SAFETY_STOP min_obstacle_distance=1.03m <= 1.2m
05:13:39.169 [AMR-03] STATE_TRANSITION EMERGENCY_STOP -> MOVING (intent=MOVE)
05:13:39.773 [AMR-03] STATE_TRANSITION MOVING -> EMERGENCY_STOP (intent=STOP)
05:13:39.773 [AMR-03] SAFETY_STOP min_obstacle_distance=1.00m <= 1.2m
05:13:39.873 [AMR-03] STATE_TRANSITION EMERGENCY_STOP -> MOVING (intent=MOVE)
05:13:39.974 [AMR-03] STATE_TRANSITION MOVING -> EMERGENCY_STOP (intent=STOP)
05:13:39.974 [AMR-03] SAFETY_STOP min_obstacle_distance=1.00m <= 1.2m
05:13:40.075 [AMR-03] STATE_TRANSITION EMERGENCY_STOP -> MOVING (intent=MOVE)
05:13:40.176 [AMR-03] STATE_TRANSITION MOVING -> EMERGENCY_STOP (intent=STOP)
05:13:40.176 [AMR-03] SAFETY_STOP min_obstacle_distance=1.00m <= 1.2m
05:13:40.277 [AMR-03] STATE_TRANSITION EMERGENCY_STOP -> MOVING (intent=MOVE)
05:13:40.377 [AMR-03] STATE_TRANSITION MOVING -> EMERGENCY_STOP (intent=STOP)
05:13:40.377 [AMR-03] SAFETY_STOP min_obstacle_distance=1.00m <= 1.2m
05:13:40.477 [AMR-03] STATE_TRANSITION EMERGENCY_STOP -> MOVING (intent=MOVE)
05:13:40.577 [AMR-03] STATE_TRANSITION MOVING -> EMERGENCY_STOP (intent=STOP)
05:13:40.578 [AMR-03] SAFETY_STOP min_obstacle_distance=1.00m <= 1.2m
05:13:40.678 [AMR-03] STATE_TRANSITION EMERGENCY_STOP -> MOVING (intent=MOVE)
05:13:40.779 [AMR-03] STATE_TRANSITION MOVING -> EMERGENCY_STOP (intent=STOP)
05:13:40.779 [AMR-03] SAFETY_STOP min_obstacle_distance=1.01m <= 1.2m
05:13:40.880 [AMR-03] STATE_TRANSITION EMERGENCY_STOP -> MOVING (intent=MOVE)
05:13:40.981 [AMR-03] STATE_TRANSITION MOVING -> EMERGENCY_STOP (intent=STOP)
05:13:40.981 [AMR-03] SAFETY_STOP min_obstacle_distance=1.00m <= 1.2m
05:13:41.082 [AMR-03] STATE_TRANSITION EMERGENCY_STOP -> MOVING (intent=MOVE)
05:13:41.183 [AMR-03] STATE_TRANSITION MOVING -> EMERGENCY_STOP (intent=STOP)
05:13:41.183 [AMR-03] SAFETY_STOP min_obstacle_distance=1.00m <= 1.2m
05:13:41.283 [AMR-03] STATE_TRANSITION EMERGENCY_STOP -> MOVING (intent=MOVE)
05:13:41.384 [AMR-03] STATE_TRANSITION MOVING -> EMERGENCY_STOP (intent=STOP)
05:13:41.384 [AMR-03] SAFETY_STOP min_obstacle_distance=1.00m <= 1.2m
05:13:41.484 [AMR-03] STATE_TRANSITION EMERGENCY_STOP -> MOVING (intent=MOVE)
05:13:41.585 [AMR-03] STATE_TRANSITION MOVING -> EMERGENCY_STOP (intent=STOP)
05:13:41.585 [AMR-03] SAFETY_STOP min_obstacle_distance=1.01m <= 1.2m
05:13:41.686 [AMR-03] STATE_TRANSITION EMERGENCY_STOP -> MOVING (intent=MOVE)
05:13:41.787 [AMR-03] STATE_TRANSITION MOVING -> EMERGENCY_STOP (intent=STOP)
05:13:41.787 [AMR-03] SAFETY_STOP min_obstacle_distance=1.04m <= 1.2m
05:13:41.888 [AMR-03] STATE_TRANSITION EMERGENCY_STOP -> MOVING (intent=MOVE)
05:13:41.988 [AMR-03] STATE_TRANSITION MOVING -> EMERGENCY_STOP (intent=STOP)
05:13:41.988 [AMR-03] SAFETY_STOP min_obstacle_distance=1.10m <= 1.2m
05:13:42.089 [AMR-03] STATE_TRANSITION EMERGENCY_STOP -> MOVING (intent=MOVE)
05:13:42.189 [AMR-03] STATE_TRANSITION MOVING -> EMERGENCY_STOP (intent=STOP)
05:13:42.189 [AMR-03] SAFETY_STOP min_obstacle_distance=1.17m <= 1.2m
05:13:42.293 [AMR-03] STATE_TRANSITION EMERGENCY_STOP -> MOVING (intent=MOVE)
05:13:42.391 [AMR-03] STATE_TRANSITION MOVING -> EMERGENCY_STOP (intent=STOP)
05:13:42.391 [AMR-03] SAFETY_STOP min_obstacle_distance=1.00m <= 1.2m
05:13:42.492 [AMR-03] STATE_TRANSITION EMERGENCY_STOP -> MOVING (intent=MOVE)
05:13:42.593 [AMR-03] STATE_TRANSITION MOVING -> EMERGENCY_STOP (intent=STOP)
05:13:42.593 [AMR-03] SAFETY_STOP min_obstacle_distance=1.01m <= 1.2m
05:13:42.693 [AMR-03] STATE_TRANSITION EMERGENCY_STOP -> MOVING (intent=MOVE)
05:13:42.794 [AMR-03] STATE_TRANSITION MOVING -> EMERGENCY_STOP (intent=STOP)
05:13:42.794 [AMR-03] SAFETY_STOP min_obstacle_distance=1.04m <= 1.2m
05:13:42.894 [AMR-03] STATE_TRANSITION EMERGENCY_STOP -> MOVING (intent=MOVE)
05:13:42.996 [AMR-03] STATE_TRANSITION MOVING -> EMERGENCY_STOP (intent=STOP)
05:13:42.996 [AMR-03] SAFETY_STOP min_obstacle_distance=1.10m <= 1.2m
05:13:43.096 [AMR-03] STATE_TRANSITION EMERGENCY_STOP -> MOVING (intent=MOVE)
05:13:43.197 [AMR-03] STATE_TRANSITION MOVING -> EMERGENCY_STOP (intent=STOP)
05:13:43.197 [AMR-03] SAFETY_STOP min_obstacle_distance=1.17m <= 1.2m
05:13:43.298 [AMR-03] STATE_TRANSITION EMERGENCY_STOP -> MOVING (intent=MOVE)
05:13:43.397 [AMR-03] STATE_TRANSITION MOVING -> EMERGENCY_STOP (intent=STOP)
05:13:43.397 [AMR-03] SAFETY_STOP min_obstacle_distance=1.00m <= 1.2m
05:13:43.498 [AMR-03] STATE_TRANSITION EMERGENCY_STOP -> MOVING (intent=MOVE)
05:13:43.599 [AMR-03] STATE_TRANSITION MOVING -> EMERGENCY_STOP (intent=STOP)
05:13:43.599 [AMR-03] SAFETY_STOP min_obstacle_distance=1.01m <= 1.2m
05:13:43.699 [AMR-03] STATE_TRANSITION EMERGENCY_STOP -> MOVING (intent=MOVE)
05:13:43.799 [AMR-03] STATE_TRANSITION MOVING -> EMERGENCY_STOP (intent=STOP)
05:13:43.799 [AMR-03] SAFETY_STOP min_obstacle_distance=1.04m <= 1.2m
05:13:43.900 [AMR-03] STATE_TRANSITION EMERGENCY_STOP -> MOVING (intent=MOVE)
05:13:44.001 [AMR-03] STATE_TRANSITION MOVING -> EMERGENCY_STOP (intent=STOP)
05:13:44.001 [AMR-03] SAFETY_STOP min_obstacle_distance=1.10m <= 1.2m
05:13:44.101 [AMR-03] STATE_TRANSITION EMERGENCY_STOP -> MOVING (intent=MOVE)
05:13:44.201 [AMR-03] STATE_TRANSITION MOVING -> EMERGENCY_STOP (intent=STOP)
05:13:44.201 [AMR-03] SAFETY_STOP min_obstacle_distance=1.17m <= 1.2m
05:13:44.303 [AMR-03] STATE_TRANSITION EMERGENCY_STOP -> MOVING (intent=MOVE)
05:13:44.704 [AMR-03] STATE_TRANSITION MOVING -> EMERGENCY_STOP (intent=STOP)
05:13:44.704 [AMR-03] SAFETY_STOP min_obstacle_distance=1.14m <= 1.2m
05:13:44.805 [AMR-03] STATE_TRANSITION EMERGENCY_STOP -> MOVING (intent=MOVE)
05:13:44.905 [AMR-03] STATE_TRANSITION MOVING -> EMERGENCY_STOP (intent=STOP)
05:13:44.905 [AMR-03] SAFETY_STOP min_obstacle_distance=1.08m <= 1.2m
05:13:45.006 [AMR-03] STATE_TRANSITION EMERGENCY_STOP -> MOVING (intent=MOVE)
05:13:45.106 [AMR-03] STATE_TRANSITION MOVING -> EMERGENCY_STOP (intent=STOP)
05:13:45.106 [AMR-03] SAFETY_STOP min_obstacle_distance=1.03m <= 1.2m
05:13:45.207 [AMR-03] STATE_TRANSITION EMERGENCY_STOP -> MOVING (intent=MOVE)
05:13:45.307 [AMR-03] STATE_TRANSITION MOVING -> EMERGENCY_STOP (intent=STOP)
05:13:45.308 [AMR-03] SAFETY_STOP min_obstacle_distance=1.00m <= 1.2m
05:13:45.409 [AMR-03] STATE_TRANSITION EMERGENCY_STOP -> MOVING (intent=MOVE)
05:13:45.711 [AMR-03] STATE_TRANSITION MOVING -> EMERGENCY_STOP (intent=STOP)
05:13:45.712 [AMR-03] SAFETY_STOP min_obstacle_distance=1.14m <= 1.2m
05:13:45.812 [AMR-03] STATE_TRANSITION EMERGENCY_STOP -> MOVING (intent=MOVE)
05:13:45.913 [AMR-03] STATE_TRANSITION MOVING -> EMERGENCY_STOP (intent=STOP)
05:13:45.913 [AMR-03] SAFETY_STOP min_obstacle_distance=1.08m <= 1.2m
05:13:46.014 [AMR-03] STATE_TRANSITION EMERGENCY_STOP -> MOVING (intent=MOVE)
05:13:46.114 [AMR-03] STATE_TRANSITION MOVING -> EMERGENCY_STOP (intent=STOP)
05:13:46.114 [AMR-03] SAFETY_STOP min_obstacle_distance=1.03m <= 1.2m
05:13:46.214 [AMR-03] STATE_TRANSITION EMERGENCY_STOP -> MOVING (intent=MOVE)
05:13:46.314 [AMR-03] STATE_TRANSITION MOVING -> EMERGENCY_STOP (intent=STOP)
05:13:46.314 [AMR-03] SAFETY_STOP min_obstacle_distance=1.00m <= 1.2m
05:13:46.415 [AMR-03] STATE_TRANSITION EMERGENCY_STOP -> MOVING (intent=MOVE)
05:13:46.717 [AMR-03] STATE_TRANSITION MOVING -> EMERGENCY_STOP (intent=STOP)
05:13:46.717 [AMR-03] SAFETY_STOP min_obstacle_distance=1.14m <= 1.2m
05:13:46.818 [AMR-03] STATE_TRANSITION EMERGENCY_STOP -> MOVING (intent=MOVE)
05:13:46.919 [AMR-03] STATE_TRANSITION MOVING -> EMERGENCY_STOP (intent=STOP)
05:13:46.919 [AMR-03] SAFETY_STOP min_obstacle_distance=1.08m <= 1.2m
05:13:47.019 [AMR-03] STATE_TRANSITION EMERGENCY_STOP -> MOVING (intent=MOVE)
05:13:47.121 [AMR-03] STATE_TRANSITION MOVING -> EMERGENCY_STOP (intent=STOP)
05:13:47.121 [AMR-03] SAFETY_STOP min_obstacle_distance=1.03m <= 1.2m
05:13:47.221 [AMR-03] STATE_TRANSITION EMERGENCY_STOP -> MOVING (intent=MOVE)
05:13:47.322 [AMR-03] STATE_TRANSITION MOVING -> EMERGENCY_STOP (intent=STOP)
05:13:47.322 [AMR-03] SAFETY_STOP min_obstacle_distance=1.00m <= 1.2m
05:13:47.424 [AMR-03] STATE_TRANSITION EMERGENCY_STOP -> MOVING (intent=MOVE)
05:13:47.824 [AMR-03] STATE_TRANSITION MOVING -> EMERGENCY_STOP (intent=STOP)
05:13:47.824 [AMR-03] SAFETY_STOP min_obstacle_distance=1.14m <= 1.2m
05:13:47.926 [AMR-03] STATE_TRANSITION EMERGENCY_STOP -> MOVING (intent=MOVE)
05:13:48.026 [AMR-03] STATE_TRANSITION MOVING -> EMERGENCY_STOP (intent=STOP)
05:13:48.026 [AMR-03] SAFETY_STOP min_obstacle_distance=1.08m <= 1.2m
05:13:48.127 [AMR-03] STATE_TRANSITION EMERGENCY_STOP -> MOVING (intent=MOVE)
05:13:48.227 [AMR-03] STATE_TRANSITION MOVING -> EMERGENCY_STOP (intent=STOP)
05:13:48.227 [AMR-03] SAFETY_STOP min_obstacle_distance=1.03m <= 1.2m
05:13:48.328 [AMR-03] STATE_TRANSITION EMERGENCY_STOP -> MOVING (intent=MOVE)
05:13:48.429 [AMR-03] STATE_TRANSITION MOVING -> EMERGENCY_STOP (intent=STOP)
05:13:48.429 [AMR-03] SAFETY_STOP min_obstacle_distance=1.00m <= 1.2m
05:13:48.529 [AMR-03] STATE_TRANSITION EMERGENCY_STOP -> MOVING (intent=MOVE)
05:13:48.831 [AMR-03] STATE_TRANSITION MOVING -> EMERGENCY_STOP (intent=STOP)
05:13:48.831 [AMR-03] SAFETY_STOP min_obstacle_distance=1.14m <= 1.2m
05:13:48.932 [AMR-03] STATE_TRANSITION EMERGENCY_STOP -> MOVING (intent=MOVE)
05:13:49.033 [AMR-03] STATE_TRANSITION MOVING -> EMERGENCY_STOP (intent=STOP)
05:13:49.033 [AMR-03] SAFETY_STOP min_obstacle_distance=1.08m <= 1.2m
05:13:49.133 [AMR-03] STATE_TRANSITION EMERGENCY_STOP -> MOVING (intent=MOVE)
05:13:49.234 [AMR-03] STATE_TRANSITION MOVING -> EMERGENCY_STOP (intent=STOP)
05:13:49.234 [AMR-03] SAFETY_STOP min_obstacle_distance=1.03m <= 1.2m
05:13:49.334 [AMR-03] STATE_TRANSITION EMERGENCY_STOP -> MOVING (intent=MOVE)
05:13:49.436 [AMR-03] STATE_TRANSITION MOVING -> EMERGENCY_STOP (intent=STOP)
05:13:49.436 [AMR-03] SAFETY_STOP min_obstacle_distance=1.00m <= 1.2m
05:13:49.536 [AMR-03] STATE_TRANSITION EMERGENCY_STOP -> MOVING (intent=MOVE)
05:13:49.838 [AMR-03] STATE_TRANSITION MOVING -> EMERGENCY_STOP (intent=STOP)
05:13:49.838 [AMR-03] SAFETY_STOP min_obstacle_distance=1.14m <= 1.2m
05:13:49.939 [AMR-03] STATE_TRANSITION EMERGENCY_STOP -> MOVING (intent=MOVE)
05:13:50.040 [AMR-03] STATE_TRANSITION MOVING -> EMERGENCY_STOP (intent=STOP)
05:13:50.040 [AMR-03] SAFETY_STOP min_obstacle_distance=1.08m <= 1.2m
05:13:50.141 [AMR-03] STATE_TRANSITION EMERGENCY_STOP -> MOVING (intent=MOVE)
05:13:50.241 [AMR-03] STATE_TRANSITION MOVING -> EMERGENCY_STOP (intent=STOP)
05:13:50.242 [AMR-03] SAFETY_STOP min_obstacle_distance=1.03m <= 1.2m
05:13:50.343 [AMR-03] STATE_TRANSITION EMERGENCY_STOP -> MOVING (intent=MOVE)
05:13:50.443 [AMR-03] STATE_TRANSITION MOVING -> EMERGENCY_STOP (intent=STOP)
05:13:50.443 [AMR-03] SAFETY_STOP min_obstacle_distance=1.00m <= 1.2m
05:13:50.544 [AMR-03] STATE_TRANSITION EMERGENCY_STOP -> MOVING (intent=MOVE)
05:13:50.847 [AMR-03] STATE_TRANSITION MOVING -> EMERGENCY_STOP (intent=STOP)
05:13:50.847 [AMR-03] SAFETY_STOP min_obstacle_distance=1.14m <= 1.2m
05:13:50.948 [AMR-03] STATE_TRANSITION EMERGENCY_STOP -> MOVING (intent=MOVE)
05:13:51.049 [AMR-03] STATE_TRANSITION MOVING -> EMERGENCY_STOP (intent=STOP)
05:13:51.049 [AMR-03] SAFETY_STOP min_obstacle_distance=1.07m <= 1.2m
05:13:51.150 [AMR-03] STATE_TRANSITION EMERGENCY_STOP -> MOVING (intent=MOVE)
05:13:51.250 [AMR-03] STATE_TRANSITION MOVING -> EMERGENCY_STOP (intent=STOP)
05:13:51.250 [AMR-03] SAFETY_STOP min_obstacle_distance=1.03m <= 1.2m
05:13:51.351 [AMR-03] STATE_TRANSITION EMERGENCY_STOP -> MOVING (intent=MOVE)
05:13:51.452 [AMR-03] STATE_TRANSITION MOVING -> EMERGENCY_STOP (intent=STOP)
05:13:51.452 [AMR-03] SAFETY_STOP min_obstacle_distance=1.00m <= 1.2m
05:13:51.552 [AMR-03] STATE_TRANSITION EMERGENCY_STOP -> MOVING (intent=MOVE)
05:13:51.855 [AMR-03] STATE_TRANSITION MOVING -> EMERGENCY_STOP (intent=STOP)
05:13:51.855 [AMR-03] SAFETY_STOP min_obstacle_distance=1.14m <= 1.2m
05:13:51.956 [AMR-03] STATE_TRANSITION EMERGENCY_STOP -> MOVING (intent=MOVE)
05:13:52.056 [AMR-03] STATE_TRANSITION MOVING -> EMERGENCY_STOP (intent=STOP)
05:13:52.056 [AMR-03] SAFETY_STOP min_obstacle_distance=1.08m <= 1.2m
05:13:52.157 [AMR-03] STATE_TRANSITION EMERGENCY_STOP -> MOVING (intent=MOVE)
05:13:52.257 [AMR-03] STATE_TRANSITION MOVING -> EMERGENCY_STOP (intent=STOP)
05:13:52.257 [AMR-03] SAFETY_STOP min_obstacle_distance=1.03m <= 1.2m
05:13:52.358 [AMR-03] STATE_TRANSITION EMERGENCY_STOP -> MOVING (intent=MOVE)
05:13:52.762 [AMR-03] STATE_TRANSITION MOVING -> EMERGENCY_STOP (intent=STOP)
05:13:52.762 [AMR-03] SAFETY_STOP min_obstacle_distance=1.14m <= 1.2m
05:13:52.863 [AMR-03] STATE_TRANSITION EMERGENCY_STOP -> MOVING (intent=MOVE)
05:13:52.964 [AMR-03] STATE_TRANSITION MOVING -> EMERGENCY_STOP (intent=STOP)
05:13:52.964 [AMR-03] SAFETY_STOP min_obstacle_distance=1.08m <= 1.2m
05:13:53.065 [AMR-03] STATE_TRANSITION EMERGENCY_STOP -> MOVING (intent=MOVE)
05:13:53.165 [AMR-03] STATE_TRANSITION MOVING -> EMERGENCY_STOP (intent=STOP)
05:13:53.165 [AMR-03] SAFETY_STOP min_obstacle_distance=1.03m <= 1.2m
05:13:53.266 [AMR-03] STATE_TRANSITION EMERGENCY_STOP -> MOVING (intent=MOVE)
05:13:53.367 [AMR-03] STATE_TRANSITION MOVING -> EMERGENCY_STOP (intent=STOP)
05:13:53.367 [AMR-03] SAFETY_STOP min_obstacle_distance=1.00m <= 1.2m
05:13:53.468 [AMR-03] STATE_TRANSITION EMERGENCY_STOP -> MOVING (intent=MOVE)
05:13:53.768 [AMR-03] STATE_TRANSITION MOVING -> EMERGENCY_STOP (intent=STOP)
05:13:53.768 [AMR-03] SAFETY_STOP min_obstacle_distance=1.14m <= 1.2m
05:13:53.871 [AMR-03] STATE_TRANSITION EMERGENCY_STOP -> MOVING (intent=MOVE)
05:13:53.972 [AMR-03] STATE_TRANSITION MOVING -> EMERGENCY_STOP (intent=STOP)
05:13:53.972 [AMR-03] SAFETY_STOP min_obstacle_distance=1.08m <= 1.2m
05:13:54.073 [AMR-03] STATE_TRANSITION EMERGENCY_STOP -> MOVING (intent=MOVE)
05:13:54.173 [AMR-03] STATE_TRANSITION MOVING -> EMERGENCY_STOP (intent=STOP)
05:13:54.173 [AMR-03] SAFETY_STOP min_obstacle_distance=1.03m <= 1.2m
05:13:54.273 [AMR-03] STATE_TRANSITION EMERGENCY_STOP -> MOVING (intent=MOVE)
05:13:54.374 [AMR-03] STATE_TRANSITION MOVING -> EMERGENCY_STOP (intent=STOP)
05:13:54.374 [AMR-03] SAFETY_STOP min_obstacle_distance=1.00m <= 1.2m
05:13:54.474 [AMR-03] STATE_TRANSITION EMERGENCY_STOP -> MOVING (intent=MOVE)
05:13:54.776 [AMR-03] STATE_TRANSITION MOVING -> EMERGENCY_STOP (intent=STOP)
05:13:54.776 [AMR-03] SAFETY_STOP min_obstacle_distance=1.14m <= 1.2m
05:13:54.877 [AMR-03] STATE_TRANSITION EMERGENCY_STOP -> MOVING (intent=MOVE)
05:13:54.977 [AMR-03] STATE_TRANSITION MOVING -> EMERGENCY_STOP (intent=STOP)
05:13:54.977 [AMR-03] SAFETY_STOP min_obstacle_distance=1.08m <= 1.2m
05:13:55.077 [AMR-03] STATE_TRANSITION EMERGENCY_STOP -> MOVING (intent=MOVE)
05:13:55.177 [AMR-03] STATE_TRANSITION MOVING -> EMERGENCY_STOP (intent=STOP)
05:13:55.177 [AMR-03] SAFETY_STOP min_obstacle_distance=1.03m <= 1.2m
05:13:55.277 [AMR-03] STATE_TRANSITION EMERGENCY_STOP -> MOVING (intent=MOVE)
05:13:55.378 [AMR-03] STATE_TRANSITION MOVING -> EMERGENCY_STOP (intent=STOP)
05:13:55.378 [AMR-03] SAFETY_STOP min_obstacle_distance=1.00m <= 1.2m
05:13:55.478 [AMR-03] STATE_TRANSITION EMERGENCY_STOP -> MOVING (intent=MOVE)
05:13:55.781 [AMR-03] STATE_TRANSITION MOVING -> EMERGENCY_STOP (intent=STOP)
05:13:55.781 [AMR-03] SAFETY_STOP min_obstacle_distance=1.14m <= 1.2m
05:13:55.882 [AMR-03] STATE_TRANSITION EMERGENCY_STOP -> MOVING (intent=MOVE)
05:13:55.982 [AMR-03] STATE_TRANSITION MOVING -> EMERGENCY_STOP (intent=STOP)
05:13:55.983 [AMR-03] SAFETY_STOP min_obstacle_distance=1.08m <= 1.2m
05:13:56.083 [AMR-03] STATE_TRANSITION EMERGENCY_STOP -> MOVING (intent=MOVE)
05:13:56.184 [AMR-03] STATE_TRANSITION MOVING -> EMERGENCY_STOP (intent=STOP)
05:13:56.184 [AMR-03] SAFETY_STOP min_obstacle_distance=1.03m <= 1.2m
05:13:56.285 [AMR-03] STATE_TRANSITION EMERGENCY_STOP -> MOVING (intent=MOVE)
05:13:56.385 [AMR-03] STATE_TRANSITION MOVING -> EMERGENCY_STOP (intent=STOP)
05:13:56.386 [AMR-03] SAFETY_STOP min_obstacle_distance=1.00m <= 1.2m
05:13:56.486 [AMR-03] STATE_TRANSITION EMERGENCY_STOP -> MOVING (intent=MOVE)
05:13:56.788 [AMR-03] STATE_TRANSITION MOVING -> EMERGENCY_STOP (intent=STOP)
05:13:56.788 [AMR-03] SAFETY_STOP min_obstacle_distance=1.14m <= 1.2m
05:13:56.889 [AMR-03] STATE_TRANSITION EMERGENCY_STOP -> MOVING (intent=MOVE)
05:13:56.989 [AMR-03] STATE_TRANSITION MOVING -> EMERGENCY_STOP (intent=STOP)
05:13:56.989 [AMR-03] SAFETY_STOP min_obstacle_distance=1.08m <= 1.2m
05:13:57.090 [AMR-03] STATE_TRANSITION EMERGENCY_STOP -> MOVING (intent=MOVE)
05:13:57.190 [AMR-03] STATE_TRANSITION MOVING -> EMERGENCY_STOP (intent=STOP)
05:13:57.191 [AMR-03] SAFETY_STOP min_obstacle_distance=1.03m <= 1.2m
05:13:57.291 [AMR-03] STATE_TRANSITION EMERGENCY_STOP -> MOVING (intent=MOVE)
05:13:57.392 [AMR-03] STATE_TRANSITION MOVING -> EMERGENCY_STOP (intent=STOP)
05:13:57.392 [AMR-03] SAFETY_STOP min_obstacle_distance=1.00m <= 1.2m
05:13:57.492 [AMR-03] STATE_TRANSITION EMERGENCY_STOP -> MOVING (intent=MOVE)
05:13:57.793 [AMR-03] STATE_TRANSITION MOVING -> EMERGENCY_STOP (intent=STOP)
05:13:57.793 [AMR-03] SAFETY_STOP min_obstacle_distance=1.14m <= 1.2m
05:13:57.894 [AMR-03] STATE_TRANSITION EMERGENCY_STOP -> MOVING (intent=MOVE)
05:13:57.995 [AMR-03] STATE_TRANSITION MOVING -> EMERGENCY_STOP (intent=STOP)
05:13:57.995 [AMR-03] SAFETY_STOP min_obstacle_distance=1.08m <= 1.2m
05:13:58.095 [AMR-03] STATE_TRANSITION EMERGENCY_STOP -> MOVING (intent=MOVE)
05:13:58.195 [AMR-03] STATE_TRANSITION MOVING -> EMERGENCY_STOP (intent=STOP)
05:13:58.195 [AMR-03] SAFETY_STOP min_obstacle_distance=1.03m <= 1.2m
05:13:58.296 [AMR-03] STATE_TRANSITION EMERGENCY_STOP -> MOVING (intent=MOVE)
05:13:58.397 [AMR-03] STATE_TRANSITION MOVING -> EMERGENCY_STOP (intent=STOP)
05:13:58.397 [AMR-03] SAFETY_STOP min_obstacle_distance=1.00m <= 1.2m
05:13:58.498 [AMR-03] STATE_TRANSITION EMERGENCY_STOP -> MOVING (intent=MOVE)
05:13:58.801 [AMR-03] STATE_TRANSITION MOVING -> EMERGENCY_STOP (intent=STOP)
05:13:58.801 [AMR-03] SAFETY_STOP min_obstacle_distance=1.14m <= 1.2m
05:13:58.901 [AMR-03] STATE_TRANSITION EMERGENCY_STOP -> MOVING (intent=MOVE)
05:13:59.002 [AMR-03] STATE_TRANSITION MOVING -> EMERGENCY_STOP (intent=STOP)
05:13:59.003 [AMR-03] SAFETY_STOP min_obstacle_distance=1.08m <= 1.2m
05:13:59.103 [AMR-03] STATE_TRANSITION EMERGENCY_STOP -> MOVING (intent=MOVE)
05:13:59.204 [AMR-03] STATE_TRANSITION MOVING -> EMERGENCY_STOP (intent=STOP)
05:13:59.204 [AMR-03] SAFETY_STOP min_obstacle_distance=1.03m <= 1.2m
05:13:59.304 [AMR-03] STATE_TRANSITION EMERGENCY_STOP -> MOVING (intent=MOVE)
05:13:59.404 [AMR-03] STATE_TRANSITION MOVING -> EMERGENCY_STOP (intent=STOP)
05:13:59.404 [AMR-03] SAFETY_STOP min_obstacle_distance=1.00m <= 1.2m
05:13:59.506 [AMR-03] STATE_TRANSITION EMERGENCY_STOP -> MOVING (intent=MOVE)
05:13:59.808 [AMR-03] STATE_TRANSITION MOVING -> EMERGENCY_STOP (intent=STOP)
05:13:59.808 [AMR-03] SAFETY_STOP min_obstacle_distance=1.14m <= 1.2m
05:13:59.908 [AMR-03] STATE_TRANSITION EMERGENCY_STOP -> MOVING (intent=MOVE)
05:14:00.008 [AMR-03] STATE_TRANSITION MOVING -> EMERGENCY_STOP (intent=STOP)
05:14:00.008 [AMR-03] SAFETY_STOP min_obstacle_distance=1.08m <= 1.2m
05:14:00.109 [AMR-03] STATE_TRANSITION EMERGENCY_STOP -> MOVING (intent=MOVE)
05:14:00.209 [AMR-03] STATE_TRANSITION MOVING -> EMERGENCY_STOP (intent=STOP)
05:14:00.210 [AMR-03] SAFETY_STOP min_obstacle_distance=1.03m <= 1.2m
05:14:00.310 [AMR-03] STATE_TRANSITION EMERGENCY_STOP -> MOVING (intent=MOVE)
05:14:00.411 [AMR-03] STATE_TRANSITION MOVING -> EMERGENCY_STOP (intent=STOP)
05:14:00.411 [AMR-03] SAFETY_STOP min_obstacle_distance=1.00m <= 1.2m
05:14:00.511 [AMR-03] STATE_TRANSITION EMERGENCY_STOP -> MOVING (intent=MOVE)
05:14:00.813 [AMR-03] STATE_TRANSITION MOVING -> EMERGENCY_STOP (intent=STOP)
05:14:00.813 [AMR-03] SAFETY_STOP min_obstacle_distance=1.14m <= 1.2m
05:14:00.913 [AMR-03] STATE_TRANSITION EMERGENCY_STOP -> MOVING (intent=MOVE)
05:14:01.014 [AMR-03] STATE_TRANSITION MOVING -> EMERGENCY_STOP (intent=STOP)
05:14:01.014 [AMR-03] SAFETY_STOP min_obstacle_distance=1.08m <= 1.2m
05:14:01.114 [AMR-03] STATE_TRANSITION EMERGENCY_STOP -> MOVING (intent=MOVE)
05:14:01.216 [AMR-03] STATE_TRANSITION MOVING -> EMERGENCY_STOP (intent=STOP)
05:14:01.216 [AMR-03] SAFETY_STOP min_obstacle_distance=1.03m <= 1.2m
05:14:01.316 [AMR-03] STATE_TRANSITION EMERGENCY_STOP -> MOVING (intent=MOVE)
05:14:01.416 [AMR-03] STATE_TRANSITION MOVING -> EMERGENCY_STOP (intent=STOP)
05:14:01.416 [AMR-03] SAFETY_STOP min_obstacle_distance=1.00m <= 1.2m
05:14:01.517 [AMR-03] STATE_TRANSITION EMERGENCY_STOP -> MOVING (intent=MOVE)
05:14:01.821 [AMR-03] STATE_TRANSITION MOVING -> EMERGENCY_STOP (intent=STOP)
05:14:01.821 [AMR-03] SAFETY_STOP min_obstacle_distance=1.14m <= 1.2m
05:14:01.921 [AMR-03] STATE_TRANSITION EMERGENCY_STOP -> MOVING (intent=MOVE)
05:14:02.022 [AMR-03] STATE_TRANSITION MOVING -> EMERGENCY_STOP (intent=STOP)
05:14:02.022 [AMR-03] SAFETY_STOP min_obstacle_distance=1.08m <= 1.2m
05:14:02.123 [AMR-03] STATE_TRANSITION EMERGENCY_STOP -> MOVING (intent=MOVE)
05:14:02.223 [AMR-03] STATE_TRANSITION MOVING -> EMERGENCY_STOP (intent=STOP)
05:14:02.224 [AMR-03] SAFETY_STOP min_obstacle_distance=1.03m <= 1.2m
05:14:02.324 [AMR-03] STATE_TRANSITION EMERGENCY_STOP -> MOVING (intent=MOVE)
05:14:02.425 [AMR-03] STATE_TRANSITION MOVING -> EMERGENCY_STOP (intent=STOP)
05:14:02.425 [AMR-03] SAFETY_STOP min_obstacle_distance=1.00m <= 1.2m
05:14:02.525 [AMR-03] STATE_TRANSITION EMERGENCY_STOP -> MOVING (intent=MOVE)
05:14:02.827 [AMR-03] STATE_TRANSITION MOVING -> EMERGENCY_STOP (intent=STOP)
05:14:02.828 [AMR-03] SAFETY_STOP min_obstacle_distance=1.14m <= 1.2m
05:14:02.929 [AMR-03] STATE_TRANSITION EMERGENCY_STOP -> MOVING (intent=MOVE)
05:14:03.029 [AMR-03] STATE_TRANSITION MOVING -> EMERGENCY_STOP (intent=STOP)
05:14:03.030 [AMR-03] SAFETY_STOP min_obstacle_distance=1.08m <= 1.2m
05:14:03.130 [AMR-03] STATE_TRANSITION EMERGENCY_STOP -> MOVING (intent=MOVE)
05:14:03.230 [AMR-03] STATE_TRANSITION MOVING -> EMERGENCY_STOP (intent=STOP)
05:14:03.230 [AMR-03] SAFETY_STOP min_obstacle_distance=1.03m <= 1.2m
05:14:03.331 [AMR-03] STATE_TRANSITION EMERGENCY_STOP -> MOVING (intent=MOVE)
05:14:03.432 [AMR-03] STATE_TRANSITION MOVING -> EMERGENCY_STOP (intent=STOP)
05:14:03.432 [AMR-03] SAFETY_STOP min_obstacle_distance=1.00m <= 1.2m
05:14:03.532 [AMR-03] STATE_TRANSITION EMERGENCY_STOP -> MOVING (intent=MOVE)
05:14:03.834 [AMR-03] STATE_TRANSITION MOVING -> EMERGENCY_STOP (intent=STOP)
05:14:03.835 [AMR-03] SAFETY_STOP min_obstacle_distance=1.14m <= 1.2m
05:14:03.936 [AMR-03] STATE_TRANSITION EMERGENCY_STOP -> MOVING (intent=MOVE)
05:14:04.035 [AMR-03] STATE_TRANSITION MOVING -> EMERGENCY_STOP (intent=STOP)
05:14:04.036 [AMR-03] SAFETY_STOP min_obstacle_distance=1.08m <= 1.2m
05:14:04.137 [AMR-03] STATE_TRANSITION EMERGENCY_STOP -> MOVING (intent=MOVE)
05:14:04.237 [AMR-03] STATE_TRANSITION MOVING -> EMERGENCY_STOP (intent=STOP)
05:14:04.237 [AMR-03] SAFETY_STOP min_obstacle_distance=1.03m <= 1.2m
05:14:04.338 [AMR-03] STATE_TRANSITION EMERGENCY_STOP -> MOVING (intent=MOVE)
05:14:04.439 [AMR-03] STATE_TRANSITION MOVING -> EMERGENCY_STOP (intent=STOP)
05:14:04.439 [AMR-03] SAFETY_STOP min_obstacle_distance=1.00m <= 1.2m
05:14:04.539 [AMR-03] STATE_TRANSITION EMERGENCY_STOP -> MOVING (intent=MOVE)
05:14:04.843 [AMR-03] STATE_TRANSITION MOVING -> EMERGENCY_STOP (intent=STOP)
05:14:04.843 [AMR-03] SAFETY_STOP min_obstacle_distance=1.14m <= 1.2m
05:14:04.944 [AMR-03] STATE_TRANSITION EMERGENCY_STOP -> MOVING (intent=MOVE)
05:14:05.045 [AMR-03] STATE_TRANSITION MOVING -> EMERGENCY_STOP (intent=STOP)
05:14:05.045 [AMR-03] SAFETY_STOP min_obstacle_distance=1.08m <= 1.2m
05:14:05.145 [AMR-03] STATE_TRANSITION EMERGENCY_STOP -> MOVING (intent=MOVE)
05:14:05.246 [AMR-03] STATE_TRANSITION MOVING -> EMERGENCY_STOP (intent=STOP)
05:14:05.246 [AMR-03] SAFETY_STOP min_obstacle_distance=1.03m <= 1.2m
05:14:05.346 [AMR-03] STATE_TRANSITION EMERGENCY_STOP -> MOVING (intent=MOVE)
05:14:05.446 [AMR-03] STATE_TRANSITION MOVING -> EMERGENCY_STOP (intent=STOP)
05:14:05.446 [AMR-03] SAFETY_STOP min_obstacle_distance=1.00m <= 1.2m
05:14:05.547 [AMR-03] STATE_TRANSITION EMERGENCY_STOP -> MOVING (intent=MOVE)
05:14:05.649 [AMR-03] STATE_TRANSITION MOVING -> EMERGENCY_STOP (intent=STOP)
05:14:05.649 [AMR-03] SAFETY_STOP min_obstacle_distance=1.01m <= 1.2m
05:14:05.750 [AMR-03] STATE_TRANSITION EMERGENCY_STOP -> MOVING (intent=MOVE)
05:14:05.850 [AMR-03] STATE_TRANSITION MOVING -> EMERGENCY_STOP (intent=STOP)
05:14:05.850 [AMR-03] SAFETY_STOP min_obstacle_distance=1.04m <= 1.2m
05:14:05.951 [AMR-03] STATE_TRANSITION EMERGENCY_STOP -> MOVING (intent=MOVE)
05:14:06.052 [AMR-03] STATE_TRANSITION MOVING -> EMERGENCY_STOP (intent=STOP)
05:14:06.052 [AMR-03] SAFETY_STOP min_obstacle_distance=1.10m <= 1.2m
05:14:06.152 [AMR-03] STATE_TRANSITION EMERGENCY_STOP -> MOVING (intent=MOVE)
05:14:06.253 [AMR-03] STATE_TRANSITION MOVING -> EMERGENCY_STOP (intent=STOP)
05:14:06.253 [AMR-03] SAFETY_STOP min_obstacle_distance=1.08m <= 1.2m
05:14:06.354 [AMR-03] STATE_TRANSITION EMERGENCY_STOP -> MOVING (intent=MOVE)
05:14:06.456 [AMR-03] STATE_TRANSITION MOVING -> EMERGENCY_STOP (intent=STOP)
05:14:06.456 [AMR-03] SAFETY_STOP min_obstacle_distance=1.03m <= 1.2m
05:14:06.556 [AMR-03] STATE_TRANSITION EMERGENCY_STOP -> MOVING (intent=MOVE)
05:14:06.656 [AMR-03] STATE_TRANSITION MOVING -> EMERGENCY_STOP (intent=STOP)
05:14:06.656 [AMR-03] SAFETY_STOP min_obstacle_distance=1.01m <= 1.2m
05:14:06.757 [AMR-03] STATE_TRANSITION EMERGENCY_STOP -> MOVING (intent=MOVE)
05:14:06.857 [AMR-03] STATE_TRANSITION MOVING -> EMERGENCY_STOP (intent=STOP)
05:14:06.857 [AMR-03] SAFETY_STOP min_obstacle_distance=1.04m <= 1.2m
05:14:06.958 [AMR-03] STATE_TRANSITION EMERGENCY_STOP -> MOVING (intent=MOVE)
05:14:07.058 [AMR-03] STATE_TRANSITION MOVING -> EMERGENCY_STOP (intent=STOP)
05:14:07.058 [AMR-03] SAFETY_STOP min_obstacle_distance=1.10m <= 1.2m
05:14:07.159 [AMR-03] STATE_TRANSITION EMERGENCY_STOP -> MOVING (intent=MOVE)
05:14:07.259 [AMR-03] STATE_TRANSITION MOVING -> EMERGENCY_STOP (intent=STOP)
05:14:07.259 [AMR-03] SAFETY_STOP min_obstacle_distance=1.08m <= 1.2m
05:14:07.361 [AMR-03] STATE_TRANSITION EMERGENCY_STOP -> MOVING (intent=MOVE)
05:14:07.464 [AMR-03] STATE_TRANSITION MOVING -> EMERGENCY_STOP (intent=STOP)
05:14:07.464 [AMR-03] SAFETY_STOP min_obstacle_distance=1.00m <= 1.2m
05:14:07.563 [AMR-03] STATE_TRANSITION EMERGENCY_STOP -> MOVING (intent=MOVE)
05:14:07.664 [AMR-03] STATE_TRANSITION MOVING -> EMERGENCY_STOP (intent=STOP)
05:14:07.664 [AMR-03] SAFETY_STOP min_obstacle_distance=1.01m <= 1.2m
05:14:07.764 [AMR-03] STATE_TRANSITION EMERGENCY_STOP -> MOVING (intent=MOVE)
05:14:07.865 [AMR-03] STATE_TRANSITION MOVING -> EMERGENCY_STOP (intent=STOP)
05:14:07.865 [AMR-03] SAFETY_STOP min_obstacle_distance=1.04m <= 1.2m
05:14:07.966 [AMR-03] STATE_TRANSITION EMERGENCY_STOP -> MOVING (intent=MOVE)
05:14:08.066 [AMR-03] STATE_TRANSITION MOVING -> EMERGENCY_STOP (intent=STOP)
05:14:08.067 [AMR-03] SAFETY_STOP min_obstacle_distance=1.10m <= 1.2m
05:14:08.167 [AMR-03] STATE_TRANSITION EMERGENCY_STOP -> MOVING (intent=MOVE)
05:14:08.268 [AMR-03] STATE_TRANSITION MOVING -> EMERGENCY_STOP (intent=STOP)
05:14:08.268 [AMR-03] SAFETY_STOP min_obstacle_distance=1.08m <= 1.2m
05:14:08.369 [AMR-03] STATE_TRANSITION EMERGENCY_STOP -> MOVING (intent=MOVE)
05:14:08.469 [AMR-03] STATE_TRANSITION MOVING -> EMERGENCY_STOP (intent=STOP)
05:14:08.469 [AMR-03] SAFETY_STOP min_obstacle_distance=1.00m <= 1.2m
05:14:08.569 [AMR-03] STATE_TRANSITION EMERGENCY_STOP -> MOVING (intent=MOVE)
05:14:08.670 [AMR-03] STATE_TRANSITION MOVING -> EMERGENCY_STOP (intent=STOP)
05:14:08.671 [AMR-03] SAFETY_STOP min_obstacle_distance=1.01m <= 1.2m
05:14:08.770 [AMR-03] STATE_TRANSITION EMERGENCY_STOP -> MOVING (intent=MOVE)
05:14:08.871 [AMR-03] STATE_TRANSITION MOVING -> EMERGENCY_STOP (intent=STOP)
05:14:08.872 [AMR-03] SAFETY_STOP min_obstacle_distance=1.04m <= 1.2m
05:14:08.972 [AMR-03] STATE_TRANSITION EMERGENCY_STOP -> MOVING (intent=MOVE)
05:14:09.073 [AMR-03] STATE_TRANSITION MOVING -> EMERGENCY_STOP (intent=STOP)
05:14:09.073 [AMR-03] SAFETY_STOP min_obstacle_distance=1.10m <= 1.2m
05:14:09.173 [AMR-03] STATE_TRANSITION EMERGENCY_STOP -> MOVING (intent=MOVE)
05:14:09.274 [AMR-03] STATE_TRANSITION MOVING -> EMERGENCY_STOP (intent=STOP)
05:14:09.274 [AMR-03] SAFETY_STOP min_obstacle_distance=1.08m <= 1.2m
05:14:09.376 [AMR-03] STATE_TRANSITION EMERGENCY_STOP -> MOVING (intent=MOVE)
05:14:09.475 [AMR-03] STATE_TRANSITION MOVING -> EMERGENCY_STOP (intent=STOP)
05:14:09.475 [AMR-03] SAFETY_STOP min_obstacle_distance=1.00m <= 1.2m
05:14:09.577 [AMR-03] STATE_TRANSITION EMERGENCY_STOP -> MOVING (intent=MOVE)
05:14:09.677 [AMR-03] STATE_TRANSITION MOVING -> EMERGENCY_STOP (intent=STOP)
05:14:09.678 [AMR-03] SAFETY_STOP min_obstacle_distance=1.01m <= 1.2m
05:14:09.778 [AMR-03] STATE_TRANSITION EMERGENCY_STOP -> MOVING (intent=MOVE)
05:14:09.879 [AMR-03] STATE_TRANSITION MOVING -> EMERGENCY_STOP (intent=STOP)
05:14:09.879 [AMR-03] SAFETY_STOP min_obstacle_distance=1.04m <= 1.2m
05:14:09.980 [AMR-03] STATE_TRANSITION EMERGENCY_STOP -> MOVING (intent=MOVE)
05:14:10.081 [AMR-03] STATE_TRANSITION MOVING -> EMERGENCY_STOP (intent=STOP)
05:14:10.081 [AMR-03] SAFETY_STOP min_obstacle_distance=1.10m <= 1.2m
05:14:10.183 [AMR-03] STATE_TRANSITION EMERGENCY_STOP -> MOVING (intent=MOVE)
05:14:10.283 [AMR-03] STATE_TRANSITION MOVING -> EMERGENCY_STOP (intent=STOP)
05:14:10.283 [AMR-03] SAFETY_STOP min_obstacle_distance=1.07m <= 1.2m
05:14:10.386 [AMR-03] STATE_TRANSITION EMERGENCY_STOP -> MOVING (intent=MOVE)
05:14:10.485 [AMR-03] STATE_TRANSITION MOVING -> EMERGENCY_STOP (intent=STOP)
05:14:10.486 [AMR-03] SAFETY_STOP min_obstacle_distance=1.00m <= 1.2m
05:14:10.587 [AMR-03] STATE_TRANSITION EMERGENCY_STOP -> MOVING (intent=MOVE)
05:14:10.688 [AMR-03] STATE_TRANSITION MOVING -> EMERGENCY_STOP (intent=STOP)
05:14:10.688 [AMR-03] SAFETY_STOP min_obstacle_distance=1.01m <= 1.2m
05:14:10.790 [AMR-03] STATE_TRANSITION EMERGENCY_STOP -> MOVING (intent=MOVE)
05:14:10.891 [AMR-03] STATE_TRANSITION MOVING -> EMERGENCY_STOP (intent=STOP)
05:14:10.892 [AMR-03] SAFETY_STOP min_obstacle_distance=1.05m <= 1.2m
05:14:10.994 [AMR-03] STATE_TRANSITION EMERGENCY_STOP -> MOVING (intent=MOVE)
05:14:11.096 [AMR-03] STATE_TRANSITION MOVING -> EMERGENCY_STOP (intent=STOP)
05:14:11.096 [AMR-03] SAFETY_STOP min_obstacle_distance=1.10m <= 1.2m
05:14:11.198 [AMR-03] STATE_TRANSITION EMERGENCY_STOP -> MOVING (intent=MOVE)
05:14:11.299 [AMR-03] STATE_TRANSITION MOVING -> EMERGENCY_STOP (intent=STOP)
05:14:11.299 [AMR-03] SAFETY_STOP min_obstacle_distance=1.07m <= 1.2m
05:14:11.400 [AMR-03] STATE_TRANSITION EMERGENCY_STOP -> MOVING (intent=MOVE)
05:14:11.501 [AMR-03] STATE_TRANSITION MOVING -> EMERGENCY_STOP (intent=STOP)
05:14:11.501 [AMR-03] SAFETY_STOP min_obstacle_distance=1.00m <= 1.2m
05:14:11.602 [AMR-03] STATE_TRANSITION EMERGENCY_STOP -> MOVING (intent=MOVE)
05:14:11.703 [AMR-03] STATE_TRANSITION MOVING -> EMERGENCY_STOP (intent=STOP)
05:14:11.703 [AMR-03] SAFETY_STOP min_obstacle_distance=1.01m <= 1.2m
05:14:11.804 [AMR-03] STATE_TRANSITION EMERGENCY_STOP -> MOVING (intent=MOVE)
05:14:11.906 [AMR-03] STATE_TRANSITION MOVING -> EMERGENCY_STOP (intent=STOP)
05:14:11.907 [AMR-03] SAFETY_STOP min_obstacle_distance=1.05m <= 1.2m
05:14:12.008 [AMR-03] STATE_TRANSITION EMERGENCY_STOP -> MOVING (intent=MOVE)
05:14:12.110 [AMR-03] STATE_TRANSITION MOVING -> EMERGENCY_STOP (intent=STOP)
05:14:12.110 [AMR-03] SAFETY_STOP min_obstacle_distance=1.10m <= 1.2m
05:14:12.211 [AMR-03] STATE_TRANSITION EMERGENCY_STOP -> MOVING (intent=MOVE)
05:14:12.313 [AMR-03] STATE_TRANSITION MOVING -> EMERGENCY_STOP (intent=STOP)
05:14:12.313 [AMR-03] SAFETY_STOP min_obstacle_distance=1.07m <= 1.2m
05:14:12.415 [AMR-03] STATE_TRANSITION EMERGENCY_STOP -> MOVING (intent=MOVE)
05:14:12.516 [AMR-03] STATE_TRANSITION MOVING -> EMERGENCY_STOP (intent=STOP)
05:14:12.516 [AMR-03] SAFETY_STOP min_obstacle_distance=1.00m <= 1.2m
05:14:12.617 [AMR-03] STATE_TRANSITION EMERGENCY_STOP -> MOVING (intent=MOVE)
05:14:12.718 [AMR-03] STATE_TRANSITION MOVING -> EMERGENCY_STOP (intent=STOP)
05:14:12.719 [AMR-03] SAFETY_STOP min_obstacle_distance=1.01m <= 1.2m
05:14:12.820 [AMR-03] STATE_TRANSITION EMERGENCY_STOP -> MOVING (intent=MOVE)
05:14:12.920 [AMR-03] STATE_TRANSITION MOVING -> EMERGENCY_STOP (intent=STOP)
05:14:12.921 [AMR-03] SAFETY_STOP min_obstacle_distance=1.05m <= 1.2m
05:14:13.021 [AMR-03] STATE_TRANSITION EMERGENCY_STOP -> MOVING (intent=MOVE)
05:14:13.122 [AMR-03] STATE_TRANSITION MOVING -> EMERGENCY_STOP (intent=STOP)
05:14:13.122 [AMR-03] SAFETY_STOP min_obstacle_distance=1.10m <= 1.2m
05:14:13.223 [AMR-03] STATE_TRANSITION EMERGENCY_STOP -> MOVING (intent=MOVE)
05:14:13.323 [AMR-03] STATE_TRANSITION MOVING -> EMERGENCY_STOP (intent=STOP)
05:14:13.323 [AMR-03] SAFETY_STOP min_obstacle_distance=1.07m <= 1.2m
05:14:13.425 [AMR-03] STATE_TRANSITION EMERGENCY_STOP -> MOVING (intent=MOVE)
05:14:13.525 [AMR-03] STATE_TRANSITION MOVING -> EMERGENCY_STOP (intent=STOP)
05:14:13.525 [AMR-03] SAFETY_STOP min_obstacle_distance=1.00m <= 1.2m
05:14:13.626 [AMR-03] STATE_TRANSITION EMERGENCY_STOP -> MOVING (intent=MOVE)
05:14:13.727 [AMR-03] STATE_TRANSITION MOVING -> EMERGENCY_STOP (intent=STOP)
05:14:13.727 [AMR-03] SAFETY_STOP min_obstacle_distance=1.01m <= 1.2m
05:14:13.828 [AMR-03] STATE_TRANSITION EMERGENCY_STOP -> MOVING (intent=MOVE)
05:14:13.928 [AMR-03] STATE_TRANSITION MOVING -> EMERGENCY_STOP (intent=STOP)
05:14:13.928 [AMR-03] SAFETY_STOP min_obstacle_distance=1.04m <= 1.2m
05:14:14.029 [AMR-03] STATE_TRANSITION EMERGENCY_STOP -> MOVING (intent=MOVE)
05:14:14.129 [AMR-03] STATE_TRANSITION MOVING -> EMERGENCY_STOP (intent=STOP)
05:14:14.130 [AMR-03] SAFETY_STOP min_obstacle_distance=1.10m <= 1.2m
05:14:14.230 [AMR-03] STATE_TRANSITION EMERGENCY_STOP -> MOVING (intent=MOVE)
05:14:14.331 [AMR-03] STATE_TRANSITION MOVING -> EMERGENCY_STOP (intent=STOP)
05:14:14.331 [AMR-03] SAFETY_STOP min_obstacle_distance=1.08m <= 1.2m
05:14:14.432 [AMR-03] STATE_TRANSITION EMERGENCY_STOP -> MOVING (intent=MOVE)
05:14:14.532 [AMR-03] STATE_TRANSITION MOVING -> EMERGENCY_STOP (intent=STOP)
05:14:14.532 [AMR-03] SAFETY_STOP min_obstacle_distance=1.00m <= 1.2m
05:14:14.633 [AMR-03] STATE_TRANSITION EMERGENCY_STOP -> MOVING (intent=MOVE)
05:14:14.733 [AMR-03] STATE_TRANSITION MOVING -> EMERGENCY_STOP (intent=STOP)
05:14:14.733 [AMR-03] SAFETY_STOP min_obstacle_distance=1.01m <= 1.2m
05:14:14.833 [AMR-03] STATE_TRANSITION EMERGENCY_STOP -> MOVING (intent=MOVE)
05:14:14.934 [AMR-03] STATE_TRANSITION MOVING -> EMERGENCY_STOP (intent=STOP)
05:14:14.934 [AMR-03] SAFETY_STOP min_obstacle_distance=1.04m <= 1.2m
05:14:15.034 [AMR-03] STATE_TRANSITION EMERGENCY_STOP -> MOVING (intent=MOVE)
05:14:15.134 [AMR-03] STATE_TRANSITION MOVING -> EMERGENCY_STOP (intent=STOP)
05:14:15.134 [AMR-03] SAFETY_STOP min_obstacle_distance=1.10m <= 1.2m
05:14:15.236 [AMR-03] STATE_TRANSITION EMERGENCY_STOP -> MOVING (intent=MOVE)
05:14:15.336 [AMR-03] STATE_TRANSITION MOVING -> EMERGENCY_STOP (intent=STOP)
05:14:15.337 [AMR-03] SAFETY_STOP min_obstacle_distance=1.08m <= 1.2m
05:14:15.437 [AMR-03] STATE_TRANSITION EMERGENCY_STOP -> MOVING (intent=MOVE)
05:14:15.537 [AMR-03] STATE_TRANSITION MOVING -> EMERGENCY_STOP (intent=STOP)
05:14:15.537 [AMR-03] SAFETY_STOP min_obstacle_distance=1.00m <= 1.2m
05:14:15.638 [AMR-03] STATE_TRANSITION EMERGENCY_STOP -> MOVING (intent=MOVE)
05:14:15.739 [AMR-03] STATE_TRANSITION MOVING -> EMERGENCY_STOP (intent=STOP)
05:14:15.739 [AMR-03] SAFETY_STOP min_obstacle_distance=1.01m <= 1.2m
05:14:15.840 [AMR-03] STATE_TRANSITION EMERGENCY_STOP -> MOVING (intent=MOVE)
05:14:15.940 [AMR-03] STATE_TRANSITION MOVING -> EMERGENCY_STOP (intent=STOP)
05:14:15.940 [AMR-03] SAFETY_STOP min_obstacle_distance=1.04m <= 1.2m
05:14:16.041 [AMR-03] STATE_TRANSITION EMERGENCY_STOP -> MOVING (intent=MOVE)
05:14:16.142 [AMR-03] STATE_TRANSITION MOVING -> EMERGENCY_STOP (intent=STOP)
05:14:16.142 [AMR-03] SAFETY_STOP min_obstacle_distance=1.10m <= 1.2m
05:14:16.242 [AMR-03] STATE_TRANSITION EMERGENCY_STOP -> MOVING (intent=MOVE)
05:14:16.343 [AMR-03] STATE_TRANSITION MOVING -> EMERGENCY_STOP (intent=STOP)
05:14:16.343 [AMR-03] SAFETY_STOP min_obstacle_distance=1.08m <= 1.2m
05:14:16.445 [AMR-03] STATE_TRANSITION EMERGENCY_STOP -> MOVING (intent=MOVE)
05:14:16.544 [AMR-03] STATE_TRANSITION MOVING -> EMERGENCY_STOP (intent=STOP)
05:14:16.544 [AMR-03] SAFETY_STOP min_obstacle_distance=1.00m <= 1.2m
05:14:16.646 [AMR-03] STATE_TRANSITION EMERGENCY_STOP -> MOVING (intent=MOVE)
05:14:16.746 [AMR-03] STATE_TRANSITION MOVING -> EMERGENCY_STOP (intent=STOP)
05:14:16.746 [AMR-03] SAFETY_STOP min_obstacle_distance=1.01m <= 1.2m
05:14:16.847 [AMR-03] STATE_TRANSITION EMERGENCY_STOP -> MOVING (intent=MOVE)
05:14:16.947 [AMR-03] STATE_TRANSITION MOVING -> EMERGENCY_STOP (intent=STOP)
05:14:16.947 [AMR-03] SAFETY_STOP min_obstacle_distance=1.04m <= 1.2m
05:14:17.048 [AMR-03] STATE_TRANSITION EMERGENCY_STOP -> MOVING (intent=MOVE)
05:14:17.148 [AMR-03] STATE_TRANSITION MOVING -> EMERGENCY_STOP (intent=STOP)
05:14:17.148 [AMR-03] SAFETY_STOP min_obstacle_distance=1.10m <= 1.2m
05:14:17.249 [AMR-03] STATE_TRANSITION EMERGENCY_STOP -> MOVING (intent=MOVE)
05:14:17.350 [AMR-03] STATE_TRANSITION MOVING -> EMERGENCY_STOP (intent=STOP)
05:14:17.350 [AMR-03] SAFETY_STOP min_obstacle_distance=1.08m <= 1.2m
05:14:17.451 [AMR-03] STATE_TRANSITION EMERGENCY_STOP -> MOVING (intent=MOVE)
05:14:17.551 [AMR-03] STATE_TRANSITION MOVING -> EMERGENCY_STOP (intent=STOP)
05:14:17.551 [AMR-03] SAFETY_STOP min_obstacle_distance=1.00m <= 1.2m
05:14:17.653 [AMR-03] STATE_TRANSITION EMERGENCY_STOP -> MOVING (intent=MOVE)
05:14:17.753 [AMR-03] STATE_TRANSITION MOVING -> EMERGENCY_STOP (intent=STOP)
05:14:17.753 [AMR-03] SAFETY_STOP min_obstacle_distance=1.01m <= 1.2m
05:14:17.855 [AMR-03] STATE_TRANSITION EMERGENCY_STOP -> MOVING (intent=MOVE)
05:14:17.956 [AMR-03] STATE_TRANSITION MOVING -> EMERGENCY_STOP (intent=STOP)
05:14:17.956 [AMR-03] SAFETY_STOP min_obstacle_distance=1.05m <= 1.2m
05:14:18.057 [AMR-03] STATE_TRANSITION EMERGENCY_STOP -> MOVING (intent=MOVE)
05:14:18.158 [AMR-03] STATE_TRANSITION MOVING -> EMERGENCY_STOP (intent=STOP)
05:14:18.158 [AMR-03] SAFETY_STOP min_obstacle_distance=1.10m <= 1.2m
05:14:18.259 [AMR-03] STATE_TRANSITION EMERGENCY_STOP -> MOVING (intent=MOVE)
05:14:18.360 [AMR-03] STATE_TRANSITION MOVING -> EMERGENCY_STOP (intent=STOP)
05:14:18.360 [AMR-03] SAFETY_STOP min_obstacle_distance=1.07m <= 1.2m
05:14:18.461 [AMR-03] STATE_TRANSITION EMERGENCY_STOP -> MOVING (intent=MOVE)
05:14:18.562 [AMR-03] STATE_TRANSITION MOVING -> EMERGENCY_STOP (intent=STOP)
05:14:18.562 [AMR-03] SAFETY_STOP min_obstacle_distance=1.01m <= 1.2m
05:14:18.663 [AMR-03] STATE_TRANSITION EMERGENCY_STOP -> MOVING (intent=MOVE)
05:14:18.764 [AMR-03] STATE_TRANSITION MOVING -> EMERGENCY_STOP (intent=STOP)
05:14:18.764 [AMR-03] SAFETY_STOP min_obstacle_distance=1.04m <= 1.2m
05:14:18.866 [AMR-03] STATE_TRANSITION EMERGENCY_STOP -> MOVING (intent=MOVE)
05:14:18.967 [AMR-03] STATE_TRANSITION MOVING -> EMERGENCY_STOP (intent=STOP)
05:14:18.967 [AMR-03] SAFETY_STOP min_obstacle_distance=1.10m <= 1.2m
05:14:19.069 [AMR-03] STATE_TRANSITION EMERGENCY_STOP -> MOVING (intent=MOVE)
05:14:19.170 [AMR-03] STATE_TRANSITION MOVING -> EMERGENCY_STOP (intent=STOP)
05:14:19.170 [AMR-03] SAFETY_STOP min_obstacle_distance=1.07m <= 1.2m
05:14:19.271 [AMR-03] STATE_TRANSITION EMERGENCY_STOP -> MOVING (intent=MOVE)
05:14:19.373 [AMR-03] STATE_TRANSITION MOVING -> EMERGENCY_STOP (intent=STOP)
05:14:19.373 [AMR-03] SAFETY_STOP min_obstacle_distance=1.03m <= 1.2m
05:14:19.474 [AMR-03] STATE_TRANSITION EMERGENCY_STOP -> MOVING (intent=MOVE)
05:14:19.575 [AMR-03] STATE_TRANSITION MOVING -> EMERGENCY_STOP (intent=STOP)
05:14:19.575 [AMR-03] SAFETY_STOP min_obstacle_distance=1.00m <= 1.2m
05:14:19.677 [AMR-03] STATE_TRANSITION EMERGENCY_STOP -> MOVING (intent=MOVE)
05:14:19.779 [AMR-03] STATE_TRANSITION MOVING -> EMERGENCY_STOP (intent=STOP)
05:14:19.779 [AMR-03] SAFETY_STOP min_obstacle_distance=1.01m <= 1.2m
05:14:19.880 [AMR-03] STATE_TRANSITION EMERGENCY_STOP -> MOVING (intent=MOVE)
05:14:19.982 [AMR-03] STATE_TRANSITION MOVING -> EMERGENCY_STOP (intent=STOP)
05:14:19.982 [AMR-03] SAFETY_STOP min_obstacle_distance=1.05m <= 1.2m
05:14:20.084 [AMR-03] STATE_TRANSITION EMERGENCY_STOP -> MOVING (intent=MOVE)
05:14:20.186 [AMR-03] STATE_TRANSITION MOVING -> EMERGENCY_STOP (intent=STOP)
05:14:20.186 [AMR-03] SAFETY_STOP min_obstacle_distance=1.10m <= 1.2m
05:14:20.287 [AMR-03] STATE_TRANSITION EMERGENCY_STOP -> MOVING (intent=MOVE)
05:14:20.389 [AMR-03] STATE_TRANSITION MOVING -> EMERGENCY_STOP (intent=STOP)
05:14:20.389 [AMR-03] SAFETY_STOP min_obstacle_distance=1.07m <= 1.2m
05:14:20.490 [AMR-03] STATE_TRANSITION EMERGENCY_STOP -> MOVING (intent=MOVE)
05:14:20.591 [AMR-03] STATE_TRANSITION MOVING -> EMERGENCY_STOP (intent=STOP)
05:14:20.592 [AMR-03] SAFETY_STOP min_obstacle_distance=1.01m <= 1.2m
05:14:20.692 [AMR-03] STATE_TRANSITION EMERGENCY_STOP -> MOVING (intent=MOVE)
05:14:20.793 [AMR-03] STATE_TRANSITION MOVING -> EMERGENCY_STOP (intent=STOP)
05:14:20.793 [AMR-03] SAFETY_STOP min_obstacle_distance=1.05m <= 1.2m
05:14:20.895 [AMR-03] STATE_TRANSITION EMERGENCY_STOP -> MOVING (intent=MOVE)
05:14:20.996 [AMR-03] STATE_TRANSITION MOVING -> EMERGENCY_STOP (intent=STOP)
05:14:20.996 [AMR-03] SAFETY_STOP min_obstacle_distance=1.10m <= 1.2m
05:14:21.097 [AMR-03] STATE_TRANSITION EMERGENCY_STOP -> MOVING (intent=MOVE)
05:14:21.198 [AMR-03] STATE_TRANSITION MOVING -> EMERGENCY_STOP (intent=STOP)
05:14:21.198 [AMR-03] SAFETY_STOP min_obstacle_distance=1.07m <= 1.2m
05:14:21.300 [AMR-03] STATE_TRANSITION EMERGENCY_STOP -> MOVING (intent=MOVE)
05:14:21.400 [AMR-03] STATE_TRANSITION MOVING -> EMERGENCY_STOP (intent=STOP)
05:14:21.401 [AMR-03] SAFETY_STOP min_obstacle_distance=1.03m <= 1.2m
05:14:21.501 [AMR-03] STATE_TRANSITION EMERGENCY_STOP -> MOVING (intent=MOVE)
05:14:21.603 [AMR-03] STATE_TRANSITION MOVING -> EMERGENCY_STOP (intent=STOP)
05:14:21.603 [AMR-03] SAFETY_STOP min_obstacle_distance=1.01m <= 1.2m
05:14:21.704 [AMR-03] STATE_TRANSITION EMERGENCY_STOP -> MOVING (intent=MOVE)
05:14:21.806 [AMR-03] STATE_TRANSITION MOVING -> EMERGENCY_STOP (intent=STOP)
05:14:21.806 [AMR-03] SAFETY_STOP min_obstacle_distance=1.04m <= 1.2m
05:14:21.907 [AMR-03] STATE_TRANSITION EMERGENCY_STOP -> MOVING (intent=MOVE)
05:14:22.009 [AMR-03] STATE_TRANSITION MOVING -> EMERGENCY_STOP (intent=STOP)
05:14:22.009 [AMR-03] SAFETY_STOP min_obstacle_distance=1.10m <= 1.2m
05:14:22.111 [AMR-03] STATE_TRANSITION EMERGENCY_STOP -> MOVING (intent=MOVE)
05:14:22.212 [AMR-03] STATE_TRANSITION MOVING -> EMERGENCY_STOP (intent=STOP)
05:14:22.212 [AMR-03] SAFETY_STOP min_obstacle_distance=1.07m <= 1.2m
05:14:22.313 [AMR-03] STATE_TRANSITION EMERGENCY_STOP -> MOVING (intent=MOVE)
05:14:22.414 [AMR-03] STATE_TRANSITION MOVING -> EMERGENCY_STOP (intent=STOP)
05:14:22.414 [AMR-03] SAFETY_STOP min_obstacle_distance=1.03m <= 1.2m
05:14:22.514 [AMR-03] STATE_TRANSITION EMERGENCY_STOP -> MOVING (intent=MOVE)
05:14:22.615 [AMR-03] STATE_TRANSITION MOVING -> EMERGENCY_STOP (intent=STOP)
05:14:22.616 [AMR-03] SAFETY_STOP min_obstacle_distance=1.01m <= 1.2m
05:14:22.716 [AMR-03] STATE_TRANSITION EMERGENCY_STOP -> MOVING (intent=MOVE)
05:14:22.817 [AMR-03] STATE_TRANSITION MOVING -> EMERGENCY_STOP (intent=STOP)
05:14:22.817 [AMR-03] SAFETY_STOP min_obstacle_distance=1.04m <= 1.2m
05:14:22.919 [AMR-03] STATE_TRANSITION EMERGENCY_STOP -> MOVING (intent=MOVE)
05:14:23.020 [AMR-03] STATE_TRANSITION MOVING -> EMERGENCY_STOP (intent=STOP)
05:14:23.020 [AMR-03] SAFETY_STOP min_obstacle_distance=1.10m <= 1.2m
05:14:23.123 [AMR-03] STATE_TRANSITION EMERGENCY_STOP -> MOVING (intent=MOVE)
05:14:23.224 [AMR-03] STATE_TRANSITION MOVING -> EMERGENCY_STOP (intent=STOP)
05:14:23.224 [AMR-03] SAFETY_STOP min_obstacle_distance=1.07m <= 1.2m
05:14:23.325 [AMR-03] STATE_TRANSITION EMERGENCY_STOP -> MOVING (intent=MOVE)
05:14:23.426 [AMR-03] STATE_TRANSITION MOVING -> EMERGENCY_STOP (intent=STOP)
05:14:23.427 [AMR-03] SAFETY_STOP min_obstacle_distance=1.03m <= 1.2m
05:14:23.526 [AMR-03] STATE_TRANSITION EMERGENCY_STOP -> MOVING (intent=MOVE)
05:14:23.628 [AMR-03] STATE_TRANSITION MOVING -> EMERGENCY_STOP (intent=STOP)
05:14:23.628 [AMR-03] SAFETY_STOP min_obstacle_distance=1.01m <= 1.2m
05:14:23.730 [AMR-03] STATE_TRANSITION EMERGENCY_STOP -> MOVING (intent=MOVE)
05:14:23.831 [AMR-03] STATE_TRANSITION MOVING -> EMERGENCY_STOP (intent=STOP)
05:14:23.831 [AMR-03] SAFETY_STOP min_obstacle_distance=1.04m <= 1.2m
05:14:23.932 [AMR-03] STATE_TRANSITION EMERGENCY_STOP -> MOVING (intent=MOVE)
05:14:24.034 [AMR-03] STATE_TRANSITION MOVING -> EMERGENCY_STOP (intent=STOP)
05:14:24.034 [AMR-03] SAFETY_STOP min_obstacle_distance=1.10m <= 1.2m
05:14:24.135 [AMR-03] STATE_TRANSITION EMERGENCY_STOP -> MOVING (intent=MOVE)
05:14:24.236 [AMR-03] STATE_TRANSITION MOVING -> EMERGENCY_STOP (intent=STOP)
05:14:24.236 [AMR-03] SAFETY_STOP min_obstacle_distance=1.07m <= 1.2m
05:14:24.338 [AMR-03] STATE_TRANSITION EMERGENCY_STOP -> MOVING (intent=MOVE)
05:14:24.440 [AMR-03] STATE_TRANSITION MOVING -> EMERGENCY_STOP (intent=STOP)
05:14:24.440 [AMR-03] SAFETY_STOP min_obstacle_distance=1.03m <= 1.2m
05:14:24.540 [AMR-03] STATE_TRANSITION EMERGENCY_STOP -> MOVING (intent=MOVE)
05:14:24.641 [AMR-03] STATE_TRANSITION MOVING -> EMERGENCY_STOP (intent=STOP)
05:14:24.641 [AMR-03] SAFETY_STOP min_obstacle_distance=1.01m <= 1.2m
05:14:24.743 [AMR-03] STATE_TRANSITION EMERGENCY_STOP -> MOVING (intent=MOVE)
05:14:24.845 [AMR-03] STATE_TRANSITION MOVING -> EMERGENCY_STOP (intent=STOP)
05:14:24.845 [AMR-03] SAFETY_STOP min_obstacle_distance=1.05m <= 1.2m
05:14:24.947 [AMR-03] STATE_TRANSITION EMERGENCY_STOP -> MOVING (intent=MOVE)
05:14:25.048 [AMR-03] STATE_TRANSITION MOVING -> EMERGENCY_STOP (intent=STOP)
05:14:25.048 [AMR-03] SAFETY_STOP min_obstacle_distance=1.10m <= 1.2m
05:14:25.149 [AMR-03] STATE_TRANSITION EMERGENCY_STOP -> MOVING (intent=MOVE)
05:14:25.250 [AMR-03] STATE_TRANSITION MOVING -> EMERGENCY_STOP (intent=STOP)
05:14:25.250 [AMR-03] SAFETY_STOP min_obstacle_distance=1.07m <= 1.2m
05:14:25.351 [AMR-03] STATE_TRANSITION EMERGENCY_STOP -> MOVING (intent=MOVE)
05:14:25.452 [AMR-03] STATE_TRANSITION MOVING -> EMERGENCY_STOP (intent=STOP)
05:14:25.452 [AMR-03] SAFETY_STOP min_obstacle_distance=1.03m <= 1.2m
05:14:25.552 [AMR-03] STATE_TRANSITION EMERGENCY_STOP -> MOVING (intent=MOVE)
05:14:25.654 [AMR-03] STATE_TRANSITION MOVING -> EMERGENCY_STOP (intent=STOP)
05:14:25.654 [AMR-03] SAFETY_STOP min_obstacle_distance=1.01m <= 1.2m
05:14:25.756 [AMR-03] STATE_TRANSITION EMERGENCY_STOP -> MOVING (intent=MOVE)
05:14:25.857 [AMR-03] STATE_TRANSITION MOVING -> EMERGENCY_STOP (intent=STOP)
05:14:25.857 [AMR-03] SAFETY_STOP min_obstacle_distance=1.05m <= 1.2m
05:14:25.959 [AMR-03] STATE_TRANSITION EMERGENCY_STOP -> MOVING (intent=MOVE)
05:14:26.060 [AMR-03] STATE_TRANSITION MOVING -> EMERGENCY_STOP (intent=STOP)
05:14:26.060 [AMR-03] SAFETY_STOP min_obstacle_distance=1.10m <= 1.2m
05:14:26.160 [AMR-03] STATE_TRANSITION EMERGENCY_STOP -> MOVING (intent=MOVE)
05:14:26.263 [AMR-03] STATE_TRANSITION MOVING -> EMERGENCY_STOP (intent=STOP)
05:14:26.263 [AMR-03] SAFETY_STOP min_obstacle_distance=1.07m <= 1.2m
05:14:26.364 [AMR-03] STATE_TRANSITION EMERGENCY_STOP -> MOVING (intent=MOVE)
05:14:26.465 [AMR-03] STATE_TRANSITION MOVING -> EMERGENCY_STOP (intent=STOP)
05:14:26.465 [AMR-03] SAFETY_STOP min_obstacle_distance=1.00m <= 1.2m
05:14:26.566 [AMR-03] STATE_TRANSITION EMERGENCY_STOP -> MOVING (intent=MOVE)
05:14:26.668 [AMR-03] STATE_TRANSITION MOVING -> EMERGENCY_STOP (intent=STOP)
05:14:26.668 [AMR-03] SAFETY_STOP min_obstacle_distance=1.01m <= 1.2m
05:14:26.769 [AMR-03] STATE_TRANSITION EMERGENCY_STOP -> MOVING (intent=MOVE)
05:14:26.870 [AMR-03] STATE_TRANSITION MOVING -> EMERGENCY_STOP (intent=STOP)
05:14:26.870 [AMR-03] SAFETY_STOP min_obstacle_distance=1.05m <= 1.2m
05:14:26.972 [AMR-03] STATE_TRANSITION EMERGENCY_STOP -> MOVING (intent=MOVE)
05:14:27.073 [AMR-03] STATE_TRANSITION MOVING -> EMERGENCY_STOP (intent=STOP)
05:14:27.073 [AMR-03] SAFETY_STOP min_obstacle_distance=1.10m <= 1.2m
05:14:27.175 [AMR-03] STATE_TRANSITION EMERGENCY_STOP -> MOVING (intent=MOVE)
05:14:27.276 [AMR-03] STATE_TRANSITION MOVING -> EMERGENCY_STOP (intent=STOP)
05:14:27.276 [AMR-03] SAFETY_STOP min_obstacle_distance=1.07m <= 1.2m
05:14:27.378 [AMR-03] STATE_TRANSITION EMERGENCY_STOP -> MOVING (intent=MOVE)
05:14:27.478 [AMR-03] STATE_TRANSITION MOVING -> EMERGENCY_STOP (intent=STOP)
05:14:27.479 [AMR-03] SAFETY_STOP min_obstacle_distance=1.00m <= 1.2m
05:14:27.580 [AMR-03] STATE_TRANSITION EMERGENCY_STOP -> MOVING (intent=MOVE)
05:14:27.681 [AMR-03] STATE_TRANSITION MOVING -> EMERGENCY_STOP (intent=STOP)
05:14:27.681 [AMR-03] SAFETY_STOP min_obstacle_distance=1.01m <= 1.2m
05:14:27.782 [AMR-03] STATE_TRANSITION EMERGENCY_STOP -> MOVING (intent=MOVE)
05:14:27.884 [AMR-03] STATE_TRANSITION MOVING -> EMERGENCY_STOP (intent=STOP)
05:14:27.884 [AMR-03] SAFETY_STOP min_obstacle_distance=1.05m <= 1.2m
05:14:27.985 [AMR-03] STATE_TRANSITION EMERGENCY_STOP -> MOVING (intent=MOVE)
05:14:28.087 [AMR-03] STATE_TRANSITION MOVING -> EMERGENCY_STOP (intent=STOP)
05:14:28.087 [AMR-03] SAFETY_STOP min_obstacle_distance=1.10m <= 1.2m
05:14:28.188 [AMR-03] STATE_TRANSITION EMERGENCY_STOP -> MOVING (intent=MOVE)
05:14:28.289 [AMR-03] STATE_TRANSITION MOVING -> EMERGENCY_STOP (intent=STOP)
05:14:28.289 [AMR-03] SAFETY_STOP min_obstacle_distance=1.07m <= 1.2m
05:14:28.391 [AMR-03] STATE_TRANSITION EMERGENCY_STOP -> MOVING (intent=MOVE)
05:14:28.491 [AMR-03] STATE_TRANSITION MOVING -> EMERGENCY_STOP (intent=STOP)
05:14:28.491 [AMR-03] SAFETY_STOP min_obstacle_distance=1.00m <= 1.2m
05:14:28.593 [AMR-03] STATE_TRANSITION EMERGENCY_STOP -> MOVING (intent=MOVE)
05:14:28.694 [AMR-03] STATE_TRANSITION MOVING -> EMERGENCY_STOP (intent=STOP)
05:14:28.694 [AMR-03] SAFETY_STOP min_obstacle_distance=1.01m <= 1.2m
05:14:28.796 [AMR-03] STATE_TRANSITION EMERGENCY_STOP -> MOVING (intent=MOVE)
05:14:28.896 [AMR-03] STATE_TRANSITION MOVING -> EMERGENCY_STOP (intent=STOP)
05:14:28.896 [AMR-03] SAFETY_STOP min_obstacle_distance=1.04m <= 1.2m
05:14:28.996 [AMR-03] STATE_TRANSITION EMERGENCY_STOP -> MOVING (intent=MOVE)
05:14:29.098 [AMR-03] STATE_TRANSITION MOVING -> EMERGENCY_STOP (intent=STOP)
05:14:29.098 [AMR-03] SAFETY_STOP min_obstacle_distance=1.10m <= 1.2m
05:14:29.198 [AMR-03] STATE_TRANSITION EMERGENCY_STOP -> MOVING (intent=MOVE)
05:14:29.298 [AMR-03] STATE_TRANSITION MOVING -> EMERGENCY_STOP (intent=STOP)
05:14:29.298 [AMR-03] SAFETY_STOP min_obstacle_distance=1.08m <= 1.2m
05:14:29.399 [AMR-03] STATE_TRANSITION EMERGENCY_STOP -> MOVING (intent=MOVE)
05:14:29.499 [AMR-03] STATE_TRANSITION MOVING -> EMERGENCY_STOP (intent=STOP)
05:14:29.499 [AMR-03] SAFETY_STOP min_obstacle_distance=1.00m <= 1.2m
05:14:29.600 [AMR-03] STATE_TRANSITION EMERGENCY_STOP -> MOVING (intent=MOVE)
05:14:29.700 [AMR-03] STATE_TRANSITION MOVING -> EMERGENCY_STOP (intent=STOP)
05:14:29.700 [AMR-03] SAFETY_STOP min_obstacle_distance=1.01m <= 1.2m
05:14:29.800 [AMR-03] STATE_TRANSITION EMERGENCY_STOP -> MOVING (intent=MOVE)
05:14:29.901 [AMR-03] STATE_TRANSITION MOVING -> EMERGENCY_STOP (intent=STOP)
05:14:29.901 [AMR-03] SAFETY_STOP min_obstacle_distance=1.04m <= 1.2m
05:14:30.001 [AMR-03] STATE_TRANSITION EMERGENCY_STOP -> MOVING (intent=MOVE)
05:14:30.103 [AMR-03] STATE_TRANSITION MOVING -> EMERGENCY_STOP (intent=STOP)
05:14:30.103 [AMR-03] SAFETY_STOP min_obstacle_distance=1.10m <= 1.2m
05:14:30.203 [AMR-03] STATE_TRANSITION EMERGENCY_STOP -> MOVING (intent=MOVE)
05:14:30.304 [AMR-03] STATE_TRANSITION MOVING -> EMERGENCY_STOP (intent=STOP)
05:14:30.304 [AMR-03] SAFETY_STOP min_obstacle_distance=1.08m <= 1.2m
05:14:30.404 [AMR-03] STATE_TRANSITION EMERGENCY_STOP -> MOVING (intent=MOVE)
05:14:30.504 [AMR-03] STATE_TRANSITION MOVING -> EMERGENCY_STOP (intent=STOP)
05:14:30.504 [AMR-03] SAFETY_STOP min_obstacle_distance=1.00m <= 1.2m
05:14:30.605 [AMR-03] STATE_TRANSITION EMERGENCY_STOP -> MOVING (intent=MOVE)
05:14:30.705 [AMR-03] STATE_TRANSITION MOVING -> EMERGENCY_STOP (intent=STOP)
05:14:30.705 [AMR-03] SAFETY_STOP min_obstacle_distance=1.01m <= 1.2m
05:14:30.806 [AMR-03] STATE_TRANSITION EMERGENCY_STOP -> MOVING (intent=MOVE)
05:14:30.906 [AMR-03] STATE_TRANSITION MOVING -> EMERGENCY_STOP (intent=STOP)
05:14:30.906 [AMR-03] SAFETY_STOP min_obstacle_distance=1.04m <= 1.2m
05:14:31.007 [AMR-03] STATE_TRANSITION EMERGENCY_STOP -> MOVING (intent=MOVE)
05:14:31.107 [AMR-03] STATE_TRANSITION MOVING -> EMERGENCY_STOP (intent=STOP)
05:14:31.107 [AMR-03] SAFETY_STOP min_obstacle_distance=1.10m <= 1.2m
05:14:31.209 [AMR-03] STATE_TRANSITION EMERGENCY_STOP -> MOVING (intent=MOVE)
05:14:31.309 [AMR-03] STATE_TRANSITION MOVING -> EMERGENCY_STOP (intent=STOP)
05:14:31.309 [AMR-03] SAFETY_STOP min_obstacle_distance=1.08m <= 1.2m
05:14:31.410 [AMR-03] STATE_TRANSITION EMERGENCY_STOP -> MOVING (intent=MOVE)
05:14:31.511 [AMR-03] STATE_TRANSITION MOVING -> EMERGENCY_STOP (intent=STOP)
05:14:31.511 [AMR-03] SAFETY_STOP min_obstacle_distance=1.00m <= 1.2m
05:14:31.612 [AMR-03] STATE_TRANSITION EMERGENCY_STOP -> MOVING (intent=MOVE)
05:14:31.712 [AMR-03] STATE_TRANSITION MOVING -> EMERGENCY_STOP (intent=STOP)
05:14:31.713 [AMR-03] SAFETY_STOP min_obstacle_distance=1.01m <= 1.2m
05:14:31.814 [AMR-03] STATE_TRANSITION EMERGENCY_STOP -> MOVING (intent=MOVE)
05:14:31.914 [AMR-03] STATE_TRANSITION MOVING -> EMERGENCY_STOP (intent=STOP)
05:14:31.914 [AMR-03] SAFETY_STOP min_obstacle_distance=1.04m <= 1.2m
05:14:32.015 [AMR-03] STATE_TRANSITION EMERGENCY_STOP -> MOVING (intent=MOVE)
05:14:32.116 [AMR-03] STATE_TRANSITION MOVING -> EMERGENCY_STOP (intent=STOP)
05:14:32.116 [AMR-03] SAFETY_STOP min_obstacle_distance=1.10m <= 1.2m
05:14:32.216 [AMR-03] STATE_TRANSITION EMERGENCY_STOP -> MOVING (intent=MOVE)
05:14:32.317 [AMR-03] STATE_TRANSITION MOVING -> EMERGENCY_STOP (intent=STOP)
05:14:32.317 [AMR-03] SAFETY_STOP min_obstacle_distance=1.08m <= 1.2m
05:14:32.418 [AMR-03] STATE_TRANSITION EMERGENCY_STOP -> MOVING (intent=MOVE)
05:14:32.518 [AMR-03] STATE_TRANSITION MOVING -> EMERGENCY_STOP (intent=STOP)
05:14:32.518 [AMR-03] SAFETY_STOP min_obstacle_distance=1.00m <= 1.2m
05:14:32.620 [AMR-03] STATE_TRANSITION EMERGENCY_STOP -> MOVING (intent=MOVE)
05:14:32.720 [AMR-03] STATE_TRANSITION MOVING -> EMERGENCY_STOP (intent=STOP)
05:14:32.720 [AMR-03] SAFETY_STOP min_obstacle_distance=1.01m <= 1.2m
05:14:32.820 [AMR-03] STATE_TRANSITION EMERGENCY_STOP -> MOVING (intent=MOVE)
05:14:32.921 [AMR-03] STATE_TRANSITION MOVING -> EMERGENCY_STOP (intent=STOP)
05:14:32.921 [AMR-03] SAFETY_STOP min_obstacle_distance=1.04m <= 1.2m
05:14:33.021 [AMR-03] STATE_TRANSITION EMERGENCY_STOP -> MOVING (intent=MOVE)
05:14:33.122 [AMR-03] STATE_TRANSITION MOVING -> EMERGENCY_STOP (intent=STOP)
05:14:33.122 [AMR-03] SAFETY_STOP min_obstacle_distance=1.10m <= 1.2m
05:14:33.224 [AMR-03] STATE_TRANSITION EMERGENCY_STOP -> MOVING (intent=MOVE)
05:14:33.324 [AMR-03] STATE_TRANSITION MOVING -> EMERGENCY_STOP (intent=STOP)
05:14:33.324 [AMR-03] SAFETY_STOP min_obstacle_distance=1.08m <= 1.2m
05:14:33.425 [AMR-03] STATE_TRANSITION EMERGENCY_STOP -> MOVING (intent=MOVE)
05:14:33.525 [AMR-03] STATE_TRANSITION MOVING -> EMERGENCY_STOP (intent=STOP)
05:14:33.525 [AMR-03] SAFETY_STOP min_obstacle_distance=1.00m <= 1.2m
05:14:33.626 [AMR-03] STATE_TRANSITION EMERGENCY_STOP -> MOVING (intent=MOVE)
05:14:33.726 [AMR-03] STATE_TRANSITION MOVING -> EMERGENCY_STOP (intent=STOP)
05:14:33.726 [AMR-03] SAFETY_STOP min_obstacle_distance=1.01m <= 1.2m
05:14:33.826 [AMR-03] STATE_TRANSITION EMERGENCY_STOP -> MOVING (intent=MOVE)
05:14:33.927 [AMR-03] STATE_TRANSITION MOVING -> EMERGENCY_STOP (intent=STOP)
05:14:33.927 [AMR-03] SAFETY_STOP min_obstacle_distance=1.04m <= 1.2m
05:14:34.027 [AMR-03] STATE_TRANSITION EMERGENCY_STOP -> MOVING (intent=MOVE)
05:14:34.127 [AMR-03] STATE_TRANSITION MOVING -> EMERGENCY_STOP (intent=STOP)
05:14:34.127 [AMR-03] SAFETY_STOP min_obstacle_distance=1.10m <= 1.2m
05:14:34.228 [AMR-03] STATE_TRANSITION EMERGENCY_STOP -> MOVING (intent=MOVE)
05:14:34.328 [AMR-03] STATE_TRANSITION MOVING -> EMERGENCY_STOP (intent=STOP)
05:14:34.329 [AMR-03] SAFETY_STOP min_obstacle_distance=1.08m <= 1.2m
05:14:34.430 [AMR-03] STATE_TRANSITION EMERGENCY_STOP -> MOVING (intent=MOVE)
05:14:34.530 [AMR-03] STATE_TRANSITION MOVING -> EMERGENCY_STOP (intent=STOP)
05:14:34.530 [AMR-03] SAFETY_STOP min_obstacle_distance=1.00m <= 1.2m
05:14:34.631 [AMR-03] STATE_TRANSITION EMERGENCY_STOP -> MOVING (intent=MOVE)
05:14:34.732 [AMR-03] STATE_TRANSITION MOVING -> EMERGENCY_STOP (intent=STOP)
05:14:34.732 [AMR-03] SAFETY_STOP min_obstacle_distance=1.01m <= 1.2m
05:14:34.833 [AMR-03] STATE_TRANSITION EMERGENCY_STOP -> MOVING (intent=MOVE)
05:14:34.934 [AMR-03] STATE_TRANSITION MOVING -> EMERGENCY_STOP (intent=STOP)
05:14:34.934 [AMR-03] SAFETY_STOP min_obstacle_distance=1.05m <= 1.2m
05:14:35.035 [AMR-03] STATE_TRANSITION EMERGENCY_STOP -> MOVING (intent=MOVE)
05:14:35.135 [AMR-03] STATE_TRANSITION MOVING -> EMERGENCY_STOP (intent=STOP)
05:14:35.135 [AMR-03] SAFETY_STOP min_obstacle_distance=1.10m <= 1.2m
05:14:35.235 [AMR-03] STATE_TRANSITION EMERGENCY_STOP -> MOVING (intent=MOVE)
05:14:35.335 [AMR-03] STATE_TRANSITION MOVING -> EMERGENCY_STOP (intent=STOP)
05:14:35.335 [AMR-03] SAFETY_STOP min_obstacle_distance=1.08m <= 1.2m
05:14:35.437 [AMR-03] STATE_TRANSITION EMERGENCY_STOP -> MOVING (intent=MOVE)
05:14:35.537 [AMR-03] STATE_TRANSITION MOVING -> EMERGENCY_STOP (intent=STOP)
05:14:35.537 [AMR-03] SAFETY_STOP min_obstacle_distance=1.00m <= 1.2m
05:14:35.638 [AMR-03] STATE_TRANSITION EMERGENCY_STOP -> MOVING (intent=MOVE)
05:14:35.738 [AMR-03] STATE_TRANSITION MOVING -> EMERGENCY_STOP (intent=STOP)
05:14:35.738 [AMR-03] SAFETY_STOP min_obstacle_distance=1.01m <= 1.2m
05:14:35.839 [AMR-03] STATE_TRANSITION EMERGENCY_STOP -> MOVING (intent=MOVE)
05:14:35.940 [AMR-03] STATE_TRANSITION MOVING -> EMERGENCY_STOP (intent=STOP)
05:14:35.940 [AMR-03] SAFETY_STOP min_obstacle_distance=1.04m <= 1.2m
05:14:36.042 [AMR-03] STATE_TRANSITION EMERGENCY_STOP -> MOVING (intent=MOVE)
05:14:36.142 [AMR-03] STATE_TRANSITION MOVING -> EMERGENCY_STOP (intent=STOP)
05:14:36.142 [AMR-03] SAFETY_STOP min_obstacle_distance=1.10m <= 1.2m
05:14:36.242 [AMR-03] STATE_TRANSITION EMERGENCY_STOP -> MOVING (intent=MOVE)
05:14:36.344 [AMR-03] STATE_TRANSITION MOVING -> EMERGENCY_STOP (intent=STOP)
05:14:36.344 [AMR-03] SAFETY_STOP min_obstacle_distance=1.08m <= 1.2m
05:14:36.445 [AMR-03] STATE_TRANSITION EMERGENCY_STOP -> MOVING (intent=MOVE)
05:14:36.545 [AMR-03] STATE_TRANSITION MOVING -> EMERGENCY_STOP (intent=STOP)
05:14:36.545 [AMR-03] SAFETY_STOP min_obstacle_distance=1.00m <= 1.2m
05:14:36.646 [AMR-03] STATE_TRANSITION EMERGENCY_STOP -> MOVING (intent=MOVE)
05:14:36.746 [AMR-03] STATE_TRANSITION MOVING -> EMERGENCY_STOP (intent=STOP)
05:14:36.747 [AMR-03] SAFETY_STOP min_obstacle_distance=1.01m <= 1.2m
05:14:36.847 [AMR-03] STATE_TRANSITION EMERGENCY_STOP -> MOVING (intent=MOVE)
05:14:36.948 [AMR-03] STATE_TRANSITION MOVING -> EMERGENCY_STOP (intent=STOP)
05:14:36.948 [AMR-03] SAFETY_STOP min_obstacle_distance=1.04m <= 1.2m
05:14:37.049 [AMR-03] STATE_TRANSITION EMERGENCY_STOP -> MOVING (intent=MOVE)
05:14:37.149 [AMR-03] STATE_TRANSITION MOVING -> EMERGENCY_STOP (intent=STOP)
05:14:37.149 [AMR-03] SAFETY_STOP min_obstacle_distance=1.10m <= 1.2m
05:14:37.250 [AMR-03] STATE_TRANSITION EMERGENCY_STOP -> MOVING (intent=MOVE)
05:14:37.350 [AMR-03] STATE_TRANSITION MOVING -> EMERGENCY_STOP (intent=STOP)
05:14:37.350 [AMR-03] SAFETY_STOP min_obstacle_distance=1.08m <= 1.2m
05:14:37.451 [AMR-03] STATE_TRANSITION EMERGENCY_STOP -> MOVING (intent=MOVE)
05:14:37.551 [AMR-03] STATE_TRANSITION MOVING -> EMERGENCY_STOP (intent=STOP)
05:14:37.551 [AMR-03] SAFETY_STOP min_obstacle_distance=1.01m <= 1.2m
05:14:37.652 [AMR-03] STATE_TRANSITION EMERGENCY_STOP -> MOVING (intent=MOVE)
05:14:37.752 [AMR-03] STATE_TRANSITION MOVING -> EMERGENCY_STOP (intent=STOP)
05:14:37.752 [AMR-03] SAFETY_STOP min_obstacle_distance=1.04m <= 1.2m
05:14:37.853 [AMR-03] STATE_TRANSITION EMERGENCY_STOP -> MOVING (intent=MOVE)
05:14:37.954 [AMR-03] STATE_TRANSITION MOVING -> EMERGENCY_STOP (intent=STOP)
05:14:37.954 [AMR-03] SAFETY_STOP min_obstacle_distance=1.10m <= 1.2m
05:14:38.055 [AMR-03] STATE_TRANSITION EMERGENCY_STOP -> MOVING (intent=MOVE)
05:14:38.156 [AMR-03] STATE_TRANSITION MOVING -> EMERGENCY_STOP (intent=STOP)
05:14:38.156 [AMR-03] SAFETY_STOP min_obstacle_distance=1.08m <= 1.2m
05:14:38.257 [AMR-03] STATE_TRANSITION EMERGENCY_STOP -> MOVING (intent=MOVE)
05:14:38.357 [AMR-03] STATE_TRANSITION MOVING -> EMERGENCY_STOP (intent=STOP)
05:14:38.357 [AMR-03] SAFETY_STOP min_obstacle_distance=1.03m <= 1.2m
05:14:38.457 [AMR-03] STATE_TRANSITION EMERGENCY_STOP -> MOVING (intent=MOVE)
05:14:38.558 [AMR-03] STATE_TRANSITION MOVING -> EMERGENCY_STOP (intent=STOP)
05:14:38.558 [AMR-03] SAFETY_STOP min_obstacle_distance=1.01m <= 1.2m
05:14:38.659 [AMR-03] STATE_TRANSITION EMERGENCY_STOP -> MOVING (intent=MOVE)
05:14:38.760 [AMR-03] STATE_TRANSITION MOVING -> EMERGENCY_STOP (intent=STOP)
05:14:38.760 [AMR-03] SAFETY_STOP min_obstacle_distance=1.04m <= 1.2m
05:14:38.860 [AMR-03] STATE_TRANSITION EMERGENCY_STOP -> MOVING (intent=MOVE)
05:14:38.960 [AMR-03] STATE_TRANSITION MOVING -> EMERGENCY_STOP (intent=STOP)
05:14:38.960 [AMR-03] SAFETY_STOP min_obstacle_distance=1.10m <= 1.2m
05:14:39.062 [AMR-03] STATE_TRANSITION EMERGENCY_STOP -> MOVING (intent=MOVE)
05:14:39.162 [AMR-03] STATE_TRANSITION MOVING -> EMERGENCY_STOP (intent=STOP)
05:14:39.162 [AMR-03] SAFETY_STOP min_obstacle_distance=1.08m <= 1.2m
05:14:39.263 [AMR-03] STATE_TRANSITION EMERGENCY_STOP -> MOVING (intent=MOVE)
05:14:39.363 [AMR-03] STATE_TRANSITION MOVING -> EMERGENCY_STOP (intent=STOP)
05:14:39.363 [AMR-03] SAFETY_STOP min_obstacle_distance=1.03m <= 1.2m
05:14:39.465 [AMR-03] STATE_TRANSITION EMERGENCY_STOP -> MOVING (intent=MOVE)
05:14:39.566 [AMR-03] STATE_TRANSITION MOVING -> EMERGENCY_STOP (intent=STOP)
05:14:39.566 [AMR-03] SAFETY_STOP min_obstacle_distance=1.01m <= 1.2m
05:14:39.667 [AMR-03] STATE_TRANSITION EMERGENCY_STOP -> MOVING (intent=MOVE)
05:14:39.767 [AMR-03] STATE_TRANSITION MOVING -> EMERGENCY_STOP (intent=STOP)
05:14:39.767 [AMR-03] SAFETY_STOP min_obstacle_distance=1.05m <= 1.2m
05:14:39.867 [AMR-03] STATE_TRANSITION EMERGENCY_STOP -> MOVING (intent=MOVE)
05:14:39.967 [AMR-03] STATE_TRANSITION MOVING -> EMERGENCY_STOP (intent=STOP)
05:14:39.967 [AMR-03] SAFETY_STOP min_obstacle_distance=1.10m <= 1.2m
05:14:40.069 [AMR-03] STATE_TRANSITION EMERGENCY_STOP -> MOVING (intent=MOVE)
05:14:40.169 [AMR-03] STATE_TRANSITION MOVING -> EMERGENCY_STOP (intent=STOP)
05:14:40.169 [AMR-03] SAFETY_STOP min_obstacle_distance=1.07m <= 1.2m
05:14:40.269 [AMR-03] STATE_TRANSITION EMERGENCY_STOP -> MOVING (intent=MOVE)
05:14:40.369 [AMR-03] STATE_TRANSITION MOVING -> EMERGENCY_STOP (intent=STOP)
05:14:40.369 [AMR-03] SAFETY_STOP min_obstacle_distance=1.03m <= 1.2m
05:14:40.470 [AMR-03] STATE_TRANSITION EMERGENCY_STOP -> MOVING (intent=MOVE)
05:14:40.570 [AMR-03] STATE_TRANSITION MOVING -> EMERGENCY_STOP (intent=STOP)
05:14:40.570 [AMR-03] SAFETY_STOP min_obstacle_distance=1.00m <= 1.2m
05:14:40.671 [AMR-03] STATE_TRANSITION EMERGENCY_STOP -> MOVING (intent=MOVE)
05:14:40.773 [AMR-03] STATE_TRANSITION MOVING -> EMERGENCY_STOP (intent=STOP)
05:14:40.773 [AMR-03] SAFETY_STOP min_obstacle_distance=1.01m <= 1.2m
05:14:40.874 [AMR-03] STATE_TRANSITION EMERGENCY_STOP -> MOVING (intent=MOVE)
05:14:40.974 [AMR-03] STATE_TRANSITION MOVING -> EMERGENCY_STOP (intent=STOP)
05:14:40.974 [AMR-03] SAFETY_STOP min_obstacle_distance=1.04m <= 1.2m
05:14:41.075 [AMR-03] STATE_TRANSITION EMERGENCY_STOP -> MOVING (intent=MOVE)
05:14:41.175 [AMR-03] STATE_TRANSITION MOVING -> EMERGENCY_STOP (intent=STOP)
05:14:41.175 [AMR-03] SAFETY_STOP min_obstacle_distance=1.10m <= 1.2m
05:14:41.276 [AMR-03] STATE_TRANSITION EMERGENCY_STOP -> MOVING (intent=MOVE)
05:14:41.376 [AMR-03] STATE_TRANSITION MOVING -> EMERGENCY_STOP (intent=STOP)
05:14:41.377 [AMR-03] SAFETY_STOP min_obstacle_distance=1.08m <= 1.2m
05:14:41.478 [AMR-03] STATE_TRANSITION EMERGENCY_STOP -> MOVING (intent=MOVE)
05:14:41.577 [AMR-03] STATE_TRANSITION MOVING -> EMERGENCY_STOP (intent=STOP)
05:14:41.577 [AMR-03] SAFETY_STOP min_obstacle_distance=1.01m <= 1.2m
05:14:41.678 [AMR-03] STATE_TRANSITION EMERGENCY_STOP -> MOVING (intent=MOVE)
05:14:41.778 [AMR-03] STATE_TRANSITION MOVING -> EMERGENCY_STOP (intent=STOP)
05:14:41.779 [AMR-03] SAFETY_STOP min_obstacle_distance=1.04m <= 1.2m
05:14:41.879 [AMR-03] STATE_TRANSITION EMERGENCY_STOP -> MOVING (intent=MOVE)
05:14:41.980 [AMR-03] STATE_TRANSITION MOVING -> EMERGENCY_STOP (intent=STOP)
05:14:41.980 [AMR-03] SAFETY_STOP min_obstacle_distance=1.10m <= 1.2m
05:14:42.081 [AMR-03] STATE_TRANSITION EMERGENCY_STOP -> MOVING (intent=MOVE)
05:14:42.181 [AMR-03] STATE_TRANSITION MOVING -> EMERGENCY_STOP (intent=STOP)
05:14:42.181 [AMR-03] SAFETY_STOP min_obstacle_distance=1.08m <= 1.2m
05:14:42.281 [AMR-03] STATE_TRANSITION EMERGENCY_STOP -> MOVING (intent=MOVE)
05:14:42.381 [AMR-03] STATE_TRANSITION MOVING -> EMERGENCY_STOP (intent=STOP)
05:14:42.381 [AMR-03] SAFETY_STOP min_obstacle_distance=1.03m <= 1.2m
05:14:42.482 [AMR-03] STATE_TRANSITION EMERGENCY_STOP -> MOVING (intent=MOVE)
05:14:42.583 [AMR-03] STATE_TRANSITION MOVING -> EMERGENCY_STOP (intent=STOP)
05:14:42.583 [AMR-03] SAFETY_STOP min_obstacle_distance=1.01m <= 1.2m
05:14:42.683 [AMR-03] STATE_TRANSITION EMERGENCY_STOP -> MOVING (intent=MOVE)
05:14:42.785 [AMR-03] STATE_TRANSITION MOVING -> EMERGENCY_STOP (intent=STOP)
05:14:42.785 [AMR-03] SAFETY_STOP min_obstacle_distance=1.04m <= 1.2m
05:14:42.885 [AMR-03] STATE_TRANSITION EMERGENCY_STOP -> MOVING (intent=MOVE)
05:14:42.987 [AMR-03] STATE_TRANSITION MOVING -> EMERGENCY_STOP (intent=STOP)
05:14:42.987 [AMR-03] SAFETY_STOP min_obstacle_distance=1.10m <= 1.2m
05:14:43.089 [AMR-03] STATE_TRANSITION EMERGENCY_STOP -> MOVING (intent=MOVE)
05:14:43.189 [AMR-03] STATE_TRANSITION MOVING -> EMERGENCY_STOP (intent=STOP)
05:14:43.189 [AMR-03] SAFETY_STOP min_obstacle_distance=1.07m <= 1.2m
05:14:43.290 [AMR-03] STATE_TRANSITION EMERGENCY_STOP -> MOVING (intent=MOVE)
05:14:43.391 [AMR-03] STATE_TRANSITION MOVING -> EMERGENCY_STOP (intent=STOP)
05:14:43.391 [AMR-03] SAFETY_STOP min_obstacle_distance=1.03m <= 1.2m
05:14:43.493 [AMR-03] STATE_TRANSITION EMERGENCY_STOP -> MOVING (intent=MOVE)
05:14:43.595 [AMR-03] STATE_TRANSITION MOVING -> EMERGENCY_STOP (intent=STOP)
05:14:43.595 [AMR-03] SAFETY_STOP min_obstacle_distance=1.01m <= 1.2m
05:14:43.696 [AMR-03] STATE_TRANSITION EMERGENCY_STOP -> MOVING (intent=MOVE)
05:14:43.797 [AMR-03] STATE_TRANSITION MOVING -> EMERGENCY_STOP (intent=STOP)
05:14:43.797 [AMR-03] SAFETY_STOP min_obstacle_distance=1.05m <= 1.2m
05:14:43.898 [AMR-03] STATE_TRANSITION EMERGENCY_STOP -> MOVING (intent=MOVE)
05:14:44.000 [AMR-03] STATE_TRANSITION MOVING -> EMERGENCY_STOP (intent=STOP)
05:14:44.000 [AMR-03] SAFETY_STOP min_obstacle_distance=1.10m <= 1.2m
05:14:44.101 [AMR-03] STATE_TRANSITION EMERGENCY_STOP -> MOVING (intent=MOVE)
05:14:44.203 [AMR-03] STATE_TRANSITION MOVING -> EMERGENCY_STOP (intent=STOP)
05:14:44.203 [AMR-03] SAFETY_STOP min_obstacle_distance=1.07m <= 1.2m
05:14:44.304 [AMR-03] STATE_TRANSITION EMERGENCY_STOP -> MOVING (intent=MOVE)
05:14:44.405 [AMR-03] STATE_TRANSITION MOVING -> EMERGENCY_STOP (intent=STOP)
05:14:44.405 [AMR-03] SAFETY_STOP min_obstacle_distance=1.03m <= 1.2m
05:14:44.506 [AMR-03] STATE_TRANSITION EMERGENCY_STOP -> MOVING (intent=MOVE)
05:14:44.609 [AMR-03] STATE_TRANSITION MOVING -> EMERGENCY_STOP (intent=STOP)
05:14:44.609 [AMR-03] SAFETY_STOP min_obstacle_distance=1.01m <= 1.2m
05:14:44.709 [AMR-03] STATE_TRANSITION EMERGENCY_STOP -> MOVING (intent=MOVE)
05:14:44.810 [AMR-03] STATE_TRANSITION MOVING -> EMERGENCY_STOP (intent=STOP)
05:14:44.810 [AMR-03] SAFETY_STOP min_obstacle_distance=1.04m <= 1.2m
05:14:44.911 [AMR-03] STATE_TRANSITION EMERGENCY_STOP -> MOVING (intent=MOVE)
05:14:45.013 [AMR-03] STATE_TRANSITION MOVING -> EMERGENCY_STOP (intent=STOP)
05:14:45.013 [AMR-03] SAFETY_STOP min_obstacle_distance=1.10m <= 1.2m
05:14:45.114 [AMR-03] STATE_TRANSITION EMERGENCY_STOP -> MOVING (intent=MOVE)
05:14:45.215 [AMR-03] STATE_TRANSITION MOVING -> EMERGENCY_STOP (intent=STOP)
05:14:45.216 [AMR-03] SAFETY_STOP min_obstacle_distance=1.07m <= 1.2m
05:14:45.318 [AMR-03] STATE_TRANSITION EMERGENCY_STOP -> MOVING (intent=MOVE)
05:14:45.419 [AMR-03] STATE_TRANSITION MOVING -> EMERGENCY_STOP (intent=STOP)
05:14:45.419 [AMR-03] SAFETY_STOP min_obstacle_distance=1.03m <= 1.2m
05:14:45.520 [AMR-03] STATE_TRANSITION EMERGENCY_STOP -> MOVING (intent=MOVE)
05:14:45.622 [AMR-03] STATE_TRANSITION MOVING -> EMERGENCY_STOP (intent=STOP)
05:14:45.622 [AMR-03] SAFETY_STOP min_obstacle_distance=1.01m <= 1.2m
05:14:45.723 [AMR-03] STATE_TRANSITION EMERGENCY_STOP -> MOVING (intent=MOVE)
05:14:45.824 [AMR-03] STATE_TRANSITION MOVING -> EMERGENCY_STOP (intent=STOP)
05:14:45.824 [AMR-03] SAFETY_STOP min_obstacle_distance=1.05m <= 1.2m
05:14:45.924 [AMR-03] STATE_TRANSITION EMERGENCY_STOP -> MOVING (intent=MOVE)
05:14:46.026 [AMR-03] STATE_TRANSITION MOVING -> EMERGENCY_STOP (intent=STOP)
05:14:46.026 [AMR-03] SAFETY_STOP min_obstacle_distance=1.10m <= 1.2m
05:14:46.126 [AMR-03] STATE_TRANSITION EMERGENCY_STOP -> MOVING (intent=MOVE)
05:14:46.227 [AMR-03] STATE_TRANSITION MOVING -> EMERGENCY_STOP (intent=STOP)
05:14:46.228 [AMR-03] SAFETY_STOP min_obstacle_distance=1.07m <= 1.2m
05:14:46.329 [AMR-03] STATE_TRANSITION EMERGENCY_STOP -> MOVING (intent=MOVE)
05:14:46.430 [AMR-03] STATE_TRANSITION MOVING -> EMERGENCY_STOP (intent=STOP)
05:14:46.430 [AMR-03] SAFETY_STOP min_obstacle_distance=1.03m <= 1.2m
05:14:46.531 [AMR-03] STATE_TRANSITION EMERGENCY_STOP -> MOVING (intent=MOVE)
05:14:46.632 [AMR-03] STATE_TRANSITION MOVING -> EMERGENCY_STOP (intent=STOP)
05:14:46.632 [AMR-03] SAFETY_STOP min_obstacle_distance=1.01m <= 1.2m
05:14:46.734 [AMR-03] STATE_TRANSITION EMERGENCY_STOP -> MOVING (intent=MOVE)
05:14:46.834 [AMR-03] STATE_TRANSITION MOVING -> EMERGENCY_STOP (intent=STOP)
05:14:46.835 [AMR-03] SAFETY_STOP min_obstacle_distance=1.05m <= 1.2m
05:14:46.935 [AMR-03] STATE_TRANSITION EMERGENCY_STOP -> MOVING (intent=MOVE)
05:14:47.037 [AMR-03] STATE_TRANSITION MOVING -> EMERGENCY_STOP (intent=STOP)
05:14:47.037 [AMR-03] SAFETY_STOP min_obstacle_distance=1.10m <= 1.2m
05:14:47.138 [AMR-03] STATE_TRANSITION EMERGENCY_STOP -> MOVING (intent=MOVE)
05:14:47.239 [AMR-03] STATE_TRANSITION MOVING -> EMERGENCY_STOP (intent=STOP)
05:14:47.239 [AMR-03] SAFETY_STOP min_obstacle_distance=1.07m <= 1.2m
05:14:47.340 [AMR-03] STATE_TRANSITION EMERGENCY_STOP -> MOVING (intent=MOVE)
05:14:47.442 [AMR-03] STATE_TRANSITION MOVING -> EMERGENCY_STOP (intent=STOP)
05:14:47.442 [AMR-03] SAFETY_STOP min_obstacle_distance=1.03m <= 1.2m
05:14:47.542 [AMR-03] STATE_TRANSITION EMERGENCY_STOP -> MOVING (intent=MOVE)
05:14:47.643 [AMR-03] STATE_TRANSITION MOVING -> EMERGENCY_STOP (intent=STOP)
05:14:47.643 [AMR-03] SAFETY_STOP min_obstacle_distance=1.01m <= 1.2m
05:14:47.744 [AMR-03] STATE_TRANSITION EMERGENCY_STOP -> MOVING (intent=MOVE)
05:14:47.845 [AMR-03] STATE_TRANSITION MOVING -> EMERGENCY_STOP (intent=STOP)
05:14:47.845 [AMR-03] SAFETY_STOP min_obstacle_distance=1.04m <= 1.2m
05:14:47.946 [AMR-03] STATE_TRANSITION EMERGENCY_STOP -> MOVING (intent=MOVE)
05:14:48.047 [AMR-03] STATE_TRANSITION MOVING -> EMERGENCY_STOP (intent=STOP)
05:14:48.047 [AMR-03] SAFETY_STOP min_obstacle_distance=1.10m <= 1.2m
05:14:48.148 [AMR-03] STATE_TRANSITION EMERGENCY_STOP -> MOVING (intent=MOVE)
05:14:48.248 [AMR-03] STATE_TRANSITION MOVING -> EMERGENCY_STOP (intent=STOP)
05:14:48.248 [AMR-03] SAFETY_STOP min_obstacle_distance=1.08m <= 1.2m
05:14:48.348 [AMR-03] STATE_TRANSITION EMERGENCY_STOP -> MOVING (intent=MOVE)
05:14:48.449 [AMR-03] STATE_TRANSITION MOVING -> EMERGENCY_STOP (intent=STOP)
05:14:48.449 [AMR-03] SAFETY_STOP min_obstacle_distance=1.03m <= 1.2m
05:14:48.550 [AMR-03] STATE_TRANSITION EMERGENCY_STOP -> MOVING (intent=MOVE)
05:14:48.651 [AMR-03] STATE_TRANSITION MOVING -> EMERGENCY_STOP (intent=STOP)
05:14:48.651 [AMR-03] SAFETY_STOP min_obstacle_distance=1.01m <= 1.2m
05:14:48.751 [AMR-03] STATE_TRANSITION EMERGENCY_STOP -> MOVING (intent=MOVE)
05:14:48.852 [AMR-03] STATE_TRANSITION MOVING -> EMERGENCY_STOP (intent=STOP)
05:14:48.852 [AMR-03] SAFETY_STOP min_obstacle_distance=1.04m <= 1.2m
05:14:48.954 [AMR-03] STATE_TRANSITION EMERGENCY_STOP -> MOVING (intent=MOVE)
05:14:49.056 [AMR-03] STATE_TRANSITION MOVING -> EMERGENCY_STOP (intent=STOP)
05:14:49.056 [AMR-03] SAFETY_STOP min_obstacle_distance=1.10m <= 1.2m
05:14:49.156 [AMR-03] STATE_TRANSITION EMERGENCY_STOP -> MOVING (intent=MOVE)
05:14:49.257 [AMR-03] STATE_TRANSITION MOVING -> EMERGENCY_STOP (intent=STOP)
05:14:49.257 [AMR-03] SAFETY_STOP min_obstacle_distance=1.08m <= 1.2m
05:14:49.359 [AMR-03] STATE_TRANSITION EMERGENCY_STOP -> MOVING (intent=MOVE)
05:14:49.459 [AMR-03] STATE_TRANSITION MOVING -> EMERGENCY_STOP (intent=STOP)
05:14:49.459 [AMR-03] SAFETY_STOP min_obstacle_distance=1.00m <= 1.2m
05:14:49.560 [AMR-03] STATE_TRANSITION EMERGENCY_STOP -> MOVING (intent=MOVE)
05:14:49.661 [AMR-03] STATE_TRANSITION MOVING -> EMERGENCY_STOP (intent=STOP)
05:14:49.662 [AMR-03] SAFETY_STOP min_obstacle_distance=1.01m <= 1.2m
05:14:49.763 [AMR-03] STATE_TRANSITION EMERGENCY_STOP -> MOVING (intent=MOVE)
05:14:49.865 [AMR-03] STATE_TRANSITION MOVING -> EMERGENCY_STOP (intent=STOP)
05:14:49.865 [AMR-03] SAFETY_STOP min_obstacle_distance=1.05m <= 1.2m
05:14:49.967 [AMR-03] STATE_TRANSITION EMERGENCY_STOP -> MOVING (intent=MOVE)
05:14:50.068 [AMR-03] STATE_TRANSITION MOVING -> EMERGENCY_STOP (intent=STOP)
05:14:50.069 [AMR-03] SAFETY_STOP min_obstacle_distance=1.10m <= 1.2m
05:14:50.170 [AMR-03] STATE_TRANSITION EMERGENCY_STOP -> MOVING (intent=MOVE)
05:14:50.271 [AMR-03] STATE_TRANSITION MOVING -> EMERGENCY_STOP (intent=STOP)
05:14:50.271 [AMR-03] SAFETY_STOP min_obstacle_distance=1.07m <= 1.2m
05:14:50.372 [AMR-03] STATE_TRANSITION EMERGENCY_STOP -> MOVING (intent=MOVE)
05:14:50.473 [AMR-03] STATE_TRANSITION MOVING -> EMERGENCY_STOP (intent=STOP)
05:14:50.473 [AMR-03] SAFETY_STOP min_obstacle_distance=1.00m <= 1.2m
05:14:50.574 [AMR-03] STATE_TRANSITION EMERGENCY_STOP -> MOVING (intent=MOVE)
05:14:50.675 [AMR-03] STATE_TRANSITION MOVING -> EMERGENCY_STOP (intent=STOP)
05:14:50.675 [AMR-03] SAFETY_STOP min_obstacle_distance=1.01m <= 1.2m
05:14:50.776 [AMR-03] STATE_TRANSITION EMERGENCY_STOP -> MOVING (intent=MOVE)
05:14:50.878 [AMR-03] STATE_TRANSITION MOVING -> EMERGENCY_STOP (intent=STOP)
05:14:50.878 [AMR-03] SAFETY_STOP min_obstacle_distance=1.04m <= 1.2m
05:14:50.980 [AMR-03] STATE_TRANSITION EMERGENCY_STOP -> MOVING (intent=MOVE)
05:14:51.082 [AMR-03] STATE_TRANSITION MOVING -> EMERGENCY_STOP (intent=STOP)
05:14:51.082 [AMR-03] SAFETY_STOP min_obstacle_distance=1.10m <= 1.2m
05:14:51.183 [AMR-03] STATE_TRANSITION EMERGENCY_STOP -> MOVING (intent=MOVE)
05:14:51.285 [AMR-03] STATE_TRANSITION MOVING -> EMERGENCY_STOP (intent=STOP)
05:14:51.285 [AMR-03] SAFETY_STOP min_obstacle_distance=1.07m <= 1.2m
05:14:51.385 [AMR-03] STATE_TRANSITION EMERGENCY_STOP -> MOVING (intent=MOVE)
05:14:51.486 [AMR-03] STATE_TRANSITION MOVING -> EMERGENCY_STOP (intent=STOP)
05:14:51.487 [AMR-03] SAFETY_STOP min_obstacle_distance=1.00m <= 1.2m
05:14:51.589 [AMR-03] STATE_TRANSITION EMERGENCY_STOP -> MOVING (intent=MOVE)
05:14:51.690 [AMR-03] STATE_TRANSITION MOVING -> EMERGENCY_STOP (intent=STOP)
05:14:51.690 [AMR-03] SAFETY_STOP min_obstacle_distance=1.01m <= 1.2m
05:14:51.790 [AMR-03] STATE_TRANSITION EMERGENCY_STOP -> MOVING (intent=MOVE)
05:14:51.891 [AMR-03] STATE_TRANSITION MOVING -> EMERGENCY_STOP (intent=STOP)
05:14:51.891 [AMR-03] SAFETY_STOP min_obstacle_distance=1.05m <= 1.2m
05:14:51.992 [AMR-03] STATE_TRANSITION EMERGENCY_STOP -> MOVING (intent=MOVE)
05:14:52.092 [AMR-03] STATE_TRANSITION MOVING -> EMERGENCY_STOP (intent=STOP)
05:14:52.092 [AMR-03] SAFETY_STOP min_obstacle_distance=1.10m <= 1.2m
05:14:52.193 [AMR-03] STATE_TRANSITION EMERGENCY_STOP -> MOVING (intent=MOVE)
05:14:52.293 [AMR-03] STATE_TRANSITION MOVING -> EMERGENCY_STOP (intent=STOP)
05:14:52.293 [AMR-03] SAFETY_STOP min_obstacle_distance=1.07m <= 1.2m
05:14:52.394 [AMR-03] STATE_TRANSITION EMERGENCY_STOP -> MOVING (intent=MOVE)
05:14:52.495 [AMR-03] STATE_TRANSITION MOVING -> EMERGENCY_STOP (intent=STOP)
05:14:52.495 [AMR-03] SAFETY_STOP min_obstacle_distance=1.00m <= 1.2m
05:14:52.596 [AMR-03] STATE_TRANSITION EMERGENCY_STOP -> MOVING (intent=MOVE)
05:14:52.698 [AMR-03] STATE_TRANSITION MOVING -> EMERGENCY_STOP (intent=STOP)
05:14:52.698 [AMR-03] SAFETY_STOP min_obstacle_distance=1.01m <= 1.2m
05:14:52.799 [AMR-03] STATE_TRANSITION EMERGENCY_STOP -> MOVING (intent=MOVE)
05:14:52.901 [AMR-03] STATE_TRANSITION MOVING -> EMERGENCY_STOP (intent=STOP)
05:14:52.901 [AMR-03] SAFETY_STOP min_obstacle_distance=1.04m <= 1.2m
05:14:53.003 [AMR-03] STATE_TRANSITION EMERGENCY_STOP -> MOVING (intent=MOVE)
05:14:53.104 [AMR-03] STATE_TRANSITION MOVING -> EMERGENCY_STOP (intent=STOP)
05:14:53.104 [AMR-03] SAFETY_STOP min_obstacle_distance=1.10m <= 1.2m
05:14:53.206 [AMR-03] STATE_TRANSITION EMERGENCY_STOP -> MOVING (intent=MOVE)
05:14:53.308 [AMR-03] STATE_TRANSITION MOVING -> EMERGENCY_STOP (intent=STOP)
05:14:53.308 [AMR-03] SAFETY_STOP min_obstacle_distance=1.07m <= 1.2m
05:14:53.410 [AMR-03] STATE_TRANSITION EMERGENCY_STOP -> MOVING (intent=MOVE)
05:14:53.511 [AMR-03] STATE_TRANSITION MOVING -> EMERGENCY_STOP (intent=STOP)
05:14:53.511 [AMR-03] SAFETY_STOP min_obstacle_distance=1.00m <= 1.2m
05:14:53.613 [AMR-03] STATE_TRANSITION EMERGENCY_STOP -> MOVING (intent=MOVE)
05:14:53.713 [AMR-03] STATE_TRANSITION MOVING -> EMERGENCY_STOP (intent=STOP)
05:14:53.713 [AMR-03] SAFETY_STOP min_obstacle_distance=1.01m <= 1.2m
05:14:53.815 [AMR-03] STATE_TRANSITION EMERGENCY_STOP -> MOVING (intent=MOVE)
05:14:53.917 [AMR-03] STATE_TRANSITION MOVING -> EMERGENCY_STOP (intent=STOP)
05:14:53.917 [AMR-03] SAFETY_STOP min_obstacle_distance=1.05m <= 1.2m
05:14:54.019 [AMR-03] STATE_TRANSITION EMERGENCY_STOP -> MOVING (intent=MOVE)
05:14:54.121 [AMR-03] STATE_TRANSITION MOVING -> EMERGENCY_STOP (intent=STOP)
05:14:54.121 [AMR-03] SAFETY_STOP min_obstacle_distance=1.10m <= 1.2m
05:14:54.223 [AMR-03] STATE_TRANSITION EMERGENCY_STOP -> MOVING (intent=MOVE)
05:14:54.325 [AMR-03] STATE_TRANSITION MOVING -> EMERGENCY_STOP (intent=STOP)
05:14:54.325 [AMR-03] SAFETY_STOP min_obstacle_distance=1.07m <= 1.2m
05:14:54.426 [AMR-03] STATE_TRANSITION EMERGENCY_STOP -> MOVING (intent=MOVE)
05:14:54.526 [AMR-03] STATE_TRANSITION MOVING -> EMERGENCY_STOP (intent=STOP)
05:14:54.526 [AMR-03] SAFETY_STOP min_obstacle_distance=1.00m <= 1.2m
05:14:54.628 [AMR-03] STATE_TRANSITION EMERGENCY_STOP -> MOVING (intent=MOVE)
05:14:54.730 [AMR-03] STATE_TRANSITION MOVING -> EMERGENCY_STOP (intent=STOP)
05:14:54.730 [AMR-03] SAFETY_STOP min_obstacle_distance=1.01m <= 1.2m
05:14:54.832 [AMR-03] STATE_TRANSITION EMERGENCY_STOP -> MOVING (intent=MOVE)
05:14:54.933 [AMR-03] STATE_TRANSITION MOVING -> EMERGENCY_STOP (intent=STOP)
05:14:54.933 [AMR-03] SAFETY_STOP min_obstacle_distance=1.05m <= 1.2m
05:14:55.034 [AMR-03] STATE_TRANSITION EMERGENCY_STOP -> MOVING (intent=MOVE)
05:14:55.136 [AMR-03] STATE_TRANSITION MOVING -> EMERGENCY_STOP (intent=STOP)
05:14:55.136 [AMR-03] SAFETY_STOP min_obstacle_distance=1.10m <= 1.2m
05:14:55.237 [AMR-03] STATE_TRANSITION EMERGENCY_STOP -> MOVING (intent=MOVE)
05:14:55.338 [AMR-03] STATE_TRANSITION MOVING -> EMERGENCY_STOP (intent=STOP)
05:14:55.338 [AMR-03] SAFETY_STOP min_obstacle_distance=1.07m <= 1.2m
05:14:55.440 [AMR-03] STATE_TRANSITION EMERGENCY_STOP -> MOVING (intent=MOVE)
05:14:55.540 [AMR-03] STATE_TRANSITION MOVING -> EMERGENCY_STOP (intent=STOP)
05:14:55.540 [AMR-03] SAFETY_STOP min_obstacle_distance=1.00m <= 1.2m
05:14:55.642 [AMR-03] STATE_TRANSITION EMERGENCY_STOP -> MOVING (intent=MOVE)
05:14:55.742 [AMR-03] STATE_TRANSITION MOVING -> EMERGENCY_STOP (intent=STOP)
05:14:55.742 [AMR-03] SAFETY_STOP min_obstacle_distance=1.01m <= 1.2m
05:14:55.843 [AMR-03] STATE_TRANSITION EMERGENCY_STOP -> MOVING (intent=MOVE)
05:14:55.943 [AMR-03] STATE_TRANSITION MOVING -> EMERGENCY_STOP (intent=STOP)
05:14:55.943 [AMR-03] SAFETY_STOP min_obstacle_distance=1.04m <= 1.2m
05:14:56.044 [AMR-03] STATE_TRANSITION EMERGENCY_STOP -> MOVING (intent=MOVE)
05:14:56.144 [AMR-03] STATE_TRANSITION MOVING -> EMERGENCY_STOP (intent=STOP)
05:14:56.144 [AMR-03] SAFETY_STOP min_obstacle_distance=1.10m <= 1.2m
05:14:56.245 [AMR-03] STATE_TRANSITION EMERGENCY_STOP -> MOVING (intent=MOVE)
05:14:56.346 [AMR-03] STATE_TRANSITION MOVING -> EMERGENCY_STOP (intent=STOP)
05:14:56.346 [AMR-03] SAFETY_STOP min_obstacle_distance=1.08m <= 1.2m
05:14:56.446 [AMR-03] STATE_TRANSITION EMERGENCY_STOP -> MOVING (intent=MOVE)
05:14:56.546 [AMR-03] STATE_TRANSITION MOVING -> EMERGENCY_STOP (intent=STOP)
05:14:56.546 [AMR-03] SAFETY_STOP min_obstacle_distance=1.00m <= 1.2m
05:14:56.648 [AMR-03] STATE_TRANSITION EMERGENCY_STOP -> MOVING (intent=MOVE)
05:14:56.748 [AMR-03] STATE_TRANSITION MOVING -> EMERGENCY_STOP (intent=STOP)
05:14:56.748 [AMR-03] SAFETY_STOP min_obstacle_distance=1.01m <= 1.2m
05:14:56.851 [AMR-03] STATE_TRANSITION EMERGENCY_STOP -> MOVING (intent=MOVE)
05:14:56.951 [AMR-03] STATE_TRANSITION MOVING -> EMERGENCY_STOP (intent=STOP)
05:14:56.951 [AMR-03] SAFETY_STOP min_obstacle_distance=1.05m <= 1.2m
05:14:57.052 [AMR-03] STATE_TRANSITION EMERGENCY_STOP -> MOVING (intent=MOVE)
05:14:57.152 [AMR-03] STATE_TRANSITION MOVING -> EMERGENCY_STOP (intent=STOP)
05:14:57.152 [AMR-03] SAFETY_STOP min_obstacle_distance=1.10m <= 1.2m
05:14:57.253 [AMR-03] STATE_TRANSITION EMERGENCY_STOP -> MOVING (intent=MOVE)
05:14:57.353 [AMR-03] STATE_TRANSITION MOVING -> EMERGENCY_STOP (intent=STOP)
05:14:57.354 [AMR-03] SAFETY_STOP min_obstacle_distance=1.07m <= 1.2m
05:14:57.454 [AMR-03] STATE_TRANSITION EMERGENCY_STOP -> MOVING (intent=MOVE)
05:14:57.555 [AMR-03] STATE_TRANSITION MOVING -> EMERGENCY_STOP (intent=STOP)
05:14:57.555 [AMR-03] SAFETY_STOP min_obstacle_distance=1.00m <= 1.2m
05:14:57.656 [AMR-03] STATE_TRANSITION EMERGENCY_STOP -> MOVING (intent=MOVE)
05:14:57.757 [AMR-03] STATE_TRANSITION MOVING -> EMERGENCY_STOP (intent=STOP)
05:14:57.757 [AMR-03] SAFETY_STOP min_obstacle_distance=1.01m <= 1.2m
05:14:57.857 [AMR-03] STATE_TRANSITION EMERGENCY_STOP -> MOVING (intent=MOVE)
05:14:57.958 [AMR-03] STATE_TRANSITION MOVING -> EMERGENCY_STOP (intent=STOP)
05:14:57.958 [AMR-03] SAFETY_STOP min_obstacle_distance=1.04m <= 1.2m
05:14:58.058 [AMR-03] STATE_TRANSITION EMERGENCY_STOP -> MOVING (intent=MOVE)
05:14:58.159 [AMR-03] STATE_TRANSITION MOVING -> EMERGENCY_STOP (intent=STOP)
05:14:58.159 [AMR-03] SAFETY_STOP min_obstacle_distance=1.10m <= 1.2m
05:14:58.259 [AMR-03] STATE_TRANSITION EMERGENCY_STOP -> MOVING (intent=MOVE)
05:14:58.360 [AMR-03] STATE_TRANSITION MOVING -> EMERGENCY_STOP (intent=STOP)
05:14:58.360 [AMR-03] SAFETY_STOP min_obstacle_distance=1.08m <= 1.2m
05:14:58.461 [AMR-03] STATE_TRANSITION EMERGENCY_STOP -> MOVING (intent=MOVE)
05:14:58.562 [AMR-03] STATE_TRANSITION MOVING -> EMERGENCY_STOP (intent=STOP)
05:14:58.562 [AMR-03] SAFETY_STOP min_obstacle_distance=1.01m <= 1.2m
05:14:58.662 [AMR-03] STATE_TRANSITION EMERGENCY_STOP -> MOVING (intent=MOVE)
05:14:58.763 [AMR-03] STATE_TRANSITION MOVING -> EMERGENCY_STOP (intent=STOP)
05:14:58.763 [AMR-03] SAFETY_STOP min_obstacle_distance=1.04m <= 1.2m
05:14:58.864 [AMR-03] STATE_TRANSITION EMERGENCY_STOP -> MOVING (intent=MOVE)
05:14:58.964 [AMR-03] STATE_TRANSITION MOVING -> EMERGENCY_STOP (intent=STOP)
05:14:58.965 [AMR-03] SAFETY_STOP min_obstacle_distance=1.10m <= 1.2m
05:14:59.065 [AMR-03] STATE_TRANSITION EMERGENCY_STOP -> MOVING (intent=MOVE)
05:14:59.166 [AMR-03] STATE_TRANSITION MOVING -> EMERGENCY_STOP (intent=STOP)
05:14:59.166 [AMR-03] SAFETY_STOP min_obstacle_distance=1.08m <= 1.2m
05:14:59.267 [AMR-03] STATE_TRANSITION EMERGENCY_STOP -> MOVING (intent=MOVE)
05:14:59.368 [AMR-03] STATE_TRANSITION MOVING -> EMERGENCY_STOP (intent=STOP)
05:14:59.368 [AMR-03] SAFETY_STOP min_obstacle_distance=1.03m <= 1.2m
05:14:59.469 [AMR-03] STATE_TRANSITION EMERGENCY_STOP -> MOVING (intent=MOVE)
05:14:59.569 [AMR-03] STATE_TRANSITION MOVING -> EMERGENCY_STOP (intent=STOP)
05:14:59.569 [AMR-03] SAFETY_STOP min_obstacle_distance=1.00m <= 1.2m
05:14:59.670 [AMR-03] STATE_TRANSITION EMERGENCY_STOP -> MOVING (intent=MOVE)
05:14:59.770 [AMR-03] STATE_TRANSITION MOVING -> EMERGENCY_STOP (intent=STOP)
05:14:59.770 [AMR-03] SAFETY_STOP min_obstacle_distance=1.01m <= 1.2m
05:14:59.871 [AMR-03] STATE_TRANSITION EMERGENCY_STOP -> MOVING (intent=MOVE)
05:14:59.972 [AMR-03] STATE_TRANSITION MOVING -> EMERGENCY_STOP (intent=STOP)
05:14:59.972 [AMR-03] SAFETY_STOP min_obstacle_distance=1.04m <= 1.2m
05:15:00.073 [AMR-03] STATE_TRANSITION EMERGENCY_STOP -> MOVING (intent=MOVE)
05:15:00.173 [AMR-03] STATE_TRANSITION MOVING -> EMERGENCY_STOP (intent=STOP)
05:15:00.173 [AMR-03] SAFETY_STOP min_obstacle_distance=1.10m <= 1.2m
05:15:00.274 [AMR-03] STATE_TRANSITION EMERGENCY_STOP -> MOVING (intent=MOVE)
05:15:00.375 [AMR-03] STATE_TRANSITION MOVING -> EMERGENCY_STOP (intent=STOP)
05:15:00.375 [AMR-03] SAFETY_STOP min_obstacle_distance=1.08m <= 1.2m
05:15:00.475 [AMR-03] STATE_TRANSITION EMERGENCY_STOP -> MOVING (intent=MOVE)
05:15:00.575 [AMR-03] STATE_TRANSITION MOVING -> EMERGENCY_STOP (intent=STOP)
05:15:00.575 [AMR-03] SAFETY_STOP min_obstacle_distance=1.01m <= 1.2m
05:15:00.676 [AMR-03] STATE_TRANSITION EMERGENCY_STOP -> MOVING (intent=MOVE)
05:15:00.776 [AMR-03] STATE_TRANSITION MOVING -> EMERGENCY_STOP (intent=STOP)
05:15:00.776 [AMR-03] SAFETY_STOP min_obstacle_distance=1.04m <= 1.2m
05:15:00.877 [AMR-03] STATE_TRANSITION EMERGENCY_STOP -> MOVING (intent=MOVE)
05:15:00.977 [AMR-03] STATE_TRANSITION MOVING -> EMERGENCY_STOP (intent=STOP)
05:15:00.977 [AMR-03] SAFETY_STOP min_obstacle_distance=1.10m <= 1.2m
05:15:01.078 [AMR-03] STATE_TRANSITION EMERGENCY_STOP -> MOVING (intent=MOVE)
05:15:01.178 [AMR-03] STATE_TRANSITION MOVING -> EMERGENCY_STOP (intent=STOP)
05:15:01.178 [AMR-03] SAFETY_STOP min_obstacle_distance=1.08m <= 1.2m
05:15:01.278 [AMR-03] STATE_TRANSITION EMERGENCY_STOP -> MOVING (intent=MOVE)
05:15:01.379 [AMR-03] STATE_TRANSITION MOVING -> EMERGENCY_STOP (intent=STOP)
05:15:01.380 [AMR-03] SAFETY_STOP min_obstacle_distance=1.03m <= 1.2m
05:15:01.480 [AMR-03] STATE_TRANSITION EMERGENCY_STOP -> MOVING (intent=MOVE)
05:15:01.582 [AMR-03] STATE_TRANSITION MOVING -> EMERGENCY_STOP (intent=STOP)
05:15:01.582 [AMR-03] SAFETY_STOP min_obstacle_distance=1.01m <= 1.2m
05:15:01.681 [AMR-03] STATE_TRANSITION EMERGENCY_STOP -> MOVING (intent=MOVE)
05:15:01.781 [AMR-03] STATE_TRANSITION MOVING -> EMERGENCY_STOP (intent=STOP)
05:15:01.781 [AMR-03] SAFETY_STOP min_obstacle_distance=1.04m <= 1.2m
05:15:01.882 [AMR-03] STATE_TRANSITION EMERGENCY_STOP -> MOVING (intent=MOVE)
05:15:01.982 [AMR-03] STATE_TRANSITION MOVING -> EMERGENCY_STOP (intent=STOP)
05:15:01.982 [AMR-03] SAFETY_STOP min_obstacle_distance=1.10m <= 1.2m
05:15:02.082 [AMR-03] STATE_TRANSITION EMERGENCY_STOP -> MOVING (intent=MOVE)
05:15:02.182 [AMR-03] STATE_TRANSITION MOVING -> EMERGENCY_STOP (intent=STOP)
05:15:02.182 [AMR-03] SAFETY_STOP min_obstacle_distance=1.08m <= 1.2m
05:15:02.283 [AMR-03] STATE_TRANSITION EMERGENCY_STOP -> MOVING (intent=MOVE)
05:15:02.383 [AMR-03] STATE_TRANSITION MOVING -> EMERGENCY_STOP (intent=STOP)
05:15:02.384 [AMR-03] SAFETY_STOP min_obstacle_distance=1.03m <= 1.2m
05:15:02.484 [AMR-03] STATE_TRANSITION EMERGENCY_STOP -> MOVING (intent=MOVE)
05:15:02.585 [AMR-03] STATE_TRANSITION MOVING -> EMERGENCY_STOP (intent=STOP)
05:15:02.585 [AMR-03] SAFETY_STOP min_obstacle_distance=1.01m <= 1.2m
05:15:02.685 [AMR-03] STATE_TRANSITION EMERGENCY_STOP -> MOVING (intent=MOVE)
05:15:02.786 [AMR-03] STATE_TRANSITION MOVING -> EMERGENCY_STOP (intent=STOP)
05:15:02.786 [AMR-03] SAFETY_STOP min_obstacle_distance=1.04m <= 1.2m
05:15:02.887 [AMR-03] STATE_TRANSITION EMERGENCY_STOP -> MOVING (intent=MOVE)
05:15:02.988 [AMR-03] STATE_TRANSITION MOVING -> EMERGENCY_STOP (intent=STOP)
05:15:02.988 [AMR-03] SAFETY_STOP min_obstacle_distance=1.10m <= 1.2m
05:15:03.089 [AMR-03] STATE_TRANSITION EMERGENCY_STOP -> MOVING (intent=MOVE)
05:15:03.189 [AMR-03] STATE_TRANSITION MOVING -> EMERGENCY_STOP (intent=STOP)
05:15:03.189 [AMR-03] SAFETY_STOP min_obstacle_distance=1.08m <= 1.2m
05:15:03.290 [AMR-03] STATE_TRANSITION EMERGENCY_STOP -> MOVING (intent=MOVE)
05:15:03.391 [AMR-03] STATE_TRANSITION MOVING -> EMERGENCY_STOP (intent=STOP)
05:15:03.391 [AMR-03] SAFETY_STOP min_obstacle_distance=1.03m <= 1.2m
05:15:03.491 [AMR-03] STATE_TRANSITION EMERGENCY_STOP -> MOVING (intent=MOVE)
05:15:03.591 [AMR-03] STATE_TRANSITION MOVING -> EMERGENCY_STOP (intent=STOP)
05:15:03.591 [AMR-03] SAFETY_STOP min_obstacle_distance=1.01m <= 1.2m
05:15:03.692 [AMR-03] STATE_TRANSITION EMERGENCY_STOP -> MOVING (intent=MOVE)
05:15:03.793 [AMR-03] STATE_TRANSITION MOVING -> EMERGENCY_STOP (intent=STOP)
05:15:03.793 [AMR-03] SAFETY_STOP min_obstacle_distance=1.04m <= 1.2m
05:15:03.894 [AMR-03] STATE_TRANSITION EMERGENCY_STOP -> MOVING (intent=MOVE)
05:15:03.995 [AMR-03] STATE_TRANSITION MOVING -> EMERGENCY_STOP (intent=STOP)
05:15:03.995 [AMR-03] SAFETY_STOP min_obstacle_distance=1.10m <= 1.2m
05:15:04.095 [AMR-03] STATE_TRANSITION EMERGENCY_STOP -> MOVING (intent=MOVE)
05:15:04.195 [AMR-03] STATE_TRANSITION MOVING -> EMERGENCY_STOP (intent=STOP)
05:15:04.195 [AMR-03] SAFETY_STOP min_obstacle_distance=1.08m <= 1.2m
05:15:04.295 [AMR-03] STATE_TRANSITION EMERGENCY_STOP -> MOVING (intent=MOVE)
05:15:04.397 [AMR-03] STATE_TRANSITION MOVING -> EMERGENCY_STOP (intent=STOP)
05:15:04.397 [AMR-03] SAFETY_STOP min_obstacle_distance=1.03m <= 1.2m
05:15:04.497 [AMR-03] STATE_TRANSITION EMERGENCY_STOP -> MOVING (intent=MOVE)
05:15:04.599 [AMR-03] STATE_TRANSITION MOVING -> EMERGENCY_STOP (intent=STOP)
05:15:04.599 [AMR-03] SAFETY_STOP min_obstacle_distance=1.01m <= 1.2m
05:15:04.699 [AMR-03] STATE_TRANSITION EMERGENCY_STOP -> MOVING (intent=MOVE)
05:15:04.799 [AMR-03] STATE_TRANSITION MOVING -> EMERGENCY_STOP (intent=STOP)
05:15:04.799 [AMR-03] SAFETY_STOP min_obstacle_distance=1.04m <= 1.2m
05:15:04.900 [AMR-03] STATE_TRANSITION EMERGENCY_STOP -> MOVING (intent=MOVE)
05:15:05.001 [AMR-03] STATE_TRANSITION MOVING -> EMERGENCY_STOP (intent=STOP)
05:15:05.001 [AMR-03] SAFETY_STOP min_obstacle_distance=1.10m <= 1.2m
05:15:05.102 [AMR-03] STATE_TRANSITION EMERGENCY_STOP -> MOVING (intent=MOVE)
05:15:05.202 [AMR-03] STATE_TRANSITION MOVING -> EMERGENCY_STOP (intent=STOP)
05:15:05.202 [AMR-03] SAFETY_STOP min_obstacle_distance=1.08m <= 1.2m
05:15:05.302 [AMR-03] STATE_TRANSITION EMERGENCY_STOP -> MOVING (intent=MOVE)
05:15:05.403 [AMR-03] STATE_TRANSITION MOVING -> EMERGENCY_STOP (intent=STOP)
05:15:05.403 [AMR-03] SAFETY_STOP min_obstacle_distance=1.03m <= 1.2m
05:15:05.503 [AMR-03] STATE_TRANSITION EMERGENCY_STOP -> MOVING (intent=MOVE)
05:15:05.604 [AMR-03] STATE_TRANSITION MOVING -> EMERGENCY_STOP (intent=STOP)
05:15:05.604 [AMR-03] SAFETY_STOP min_obstacle_distance=1.01m <= 1.2m
05:15:05.705 [AMR-03] STATE_TRANSITION EMERGENCY_STOP -> MOVING (intent=MOVE)
05:15:05.805 [AMR-03] STATE_TRANSITION MOVING -> EMERGENCY_STOP (intent=STOP)
05:15:05.805 [AMR-03] SAFETY_STOP min_obstacle_distance=1.04m <= 1.2m
05:15:05.906 [AMR-03] STATE_TRANSITION EMERGENCY_STOP -> MOVING (intent=MOVE)
05:15:06.006 [AMR-03] STATE_TRANSITION MOVING -> EMERGENCY_STOP (intent=STOP)
05:15:06.007 [AMR-03] SAFETY_STOP min_obstacle_distance=1.10m <= 1.2m
05:15:06.107 [AMR-03] STATE_TRANSITION EMERGENCY_STOP -> MOVING (intent=MOVE)
05:15:06.208 [AMR-03] STATE_TRANSITION MOVING -> EMERGENCY_STOP (intent=STOP)
05:15:06.208 [AMR-03] SAFETY_STOP min_obstacle_distance=1.08m <= 1.2m
05:15:06.308 [AMR-03] STATE_TRANSITION EMERGENCY_STOP -> MOVING (intent=MOVE)
05:15:06.408 [AMR-03] STATE_TRANSITION MOVING -> EMERGENCY_STOP (intent=STOP)
05:15:06.408 [AMR-03] SAFETY_STOP min_obstacle_distance=1.03m <= 1.2m
05:15:06.509 [AMR-03] STATE_TRANSITION EMERGENCY_STOP -> MOVING (intent=MOVE)
05:15:06.609 [AMR-03] STATE_TRANSITION MOVING -> EMERGENCY_STOP (intent=STOP)
05:15:06.609 [AMR-03] SAFETY_STOP min_obstacle_distance=1.01m <= 1.2m
05:15:06.710 [AMR-03] STATE_TRANSITION EMERGENCY_STOP -> MOVING (intent=MOVE)
05:15:06.811 [AMR-03] STATE_TRANSITION MOVING -> EMERGENCY_STOP (intent=STOP)
05:15:06.811 [AMR-03] SAFETY_STOP min_obstacle_distance=1.04m <= 1.2m
05:15:06.911 [AMR-03] STATE_TRANSITION EMERGENCY_STOP -> MOVING (intent=MOVE)
05:15:07.012 [AMR-03] STATE_TRANSITION MOVING -> EMERGENCY_STOP (intent=STOP)
05:15:07.012 [AMR-03] SAFETY_STOP min_obstacle_distance=1.10m <= 1.2m
05:15:07.112 [AMR-03] STATE_TRANSITION EMERGENCY_STOP -> MOVING (intent=MOVE)
05:15:07.213 [AMR-03] STATE_TRANSITION MOVING -> EMERGENCY_STOP (intent=STOP)
05:15:07.213 [AMR-03] SAFETY_STOP min_obstacle_distance=1.08m <= 1.2m
05:15:07.314 [AMR-03] STATE_TRANSITION EMERGENCY_STOP -> MOVING (intent=MOVE)
05:15:07.415 [AMR-03] STATE_TRANSITION MOVING -> EMERGENCY_STOP (intent=STOP)
05:15:07.415 [AMR-03] SAFETY_STOP min_obstacle_distance=1.03m <= 1.2m
05:15:07.515 [AMR-03] STATE_TRANSITION EMERGENCY_STOP -> MOVING (intent=MOVE)
05:15:07.617 [AMR-03] STATE_TRANSITION MOVING -> EMERGENCY_STOP (intent=STOP)
05:15:07.617 [AMR-03] SAFETY_STOP min_obstacle_distance=1.01m <= 1.2m
05:15:07.718 [AMR-03] STATE_TRANSITION EMERGENCY_STOP -> MOVING (intent=MOVE)
05:15:07.818 [AMR-03] STATE_TRANSITION MOVING -> EMERGENCY_STOP (intent=STOP)
05:15:07.818 [AMR-03] SAFETY_STOP min_obstacle_distance=1.04m <= 1.2m
05:15:07.919 [AMR-03] STATE_TRANSITION EMERGENCY_STOP -> MOVING (intent=MOVE)
05:15:08.020 [AMR-03] STATE_TRANSITION MOVING -> EMERGENCY_STOP (intent=STOP)
05:15:08.020 [AMR-03] SAFETY_STOP min_obstacle_distance=1.10m <= 1.2m
05:15:08.120 [AMR-03] STATE_TRANSITION EMERGENCY_STOP -> MOVING (intent=MOVE)
05:15:08.222 [AMR-03] STATE_TRANSITION MOVING -> EMERGENCY_STOP (intent=STOP)
05:15:08.222 [AMR-03] SAFETY_STOP min_obstacle_distance=1.08m <= 1.2m
05:15:08.323 [AMR-03] STATE_TRANSITION EMERGENCY_STOP -> MOVING (intent=MOVE)
05:15:08.423 [AMR-03] STATE_TRANSITION MOVING -> EMERGENCY_STOP (intent=STOP)
05:15:08.423 [AMR-03] SAFETY_STOP min_obstacle_distance=1.03m <= 1.2m
05:15:08.524 [AMR-03] STATE_TRANSITION EMERGENCY_STOP -> MOVING (intent=MOVE)
05:15:08.625 [AMR-03] STATE_TRANSITION MOVING -> EMERGENCY_STOP (intent=STOP)
05:15:08.625 [AMR-03] SAFETY_STOP min_obstacle_distance=1.01m <= 1.2m
05:15:08.726 [AMR-03] STATE_TRANSITION EMERGENCY_STOP -> MOVING (intent=MOVE)
05:15:08.827 [AMR-03] STATE_TRANSITION MOVING -> EMERGENCY_STOP (intent=STOP)
05:15:08.827 [AMR-03] SAFETY_STOP min_obstacle_distance=1.04m <= 1.2m
05:15:08.928 [AMR-03] STATE_TRANSITION EMERGENCY_STOP -> MOVING (intent=MOVE)
05:15:09.028 [AMR-03] STATE_TRANSITION MOVING -> EMERGENCY_STOP (intent=STOP)
05:15:09.029 [AMR-03] SAFETY_STOP min_obstacle_distance=1.10m <= 1.2m
05:15:09.130 [AMR-03] STATE_TRANSITION EMERGENCY_STOP -> MOVING (intent=MOVE)
05:15:09.230 [AMR-03] STATE_TRANSITION MOVING -> EMERGENCY_STOP (intent=STOP)
05:15:09.231 [AMR-03] SAFETY_STOP min_obstacle_distance=1.08m <= 1.2m
05:15:09.332 [AMR-03] STATE_TRANSITION EMERGENCY_STOP -> MOVING (intent=MOVE)
05:15:09.432 [AMR-03] STATE_TRANSITION MOVING -> EMERGENCY_STOP (intent=STOP)
05:15:09.432 [AMR-03] SAFETY_STOP min_obstacle_distance=1.03m <= 1.2m
05:15:09.532 [AMR-03] STATE_TRANSITION EMERGENCY_STOP -> MOVING (intent=MOVE)
05:15:09.633 [AMR-03] STATE_TRANSITION MOVING -> EMERGENCY_STOP (intent=STOP)
05:15:09.633 [AMR-03] SAFETY_STOP min_obstacle_distance=1.01m <= 1.2m
05:15:09.734 [AMR-03] STATE_TRANSITION EMERGENCY_STOP -> MOVING (intent=MOVE)
05:15:09.835 [AMR-03] STATE_TRANSITION MOVING -> EMERGENCY_STOP (intent=STOP)
05:15:09.835 [AMR-03] SAFETY_STOP min_obstacle_distance=1.04m <= 1.2m
05:15:09.936 [AMR-03] STATE_TRANSITION EMERGENCY_STOP -> MOVING (intent=MOVE)
05:15:10.037 [AMR-03] STATE_TRANSITION MOVING -> EMERGENCY_STOP (intent=STOP)
05:15:10.037 [AMR-03] SAFETY_STOP min_obstacle_distance=1.10m <= 1.2m
05:15:10.138 [AMR-03] STATE_TRANSITION EMERGENCY_STOP -> MOVING (intent=MOVE)
05:15:10.237 [AMR-03] STATE_TRANSITION MOVING -> EMERGENCY_STOP (intent=STOP)
05:15:10.237 [AMR-03] SAFETY_STOP min_obstacle_distance=1.08m <= 1.2m
05:15:10.339 [AMR-03] STATE_TRANSITION EMERGENCY_STOP -> MOVING (intent=MOVE)
05:15:10.440 [AMR-03] STATE_TRANSITION MOVING -> EMERGENCY_STOP (intent=STOP)
05:15:10.440 [AMR-03] SAFETY_STOP min_obstacle_distance=1.03m <= 1.2m
05:15:10.540 [AMR-03] STATE_TRANSITION EMERGENCY_STOP -> MOVING (intent=MOVE)
05:15:10.641 [AMR-03] STATE_TRANSITION MOVING -> EMERGENCY_STOP (intent=STOP)
05:15:10.641 [AMR-03] SAFETY_STOP min_obstacle_distance=1.01m <= 1.2m
05:15:10.742 [AMR-03] STATE_TRANSITION EMERGENCY_STOP -> MOVING (intent=MOVE)
05:15:10.843 [AMR-03] STATE_TRANSITION MOVING -> EMERGENCY_STOP (intent=STOP)
05:15:10.843 [AMR-03] SAFETY_STOP min_obstacle_distance=1.04m <= 1.2m
05:15:10.944 [AMR-03] STATE_TRANSITION EMERGENCY_STOP -> MOVING (intent=MOVE)
05:15:11.045 [AMR-03] STATE_TRANSITION MOVING -> EMERGENCY_STOP (intent=STOP)
05:15:11.045 [AMR-03] SAFETY_STOP min_obstacle_distance=1.10m <= 1.2m
05:15:11.146 [AMR-03] STATE_TRANSITION EMERGENCY_STOP -> MOVING (intent=MOVE)
05:15:11.247 [AMR-03] STATE_TRANSITION MOVING -> EMERGENCY_STOP (intent=STOP)
05:15:11.247 [AMR-03] SAFETY_STOP min_obstacle_distance=1.07m <= 1.2m
05:15:11.347 [AMR-03] STATE_TRANSITION EMERGENCY_STOP -> MOVING (intent=MOVE)
05:15:11.448 [AMR-03] STATE_TRANSITION MOVING -> EMERGENCY_STOP (intent=STOP)
05:15:11.448 [AMR-03] SAFETY_STOP min_obstacle_distance=1.03m <= 1.2m
05:15:11.548 [AMR-03] STATE_TRANSITION EMERGENCY_STOP -> MOVING (intent=MOVE)
05:15:11.649 [AMR-03] STATE_TRANSITION MOVING -> EMERGENCY_STOP (intent=STOP)
05:15:11.649 [AMR-03] SAFETY_STOP min_obstacle_distance=1.01m <= 1.2m
05:15:11.749 [AMR-03] STATE_TRANSITION EMERGENCY_STOP -> MOVING (intent=MOVE)
05:15:11.850 [AMR-03] STATE_TRANSITION MOVING -> EMERGENCY_STOP (intent=STOP)
05:15:11.850 [AMR-03] SAFETY_STOP min_obstacle_distance=1.04m <= 1.2m
05:15:11.951 [AMR-03] STATE_TRANSITION EMERGENCY_STOP -> MOVING (intent=MOVE)
05:15:12.052 [AMR-03] STATE_TRANSITION MOVING -> EMERGENCY_STOP (intent=STOP)
05:15:12.052 [AMR-03] SAFETY_STOP min_obstacle_distance=1.10m <= 1.2m
05:15:12.153 [AMR-03] STATE_TRANSITION EMERGENCY_STOP -> MOVING (intent=MOVE)
05:15:12.253 [AMR-03] STATE_TRANSITION MOVING -> EMERGENCY_STOP (intent=STOP)
05:15:12.254 [AMR-03] SAFETY_STOP min_obstacle_distance=1.08m <= 1.2m
05:15:12.355 [AMR-03] STATE_TRANSITION EMERGENCY_STOP -> MOVING (intent=MOVE)
05:15:12.455 [AMR-03] STATE_TRANSITION MOVING -> EMERGENCY_STOP (intent=STOP)
05:15:12.456 [AMR-03] SAFETY_STOP min_obstacle_distance=1.03m <= 1.2m
05:15:12.555 [AMR-03] STATE_TRANSITION EMERGENCY_STOP -> MOVING (intent=MOVE)
05:15:12.656 [AMR-03] STATE_TRANSITION MOVING -> EMERGENCY_STOP (intent=STOP)
05:15:12.656 [AMR-03] SAFETY_STOP min_obstacle_distance=1.01m <= 1.2m
05:15:12.757 [AMR-03] STATE_TRANSITION EMERGENCY_STOP -> MOVING (intent=MOVE)
05:15:12.857 [AMR-03] STATE_TRANSITION MOVING -> EMERGENCY_STOP (intent=STOP)
05:15:12.858 [AMR-03] SAFETY_STOP min_obstacle_distance=1.04m <= 1.2m
05:15:12.958 [AMR-03] STATE_TRANSITION EMERGENCY_STOP -> MOVING (intent=MOVE)
05:15:13.059 [AMR-03] STATE_TRANSITION MOVING -> EMERGENCY_STOP (intent=STOP)
05:15:13.059 [AMR-03] SAFETY_STOP min_obstacle_distance=1.10m <= 1.2m
05:15:13.159 [AMR-03] STATE_TRANSITION EMERGENCY_STOP -> MOVING (intent=MOVE)
05:15:13.260 [AMR-03] STATE_TRANSITION MOVING -> EMERGENCY_STOP (intent=STOP)
05:15:13.260 [AMR-03] SAFETY_STOP min_obstacle_distance=1.08m <= 1.2m
05:15:13.361 [AMR-03] STATE_TRANSITION EMERGENCY_STOP -> MOVING (intent=MOVE)
05:15:13.461 [AMR-03] STATE_TRANSITION MOVING -> EMERGENCY_STOP (intent=STOP)
05:15:13.461 [AMR-03] SAFETY_STOP min_obstacle_distance=1.00m <= 1.2m
05:15:13.562 [AMR-03] STATE_TRANSITION EMERGENCY_STOP -> MOVING (intent=MOVE)
05:15:13.663 [AMR-03] STATE_TRANSITION MOVING -> EMERGENCY_STOP (intent=STOP)
05:15:13.663 [AMR-03] SAFETY_STOP min_obstacle_distance=1.01m <= 1.2m
05:15:13.764 [AMR-03] STATE_TRANSITION EMERGENCY_STOP -> MOVING (intent=MOVE)
05:15:13.864 [AMR-03] STATE_TRANSITION MOVING -> EMERGENCY_STOP (intent=STOP)
05:15:13.865 [AMR-03] SAFETY_STOP min_obstacle_distance=1.04m <= 1.2m
05:15:13.965 [AMR-03] STATE_TRANSITION EMERGENCY_STOP -> MOVING (intent=MOVE)
05:15:14.066 [AMR-03] STATE_TRANSITION MOVING -> EMERGENCY_STOP (intent=STOP)
05:15:14.066 [AMR-03] SAFETY_STOP min_obstacle_distance=1.10m <= 1.2m
05:15:14.167 [AMR-03] STATE_TRANSITION EMERGENCY_STOP -> MOVING (intent=MOVE)
05:15:14.267 [AMR-03] STATE_TRANSITION MOVING -> EMERGENCY_STOP (intent=STOP)
05:15:14.267 [AMR-03] SAFETY_STOP min_obstacle_distance=1.08m <= 1.2m
05:15:14.368 [AMR-03] STATE_TRANSITION EMERGENCY_STOP -> MOVING (intent=MOVE)
05:15:14.470 [AMR-03] STATE_TRANSITION MOVING -> EMERGENCY_STOP (intent=STOP)
05:15:14.470 [AMR-03] SAFETY_STOP min_obstacle_distance=1.00m <= 1.2m
05:15:14.569 [AMR-03] STATE_TRANSITION EMERGENCY_STOP -> MOVING (intent=MOVE)
05:15:14.670 [AMR-03] STATE_TRANSITION MOVING -> EMERGENCY_STOP (intent=STOP)
05:15:14.670 [AMR-03] SAFETY_STOP min_obstacle_distance=1.01m <= 1.2m
05:15:14.771 [AMR-03] STATE_TRANSITION EMERGENCY_STOP -> MOVING (intent=MOVE)
05:15:14.872 [AMR-03] STATE_TRANSITION MOVING -> EMERGENCY_STOP (intent=STOP)
05:15:14.873 [AMR-03] SAFETY_STOP min_obstacle_distance=1.04m <= 1.2m
05:15:14.973 [AMR-03] STATE_TRANSITION EMERGENCY_STOP -> MOVING (intent=MOVE)
05:15:15.074 [AMR-03] STATE_TRANSITION MOVING -> EMERGENCY_STOP (intent=STOP)
05:15:15.074 [AMR-03] SAFETY_STOP min_obstacle_distance=1.10m <= 1.2m
05:15:15.175 [AMR-03] STATE_TRANSITION EMERGENCY_STOP -> MOVING (intent=MOVE)
05:15:15.276 [AMR-03] STATE_TRANSITION MOVING -> EMERGENCY_STOP (intent=STOP)
05:15:15.277 [AMR-03] SAFETY_STOP min_obstacle_distance=1.08m <= 1.2m
05:15:15.377 [AMR-03] STATE_TRANSITION EMERGENCY_STOP -> MOVING (intent=MOVE)
05:15:15.476 [AMR-03] STATE_TRANSITION MOVING -> EMERGENCY_STOP (intent=STOP)
05:15:15.476 [AMR-03] SAFETY_STOP min_obstacle_distance=1.00m <= 1.2m
05:15:15.577 [AMR-03] STATE_TRANSITION EMERGENCY_STOP -> MOVING (intent=MOVE)
05:15:15.678 [AMR-03] STATE_TRANSITION MOVING -> EMERGENCY_STOP (intent=STOP)
05:15:15.678 [AMR-03] SAFETY_STOP min_obstacle_distance=1.01m <= 1.2m
05:15:15.779 [AMR-03] STATE_TRANSITION EMERGENCY_STOP -> MOVING (intent=MOVE)
05:15:15.880 [AMR-03] STATE_TRANSITION MOVING -> EMERGENCY_STOP (intent=STOP)
05:15:15.880 [AMR-03] SAFETY_STOP min_obstacle_distance=1.04m <= 1.2m
05:15:15.980 [AMR-03] STATE_TRANSITION EMERGENCY_STOP -> MOVING (intent=MOVE)
05:15:16.081 [AMR-03] STATE_TRANSITION MOVING -> EMERGENCY_STOP (intent=STOP)
05:15:16.082 [AMR-03] SAFETY_STOP min_obstacle_distance=1.10m <= 1.2m
05:15:16.181 [AMR-03] STATE_TRANSITION EMERGENCY_STOP -> MOVING (intent=MOVE)
05:15:16.281 [AMR-03] STATE_TRANSITION MOVING -> EMERGENCY_STOP (intent=STOP)
05:15:16.281 [AMR-03] SAFETY_STOP min_obstacle_distance=1.08m <= 1.2m
05:15:16.382 [AMR-03] STATE_TRANSITION EMERGENCY_STOP -> MOVING (intent=MOVE)
05:15:16.482 [AMR-03] STATE_TRANSITION MOVING -> EMERGENCY_STOP (intent=STOP)
05:15:16.482 [AMR-03] SAFETY_STOP min_obstacle_distance=1.00m <= 1.2m
05:15:16.583 [AMR-03] STATE_TRANSITION EMERGENCY_STOP -> MOVING (intent=MOVE)
05:15:16.683 [AMR-03] STATE_TRANSITION MOVING -> EMERGENCY_STOP (intent=STOP)
05:15:16.683 [AMR-03] SAFETY_STOP min_obstacle_distance=1.01m <= 1.2m
05:15:16.784 [AMR-03] STATE_TRANSITION EMERGENCY_STOP -> MOVING (intent=MOVE)
05:15:16.885 [AMR-03] STATE_TRANSITION MOVING -> EMERGENCY_STOP (intent=STOP)
05:15:16.885 [AMR-03] SAFETY_STOP min_obstacle_distance=1.04m <= 1.2m
05:15:16.985 [AMR-03] STATE_TRANSITION EMERGENCY_STOP -> MOVING (intent=MOVE)
05:15:17.086 [AMR-03] STATE_TRANSITION MOVING -> EMERGENCY_STOP (intent=STOP)
05:15:17.086 [AMR-03] SAFETY_STOP min_obstacle_distance=1.10m <= 1.2m
05:15:17.187 [AMR-03] STATE_TRANSITION EMERGENCY_STOP -> MOVING (intent=MOVE)
05:15:17.288 [AMR-03] STATE_TRANSITION MOVING -> EMERGENCY_STOP (intent=STOP)
05:15:17.289 [AMR-03] SAFETY_STOP min_obstacle_distance=1.08m <= 1.2m
05:15:17.390 [AMR-03] STATE_TRANSITION EMERGENCY_STOP -> MOVING (intent=MOVE)
05:15:17.490 [AMR-03] STATE_TRANSITION MOVING -> EMERGENCY_STOP (intent=STOP)
05:15:17.490 [AMR-03] SAFETY_STOP min_obstacle_distance=1.00m <= 1.2m
05:15:17.592 [AMR-03] STATE_TRANSITION EMERGENCY_STOP -> MOVING (intent=MOVE)
05:15:17.692 [AMR-03] STATE_TRANSITION MOVING -> EMERGENCY_STOP (intent=STOP)
05:15:17.692 [AMR-03] SAFETY_STOP min_obstacle_distance=1.01m <= 1.2m
05:15:17.792 [AMR-03] STATE_TRANSITION EMERGENCY_STOP -> MOVING (intent=MOVE)
05:15:17.893 [AMR-03] STATE_TRANSITION MOVING -> EMERGENCY_STOP (intent=STOP)
05:15:17.893 [AMR-03] SAFETY_STOP min_obstacle_distance=1.04m <= 1.2m
05:15:17.993 [AMR-03] STATE_TRANSITION EMERGENCY_STOP -> MOVING (intent=MOVE)
05:15:18.094 [AMR-03] STATE_TRANSITION MOVING -> EMERGENCY_STOP (intent=STOP)
05:15:18.095 [AMR-03] SAFETY_STOP min_obstacle_distance=1.10m <= 1.2m
05:15:18.194 [AMR-03] STATE_TRANSITION EMERGENCY_STOP -> MOVING (intent=MOVE)
05:15:18.295 [AMR-03] STATE_TRANSITION MOVING -> EMERGENCY_STOP (intent=STOP)
05:15:18.295 [AMR-03] SAFETY_STOP min_obstacle_distance=1.08m <= 1.2m
05:15:18.395 [AMR-03] STATE_TRANSITION EMERGENCY_STOP -> MOVING (intent=MOVE)
05:15:18.495 [AMR-03] STATE_TRANSITION MOVING -> EMERGENCY_STOP (intent=STOP)
05:15:18.495 [AMR-03] SAFETY_STOP min_obstacle_distance=1.00m <= 1.2m
05:15:18.596 [AMR-03] STATE_TRANSITION EMERGENCY_STOP -> MOVING (intent=MOVE)
05:15:18.696 [AMR-03] STATE_TRANSITION MOVING -> EMERGENCY_STOP (intent=STOP)
05:15:18.696 [AMR-03] SAFETY_STOP min_obstacle_distance=1.01m <= 1.2m
05:15:18.798 [AMR-03] STATE_TRANSITION EMERGENCY_STOP -> MOVING (intent=MOVE)
05:15:18.899 [AMR-03] STATE_TRANSITION MOVING -> EMERGENCY_STOP (intent=STOP)
05:15:18.899 [AMR-03] SAFETY_STOP min_obstacle_distance=1.04m <= 1.2m
05:15:18.999 [AMR-03] STATE_TRANSITION EMERGENCY_STOP -> MOVING (intent=MOVE)
05:15:19.100 [AMR-03] STATE_TRANSITION MOVING -> EMERGENCY_STOP (intent=STOP)
05:15:19.100 [AMR-03] SAFETY_STOP min_obstacle_distance=1.10m <= 1.2m
05:15:19.200 [AMR-03] STATE_TRANSITION EMERGENCY_STOP -> MOVING (intent=MOVE)
05:15:19.301 [AMR-03] STATE_TRANSITION MOVING -> EMERGENCY_STOP (intent=STOP)
05:15:19.301 [AMR-03] SAFETY_STOP min_obstacle_distance=1.08m <= 1.2m
05:15:19.402 [AMR-03] STATE_TRANSITION EMERGENCY_STOP -> MOVING (intent=MOVE)
05:15:19.502 [AMR-03] STATE_TRANSITION MOVING -> EMERGENCY_STOP (intent=STOP)
05:15:19.502 [AMR-03] SAFETY_STOP min_obstacle_distance=1.00m <= 1.2m
05:15:19.603 [AMR-03] STATE_TRANSITION EMERGENCY_STOP -> MOVING (intent=MOVE)
05:15:19.703 [AMR-03] STATE_TRANSITION MOVING -> EMERGENCY_STOP (intent=STOP)
05:15:19.703 [AMR-03] SAFETY_STOP min_obstacle_distance=1.01m <= 1.2m
05:15:19.804 [AMR-03] STATE_TRANSITION EMERGENCY_STOP -> MOVING (intent=MOVE)
05:15:19.904 [AMR-03] STATE_TRANSITION MOVING -> EMERGENCY_STOP (intent=STOP)
05:15:19.904 [AMR-03] SAFETY_STOP min_obstacle_distance=1.04m <= 1.2m
05:15:20.005 [AMR-03] STATE_TRANSITION EMERGENCY_STOP -> MOVING (intent=MOVE)
05:15:20.106 [AMR-03] STATE_TRANSITION MOVING -> EMERGENCY_STOP (intent=STOP)
05:15:20.106 [AMR-03] SAFETY_STOP min_obstacle_distance=1.10m <= 1.2m
05:15:20.206 [AMR-03] STATE_TRANSITION EMERGENCY_STOP -> MOVING (intent=MOVE)
05:15:20.307 [AMR-03] STATE_TRANSITION MOVING -> EMERGENCY_STOP (intent=STOP)
05:15:20.307 [AMR-03] SAFETY_STOP min_obstacle_distance=1.08m <= 1.2m
05:15:20.408 [AMR-03] STATE_TRANSITION EMERGENCY_STOP -> MOVING (intent=MOVE)
05:15:20.508 [AMR-03] STATE_TRANSITION MOVING -> EMERGENCY_STOP (intent=STOP)
05:15:20.508 [AMR-03] SAFETY_STOP min_obstacle_distance=1.00m <= 1.2m
05:15:20.610 [AMR-03] STATE_TRANSITION EMERGENCY_STOP -> MOVING (intent=MOVE)
05:15:20.710 [AMR-03] STATE_TRANSITION MOVING -> EMERGENCY_STOP (intent=STOP)
05:15:20.710 [AMR-03] SAFETY_STOP min_obstacle_distance=1.01m <= 1.2m
05:15:20.811 [AMR-03] STATE_TRANSITION EMERGENCY_STOP -> MOVING (intent=MOVE)
05:15:20.911 [AMR-03] STATE_TRANSITION MOVING -> EMERGENCY_STOP (intent=STOP)
05:15:20.911 [AMR-03] SAFETY_STOP min_obstacle_distance=1.04m <= 1.2m
05:15:21.012 [AMR-03] STATE_TRANSITION EMERGENCY_STOP -> MOVING (intent=MOVE)
05:15:21.112 [AMR-03] STATE_TRANSITION MOVING -> EMERGENCY_STOP (intent=STOP)
05:15:21.112 [AMR-03] SAFETY_STOP min_obstacle_distance=1.10m <= 1.2m
05:15:21.214 [AMR-03] STATE_TRANSITION EMERGENCY_STOP -> MOVING (intent=MOVE)
05:15:21.314 [AMR-03] STATE_TRANSITION MOVING -> EMERGENCY_STOP (intent=STOP)
05:15:21.314 [AMR-03] SAFETY_STOP min_obstacle_distance=1.07m <= 1.2m
05:15:21.415 [AMR-03] STATE_TRANSITION EMERGENCY_STOP -> MOVING (intent=MOVE)
05:15:21.516 [AMR-03] STATE_TRANSITION MOVING -> EMERGENCY_STOP (intent=STOP)
05:15:21.516 [AMR-03] SAFETY_STOP min_obstacle_distance=1.00m <= 1.2m
05:15:21.617 [AMR-03] STATE_TRANSITION EMERGENCY_STOP -> MOVING (intent=MOVE)
05:15:21.717 [AMR-03] STATE_TRANSITION MOVING -> EMERGENCY_STOP (intent=STOP)
05:15:21.717 [AMR-03] SAFETY_STOP min_obstacle_distance=1.01m <= 1.2m
05:15:21.818 [AMR-03] STATE_TRANSITION EMERGENCY_STOP -> MOVING (intent=MOVE)
05:15:21.918 [AMR-03] STATE_TRANSITION MOVING -> EMERGENCY_STOP (intent=STOP)
05:15:21.918 [AMR-03] SAFETY_STOP min_obstacle_distance=1.04m <= 1.2m
05:15:22.019 [AMR-03] STATE_TRANSITION EMERGENCY_STOP -> MOVING (intent=MOVE)
05:15:22.120 [AMR-03] STATE_TRANSITION MOVING -> EMERGENCY_STOP (intent=STOP)
05:15:22.120 [AMR-03] SAFETY_STOP min_obstacle_distance=1.10m <= 1.2m
05:15:22.221 [AMR-03] STATE_TRANSITION EMERGENCY_STOP -> MOVING (intent=MOVE)
05:15:22.321 [AMR-03] STATE_TRANSITION MOVING -> EMERGENCY_STOP (intent=STOP)
05:15:22.321 [AMR-03] SAFETY_STOP min_obstacle_distance=1.08m <= 1.2m
05:15:22.422 [AMR-03] STATE_TRANSITION EMERGENCY_STOP -> MOVING (intent=MOVE)
05:15:22.522 [AMR-03] STATE_TRANSITION MOVING -> EMERGENCY_STOP (intent=STOP)
05:15:22.522 [AMR-03] SAFETY_STOP min_obstacle_distance=1.00m <= 1.2m
05:15:22.624 [AMR-03] STATE_TRANSITION EMERGENCY_STOP -> MOVING (intent=MOVE)
05:15:22.724 [AMR-03] STATE_TRANSITION MOVING -> EMERGENCY_STOP (intent=STOP)
05:15:22.724 [AMR-03] SAFETY_STOP min_obstacle_distance=1.01m <= 1.2m
05:15:22.825 [AMR-03] STATE_TRANSITION EMERGENCY_STOP -> MOVING (intent=MOVE)
05:15:22.926 [AMR-03] STATE_TRANSITION MOVING -> EMERGENCY_STOP (intent=STOP)
05:15:22.926 [AMR-03] SAFETY_STOP min_obstacle_distance=1.04m <= 1.2m
05:15:23.026 [AMR-03] STATE_TRANSITION EMERGENCY_STOP -> MOVING (intent=MOVE)
05:15:23.128 [AMR-03] STATE_TRANSITION MOVING -> EMERGENCY_STOP (intent=STOP)
05:15:23.128 [AMR-03] SAFETY_STOP min_obstacle_distance=1.10m <= 1.2m
05:15:23.229 [AMR-03] STATE_TRANSITION EMERGENCY_STOP -> MOVING (intent=MOVE)
05:15:23.330 [AMR-03] STATE_TRANSITION MOVING -> EMERGENCY_STOP (intent=STOP)
05:15:23.330 [AMR-03] SAFETY_STOP min_obstacle_distance=1.08m <= 1.2m
05:15:23.431 [AMR-03] STATE_TRANSITION EMERGENCY_STOP -> MOVING (intent=MOVE)
05:15:23.531 [AMR-03] STATE_TRANSITION MOVING -> EMERGENCY_STOP (intent=STOP)
05:15:23.532 [AMR-03] SAFETY_STOP min_obstacle_distance=1.00m <= 1.2m
05:15:23.633 [AMR-03] STATE_TRANSITION EMERGENCY_STOP -> MOVING (intent=MOVE)
05:15:23.734 [AMR-03] STATE_TRANSITION MOVING -> EMERGENCY_STOP (intent=STOP)
05:15:23.734 [AMR-03] SAFETY_STOP min_obstacle_distance=1.01m <= 1.2m
05:15:23.835 [AMR-03] STATE_TRANSITION EMERGENCY_STOP -> MOVING (intent=MOVE)
05:15:23.935 [AMR-03] STATE_TRANSITION MOVING -> EMERGENCY_STOP (intent=STOP)
05:15:23.935 [AMR-03] SAFETY_STOP min_obstacle_distance=1.04m <= 1.2m
05:15:24.036 [AMR-03] STATE_TRANSITION EMERGENCY_STOP -> MOVING (intent=MOVE)
05:15:24.137 [AMR-03] STATE_TRANSITION MOVING -> EMERGENCY_STOP (intent=STOP)
05:15:24.137 [AMR-03] SAFETY_STOP min_obstacle_distance=1.10m <= 1.2m
05:15:24.239 [AMR-03] STATE_TRANSITION EMERGENCY_STOP -> MOVING (intent=MOVE)
05:15:24.340 [AMR-03] STATE_TRANSITION MOVING -> EMERGENCY_STOP (intent=STOP)
05:15:24.340 [AMR-03] SAFETY_STOP min_obstacle_distance=1.07m <= 1.2m
05:15:24.442 [AMR-03] STATE_TRANSITION EMERGENCY_STOP -> MOVING (intent=MOVE)
05:15:24.542 [AMR-03] STATE_TRANSITION MOVING -> EMERGENCY_STOP (intent=STOP)
05:15:24.542 [AMR-03] SAFETY_STOP min_obstacle_distance=1.00m <= 1.2m
05:15:24.643 [AMR-03] STATE_TRANSITION EMERGENCY_STOP -> MOVING (intent=MOVE)
05:15:24.744 [AMR-03] STATE_TRANSITION MOVING -> EMERGENCY_STOP (intent=STOP)
05:15:24.744 [AMR-03] SAFETY_STOP min_obstacle_distance=1.01m <= 1.2m
05:15:24.845 [AMR-03] STATE_TRANSITION EMERGENCY_STOP -> MOVING (intent=MOVE)
05:15:24.946 [AMR-03] STATE_TRANSITION MOVING -> EMERGENCY_STOP (intent=STOP)
05:15:24.946 [AMR-03] SAFETY_STOP min_obstacle_distance=1.04m <= 1.2m
05:15:25.048 [AMR-03] STATE_TRANSITION EMERGENCY_STOP -> MOVING (intent=MOVE)
05:15:25.150 [AMR-03] STATE_TRANSITION MOVING -> EMERGENCY_STOP (intent=STOP)
05:15:25.150 [AMR-03] SAFETY_STOP min_obstacle_distance=1.10m <= 1.2m
05:15:25.251 [AMR-03] STATE_TRANSITION EMERGENCY_STOP -> MOVING (intent=MOVE)
05:15:25.352 [AMR-03] STATE_TRANSITION MOVING -> EMERGENCY_STOP (intent=STOP)
05:15:25.352 [AMR-03] SAFETY_STOP min_obstacle_distance=1.07m <= 1.2m
05:15:25.453 [AMR-03] STATE_TRANSITION EMERGENCY_STOP -> MOVING (intent=MOVE)
05:15:25.555 [AMR-03] STATE_TRANSITION MOVING -> EMERGENCY_STOP (intent=STOP)
05:15:25.555 [AMR-03] SAFETY_STOP min_obstacle_distance=1.00m <= 1.2m
05:15:25.656 [AMR-03] STATE_TRANSITION EMERGENCY_STOP -> MOVING (intent=MOVE)
05:15:25.758 [AMR-03] STATE_TRANSITION MOVING -> EMERGENCY_STOP (intent=STOP)
05:15:25.758 [AMR-03] SAFETY_STOP min_obstacle_distance=1.01m <= 1.2m
05:15:25.860 [AMR-03] STATE_TRANSITION EMERGENCY_STOP -> MOVING (intent=MOVE)
05:15:25.962 [AMR-03] STATE_TRANSITION MOVING -> EMERGENCY_STOP (intent=STOP)
05:15:25.962 [AMR-03] SAFETY_STOP min_obstacle_distance=1.05m <= 1.2m
05:15:26.062 [AMR-03] STATE_TRANSITION EMERGENCY_STOP -> MOVING (intent=MOVE)
05:15:26.163 [AMR-03] STATE_TRANSITION MOVING -> EMERGENCY_STOP (intent=STOP)
05:15:26.163 [AMR-03] SAFETY_STOP min_obstacle_distance=1.10m <= 1.2m
05:15:26.265 [AMR-03] STATE_TRANSITION EMERGENCY_STOP -> MOVING (intent=MOVE)
05:15:26.366 [AMR-03] STATE_TRANSITION MOVING -> EMERGENCY_STOP (intent=STOP)
05:15:26.366 [AMR-03] SAFETY_STOP min_obstacle_distance=1.07m <= 1.2m
05:15:26.467 [AMR-03] STATE_TRANSITION EMERGENCY_STOP -> MOVING (intent=MOVE)
05:15:26.568 [AMR-03] STATE_TRANSITION MOVING -> EMERGENCY_STOP (intent=STOP)
05:15:26.568 [AMR-03] SAFETY_STOP min_obstacle_distance=1.01m <= 1.2m
05:15:26.669 [AMR-03] STATE_TRANSITION EMERGENCY_STOP -> MOVING (intent=MOVE)
05:15:26.770 [AMR-03] STATE_TRANSITION MOVING -> EMERGENCY_STOP (intent=STOP)
05:15:26.770 [AMR-03] SAFETY_STOP min_obstacle_distance=1.04m <= 1.2m
05:15:26.872 [AMR-03] STATE_TRANSITION EMERGENCY_STOP -> MOVING (intent=MOVE)
05:15:26.974 [AMR-03] STATE_TRANSITION MOVING -> EMERGENCY_STOP (intent=STOP)
05:15:26.974 [AMR-03] SAFETY_STOP min_obstacle_distance=1.10m <= 1.2m
05:15:27.076 [AMR-03] STATE_TRANSITION EMERGENCY_STOP -> MOVING (intent=MOVE)
05:15:27.177 [AMR-03] STATE_TRANSITION MOVING -> EMERGENCY_STOP (intent=STOP)
05:15:27.177 [AMR-03] SAFETY_STOP min_obstacle_distance=1.07m <= 1.2m
05:15:27.279 [AMR-03] STATE_TRANSITION EMERGENCY_STOP -> MOVING (intent=MOVE)
05:15:27.381 [AMR-03] STATE_TRANSITION MOVING -> EMERGENCY_STOP (intent=STOP)
05:15:27.381 [AMR-03] SAFETY_STOP min_obstacle_distance=1.03m <= 1.2m
05:15:27.480 [AMR-03] STATE_TRANSITION EMERGENCY_STOP -> MOVING (intent=MOVE)
05:15:27.582 [AMR-03] STATE_TRANSITION MOVING -> EMERGENCY_STOP (intent=STOP)
05:15:27.582 [AMR-03] SAFETY_STOP min_obstacle_distance=1.01m <= 1.2m
05:15:27.683 [AMR-03] STATE_TRANSITION EMERGENCY_STOP -> MOVING (intent=MOVE)
05:15:27.785 [AMR-03] STATE_TRANSITION MOVING -> EMERGENCY_STOP (intent=STOP)
05:15:27.785 [AMR-03] SAFETY_STOP min_obstacle_distance=1.04m <= 1.2m
05:15:27.887 [AMR-03] STATE_TRANSITION EMERGENCY_STOP -> MOVING (intent=MOVE)
05:15:27.989 [AMR-03] STATE_TRANSITION MOVING -> EMERGENCY_STOP (intent=STOP)
05:15:27.989 [AMR-03] SAFETY_STOP min_obstacle_distance=1.10m <= 1.2m
05:15:28.090 [AMR-03] STATE_TRANSITION EMERGENCY_STOP -> MOVING (intent=MOVE)
05:15:28.190 [AMR-03] STATE_TRANSITION MOVING -> EMERGENCY_STOP (intent=STOP)
05:15:28.190 [AMR-03] SAFETY_STOP min_obstacle_distance=1.07m <= 1.2m
05:15:28.291 [AMR-03] STATE_TRANSITION EMERGENCY_STOP -> MOVING (intent=MOVE)
05:15:28.392 [AMR-03] STATE_TRANSITION MOVING -> EMERGENCY_STOP (intent=STOP)
05:15:28.392 [AMR-03] SAFETY_STOP min_obstacle_distance=1.03m <= 1.2m
05:15:28.493 [AMR-03] STATE_TRANSITION EMERGENCY_STOP -> MOVING (intent=MOVE)
05:15:28.596 [AMR-03] STATE_TRANSITION MOVING -> EMERGENCY_STOP (intent=STOP)
05:15:28.596 [AMR-03] SAFETY_STOP min_obstacle_distance=1.01m <= 1.2m
05:15:28.696 [AMR-03] STATE_TRANSITION EMERGENCY_STOP -> MOVING (intent=MOVE)
05:15:28.797 [AMR-03] STATE_TRANSITION MOVING -> EMERGENCY_STOP (intent=STOP)
05:15:28.797 [AMR-03] SAFETY_STOP min_obstacle_distance=1.05m <= 1.2m
05:15:28.898 [AMR-03] STATE_TRANSITION EMERGENCY_STOP -> MOVING (intent=MOVE)
05:15:28.999 [AMR-03] STATE_TRANSITION MOVING -> EMERGENCY_STOP (intent=STOP)
05:15:28.999 [AMR-03] SAFETY_STOP min_obstacle_distance=1.10m <= 1.2m
05:15:29.101 [AMR-03] STATE_TRANSITION EMERGENCY_STOP -> MOVING (intent=MOVE)
05:15:29.203 [AMR-03] STATE_TRANSITION MOVING -> EMERGENCY_STOP (intent=STOP)
05:15:29.203 [AMR-03] SAFETY_STOP min_obstacle_distance=1.07m <= 1.2m
05:15:29.303 [AMR-03] STATE_TRANSITION EMERGENCY_STOP -> MOVING (intent=MOVE)
05:15:29.405 [AMR-03] STATE_TRANSITION MOVING -> EMERGENCY_STOP (intent=STOP)
05:15:29.405 [AMR-03] SAFETY_STOP min_obstacle_distance=1.03m <= 1.2m
05:15:29.506 [AMR-03] STATE_TRANSITION EMERGENCY_STOP -> MOVING (intent=MOVE)
05:15:29.607 [AMR-03] STATE_TRANSITION MOVING -> EMERGENCY_STOP (intent=STOP)
05:15:29.607 [AMR-03] SAFETY_STOP min_obstacle_distance=1.01m <= 1.2m
05:15:29.708 [AMR-03] STATE_TRANSITION EMERGENCY_STOP -> MOVING (intent=MOVE)
05:15:29.809 [AMR-03] STATE_TRANSITION MOVING -> EMERGENCY_STOP (intent=STOP)
05:15:29.809 [AMR-03] SAFETY_STOP min_obstacle_distance=1.05m <= 1.2m
05:15:29.911 [AMR-03] STATE_TRANSITION EMERGENCY_STOP -> MOVING (intent=MOVE)
05:15:30.013 [AMR-03] STATE_TRANSITION MOVING -> EMERGENCY_STOP (intent=STOP)
05:15:30.013 [AMR-03] SAFETY_STOP min_obstacle_distance=1.10m <= 1.2m
05:15:30.116 [AMR-03] STATE_TRANSITION EMERGENCY_STOP -> MOVING (intent=MOVE)
05:15:30.217 [AMR-03] STATE_TRANSITION MOVING -> EMERGENCY_STOP (intent=STOP)
05:15:30.217 [AMR-03] SAFETY_STOP min_obstacle_distance=1.07m <= 1.2m
05:15:30.318 [AMR-03] STATE_TRANSITION EMERGENCY_STOP -> MOVING (intent=MOVE)
05:15:30.419 [AMR-03] STATE_TRANSITION MOVING -> EMERGENCY_STOP (intent=STOP)
05:15:30.420 [AMR-03] SAFETY_STOP min_obstacle_distance=1.03m <= 1.2m
05:15:30.519 [AMR-03] STATE_TRANSITION EMERGENCY_STOP -> MOVING (intent=MOVE)
05:15:30.620 [AMR-03] STATE_TRANSITION MOVING -> EMERGENCY_STOP (intent=STOP)
05:15:30.621 [AMR-03] SAFETY_STOP min_obstacle_distance=1.01m <= 1.2m
05:15:30.723 [AMR-03] STATE_TRANSITION EMERGENCY_STOP -> MOVING (intent=MOVE)
05:15:30.824 [AMR-03] STATE_TRANSITION MOVING -> EMERGENCY_STOP (intent=STOP)
05:15:30.824 [AMR-03] SAFETY_STOP min_obstacle_distance=1.04m <= 1.2m
05:15:30.925 [AMR-03] STATE_TRANSITION EMERGENCY_STOP -> MOVING (intent=MOVE)
05:15:31.027 [AMR-03] STATE_TRANSITION MOVING -> EMERGENCY_STOP (intent=STOP)
05:15:31.028 [AMR-03] SAFETY_STOP min_obstacle_distance=1.10m <= 1.2m
05:15:31.129 [AMR-03] STATE_TRANSITION EMERGENCY_STOP -> MOVING (intent=MOVE)
05:15:31.230 [AMR-03] STATE_TRANSITION MOVING -> EMERGENCY_STOP (intent=STOP)
05:15:31.230 [AMR-03] SAFETY_STOP min_obstacle_distance=1.07m <= 1.2m
05:15:31.331 [AMR-03] STATE_TRANSITION EMERGENCY_STOP -> MOVING (intent=MOVE)
05:15:31.432 [AMR-03] STATE_TRANSITION MOVING -> EMERGENCY_STOP (intent=STOP)
05:15:31.433 [AMR-03] SAFETY_STOP min_obstacle_distance=1.03m <= 1.2m
05:15:31.533 [AMR-03] STATE_TRANSITION EMERGENCY_STOP -> MOVING (intent=MOVE)
05:15:31.634 [AMR-03] STATE_TRANSITION MOVING -> EMERGENCY_STOP (intent=STOP)
05:15:31.634 [AMR-03] SAFETY_STOP min_obstacle_distance=1.01m <= 1.2m
05:15:31.735 [AMR-03] STATE_TRANSITION EMERGENCY_STOP -> MOVING (intent=MOVE)
05:15:31.836 [AMR-03] STATE_TRANSITION MOVING -> EMERGENCY_STOP (intent=STOP)
05:15:31.836 [AMR-03] SAFETY_STOP min_obstacle_distance=1.04m <= 1.2m
05:15:31.937 [AMR-03] STATE_TRANSITION EMERGENCY_STOP -> MOVING (intent=MOVE)
05:15:32.040 [AMR-03] STATE_TRANSITION MOVING -> EMERGENCY_STOP (intent=STOP)
05:15:32.040 [AMR-03] SAFETY_STOP min_obstacle_distance=1.10m <= 1.2m
05:15:32.142 [AMR-03] STATE_TRANSITION EMERGENCY_STOP -> MOVING (intent=MOVE)
05:15:32.242 [AMR-03] STATE_TRANSITION MOVING -> EMERGENCY_STOP (intent=STOP)
05:15:32.242 [AMR-03] SAFETY_STOP min_obstacle_distance=1.07m <= 1.2m
05:15:32.344 [AMR-03] STATE_TRANSITION EMERGENCY_STOP -> MOVING (intent=MOVE)
05:15:32.445 [AMR-03] STATE_TRANSITION MOVING -> EMERGENCY_STOP (intent=STOP)
05:15:32.445 [AMR-03] SAFETY_STOP min_obstacle_distance=1.03m <= 1.2m
05:15:32.545 [AMR-03] STATE_TRANSITION EMERGENCY_STOP -> MOVING (intent=MOVE)
05:15:32.646 [AMR-03] STATE_TRANSITION MOVING -> EMERGENCY_STOP (intent=STOP)
05:15:32.646 [AMR-03] SAFETY_STOP min_obstacle_distance=1.01m <= 1.2m
05:15:32.747 [AMR-03] STATE_TRANSITION EMERGENCY_STOP -> MOVING (intent=MOVE)
05:15:32.848 [AMR-03] STATE_TRANSITION MOVING -> EMERGENCY_STOP (intent=STOP)
05:15:32.849 [AMR-03] SAFETY_STOP min_obstacle_distance=1.04m <= 1.2m
05:15:32.951 [AMR-03] STATE_TRANSITION EMERGENCY_STOP -> MOVING (intent=MOVE)
05:15:33.053 [AMR-03] STATE_TRANSITION MOVING -> EMERGENCY_STOP (intent=STOP)
05:15:33.053 [AMR-03] SAFETY_STOP min_obstacle_distance=1.10m <= 1.2m
05:15:33.154 [AMR-03] STATE_TRANSITION EMERGENCY_STOP -> MOVING (intent=MOVE)
05:15:33.257 [AMR-03] STATE_TRANSITION MOVING -> EMERGENCY_STOP (intent=STOP)
05:15:33.257 [AMR-03] SAFETY_STOP min_obstacle_distance=1.07m <= 1.2m
05:15:33.357 [AMR-03] STATE_TRANSITION EMERGENCY_STOP -> MOVING (intent=MOVE)
05:15:33.458 [AMR-03] STATE_TRANSITION MOVING -> EMERGENCY_STOP (intent=STOP)
05:15:33.458 [AMR-03] SAFETY_STOP min_obstacle_distance=1.00m <= 1.2m
05:15:33.559 [AMR-03] STATE_TRANSITION EMERGENCY_STOP -> MOVING (intent=MOVE)
05:15:33.660 [AMR-03] STATE_TRANSITION MOVING -> EMERGENCY_STOP (intent=STOP)
05:15:33.660 [AMR-03] SAFETY_STOP min_obstacle_distance=1.01m <= 1.2m
05:15:33.761 [AMR-03] STATE_TRANSITION EMERGENCY_STOP -> MOVING (intent=MOVE)
05:15:33.862 [AMR-03] STATE_TRANSITION MOVING -> EMERGENCY_STOP (intent=STOP)
05:15:33.862 [AMR-03] SAFETY_STOP min_obstacle_distance=1.04m <= 1.2m
05:15:33.963 [AMR-03] STATE_TRANSITION EMERGENCY_STOP -> MOVING (intent=MOVE)
05:15:34.064 [AMR-03] STATE_TRANSITION MOVING -> EMERGENCY_STOP (intent=STOP)
05:15:34.064 [AMR-03] SAFETY_STOP min_obstacle_distance=1.10m <= 1.2m
05:15:34.165 [AMR-03] STATE_TRANSITION EMERGENCY_STOP -> MOVING (intent=MOVE)
05:15:34.266 [AMR-03] STATE_TRANSITION MOVING -> EMERGENCY_STOP (intent=STOP)
05:15:34.266 [AMR-03] SAFETY_STOP min_obstacle_distance=1.07m <= 1.2m
05:15:34.366 [AMR-03] STATE_TRANSITION EMERGENCY_STOP -> MOVING (intent=MOVE)
05:15:34.468 [AMR-03] STATE_TRANSITION MOVING -> EMERGENCY_STOP (intent=STOP)
05:15:34.468 [AMR-03] SAFETY_STOP min_obstacle_distance=1.00m <= 1.2m
05:15:34.568 [AMR-03] STATE_TRANSITION EMERGENCY_STOP -> MOVING (intent=MOVE)
05:15:34.668 [AMR-03] STATE_TRANSITION MOVING -> EMERGENCY_STOP (intent=STOP)
05:15:34.668 [AMR-03] SAFETY_STOP min_obstacle_distance=1.01m <= 1.2m
05:15:34.769 [AMR-03] STATE_TRANSITION EMERGENCY_STOP -> MOVING (intent=MOVE)
05:15:34.870 [AMR-03] STATE_TRANSITION MOVING -> EMERGENCY_STOP (intent=STOP)
05:15:34.870 [AMR-03] SAFETY_STOP min_obstacle_distance=1.04m <= 1.2m
05:15:34.971 [AMR-03] STATE_TRANSITION EMERGENCY_STOP -> MOVING (intent=MOVE)
05:15:35.072 [AMR-03] STATE_TRANSITION MOVING -> EMERGENCY_STOP (intent=STOP)
05:15:35.072 [AMR-03] SAFETY_STOP min_obstacle_distance=1.10m <= 1.2m
05:15:35.173 [AMR-03] STATE_TRANSITION EMERGENCY_STOP -> MOVING (intent=MOVE)
05:15:35.273 [AMR-03] STATE_TRANSITION MOVING -> EMERGENCY_STOP (intent=STOP)
05:15:35.273 [AMR-03] SAFETY_STOP min_obstacle_distance=1.08m <= 1.2m
05:15:35.374 [AMR-03] STATE_TRANSITION EMERGENCY_STOP -> MOVING (intent=MOVE)
05:15:35.475 [AMR-03] STATE_TRANSITION MOVING -> EMERGENCY_STOP (intent=STOP)
05:15:35.475 [AMR-03] SAFETY_STOP min_obstacle_distance=1.00m <= 1.2m
05:15:35.575 [AMR-03] STATE_TRANSITION EMERGENCY_STOP -> MOVING (intent=MOVE)
05:15:35.676 [AMR-03] STATE_TRANSITION MOVING -> EMERGENCY_STOP (intent=STOP)
05:15:35.676 [AMR-03] SAFETY_STOP min_obstacle_distance=1.01m <= 1.2m
05:15:35.777 [AMR-03] STATE_TRANSITION EMERGENCY_STOP -> MOVING (intent=MOVE)
05:15:35.877 [AMR-03] STATE_TRANSITION MOVING -> EMERGENCY_STOP (intent=STOP)
05:15:35.877 [AMR-03] SAFETY_STOP min_obstacle_distance=1.04m <= 1.2m
05:15:35.979 [AMR-03] STATE_TRANSITION EMERGENCY_STOP -> MOVING (intent=MOVE)
05:15:36.079 [AMR-03] STATE_TRANSITION MOVING -> EMERGENCY_STOP (intent=STOP)
05:15:36.079 [AMR-03] SAFETY_STOP min_obstacle_distance=1.10m <= 1.2m
05:15:36.180 [AMR-03] STATE_TRANSITION EMERGENCY_STOP -> MOVING (intent=MOVE)
05:15:36.281 [AMR-03] STATE_TRANSITION MOVING -> EMERGENCY_STOP (intent=STOP)
05:15:36.281 [AMR-03] SAFETY_STOP min_obstacle_distance=1.07m <= 1.2m
05:15:36.383 [AMR-03] STATE_TRANSITION EMERGENCY_STOP -> MOVING (intent=MOVE)
05:15:36.483 [AMR-03] STATE_TRANSITION MOVING -> EMERGENCY_STOP (intent=STOP)
05:15:36.483 [AMR-03] SAFETY_STOP min_obstacle_distance=1.03m <= 1.2m
05:15:36.584 [AMR-03] STATE_TRANSITION EMERGENCY_STOP -> MOVING (intent=MOVE)
05:15:36.684 [AMR-03] STATE_TRANSITION MOVING -> EMERGENCY_STOP (intent=STOP)
05:15:36.685 [AMR-03] SAFETY_STOP min_obstacle_distance=1.01m <= 1.2m
05:15:36.787 [AMR-03] STATE_TRANSITION EMERGENCY_STOP -> MOVING (intent=MOVE)
05:15:36.886 [AMR-03] STATE_TRANSITION MOVING -> EMERGENCY_STOP (intent=STOP)
05:15:36.886 [AMR-03] SAFETY_STOP min_obstacle_distance=1.04m <= 1.2m
05:15:36.987 [AMR-03] STATE_TRANSITION EMERGENCY_STOP -> MOVING (intent=MOVE)
05:15:37.087 [AMR-03] STATE_TRANSITION MOVING -> EMERGENCY_STOP (intent=STOP)
05:15:37.087 [AMR-03] SAFETY_STOP min_obstacle_distance=1.10m <= 1.2m
05:15:37.188 [AMR-03] STATE_TRANSITION EMERGENCY_STOP -> MOVING (intent=MOVE)
05:15:37.289 [AMR-03] STATE_TRANSITION MOVING -> EMERGENCY_STOP (intent=STOP)
05:15:37.289 [AMR-03] SAFETY_STOP min_obstacle_distance=1.08m <= 1.2m
05:15:37.390 [AMR-03] STATE_TRANSITION EMERGENCY_STOP -> MOVING (intent=MOVE)
05:15:37.491 [AMR-03] STATE_TRANSITION MOVING -> EMERGENCY_STOP (intent=STOP)
05:15:37.491 [AMR-03] SAFETY_STOP min_obstacle_distance=1.00m <= 1.2m
05:15:37.592 [AMR-03] STATE_TRANSITION EMERGENCY_STOP -> MOVING (intent=MOVE)
05:15:37.692 [AMR-03] STATE_TRANSITION MOVING -> EMERGENCY_STOP (intent=STOP)
05:15:37.692 [AMR-03] SAFETY_STOP min_obstacle_distance=1.01m <= 1.2m
05:15:37.793 [AMR-03] STATE_TRANSITION EMERGENCY_STOP -> MOVING (intent=MOVE)
05:15:37.893 [AMR-03] STATE_TRANSITION MOVING -> EMERGENCY_STOP (intent=STOP)
05:15:37.893 [AMR-03] SAFETY_STOP min_obstacle_distance=1.04m <= 1.2m
05:15:37.994 [AMR-03] STATE_TRANSITION EMERGENCY_STOP -> MOVING (intent=MOVE)
05:15:38.095 [AMR-03] STATE_TRANSITION MOVING -> EMERGENCY_STOP (intent=STOP)
05:15:38.095 [AMR-03] SAFETY_STOP min_obstacle_distance=1.10m <= 1.2m
05:15:38.196 [AMR-03] STATE_TRANSITION EMERGENCY_STOP -> MOVING (intent=MOVE)
05:15:38.296 [AMR-03] STATE_TRANSITION MOVING -> EMERGENCY_STOP (intent=STOP)
05:15:38.297 [AMR-03] SAFETY_STOP min_obstacle_distance=1.08m <= 1.2m
05:15:38.397 [AMR-03] STATE_TRANSITION EMERGENCY_STOP -> MOVING (intent=MOVE)
05:15:38.497 [AMR-03] STATE_TRANSITION MOVING -> EMERGENCY_STOP (intent=STOP)
05:15:38.497 [AMR-03] SAFETY_STOP min_obstacle_distance=1.00m <= 1.2m
05:15:38.598 [AMR-03] STATE_TRANSITION EMERGENCY_STOP -> MOVING (intent=MOVE)
05:15:38.698 [AMR-03] STATE_TRANSITION MOVING -> EMERGENCY_STOP (intent=STOP)
05:15:38.698 [AMR-03] SAFETY_STOP min_obstacle_distance=1.01m <= 1.2m
05:15:38.799 [AMR-03] STATE_TRANSITION EMERGENCY_STOP -> MOVING (intent=MOVE)
05:15:38.900 [AMR-03] STATE_TRANSITION MOVING -> EMERGENCY_STOP (intent=STOP)
05:15:38.900 [AMR-03] SAFETY_STOP min_obstacle_distance=1.04m <= 1.2m
05:15:39.000 [AMR-03] STATE_TRANSITION EMERGENCY_STOP -> MOVING (intent=MOVE)
05:15:39.101 [AMR-03] STATE_TRANSITION MOVING -> EMERGENCY_STOP (intent=STOP)
05:15:39.101 [AMR-03] SAFETY_STOP min_obstacle_distance=1.10m <= 1.2m
05:15:39.201 [AMR-03] STATE_TRANSITION EMERGENCY_STOP -> MOVING (intent=MOVE)
05:15:39.302 [AMR-03] STATE_TRANSITION MOVING -> EMERGENCY_STOP (intent=STOP)
05:15:39.303 [AMR-03] SAFETY_STOP min_obstacle_distance=1.08m <= 1.2m
05:15:39.403 [AMR-03] STATE_TRANSITION EMERGENCY_STOP -> MOVING (intent=MOVE)
05:15:39.503 [AMR-03] STATE_TRANSITION MOVING -> EMERGENCY_STOP (intent=STOP)
05:15:39.503 [AMR-03] SAFETY_STOP min_obstacle_distance=1.00m <= 1.2m
05:15:39.604 [AMR-03] STATE_TRANSITION EMERGENCY_STOP -> MOVING (intent=MOVE)
05:15:39.706 [AMR-03] STATE_TRANSITION MOVING -> EMERGENCY_STOP (intent=STOP)
05:15:39.706 [AMR-03] SAFETY_STOP min_obstacle_distance=1.01m <= 1.2m
05:15:39.808 [AMR-03] STATE_TRANSITION EMERGENCY_STOP -> MOVING (intent=MOVE)
05:15:39.908 [AMR-03] STATE_TRANSITION MOVING -> EMERGENCY_STOP (intent=STOP)
05:15:39.908 [AMR-03] SAFETY_STOP min_obstacle_distance=1.05m <= 1.2m
05:15:40.009 [AMR-03] STATE_TRANSITION EMERGENCY_STOP -> MOVING (intent=MOVE)
05:15:40.111 [AMR-03] STATE_TRANSITION MOVING -> EMERGENCY_STOP (intent=STOP)
05:15:40.112 [AMR-03] SAFETY_STOP min_obstacle_distance=1.10m <= 1.2m
05:15:40.212 [AMR-03] STATE_TRANSITION EMERGENCY_STOP -> MOVING (intent=MOVE)
05:15:40.313 [AMR-03] STATE_TRANSITION MOVING -> EMERGENCY_STOP (intent=STOP)
05:15:40.314 [AMR-03] SAFETY_STOP min_obstacle_distance=1.07m <= 1.2m
05:15:40.416 [AMR-03] STATE_TRANSITION EMERGENCY_STOP -> MOVING (intent=MOVE)
05:15:40.516 [AMR-03] STATE_TRANSITION MOVING -> EMERGENCY_STOP (intent=STOP)
05:15:40.516 [AMR-03] SAFETY_STOP min_obstacle_distance=1.00m <= 1.2m
05:15:40.618 [AMR-03] STATE_TRANSITION EMERGENCY_STOP -> MOVING (intent=MOVE)
05:15:40.719 [AMR-03] STATE_TRANSITION MOVING -> EMERGENCY_STOP (intent=STOP)
05:15:40.719 [AMR-03] SAFETY_STOP min_obstacle_distance=1.01m <= 1.2m
05:15:40.819 [AMR-03] STATE_TRANSITION EMERGENCY_STOP -> MOVING (intent=MOVE)
05:15:40.920 [AMR-03] STATE_TRANSITION MOVING -> EMERGENCY_STOP (intent=STOP)
05:15:40.920 [AMR-03] SAFETY_STOP min_obstacle_distance=1.04m <= 1.2m
05:15:41.020 [AMR-03] STATE_TRANSITION EMERGENCY_STOP -> MOVING (intent=MOVE)
05:15:41.122 [AMR-03] STATE_TRANSITION MOVING -> EMERGENCY_STOP (intent=STOP)
05:15:41.122 [AMR-03] SAFETY_STOP min_obstacle_distance=1.10m <= 1.2m
05:15:41.223 [AMR-03] STATE_TRANSITION EMERGENCY_STOP -> MOVING (intent=MOVE)
05:15:41.323 [AMR-03] STATE_TRANSITION MOVING -> EMERGENCY_STOP (intent=STOP)
05:15:41.323 [AMR-03] SAFETY_STOP min_obstacle_distance=1.07m <= 1.2m
05:15:41.424 [AMR-03] STATE_TRANSITION EMERGENCY_STOP -> MOVING (intent=MOVE)
05:15:41.524 [AMR-03] STATE_TRANSITION MOVING -> EMERGENCY_STOP (intent=STOP)
05:15:41.524 [AMR-03] SAFETY_STOP min_obstacle_distance=1.00m <= 1.2m
05:15:41.625 [AMR-03] STATE_TRANSITION EMERGENCY_STOP -> MOVING (intent=MOVE)
05:15:41.726 [AMR-03] STATE_TRANSITION MOVING -> EMERGENCY_STOP (intent=STOP)
05:15:41.726 [AMR-03] SAFETY_STOP min_obstacle_distance=1.01m <= 1.2m
05:15:41.828 [AMR-03] STATE_TRANSITION EMERGENCY_STOP -> MOVING (intent=MOVE)
05:15:41.930 [AMR-03] STATE_TRANSITION MOVING -> EMERGENCY_STOP (intent=STOP)
05:15:41.930 [AMR-03] SAFETY_STOP min_obstacle_distance=1.05m <= 1.2m
05:15:42.031 [AMR-03] STATE_TRANSITION EMERGENCY_STOP -> MOVING (intent=MOVE)
05:15:42.132 [AMR-03] STATE_TRANSITION MOVING -> EMERGENCY_STOP (intent=STOP)
05:15:42.132 [AMR-03] SAFETY_STOP min_obstacle_distance=1.10m <= 1.2m
05:15:42.234 [AMR-03] STATE_TRANSITION EMERGENCY_STOP -> MOVING (intent=MOVE)
05:15:42.334 [AMR-03] STATE_TRANSITION MOVING -> EMERGENCY_STOP (intent=STOP)
05:15:42.334 [AMR-03] SAFETY_STOP min_obstacle_distance=1.07m <= 1.2m
05:15:42.435 [AMR-03] STATE_TRANSITION EMERGENCY_STOP -> MOVING (intent=MOVE)
05:15:42.536 [AMR-03] STATE_TRANSITION MOVING -> EMERGENCY_STOP (intent=STOP)
05:15:42.536 [AMR-03] SAFETY_STOP min_obstacle_distance=1.00m <= 1.2m
05:15:42.637 [AMR-03] STATE_TRANSITION EMERGENCY_STOP -> MOVING (intent=MOVE)
05:15:42.738 [AMR-03] STATE_TRANSITION MOVING -> EMERGENCY_STOP (intent=STOP)
05:15:42.738 [AMR-03] SAFETY_STOP min_obstacle_distance=1.01m <= 1.2m
05:15:42.840 [AMR-03] STATE_TRANSITION EMERGENCY_STOP -> MOVING (intent=MOVE)
05:15:42.941 [AMR-03] STATE_TRANSITION MOVING -> EMERGENCY_STOP (intent=STOP)
05:15:42.941 [AMR-03] SAFETY_STOP min_obstacle_distance=1.05m <= 1.2m
05:15:43.043 [AMR-03] STATE_TRANSITION EMERGENCY_STOP -> MOVING (intent=MOVE)
05:15:43.143 [AMR-03] STATE_TRANSITION MOVING -> EMERGENCY_STOP (intent=STOP)
05:15:43.143 [AMR-03] SAFETY_STOP min_obstacle_distance=1.10m <= 1.2m
05:15:43.245 [AMR-03] STATE_TRANSITION EMERGENCY_STOP -> MOVING (intent=MOVE)
05:15:43.345 [AMR-03] STATE_TRANSITION MOVING -> EMERGENCY_STOP (intent=STOP)
05:15:43.345 [AMR-03] SAFETY_STOP min_obstacle_distance=1.07m <= 1.2m
05:15:43.448 [AMR-03] STATE_TRANSITION EMERGENCY_STOP -> MOVING (intent=MOVE)
05:15:43.548 [AMR-03] STATE_TRANSITION MOVING -> EMERGENCY_STOP (intent=STOP)
05:15:43.548 [AMR-03] SAFETY_STOP min_obstacle_distance=1.00m <= 1.2m
05:15:43.651 [AMR-03] STATE_TRANSITION EMERGENCY_STOP -> MOVING (intent=MOVE)
05:15:43.750 [AMR-03] STATE_TRANSITION MOVING -> EMERGENCY_STOP (intent=STOP)
05:15:43.750 [AMR-03] SAFETY_STOP min_obstacle_distance=1.01m <= 1.2m
05:15:43.851 [AMR-03] STATE_TRANSITION EMERGENCY_STOP -> MOVING (intent=MOVE)
05:15:43.952 [AMR-03] STATE_TRANSITION MOVING -> EMERGENCY_STOP (intent=STOP)
05:15:43.952 [AMR-03] SAFETY_STOP min_obstacle_distance=1.04m <= 1.2m
05:15:44.053 [AMR-03] STATE_TRANSITION EMERGENCY_STOP -> MOVING (intent=MOVE)
05:15:44.152 [AMR-03] STATE_TRANSITION MOVING -> EMERGENCY_STOP (intent=STOP)
05:15:44.153 [AMR-03] SAFETY_STOP min_obstacle_distance=1.10m <= 1.2m
05:15:44.253 [AMR-03] STATE_TRANSITION EMERGENCY_STOP -> MOVING (intent=MOVE)
05:15:44.354 [AMR-03] STATE_TRANSITION MOVING -> EMERGENCY_STOP (intent=STOP)
05:15:44.354 [AMR-03] SAFETY_STOP min_obstacle_distance=1.08m <= 1.2m
05:15:44.455 [AMR-03] STATE_TRANSITION EMERGENCY_STOP -> MOVING (intent=MOVE)
05:15:44.556 [AMR-03] STATE_TRANSITION MOVING -> EMERGENCY_STOP (intent=STOP)
05:15:44.556 [AMR-03] SAFETY_STOP min_obstacle_distance=1.00m <= 1.2m
05:15:44.656 [AMR-03] STATE_TRANSITION EMERGENCY_STOP -> MOVING (intent=MOVE)
05:15:44.758 [AMR-03] STATE_TRANSITION MOVING -> EMERGENCY_STOP (intent=STOP)
05:15:44.758 [AMR-03] SAFETY_STOP min_obstacle_distance=1.01m <= 1.2m
05:15:44.860 [AMR-03] STATE_TRANSITION EMERGENCY_STOP -> MOVING (intent=MOVE)
05:15:44.962 [AMR-03] STATE_TRANSITION MOVING -> EMERGENCY_STOP (intent=STOP)
05:15:44.962 [AMR-03] SAFETY_STOP min_obstacle_distance=1.04m <= 1.2m
05:15:45.064 [AMR-03] STATE_TRANSITION EMERGENCY_STOP -> MOVING (intent=MOVE)
05:15:45.165 [AMR-03] STATE_TRANSITION MOVING -> EMERGENCY_STOP (intent=STOP)
05:15:45.165 [AMR-03] SAFETY_STOP min_obstacle_distance=1.10m <= 1.2m
05:15:45.267 [AMR-03] STATE_TRANSITION EMERGENCY_STOP -> MOVING (intent=MOVE)
05:15:45.368 [AMR-03] STATE_TRANSITION MOVING -> EMERGENCY_STOP (intent=STOP)
05:15:45.368 [AMR-03] SAFETY_STOP min_obstacle_distance=1.07m <= 1.2m
05:15:45.467 [AMR-03] STATE_TRANSITION EMERGENCY_STOP -> MOVING (intent=MOVE)
05:15:45.568 [AMR-03] STATE_TRANSITION MOVING -> EMERGENCY_STOP (intent=STOP)
05:15:45.569 [AMR-03] SAFETY_STOP min_obstacle_distance=1.00m <= 1.2m
05:15:45.669 [AMR-03] STATE_TRANSITION EMERGENCY_STOP -> MOVING (intent=MOVE)
05:15:45.771 [AMR-03] STATE_TRANSITION MOVING -> EMERGENCY_STOP (intent=STOP)
05:15:45.771 [AMR-03] SAFETY_STOP min_obstacle_distance=1.01m <= 1.2m
05:15:45.871 [AMR-03] STATE_TRANSITION EMERGENCY_STOP -> MOVING (intent=MOVE)
05:15:45.971 [AMR-03] STATE_TRANSITION MOVING -> EMERGENCY_STOP (intent=STOP)
05:15:45.972 [AMR-03] SAFETY_STOP min_obstacle_distance=1.04m <= 1.2m
05:15:46.073 [AMR-03] STATE_TRANSITION EMERGENCY_STOP -> MOVING (intent=MOVE)
05:15:46.172 [AMR-03] STATE_TRANSITION MOVING -> EMERGENCY_STOP (intent=STOP)
05:15:46.173 [AMR-03] SAFETY_STOP min_obstacle_distance=1.10m <= 1.2m
05:15:46.273 [AMR-03] STATE_TRANSITION EMERGENCY_STOP -> MOVING (intent=MOVE)
05:15:46.373 [AMR-03] STATE_TRANSITION MOVING -> EMERGENCY_STOP (intent=STOP)
05:15:46.374 [AMR-03] SAFETY_STOP min_obstacle_distance=1.08m <= 1.2m
05:15:46.474 [AMR-03] STATE_TRANSITION EMERGENCY_STOP -> MOVING (intent=MOVE)
05:15:46.574 [AMR-03] STATE_TRANSITION MOVING -> EMERGENCY_STOP (intent=STOP)
05:15:46.574 [AMR-03] SAFETY_STOP min_obstacle_distance=1.01m <= 1.2m
05:15:46.675 [AMR-03] STATE_TRANSITION EMERGENCY_STOP -> MOVING (intent=MOVE)
05:15:46.775 [AMR-03] STATE_TRANSITION MOVING -> EMERGENCY_STOP (intent=STOP)
05:15:46.775 [AMR-03] SAFETY_STOP min_obstacle_distance=1.04m <= 1.2m
05:15:46.876 [AMR-03] STATE_TRANSITION EMERGENCY_STOP -> MOVING (intent=MOVE)
05:15:46.977 [AMR-03] STATE_TRANSITION MOVING -> EMERGENCY_STOP (intent=STOP)
05:15:46.977 [AMR-03] SAFETY_STOP min_obstacle_distance=1.10m <= 1.2m
05:15:47.077 [AMR-03] STATE_TRANSITION EMERGENCY_STOP -> MOVING (intent=MOVE)
05:15:47.177 [AMR-03] STATE_TRANSITION MOVING -> EMERGENCY_STOP (intent=STOP)
05:15:47.178 [AMR-03] SAFETY_STOP min_obstacle_distance=1.08m <= 1.2m
05:15:47.278 [AMR-03] STATE_TRANSITION EMERGENCY_STOP -> MOVING (intent=MOVE)
05:15:47.379 [AMR-03] STATE_TRANSITION MOVING -> EMERGENCY_STOP (intent=STOP)
05:15:47.379 [AMR-03] SAFETY_STOP min_obstacle_distance=1.03m <= 1.2m
05:15:47.481 [AMR-03] STATE_TRANSITION EMERGENCY_STOP -> MOVING (intent=MOVE)
05:15:47.581 [AMR-03] STATE_TRANSITION MOVING -> EMERGENCY_STOP (intent=STOP)
05:15:47.581 [AMR-03] SAFETY_STOP min_obstacle_distance=1.00m <= 1.2m
05:15:47.682 [AMR-03] STATE_TRANSITION EMERGENCY_STOP -> MOVING (intent=MOVE)
05:15:47.782 [AMR-03] STATE_TRANSITION MOVING -> EMERGENCY_STOP (intent=STOP)
05:15:47.782 [AMR-03] SAFETY_STOP min_obstacle_distance=1.01m <= 1.2m
05:15:47.883 [AMR-03] STATE_TRANSITION EMERGENCY_STOP -> MOVING (intent=MOVE)
05:15:47.983 [AMR-03] STATE_TRANSITION MOVING -> EMERGENCY_STOP (intent=STOP)
05:15:47.983 [AMR-03] SAFETY_STOP min_obstacle_distance=1.04m <= 1.2m
05:15:48.085 [AMR-03] STATE_TRANSITION EMERGENCY_STOP -> MOVING (intent=MOVE)
05:15:48.185 [AMR-03] STATE_TRANSITION MOVING -> EMERGENCY_STOP (intent=STOP)
05:15:48.185 [AMR-03] SAFETY_STOP min_obstacle_distance=1.10m <= 1.2m
05:15:48.286 [AMR-03] STATE_TRANSITION EMERGENCY_STOP -> MOVING (intent=MOVE)
05:15:48.386 [AMR-03] STATE_TRANSITION MOVING -> EMERGENCY_STOP (intent=STOP)
05:15:48.386 [AMR-03] SAFETY_STOP min_obstacle_distance=1.08m <= 1.2m
05:15:48.486 [AMR-03] STATE_TRANSITION EMERGENCY_STOP -> MOVING (intent=MOVE)
05:15:48.587 [AMR-03] STATE_TRANSITION MOVING -> EMERGENCY_STOP (intent=STOP)
05:15:48.587 [AMR-03] SAFETY_STOP min_obstacle_distance=1.01m <= 1.2m
05:15:48.687 [AMR-03] STATE_TRANSITION EMERGENCY_STOP -> MOVING (intent=MOVE)
05:15:48.787 [AMR-03] STATE_TRANSITION MOVING -> EMERGENCY_STOP (intent=STOP)
05:15:48.788 [AMR-03] SAFETY_STOP min_obstacle_distance=1.04m <= 1.2m
05:15:48.888 [AMR-03] STATE_TRANSITION EMERGENCY_STOP -> MOVING (intent=MOVE)
05:15:48.989 [AMR-03] STATE_TRANSITION MOVING -> EMERGENCY_STOP (intent=STOP)
05:15:48.989 [AMR-03] SAFETY_STOP min_obstacle_distance=1.10m <= 1.2m
05:15:49.090 [AMR-03] STATE_TRANSITION EMERGENCY_STOP -> MOVING (intent=MOVE)
05:15:49.190 [AMR-03] STATE_TRANSITION MOVING -> EMERGENCY_STOP (intent=STOP)
05:15:49.191 [AMR-03] SAFETY_STOP min_obstacle_distance=1.08m <= 1.2m
05:15:49.291 [AMR-03] STATE_TRANSITION EMERGENCY_STOP -> MOVING (intent=MOVE)
05:15:49.391 [AMR-03] STATE_TRANSITION MOVING -> EMERGENCY_STOP (intent=STOP)
05:15:49.391 [AMR-03] SAFETY_STOP min_obstacle_distance=1.03m <= 1.2m
05:15:49.492 [AMR-03] STATE_TRANSITION EMERGENCY_STOP -> MOVING (intent=MOVE)
05:15:49.593 [AMR-03] STATE_TRANSITION MOVING -> EMERGENCY_STOP (intent=STOP)
05:15:49.593 [AMR-03] SAFETY_STOP min_obstacle_distance=1.01m <= 1.2m
05:15:49.694 [AMR-03] STATE_TRANSITION EMERGENCY_STOP -> MOVING (intent=MOVE)
05:15:49.794 [AMR-03] STATE_TRANSITION MOVING -> EMERGENCY_STOP (intent=STOP)
05:15:49.795 [AMR-03] SAFETY_STOP min_obstacle_distance=1.04m <= 1.2m
05:15:49.895 [AMR-03] STATE_TRANSITION EMERGENCY_STOP -> MOVING (intent=MOVE)
05:15:49.995 [AMR-03] STATE_TRANSITION MOVING -> EMERGENCY_STOP (intent=STOP)
05:15:49.995 [AMR-03] SAFETY_STOP min_obstacle_distance=1.10m <= 1.2m
05:15:50.096 [AMR-03] STATE_TRANSITION EMERGENCY_STOP -> MOVING (intent=MOVE)
05:15:50.196 [AMR-03] STATE_TRANSITION MOVING -> EMERGENCY_STOP (intent=STOP)
05:15:50.196 [AMR-03] SAFETY_STOP min_obstacle_distance=1.08m <= 1.2m
05:15:50.297 [AMR-03] STATE_TRANSITION EMERGENCY_STOP -> MOVING (intent=MOVE)
05:15:50.397 [AMR-03] STATE_TRANSITION MOVING -> EMERGENCY_STOP (intent=STOP)
05:15:50.397 [AMR-03] SAFETY_STOP min_obstacle_distance=1.03m <= 1.2m
05:15:50.497 [AMR-03] STATE_TRANSITION EMERGENCY_STOP -> MOVING (intent=MOVE)
05:15:50.598 [AMR-03] STATE_TRANSITION MOVING -> EMERGENCY_STOP (intent=STOP)
05:15:50.598 [AMR-03] SAFETY_STOP min_obstacle_distance=1.01m <= 1.2m
05:15:50.699 [AMR-03] STATE_TRANSITION EMERGENCY_STOP -> MOVING (intent=MOVE)
05:15:50.800 [AMR-03] STATE_TRANSITION MOVING -> EMERGENCY_STOP (intent=STOP)
05:15:50.800 [AMR-03] SAFETY_STOP min_obstacle_distance=1.04m <= 1.2m
05:15:50.901 [AMR-03] STATE_TRANSITION EMERGENCY_STOP -> MOVING (intent=MOVE)
05:15:51.002 [AMR-03] STATE_TRANSITION MOVING -> EMERGENCY_STOP (intent=STOP)
05:15:51.002 [AMR-03] SAFETY_STOP min_obstacle_distance=1.10m <= 1.2m
05:15:51.103 [AMR-03] STATE_TRANSITION EMERGENCY_STOP -> MOVING (intent=MOVE)
05:15:51.204 [AMR-03] STATE_TRANSITION MOVING -> EMERGENCY_STOP (intent=STOP)
05:15:51.204 [AMR-03] SAFETY_STOP min_obstacle_distance=1.08m <= 1.2m
05:15:51.304 [AMR-03] STATE_TRANSITION EMERGENCY_STOP -> MOVING (intent=MOVE)
05:15:51.405 [AMR-03] STATE_TRANSITION MOVING -> EMERGENCY_STOP (intent=STOP)
05:15:51.405 [AMR-03] SAFETY_STOP min_obstacle_distance=1.03m <= 1.2m
05:15:51.505 [AMR-03] STATE_TRANSITION EMERGENCY_STOP -> MOVING (intent=MOVE)
05:15:51.606 [AMR-03] STATE_TRANSITION MOVING -> EMERGENCY_STOP (intent=STOP)
05:15:51.606 [AMR-03] SAFETY_STOP min_obstacle_distance=1.01m <= 1.2m
05:15:51.707 [AMR-03] STATE_TRANSITION EMERGENCY_STOP -> MOVING (intent=MOVE)
05:15:51.807 [AMR-03] STATE_TRANSITION MOVING -> EMERGENCY_STOP (intent=STOP)
05:15:51.807 [AMR-03] SAFETY_STOP min_obstacle_distance=1.04m <= 1.2m
05:15:51.907 [AMR-03] STATE_TRANSITION EMERGENCY_STOP -> MOVING (intent=MOVE)
05:15:52.008 [AMR-03] STATE_TRANSITION MOVING -> EMERGENCY_STOP (intent=STOP)
05:15:52.008 [AMR-03] SAFETY_STOP min_obstacle_distance=1.10m <= 1.2m
05:15:52.108 [AMR-03] STATE_TRANSITION EMERGENCY_STOP -> MOVING (intent=MOVE)
05:15:52.210 [AMR-03] STATE_TRANSITION MOVING -> EMERGENCY_STOP (intent=STOP)
05:15:52.210 [AMR-03] SAFETY_STOP min_obstacle_distance=1.08m <= 1.2m
05:15:52.310 [AMR-03] STATE_TRANSITION EMERGENCY_STOP -> MOVING (intent=MOVE)
05:15:52.410 [AMR-03] STATE_TRANSITION MOVING -> EMERGENCY_STOP (intent=STOP)
05:15:52.410 [AMR-03] SAFETY_STOP min_obstacle_distance=1.03m <= 1.2m
05:15:52.510 [AMR-03] STATE_TRANSITION EMERGENCY_STOP -> MOVING (intent=MOVE)
05:15:52.611 [AMR-03] STATE_TRANSITION MOVING -> EMERGENCY_STOP (intent=STOP)
05:15:52.611 [AMR-03] SAFETY_STOP min_obstacle_distance=1.01m <= 1.2m
05:15:52.711 [AMR-03] STATE_TRANSITION EMERGENCY_STOP -> MOVING (intent=MOVE)
05:15:52.812 [AMR-03] STATE_TRANSITION MOVING -> EMERGENCY_STOP (intent=STOP)
05:15:52.812 [AMR-03] SAFETY_STOP min_obstacle_distance=1.04m <= 1.2m
05:15:52.913 [AMR-03] STATE_TRANSITION EMERGENCY_STOP -> MOVING (intent=MOVE)
05:15:53.013 [AMR-03] STATE_TRANSITION MOVING -> EMERGENCY_STOP (intent=STOP)
05:15:53.013 [AMR-03] SAFETY_STOP min_obstacle_distance=1.10m <= 1.2m
05:15:53.114 [AMR-03] STATE_TRANSITION EMERGENCY_STOP -> MOVING (intent=MOVE)
05:15:53.215 [AMR-03] STATE_TRANSITION MOVING -> EMERGENCY_STOP (intent=STOP)
05:15:53.215 [AMR-03] SAFETY_STOP min_obstacle_distance=1.08m <= 1.2m
05:15:53.316 [AMR-03] STATE_TRANSITION EMERGENCY_STOP -> MOVING (intent=MOVE)
05:15:53.417 [AMR-03] STATE_TRANSITION MOVING -> EMERGENCY_STOP (intent=STOP)
05:15:53.417 [AMR-03] SAFETY_STOP min_obstacle_distance=1.03m <= 1.2m
05:15:53.517 [AMR-03] STATE_TRANSITION EMERGENCY_STOP -> MOVING (intent=MOVE)
05:15:53.618 [AMR-03] STATE_TRANSITION MOVING -> EMERGENCY_STOP (intent=STOP)
05:15:53.618 [AMR-03] SAFETY_STOP min_obstacle_distance=1.01m <= 1.2m
05:15:53.719 [AMR-03] STATE_TRANSITION EMERGENCY_STOP -> MOVING (intent=MOVE)
05:15:53.819 [AMR-03] STATE_TRANSITION MOVING -> EMERGENCY_STOP (intent=STOP)
05:15:53.819 [AMR-03] SAFETY_STOP min_obstacle_distance=1.04m <= 1.2m
05:15:53.921 [AMR-03] STATE_TRANSITION EMERGENCY_STOP -> MOVING (intent=MOVE)
05:15:54.021 [AMR-03] STATE_TRANSITION MOVING -> EMERGENCY_STOP (intent=STOP)
05:15:54.021 [AMR-03] SAFETY_STOP min_obstacle_distance=1.10m <= 1.2m
05:15:54.122 [AMR-03] STATE_TRANSITION EMERGENCY_STOP -> MOVING (intent=MOVE)
05:15:54.223 [AMR-03] STATE_TRANSITION MOVING -> EMERGENCY_STOP (intent=STOP)
05:15:54.223 [AMR-03] SAFETY_STOP min_obstacle_distance=1.08m <= 1.2m
05:15:54.324 [AMR-03] STATE_TRANSITION EMERGENCY_STOP -> MOVING (intent=MOVE)
05:15:54.424 [AMR-03] STATE_TRANSITION MOVING -> EMERGENCY_STOP (intent=STOP)
05:15:54.424 [AMR-03] SAFETY_STOP min_obstacle_distance=1.03m <= 1.2m
05:15:54.525 [AMR-03] STATE_TRANSITION EMERGENCY_STOP -> MOVING (intent=MOVE)
05:15:54.626 [AMR-03] STATE_TRANSITION MOVING -> EMERGENCY_STOP (intent=STOP)
05:15:54.626 [AMR-03] SAFETY_STOP min_obstacle_distance=1.01m <= 1.2m
05:15:54.727 [AMR-03] STATE_TRANSITION EMERGENCY_STOP -> MOVING (intent=MOVE)
05:15:54.827 [AMR-03] STATE_TRANSITION MOVING -> EMERGENCY_STOP (intent=STOP)
05:15:54.827 [AMR-03] SAFETY_STOP min_obstacle_distance=1.04m <= 1.2m
05:15:54.928 [AMR-03] STATE_TRANSITION EMERGENCY_STOP -> MOVING (intent=MOVE)
05:15:55.029 [AMR-03] STATE_TRANSITION MOVING -> EMERGENCY_STOP (intent=STOP)
05:15:55.029 [AMR-03] SAFETY_STOP min_obstacle_distance=1.10m <= 1.2m
05:15:55.129 [AMR-03] STATE_TRANSITION EMERGENCY_STOP -> MOVING (intent=MOVE)
05:15:55.229 [AMR-03] STATE_TRANSITION MOVING -> EMERGENCY_STOP (intent=STOP)
05:15:55.229 [AMR-03] SAFETY_STOP min_obstacle_distance=1.08m <= 1.2m
05:15:55.329 [AMR-03] STATE_TRANSITION EMERGENCY_STOP -> MOVING (intent=MOVE)
05:15:55.431 [AMR-03] STATE_TRANSITION MOVING -> EMERGENCY_STOP (intent=STOP)
05:15:55.431 [AMR-03] SAFETY_STOP min_obstacle_distance=1.03m <= 1.2m
05:15:55.532 [AMR-03] STATE_TRANSITION EMERGENCY_STOP -> MOVING (intent=MOVE)
05:15:55.632 [AMR-03] STATE_TRANSITION MOVING -> EMERGENCY_STOP (intent=STOP)
05:15:55.632 [AMR-03] SAFETY_STOP min_obstacle_distance=1.01m <= 1.2m
05:15:55.734 [AMR-03] STATE_TRANSITION EMERGENCY_STOP -> MOVING (intent=MOVE)
05:15:55.835 [AMR-03] STATE_TRANSITION MOVING -> EMERGENCY_STOP (intent=STOP)
05:15:55.835 [AMR-03] SAFETY_STOP min_obstacle_distance=1.04m <= 1.2m
05:15:55.936 [AMR-03] STATE_TRANSITION EMERGENCY_STOP -> MOVING (intent=MOVE)
05:15:56.037 [AMR-03] STATE_TRANSITION MOVING -> EMERGENCY_STOP (intent=STOP)
05:15:56.037 [AMR-03] SAFETY_STOP min_obstacle_distance=1.10m <= 1.2m
05:15:56.137 [AMR-03] STATE_TRANSITION EMERGENCY_STOP -> MOVING (intent=MOVE)
05:15:56.237 [AMR-03] STATE_TRANSITION MOVING -> EMERGENCY_STOP (intent=STOP)
05:15:56.237 [AMR-03] SAFETY_STOP min_obstacle_distance=1.08m <= 1.2m
05:15:56.338 [AMR-03] STATE_TRANSITION EMERGENCY_STOP -> MOVING (intent=MOVE)
05:15:56.439 [AMR-03] STATE_TRANSITION MOVING -> EMERGENCY_STOP (intent=STOP)
05:15:56.439 [AMR-03] SAFETY_STOP min_obstacle_distance=1.03m <= 1.2m
05:15:56.539 [AMR-03] STATE_TRANSITION EMERGENCY_STOP -> MOVING (intent=MOVE)
05:15:56.640 [AMR-03] STATE_TRANSITION MOVING -> EMERGENCY_STOP (intent=STOP)
05:15:56.640 [AMR-03] SAFETY_STOP min_obstacle_distance=1.01m <= 1.2m
05:15:56.741 [AMR-03] STATE_TRANSITION EMERGENCY_STOP -> MOVING (intent=MOVE)
05:15:56.841 [AMR-03] STATE_TRANSITION MOVING -> EMERGENCY_STOP (intent=STOP)
05:15:56.841 [AMR-03] SAFETY_STOP min_obstacle_distance=1.04m <= 1.2m
05:15:56.942 [AMR-03] STATE_TRANSITION EMERGENCY_STOP -> MOVING (intent=MOVE)
05:15:57.042 [AMR-03] STATE_TRANSITION MOVING -> EMERGENCY_STOP (intent=STOP)
05:15:57.043 [AMR-03] SAFETY_STOP min_obstacle_distance=1.10m <= 1.2m
05:15:57.143 [AMR-03] STATE_TRANSITION EMERGENCY_STOP -> MOVING (intent=MOVE)
05:15:57.243 [AMR-03] STATE_TRANSITION MOVING -> EMERGENCY_STOP (intent=STOP)
05:15:57.243 [AMR-03] SAFETY_STOP min_obstacle_distance=1.08m <= 1.2m
05:15:57.345 [AMR-03] STATE_TRANSITION EMERGENCY_STOP -> MOVING (intent=MOVE)
05:15:57.445 [AMR-03] STATE_TRANSITION MOVING -> EMERGENCY_STOP (intent=STOP)
05:15:57.445 [AMR-03] SAFETY_STOP min_obstacle_distance=1.03m <= 1.2m
05:15:57.545 [AMR-03] STATE_TRANSITION EMERGENCY_STOP -> MOVING (intent=MOVE)
05:15:57.646 [AMR-03] STATE_TRANSITION MOVING -> EMERGENCY_STOP (intent=STOP)
05:15:57.646 [AMR-03] SAFETY_STOP min_obstacle_distance=1.01m <= 1.2m
05:15:57.747 [AMR-03] STATE_TRANSITION EMERGENCY_STOP -> MOVING (intent=MOVE)
05:15:57.848 [AMR-03] STATE_TRANSITION MOVING -> EMERGENCY_STOP (intent=STOP)
05:15:57.848 [AMR-03] SAFETY_STOP min_obstacle_distance=1.04m <= 1.2m
05:15:57.949 [AMR-03] STATE_TRANSITION EMERGENCY_STOP -> MOVING (intent=MOVE)
05:15:58.050 [AMR-03] STATE_TRANSITION MOVING -> EMERGENCY_STOP (intent=STOP)
05:15:58.050 [AMR-03] SAFETY_STOP min_obstacle_distance=1.10m <= 1.2m
05:15:58.150 [AMR-03] STATE_TRANSITION EMERGENCY_STOP -> MOVING (intent=MOVE)
05:15:58.250 [AMR-03] STATE_TRANSITION MOVING -> EMERGENCY_STOP (intent=STOP)
05:15:58.251 [AMR-03] SAFETY_STOP min_obstacle_distance=1.07m <= 1.2m
05:15:58.351 [AMR-03] STATE_TRANSITION EMERGENCY_STOP -> MOVING (intent=MOVE)
05:15:58.452 [AMR-03] STATE_TRANSITION MOVING -> EMERGENCY_STOP (intent=STOP)
05:15:58.453 [AMR-03] SAFETY_STOP min_obstacle_distance=1.03m <= 1.2m
05:15:58.553 [AMR-03] STATE_TRANSITION EMERGENCY_STOP -> MOVING (intent=MOVE)
05:15:58.653 [AMR-03] STATE_TRANSITION MOVING -> EMERGENCY_STOP (intent=STOP)
05:15:58.654 [AMR-03] SAFETY_STOP min_obstacle_distance=1.01m <= 1.2m
05:15:58.755 [AMR-03] STATE_TRANSITION EMERGENCY_STOP -> MOVING (intent=MOVE)
05:15:58.855 [AMR-03] STATE_TRANSITION MOVING -> EMERGENCY_STOP (intent=STOP)
05:15:58.855 [AMR-03] SAFETY_STOP min_obstacle_distance=1.04m <= 1.2m
05:15:58.956 [AMR-03] STATE_TRANSITION EMERGENCY_STOP -> MOVING (intent=MOVE)
05:15:59.058 [AMR-03] STATE_TRANSITION MOVING -> EMERGENCY_STOP (intent=STOP)
05:15:59.058 [AMR-03] SAFETY_STOP min_obstacle_distance=1.10m <= 1.2m
05:15:59.158 [AMR-03] STATE_TRANSITION EMERGENCY_STOP -> MOVING (intent=MOVE)
05:15:59.259 [AMR-03] STATE_TRANSITION MOVING -> EMERGENCY_STOP (intent=STOP)
05:15:59.259 [AMR-03] SAFETY_STOP min_obstacle_distance=1.08m <= 1.2m
05:15:59.359 [AMR-03] STATE_TRANSITION EMERGENCY_STOP -> MOVING (intent=MOVE)
05:15:59.460 [AMR-03] STATE_TRANSITION MOVING -> EMERGENCY_STOP (intent=STOP)
05:15:59.460 [AMR-03] SAFETY_STOP min_obstacle_distance=1.03m <= 1.2m
05:15:59.560 [AMR-03] STATE_TRANSITION EMERGENCY_STOP -> MOVING (intent=MOVE)
05:15:59.660 [AMR-03] STATE_TRANSITION MOVING -> EMERGENCY_STOP (intent=STOP)
05:15:59.660 [AMR-03] SAFETY_STOP min_obstacle_distance=1.01m <= 1.2m
05:15:59.761 [AMR-03] STATE_TRANSITION EMERGENCY_STOP -> MOVING (intent=MOVE)
05:15:59.862 [AMR-03] STATE_TRANSITION MOVING -> EMERGENCY_STOP (intent=STOP)
05:15:59.862 [AMR-03] SAFETY_STOP min_obstacle_distance=1.04m <= 1.2m
05:15:59.963 [AMR-03] STATE_TRANSITION EMERGENCY_STOP -> MOVING (intent=MOVE)
05:16:00.063 [AMR-03] STATE_TRANSITION MOVING -> EMERGENCY_STOP (intent=STOP)
05:16:00.063 [AMR-03] SAFETY_STOP min_obstacle_distance=1.10m <= 1.2m
05:16:00.163 [AMR-03] STATE_TRANSITION EMERGENCY_STOP -> MOVING (intent=MOVE)
05:16:00.264 [AMR-03] STATE_TRANSITION MOVING -> EMERGENCY_STOP (intent=STOP)
05:16:00.264 [AMR-03] SAFETY_STOP min_obstacle_distance=1.08m <= 1.2m
05:16:00.365 [AMR-03] STATE_TRANSITION EMERGENCY_STOP -> MOVING (intent=MOVE)
05:16:00.465 [AMR-03] STATE_TRANSITION MOVING -> EMERGENCY_STOP (intent=STOP)
05:16:00.465 [AMR-03] SAFETY_STOP min_obstacle_distance=1.00m <= 1.2m
05:16:00.566 [AMR-03] STATE_TRANSITION EMERGENCY_STOP -> MOVING (intent=MOVE)
05:16:00.667 [AMR-03] STATE_TRANSITION MOVING -> EMERGENCY_STOP (intent=STOP)
05:16:00.667 [AMR-03] SAFETY_STOP min_obstacle_distance=1.01m <= 1.2m
05:16:00.769 [AMR-03] STATE_TRANSITION EMERGENCY_STOP -> MOVING (intent=MOVE)
05:16:00.869 [AMR-03] STATE_TRANSITION MOVING -> EMERGENCY_STOP (intent=STOP)
05:16:00.869 [AMR-03] SAFETY_STOP min_obstacle_distance=1.04m <= 1.2m
05:16:00.970 [AMR-03] STATE_TRANSITION EMERGENCY_STOP -> MOVING (intent=MOVE)
05:16:01.070 [AMR-03] STATE_TRANSITION MOVING -> EMERGENCY_STOP (intent=STOP)
05:16:01.071 [AMR-03] SAFETY_STOP min_obstacle_distance=1.10m <= 1.2m
05:16:01.171 [AMR-03] STATE_TRANSITION EMERGENCY_STOP -> MOVING (intent=MOVE)
05:16:01.271 [AMR-03] STATE_TRANSITION MOVING -> EMERGENCY_STOP (intent=STOP)
05:16:01.271 [AMR-03] SAFETY_STOP min_obstacle_distance=1.08m <= 1.2m
05:16:01.373 [AMR-03] STATE_TRANSITION EMERGENCY_STOP -> MOVING (intent=MOVE)
05:16:01.473 [AMR-03] STATE_TRANSITION MOVING -> EMERGENCY_STOP (intent=STOP)
05:16:01.474 [AMR-03] SAFETY_STOP min_obstacle_distance=1.00m <= 1.2m
05:16:01.574 [AMR-03] STATE_TRANSITION EMERGENCY_STOP -> MOVING (intent=MOVE)
05:16:01.674 [AMR-03] STATE_TRANSITION MOVING -> EMERGENCY_STOP (intent=STOP)
05:16:01.674 [AMR-03] SAFETY_STOP min_obstacle_distance=1.01m <= 1.2m
05:16:01.775 [AMR-03] STATE_TRANSITION EMERGENCY_STOP -> MOVING (intent=MOVE)
05:16:01.876 [AMR-03] STATE_TRANSITION MOVING -> EMERGENCY_STOP (intent=STOP)
05:16:01.876 [AMR-03] SAFETY_STOP min_obstacle_distance=1.04m <= 1.2m
05:16:01.977 [AMR-03] STATE_TRANSITION EMERGENCY_STOP -> MOVING (intent=MOVE)
05:16:02.077 [AMR-03] STATE_TRANSITION MOVING -> EMERGENCY_STOP (intent=STOP)
05:16:02.077 [AMR-03] SAFETY_STOP min_obstacle_distance=1.10m <= 1.2m
05:16:02.179 [AMR-03] STATE_TRANSITION EMERGENCY_STOP -> MOVING (intent=MOVE)
05:16:02.279 [AMR-03] STATE_TRANSITION MOVING -> EMERGENCY_STOP (intent=STOP)
05:16:02.279 [AMR-03] SAFETY_STOP min_obstacle_distance=1.08m <= 1.2m
05:16:02.379 [AMR-03] STATE_TRANSITION EMERGENCY_STOP -> MOVING (intent=MOVE)
05:16:02.479 [AMR-03] STATE_TRANSITION MOVING -> EMERGENCY_STOP (intent=STOP)
05:16:02.479 [AMR-03] SAFETY_STOP min_obstacle_distance=1.00m <= 1.2m
05:16:02.580 [AMR-03] STATE_TRANSITION EMERGENCY_STOP -> MOVING (intent=MOVE)
05:16:02.681 [AMR-03] STATE_TRANSITION MOVING -> EMERGENCY_STOP (intent=STOP)
05:16:02.681 [AMR-03] SAFETY_STOP min_obstacle_distance=1.01m <= 1.2m
05:16:02.781 [AMR-03] STATE_TRANSITION EMERGENCY_STOP -> MOVING (intent=MOVE)
05:16:02.881 [AMR-03] STATE_TRANSITION MOVING -> EMERGENCY_STOP (intent=STOP)
05:16:02.881 [AMR-03] SAFETY_STOP min_obstacle_distance=1.04m <= 1.2m
05:16:02.982 [AMR-03] STATE_TRANSITION EMERGENCY_STOP -> MOVING (intent=MOVE)
05:16:03.083 [AMR-03] STATE_TRANSITION MOVING -> EMERGENCY_STOP (intent=STOP)
05:16:03.083 [AMR-03] SAFETY_STOP min_obstacle_distance=1.10m <= 1.2m
05:16:03.183 [AMR-03] STATE_TRANSITION EMERGENCY_STOP -> MOVING (intent=MOVE)
05:16:03.284 [AMR-03] STATE_TRANSITION MOVING -> EMERGENCY_STOP (intent=STOP)
05:16:03.284 [AMR-03] SAFETY_STOP min_obstacle_distance=1.08m <= 1.2m
05:16:03.384 [AMR-03] STATE_TRANSITION EMERGENCY_STOP -> MOVING (intent=MOVE)
05:16:03.484 [AMR-03] STATE_TRANSITION MOVING -> EMERGENCY_STOP (intent=STOP)
05:16:03.484 [AMR-03] SAFETY_STOP min_obstacle_distance=1.03m <= 1.2m
05:16:03.585 [AMR-03] STATE_TRANSITION EMERGENCY_STOP -> MOVING (intent=MOVE)
05:16:03.685 [AMR-03] STATE_TRANSITION MOVING -> EMERGENCY_STOP (intent=STOP)
05:16:03.685 [AMR-03] SAFETY_STOP min_obstacle_distance=1.01m <= 1.2m
05:16:03.786 [AMR-03] STATE_TRANSITION EMERGENCY_STOP -> MOVING (intent=MOVE)
05:16:03.886 [AMR-03] STATE_TRANSITION MOVING -> EMERGENCY_STOP (intent=STOP)
05:16:03.886 [AMR-03] SAFETY_STOP min_obstacle_distance=1.04m <= 1.2m
05:16:03.986 [AMR-03] STATE_TRANSITION EMERGENCY_STOP -> MOVING (intent=MOVE)
05:16:04.086 [AMR-03] STATE_TRANSITION MOVING -> EMERGENCY_STOP (intent=STOP)
05:16:04.086 [AMR-03] SAFETY_STOP min_obstacle_distance=1.10m <= 1.2m
05:16:04.188 [AMR-03] STATE_TRANSITION EMERGENCY_STOP -> MOVING (intent=MOVE)
05:16:04.288 [AMR-03] STATE_TRANSITION MOVING -> EMERGENCY_STOP (intent=STOP)
05:16:04.288 [AMR-03] SAFETY_STOP min_obstacle_distance=1.08m <= 1.2m
05:16:04.389 [AMR-03] STATE_TRANSITION EMERGENCY_STOP -> MOVING (intent=MOVE)
05:16:04.489 [AMR-03] STATE_TRANSITION MOVING -> EMERGENCY_STOP (intent=STOP)
05:16:04.489 [AMR-03] SAFETY_STOP min_obstacle_distance=1.00m <= 1.2m
05:16:04.590 [AMR-03] STATE_TRANSITION EMERGENCY_STOP -> MOVING (intent=MOVE)
05:16:04.691 [AMR-03] STATE_TRANSITION MOVING -> EMERGENCY_STOP (intent=STOP)
05:16:04.691 [AMR-03] SAFETY_STOP min_obstacle_distance=1.01m <= 1.2m
05:16:04.792 [AMR-03] STATE_TRANSITION EMERGENCY_STOP -> MOVING (intent=MOVE)
05:16:04.892 [AMR-03] STATE_TRANSITION MOVING -> EMERGENCY_STOP (intent=STOP)
05:16:04.892 [AMR-03] SAFETY_STOP min_obstacle_distance=1.04m <= 1.2m
05:16:04.993 [AMR-03] STATE_TRANSITION EMERGENCY_STOP -> MOVING (intent=MOVE)
05:16:05.093 [AMR-03] STATE_TRANSITION MOVING -> EMERGENCY_STOP (intent=STOP)
05:16:05.093 [AMR-03] SAFETY_STOP min_obstacle_distance=1.10m <= 1.2m
05:16:05.194 [AMR-03] STATE_TRANSITION EMERGENCY_STOP -> MOVING (intent=MOVE)
05:16:05.294 [AMR-03] STATE_TRANSITION MOVING -> EMERGENCY_STOP (intent=STOP)
05:16:05.294 [AMR-03] SAFETY_STOP min_obstacle_distance=1.08m <= 1.2m
05:16:05.397 [AMR-03] STATE_TRANSITION EMERGENCY_STOP -> MOVING (intent=MOVE)
05:16:05.497 [AMR-03] STATE_TRANSITION MOVING -> EMERGENCY_STOP (intent=STOP)
05:16:05.497 [AMR-03] SAFETY_STOP min_obstacle_distance=1.00m <= 1.2m
05:16:05.598 [AMR-03] STATE_TRANSITION EMERGENCY_STOP -> MOVING (intent=MOVE)
05:16:05.698 [AMR-03] STATE_TRANSITION MOVING -> EMERGENCY_STOP (intent=STOP)
05:16:05.698 [AMR-03] SAFETY_STOP min_obstacle_distance=1.01m <= 1.2m
05:16:05.798 [AMR-03] STATE_TRANSITION EMERGENCY_STOP -> MOVING (intent=MOVE)
05:16:05.900 [AMR-03] STATE_TRANSITION MOVING -> EMERGENCY_STOP (intent=STOP)
05:16:05.900 [AMR-03] SAFETY_STOP min_obstacle_distance=1.04m <= 1.2m
05:16:06.001 [AMR-03] STATE_TRANSITION EMERGENCY_STOP -> MOVING (intent=MOVE)
05:16:06.101 [AMR-03] STATE_TRANSITION MOVING -> EMERGENCY_STOP (intent=STOP)
05:16:06.102 [AMR-03] SAFETY_STOP min_obstacle_distance=1.10m <= 1.2m
05:16:06.202 [AMR-03] STATE_TRANSITION EMERGENCY_STOP -> MOVING (intent=MOVE)
05:16:06.303 [AMR-03] STATE_TRANSITION MOVING -> EMERGENCY_STOP (intent=STOP)
05:16:06.303 [AMR-03] SAFETY_STOP min_obstacle_distance=1.08m <= 1.2m
05:16:06.403 [AMR-03] STATE_TRANSITION EMERGENCY_STOP -> MOVING (intent=MOVE)
05:16:06.504 [AMR-03] STATE_TRANSITION MOVING -> EMERGENCY_STOP (intent=STOP)
05:16:06.504 [AMR-03] SAFETY_STOP min_obstacle_distance=1.00m <= 1.2m
05:16:06.605 [AMR-03] STATE_TRANSITION EMERGENCY_STOP -> MOVING (intent=MOVE)
05:16:06.706 [AMR-03] STATE_TRANSITION MOVING -> EMERGENCY_STOP (intent=STOP)
05:16:06.706 [AMR-03] SAFETY_STOP min_obstacle_distance=1.01m <= 1.2m
05:16:06.807 [AMR-03] STATE_TRANSITION EMERGENCY_STOP -> MOVING (intent=MOVE)
05:16:06.908 [AMR-03] STATE_TRANSITION MOVING -> EMERGENCY_STOP (intent=STOP)
05:16:06.908 [AMR-03] SAFETY_STOP min_obstacle_distance=1.04m <= 1.2m
05:16:07.009 [AMR-03] STATE_TRANSITION EMERGENCY_STOP -> MOVING (intent=MOVE)
05:16:07.109 [AMR-03] STATE_TRANSITION MOVING -> EMERGENCY_STOP (intent=STOP)
05:16:07.109 [AMR-03] SAFETY_STOP min_obstacle_distance=1.10m <= 1.2m
05:16:07.210 [AMR-03] STATE_TRANSITION EMERGENCY_STOP -> MOVING (intent=MOVE)
05:16:07.310 [AMR-03] STATE_TRANSITION MOVING -> EMERGENCY_STOP (intent=STOP)
05:16:07.310 [AMR-03] SAFETY_STOP min_obstacle_distance=1.08m <= 1.2m
05:16:07.411 [AMR-03] STATE_TRANSITION EMERGENCY_STOP -> MOVING (intent=MOVE)
05:16:07.512 [AMR-03] STATE_TRANSITION MOVING -> EMERGENCY_STOP (intent=STOP)
05:16:07.512 [AMR-03] SAFETY_STOP min_obstacle_distance=1.00m <= 1.2m
05:16:07.613 [AMR-03] STATE_TRANSITION EMERGENCY_STOP -> MOVING (intent=MOVE)
05:16:07.713 [AMR-03] STATE_TRANSITION MOVING -> EMERGENCY_STOP (intent=STOP)
05:16:07.713 [AMR-03] SAFETY_STOP min_obstacle_distance=1.01m <= 1.2m
05:16:07.814 [AMR-03] STATE_TRANSITION EMERGENCY_STOP -> MOVING (intent=MOVE)
05:16:07.914 [AMR-03] STATE_TRANSITION MOVING -> EMERGENCY_STOP (intent=STOP)
05:16:07.914 [AMR-03] SAFETY_STOP min_obstacle_distance=1.04m <= 1.2m
05:16:08.015 [AMR-03] STATE_TRANSITION EMERGENCY_STOP -> MOVING (intent=MOVE)
05:16:08.116 [AMR-03] STATE_TRANSITION MOVING -> EMERGENCY_STOP (intent=STOP)
05:16:08.116 [AMR-03] SAFETY_STOP min_obstacle_distance=1.10m <= 1.2m
05:16:08.217 [AMR-03] STATE_TRANSITION EMERGENCY_STOP -> MOVING (intent=MOVE)
05:16:08.317 [AMR-03] STATE_TRANSITION MOVING -> EMERGENCY_STOP (intent=STOP)
05:16:08.317 [AMR-03] SAFETY_STOP min_obstacle_distance=1.08m <= 1.2m
05:16:08.418 [AMR-03] STATE_TRANSITION EMERGENCY_STOP -> MOVING (intent=MOVE)
05:16:08.518 [AMR-03] STATE_TRANSITION MOVING -> EMERGENCY_STOP (intent=STOP)
05:16:08.518 [AMR-03] SAFETY_STOP min_obstacle_distance=1.00m <= 1.2m
05:16:08.620 [AMR-03] STATE_TRANSITION EMERGENCY_STOP -> MOVING (intent=MOVE)
05:16:08.719 [AMR-03] STATE_TRANSITION MOVING -> EMERGENCY_STOP (intent=STOP)
05:16:08.719 [AMR-03] SAFETY_STOP min_obstacle_distance=1.01m <= 1.2m
05:16:08.821 [AMR-03] STATE_TRANSITION EMERGENCY_STOP -> MOVING (intent=MOVE)
05:16:08.921 [AMR-03] STATE_TRANSITION MOVING -> EMERGENCY_STOP (intent=STOP)
05:16:08.921 [AMR-03] SAFETY_STOP min_obstacle_distance=1.04m <= 1.2m
05:16:09.021 [AMR-03] STATE_TRANSITION EMERGENCY_STOP -> MOVING (intent=MOVE)
05:16:09.121 [AMR-03] STATE_TRANSITION MOVING -> EMERGENCY_STOP (intent=STOP)
05:16:09.121 [AMR-03] SAFETY_STOP min_obstacle_distance=1.10m <= 1.2m
05:16:09.221 [AMR-03] STATE_TRANSITION EMERGENCY_STOP -> MOVING (intent=MOVE)
05:16:09.322 [AMR-03] STATE_TRANSITION MOVING -> EMERGENCY_STOP (intent=STOP)
05:16:09.322 [AMR-03] SAFETY_STOP min_obstacle_distance=1.08m <= 1.2m
05:16:09.424 [AMR-03] STATE_TRANSITION EMERGENCY_STOP -> MOVING (intent=MOVE)
05:16:09.524 [AMR-03] STATE_TRANSITION MOVING -> EMERGENCY_STOP (intent=STOP)
05:16:09.524 [AMR-03] SAFETY_STOP min_obstacle_distance=1.00m <= 1.2m
05:16:09.625 [AMR-03] STATE_TRANSITION EMERGENCY_STOP -> MOVING (intent=MOVE)
05:16:09.725 [AMR-03] STATE_TRANSITION MOVING -> EMERGENCY_STOP (intent=STOP)
05:16:09.725 [AMR-03] SAFETY_STOP min_obstacle_distance=1.01m <= 1.2m
05:16:09.826 [AMR-03] STATE_TRANSITION EMERGENCY_STOP -> MOVING (intent=MOVE)
05:16:09.926 [AMR-03] STATE_TRANSITION MOVING -> EMERGENCY_STOP (intent=STOP)
05:16:09.926 [AMR-03] SAFETY_STOP min_obstacle_distance=1.04m <= 1.2m
05:16:10.027 [AMR-03] STATE_TRANSITION EMERGENCY_STOP -> MOVING (intent=MOVE)
05:16:10.127 [AMR-03] STATE_TRANSITION MOVING -> EMERGENCY_STOP (intent=STOP)
05:16:10.127 [AMR-03] SAFETY_STOP min_obstacle_distance=1.10m <= 1.2m
05:16:10.228 [AMR-03] STATE_TRANSITION EMERGENCY_STOP -> MOVING (intent=MOVE)
05:16:10.328 [AMR-03] STATE_TRANSITION MOVING -> EMERGENCY_STOP (intent=STOP)
05:16:10.328 [AMR-03] SAFETY_STOP min_obstacle_distance=1.08m <= 1.2m
05:16:10.429 [AMR-03] STATE_TRANSITION EMERGENCY_STOP -> MOVING (intent=MOVE)
05:16:10.529 [AMR-03] STATE_TRANSITION MOVING -> EMERGENCY_STOP (intent=STOP)
05:16:10.529 [AMR-03] SAFETY_STOP min_obstacle_distance=1.00m <= 1.2m
05:16:10.630 [AMR-03] STATE_TRANSITION EMERGENCY_STOP -> MOVING (intent=MOVE)
05:16:10.731 [AMR-03] STATE_TRANSITION MOVING -> EMERGENCY_STOP (intent=STOP)
05:16:10.731 [AMR-03] SAFETY_STOP min_obstacle_distance=1.01m <= 1.2m
05:16:10.831 [AMR-03] STATE_TRANSITION EMERGENCY_STOP -> MOVING (intent=MOVE)
05:16:10.932 [AMR-03] STATE_TRANSITION MOVING -> EMERGENCY_STOP (intent=STOP)
05:16:10.932 [AMR-03] SAFETY_STOP min_obstacle_distance=1.04m <= 1.2m
05:16:11.033 [AMR-03] STATE_TRANSITION EMERGENCY_STOP -> MOVING (intent=MOVE)
05:16:11.134 [AMR-03] STATE_TRANSITION MOVING -> EMERGENCY_STOP (intent=STOP)
05:16:11.134 [AMR-03] SAFETY_STOP min_obstacle_distance=1.10m <= 1.2m
05:16:11.234 [AMR-03] STATE_TRANSITION EMERGENCY_STOP -> MOVING (intent=MOVE)
05:16:11.334 [AMR-03] STATE_TRANSITION MOVING -> EMERGENCY_STOP (intent=STOP)
05:16:11.334 [AMR-03] SAFETY_STOP min_obstacle_distance=1.08m <= 1.2m
05:16:11.435 [AMR-03] STATE_TRANSITION EMERGENCY_STOP -> MOVING (intent=MOVE)
05:16:11.536 [AMR-03] STATE_TRANSITION MOVING -> EMERGENCY_STOP (intent=STOP)
05:16:11.536 [AMR-03] SAFETY_STOP min_obstacle_distance=1.00m <= 1.2m
05:16:11.636 [AMR-03] STATE_TRANSITION EMERGENCY_STOP -> MOVING (intent=MOVE)
05:16:11.738 [AMR-03] STATE_TRANSITION MOVING -> EMERGENCY_STOP (intent=STOP)
05:16:11.738 [AMR-03] SAFETY_STOP min_obstacle_distance=1.01m <= 1.2m
05:16:11.839 [AMR-03] STATE_TRANSITION EMERGENCY_STOP -> MOVING (intent=MOVE)
05:16:11.939 [AMR-03] STATE_TRANSITION MOVING -> EMERGENCY_STOP (intent=STOP)
05:16:11.939 [AMR-03] SAFETY_STOP min_obstacle_distance=1.04m <= 1.2m
05:16:12.040 [AMR-03] STATE_TRANSITION EMERGENCY_STOP -> MOVING (intent=MOVE)
05:16:12.140 [AMR-03] STATE_TRANSITION MOVING -> EMERGENCY_STOP (intent=STOP)
05:16:12.140 [AMR-03] SAFETY_STOP min_obstacle_distance=1.10m <= 1.2m
05:16:12.242 [AMR-03] STATE_TRANSITION EMERGENCY_STOP -> MOVING (intent=MOVE)
05:16:12.342 [AMR-03] STATE_TRANSITION MOVING -> EMERGENCY_STOP (intent=STOP)
05:16:12.342 [AMR-03] SAFETY_STOP min_obstacle_distance=1.07m <= 1.2m
05:16:12.443 [AMR-03] STATE_TRANSITION EMERGENCY_STOP -> MOVING (intent=MOVE)
05:16:12.543 [AMR-03] STATE_TRANSITION MOVING -> EMERGENCY_STOP (intent=STOP)
05:16:12.543 [AMR-03] SAFETY_STOP min_obstacle_distance=1.00m <= 1.2m
05:16:12.643 [AMR-03] STATE_TRANSITION EMERGENCY_STOP -> MOVING (intent=MOVE)
05:16:12.744 [AMR-03] STATE_TRANSITION MOVING -> EMERGENCY_STOP (intent=STOP)
05:16:12.744 [AMR-03] SAFETY_STOP min_obstacle_distance=1.01m <= 1.2m
05:16:12.845 [AMR-03] STATE_TRANSITION EMERGENCY_STOP -> MOVING (intent=MOVE)
05:16:12.945 [AMR-03] STATE_TRANSITION MOVING -> EMERGENCY_STOP (intent=STOP)
05:16:12.945 [AMR-03] SAFETY_STOP min_obstacle_distance=1.04m <= 1.2m
05:16:13.045 [AMR-03] STATE_TRANSITION EMERGENCY_STOP -> MOVING (intent=MOVE)
05:16:13.147 [AMR-03] STATE_TRANSITION MOVING -> EMERGENCY_STOP (intent=STOP)
05:16:13.147 [AMR-03] SAFETY_STOP min_obstacle_distance=1.10m <= 1.2m
05:16:13.247 [AMR-03] STATE_TRANSITION EMERGENCY_STOP -> MOVING (intent=MOVE)
05:16:13.348 [AMR-03] STATE_TRANSITION MOVING -> EMERGENCY_STOP (intent=STOP)
05:16:13.348 [AMR-03] SAFETY_STOP min_obstacle_distance=1.08m <= 1.2m
05:16:13.450 [AMR-03] STATE_TRANSITION EMERGENCY_STOP -> MOVING (intent=MOVE)
05:16:13.549 [AMR-03] STATE_TRANSITION MOVING -> EMERGENCY_STOP (intent=STOP)
05:16:13.549 [AMR-03] SAFETY_STOP min_obstacle_distance=1.00m <= 1.2m
05:16:13.651 [AMR-03] STATE_TRANSITION EMERGENCY_STOP -> MOVING (intent=MOVE)
05:16:13.751 [AMR-03] STATE_TRANSITION MOVING -> EMERGENCY_STOP (intent=STOP)
05:16:13.751 [AMR-03] SAFETY_STOP min_obstacle_distance=1.01m <= 1.2m
05:16:13.852 [AMR-03] STATE_TRANSITION EMERGENCY_STOP -> MOVING (intent=MOVE)
05:16:13.952 [AMR-03] STATE_TRANSITION MOVING -> EMERGENCY_STOP (intent=STOP)
05:16:13.952 [AMR-03] SAFETY_STOP min_obstacle_distance=1.04m <= 1.2m
05:16:14.052 [AMR-03] STATE_TRANSITION EMERGENCY_STOP -> MOVING (intent=MOVE)
05:16:14.153 [AMR-03] STATE_TRANSITION MOVING -> EMERGENCY_STOP (intent=STOP)
05:16:14.153 [AMR-03] SAFETY_STOP min_obstacle_distance=1.10m <= 1.2m
05:16:14.254 [AMR-03] STATE_TRANSITION EMERGENCY_STOP -> MOVING (intent=MOVE)
05:16:14.354 [AMR-03] STATE_TRANSITION MOVING -> EMERGENCY_STOP (intent=STOP)
05:16:14.354 [AMR-03] SAFETY_STOP min_obstacle_distance=1.08m <= 1.2m
05:16:14.455 [AMR-03] STATE_TRANSITION EMERGENCY_STOP -> MOVING (intent=MOVE)
05:16:14.555 [AMR-03] STATE_TRANSITION MOVING -> EMERGENCY_STOP (intent=STOP)
05:16:14.555 [AMR-03] SAFETY_STOP min_obstacle_distance=1.00m <= 1.2m
05:16:14.657 [AMR-03] STATE_TRANSITION EMERGENCY_STOP -> MOVING (intent=MOVE)
05:16:14.757 [AMR-03] STATE_TRANSITION MOVING -> EMERGENCY_STOP (intent=STOP)
05:16:14.757 [AMR-03] SAFETY_STOP min_obstacle_distance=1.01m <= 1.2m
05:16:14.857 [AMR-03] STATE_TRANSITION EMERGENCY_STOP -> MOVING (intent=MOVE)
05:16:14.958 [AMR-03] STATE_TRANSITION MOVING -> EMERGENCY_STOP (intent=STOP)
05:16:14.958 [AMR-03] SAFETY_STOP min_obstacle_distance=1.04m <= 1.2m
05:16:15.059 [AMR-03] STATE_TRANSITION EMERGENCY_STOP -> MOVING (intent=MOVE)
05:16:15.159 [AMR-03] STATE_TRANSITION MOVING -> EMERGENCY_STOP (intent=STOP)
05:16:15.159 [AMR-03] SAFETY_STOP min_obstacle_distance=1.10m <= 1.2m
05:16:15.260 [AMR-03] STATE_TRANSITION EMERGENCY_STOP -> MOVING (intent=MOVE)
05:16:15.359 [AMR-03] STATE_TRANSITION MOVING -> EMERGENCY_STOP (intent=STOP)
05:16:15.360 [AMR-03] SAFETY_STOP min_obstacle_distance=1.08m <= 1.2m
05:16:15.460 [AMR-03] STATE_TRANSITION EMERGENCY_STOP -> MOVING (intent=MOVE)
05:16:15.560 [AMR-03] STATE_TRANSITION MOVING -> EMERGENCY_STOP (intent=STOP)
05:16:15.560 [AMR-03] SAFETY_STOP min_obstacle_distance=1.00m <= 1.2m
05:16:15.662 [AMR-03] STATE_TRANSITION EMERGENCY_STOP -> MOVING (intent=MOVE)
05:16:15.763 [AMR-03] STATE_TRANSITION MOVING -> EMERGENCY_STOP (intent=STOP)
05:16:15.763 [AMR-03] SAFETY_STOP min_obstacle_distance=1.01m <= 1.2m
05:16:15.863 [AMR-03] STATE_TRANSITION EMERGENCY_STOP -> MOVING (intent=MOVE)
05:16:15.964 [AMR-03] STATE_TRANSITION MOVING -> EMERGENCY_STOP (intent=STOP)
05:16:15.964 [AMR-03] SAFETY_STOP min_obstacle_distance=1.04m <= 1.2m
05:16:16.064 [AMR-03] STATE_TRANSITION EMERGENCY_STOP -> MOVING (intent=MOVE)
05:16:16.165 [AMR-03] STATE_TRANSITION MOVING -> EMERGENCY_STOP (intent=STOP)
05:16:16.165 [AMR-03] SAFETY_STOP min_obstacle_distance=1.10m <= 1.2m
05:16:16.266 [AMR-03] STATE_TRANSITION EMERGENCY_STOP -> MOVING (intent=MOVE)
05:16:16.367 [AMR-03] STATE_TRANSITION MOVING -> EMERGENCY_STOP (intent=STOP)
05:16:16.367 [AMR-03] SAFETY_STOP min_obstacle_distance=1.08m <= 1.2m
05:16:16.468 [AMR-03] STATE_TRANSITION EMERGENCY_STOP -> MOVING (intent=MOVE)
05:16:16.569 [AMR-03] STATE_TRANSITION MOVING -> EMERGENCY_STOP (intent=STOP)
05:16:16.569 [AMR-03] SAFETY_STOP min_obstacle_distance=1.01m <= 1.2m
05:16:16.670 [AMR-03] STATE_TRANSITION EMERGENCY_STOP -> MOVING (intent=MOVE)
05:16:16.772 [AMR-03] STATE_TRANSITION MOVING -> EMERGENCY_STOP (intent=STOP)
05:16:16.772 [AMR-03] SAFETY_STOP min_obstacle_distance=1.04m <= 1.2m
05:16:16.872 [AMR-03] STATE_TRANSITION EMERGENCY_STOP -> MOVING (intent=MOVE)
05:16:16.973 [AMR-03] STATE_TRANSITION MOVING -> EMERGENCY_STOP (intent=STOP)
05:16:16.973 [AMR-03] SAFETY_STOP min_obstacle_distance=1.10m <= 1.2m
05:16:17.074 [AMR-03] STATE_TRANSITION EMERGENCY_STOP -> MOVING (intent=MOVE)
05:16:17.175 [AMR-03] STATE_TRANSITION MOVING -> EMERGENCY_STOP (intent=STOP)
05:16:17.175 [AMR-03] SAFETY_STOP min_obstacle_distance=1.08m <= 1.2m
05:16:17.275 [AMR-03] STATE_TRANSITION EMERGENCY_STOP -> MOVING (intent=MOVE)
05:16:17.375 [AMR-03] STATE_TRANSITION MOVING -> EMERGENCY_STOP (intent=STOP)
05:16:17.375 [AMR-03] SAFETY_STOP min_obstacle_distance=1.03m <= 1.2m
05:16:17.476 [AMR-03] STATE_TRANSITION EMERGENCY_STOP -> MOVING (intent=MOVE)
05:16:17.576 [AMR-03] STATE_TRANSITION MOVING -> EMERGENCY_STOP (intent=STOP)
05:16:17.576 [AMR-03] SAFETY_STOP min_obstacle_distance=1.00m <= 1.2m
05:16:17.677 [AMR-03] STATE_TRANSITION EMERGENCY_STOP -> MOVING (intent=MOVE)
05:16:17.777 [AMR-03] STATE_TRANSITION MOVING -> EMERGENCY_STOP (intent=STOP)
05:16:17.777 [AMR-03] SAFETY_STOP min_obstacle_distance=1.01m <= 1.2m
05:16:17.878 [AMR-03] STATE_TRANSITION EMERGENCY_STOP -> MOVING (intent=MOVE)
05:16:17.979 [AMR-03] STATE_TRANSITION MOVING -> EMERGENCY_STOP (intent=STOP)
05:16:17.979 [AMR-03] SAFETY_STOP min_obstacle_distance=1.04m <= 1.2m
05:16:18.080 [AMR-03] STATE_TRANSITION EMERGENCY_STOP -> MOVING (intent=MOVE)
05:16:18.184 [AMR-03] STATE_TRANSITION MOVING -> EMERGENCY_STOP (intent=STOP)
05:16:18.184 [AMR-03] SAFETY_STOP min_obstacle_distance=1.10m <= 1.2m
05:16:18.282 [AMR-03] STATE_TRANSITION EMERGENCY_STOP -> MOVING (intent=MOVE)
05:16:18.383 [AMR-03] STATE_TRANSITION MOVING -> EMERGENCY_STOP (intent=STOP)
05:16:18.383 [AMR-03] SAFETY_STOP min_obstacle_distance=1.08m <= 1.2m
05:16:18.484 [AMR-03] STATE_TRANSITION EMERGENCY_STOP -> MOVING (intent=MOVE)
05:16:18.585 [AMR-03] STATE_TRANSITION MOVING -> EMERGENCY_STOP (intent=STOP)
05:16:18.585 [AMR-03] SAFETY_STOP min_obstacle_distance=1.00m <= 1.2m
05:16:18.685 [AMR-03] STATE_TRANSITION EMERGENCY_STOP -> MOVING (intent=MOVE)
05:16:18.786 [AMR-03] STATE_TRANSITION MOVING -> EMERGENCY_STOP (intent=STOP)
05:16:18.786 [AMR-03] SAFETY_STOP min_obstacle_distance=1.01m <= 1.2m
05:16:18.887 [AMR-03] STATE_TRANSITION EMERGENCY_STOP -> MOVING (intent=MOVE)
05:16:18.987 [AMR-03] STATE_TRANSITION MOVING -> EMERGENCY_STOP (intent=STOP)
05:16:18.987 [AMR-03] SAFETY_STOP min_obstacle_distance=1.04m <= 1.2m
05:16:19.090 [AMR-03] STATE_TRANSITION EMERGENCY_STOP -> MOVING (intent=MOVE)
05:16:19.190 [AMR-03] STATE_TRANSITION MOVING -> EMERGENCY_STOP (intent=STOP)
05:16:19.190 [AMR-03] SAFETY_STOP min_obstacle_distance=1.10m <= 1.2m
05:16:19.292 [AMR-03] STATE_TRANSITION EMERGENCY_STOP -> MOVING (intent=MOVE)
05:16:19.394 [AMR-03] STATE_TRANSITION MOVING -> EMERGENCY_STOP (intent=STOP)
05:16:19.394 [AMR-03] SAFETY_STOP min_obstacle_distance=1.07m <= 1.2m
05:16:19.494 [AMR-03] STATE_TRANSITION EMERGENCY_STOP -> MOVING (intent=MOVE)
05:16:19.595 [AMR-03] STATE_TRANSITION MOVING -> EMERGENCY_STOP (intent=STOP)
05:16:19.595 [AMR-03] SAFETY_STOP min_obstacle_distance=1.01m <= 1.2m
05:16:19.696 [AMR-03] STATE_TRANSITION EMERGENCY_STOP -> MOVING (intent=MOVE)
05:16:19.798 [AMR-03] STATE_TRANSITION MOVING -> EMERGENCY_STOP (intent=STOP)
05:16:19.798 [AMR-03] SAFETY_STOP min_obstacle_distance=1.04m <= 1.2m
05:16:19.900 [AMR-03] STATE_TRANSITION EMERGENCY_STOP -> MOVING (intent=MOVE)
05:16:20.000 [AMR-03] STATE_TRANSITION MOVING -> EMERGENCY_STOP (intent=STOP)
05:16:20.000 [AMR-03] SAFETY_STOP min_obstacle_distance=1.10m <= 1.2m
05:16:20.101 [AMR-03] STATE_TRANSITION EMERGENCY_STOP -> MOVING (intent=MOVE)
05:16:20.201 [AMR-03] STATE_TRANSITION MOVING -> EMERGENCY_STOP (intent=STOP)
05:16:20.201 [AMR-03] SAFETY_STOP min_obstacle_distance=1.07m <= 1.2m
05:16:20.302 [AMR-03] STATE_TRANSITION EMERGENCY_STOP -> MOVING (intent=MOVE)
05:16:20.403 [AMR-03] STATE_TRANSITION MOVING -> EMERGENCY_STOP (intent=STOP)
05:16:20.403 [AMR-03] SAFETY_STOP min_obstacle_distance=1.03m <= 1.2m
05:16:20.504 [AMR-03] STATE_TRANSITION EMERGENCY_STOP -> MOVING (intent=MOVE)
05:16:20.604 [AMR-03] STATE_TRANSITION MOVING -> EMERGENCY_STOP (intent=STOP)
05:16:20.604 [AMR-03] SAFETY_STOP min_obstacle_distance=1.01m <= 1.2m
05:16:20.704 [AMR-03] STATE_TRANSITION EMERGENCY_STOP -> MOVING (intent=MOVE)
05:16:20.805 [AMR-03] STATE_TRANSITION MOVING -> EMERGENCY_STOP (intent=STOP)
05:16:20.806 [AMR-03] SAFETY_STOP min_obstacle_distance=1.04m <= 1.2m
05:16:20.906 [AMR-03] STATE_TRANSITION EMERGENCY_STOP -> MOVING (intent=MOVE)
05:16:21.006 [AMR-03] STATE_TRANSITION MOVING -> EMERGENCY_STOP (intent=STOP)
05:16:21.006 [AMR-03] SAFETY_STOP min_obstacle_distance=1.10m <= 1.2m
05:16:21.107 [AMR-03] STATE_TRANSITION EMERGENCY_STOP -> MOVING (intent=MOVE)
05:16:21.208 [AMR-03] STATE_TRANSITION MOVING -> EMERGENCY_STOP (intent=STOP)
05:16:21.208 [AMR-03] SAFETY_STOP min_obstacle_distance=1.08m <= 1.2m
05:16:21.310 [AMR-03] STATE_TRANSITION EMERGENCY_STOP -> MOVING (intent=MOVE)
05:16:21.410 [AMR-03] STATE_TRANSITION MOVING -> EMERGENCY_STOP (intent=STOP)
05:16:21.410 [AMR-03] SAFETY_STOP min_obstacle_distance=1.03m <= 1.2m
05:16:21.510 [AMR-03] STATE_TRANSITION EMERGENCY_STOP -> MOVING (intent=MOVE)
05:16:21.611 [AMR-03] STATE_TRANSITION MOVING -> EMERGENCY_STOP (intent=STOP)
05:16:21.611 [AMR-03] SAFETY_STOP min_obstacle_distance=1.01m <= 1.2m
05:16:21.713 [AMR-03] STATE_TRANSITION EMERGENCY_STOP -> MOVING (intent=MOVE)
05:16:21.813 [AMR-03] STATE_TRANSITION MOVING -> EMERGENCY_STOP (intent=STOP)
05:16:21.813 [AMR-03] SAFETY_STOP min_obstacle_distance=1.04m <= 1.2m
05:16:21.914 [AMR-03] STATE_TRANSITION EMERGENCY_STOP -> MOVING (intent=MOVE)
05:16:22.015 [AMR-03] STATE_TRANSITION MOVING -> EMERGENCY_STOP (intent=STOP)
05:16:22.015 [AMR-03] SAFETY_STOP min_obstacle_distance=1.10m <= 1.2m
05:16:22.116 [AMR-03] STATE_TRANSITION EMERGENCY_STOP -> MOVING (intent=MOVE)
05:16:22.216 [AMR-03] STATE_TRANSITION MOVING -> EMERGENCY_STOP (intent=STOP)
05:16:22.216 [AMR-03] SAFETY_STOP min_obstacle_distance=1.08m <= 1.2m
05:16:22.318 [AMR-03] STATE_TRANSITION EMERGENCY_STOP -> MOVING (intent=MOVE)
05:16:22.420 [AMR-03] STATE_TRANSITION MOVING -> EMERGENCY_STOP (intent=STOP)
05:16:22.420 [AMR-03] SAFETY_STOP min_obstacle_distance=1.03m <= 1.2m
05:16:22.520 [AMR-03] STATE_TRANSITION EMERGENCY_STOP -> MOVING (intent=MOVE)
05:16:22.622 [AMR-03] STATE_TRANSITION MOVING -> EMERGENCY_STOP (intent=STOP)
05:16:22.623 [AMR-03] SAFETY_STOP min_obstacle_distance=1.01m <= 1.2m
05:16:22.724 [AMR-03] STATE_TRANSITION EMERGENCY_STOP -> MOVING (intent=MOVE)
05:16:22.825 [AMR-03] STATE_TRANSITION MOVING -> EMERGENCY_STOP (intent=STOP)
05:16:22.825 [AMR-03] SAFETY_STOP min_obstacle_distance=1.04m <= 1.2m
05:16:22.927 [AMR-03] STATE_TRANSITION EMERGENCY_STOP -> MOVING (intent=MOVE)
05:16:23.028 [AMR-03] STATE_TRANSITION MOVING -> EMERGENCY_STOP (intent=STOP)
05:16:23.028 [AMR-03] SAFETY_STOP min_obstacle_distance=1.10m <= 1.2m
05:16:23.130 [AMR-03] STATE_TRANSITION EMERGENCY_STOP -> MOVING (intent=MOVE)
05:16:23.231 [AMR-03] STATE_TRANSITION MOVING -> EMERGENCY_STOP (intent=STOP)
05:16:23.232 [AMR-03] SAFETY_STOP min_obstacle_distance=1.07m <= 1.2m
05:16:23.334 [AMR-03] STATE_TRANSITION EMERGENCY_STOP -> MOVING (intent=MOVE)
05:16:23.433 [AMR-03] STATE_TRANSITION MOVING -> EMERGENCY_STOP (intent=STOP)
05:16:23.433 [AMR-03] SAFETY_STOP min_obstacle_distance=1.03m <= 1.2m
05:16:23.533 [AMR-03] STATE_TRANSITION EMERGENCY_STOP -> MOVING (intent=MOVE)
05:16:23.634 [AMR-03] STATE_TRANSITION MOVING -> EMERGENCY_STOP (intent=STOP)
05:16:23.634 [AMR-03] SAFETY_STOP min_obstacle_distance=1.01m <= 1.2m
05:16:23.735 [AMR-03] STATE_TRANSITION EMERGENCY_STOP -> MOVING (intent=MOVE)
05:16:23.834 [AMR-03] STATE_TRANSITION MOVING -> EMERGENCY_STOP (intent=STOP)
05:16:23.835 [AMR-03] SAFETY_STOP min_obstacle_distance=1.04m <= 1.2m
05:16:23.935 [AMR-03] STATE_TRANSITION EMERGENCY_STOP -> MOVING (intent=MOVE)
05:16:24.036 [AMR-03] STATE_TRANSITION MOVING -> EMERGENCY_STOP (intent=STOP)
05:16:24.036 [AMR-03] SAFETY_STOP min_obstacle_distance=1.10m <= 1.2m
05:16:24.137 [AMR-03] STATE_TRANSITION EMERGENCY_STOP -> MOVING (intent=MOVE)
05:16:24.238 [AMR-03] STATE_TRANSITION MOVING -> EMERGENCY_STOP (intent=STOP)
05:16:24.238 [AMR-03] SAFETY_STOP min_obstacle_distance=1.08m <= 1.2m
05:16:24.338 [AMR-03] STATE_TRANSITION EMERGENCY_STOP -> MOVING (intent=MOVE)
05:16:24.439 [AMR-03] STATE_TRANSITION MOVING -> EMERGENCY_STOP (intent=STOP)
05:16:24.440 [AMR-03] SAFETY_STOP min_obstacle_distance=1.03m <= 1.2m
05:16:24.539 [AMR-03] STATE_TRANSITION EMERGENCY_STOP -> MOVING (intent=MOVE)
05:16:24.640 [AMR-03] STATE_TRANSITION MOVING -> EMERGENCY_STOP (intent=STOP)
05:16:24.640 [AMR-03] SAFETY_STOP min_obstacle_distance=1.01m <= 1.2m
05:16:24.740 [AMR-03] STATE_TRANSITION EMERGENCY_STOP -> MOVING (intent=MOVE)
05:16:24.841 [AMR-03] STATE_TRANSITION MOVING -> EMERGENCY_STOP (intent=STOP)
05:16:24.842 [AMR-03] SAFETY_STOP min_obstacle_distance=1.04m <= 1.2m
05:16:24.942 [AMR-03] STATE_TRANSITION EMERGENCY_STOP -> MOVING (intent=MOVE)
05:16:25.042 [AMR-03] STATE_TRANSITION MOVING -> EMERGENCY_STOP (intent=STOP)
05:16:25.042 [AMR-03] SAFETY_STOP min_obstacle_distance=1.10m <= 1.2m
05:16:25.143 [AMR-03] STATE_TRANSITION EMERGENCY_STOP -> MOVING (intent=MOVE)
05:16:25.243 [AMR-03] STATE_TRANSITION MOVING -> EMERGENCY_STOP (intent=STOP)
05:16:25.243 [AMR-03] SAFETY_STOP min_obstacle_distance=1.08m <= 1.2m
05:16:25.344 [AMR-03] STATE_TRANSITION EMERGENCY_STOP -> MOVING (intent=MOVE)
05:16:25.445 [AMR-03] STATE_TRANSITION MOVING -> EMERGENCY_STOP (intent=STOP)
05:16:25.445 [AMR-03] SAFETY_STOP min_obstacle_distance=1.03m <= 1.2m
05:16:25.545 [AMR-03] STATE_TRANSITION EMERGENCY_STOP -> MOVING (intent=MOVE)
05:16:25.647 [AMR-03] STATE_TRANSITION MOVING -> EMERGENCY_STOP (intent=STOP)
05:16:25.647 [AMR-03] SAFETY_STOP min_obstacle_distance=1.01m <= 1.2m
05:16:25.748 [AMR-03] STATE_TRANSITION EMERGENCY_STOP -> MOVING (intent=MOVE)
05:16:25.848 [AMR-03] STATE_TRANSITION MOVING -> EMERGENCY_STOP (intent=STOP)
05:16:25.848 [AMR-03] SAFETY_STOP min_obstacle_distance=1.04m <= 1.2m
05:16:25.949 [AMR-03] STATE_TRANSITION EMERGENCY_STOP -> MOVING (intent=MOVE)
05:16:26.050 [AMR-03] STATE_TRANSITION MOVING -> EMERGENCY_STOP (intent=STOP)
05:16:26.050 [AMR-03] SAFETY_STOP min_obstacle_distance=1.10m <= 1.2m
05:16:26.150 [AMR-03] STATE_TRANSITION EMERGENCY_STOP -> MOVING (intent=MOVE)
05:16:26.250 [AMR-03] STATE_TRANSITION MOVING -> EMERGENCY_STOP (intent=STOP)
05:16:26.250 [AMR-03] SAFETY_STOP min_obstacle_distance=1.08m <= 1.2m
05:16:26.351 [AMR-03] STATE_TRANSITION EMERGENCY_STOP -> MOVING (intent=MOVE)
05:16:26.452 [AMR-03] STATE_TRANSITION MOVING -> EMERGENCY_STOP (intent=STOP)
05:16:26.452 [AMR-03] SAFETY_STOP min_obstacle_distance=1.03m <= 1.2m
05:16:26.552 [AMR-03] STATE_TRANSITION EMERGENCY_STOP -> MOVING (intent=MOVE)
05:16:26.653 [AMR-03] STATE_TRANSITION MOVING -> EMERGENCY_STOP (intent=STOP)
05:16:26.653 [AMR-03] SAFETY_STOP min_obstacle_distance=1.01m <= 1.2m
05:16:26.754 [AMR-03] STATE_TRANSITION EMERGENCY_STOP -> MOVING (intent=MOVE)
05:16:26.854 [AMR-03] STATE_TRANSITION MOVING -> EMERGENCY_STOP (intent=STOP)
05:16:26.854 [AMR-03] SAFETY_STOP min_obstacle_distance=1.04m <= 1.2m
05:16:26.954 [AMR-03] STATE_TRANSITION EMERGENCY_STOP -> MOVING (intent=MOVE)
05:16:27.055 [AMR-03] STATE_TRANSITION MOVING -> EMERGENCY_STOP (intent=STOP)
05:16:27.055 [AMR-03] SAFETY_STOP min_obstacle_distance=1.10m <= 1.2m
05:16:27.156 [AMR-03] STATE_TRANSITION EMERGENCY_STOP -> MOVING (intent=MOVE)
05:16:27.257 [AMR-03] STATE_TRANSITION MOVING -> EMERGENCY_STOP (intent=STOP)
05:16:27.257 [AMR-03] SAFETY_STOP min_obstacle_distance=1.08m <= 1.2m
05:16:27.359 [AMR-03] STATE_TRANSITION EMERGENCY_STOP -> MOVING (intent=MOVE)
05:16:27.459 [AMR-03] STATE_TRANSITION MOVING -> EMERGENCY_STOP (intent=STOP)
05:16:27.459 [AMR-03] SAFETY_STOP min_obstacle_distance=1.03m <= 1.2m
05:16:27.559 [AMR-03] STATE_TRANSITION EMERGENCY_STOP -> MOVING (intent=MOVE)
05:16:27.660 [AMR-03] STATE_TRANSITION MOVING -> EMERGENCY_STOP (intent=STOP)
05:16:27.661 [AMR-03] SAFETY_STOP min_obstacle_distance=1.01m <= 1.2m
05:16:27.762 [AMR-03] STATE_TRANSITION EMERGENCY_STOP -> MOVING (intent=MOVE)
05:16:27.862 [AMR-03] STATE_TRANSITION MOVING -> EMERGENCY_STOP (intent=STOP)
05:16:27.862 [AMR-03] SAFETY_STOP min_obstacle_distance=1.04m <= 1.2m
05:16:27.962 [AMR-03] STATE_TRANSITION EMERGENCY_STOP -> MOVING (intent=MOVE)
05:16:28.063 [AMR-03] STATE_TRANSITION MOVING -> EMERGENCY_STOP (intent=STOP)
05:16:28.063 [AMR-03] SAFETY_STOP min_obstacle_distance=1.10m <= 1.2m
05:16:28.163 [AMR-03] STATE_TRANSITION EMERGENCY_STOP -> MOVING (intent=MOVE)
05:16:28.264 [AMR-03] STATE_TRANSITION MOVING -> EMERGENCY_STOP (intent=STOP)
05:16:28.264 [AMR-03] SAFETY_STOP min_obstacle_distance=1.08m <= 1.2m
05:16:28.365 [AMR-03] STATE_TRANSITION EMERGENCY_STOP -> MOVING (intent=MOVE)
05:16:28.465 [AMR-03] STATE_TRANSITION MOVING -> EMERGENCY_STOP (intent=STOP)
05:16:28.466 [AMR-03] SAFETY_STOP min_obstacle_distance=1.00m <= 1.2m
05:16:28.566 [AMR-03] STATE_TRANSITION EMERGENCY_STOP -> MOVING (intent=MOVE)
05:16:28.667 [AMR-03] STATE_TRANSITION MOVING -> EMERGENCY_STOP (intent=STOP)
05:16:28.668 [AMR-03] SAFETY_STOP min_obstacle_distance=1.01m <= 1.2m
05:16:28.768 [AMR-03] STATE_TRANSITION EMERGENCY_STOP -> MOVING (intent=MOVE)
05:16:28.869 [AMR-03] STATE_TRANSITION MOVING -> EMERGENCY_STOP (intent=STOP)
05:16:28.869 [AMR-03] SAFETY_STOP min_obstacle_distance=1.04m <= 1.2m
05:16:28.970 [AMR-03] STATE_TRANSITION EMERGENCY_STOP -> MOVING (intent=MOVE)
05:16:29.070 [AMR-03] STATE_TRANSITION MOVING -> EMERGENCY_STOP (intent=STOP)
05:16:29.071 [AMR-03] SAFETY_STOP min_obstacle_distance=1.10m <= 1.2m
05:16:29.171 [AMR-03] STATE_TRANSITION EMERGENCY_STOP -> MOVING (intent=MOVE)
05:16:29.271 [AMR-03] STATE_TRANSITION MOVING -> EMERGENCY_STOP (intent=STOP)
05:16:29.271 [AMR-03] SAFETY_STOP min_obstacle_distance=1.08m <= 1.2m
05:16:29.372 [AMR-03] STATE_TRANSITION EMERGENCY_STOP -> MOVING (intent=MOVE)
05:16:29.472 [AMR-03] STATE_TRANSITION MOVING -> EMERGENCY_STOP (intent=STOP)
05:16:29.473 [AMR-03] SAFETY_STOP min_obstacle_distance=1.00m <= 1.2m
05:16:29.573 [AMR-03] STATE_TRANSITION EMERGENCY_STOP -> MOVING (intent=MOVE)
05:16:29.673 [AMR-03] STATE_TRANSITION MOVING -> EMERGENCY_STOP (intent=STOP)
05:16:29.673 [AMR-03] SAFETY_STOP min_obstacle_distance=1.01m <= 1.2m
05:16:29.774 [AMR-03] STATE_TRANSITION EMERGENCY_STOP -> MOVING (intent=MOVE)
05:16:29.875 [AMR-03] STATE_TRANSITION MOVING -> EMERGENCY_STOP (intent=STOP)
05:16:29.875 [AMR-03] SAFETY_STOP min_obstacle_distance=1.04m <= 1.2m
05:16:29.975 [AMR-03] STATE_TRANSITION EMERGENCY_STOP -> MOVING (intent=MOVE)
05:16:30.076 [AMR-03] STATE_TRANSITION MOVING -> EMERGENCY_STOP (intent=STOP)
05:16:30.076 [AMR-03] SAFETY_STOP min_obstacle_distance=1.10m <= 1.2m
05:16:30.177 [AMR-03] STATE_TRANSITION EMERGENCY_STOP -> MOVING (intent=MOVE)
05:16:30.277 [AMR-03] STATE_TRANSITION MOVING -> EMERGENCY_STOP (intent=STOP)
05:16:30.277 [AMR-03] SAFETY_STOP min_obstacle_distance=1.08m <= 1.2m
05:16:30.377 [AMR-03] STATE_TRANSITION EMERGENCY_STOP -> MOVING (intent=MOVE)
05:16:30.479 [AMR-03] STATE_TRANSITION MOVING -> EMERGENCY_STOP (intent=STOP)
05:16:30.479 [AMR-03] SAFETY_STOP min_obstacle_distance=1.03m <= 1.2m
05:16:30.579 [AMR-03] STATE_TRANSITION EMERGENCY_STOP -> MOVING (intent=MOVE)
05:16:30.680 [AMR-03] STATE_TRANSITION MOVING -> EMERGENCY_STOP (intent=STOP)
05:16:30.680 [AMR-03] SAFETY_STOP min_obstacle_distance=1.01m <= 1.2m
05:16:30.780 [AMR-03] STATE_TRANSITION EMERGENCY_STOP -> MOVING (intent=MOVE)
05:16:30.881 [AMR-03] STATE_TRANSITION MOVING -> EMERGENCY_STOP (intent=STOP)
05:16:30.881 [AMR-03] SAFETY_STOP min_obstacle_distance=1.04m <= 1.2m
05:16:30.981 [AMR-03] STATE_TRANSITION EMERGENCY_STOP -> MOVING (intent=MOVE)
05:16:31.082 [AMR-03] STATE_TRANSITION MOVING -> EMERGENCY_STOP (intent=STOP)
05:16:31.082 [AMR-03] SAFETY_STOP min_obstacle_distance=1.10m <= 1.2m
05:16:31.183 [AMR-03] STATE_TRANSITION EMERGENCY_STOP -> MOVING (intent=MOVE)
05:16:31.284 [AMR-03] STATE_TRANSITION MOVING -> EMERGENCY_STOP (intent=STOP)
05:16:31.284 [AMR-03] SAFETY_STOP min_obstacle_distance=1.08m <= 1.2m
05:16:31.385 [AMR-03] STATE_TRANSITION EMERGENCY_STOP -> MOVING (intent=MOVE)
05:16:31.486 [AMR-03] STATE_TRANSITION MOVING -> EMERGENCY_STOP (intent=STOP)
05:16:31.486 [AMR-03] SAFETY_STOP min_obstacle_distance=1.00m <= 1.2m
05:16:31.587 [AMR-03] STATE_TRANSITION EMERGENCY_STOP -> MOVING (intent=MOVE)
05:16:31.688 [AMR-03] STATE_TRANSITION MOVING -> EMERGENCY_STOP (intent=STOP)
05:16:31.688 [AMR-03] SAFETY_STOP min_obstacle_distance=1.01m <= 1.2m
05:16:31.789 [AMR-03] STATE_TRANSITION EMERGENCY_STOP -> MOVING (intent=MOVE)
05:16:31.890 [AMR-03] STATE_TRANSITION MOVING -> EMERGENCY_STOP (intent=STOP)
05:16:31.890 [AMR-03] SAFETY_STOP min_obstacle_distance=1.04m <= 1.2m
05:16:31.991 [AMR-03] STATE_TRANSITION EMERGENCY_STOP -> MOVING (intent=MOVE)
05:16:32.091 [AMR-03] STATE_TRANSITION MOVING -> EMERGENCY_STOP (intent=STOP)
05:16:32.091 [AMR-03] SAFETY_STOP min_obstacle_distance=1.10m <= 1.2m
05:16:32.192 [AMR-03] STATE_TRANSITION EMERGENCY_STOP -> MOVING (intent=MOVE)
05:16:32.292 [AMR-03] STATE_TRANSITION MOVING -> EMERGENCY_STOP (intent=STOP)
05:16:32.293 [AMR-03] SAFETY_STOP min_obstacle_distance=1.08m <= 1.2m
05:16:32.393 [AMR-03] STATE_TRANSITION EMERGENCY_STOP -> MOVING (intent=MOVE)
05:16:32.495 [AMR-03] STATE_TRANSITION MOVING -> EMERGENCY_STOP (intent=STOP)
05:16:32.495 [AMR-03] SAFETY_STOP min_obstacle_distance=1.00m <= 1.2m
05:16:32.595 [AMR-03] STATE_TRANSITION EMERGENCY_STOP -> MOVING (intent=MOVE)
05:16:32.696 [AMR-03] STATE_TRANSITION MOVING -> EMERGENCY_STOP (intent=STOP)
05:16:32.696 [AMR-03] SAFETY_STOP min_obstacle_distance=1.01m <= 1.2m
05:16:32.796 [AMR-03] STATE_TRANSITION EMERGENCY_STOP -> MOVING (intent=MOVE)
05:16:32.897 [AMR-03] STATE_TRANSITION MOVING -> EMERGENCY_STOP (intent=STOP)
05:16:32.897 [AMR-03] SAFETY_STOP min_obstacle_distance=1.04m <= 1.2m
05:16:32.997 [AMR-03] STATE_TRANSITION EMERGENCY_STOP -> MOVING (intent=MOVE)
05:16:33.097 [AMR-03] STATE_TRANSITION MOVING -> EMERGENCY_STOP (intent=STOP)
05:16:33.098 [AMR-03] SAFETY_STOP min_obstacle_distance=1.10m <= 1.2m
05:16:33.199 [AMR-03] STATE_TRANSITION EMERGENCY_STOP -> MOVING (intent=MOVE)
05:16:33.299 [AMR-03] STATE_TRANSITION MOVING -> EMERGENCY_STOP (intent=STOP)
05:16:33.299 [AMR-03] SAFETY_STOP min_obstacle_distance=1.08m <= 1.2m
05:16:33.400 [AMR-03] STATE_TRANSITION EMERGENCY_STOP -> MOVING (intent=MOVE)
05:16:33.500 [AMR-03] STATE_TRANSITION MOVING -> EMERGENCY_STOP (intent=STOP)
05:16:33.500 [AMR-03] SAFETY_STOP min_obstacle_distance=1.00m <= 1.2m
05:16:33.601 [AMR-03] STATE_TRANSITION EMERGENCY_STOP -> MOVING (intent=MOVE)
05:16:33.701 [AMR-03] STATE_TRANSITION MOVING -> EMERGENCY_STOP (intent=STOP)
05:16:33.701 [AMR-03] SAFETY_STOP min_obstacle_distance=1.01m <= 1.2m
05:16:33.801 [AMR-03] STATE_TRANSITION EMERGENCY_STOP -> MOVING (intent=MOVE)
05:16:33.901 [AMR-03] STATE_TRANSITION MOVING -> EMERGENCY_STOP (intent=STOP)
05:16:33.901 [AMR-03] SAFETY_STOP min_obstacle_distance=1.04m <= 1.2m
05:16:34.003 [AMR-03] STATE_TRANSITION EMERGENCY_STOP -> MOVING (intent=MOVE)
05:16:34.104 [AMR-03] STATE_TRANSITION MOVING -> EMERGENCY_STOP (intent=STOP)
05:16:34.104 [AMR-03] SAFETY_STOP min_obstacle_distance=1.10m <= 1.2m
05:16:34.204 [AMR-03] STATE_TRANSITION EMERGENCY_STOP -> MOVING (intent=MOVE)
05:16:34.304 [AMR-03] STATE_TRANSITION MOVING -> EMERGENCY_STOP (intent=STOP)
05:16:34.304 [AMR-03] SAFETY_STOP min_obstacle_distance=1.08m <= 1.2m
05:16:34.404 [AMR-03] STATE_TRANSITION EMERGENCY_STOP -> MOVING (intent=MOVE)
05:16:34.505 [AMR-03] STATE_TRANSITION MOVING -> EMERGENCY_STOP (intent=STOP)
05:16:34.505 [AMR-03] SAFETY_STOP min_obstacle_distance=1.00m <= 1.2m
05:16:34.606 [AMR-03] STATE_TRANSITION EMERGENCY_STOP -> MOVING (intent=MOVE)
05:16:34.706 [AMR-03] STATE_TRANSITION MOVING -> EMERGENCY_STOP (intent=STOP)
05:16:34.706 [AMR-03] SAFETY_STOP min_obstacle_distance=1.01m <= 1.2m
05:16:34.806 [AMR-03] STATE_TRANSITION EMERGENCY_STOP -> MOVING (intent=MOVE)
05:16:34.906 [AMR-03] STATE_TRANSITION MOVING -> EMERGENCY_STOP (intent=STOP)
05:16:34.906 [AMR-03] SAFETY_STOP min_obstacle_distance=1.04m <= 1.2m
05:16:35.006 [AMR-03] STATE_TRANSITION EMERGENCY_STOP -> MOVING (intent=MOVE)
05:16:35.107 [AMR-03] STATE_TRANSITION MOVING -> EMERGENCY_STOP (intent=STOP)
05:16:35.107 [AMR-03] SAFETY_STOP min_obstacle_distance=1.10m <= 1.2m
05:16:35.208 [AMR-03] STATE_TRANSITION EMERGENCY_STOP -> MOVING (intent=MOVE)
05:16:35.308 [AMR-03] STATE_TRANSITION MOVING -> EMERGENCY_STOP (intent=STOP)
05:16:35.308 [AMR-03] SAFETY_STOP min_obstacle_distance=1.08m <= 1.2m
05:16:35.409 [AMR-03] STATE_TRANSITION EMERGENCY_STOP -> MOVING (intent=MOVE)
05:16:35.510 [AMR-03] STATE_TRANSITION MOVING -> EMERGENCY_STOP (intent=STOP)
05:16:35.510 [AMR-03] SAFETY_STOP min_obstacle_distance=1.00m <= 1.2m
05:16:35.611 [AMR-03] STATE_TRANSITION EMERGENCY_STOP -> MOVING (intent=MOVE)
05:16:35.711 [AMR-03] STATE_TRANSITION MOVING -> EMERGENCY_STOP (intent=STOP)
05:16:35.711 [AMR-03] SAFETY_STOP min_obstacle_distance=1.01m <= 1.2m
05:16:35.812 [AMR-03] STATE_TRANSITION EMERGENCY_STOP -> MOVING (intent=MOVE)
05:16:35.911 [AMR-03] STATE_TRANSITION MOVING -> EMERGENCY_STOP (intent=STOP)
05:16:35.911 [AMR-03] SAFETY_STOP min_obstacle_distance=1.04m <= 1.2m
05:16:36.012 [AMR-03] STATE_TRANSITION EMERGENCY_STOP -> MOVING (intent=MOVE)
05:16:36.113 [AMR-03] STATE_TRANSITION MOVING -> EMERGENCY_STOP (intent=STOP)
05:16:36.113 [AMR-03] SAFETY_STOP min_obstacle_distance=1.10m <= 1.2m
05:16:36.214 [AMR-03] STATE_TRANSITION EMERGENCY_STOP -> MOVING (intent=MOVE)
05:16:36.315 [AMR-03] STATE_TRANSITION MOVING -> EMERGENCY_STOP (intent=STOP)
05:16:36.315 [AMR-03] SAFETY_STOP min_obstacle_distance=1.08m <= 1.2m
05:16:36.416 [AMR-03] STATE_TRANSITION EMERGENCY_STOP -> MOVING (intent=MOVE)
05:16:36.516 [AMR-03] STATE_TRANSITION MOVING -> EMERGENCY_STOP (intent=STOP)
05:16:36.516 [AMR-03] SAFETY_STOP min_obstacle_distance=1.00m <= 1.2m
05:16:36.617 [AMR-03] STATE_TRANSITION EMERGENCY_STOP -> MOVING (intent=MOVE)
05:16:36.719 [AMR-03] STATE_TRANSITION MOVING -> EMERGENCY_STOP (intent=STOP)
05:16:36.719 [AMR-03] SAFETY_STOP min_obstacle_distance=1.01m <= 1.2m
05:16:36.818 [AMR-03] STATE_TRANSITION EMERGENCY_STOP -> MOVING (intent=MOVE)
05:16:36.920 [AMR-03] STATE_TRANSITION MOVING -> EMERGENCY_STOP (intent=STOP)
05:16:36.920 [AMR-03] SAFETY_STOP min_obstacle_distance=1.04m <= 1.2m
05:16:37.020 [AMR-03] STATE_TRANSITION EMERGENCY_STOP -> MOVING (intent=MOVE)
05:16:37.120 [AMR-03] STATE_TRANSITION MOVING -> EMERGENCY_STOP (intent=STOP)
05:16:37.120 [AMR-03] SAFETY_STOP min_obstacle_distance=1.10m <= 1.2m
05:16:37.221 [AMR-03] STATE_TRANSITION EMERGENCY_STOP -> MOVING (intent=MOVE)
05:16:37.322 [AMR-03] STATE_TRANSITION MOVING -> EMERGENCY_STOP (intent=STOP)
05:16:37.322 [AMR-03] SAFETY_STOP min_obstacle_distance=1.08m <= 1.2m
05:16:37.423 [AMR-03] STATE_TRANSITION EMERGENCY_STOP -> MOVING (intent=MOVE)
05:16:37.524 [AMR-03] STATE_TRANSITION MOVING -> EMERGENCY_STOP (intent=STOP)
05:16:37.524 [AMR-03] SAFETY_STOP min_obstacle_distance=1.00m <= 1.2m
05:16:37.626 [AMR-03] STATE_TRANSITION EMERGENCY_STOP -> MOVING (intent=MOVE)
05:16:37.726 [AMR-03] STATE_TRANSITION MOVING -> EMERGENCY_STOP (intent=STOP)
05:16:37.726 [AMR-03] SAFETY_STOP min_obstacle_distance=1.01m <= 1.2m
05:16:37.827 [AMR-03] STATE_TRANSITION EMERGENCY_STOP -> MOVING (intent=MOVE)
05:16:37.928 [AMR-03] STATE_TRANSITION MOVING -> EMERGENCY_STOP (intent=STOP)
05:16:37.928 [AMR-03] SAFETY_STOP min_obstacle_distance=1.04m <= 1.2m
05:16:38.029 [AMR-03] STATE_TRANSITION EMERGENCY_STOP -> MOVING (intent=MOVE)
05:16:38.129 [AMR-03] STATE_TRANSITION MOVING -> EMERGENCY_STOP (intent=STOP)
05:16:38.129 [AMR-03] SAFETY_STOP min_obstacle_distance=1.10m <= 1.2m
05:16:38.229 [AMR-03] STATE_TRANSITION EMERGENCY_STOP -> MOVING (intent=MOVE)
05:16:38.329 [AMR-03] STATE_TRANSITION MOVING -> EMERGENCY_STOP (intent=STOP)
05:16:38.330 [AMR-03] SAFETY_STOP min_obstacle_distance=1.08m <= 1.2m
05:16:38.431 [AMR-03] STATE_TRANSITION EMERGENCY_STOP -> MOVING (intent=MOVE)
05:16:38.531 [AMR-03] STATE_TRANSITION MOVING -> EMERGENCY_STOP (intent=STOP)
05:16:38.531 [AMR-03] SAFETY_STOP min_obstacle_distance=1.00m <= 1.2m
05:16:38.632 [AMR-03] STATE_TRANSITION EMERGENCY_STOP -> MOVING (intent=MOVE)
05:16:38.732 [AMR-03] STATE_TRANSITION MOVING -> EMERGENCY_STOP (intent=STOP)
05:16:38.732 [AMR-03] SAFETY_STOP min_obstacle_distance=1.01m <= 1.2m
05:16:38.833 [AMR-03] STATE_TRANSITION EMERGENCY_STOP -> MOVING (intent=MOVE)
05:16:38.935 [AMR-03] STATE_TRANSITION MOVING -> EMERGENCY_STOP (intent=STOP)
05:16:38.935 [AMR-03] SAFETY_STOP min_obstacle_distance=1.04m <= 1.2m
05:16:39.035 [AMR-03] STATE_TRANSITION EMERGENCY_STOP -> MOVING (intent=MOVE)
05:16:39.135 [AMR-03] STATE_TRANSITION MOVING -> EMERGENCY_STOP (intent=STOP)
05:16:39.135 [AMR-03] SAFETY_STOP min_obstacle_distance=1.10m <= 1.2m
05:16:39.237 [AMR-03] STATE_TRANSITION EMERGENCY_STOP -> MOVING (intent=MOVE)
05:16:39.336 [AMR-03] STATE_TRANSITION MOVING -> EMERGENCY_STOP (intent=STOP)
05:16:39.337 [AMR-03] SAFETY_STOP min_obstacle_distance=1.08m <= 1.2m
05:16:39.437 [AMR-03] STATE_TRANSITION EMERGENCY_STOP -> MOVING (intent=MOVE)
05:16:39.538 [AMR-03] STATE_TRANSITION MOVING -> EMERGENCY_STOP (intent=STOP)
05:16:39.538 [AMR-03] SAFETY_STOP min_obstacle_distance=1.00m <= 1.2m
05:16:39.639 [AMR-03] STATE_TRANSITION EMERGENCY_STOP -> MOVING (intent=MOVE)
05:16:39.739 [AMR-03] STATE_TRANSITION MOVING -> EMERGENCY_STOP (intent=STOP)
05:16:39.739 [AMR-03] SAFETY_STOP min_obstacle_distance=1.01m <= 1.2m
05:16:39.840 [AMR-03] STATE_TRANSITION EMERGENCY_STOP -> MOVING (intent=MOVE)
05:16:39.941 [AMR-03] STATE_TRANSITION MOVING -> EMERGENCY_STOP (intent=STOP)
05:16:39.941 [AMR-03] SAFETY_STOP min_obstacle_distance=1.04m <= 1.2m
05:16:40.042 [AMR-03] STATE_TRANSITION EMERGENCY_STOP -> MOVING (intent=MOVE)
05:16:40.143 [AMR-03] STATE_TRANSITION MOVING -> EMERGENCY_STOP (intent=STOP)
05:16:40.143 [AMR-03] SAFETY_STOP min_obstacle_distance=1.10m <= 1.2m
05:16:40.243 [AMR-03] STATE_TRANSITION EMERGENCY_STOP -> MOVING (intent=MOVE)
05:16:40.343 [AMR-03] STATE_TRANSITION MOVING -> EMERGENCY_STOP (intent=STOP)
05:16:40.343 [AMR-03] SAFETY_STOP min_obstacle_distance=1.08m <= 1.2m
05:16:40.445 [AMR-03] STATE_TRANSITION EMERGENCY_STOP -> MOVING (intent=MOVE)
05:16:40.545 [AMR-03] STATE_TRANSITION MOVING -> EMERGENCY_STOP (intent=STOP)
05:16:40.546 [AMR-03] SAFETY_STOP min_obstacle_distance=1.00m <= 1.2m
05:16:40.647 [AMR-03] STATE_TRANSITION EMERGENCY_STOP -> MOVING (intent=MOVE)
05:16:40.748 [AMR-03] STATE_TRANSITION MOVING -> EMERGENCY_STOP (intent=STOP)
05:16:40.748 [AMR-03] SAFETY_STOP min_obstacle_distance=1.01m <= 1.2m
05:16:40.849 [AMR-03] STATE_TRANSITION EMERGENCY_STOP -> MOVING (intent=MOVE)
05:16:40.949 [AMR-03] STATE_TRANSITION MOVING -> EMERGENCY_STOP (intent=STOP)
05:16:40.949 [AMR-03] SAFETY_STOP min_obstacle_distance=1.04m <= 1.2m
05:16:41.050 [AMR-03] STATE_TRANSITION EMERGENCY_STOP -> MOVING (intent=MOVE)
05:16:41.151 [AMR-03] STATE_TRANSITION MOVING -> EMERGENCY_STOP (intent=STOP)
05:16:41.151 [AMR-03] SAFETY_STOP min_obstacle_distance=1.10m <= 1.2m
05:16:41.251 [AMR-03] STATE_TRANSITION EMERGENCY_STOP -> MOVING (intent=MOVE)
05:16:41.351 [AMR-03] STATE_TRANSITION MOVING -> EMERGENCY_STOP (intent=STOP)
05:16:41.351 [AMR-03] SAFETY_STOP min_obstacle_distance=1.08m <= 1.2m
05:16:41.452 [AMR-03] STATE_TRANSITION EMERGENCY_STOP -> MOVING (intent=MOVE)
05:16:41.552 [AMR-03] STATE_TRANSITION MOVING -> EMERGENCY_STOP (intent=STOP)
05:16:41.552 [AMR-03] SAFETY_STOP min_obstacle_distance=1.00m <= 1.2m
05:16:41.653 [AMR-03] STATE_TRANSITION EMERGENCY_STOP -> MOVING (intent=MOVE)
05:16:41.753 [AMR-03] STATE_TRANSITION MOVING -> EMERGENCY_STOP (intent=STOP)
05:16:41.753 [AMR-03] SAFETY_STOP min_obstacle_distance=1.01m <= 1.2m
05:16:41.853 [AMR-03] STATE_TRANSITION EMERGENCY_STOP -> MOVING (intent=MOVE)
05:16:41.954 [AMR-03] STATE_TRANSITION MOVING -> EMERGENCY_STOP (intent=STOP)
05:16:41.954 [AMR-03] SAFETY_STOP min_obstacle_distance=1.04m <= 1.2m
05:16:42.054 [AMR-03] STATE_TRANSITION EMERGENCY_STOP -> MOVING (intent=MOVE)
05:16:42.155 [AMR-03] STATE_TRANSITION MOVING -> EMERGENCY_STOP (intent=STOP)
05:16:42.155 [AMR-03] SAFETY_STOP min_obstacle_distance=1.10m <= 1.2m
05:16:42.255 [AMR-03] STATE_TRANSITION EMERGENCY_STOP -> MOVING (intent=MOVE)
05:16:42.356 [AMR-03] STATE_TRANSITION MOVING -> EMERGENCY_STOP (intent=STOP)
05:16:42.356 [AMR-03] SAFETY_STOP min_obstacle_distance=1.08m <= 1.2m
05:16:42.457 [AMR-03] STATE_TRANSITION EMERGENCY_STOP -> MOVING (intent=MOVE)
05:16:42.557 [AMR-03] STATE_TRANSITION MOVING -> EMERGENCY_STOP (intent=STOP)
05:16:42.557 [AMR-03] SAFETY_STOP min_obstacle_distance=1.00m <= 1.2m
05:16:42.658 [AMR-03] STATE_TRANSITION EMERGENCY_STOP -> MOVING (intent=MOVE)
05:16:42.759 [AMR-03] STATE_TRANSITION MOVING -> EMERGENCY_STOP (intent=STOP)
05:16:42.759 [AMR-03] SAFETY_STOP min_obstacle_distance=1.01m <= 1.2m
05:16:42.860 [AMR-03] STATE_TRANSITION EMERGENCY_STOP -> MOVING (intent=MOVE)
05:16:42.960 [AMR-03] STATE_TRANSITION MOVING -> EMERGENCY_STOP (intent=STOP)
05:16:42.960 [AMR-03] SAFETY_STOP min_obstacle_distance=1.04m <= 1.2m
05:16:43.061 [AMR-03] STATE_TRANSITION EMERGENCY_STOP -> MOVING (intent=MOVE)
05:16:43.162 [AMR-03] STATE_TRANSITION MOVING -> EMERGENCY_STOP (intent=STOP)
05:16:43.162 [AMR-03] SAFETY_STOP min_obstacle_distance=1.10m <= 1.2m
05:16:43.262 [AMR-03] STATE_TRANSITION EMERGENCY_STOP -> MOVING (intent=MOVE)
05:16:43.362 [AMR-03] STATE_TRANSITION MOVING -> EMERGENCY_STOP (intent=STOP)
05:16:43.362 [AMR-03] SAFETY_STOP min_obstacle_distance=1.08m <= 1.2m
05:16:43.463 [AMR-03] STATE_TRANSITION EMERGENCY_STOP -> MOVING (intent=MOVE)
05:16:43.564 [AMR-03] STATE_TRANSITION MOVING -> EMERGENCY_STOP (intent=STOP)
05:16:43.564 [AMR-03] SAFETY_STOP min_obstacle_distance=1.00m <= 1.2m
05:16:43.665 [AMR-03] STATE_TRANSITION EMERGENCY_STOP -> MOVING (intent=MOVE)
05:16:43.765 [AMR-03] STATE_TRANSITION MOVING -> EMERGENCY_STOP (intent=STOP)
05:16:43.766 [AMR-03] SAFETY_STOP min_obstacle_distance=1.01m <= 1.2m
05:16:43.867 [AMR-03] STATE_TRANSITION EMERGENCY_STOP -> MOVING (intent=MOVE)
05:16:43.968 [AMR-03] STATE_TRANSITION MOVING -> EMERGENCY_STOP (intent=STOP)
05:16:43.968 [AMR-03] SAFETY_STOP min_obstacle_distance=1.04m <= 1.2m
05:16:44.068 [AMR-03] STATE_TRANSITION EMERGENCY_STOP -> MOVING (intent=MOVE)
05:16:44.168 [AMR-03] STATE_TRANSITION MOVING -> EMERGENCY_STOP (intent=STOP)
05:16:44.169 [AMR-03] SAFETY_STOP min_obstacle_distance=1.10m <= 1.2m
05:16:44.269 [AMR-03] STATE_TRANSITION EMERGENCY_STOP -> MOVING (intent=MOVE)
05:16:44.370 [AMR-03] STATE_TRANSITION MOVING -> EMERGENCY_STOP (intent=STOP)
05:16:44.370 [AMR-03] SAFETY_STOP min_obstacle_distance=1.08m <= 1.2m
05:16:44.471 [AMR-03] STATE_TRANSITION EMERGENCY_STOP -> MOVING (intent=MOVE)
05:16:44.571 [AMR-03] STATE_TRANSITION MOVING -> EMERGENCY_STOP (intent=STOP)
05:16:44.571 [AMR-03] SAFETY_STOP min_obstacle_distance=1.00m <= 1.2m
05:16:44.672 [AMR-03] STATE_TRANSITION EMERGENCY_STOP -> MOVING (intent=MOVE)
05:16:44.772 [AMR-03] STATE_TRANSITION MOVING -> EMERGENCY_STOP (intent=STOP)
05:16:44.772 [AMR-03] SAFETY_STOP min_obstacle_distance=1.01m <= 1.2m
05:16:44.873 [AMR-03] STATE_TRANSITION EMERGENCY_STOP -> MOVING (intent=MOVE)
05:16:44.974 [AMR-03] STATE_TRANSITION MOVING -> EMERGENCY_STOP (intent=STOP)
05:16:44.974 [AMR-03] SAFETY_STOP min_obstacle_distance=1.04m <= 1.2m
05:16:45.075 [AMR-03] STATE_TRANSITION EMERGENCY_STOP -> MOVING (intent=MOVE)
05:16:45.176 [AMR-03] STATE_TRANSITION MOVING -> EMERGENCY_STOP (intent=STOP)
05:16:45.176 [AMR-03] SAFETY_STOP min_obstacle_distance=1.10m <= 1.2m
05:16:45.276 [AMR-03] STATE_TRANSITION EMERGENCY_STOP -> MOVING (intent=MOVE)
05:16:45.377 [AMR-03] STATE_TRANSITION MOVING -> EMERGENCY_STOP (intent=STOP)
05:16:45.377 [AMR-03] SAFETY_STOP min_obstacle_distance=1.08m <= 1.2m
05:16:45.478 [AMR-03] STATE_TRANSITION EMERGENCY_STOP -> MOVING (intent=MOVE)
05:16:45.578 [AMR-03] STATE_TRANSITION MOVING -> EMERGENCY_STOP (intent=STOP)
05:16:45.578 [AMR-03] SAFETY_STOP min_obstacle_distance=1.00m <= 1.2m
05:16:45.680 [AMR-03] STATE_TRANSITION EMERGENCY_STOP -> MOVING (intent=MOVE)
05:16:45.781 [AMR-03] STATE_TRANSITION MOVING -> EMERGENCY_STOP (intent=STOP)
05:16:45.781 [AMR-03] SAFETY_STOP min_obstacle_distance=1.01m <= 1.2m
05:16:45.881 [AMR-03] STATE_TRANSITION EMERGENCY_STOP -> MOVING (intent=MOVE)
05:16:45.982 [AMR-03] STATE_TRANSITION MOVING -> EMERGENCY_STOP (intent=STOP)
05:16:45.982 [AMR-03] SAFETY_STOP min_obstacle_distance=1.04m <= 1.2m
05:16:46.082 [AMR-03] STATE_TRANSITION EMERGENCY_STOP -> MOVING (intent=MOVE)
05:16:46.182 [AMR-03] STATE_TRANSITION MOVING -> EMERGENCY_STOP (intent=STOP)
05:16:46.182 [AMR-03] SAFETY_STOP min_obstacle_distance=1.10m <= 1.2m
05:16:46.282 [AMR-03] STATE_TRANSITION EMERGENCY_STOP -> MOVING (intent=MOVE)
05:16:46.383 [AMR-03] STATE_TRANSITION MOVING -> EMERGENCY_STOP (intent=STOP)
05:16:46.383 [AMR-03] SAFETY_STOP min_obstacle_distance=1.08m <= 1.2m
05:16:46.483 [AMR-03] STATE_TRANSITION EMERGENCY_STOP -> MOVING (intent=MOVE)
05:16:46.584 [AMR-03] STATE_TRANSITION MOVING -> EMERGENCY_STOP (intent=STOP)
05:16:46.584 [AMR-03] SAFETY_STOP min_obstacle_distance=1.01m <= 1.2m
05:16:46.685 [AMR-03] STATE_TRANSITION EMERGENCY_STOP -> MOVING (intent=MOVE)
05:16:46.785 [AMR-03] STATE_TRANSITION MOVING -> EMERGENCY_STOP (intent=STOP)
05:16:46.786 [AMR-03] SAFETY_STOP min_obstacle_distance=1.04m <= 1.2m
05:16:46.887 [AMR-03] STATE_TRANSITION EMERGENCY_STOP -> MOVING (intent=MOVE)
05:16:46.987 [AMR-03] STATE_TRANSITION MOVING -> EMERGENCY_STOP (intent=STOP)
05:16:46.987 [AMR-03] SAFETY_STOP min_obstacle_distance=1.10m <= 1.2m
05:16:47.088 [AMR-03] STATE_TRANSITION EMERGENCY_STOP -> MOVING (intent=MOVE)
05:16:47.188 [AMR-03] STATE_TRANSITION MOVING -> EMERGENCY_STOP (intent=STOP)
05:16:47.188 [AMR-03] SAFETY_STOP min_obstacle_distance=1.08m <= 1.2m
05:16:47.288 [AMR-03] STATE_TRANSITION EMERGENCY_STOP -> MOVING (intent=MOVE)
05:16:47.389 [AMR-03] STATE_TRANSITION MOVING -> EMERGENCY_STOP (intent=STOP)
05:16:47.389 [AMR-03] SAFETY_STOP min_obstacle_distance=1.03m <= 1.2m
05:16:47.490 [AMR-03] STATE_TRANSITION EMERGENCY_STOP -> MOVING (intent=MOVE)
05:16:47.590 [AMR-03] STATE_TRANSITION MOVING -> EMERGENCY_STOP (intent=STOP)
05:16:47.590 [AMR-03] SAFETY_STOP min_obstacle_distance=1.01m <= 1.2m
05:16:47.691 [AMR-03] STATE_TRANSITION EMERGENCY_STOP -> MOVING (intent=MOVE)
05:16:47.791 [AMR-03] STATE_TRANSITION MOVING -> EMERGENCY_STOP (intent=STOP)
05:16:47.791 [AMR-03] SAFETY_STOP min_obstacle_distance=1.04m <= 1.2m
05:16:47.892 [AMR-03] STATE_TRANSITION EMERGENCY_STOP -> MOVING (intent=MOVE)
05:16:47.993 [AMR-03] STATE_TRANSITION MOVING -> EMERGENCY_STOP (intent=STOP)
05:16:47.993 [AMR-03] SAFETY_STOP min_obstacle_distance=1.10m <= 1.2m
05:16:48.093 [AMR-03] STATE_TRANSITION EMERGENCY_STOP -> MOVING (intent=MOVE)
05:16:48.193 [AMR-03] STATE_TRANSITION MOVING -> EMERGENCY_STOP (intent=STOP)
05:16:48.194 [AMR-03] SAFETY_STOP min_obstacle_distance=1.08m <= 1.2m
05:16:48.294 [AMR-03] STATE_TRANSITION EMERGENCY_STOP -> MOVING (intent=MOVE)
05:16:48.395 [AMR-03] STATE_TRANSITION MOVING -> EMERGENCY_STOP (intent=STOP)
05:16:48.396 [AMR-03] SAFETY_STOP min_obstacle_distance=1.03m <= 1.2m
05:16:48.495 [AMR-03] STATE_TRANSITION EMERGENCY_STOP -> MOVING (intent=MOVE)
05:16:48.596 [AMR-03] STATE_TRANSITION MOVING -> EMERGENCY_STOP (intent=STOP)
05:16:48.597 [AMR-03] SAFETY_STOP min_obstacle_distance=1.01m <= 1.2m
05:16:48.697 [AMR-03] STATE_TRANSITION EMERGENCY_STOP -> MOVING (intent=MOVE)
05:16:48.798 [AMR-03] STATE_TRANSITION MOVING -> EMERGENCY_STOP (intent=STOP)
05:16:48.798 [AMR-03] SAFETY_STOP min_obstacle_distance=1.04m <= 1.2m
05:16:48.899 [AMR-03] STATE_TRANSITION EMERGENCY_STOP -> MOVING (intent=MOVE)
05:16:49.000 [AMR-03] STATE_TRANSITION MOVING -> EMERGENCY_STOP (intent=STOP)
05:16:49.000 [AMR-03] SAFETY_STOP min_obstacle_distance=1.10m <= 1.2m
05:16:49.100 [AMR-03] STATE_TRANSITION EMERGENCY_STOP -> MOVING (intent=MOVE)
05:16:49.201 [AMR-03] STATE_TRANSITION MOVING -> EMERGENCY_STOP (intent=STOP)
05:16:49.201 [AMR-03] SAFETY_STOP min_obstacle_distance=1.08m <= 1.2m
05:16:49.301 [AMR-03] STATE_TRANSITION EMERGENCY_STOP -> MOVING (intent=MOVE)
05:16:49.401 [AMR-03] STATE_TRANSITION MOVING -> EMERGENCY_STOP (intent=STOP)
05:16:49.401 [AMR-03] SAFETY_STOP min_obstacle_distance=1.03m <= 1.2m
05:16:49.502 [AMR-03] STATE_TRANSITION EMERGENCY_STOP -> MOVING (intent=MOVE)
05:16:49.603 [AMR-03] STATE_TRANSITION MOVING -> EMERGENCY_STOP (intent=STOP)
05:16:49.603 [AMR-03] SAFETY_STOP min_obstacle_distance=1.01m <= 1.2m
05:16:49.703 [AMR-03] STATE_TRANSITION EMERGENCY_STOP -> MOVING (intent=MOVE)
05:16:49.804 [AMR-03] STATE_TRANSITION MOVING -> EMERGENCY_STOP (intent=STOP)
05:16:49.804 [AMR-03] SAFETY_STOP min_obstacle_distance=1.04m <= 1.2m
05:16:49.906 [AMR-03] STATE_TRANSITION EMERGENCY_STOP -> MOVING (intent=MOVE)
05:16:50.007 [AMR-03] STATE_TRANSITION MOVING -> EMERGENCY_STOP (intent=STOP)
05:16:50.007 [AMR-03] SAFETY_STOP min_obstacle_distance=1.10m <= 1.2m
05:16:50.107 [AMR-03] STATE_TRANSITION EMERGENCY_STOP -> MOVING (intent=MOVE)
05:16:50.207 [AMR-03] STATE_TRANSITION MOVING -> EMERGENCY_STOP (intent=STOP)
05:16:50.207 [AMR-03] SAFETY_STOP min_obstacle_distance=1.08m <= 1.2m
05:16:50.309 [AMR-03] STATE_TRANSITION EMERGENCY_STOP -> MOVING (intent=MOVE)
05:16:50.409 [AMR-03] STATE_TRANSITION MOVING -> EMERGENCY_STOP (intent=STOP)
05:16:50.409 [AMR-03] SAFETY_STOP min_obstacle_distance=1.03m <= 1.2m
05:16:50.510 [AMR-03] STATE_TRANSITION EMERGENCY_STOP -> MOVING (intent=MOVE)
05:16:50.610 [AMR-03] STATE_TRANSITION MOVING -> EMERGENCY_STOP (intent=STOP)
05:16:50.610 [AMR-03] SAFETY_STOP min_obstacle_distance=1.01m <= 1.2m
05:16:50.711 [AMR-03] STATE_TRANSITION EMERGENCY_STOP -> MOVING (intent=MOVE)
05:16:50.811 [AMR-03] STATE_TRANSITION MOVING -> EMERGENCY_STOP (intent=STOP)
05:16:50.811 [AMR-03] SAFETY_STOP min_obstacle_distance=1.04m <= 1.2m
05:16:50.912 [AMR-03] STATE_TRANSITION EMERGENCY_STOP -> MOVING (intent=MOVE)
05:16:51.013 [AMR-03] STATE_TRANSITION MOVING -> EMERGENCY_STOP (intent=STOP)
05:16:51.013 [AMR-03] SAFETY_STOP min_obstacle_distance=1.10m <= 1.2m
05:16:51.114 [AMR-03] STATE_TRANSITION EMERGENCY_STOP -> MOVING (intent=MOVE)
05:16:51.215 [AMR-03] STATE_TRANSITION MOVING -> EMERGENCY_STOP (intent=STOP)
05:16:51.215 [AMR-03] SAFETY_STOP min_obstacle_distance=1.08m <= 1.2m
05:16:51.316 [AMR-03] STATE_TRANSITION EMERGENCY_STOP -> MOVING (intent=MOVE)
05:16:51.416 [AMR-03] STATE_TRANSITION MOVING -> EMERGENCY_STOP (intent=STOP)
05:16:51.416 [AMR-03] SAFETY_STOP min_obstacle_distance=1.03m <= 1.2m
05:16:51.516 [AMR-03] STATE_TRANSITION EMERGENCY_STOP -> MOVING (intent=MOVE)
05:16:51.616 [AMR-03] STATE_TRANSITION MOVING -> EMERGENCY_STOP (intent=STOP)
05:16:51.617 [AMR-03] SAFETY_STOP min_obstacle_distance=1.01m <= 1.2m
05:16:51.717 [AMR-03] STATE_TRANSITION EMERGENCY_STOP -> MOVING (intent=MOVE)
05:16:51.818 [AMR-03] STATE_TRANSITION MOVING -> EMERGENCY_STOP (intent=STOP)
05:16:51.818 [AMR-03] SAFETY_STOP min_obstacle_distance=1.04m <= 1.2m
05:16:51.920 [AMR-03] STATE_TRANSITION EMERGENCY_STOP -> MOVING (intent=MOVE)
05:16:52.020 [AMR-03] STATE_TRANSITION MOVING -> EMERGENCY_STOP (intent=STOP)
05:16:52.021 [AMR-03] SAFETY_STOP min_obstacle_distance=1.10m <= 1.2m
05:16:52.121 [AMR-03] STATE_TRANSITION EMERGENCY_STOP -> MOVING (intent=MOVE)
05:16:52.221 [AMR-03] STATE_TRANSITION MOVING -> EMERGENCY_STOP (intent=STOP)
05:16:52.221 [AMR-03] SAFETY_STOP min_obstacle_distance=1.08m <= 1.2m
05:16:52.321 [AMR-03] STATE_TRANSITION EMERGENCY_STOP -> MOVING (intent=MOVE)
05:16:52.421 [AMR-03] STATE_TRANSITION MOVING -> EMERGENCY_STOP (intent=STOP)
05:16:52.421 [AMR-03] SAFETY_STOP min_obstacle_distance=1.03m <= 1.2m
05:16:52.522 [AMR-03] STATE_TRANSITION EMERGENCY_STOP -> MOVING (intent=MOVE)
05:16:52.623 [AMR-03] STATE_TRANSITION MOVING -> EMERGENCY_STOP (intent=STOP)
05:16:52.623 [AMR-03] SAFETY_STOP min_obstacle_distance=1.01m <= 1.2m
05:16:52.723 [AMR-03] STATE_TRANSITION EMERGENCY_STOP -> MOVING (intent=MOVE)
05:16:52.823 [AMR-03] STATE_TRANSITION MOVING -> EMERGENCY_STOP (intent=STOP)
05:16:52.823 [AMR-03] SAFETY_STOP min_obstacle_distance=1.04m <= 1.2m
05:16:52.924 [AMR-03] STATE_TRANSITION EMERGENCY_STOP -> MOVING (intent=MOVE)
05:16:53.024 [AMR-03] STATE_TRANSITION MOVING -> EMERGENCY_STOP (intent=STOP)
05:16:53.024 [AMR-03] SAFETY_STOP min_obstacle_distance=1.10m <= 1.2m
05:16:53.125 [AMR-03] STATE_TRANSITION EMERGENCY_STOP -> MOVING (intent=MOVE)
05:16:53.225 [AMR-03] STATE_TRANSITION MOVING -> EMERGENCY_STOP (intent=STOP)
05:16:53.225 [AMR-03] SAFETY_STOP min_obstacle_distance=1.08m <= 1.2m
05:16:53.326 [AMR-03] STATE_TRANSITION EMERGENCY_STOP -> MOVING (intent=MOVE)
05:16:53.426 [AMR-03] STATE_TRANSITION MOVING -> EMERGENCY_STOP (intent=STOP)
05:16:53.426 [AMR-03] SAFETY_STOP min_obstacle_distance=1.03m <= 1.2m
05:16:53.527 [AMR-03] STATE_TRANSITION EMERGENCY_STOP -> MOVING (intent=MOVE)
05:16:53.628 [AMR-03] STATE_TRANSITION MOVING -> EMERGENCY_STOP (intent=STOP)
05:16:53.629 [AMR-03] SAFETY_STOP min_obstacle_distance=1.01m <= 1.2m
05:16:53.729 [AMR-03] STATE_TRANSITION EMERGENCY_STOP -> MOVING (intent=MOVE)
05:16:53.830 [AMR-03] STATE_TRANSITION MOVING -> EMERGENCY_STOP (intent=STOP)
05:16:53.830 [AMR-03] SAFETY_STOP min_obstacle_distance=1.04m <= 1.2m
05:16:53.931 [AMR-03] STATE_TRANSITION EMERGENCY_STOP -> MOVING (intent=MOVE)
05:16:54.031 [AMR-03] STATE_TRANSITION MOVING -> EMERGENCY_STOP (intent=STOP)
05:16:54.031 [AMR-03] SAFETY_STOP min_obstacle_distance=1.10m <= 1.2m
05:16:54.131 [AMR-03] STATE_TRANSITION EMERGENCY_STOP -> MOVING (intent=MOVE)
05:16:54.233 [AMR-03] STATE_TRANSITION MOVING -> EMERGENCY_STOP (intent=STOP)
05:16:54.233 [AMR-03] SAFETY_STOP min_obstacle_distance=1.08m <= 1.2m
05:16:54.333 [AMR-03] STATE_TRANSITION EMERGENCY_STOP -> MOVING (intent=MOVE)
05:16:54.433 [AMR-03] STATE_TRANSITION MOVING -> EMERGENCY_STOP (intent=STOP)
05:16:54.434 [AMR-03] SAFETY_STOP min_obstacle_distance=1.03m <= 1.2m
05:16:54.534 [AMR-03] STATE_TRANSITION EMERGENCY_STOP -> MOVING (intent=MOVE)
05:16:54.634 [AMR-03] STATE_TRANSITION MOVING -> EMERGENCY_STOP (intent=STOP)
05:16:54.635 [AMR-03] SAFETY_STOP min_obstacle_distance=1.01m <= 1.2m
05:16:54.736 [AMR-03] STATE_TRANSITION EMERGENCY_STOP -> MOVING (intent=MOVE)
05:16:54.836 [AMR-03] STATE_TRANSITION MOVING -> EMERGENCY_STOP (intent=STOP)
05:16:54.837 [AMR-03] SAFETY_STOP min_obstacle_distance=1.04m <= 1.2m
05:16:54.937 [AMR-03] STATE_TRANSITION EMERGENCY_STOP -> MOVING (intent=MOVE)
05:16:55.038 [AMR-03] STATE_TRANSITION MOVING -> EMERGENCY_STOP (intent=STOP)
05:16:55.038 [AMR-03] SAFETY_STOP min_obstacle_distance=1.10m <= 1.2m
05:16:55.138 [AMR-03] STATE_TRANSITION EMERGENCY_STOP -> MOVING (intent=MOVE)
05:16:55.238 [AMR-03] STATE_TRANSITION MOVING -> EMERGENCY_STOP (intent=STOP)
05:16:55.238 [AMR-03] SAFETY_STOP min_obstacle_distance=1.08m <= 1.2m
05:16:55.339 [AMR-03] STATE_TRANSITION EMERGENCY_STOP -> MOVING (intent=MOVE)
05:16:55.439 [AMR-03] STATE_TRANSITION MOVING -> EMERGENCY_STOP (intent=STOP)
05:16:55.439 [AMR-03] SAFETY_STOP min_obstacle_distance=1.03m <= 1.2m
05:16:55.540 [AMR-03] STATE_TRANSITION EMERGENCY_STOP -> MOVING (intent=MOVE)
05:16:55.641 [AMR-03] STATE_TRANSITION MOVING -> EMERGENCY_STOP (intent=STOP)
05:16:55.641 [AMR-03] SAFETY_STOP min_obstacle_distance=1.01m <= 1.2m
05:16:55.743 [AMR-03] STATE_TRANSITION EMERGENCY_STOP -> MOVING (intent=MOVE)
05:16:55.843 [AMR-03] STATE_TRANSITION MOVING -> EMERGENCY_STOP (intent=STOP)
05:16:55.843 [AMR-03] SAFETY_STOP min_obstacle_distance=1.04m <= 1.2m
05:16:55.944 [AMR-03] STATE_TRANSITION EMERGENCY_STOP -> MOVING (intent=MOVE)
05:16:56.044 [AMR-03] STATE_TRANSITION MOVING -> EMERGENCY_STOP (intent=STOP)
05:16:56.044 [AMR-03] SAFETY_STOP min_obstacle_distance=1.10m <= 1.2m
05:16:56.144 [AMR-03] STATE_TRANSITION EMERGENCY_STOP -> MOVING (intent=MOVE)
05:16:56.245 [AMR-03] STATE_TRANSITION MOVING -> EMERGENCY_STOP (intent=STOP)
05:16:56.245 [AMR-03] SAFETY_STOP min_obstacle_distance=1.08m <= 1.2m
05:16:56.345 [AMR-03] STATE_TRANSITION EMERGENCY_STOP -> MOVING (intent=MOVE)
05:16:56.445 [AMR-03] STATE_TRANSITION MOVING -> EMERGENCY_STOP (intent=STOP)
05:16:56.445 [AMR-03] SAFETY_STOP min_obstacle_distance=1.03m <= 1.2m
05:16:56.545 [AMR-03] STATE_TRANSITION EMERGENCY_STOP -> MOVING (intent=MOVE)
05:16:56.647 [AMR-03] STATE_TRANSITION MOVING -> EMERGENCY_STOP (intent=STOP)
05:16:56.647 [AMR-03] SAFETY_STOP min_obstacle_distance=1.01m <= 1.2m
05:16:56.748 [AMR-03] STATE_TRANSITION EMERGENCY_STOP -> MOVING (intent=MOVE)
05:16:56.849 [AMR-03] STATE_TRANSITION MOVING -> EMERGENCY_STOP (intent=STOP)
05:16:56.849 [AMR-03] SAFETY_STOP min_obstacle_distance=1.04m <= 1.2m
05:16:56.949 [AMR-03] STATE_TRANSITION EMERGENCY_STOP -> MOVING (intent=MOVE)
05:16:57.050 [AMR-03] STATE_TRANSITION MOVING -> EMERGENCY_STOP (intent=STOP)
05:16:57.050 [AMR-03] SAFETY_STOP min_obstacle_distance=1.10m <= 1.2m
05:16:57.151 [AMR-03] STATE_TRANSITION EMERGENCY_STOP -> MOVING (intent=MOVE)
05:16:57.252 [AMR-03] STATE_TRANSITION MOVING -> EMERGENCY_STOP (intent=STOP)
05:16:57.252 [AMR-03] SAFETY_STOP min_obstacle_distance=1.08m <= 1.2m
05:16:57.352 [AMR-03] STATE_TRANSITION EMERGENCY_STOP -> MOVING (intent=MOVE)
05:16:57.453 [AMR-03] STATE_TRANSITION MOVING -> EMERGENCY_STOP (intent=STOP)
05:16:57.453 [AMR-03] SAFETY_STOP min_obstacle_distance=1.03m <= 1.2m
05:16:57.554 [AMR-03] STATE_TRANSITION EMERGENCY_STOP -> MOVING (intent=MOVE)
05:16:57.654 [AMR-03] STATE_TRANSITION MOVING -> EMERGENCY_STOP (intent=STOP)
05:16:57.654 [AMR-03] SAFETY_STOP min_obstacle_distance=1.01m <= 1.2m
05:16:57.755 [AMR-03] STATE_TRANSITION EMERGENCY_STOP -> MOVING (intent=MOVE)
05:16:57.856 [AMR-03] STATE_TRANSITION MOVING -> EMERGENCY_STOP (intent=STOP)
05:16:57.856 [AMR-03] SAFETY_STOP min_obstacle_distance=1.04m <= 1.2m
05:16:57.957 [AMR-03] STATE_TRANSITION EMERGENCY_STOP -> MOVING (intent=MOVE)
05:16:58.057 [AMR-03] STATE_TRANSITION MOVING -> EMERGENCY_STOP (intent=STOP)
05:16:58.057 [AMR-03] SAFETY_STOP min_obstacle_distance=1.10m <= 1.2m
05:16:58.158 [AMR-03] STATE_TRANSITION EMERGENCY_STOP -> MOVING (intent=MOVE)
05:16:58.260 [AMR-03] STATE_TRANSITION MOVING -> EMERGENCY_STOP (intent=STOP)
05:16:58.260 [AMR-03] SAFETY_STOP min_obstacle_distance=1.08m <= 1.2m
05:16:58.360 [AMR-03] STATE_TRANSITION EMERGENCY_STOP -> MOVING (intent=MOVE)
05:16:58.461 [AMR-03] STATE_TRANSITION MOVING -> EMERGENCY_STOP (intent=STOP)
05:16:58.461 [AMR-03] SAFETY_STOP min_obstacle_distance=1.03m <= 1.2m
05:16:58.562 [AMR-03] STATE_TRANSITION EMERGENCY_STOP -> MOVING (intent=MOVE)
05:16:58.663 [AMR-03] STATE_TRANSITION MOVING -> EMERGENCY_STOP (intent=STOP)
05:16:58.663 [AMR-03] SAFETY_STOP min_obstacle_distance=1.01m <= 1.2m
05:16:58.765 [AMR-03] STATE_TRANSITION EMERGENCY_STOP -> MOVING (intent=MOVE)
05:16:58.865 [AMR-03] STATE_TRANSITION MOVING -> EMERGENCY_STOP (intent=STOP)
05:16:58.865 [AMR-03] SAFETY_STOP min_obstacle_distance=1.05m <= 1.2m
05:16:58.967 [AMR-03] STATE_TRANSITION EMERGENCY_STOP -> MOVING (intent=MOVE)
05:16:59.069 [AMR-03] STATE_TRANSITION MOVING -> EMERGENCY_STOP (intent=STOP)
05:16:59.069 [AMR-03] SAFETY_STOP min_obstacle_distance=1.10m <= 1.2m
05:16:59.171 [AMR-03] STATE_TRANSITION EMERGENCY_STOP -> MOVING (intent=MOVE)
05:16:59.272 [AMR-03] STATE_TRANSITION MOVING -> EMERGENCY_STOP (intent=STOP)
05:16:59.272 [AMR-03] SAFETY_STOP min_obstacle_distance=1.07m <= 1.2m
05:16:59.374 [AMR-03] STATE_TRANSITION EMERGENCY_STOP -> MOVING (intent=MOVE)
05:16:59.476 [AMR-03] STATE_TRANSITION MOVING -> EMERGENCY_STOP (intent=STOP)
05:16:59.476 [AMR-03] SAFETY_STOP min_obstacle_distance=1.03m <= 1.2m
05:16:59.575 [AMR-03] STATE_TRANSITION EMERGENCY_STOP -> MOVING (intent=MOVE)
05:16:59.675 [AMR-03] STATE_TRANSITION MOVING -> EMERGENCY_STOP (intent=STOP)
05:16:59.675 [AMR-03] SAFETY_STOP min_obstacle_distance=1.01m <= 1.2m
05:16:59.777 [AMR-03] STATE_TRANSITION EMERGENCY_STOP -> MOVING (intent=MOVE)
05:16:59.878 [AMR-03] STATE_TRANSITION MOVING -> EMERGENCY_STOP (intent=STOP)
05:16:59.878 [AMR-03] SAFETY_STOP min_obstacle_distance=1.04m <= 1.2m
05:16:59.980 [AMR-03] STATE_TRANSITION EMERGENCY_STOP -> MOVING (intent=MOVE)
05:17:00.082 [AMR-03] STATE_TRANSITION MOVING -> EMERGENCY_STOP (intent=STOP)
05:17:00.082 [AMR-03] SAFETY_STOP min_obstacle_distance=1.10m <= 1.2m
05:17:00.183 [AMR-03] STATE_TRANSITION EMERGENCY_STOP -> MOVING (intent=MOVE)
05:17:00.284 [AMR-03] STATE_TRANSITION MOVING -> EMERGENCY_STOP (intent=STOP)
05:17:00.284 [AMR-03] SAFETY_STOP min_obstacle_distance=1.07m <= 1.2m
05:17:00.385 [AMR-03] STATE_TRANSITION EMERGENCY_STOP -> MOVING (intent=MOVE)
05:17:00.487 [AMR-03] STATE_TRANSITION MOVING -> EMERGENCY_STOP (intent=STOP)
05:17:00.487 [AMR-03] SAFETY_STOP min_obstacle_distance=1.03m <= 1.2m
05:17:00.586 [AMR-03] STATE_TRANSITION EMERGENCY_STOP -> MOVING (intent=MOVE)
05:17:00.686 [AMR-03] STATE_TRANSITION MOVING -> EMERGENCY_STOP (intent=STOP)
05:17:00.686 [AMR-03] SAFETY_STOP min_obstacle_distance=1.01m <= 1.2m
05:17:00.786 [AMR-03] STATE_TRANSITION EMERGENCY_STOP -> MOVING (intent=MOVE)
05:17:00.887 [AMR-03] STATE_TRANSITION MOVING -> EMERGENCY_STOP (intent=STOP)
05:17:00.887 [AMR-03] SAFETY_STOP min_obstacle_distance=1.04m <= 1.2m
05:17:00.987 [AMR-03] STATE_TRANSITION EMERGENCY_STOP -> MOVING (intent=MOVE)
05:17:01.088 [AMR-03] STATE_TRANSITION MOVING -> EMERGENCY_STOP (intent=STOP)
05:17:01.088 [AMR-03] SAFETY_STOP min_obstacle_distance=1.10m <= 1.2m
05:17:01.189 [AMR-03] STATE_TRANSITION EMERGENCY_STOP -> MOVING (intent=MOVE)
05:17:01.290 [AMR-03] STATE_TRANSITION MOVING -> EMERGENCY_STOP (intent=STOP)
05:17:01.290 [AMR-03] SAFETY_STOP min_obstacle_distance=1.08m <= 1.2m
05:17:01.390 [AMR-03] STATE_TRANSITION EMERGENCY_STOP -> MOVING (intent=MOVE)
05:17:01.490 [AMR-03] STATE_TRANSITION MOVING -> EMERGENCY_STOP (intent=STOP)
05:17:01.490 [AMR-03] SAFETY_STOP min_obstacle_distance=1.00m <= 1.2m
05:17:01.592 [AMR-03] STATE_TRANSITION EMERGENCY_STOP -> MOVING (intent=MOVE)
05:17:01.692 [AMR-03] STATE_TRANSITION MOVING -> EMERGENCY_STOP (intent=STOP)
05:17:01.692 [AMR-03] SAFETY_STOP min_obstacle_distance=1.01m <= 1.2m
05:17:01.793 [AMR-03] STATE_TRANSITION EMERGENCY_STOP -> MOVING (intent=MOVE)
05:17:01.893 [AMR-03] STATE_TRANSITION MOVING -> EMERGENCY_STOP (intent=STOP)
05:17:01.894 [AMR-03] SAFETY_STOP min_obstacle_distance=1.04m <= 1.2m
05:17:01.995 [AMR-03] STATE_TRANSITION EMERGENCY_STOP -> MOVING (intent=MOVE)
05:17:02.096 [AMR-03] STATE_TRANSITION MOVING -> EMERGENCY_STOP (intent=STOP)
05:17:02.096 [AMR-03] SAFETY_STOP min_obstacle_distance=1.10m <= 1.2m
05:17:02.196 [AMR-03] STATE_TRANSITION EMERGENCY_STOP -> MOVING (intent=MOVE)
05:17:02.296 [AMR-03] STATE_TRANSITION MOVING -> EMERGENCY_STOP (intent=STOP)
05:17:02.297 [AMR-03] SAFETY_STOP min_obstacle_distance=1.08m <= 1.2m
05:17:02.398 [AMR-03] STATE_TRANSITION EMERGENCY_STOP -> MOVING (intent=MOVE)
05:17:02.498 [AMR-03] STATE_TRANSITION MOVING -> EMERGENCY_STOP (intent=STOP)
05:17:02.498 [AMR-03] SAFETY_STOP min_obstacle_distance=1.00m <= 1.2m
05:17:02.599 [AMR-03] STATE_TRANSITION EMERGENCY_STOP -> MOVING (intent=MOVE)
05:17:02.700 [AMR-03] STATE_TRANSITION MOVING -> EMERGENCY_STOP (intent=STOP)
05:17:02.700 [AMR-03] SAFETY_STOP min_obstacle_distance=1.01m <= 1.2m
05:17:02.800 [AMR-03] STATE_TRANSITION EMERGENCY_STOP -> MOVING (intent=MOVE)
05:17:02.901 [AMR-03] STATE_TRANSITION MOVING -> EMERGENCY_STOP (intent=STOP)
05:17:02.901 [AMR-03] SAFETY_STOP min_obstacle_distance=1.04m <= 1.2m
05:17:03.002 [AMR-03] STATE_TRANSITION EMERGENCY_STOP -> MOVING (intent=MOVE)
05:17:03.102 [AMR-03] STATE_TRANSITION MOVING -> EMERGENCY_STOP (intent=STOP)
05:17:03.102 [AMR-03] SAFETY_STOP min_obstacle_distance=1.10m <= 1.2m
05:17:03.202 [AMR-03] STATE_TRANSITION EMERGENCY_STOP -> MOVING (intent=MOVE)
05:17:03.303 [AMR-03] STATE_TRANSITION MOVING -> EMERGENCY_STOP (intent=STOP)
05:17:03.303 [AMR-03] SAFETY_STOP min_obstacle_distance=1.08m <= 1.2m
05:17:03.404 [AMR-03] STATE_TRANSITION EMERGENCY_STOP -> MOVING (intent=MOVE)
05:17:03.504 [AMR-03] STATE_TRANSITION MOVING -> EMERGENCY_STOP (intent=STOP)
05:17:03.504 [AMR-03] SAFETY_STOP min_obstacle_distance=1.00m <= 1.2m
05:17:03.605 [AMR-03] STATE_TRANSITION EMERGENCY_STOP -> MOVING (intent=MOVE)
05:17:03.705 [AMR-03] STATE_TRANSITION MOVING -> EMERGENCY_STOP (intent=STOP)
05:17:03.705 [AMR-03] SAFETY_STOP min_obstacle_distance=1.01m <= 1.2m
05:17:03.806 [AMR-03] STATE_TRANSITION EMERGENCY_STOP -> MOVING (intent=MOVE)
05:17:03.906 [AMR-03] STATE_TRANSITION MOVING -> EMERGENCY_STOP (intent=STOP)
05:17:03.906 [AMR-03] SAFETY_STOP min_obstacle_distance=1.04m <= 1.2m
05:17:04.007 [AMR-03] STATE_TRANSITION EMERGENCY_STOP -> MOVING (intent=MOVE)
05:17:04.107 [AMR-03] STATE_TRANSITION MOVING -> EMERGENCY_STOP (intent=STOP)
05:17:04.108 [AMR-03] SAFETY_STOP min_obstacle_distance=1.10m <= 1.2m
05:17:04.208 [AMR-03] STATE_TRANSITION EMERGENCY_STOP -> MOVING (intent=MOVE)
05:17:04.308 [AMR-03] STATE_TRANSITION MOVING -> EMERGENCY_STOP (intent=STOP)
05:17:04.308 [AMR-03] SAFETY_STOP min_obstacle_distance=1.08m <= 1.2m
05:17:04.409 [AMR-03] STATE_TRANSITION EMERGENCY_STOP -> MOVING (intent=MOVE)
05:17:04.509 [AMR-03] STATE_TRANSITION MOVING -> EMERGENCY_STOP (intent=STOP)
05:17:04.509 [AMR-03] SAFETY_STOP min_obstacle_distance=1.00m <= 1.2m
05:17:04.611 [AMR-03] STATE_TRANSITION EMERGENCY_STOP -> MOVING (intent=MOVE)
05:17:04.711 [AMR-03] STATE_TRANSITION MOVING -> EMERGENCY_STOP (intent=STOP)
05:17:04.711 [AMR-03] SAFETY_STOP min_obstacle_distance=1.01m <= 1.2m
05:17:04.812 [AMR-03] STATE_TRANSITION EMERGENCY_STOP -> MOVING (intent=MOVE)
05:17:04.913 [AMR-03] STATE_TRANSITION MOVING -> EMERGENCY_STOP (intent=STOP)
05:17:04.913 [AMR-03] SAFETY_STOP min_obstacle_distance=1.04m <= 1.2m
05:17:05.013 [AMR-03] STATE_TRANSITION EMERGENCY_STOP -> MOVING (intent=MOVE)
05:17:05.115 [AMR-03] STATE_TRANSITION MOVING -> EMERGENCY_STOP (intent=STOP)
05:17:05.116 [AMR-03] SAFETY_STOP min_obstacle_distance=1.10m <= 1.2m
05:17:05.216 [AMR-03] STATE_TRANSITION EMERGENCY_STOP -> MOVING (intent=MOVE)
05:17:05.316 [AMR-03] STATE_TRANSITION MOVING -> EMERGENCY_STOP (intent=STOP)
05:17:05.316 [AMR-03] SAFETY_STOP min_obstacle_distance=1.08m <= 1.2m
05:17:05.417 [AMR-03] STATE_TRANSITION EMERGENCY_STOP -> MOVING (intent=MOVE)
05:17:05.517 [AMR-03] STATE_TRANSITION MOVING -> EMERGENCY_STOP (intent=STOP)
05:17:05.517 [AMR-03] SAFETY_STOP min_obstacle_distance=1.00m <= 1.2m
05:17:05.618 [AMR-03] STATE_TRANSITION EMERGENCY_STOP -> MOVING (intent=MOVE)
05:17:05.719 [AMR-03] STATE_TRANSITION MOVING -> EMERGENCY_STOP (intent=STOP)
05:17:05.719 [AMR-03] SAFETY_STOP min_obstacle_distance=1.01m <= 1.2m
05:17:05.820 [AMR-03] STATE_TRANSITION EMERGENCY_STOP -> MOVING (intent=MOVE)
05:17:05.921 [AMR-03] STATE_TRANSITION MOVING -> EMERGENCY_STOP (intent=STOP)
05:17:05.921 [AMR-03] SAFETY_STOP min_obstacle_distance=1.04m <= 1.2m
05:17:06.022 [AMR-03] STATE_TRANSITION EMERGENCY_STOP -> MOVING (intent=MOVE)
05:17:06.123 [AMR-03] STATE_TRANSITION MOVING -> EMERGENCY_STOP (intent=STOP)
05:17:06.123 [AMR-03] SAFETY_STOP min_obstacle_distance=1.10m <= 1.2m
05:17:06.223 [AMR-03] STATE_TRANSITION EMERGENCY_STOP -> MOVING (intent=MOVE)
05:17:06.326 [AMR-03] STATE_TRANSITION MOVING -> EMERGENCY_STOP (intent=STOP)
05:17:06.326 [AMR-03] SAFETY_STOP min_obstacle_distance=1.08m <= 1.2m
05:17:06.424 [AMR-03] STATE_TRANSITION EMERGENCY_STOP -> MOVING (intent=MOVE)
05:17:06.525 [AMR-03] STATE_TRANSITION MOVING -> EMERGENCY_STOP (intent=STOP)
05:17:06.525 [AMR-03] SAFETY_STOP min_obstacle_distance=1.00m <= 1.2m
05:17:06.625 [AMR-03] STATE_TRANSITION EMERGENCY_STOP -> MOVING (intent=MOVE)
05:17:06.726 [AMR-03] STATE_TRANSITION MOVING -> EMERGENCY_STOP (intent=STOP)
05:17:06.726 [AMR-03] SAFETY_STOP min_obstacle_distance=1.01m <= 1.2m
05:17:06.827 [AMR-03] STATE_TRANSITION EMERGENCY_STOP -> MOVING (intent=MOVE)
05:17:06.926 [AMR-03] STATE_TRANSITION MOVING -> EMERGENCY_STOP (intent=STOP)
05:17:06.926 [AMR-03] SAFETY_STOP min_obstacle_distance=1.04m <= 1.2m
05:17:07.027 [AMR-03] STATE_TRANSITION EMERGENCY_STOP -> MOVING (intent=MOVE)
05:17:07.128 [AMR-03] STATE_TRANSITION MOVING -> EMERGENCY_STOP (intent=STOP)
05:17:07.128 [AMR-03] SAFETY_STOP min_obstacle_distance=1.10m <= 1.2m
05:17:07.228 [AMR-03] STATE_TRANSITION EMERGENCY_STOP -> MOVING (intent=MOVE)
05:17:07.329 [AMR-03] STATE_TRANSITION MOVING -> EMERGENCY_STOP (intent=STOP)
05:17:07.329 [AMR-03] SAFETY_STOP min_obstacle_distance=1.08m <= 1.2m
05:17:07.431 [AMR-03] STATE_TRANSITION EMERGENCY_STOP -> MOVING (intent=MOVE)
05:17:07.531 [AMR-03] STATE_TRANSITION MOVING -> EMERGENCY_STOP (intent=STOP)
05:17:07.531 [AMR-03] SAFETY_STOP min_obstacle_distance=1.00m <= 1.2m
05:17:07.632 [AMR-03] STATE_TRANSITION EMERGENCY_STOP -> MOVING (intent=MOVE)
05:17:07.733 [AMR-03] STATE_TRANSITION MOVING -> EMERGENCY_STOP (intent=STOP)
05:17:07.733 [AMR-03] SAFETY_STOP min_obstacle_distance=1.01m <= 1.2m
05:17:07.834 [AMR-03] STATE_TRANSITION EMERGENCY_STOP -> MOVING (intent=MOVE)
05:17:07.934 [AMR-03] STATE_TRANSITION MOVING -> EMERGENCY_STOP (intent=STOP)
05:17:07.934 [AMR-03] SAFETY_STOP min_obstacle_distance=1.04m <= 1.2m
05:17:08.035 [AMR-03] STATE_TRANSITION EMERGENCY_STOP -> MOVING (intent=MOVE)
05:17:08.137 [AMR-03] STATE_TRANSITION MOVING -> EMERGENCY_STOP (intent=STOP)
05:17:08.137 [AMR-03] SAFETY_STOP min_obstacle_distance=1.10m <= 1.2m
05:17:08.238 [AMR-03] STATE_TRANSITION EMERGENCY_STOP -> MOVING (intent=MOVE)
05:17:08.338 [AMR-03] STATE_TRANSITION MOVING -> EMERGENCY_STOP (intent=STOP)
05:17:08.338 [AMR-03] SAFETY_STOP min_obstacle_distance=1.07m <= 1.2m
05:17:08.439 [AMR-03] STATE_TRANSITION EMERGENCY_STOP -> MOVING (intent=MOVE)
05:17:08.539 [AMR-03] STATE_TRANSITION MOVING -> EMERGENCY_STOP (intent=STOP)
05:17:08.539 [AMR-03] SAFETY_STOP min_obstacle_distance=1.00m <= 1.2m
05:17:08.639 [AMR-03] STATE_TRANSITION EMERGENCY_STOP -> MOVING (intent=MOVE)
05:17:08.740 [AMR-03] STATE_TRANSITION MOVING -> EMERGENCY_STOP (intent=STOP)
05:17:08.740 [AMR-03] SAFETY_STOP min_obstacle_distance=1.01m <= 1.2m
05:17:08.840 [AMR-03] STATE_TRANSITION EMERGENCY_STOP -> MOVING (intent=MOVE)
05:17:08.941 [AMR-03] STATE_TRANSITION MOVING -> EMERGENCY_STOP (intent=STOP)
05:17:08.942 [AMR-03] SAFETY_STOP min_obstacle_distance=1.04m <= 1.2m
05:17:09.042 [AMR-03] STATE_TRANSITION EMERGENCY_STOP -> MOVING (intent=MOVE)
05:17:09.142 [AMR-03] STATE_TRANSITION MOVING -> EMERGENCY_STOP (intent=STOP)
05:17:09.142 [AMR-03] SAFETY_STOP min_obstacle_distance=1.10m <= 1.2m
05:17:09.243 [AMR-03] STATE_TRANSITION EMERGENCY_STOP -> MOVING (intent=MOVE)
05:17:09.343 [AMR-03] STATE_TRANSITION MOVING -> EMERGENCY_STOP (intent=STOP)
05:17:09.343 [AMR-03] SAFETY_STOP min_obstacle_distance=1.08m <= 1.2m
05:17:09.444 [AMR-03] STATE_TRANSITION EMERGENCY_STOP -> MOVING (intent=MOVE)
05:17:09.544 [AMR-03] STATE_TRANSITION MOVING -> EMERGENCY_STOP (intent=STOP)
05:17:09.544 [AMR-03] SAFETY_STOP min_obstacle_distance=1.00m <= 1.2m
05:17:09.645 [AMR-03] STATE_TRANSITION EMERGENCY_STOP -> MOVING (intent=MOVE)
05:17:09.745 [AMR-03] STATE_TRANSITION MOVING -> EMERGENCY_STOP (intent=STOP)
05:17:09.745 [AMR-03] SAFETY_STOP min_obstacle_distance=1.01m <= 1.2m
05:17:09.846 [AMR-03] STATE_TRANSITION EMERGENCY_STOP -> MOVING (intent=MOVE)
05:17:09.947 [AMR-03] STATE_TRANSITION MOVING -> EMERGENCY_STOP (intent=STOP)
05:17:09.947 [AMR-03] SAFETY_STOP min_obstacle_distance=1.04m <= 1.2m
05:17:10.047 [AMR-03] STATE_TRANSITION EMERGENCY_STOP -> MOVING (intent=MOVE)
05:17:10.147 [AMR-03] STATE_TRANSITION MOVING -> EMERGENCY_STOP (intent=STOP)
05:17:10.148 [AMR-03] SAFETY_STOP min_obstacle_distance=1.10m <= 1.2m
05:17:10.248 [AMR-03] STATE_TRANSITION EMERGENCY_STOP -> MOVING (intent=MOVE)
05:17:10.348 [AMR-03] STATE_TRANSITION MOVING -> EMERGENCY_STOP (intent=STOP)
05:17:10.348 [AMR-03] SAFETY_STOP min_obstacle_distance=1.08m <= 1.2m
05:17:10.450 [AMR-03] STATE_TRANSITION EMERGENCY_STOP -> MOVING (intent=MOVE)
05:17:10.549 [AMR-03] STATE_TRANSITION MOVING -> EMERGENCY_STOP (intent=STOP)
05:17:10.549 [AMR-03] SAFETY_STOP min_obstacle_distance=1.00m <= 1.2m
05:17:10.651 [AMR-03] STATE_TRANSITION EMERGENCY_STOP -> MOVING (intent=MOVE)
05:17:10.751 [AMR-03] STATE_TRANSITION MOVING -> EMERGENCY_STOP (intent=STOP)
05:17:10.751 [AMR-03] SAFETY_STOP min_obstacle_distance=1.01m <= 1.2m
05:17:10.851 [AMR-03] STATE_TRANSITION EMERGENCY_STOP -> MOVING (intent=MOVE)
05:17:10.952 [AMR-03] STATE_TRANSITION MOVING -> EMERGENCY_STOP (intent=STOP)
05:17:10.952 [AMR-03] SAFETY_STOP min_obstacle_distance=1.04m <= 1.2m
05:17:11.054 [AMR-03] STATE_TRANSITION EMERGENCY_STOP -> MOVING (intent=MOVE)
05:17:11.154 [AMR-03] STATE_TRANSITION MOVING -> EMERGENCY_STOP (intent=STOP)
05:17:11.154 [AMR-03] SAFETY_STOP min_obstacle_distance=1.10m <= 1.2m
05:17:11.255 [AMR-03] STATE_TRANSITION EMERGENCY_STOP -> MOVING (intent=MOVE)
05:17:11.356 [AMR-03] STATE_TRANSITION MOVING -> EMERGENCY_STOP (intent=STOP)
05:17:11.356 [AMR-03] SAFETY_STOP min_obstacle_distance=1.08m <= 1.2m
05:17:11.457 [AMR-03] STATE_TRANSITION EMERGENCY_STOP -> MOVING (intent=MOVE)
05:17:11.557 [AMR-03] STATE_TRANSITION MOVING -> EMERGENCY_STOP (intent=STOP)
05:17:11.557 [AMR-03] SAFETY_STOP min_obstacle_distance=1.00m <= 1.2m
05:17:11.659 [AMR-03] STATE_TRANSITION EMERGENCY_STOP -> MOVING (intent=MOVE)
05:17:11.760 [AMR-03] STATE_TRANSITION MOVING -> EMERGENCY_STOP (intent=STOP)
05:17:11.760 [AMR-03] SAFETY_STOP min_obstacle_distance=1.01m <= 1.2m
05:17:11.860 [AMR-03] STATE_TRANSITION EMERGENCY_STOP -> MOVING (intent=MOVE)
05:17:11.962 [AMR-03] STATE_TRANSITION MOVING -> EMERGENCY_STOP (intent=STOP)
05:17:11.962 [AMR-03] SAFETY_STOP min_obstacle_distance=1.04m <= 1.2m
05:17:12.062 [AMR-03] STATE_TRANSITION EMERGENCY_STOP -> MOVING (intent=MOVE)
05:17:12.163 [AMR-03] STATE_TRANSITION MOVING -> EMERGENCY_STOP (intent=STOP)
05:17:12.163 [AMR-03] SAFETY_STOP min_obstacle_distance=1.10m <= 1.2m
05:17:12.263 [AMR-03] STATE_TRANSITION EMERGENCY_STOP -> MOVING (intent=MOVE)
05:17:12.364 [AMR-03] STATE_TRANSITION MOVING -> EMERGENCY_STOP (intent=STOP)
05:17:12.365 [AMR-03] SAFETY_STOP min_obstacle_distance=1.08m <= 1.2m
05:17:12.464 [AMR-03] STATE_TRANSITION EMERGENCY_STOP -> MOVING (intent=MOVE)
05:17:12.565 [AMR-03] STATE_TRANSITION MOVING -> EMERGENCY_STOP (intent=STOP)
05:17:12.565 [AMR-03] SAFETY_STOP min_obstacle_distance=1.00m <= 1.2m
05:17:12.667 [AMR-03] STATE_TRANSITION EMERGENCY_STOP -> MOVING (intent=MOVE)
05:17:12.767 [AMR-03] STATE_TRANSITION MOVING -> EMERGENCY_STOP (intent=STOP)
05:17:12.768 [AMR-03] SAFETY_STOP min_obstacle_distance=1.01m <= 1.2m
05:17:12.868 [AMR-03] STATE_TRANSITION EMERGENCY_STOP -> MOVING (intent=MOVE)
05:17:12.968 [AMR-03] STATE_TRANSITION MOVING -> EMERGENCY_STOP (intent=STOP)
05:17:12.968 [AMR-03] SAFETY_STOP min_obstacle_distance=1.04m <= 1.2m
05:17:13.070 [AMR-03] STATE_TRANSITION EMERGENCY_STOP -> MOVING (intent=MOVE)
05:17:13.170 [AMR-03] STATE_TRANSITION MOVING -> EMERGENCY_STOP (intent=STOP)
05:17:13.170 [AMR-03] SAFETY_STOP min_obstacle_distance=1.10m <= 1.2m
05:17:13.270 [AMR-03] STATE_TRANSITION EMERGENCY_STOP -> MOVING (intent=MOVE)
05:17:13.371 [AMR-03] STATE_TRANSITION MOVING -> EMERGENCY_STOP (intent=STOP)
05:17:13.371 [AMR-03] SAFETY_STOP min_obstacle_distance=1.08m <= 1.2m
05:17:13.472 [AMR-03] STATE_TRANSITION EMERGENCY_STOP -> MOVING (intent=MOVE)
05:17:13.572 [AMR-03] STATE_TRANSITION MOVING -> EMERGENCY_STOP (intent=STOP)
05:17:13.572 [AMR-03] SAFETY_STOP min_obstacle_distance=1.00m <= 1.2m
05:17:13.673 [AMR-03] STATE_TRANSITION EMERGENCY_STOP -> MOVING (intent=MOVE)
05:17:13.774 [AMR-03] STATE_TRANSITION MOVING -> EMERGENCY_STOP (intent=STOP)
05:17:13.774 [AMR-03] SAFETY_STOP min_obstacle_distance=1.01m <= 1.2m
05:17:13.874 [AMR-03] STATE_TRANSITION EMERGENCY_STOP -> MOVING (intent=MOVE)
05:17:13.976 [AMR-03] STATE_TRANSITION MOVING -> EMERGENCY_STOP (intent=STOP)
05:17:13.976 [AMR-03] SAFETY_STOP min_obstacle_distance=1.04m <= 1.2m
05:17:14.076 [AMR-03] STATE_TRANSITION EMERGENCY_STOP -> MOVING (intent=MOVE)
05:17:14.177 [AMR-03] STATE_TRANSITION MOVING -> EMERGENCY_STOP (intent=STOP)
05:17:14.177 [AMR-03] SAFETY_STOP min_obstacle_distance=1.10m <= 1.2m
05:17:14.277 [AMR-03] STATE_TRANSITION EMERGENCY_STOP -> MOVING (intent=MOVE)
05:17:14.378 [AMR-03] STATE_TRANSITION MOVING -> EMERGENCY_STOP (intent=STOP)
05:17:14.378 [AMR-03] SAFETY_STOP min_obstacle_distance=1.08m <= 1.2m
05:17:14.479 [AMR-03] STATE_TRANSITION EMERGENCY_STOP -> MOVING (intent=MOVE)
05:17:14.578 [AMR-03] STATE_TRANSITION MOVING -> EMERGENCY_STOP (intent=STOP)
05:17:14.579 [AMR-03] SAFETY_STOP min_obstacle_distance=1.01m <= 1.2m
05:17:14.680 [AMR-03] STATE_TRANSITION EMERGENCY_STOP -> MOVING (intent=MOVE)
05:17:14.781 [AMR-03] STATE_TRANSITION MOVING -> EMERGENCY_STOP (intent=STOP)
05:17:14.781 [AMR-03] SAFETY_STOP min_obstacle_distance=1.04m <= 1.2m
05:17:14.882 [AMR-03] STATE_TRANSITION EMERGENCY_STOP -> MOVING (intent=MOVE)
05:17:14.982 [AMR-03] STATE_TRANSITION MOVING -> EMERGENCY_STOP (intent=STOP)
05:17:14.982 [AMR-03] SAFETY_STOP min_obstacle_distance=1.10m <= 1.2m
05:17:15.083 [AMR-03] STATE_TRANSITION EMERGENCY_STOP -> MOVING (intent=MOVE)
05:17:15.184 [AMR-03] STATE_TRANSITION MOVING -> EMERGENCY_STOP (intent=STOP)
05:17:15.184 [AMR-03] SAFETY_STOP min_obstacle_distance=1.08m <= 1.2m
05:17:15.285 [AMR-03] STATE_TRANSITION EMERGENCY_STOP -> MOVING (intent=MOVE)
05:17:15.385 [AMR-03] STATE_TRANSITION MOVING -> EMERGENCY_STOP (intent=STOP)
05:17:15.385 [AMR-03] SAFETY_STOP min_obstacle_distance=1.03m <= 1.2m
05:17:15.486 [AMR-03] STATE_TRANSITION EMERGENCY_STOP -> MOVING (intent=MOVE)
05:17:15.587 [AMR-03] STATE_TRANSITION MOVING -> EMERGENCY_STOP (intent=STOP)
05:17:15.587 [AMR-03] SAFETY_STOP min_obstacle_distance=1.01m <= 1.2m
05:17:15.687 [AMR-03] STATE_TRANSITION EMERGENCY_STOP -> MOVING (intent=MOVE)
05:17:15.788 [AMR-03] STATE_TRANSITION MOVING -> EMERGENCY_STOP (intent=STOP)
05:17:15.788 [AMR-03] SAFETY_STOP min_obstacle_distance=1.04m <= 1.2m
05:17:15.890 [AMR-03] STATE_TRANSITION EMERGENCY_STOP -> MOVING (intent=MOVE)
05:17:15.990 [AMR-03] STATE_TRANSITION MOVING -> EMERGENCY_STOP (intent=STOP)
05:17:15.990 [AMR-03] SAFETY_STOP min_obstacle_distance=1.10m <= 1.2m
05:17:16.091 [AMR-03] STATE_TRANSITION EMERGENCY_STOP -> MOVING (intent=MOVE)
05:17:16.191 [AMR-03] STATE_TRANSITION MOVING -> EMERGENCY_STOP (intent=STOP)
05:17:16.191 [AMR-03] SAFETY_STOP min_obstacle_distance=1.08m <= 1.2m
05:17:16.291 [AMR-03] STATE_TRANSITION EMERGENCY_STOP -> MOVING (intent=MOVE)
05:17:16.393 [AMR-03] STATE_TRANSITION MOVING -> EMERGENCY_STOP (intent=STOP)
05:17:16.393 [AMR-03] SAFETY_STOP min_obstacle_distance=1.03m <= 1.2m
05:17:16.493 [AMR-03] STATE_TRANSITION EMERGENCY_STOP -> MOVING (intent=MOVE)
05:17:16.594 [AMR-03] STATE_TRANSITION MOVING -> EMERGENCY_STOP (intent=STOP)
05:17:16.594 [AMR-03] SAFETY_STOP min_obstacle_distance=1.01m <= 1.2m
05:17:16.694 [AMR-03] STATE_TRANSITION EMERGENCY_STOP -> MOVING (intent=MOVE)
05:17:16.794 [AMR-03] STATE_TRANSITION MOVING -> EMERGENCY_STOP (intent=STOP)
05:17:16.794 [AMR-03] SAFETY_STOP min_obstacle_distance=1.04m <= 1.2m
05:17:16.895 [AMR-03] STATE_TRANSITION EMERGENCY_STOP -> MOVING (intent=MOVE)
05:17:16.996 [AMR-03] STATE_TRANSITION MOVING -> EMERGENCY_STOP (intent=STOP)
05:17:16.996 [AMR-03] SAFETY_STOP min_obstacle_distance=1.10m <= 1.2m
05:17:17.096 [AMR-03] STATE_TRANSITION EMERGENCY_STOP -> MOVING (intent=MOVE)
05:17:17.196 [AMR-03] STATE_TRANSITION MOVING -> EMERGENCY_STOP (intent=STOP)
05:17:17.196 [AMR-03] SAFETY_STOP min_obstacle_distance=1.08m <= 1.2m
05:17:17.297 [AMR-03] STATE_TRANSITION EMERGENCY_STOP -> MOVING (intent=MOVE)
05:17:17.397 [AMR-03] STATE_TRANSITION MOVING -> EMERGENCY_STOP (intent=STOP)
05:17:17.398 [AMR-03] SAFETY_STOP min_obstacle_distance=1.03m <= 1.2m
05:17:17.498 [AMR-03] STATE_TRANSITION EMERGENCY_STOP -> MOVING (intent=MOVE)
05:17:17.598 [AMR-03] STATE_TRANSITION MOVING -> EMERGENCY_STOP (intent=STOP)
05:17:17.598 [AMR-03] SAFETY_STOP min_obstacle_distance=1.01m <= 1.2m
05:17:17.699 [AMR-03] STATE_TRANSITION EMERGENCY_STOP -> MOVING (intent=MOVE)
05:17:17.799 [AMR-03] STATE_TRANSITION MOVING -> EMERGENCY_STOP (intent=STOP)
05:17:17.799 [AMR-03] SAFETY_STOP min_obstacle_distance=1.04m <= 1.2m
05:17:17.900 [AMR-03] STATE_TRANSITION EMERGENCY_STOP -> MOVING (intent=MOVE)
05:17:18.000 [AMR-03] STATE_TRANSITION MOVING -> EMERGENCY_STOP (intent=STOP)
05:17:18.000 [AMR-03] SAFETY_STOP min_obstacle_distance=1.10m <= 1.2m
05:17:18.101 [AMR-03] STATE_TRANSITION EMERGENCY_STOP -> MOVING (intent=MOVE)
05:17:18.201 [AMR-03] STATE_TRANSITION MOVING -> EMERGENCY_STOP (intent=STOP)
05:17:18.201 [AMR-03] SAFETY_STOP min_obstacle_distance=1.08m <= 1.2m
05:17:18.301 [AMR-03] STATE_TRANSITION EMERGENCY_STOP -> MOVING (intent=MOVE)
05:17:18.402 [AMR-03] STATE_TRANSITION MOVING -> EMERGENCY_STOP (intent=STOP)
05:17:18.402 [AMR-03] SAFETY_STOP min_obstacle_distance=1.03m <= 1.2m
05:17:18.503 [AMR-03] STATE_TRANSITION EMERGENCY_STOP -> MOVING (intent=MOVE)
05:17:18.603 [AMR-03] STATE_TRANSITION MOVING -> EMERGENCY_STOP (intent=STOP)
05:17:18.603 [AMR-03] SAFETY_STOP min_obstacle_distance=1.01m <= 1.2m
05:17:18.705 [AMR-03] STATE_TRANSITION EMERGENCY_STOP -> MOVING (intent=MOVE)
05:17:18.805 [AMR-03] STATE_TRANSITION MOVING -> EMERGENCY_STOP (intent=STOP)
05:17:18.805 [AMR-03] SAFETY_STOP min_obstacle_distance=1.04m <= 1.2m
05:17:18.906 [AMR-03] STATE_TRANSITION EMERGENCY_STOP -> MOVING (intent=MOVE)
05:17:19.006 [AMR-03] STATE_TRANSITION MOVING -> EMERGENCY_STOP (intent=STOP)
05:17:19.007 [AMR-03] SAFETY_STOP min_obstacle_distance=1.10m <= 1.2m
05:17:19.107 [AMR-03] STATE_TRANSITION EMERGENCY_STOP -> MOVING (intent=MOVE)
05:17:19.207 [AMR-03] STATE_TRANSITION MOVING -> EMERGENCY_STOP (intent=STOP)
05:17:19.207 [AMR-03] SAFETY_STOP min_obstacle_distance=1.08m <= 1.2m
05:17:19.308 [AMR-03] STATE_TRANSITION EMERGENCY_STOP -> MOVING (intent=MOVE)
05:17:19.409 [AMR-03] STATE_TRANSITION MOVING -> EMERGENCY_STOP (intent=STOP)
05:17:19.410 [AMR-03] SAFETY_STOP min_obstacle_distance=1.03m <= 1.2m
05:17:19.510 [AMR-03] STATE_TRANSITION EMERGENCY_STOP -> MOVING (intent=MOVE)
05:17:19.612 [AMR-03] STATE_TRANSITION MOVING -> EMERGENCY_STOP (intent=STOP)
05:17:19.612 [AMR-03] SAFETY_STOP min_obstacle_distance=1.01m <= 1.2m
05:17:19.712 [AMR-03] STATE_TRANSITION EMERGENCY_STOP -> MOVING (intent=MOVE)
05:17:19.812 [AMR-03] STATE_TRANSITION MOVING -> EMERGENCY_STOP (intent=STOP)
05:17:19.812 [AMR-03] SAFETY_STOP min_obstacle_distance=1.04m <= 1.2m
05:17:19.914 [AMR-03] STATE_TRANSITION EMERGENCY_STOP -> MOVING (intent=MOVE)
05:17:20.014 [AMR-03] STATE_TRANSITION MOVING -> EMERGENCY_STOP (intent=STOP)
05:17:20.014 [AMR-03] SAFETY_STOP min_obstacle_distance=1.10m <= 1.2m
05:17:20.114 [AMR-03] STATE_TRANSITION EMERGENCY_STOP -> MOVING (intent=MOVE)
05:17:20.215 [AMR-03] STATE_TRANSITION MOVING -> EMERGENCY_STOP (intent=STOP)
05:17:20.215 [AMR-03] SAFETY_STOP min_obstacle_distance=1.08m <= 1.2m
05:17:20.317 [AMR-03] STATE_TRANSITION EMERGENCY_STOP -> MOVING (intent=MOVE)
05:17:20.417 [AMR-03] STATE_TRANSITION MOVING -> EMERGENCY_STOP (intent=STOP)
05:17:20.417 [AMR-03] SAFETY_STOP min_obstacle_distance=1.03m <= 1.2m
05:17:20.518 [AMR-03] STATE_TRANSITION EMERGENCY_STOP -> MOVING (intent=MOVE)
05:17:20.619 [AMR-03] STATE_TRANSITION MOVING -> EMERGENCY_STOP (intent=STOP)
05:17:20.619 [AMR-03] SAFETY_STOP min_obstacle_distance=1.01m <= 1.2m
05:17:20.720 [AMR-03] STATE_TRANSITION EMERGENCY_STOP -> MOVING (intent=MOVE)
05:17:20.821 [AMR-03] STATE_TRANSITION MOVING -> EMERGENCY_STOP (intent=STOP)
05:17:20.821 [AMR-03] SAFETY_STOP min_obstacle_distance=1.04m <= 1.2m
05:17:20.923 [AMR-03] STATE_TRANSITION EMERGENCY_STOP -> MOVING (intent=MOVE)
05:17:21.024 [AMR-03] STATE_TRANSITION MOVING -> EMERGENCY_STOP (intent=STOP)
05:17:21.024 [AMR-03] SAFETY_STOP min_obstacle_distance=1.10m <= 1.2m
05:17:21.126 [AMR-03] STATE_TRANSITION EMERGENCY_STOP -> MOVING (intent=MOVE)
05:17:21.227 [AMR-03] STATE_TRANSITION MOVING -> EMERGENCY_STOP (intent=STOP)
05:17:21.227 [AMR-03] SAFETY_STOP min_obstacle_distance=1.07m <= 1.2m
05:17:21.329 [AMR-03] STATE_TRANSITION EMERGENCY_STOP -> MOVING (intent=MOVE)
05:17:21.430 [AMR-03] STATE_TRANSITION MOVING -> EMERGENCY_STOP (intent=STOP)
05:17:21.430 [AMR-03] SAFETY_STOP min_obstacle_distance=1.03m <= 1.2m
05:17:21.530 [AMR-03] STATE_TRANSITION EMERGENCY_STOP -> MOVING (intent=MOVE)
05:17:21.632 [AMR-03] STATE_TRANSITION MOVING -> EMERGENCY_STOP (intent=STOP)
05:17:21.632 [AMR-03] SAFETY_STOP min_obstacle_distance=1.01m <= 1.2m
05:17:21.734 [AMR-03] STATE_TRANSITION EMERGENCY_STOP -> MOVING (intent=MOVE)
05:17:21.836 [AMR-03] STATE_TRANSITION MOVING -> EMERGENCY_STOP (intent=STOP)
05:17:21.836 [AMR-03] SAFETY_STOP min_obstacle_distance=1.05m <= 1.2m
05:17:21.937 [AMR-03] STATE_TRANSITION EMERGENCY_STOP -> MOVING (intent=MOVE)
05:17:22.038 [AMR-03] STATE_TRANSITION MOVING -> EMERGENCY_STOP (intent=STOP)
05:17:22.038 [AMR-03] SAFETY_STOP min_obstacle_distance=1.10m <= 1.2m
05:17:22.140 [AMR-03] STATE_TRANSITION EMERGENCY_STOP -> MOVING (intent=MOVE)
05:17:22.241 [AMR-03] STATE_TRANSITION MOVING -> EMERGENCY_STOP (intent=STOP)
05:17:22.241 [AMR-03] SAFETY_STOP min_obstacle_distance=1.07m <= 1.2m
05:17:22.342 [AMR-03] STATE_TRANSITION EMERGENCY_STOP -> MOVING (intent=MOVE)
05:17:22.444 [AMR-03] STATE_TRANSITION MOVING -> EMERGENCY_STOP (intent=STOP)
05:17:22.444 [AMR-03] SAFETY_STOP min_obstacle_distance=1.03m <= 1.2m
05:17:22.545 [AMR-03] STATE_TRANSITION EMERGENCY_STOP -> MOVING (intent=MOVE)
05:17:22.646 [AMR-03] STATE_TRANSITION MOVING -> EMERGENCY_STOP (intent=STOP)
05:17:22.646 [AMR-03] SAFETY_STOP min_obstacle_distance=1.01m <= 1.2m
05:17:22.747 [AMR-03] STATE_TRANSITION EMERGENCY_STOP -> MOVING (intent=MOVE)
05:17:22.849 [AMR-03] STATE_TRANSITION MOVING -> EMERGENCY_STOP (intent=STOP)
05:17:22.849 [AMR-03] SAFETY_STOP min_obstacle_distance=1.05m <= 1.2m
05:17:22.950 [AMR-03] STATE_TRANSITION EMERGENCY_STOP -> MOVING (intent=MOVE)
05:17:23.052 [AMR-03] STATE_TRANSITION MOVING -> EMERGENCY_STOP (intent=STOP)
05:17:23.052 [AMR-03] SAFETY_STOP min_obstacle_distance=1.10m <= 1.2m
05:17:23.153 [AMR-03] STATE_TRANSITION EMERGENCY_STOP -> MOVING (intent=MOVE)
05:17:23.255 [AMR-03] STATE_TRANSITION MOVING -> EMERGENCY_STOP (intent=STOP)
05:17:23.255 [AMR-03] SAFETY_STOP min_obstacle_distance=1.07m <= 1.2m
05:17:23.357 [AMR-03] STATE_TRANSITION EMERGENCY_STOP -> MOVING (intent=MOVE)
05:17:23.458 [AMR-03] STATE_TRANSITION MOVING -> EMERGENCY_STOP (intent=STOP)
05:17:23.458 [AMR-03] SAFETY_STOP min_obstacle_distance=1.03m <= 1.2m
05:17:23.558 [AMR-03] STATE_TRANSITION EMERGENCY_STOP -> MOVING (intent=MOVE)
05:17:23.661 [AMR-03] STATE_TRANSITION MOVING -> EMERGENCY_STOP (intent=STOP)
05:17:23.661 [AMR-03] SAFETY_STOP min_obstacle_distance=1.01m <= 1.2m
05:17:23.762 [AMR-03] STATE_TRANSITION EMERGENCY_STOP -> MOVING (intent=MOVE)
05:17:23.863 [AMR-03] STATE_TRANSITION MOVING -> EMERGENCY_STOP (intent=STOP)
05:17:23.863 [AMR-03] SAFETY_STOP min_obstacle_distance=1.04m <= 1.2m
05:17:23.965 [AMR-03] STATE_TRANSITION EMERGENCY_STOP -> MOVING (intent=MOVE)
05:17:24.067 [AMR-03] STATE_TRANSITION MOVING -> EMERGENCY_STOP (intent=STOP)
05:17:24.067 [AMR-03] SAFETY_STOP min_obstacle_distance=1.10m <= 1.2m
05:17:24.169 [AMR-03] STATE_TRANSITION EMERGENCY_STOP -> MOVING (intent=MOVE)
05:17:24.271 [AMR-03] STATE_TRANSITION MOVING -> EMERGENCY_STOP (intent=STOP)
05:17:24.271 [AMR-03] SAFETY_STOP min_obstacle_distance=1.07m <= 1.2m
05:17:24.372 [AMR-03] STATE_TRANSITION EMERGENCY_STOP -> MOVING (intent=MOVE)
05:17:24.474 [AMR-03] STATE_TRANSITION MOVING -> EMERGENCY_STOP (intent=STOP)
05:17:24.475 [AMR-03] SAFETY_STOP min_obstacle_distance=1.03m <= 1.2m
05:17:24.574 [AMR-03] STATE_TRANSITION EMERGENCY_STOP -> MOVING (intent=MOVE)
05:17:24.676 [AMR-03] STATE_TRANSITION MOVING -> EMERGENCY_STOP (intent=STOP)
05:17:24.676 [AMR-03] SAFETY_STOP min_obstacle_distance=1.01m <= 1.2m
05:17:24.778 [AMR-03] STATE_TRANSITION EMERGENCY_STOP -> MOVING (intent=MOVE)
05:17:24.880 [AMR-03] STATE_TRANSITION MOVING -> EMERGENCY_STOP (intent=STOP)
05:17:24.880 [AMR-03] SAFETY_STOP min_obstacle_distance=1.04m <= 1.2m
05:17:24.982 [AMR-03] STATE_TRANSITION EMERGENCY_STOP -> MOVING (intent=MOVE)
05:17:25.084 [AMR-03] STATE_TRANSITION MOVING -> EMERGENCY_STOP (intent=STOP)
05:17:25.084 [AMR-03] SAFETY_STOP min_obstacle_distance=1.10m <= 1.2m
05:17:25.185 [AMR-03] STATE_TRANSITION EMERGENCY_STOP -> MOVING (intent=MOVE)
05:17:25.287 [AMR-03] STATE_TRANSITION MOVING -> EMERGENCY_STOP (intent=STOP)
05:17:25.287 [AMR-03] SAFETY_STOP min_obstacle_distance=1.07m <= 1.2m
05:17:25.388 [AMR-03] STATE_TRANSITION EMERGENCY_STOP -> MOVING (intent=MOVE)
05:17:25.490 [AMR-03] STATE_TRANSITION MOVING -> EMERGENCY_STOP (intent=STOP)
05:17:25.490 [AMR-03] SAFETY_STOP min_obstacle_distance=1.00m <= 1.2m
05:17:25.593 [AMR-03] STATE_TRANSITION EMERGENCY_STOP -> MOVING (intent=MOVE)
05:17:25.693 [AMR-03] STATE_TRANSITION MOVING -> EMERGENCY_STOP (intent=STOP)
05:17:25.693 [AMR-03] SAFETY_STOP min_obstacle_distance=1.01m <= 1.2m
05:17:25.794 [AMR-03] STATE_TRANSITION EMERGENCY_STOP -> MOVING (intent=MOVE)
05:17:25.895 [AMR-03] STATE_TRANSITION MOVING -> EMERGENCY_STOP (intent=STOP)
05:17:25.896 [AMR-03] SAFETY_STOP min_obstacle_distance=1.05m <= 1.2m
05:17:25.997 [AMR-03] STATE_TRANSITION EMERGENCY_STOP -> MOVING (intent=MOVE)
05:17:26.096 [AMR-03] STATE_TRANSITION MOVING -> EMERGENCY_STOP (intent=STOP)
05:17:26.096 [AMR-03] SAFETY_STOP min_obstacle_distance=1.10m <= 1.2m
05:17:26.198 [AMR-03] STATE_TRANSITION EMERGENCY_STOP -> MOVING (intent=MOVE)
05:17:26.298 [AMR-03] STATE_TRANSITION MOVING -> EMERGENCY_STOP (intent=STOP)
05:17:26.298 [AMR-03] SAFETY_STOP min_obstacle_distance=1.07m <= 1.2m
05:17:26.399 [AMR-03] STATE_TRANSITION EMERGENCY_STOP -> MOVING (intent=MOVE)
05:17:26.500 [AMR-03] STATE_TRANSITION MOVING -> EMERGENCY_STOP (intent=STOP)
05:17:26.500 [AMR-03] SAFETY_STOP min_obstacle_distance=1.03m <= 1.2m
05:17:26.600 [AMR-03] STATE_TRANSITION EMERGENCY_STOP -> MOVING (intent=MOVE)
05:17:26.701 [AMR-03] STATE_TRANSITION MOVING -> EMERGENCY_STOP (intent=STOP)
05:17:26.701 [AMR-03] SAFETY_STOP min_obstacle_distance=1.01m <= 1.2m
05:17:26.803 [AMR-03] STATE_TRANSITION EMERGENCY_STOP -> MOVING (intent=MOVE)
05:17:26.903 [AMR-03] STATE_TRANSITION MOVING -> EMERGENCY_STOP (intent=STOP)
05:17:26.903 [AMR-03] SAFETY_STOP min_obstacle_distance=1.04m <= 1.2m
05:17:27.004 [AMR-03] STATE_TRANSITION EMERGENCY_STOP -> MOVING (intent=MOVE)
05:17:27.104 [AMR-03] STATE_TRANSITION MOVING -> EMERGENCY_STOP (intent=STOP)
05:17:27.105 [AMR-03] SAFETY_STOP min_obstacle_distance=1.10m <= 1.2m
05:17:27.205 [AMR-03] STATE_TRANSITION EMERGENCY_STOP -> MOVING (intent=MOVE)
05:17:27.306 [AMR-03] STATE_TRANSITION MOVING -> EMERGENCY_STOP (intent=STOP)
05:17:27.306 [AMR-03] SAFETY_STOP min_obstacle_distance=1.08m <= 1.2m
05:17:27.407 [AMR-03] STATE_TRANSITION EMERGENCY_STOP -> MOVING (intent=MOVE)
05:17:27.507 [AMR-03] STATE_TRANSITION MOVING -> EMERGENCY_STOP (intent=STOP)
05:17:27.507 [AMR-03] SAFETY_STOP min_obstacle_distance=1.00m <= 1.2m
05:17:27.609 [AMR-03] STATE_TRANSITION EMERGENCY_STOP -> MOVING (intent=MOVE)
05:17:27.709 [AMR-03] STATE_TRANSITION MOVING -> EMERGENCY_STOP (intent=STOP)
05:17:27.709 [AMR-03] SAFETY_STOP min_obstacle_distance=1.01m <= 1.2m
05:17:27.810 [AMR-03] STATE_TRANSITION EMERGENCY_STOP -> MOVING (intent=MOVE)
05:17:27.911 [AMR-03] STATE_TRANSITION MOVING -> EMERGENCY_STOP (intent=STOP)
05:17:27.911 [AMR-03] SAFETY_STOP min_obstacle_distance=1.04m <= 1.2m
05:17:28.012 [AMR-03] STATE_TRANSITION EMERGENCY_STOP -> MOVING (intent=MOVE)
05:17:28.113 [AMR-03] STATE_TRANSITION MOVING -> EMERGENCY_STOP (intent=STOP)
05:17:28.113 [AMR-03] SAFETY_STOP min_obstacle_distance=1.10m <= 1.2m
05:17:28.214 [AMR-03] STATE_TRANSITION EMERGENCY_STOP -> MOVING (intent=MOVE)
05:17:28.314 [AMR-03] STATE_TRANSITION MOVING -> EMERGENCY_STOP (intent=STOP)
05:17:28.315 [AMR-03] SAFETY_STOP min_obstacle_distance=1.08m <= 1.2m
05:17:28.416 [AMR-03] STATE_TRANSITION EMERGENCY_STOP -> MOVING (intent=MOVE)
05:17:28.518 [AMR-03] STATE_TRANSITION MOVING -> EMERGENCY_STOP (intent=STOP)
05:17:28.518 [AMR-03] SAFETY_STOP min_obstacle_distance=1.00m <= 1.2m
05:17:28.618 [AMR-03] STATE_TRANSITION EMERGENCY_STOP -> MOVING (intent=MOVE)
05:17:28.718 [AMR-03] STATE_TRANSITION MOVING -> EMERGENCY_STOP (intent=STOP)
05:17:28.718 [AMR-03] SAFETY_STOP min_obstacle_distance=1.01m <= 1.2m
05:17:28.820 [AMR-03] STATE_TRANSITION EMERGENCY_STOP -> MOVING (intent=MOVE)
05:17:28.920 [AMR-03] STATE_TRANSITION MOVING -> EMERGENCY_STOP (intent=STOP)
05:17:28.920 [AMR-03] SAFETY_STOP min_obstacle_distance=1.04m <= 1.2m
05:17:29.021 [AMR-03] STATE_TRANSITION EMERGENCY_STOP -> MOVING (intent=MOVE)
05:17:29.122 [AMR-03] STATE_TRANSITION MOVING -> EMERGENCY_STOP (intent=STOP)
05:17:29.123 [AMR-03] SAFETY_STOP min_obstacle_distance=1.10m <= 1.2m
05:17:29.222 [AMR-03] STATE_TRANSITION EMERGENCY_STOP -> MOVING (intent=MOVE)
05:17:29.324 [AMR-03] STATE_TRANSITION MOVING -> EMERGENCY_STOP (intent=STOP)
05:17:29.324 [AMR-03] SAFETY_STOP min_obstacle_distance=1.08m <= 1.2m
05:17:29.425 [AMR-03] STATE_TRANSITION EMERGENCY_STOP -> MOVING (intent=MOVE)
05:17:29.524 [AMR-03] STATE_TRANSITION MOVING -> EMERGENCY_STOP (intent=STOP)
05:17:29.524 [AMR-03] SAFETY_STOP min_obstacle_distance=1.00m <= 1.2m
05:17:29.626 [AMR-03] STATE_TRANSITION EMERGENCY_STOP -> MOVING (intent=MOVE)
05:17:29.726 [AMR-03] STATE_TRANSITION MOVING -> EMERGENCY_STOP (intent=STOP)
05:17:29.726 [AMR-03] SAFETY_STOP min_obstacle_distance=1.01m <= 1.2m
05:17:29.826 [AMR-03] STATE_TRANSITION EMERGENCY_STOP -> MOVING (intent=MOVE)
05:17:29.927 [AMR-03] STATE_TRANSITION MOVING -> EMERGENCY_STOP (intent=STOP)
05:17:29.927 [AMR-03] SAFETY_STOP min_obstacle_distance=1.04m <= 1.2m
05:17:30.029 [AMR-03] STATE_TRANSITION EMERGENCY_STOP -> MOVING (intent=MOVE)
05:17:30.128 [AMR-03] STATE_TRANSITION MOVING -> EMERGENCY_STOP (intent=STOP)
05:17:30.128 [AMR-03] SAFETY_STOP min_obstacle_distance=1.10m <= 1.2m
05:17:30.229 [AMR-03] STATE_TRANSITION EMERGENCY_STOP -> MOVING (intent=MOVE)
05:17:30.330 [AMR-03] STATE_TRANSITION MOVING -> EMERGENCY_STOP (intent=STOP)
05:17:30.330 [AMR-03] SAFETY_STOP min_obstacle_distance=1.08m <= 1.2m
05:17:30.431 [AMR-03] STATE_TRANSITION EMERGENCY_STOP -> MOVING (intent=MOVE)
05:17:30.531 [AMR-03] STATE_TRANSITION MOVING -> EMERGENCY_STOP (intent=STOP)
05:17:30.531 [AMR-03] SAFETY_STOP min_obstacle_distance=1.00m <= 1.2m
05:17:30.633 [AMR-03] STATE_TRANSITION EMERGENCY_STOP -> MOVING (intent=MOVE)
05:17:30.732 [AMR-03] STATE_TRANSITION MOVING -> EMERGENCY_STOP (intent=STOP)
05:17:30.732 [AMR-03] SAFETY_STOP min_obstacle_distance=1.01m <= 1.2m
05:17:30.833 [AMR-03] STATE_TRANSITION EMERGENCY_STOP -> MOVING (intent=MOVE)
05:17:30.935 [AMR-03] STATE_TRANSITION MOVING -> EMERGENCY_STOP (intent=STOP)
05:17:30.935 [AMR-03] SAFETY_STOP min_obstacle_distance=1.04m <= 1.2m
05:17:31.035 [AMR-03] STATE_TRANSITION EMERGENCY_STOP -> MOVING (intent=MOVE)
05:17:31.135 [AMR-03] STATE_TRANSITION MOVING -> EMERGENCY_STOP (intent=STOP)
05:17:31.135 [AMR-03] SAFETY_STOP min_obstacle_distance=1.10m <= 1.2m
05:17:31.236 [AMR-03] STATE_TRANSITION EMERGENCY_STOP -> MOVING (intent=MOVE)
05:17:31.336 [AMR-03] STATE_TRANSITION MOVING -> EMERGENCY_STOP (intent=STOP)
05:17:31.336 [AMR-03] SAFETY_STOP min_obstacle_distance=1.08m <= 1.2m
05:17:31.437 [AMR-03] STATE_TRANSITION EMERGENCY_STOP -> MOVING (intent=MOVE)
05:17:31.538 [AMR-03] STATE_TRANSITION MOVING -> EMERGENCY_STOP (intent=STOP)
05:17:31.538 [AMR-03] SAFETY_STOP min_obstacle_distance=1.00m <= 1.2m
05:17:31.639 [AMR-03] STATE_TRANSITION EMERGENCY_STOP -> MOVING (intent=MOVE)
05:17:31.739 [AMR-03] STATE_TRANSITION MOVING -> EMERGENCY_STOP (intent=STOP)
05:17:31.739 [AMR-03] SAFETY_STOP min_obstacle_distance=1.01m <= 1.2m
05:17:31.839 [AMR-03] STATE_TRANSITION EMERGENCY_STOP -> MOVING (intent=MOVE)
05:17:31.940 [AMR-03] STATE_TRANSITION MOVING -> EMERGENCY_STOP (intent=STOP)
05:17:31.940 [AMR-03] SAFETY_STOP min_obstacle_distance=1.04m <= 1.2m
05:17:32.041 [AMR-03] STATE_TRANSITION EMERGENCY_STOP -> MOVING (intent=MOVE)
05:17:32.142 [AMR-03] STATE_TRANSITION MOVING -> EMERGENCY_STOP (intent=STOP)
05:17:32.142 [AMR-03] SAFETY_STOP min_obstacle_distance=1.10m <= 1.2m
05:17:32.243 [AMR-03] STATE_TRANSITION EMERGENCY_STOP -> MOVING (intent=MOVE)
05:17:32.343 [AMR-03] STATE_TRANSITION MOVING -> EMERGENCY_STOP (intent=STOP)
05:17:32.343 [AMR-03] SAFETY_STOP min_obstacle_distance=1.08m <= 1.2m
05:17:32.444 [AMR-03] STATE_TRANSITION EMERGENCY_STOP -> MOVING (intent=MOVE)
05:17:32.545 [AMR-03] STATE_TRANSITION MOVING -> EMERGENCY_STOP (intent=STOP)
05:17:32.545 [AMR-03] SAFETY_STOP min_obstacle_distance=1.00m <= 1.2m
05:17:32.645 [AMR-03] STATE_TRANSITION EMERGENCY_STOP -> MOVING (intent=MOVE)
05:17:32.745 [AMR-03] STATE_TRANSITION MOVING -> EMERGENCY_STOP (intent=STOP)
05:17:32.746 [AMR-03] SAFETY_STOP min_obstacle_distance=1.01m <= 1.2m
05:17:32.846 [AMR-03] STATE_TRANSITION EMERGENCY_STOP -> MOVING (intent=MOVE)
05:17:32.946 [AMR-03] STATE_TRANSITION MOVING -> EMERGENCY_STOP (intent=STOP)
05:17:32.946 [AMR-03] SAFETY_STOP min_obstacle_distance=1.04m <= 1.2m
05:17:33.047 [AMR-03] STATE_TRANSITION EMERGENCY_STOP -> MOVING (intent=MOVE)
05:17:33.148 [AMR-03] STATE_TRANSITION MOVING -> EMERGENCY_STOP (intent=STOP)
05:17:33.148 [AMR-03] SAFETY_STOP min_obstacle_distance=1.10m <= 1.2m
05:17:33.249 [AMR-03] STATE_TRANSITION EMERGENCY_STOP -> MOVING (intent=MOVE)
05:17:33.349 [AMR-03] STATE_TRANSITION MOVING -> EMERGENCY_STOP (intent=STOP)
05:17:33.349 [AMR-03] SAFETY_STOP min_obstacle_distance=1.08m <= 1.2m
05:17:33.450 [AMR-03] STATE_TRANSITION EMERGENCY_STOP -> MOVING (intent=MOVE)
05:17:33.550 [AMR-03] STATE_TRANSITION MOVING -> EMERGENCY_STOP (intent=STOP)
05:17:33.550 [AMR-03] SAFETY_STOP min_obstacle_distance=1.00m <= 1.2m
05:17:33.652 [AMR-03] STATE_TRANSITION EMERGENCY_STOP -> MOVING (intent=MOVE)
05:17:33.753 [AMR-03] STATE_TRANSITION MOVING -> EMERGENCY_STOP (intent=STOP)
05:17:33.754 [AMR-03] SAFETY_STOP min_obstacle_distance=1.01m <= 1.2m
05:17:33.855 [AMR-03] STATE_TRANSITION EMERGENCY_STOP -> MOVING (intent=MOVE)
05:17:33.956 [AMR-03] STATE_TRANSITION MOVING -> EMERGENCY_STOP (intent=STOP)
05:17:33.957 [AMR-03] SAFETY_STOP min_obstacle_distance=1.05m <= 1.2m
05:17:34.057 [AMR-03] STATE_TRANSITION EMERGENCY_STOP -> MOVING (intent=MOVE)
05:17:34.158 [AMR-03] STATE_TRANSITION MOVING -> EMERGENCY_STOP (intent=STOP)
05:17:34.158 [AMR-03] SAFETY_STOP min_obstacle_distance=1.10m <= 1.2m
05:17:34.259 [AMR-03] STATE_TRANSITION EMERGENCY_STOP -> MOVING (intent=MOVE)
05:17:34.360 [AMR-03] STATE_TRANSITION MOVING -> EMERGENCY_STOP (intent=STOP)
05:17:34.360 [AMR-03] SAFETY_STOP min_obstacle_distance=1.07m <= 1.2m
05:17:34.462 [AMR-03] STATE_TRANSITION EMERGENCY_STOP -> MOVING (intent=MOVE)
05:17:34.562 [AMR-03] STATE_TRANSITION MOVING -> EMERGENCY_STOP (intent=STOP)
05:17:34.562 [AMR-03] SAFETY_STOP min_obstacle_distance=1.00m <= 1.2m
05:17:34.664 [AMR-03] STATE_TRANSITION EMERGENCY_STOP -> MOVING (intent=MOVE)
05:17:34.765 [AMR-03] STATE_TRANSITION MOVING -> EMERGENCY_STOP (intent=STOP)
05:17:34.765 [AMR-03] SAFETY_STOP min_obstacle_distance=1.01m <= 1.2m
05:17:34.867 [AMR-03] STATE_TRANSITION EMERGENCY_STOP -> MOVING (intent=MOVE)
05:17:34.968 [AMR-03] STATE_TRANSITION MOVING -> EMERGENCY_STOP (intent=STOP)
05:17:34.969 [AMR-03] SAFETY_STOP min_obstacle_distance=1.05m <= 1.2m
05:17:35.069 [AMR-03] STATE_TRANSITION EMERGENCY_STOP -> MOVING (intent=MOVE)
05:17:35.170 [AMR-03] STATE_TRANSITION MOVING -> EMERGENCY_STOP (intent=STOP)
05:17:35.170 [AMR-03] SAFETY_STOP min_obstacle_distance=1.10m <= 1.2m
05:17:35.270 [AMR-03] STATE_TRANSITION EMERGENCY_STOP -> MOVING (intent=MOVE)
05:17:35.371 [AMR-03] STATE_TRANSITION MOVING -> EMERGENCY_STOP (intent=STOP)
05:17:35.371 [AMR-03] SAFETY_STOP min_obstacle_distance=1.07m <= 1.2m
05:17:35.472 [AMR-03] STATE_TRANSITION EMERGENCY_STOP -> MOVING (intent=MOVE)
05:17:35.573 [AMR-03] STATE_TRANSITION MOVING -> EMERGENCY_STOP (intent=STOP)
05:17:35.573 [AMR-03] SAFETY_STOP min_obstacle_distance=1.00m <= 1.2m
05:17:35.674 [AMR-03] STATE_TRANSITION EMERGENCY_STOP -> MOVING (intent=MOVE)
05:17:35.775 [AMR-03] STATE_TRANSITION MOVING -> EMERGENCY_STOP (intent=STOP)
05:17:35.775 [AMR-03] SAFETY_STOP min_obstacle_distance=1.01m <= 1.2m
05:17:35.876 [AMR-03] STATE_TRANSITION EMERGENCY_STOP -> MOVING (intent=MOVE)
05:17:35.978 [AMR-03] STATE_TRANSITION MOVING -> EMERGENCY_STOP (intent=STOP)
05:17:35.978 [AMR-03] SAFETY_STOP min_obstacle_distance=1.04m <= 1.2m
05:17:36.079 [AMR-03] STATE_TRANSITION EMERGENCY_STOP -> MOVING (intent=MOVE)
05:17:36.181 [AMR-03] STATE_TRANSITION MOVING -> EMERGENCY_STOP (intent=STOP)
05:17:36.181 [AMR-03] SAFETY_STOP min_obstacle_distance=1.10m <= 1.2m
05:17:36.281 [AMR-03] STATE_TRANSITION EMERGENCY_STOP -> MOVING (intent=MOVE)
05:17:36.383 [AMR-03] STATE_TRANSITION MOVING -> EMERGENCY_STOP (intent=STOP)
05:17:36.383 [AMR-03] SAFETY_STOP min_obstacle_distance=1.08m <= 1.2m
05:17:36.483 [AMR-03] STATE_TRANSITION EMERGENCY_STOP -> MOVING (intent=MOVE)
05:17:36.584 [AMR-03] STATE_TRANSITION MOVING -> EMERGENCY_STOP (intent=STOP)
05:17:36.585 [AMR-03] SAFETY_STOP min_obstacle_distance=1.01m <= 1.2m
05:17:36.686 [AMR-03] STATE_TRANSITION EMERGENCY_STOP -> MOVING (intent=MOVE)
05:17:36.787 [AMR-03] STATE_TRANSITION MOVING -> EMERGENCY_STOP (intent=STOP)
05:17:36.787 [AMR-03] SAFETY_STOP min_obstacle_distance=1.04m <= 1.2m
05:17:36.888 [AMR-03] STATE_TRANSITION EMERGENCY_STOP -> MOVING (intent=MOVE)
05:17:36.989 [AMR-03] STATE_TRANSITION MOVING -> EMERGENCY_STOP (intent=STOP)
05:17:36.989 [AMR-03] SAFETY_STOP min_obstacle_distance=1.10m <= 1.2m
05:17:37.091 [AMR-03] STATE_TRANSITION EMERGENCY_STOP -> MOVING (intent=MOVE)
05:17:37.192 [AMR-03] STATE_TRANSITION MOVING -> EMERGENCY_STOP (intent=STOP)
05:17:37.192 [AMR-03] SAFETY_STOP min_obstacle_distance=1.07m <= 1.2m
05:17:37.293 [AMR-03] STATE_TRANSITION EMERGENCY_STOP -> MOVING (intent=MOVE)
05:17:37.394 [AMR-03] STATE_TRANSITION MOVING -> EMERGENCY_STOP (intent=STOP)
05:17:37.394 [AMR-03] SAFETY_STOP min_obstacle_distance=1.03m <= 1.2m
05:17:37.496 [AMR-03] STATE_TRANSITION EMERGENCY_STOP -> MOVING (intent=MOVE)
05:17:37.598 [AMR-03] STATE_TRANSITION MOVING -> EMERGENCY_STOP (intent=STOP)
05:17:37.598 [AMR-03] SAFETY_STOP min_obstacle_distance=1.00m <= 1.2m
05:17:37.700 [AMR-03] STATE_TRANSITION EMERGENCY_STOP -> MOVING (intent=MOVE)
05:17:37.801 [AMR-03] STATE_TRANSITION MOVING -> EMERGENCY_STOP (intent=STOP)
05:17:37.801 [AMR-03] SAFETY_STOP min_obstacle_distance=1.01m <= 1.2m
05:17:37.903 [AMR-03] STATE_TRANSITION EMERGENCY_STOP -> MOVING (intent=MOVE)
05:17:38.004 [AMR-03] STATE_TRANSITION MOVING -> EMERGENCY_STOP (intent=STOP)
05:17:38.004 [AMR-03] SAFETY_STOP min_obstacle_distance=1.05m <= 1.2m
05:17:38.105 [AMR-03] STATE_TRANSITION EMERGENCY_STOP -> MOVING (intent=MOVE)
05:17:38.206 [AMR-03] STATE_TRANSITION MOVING -> EMERGENCY_STOP (intent=STOP)
05:17:38.206 [AMR-03] SAFETY_STOP min_obstacle_distance=1.10m <= 1.2m
05:17:38.309 [AMR-03] STATE_TRANSITION EMERGENCY_STOP -> MOVING (intent=MOVE)
05:17:38.409 [AMR-03] STATE_TRANSITION MOVING -> EMERGENCY_STOP (intent=STOP)
05:17:38.410 [AMR-03] SAFETY_STOP min_obstacle_distance=1.07m <= 1.2m
05:17:38.509 [AMR-03] STATE_TRANSITION EMERGENCY_STOP -> MOVING (intent=MOVE)
05:17:38.612 [AMR-03] STATE_TRANSITION MOVING -> EMERGENCY_STOP (intent=STOP)
05:17:38.612 [AMR-03] SAFETY_STOP min_obstacle_distance=1.01m <= 1.2m
05:17:38.713 [AMR-03] STATE_TRANSITION EMERGENCY_STOP -> MOVING (intent=MOVE)
05:17:38.814 [AMR-03] STATE_TRANSITION MOVING -> EMERGENCY_STOP (intent=STOP)
05:17:38.814 [AMR-03] SAFETY_STOP min_obstacle_distance=1.04m <= 1.2m
05:17:38.917 [AMR-03] STATE_TRANSITION EMERGENCY_STOP -> MOVING (intent=MOVE)
05:17:39.017 [AMR-03] STATE_TRANSITION MOVING -> EMERGENCY_STOP (intent=STOP)
05:17:39.017 [AMR-03] SAFETY_STOP min_obstacle_distance=1.10m <= 1.2m
05:17:39.120 [AMR-03] STATE_TRANSITION EMERGENCY_STOP -> MOVING (intent=MOVE)
05:17:39.221 [AMR-03] STATE_TRANSITION MOVING -> EMERGENCY_STOP (intent=STOP)
05:17:39.222 [AMR-03] SAFETY_STOP min_obstacle_distance=1.07m <= 1.2m
05:17:39.323 [AMR-03] STATE_TRANSITION EMERGENCY_STOP -> MOVING (intent=MOVE)
05:17:39.423 [AMR-03] STATE_TRANSITION MOVING -> EMERGENCY_STOP (intent=STOP)
05:17:39.423 [AMR-03] SAFETY_STOP min_obstacle_distance=1.03m <= 1.2m
05:17:39.524 [AMR-03] STATE_TRANSITION EMERGENCY_STOP -> MOVING (intent=MOVE)
05:17:39.626 [AMR-03] STATE_TRANSITION MOVING -> EMERGENCY_STOP (intent=STOP)
05:17:39.626 [AMR-03] SAFETY_STOP min_obstacle_distance=1.01m <= 1.2m
05:17:39.727 [AMR-03] STATE_TRANSITION EMERGENCY_STOP -> MOVING (intent=MOVE)
05:17:39.829 [AMR-03] STATE_TRANSITION MOVING -> EMERGENCY_STOP (intent=STOP)
05:17:39.829 [AMR-03] SAFETY_STOP min_obstacle_distance=1.04m <= 1.2m
05:17:39.931 [AMR-03] STATE_TRANSITION EMERGENCY_STOP -> MOVING (intent=MOVE)
05:17:40.032 [AMR-03] STATE_TRANSITION MOVING -> EMERGENCY_STOP (intent=STOP)
05:17:40.032 [AMR-03] SAFETY_STOP min_obstacle_distance=1.10m <= 1.2m
05:17:40.134 [AMR-03] STATE_TRANSITION EMERGENCY_STOP -> MOVING (intent=MOVE)
05:17:40.235 [AMR-03] STATE_TRANSITION MOVING -> EMERGENCY_STOP (intent=STOP)
05:17:40.235 [AMR-03] SAFETY_STOP min_obstacle_distance=1.07m <= 1.2m
05:17:40.336 [AMR-03] STATE_TRANSITION EMERGENCY_STOP -> MOVING (intent=MOVE)
05:17:40.438 [AMR-03] STATE_TRANSITION MOVING -> EMERGENCY_STOP (intent=STOP)
05:17:40.438 [AMR-03] SAFETY_STOP min_obstacle_distance=1.03m <= 1.2m
05:17:40.538 [AMR-03] STATE_TRANSITION EMERGENCY_STOP -> MOVING (intent=MOVE)
05:17:40.640 [AMR-03] STATE_TRANSITION MOVING -> EMERGENCY_STOP (intent=STOP)
05:17:40.640 [AMR-03] SAFETY_STOP min_obstacle_distance=1.01m <= 1.2m
05:17:40.742 [AMR-03] STATE_TRANSITION EMERGENCY_STOP -> MOVING (intent=MOVE)
05:17:40.843 [AMR-03] STATE_TRANSITION MOVING -> EMERGENCY_STOP (intent=STOP)
05:17:40.843 [AMR-03] SAFETY_STOP min_obstacle_distance=1.05m <= 1.2m
05:17:40.945 [AMR-03] STATE_TRANSITION EMERGENCY_STOP -> MOVING (intent=MOVE)
05:17:41.046 [AMR-03] STATE_TRANSITION MOVING -> EMERGENCY_STOP (intent=STOP)
05:17:41.046 [AMR-03] SAFETY_STOP min_obstacle_distance=1.10m <= 1.2m
05:17:41.147 [AMR-03] STATE_TRANSITION EMERGENCY_STOP -> MOVING (intent=MOVE)
05:17:41.248 [AMR-03] STATE_TRANSITION MOVING -> EMERGENCY_STOP (intent=STOP)
05:17:41.248 [AMR-03] SAFETY_STOP min_obstacle_distance=1.07m <= 1.2m
05:17:41.350 [AMR-03] STATE_TRANSITION EMERGENCY_STOP -> MOVING (intent=MOVE)
05:17:41.451 [AMR-03] STATE_TRANSITION MOVING -> EMERGENCY_STOP (intent=STOP)
05:17:41.451 [AMR-03] SAFETY_STOP min_obstacle_distance=1.03m <= 1.2m
05:17:41.552 [AMR-03] STATE_TRANSITION EMERGENCY_STOP -> MOVING (intent=MOVE)
05:17:41.653 [AMR-03] STATE_TRANSITION MOVING -> EMERGENCY_STOP (intent=STOP)
05:17:41.653 [AMR-03] SAFETY_STOP min_obstacle_distance=1.01m <= 1.2m
05:17:41.754 [AMR-03] STATE_TRANSITION EMERGENCY_STOP -> MOVING (intent=MOVE)
05:17:41.856 [AMR-03] STATE_TRANSITION MOVING -> EMERGENCY_STOP (intent=STOP)
05:17:41.856 [AMR-03] SAFETY_STOP min_obstacle_distance=1.04m <= 1.2m
05:17:41.957 [AMR-03] STATE_TRANSITION EMERGENCY_STOP -> MOVING (intent=MOVE)
05:17:42.059 [AMR-03] STATE_TRANSITION MOVING -> EMERGENCY_STOP (intent=STOP)
05:17:42.059 [AMR-03] SAFETY_STOP min_obstacle_distance=1.10m <= 1.2m
05:17:42.161 [AMR-03] STATE_TRANSITION EMERGENCY_STOP -> MOVING (intent=MOVE)
05:17:42.262 [AMR-03] STATE_TRANSITION MOVING -> EMERGENCY_STOP (intent=STOP)
05:17:42.262 [AMR-03] SAFETY_STOP min_obstacle_distance=1.07m <= 1.2m
05:17:42.363 [AMR-03] STATE_TRANSITION EMERGENCY_STOP -> MOVING (intent=MOVE)
05:17:42.466 [AMR-03] STATE_TRANSITION MOVING -> EMERGENCY_STOP (intent=STOP)
05:17:42.466 [AMR-03] SAFETY_STOP min_obstacle_distance=1.03m <= 1.2m
05:17:42.566 [AMR-03] STATE_TRANSITION EMERGENCY_STOP -> MOVING (intent=MOVE)
05:17:42.668 [AMR-03] STATE_TRANSITION MOVING -> EMERGENCY_STOP (intent=STOP)
05:17:42.668 [AMR-03] SAFETY_STOP min_obstacle_distance=1.01m <= 1.2m
05:17:42.769 [AMR-03] STATE_TRANSITION EMERGENCY_STOP -> MOVING (intent=MOVE)
05:17:42.872 [AMR-03] STATE_TRANSITION MOVING -> EMERGENCY_STOP (intent=STOP)
05:17:42.872 [AMR-03] SAFETY_STOP min_obstacle_distance=1.05m <= 1.2m
05:17:42.972 [AMR-03] STATE_TRANSITION EMERGENCY_STOP -> MOVING (intent=MOVE)
05:17:43.074 [AMR-03] STATE_TRANSITION MOVING -> EMERGENCY_STOP (intent=STOP)
05:17:43.074 [AMR-03] SAFETY_STOP min_obstacle_distance=1.10m <= 1.2m
05:17:43.175 [AMR-03] STATE_TRANSITION EMERGENCY_STOP -> MOVING (intent=MOVE)
05:17:43.276 [AMR-03] STATE_TRANSITION MOVING -> EMERGENCY_STOP (intent=STOP)
05:17:43.276 [AMR-03] SAFETY_STOP min_obstacle_distance=1.07m <= 1.2m
05:17:43.378 [AMR-03] STATE_TRANSITION EMERGENCY_STOP -> MOVING (intent=MOVE)
05:17:43.478 [AMR-03] STATE_TRANSITION MOVING -> EMERGENCY_STOP (intent=STOP)
05:17:43.478 [AMR-03] SAFETY_STOP min_obstacle_distance=1.00m <= 1.2m
05:17:43.579 [AMR-03] STATE_TRANSITION EMERGENCY_STOP -> MOVING (intent=MOVE)
05:17:43.681 [AMR-03] STATE_TRANSITION MOVING -> EMERGENCY_STOP (intent=STOP)
05:17:43.681 [AMR-03] SAFETY_STOP min_obstacle_distance=1.01m <= 1.2m
05:17:43.783 [AMR-03] STATE_TRANSITION EMERGENCY_STOP -> MOVING (intent=MOVE)
05:17:43.884 [AMR-03] STATE_TRANSITION MOVING -> EMERGENCY_STOP (intent=STOP)
05:17:43.885 [AMR-03] SAFETY_STOP min_obstacle_distance=1.05m <= 1.2m
05:17:43.985 [AMR-03] STATE_TRANSITION EMERGENCY_STOP -> MOVING (intent=MOVE)
05:17:44.087 [AMR-03] STATE_TRANSITION MOVING -> EMERGENCY_STOP (intent=STOP)
05:17:44.087 [AMR-03] SAFETY_STOP min_obstacle_distance=1.10m <= 1.2m
05:17:44.188 [AMR-03] STATE_TRANSITION EMERGENCY_STOP -> MOVING (intent=MOVE)
05:17:44.289 [AMR-03] STATE_TRANSITION MOVING -> EMERGENCY_STOP (intent=STOP)
05:17:44.289 [AMR-03] SAFETY_STOP min_obstacle_distance=1.07m <= 1.2m
05:17:44.391 [AMR-03] STATE_TRANSITION EMERGENCY_STOP -> MOVING (intent=MOVE)
05:17:44.491 [AMR-03] STATE_TRANSITION MOVING -> EMERGENCY_STOP (intent=STOP)
05:17:44.491 [AMR-03] SAFETY_STOP min_obstacle_distance=1.00m <= 1.2m
05:17:44.593 [AMR-03] STATE_TRANSITION EMERGENCY_STOP -> MOVING (intent=MOVE)
05:17:44.694 [AMR-03] STATE_TRANSITION MOVING -> EMERGENCY_STOP (intent=STOP)
05:17:44.694 [AMR-03] SAFETY_STOP min_obstacle_distance=1.01m <= 1.2m
05:17:44.795 [AMR-03] STATE_TRANSITION EMERGENCY_STOP -> MOVING (intent=MOVE)
05:17:44.897 [AMR-03] STATE_TRANSITION MOVING -> EMERGENCY_STOP (intent=STOP)
05:17:44.897 [AMR-03] SAFETY_STOP min_obstacle_distance=1.05m <= 1.2m
05:17:44.998 [AMR-03] STATE_TRANSITION EMERGENCY_STOP -> MOVING (intent=MOVE)
05:17:45.098 [AMR-03] STATE_TRANSITION MOVING -> EMERGENCY_STOP (intent=STOP)
05:17:45.098 [AMR-03] SAFETY_STOP min_obstacle_distance=1.10m <= 1.2m
05:17:45.199 [AMR-03] STATE_TRANSITION EMERGENCY_STOP -> MOVING (intent=MOVE)
05:17:45.300 [AMR-03] STATE_TRANSITION MOVING -> EMERGENCY_STOP (intent=STOP)
05:17:45.300 [AMR-03] SAFETY_STOP min_obstacle_distance=1.07m <= 1.2m
05:17:45.399 [AMR-03] STATE_TRANSITION EMERGENCY_STOP -> MOVING (intent=MOVE)
05:17:45.500 [AMR-03] STATE_TRANSITION MOVING -> EMERGENCY_STOP (intent=STOP)
05:17:45.500 [AMR-03] SAFETY_STOP min_obstacle_distance=1.00m <= 1.2m
05:17:45.601 [AMR-03] STATE_TRANSITION EMERGENCY_STOP -> MOVING (intent=MOVE)
05:17:45.702 [AMR-03] STATE_TRANSITION MOVING -> EMERGENCY_STOP (intent=STOP)
05:17:45.702 [AMR-03] SAFETY_STOP min_obstacle_distance=1.01m <= 1.2m
05:17:45.803 [AMR-03] STATE_TRANSITION EMERGENCY_STOP -> MOVING (intent=MOVE)
05:17:45.903 [AMR-03] STATE_TRANSITION MOVING -> EMERGENCY_STOP (intent=STOP)
05:17:45.903 [AMR-03] SAFETY_STOP min_obstacle_distance=1.04m <= 1.2m
05:17:46.003 [AMR-03] STATE_TRANSITION EMERGENCY_STOP -> MOVING (intent=MOVE)
05:17:46.104 [AMR-03] STATE_TRANSITION MOVING -> EMERGENCY_STOP (intent=STOP)
05:17:46.105 [AMR-03] SAFETY_STOP min_obstacle_distance=1.10m <= 1.2m
05:17:46.206 [AMR-03] STATE_TRANSITION EMERGENCY_STOP -> MOVING (intent=MOVE)
05:17:46.307 [AMR-03] STATE_TRANSITION MOVING -> EMERGENCY_STOP (intent=STOP)
05:17:46.307 [AMR-03] SAFETY_STOP min_obstacle_distance=1.07m <= 1.2m
05:17:46.409 [AMR-03] STATE_TRANSITION EMERGENCY_STOP -> MOVING (intent=MOVE)
05:17:46.510 [AMR-03] STATE_TRANSITION MOVING -> EMERGENCY_STOP (intent=STOP)
05:17:46.510 [AMR-03] SAFETY_STOP min_obstacle_distance=1.00m <= 1.2m
05:17:46.611 [AMR-03] STATE_TRANSITION EMERGENCY_STOP -> MOVING (intent=MOVE)
05:17:46.711 [AMR-03] STATE_TRANSITION MOVING -> EMERGENCY_STOP (intent=STOP)
05:17:46.712 [AMR-03] SAFETY_STOP min_obstacle_distance=1.01m <= 1.2m
05:17:46.812 [AMR-03] STATE_TRANSITION EMERGENCY_STOP -> MOVING (intent=MOVE)
05:17:46.914 [AMR-03] STATE_TRANSITION MOVING -> EMERGENCY_STOP (intent=STOP)
05:17:46.914 [AMR-03] SAFETY_STOP min_obstacle_distance=1.04m <= 1.2m
05:17:47.016 [AMR-03] STATE_TRANSITION EMERGENCY_STOP -> MOVING (intent=MOVE)
05:17:47.117 [AMR-03] STATE_TRANSITION MOVING -> EMERGENCY_STOP (intent=STOP)
05:17:47.117 [AMR-03] SAFETY_STOP min_obstacle_distance=1.10m <= 1.2m
05:17:47.218 [AMR-03] STATE_TRANSITION EMERGENCY_STOP -> MOVING (intent=MOVE)
05:17:47.318 [AMR-03] STATE_TRANSITION MOVING -> EMERGENCY_STOP (intent=STOP)
05:17:47.318 [AMR-03] SAFETY_STOP min_obstacle_distance=1.08m <= 1.2m
05:17:47.419 [AMR-03] STATE_TRANSITION EMERGENCY_STOP -> MOVING (intent=MOVE)
05:17:47.519 [AMR-03] STATE_TRANSITION MOVING -> EMERGENCY_STOP (intent=STOP)
05:17:47.519 [AMR-03] SAFETY_STOP min_obstacle_distance=1.00m <= 1.2m
05:17:47.620 [AMR-03] STATE_TRANSITION EMERGENCY_STOP -> MOVING (intent=MOVE)
05:17:47.720 [AMR-03] STATE_TRANSITION MOVING -> EMERGENCY_STOP (intent=STOP)
05:17:47.720 [AMR-03] SAFETY_STOP min_obstacle_distance=1.01m <= 1.2m
05:17:47.821 [AMR-03] STATE_TRANSITION EMERGENCY_STOP -> MOVING (intent=MOVE)
05:17:47.922 [AMR-03] STATE_TRANSITION MOVING -> EMERGENCY_STOP (intent=STOP)
05:17:47.922 [AMR-03] SAFETY_STOP min_obstacle_distance=1.04m <= 1.2m
05:17:48.023 [AMR-03] STATE_TRANSITION EMERGENCY_STOP -> MOVING (intent=MOVE)
05:17:48.123 [AMR-03] STATE_TRANSITION MOVING -> EMERGENCY_STOP (intent=STOP)
05:17:48.123 [AMR-03] SAFETY_STOP min_obstacle_distance=1.10m <= 1.2m
05:17:48.224 [AMR-03] STATE_TRANSITION EMERGENCY_STOP -> MOVING (intent=MOVE)
05:17:48.323 [AMR-03] STATE_TRANSITION MOVING -> EMERGENCY_STOP (intent=STOP)
05:17:48.323 [AMR-03] SAFETY_STOP min_obstacle_distance=1.08m <= 1.2m
05:17:48.425 [AMR-03] STATE_TRANSITION EMERGENCY_STOP -> MOVING (intent=MOVE)
05:17:48.525 [AMR-03] STATE_TRANSITION MOVING -> EMERGENCY_STOP (intent=STOP)
05:17:48.525 [AMR-03] SAFETY_STOP min_obstacle_distance=1.00m <= 1.2m
05:17:48.626 [AMR-03] STATE_TRANSITION EMERGENCY_STOP -> MOVING (intent=MOVE)
05:17:48.726 [AMR-03] STATE_TRANSITION MOVING -> EMERGENCY_STOP (intent=STOP)
05:17:48.726 [AMR-03] SAFETY_STOP min_obstacle_distance=1.01m <= 1.2m
05:17:48.826 [AMR-03] STATE_TRANSITION EMERGENCY_STOP -> MOVING (intent=MOVE)
05:17:48.926 [AMR-03] STATE_TRANSITION MOVING -> EMERGENCY_STOP (intent=STOP)
05:17:48.926 [AMR-03] SAFETY_STOP min_obstacle_distance=1.04m <= 1.2m
05:17:49.028 [AMR-03] STATE_TRANSITION EMERGENCY_STOP -> MOVING (intent=MOVE)
05:17:49.128 [AMR-03] STATE_TRANSITION MOVING -> EMERGENCY_STOP (intent=STOP)
05:17:49.128 [AMR-03] SAFETY_STOP min_obstacle_distance=1.10m <= 1.2m
05:17:49.229 [AMR-03] STATE_TRANSITION EMERGENCY_STOP -> MOVING (intent=MOVE)
05:17:49.329 [AMR-03] STATE_TRANSITION MOVING -> EMERGENCY_STOP (intent=STOP)
05:17:49.329 [AMR-03] SAFETY_STOP min_obstacle_distance=1.08m <= 1.2m
05:17:49.430 [AMR-03] STATE_TRANSITION EMERGENCY_STOP -> MOVING (intent=MOVE)
05:17:49.530 [AMR-03] STATE_TRANSITION MOVING -> EMERGENCY_STOP (intent=STOP)
05:17:49.530 [AMR-03] SAFETY_STOP min_obstacle_distance=1.00m <= 1.2m
05:17:49.632 [AMR-03] STATE_TRANSITION EMERGENCY_STOP -> MOVING (intent=MOVE)
05:17:49.733 [AMR-03] STATE_TRANSITION MOVING -> EMERGENCY_STOP (intent=STOP)
05:17:49.733 [AMR-03] SAFETY_STOP min_obstacle_distance=1.01m <= 1.2m
05:17:49.833 [AMR-03] STATE_TRANSITION EMERGENCY_STOP -> MOVING (intent=MOVE)
05:17:49.933 [AMR-03] STATE_TRANSITION MOVING -> EMERGENCY_STOP (intent=STOP)
05:17:49.934 [AMR-03] SAFETY_STOP min_obstacle_distance=1.04m <= 1.2m
05:17:50.034 [AMR-03] STATE_TRANSITION EMERGENCY_STOP -> MOVING (intent=MOVE)
05:17:50.134 [AMR-03] STATE_TRANSITION MOVING -> EMERGENCY_STOP (intent=STOP)
05:17:50.135 [AMR-03] SAFETY_STOP min_obstacle_distance=1.10m <= 1.2m
05:17:50.236 [AMR-03] STATE_TRANSITION EMERGENCY_STOP -> MOVING (intent=MOVE)
05:17:50.337 [AMR-03] STATE_TRANSITION MOVING -> EMERGENCY_STOP (intent=STOP)
05:17:50.337 [AMR-03] SAFETY_STOP min_obstacle_distance=1.08m <= 1.2m
05:17:50.438 [AMR-03] STATE_TRANSITION EMERGENCY_STOP -> MOVING (intent=MOVE)
05:17:50.538 [AMR-03] STATE_TRANSITION MOVING -> EMERGENCY_STOP (intent=STOP)
05:17:50.538 [AMR-03] SAFETY_STOP min_obstacle_distance=1.00m <= 1.2m
05:17:50.639 [AMR-03] STATE_TRANSITION EMERGENCY_STOP -> MOVING (intent=MOVE)
05:17:50.739 [AMR-03] STATE_TRANSITION MOVING -> EMERGENCY_STOP (intent=STOP)
05:17:50.739 [AMR-03] SAFETY_STOP min_obstacle_distance=1.01m <= 1.2m
05:17:50.840 [AMR-03] STATE_TRANSITION EMERGENCY_STOP -> MOVING (intent=MOVE)
05:17:50.941 [AMR-03] STATE_TRANSITION MOVING -> EMERGENCY_STOP (intent=STOP)
05:17:50.941 [AMR-03] SAFETY_STOP min_obstacle_distance=1.04m <= 1.2m
05:17:51.042 [AMR-03] STATE_TRANSITION EMERGENCY_STOP -> MOVING (intent=MOVE)
05:17:51.143 [AMR-03] STATE_TRANSITION MOVING -> EMERGENCY_STOP (intent=STOP)
05:17:51.143 [AMR-03] SAFETY_STOP min_obstacle_distance=1.10m <= 1.2m
05:17:51.243 [AMR-03] STATE_TRANSITION EMERGENCY_STOP -> MOVING (intent=MOVE)
05:17:51.345 [AMR-03] STATE_TRANSITION MOVING -> EMERGENCY_STOP (intent=STOP)
05:17:51.345 [AMR-03] SAFETY_STOP min_obstacle_distance=1.08m <= 1.2m
05:17:51.448 [AMR-03] STATE_TRANSITION EMERGENCY_STOP -> MOVING (intent=MOVE)
05:17:51.548 [AMR-03] STATE_TRANSITION MOVING -> EMERGENCY_STOP (intent=STOP)
05:17:51.548 [AMR-03] SAFETY_STOP min_obstacle_distance=1.00m <= 1.2m
05:17:51.650 [AMR-03] STATE_TRANSITION EMERGENCY_STOP -> MOVING (intent=MOVE)
05:17:51.750 [AMR-03] STATE_TRANSITION MOVING -> EMERGENCY_STOP (intent=STOP)
05:17:51.750 [AMR-03] SAFETY_STOP min_obstacle_distance=1.01m <= 1.2m
05:17:51.852 [AMR-03] STATE_TRANSITION EMERGENCY_STOP -> MOVING (intent=MOVE)
05:17:51.953 [AMR-03] STATE_TRANSITION MOVING -> EMERGENCY_STOP (intent=STOP)
05:17:51.953 [AMR-03] SAFETY_STOP min_obstacle_distance=1.05m <= 1.2m
05:17:52.055 [AMR-03] STATE_TRANSITION EMERGENCY_STOP -> MOVING (intent=MOVE)
05:17:52.156 [AMR-03] STATE_TRANSITION MOVING -> EMERGENCY_STOP (intent=STOP)
05:17:52.156 [AMR-03] SAFETY_STOP min_obstacle_distance=1.10m <= 1.2m
05:17:52.258 [AMR-03] STATE_TRANSITION EMERGENCY_STOP -> MOVING (intent=MOVE)
05:17:52.359 [AMR-03] STATE_TRANSITION MOVING -> EMERGENCY_STOP (intent=STOP)
05:17:52.359 [AMR-03] SAFETY_STOP min_obstacle_distance=1.07m <= 1.2m
05:17:52.459 [AMR-03] STATE_TRANSITION EMERGENCY_STOP -> MOVING (intent=MOVE)
05:17:52.561 [AMR-03] STATE_TRANSITION MOVING -> EMERGENCY_STOP (intent=STOP)
05:17:52.561 [AMR-03] SAFETY_STOP min_obstacle_distance=1.00m <= 1.2m
05:17:52.663 [AMR-03] STATE_TRANSITION EMERGENCY_STOP -> MOVING (intent=MOVE)
05:17:52.764 [AMR-03] STATE_TRANSITION MOVING -> EMERGENCY_STOP (intent=STOP)
05:17:52.764 [AMR-03] SAFETY_STOP min_obstacle_distance=1.01m <= 1.2m
05:17:52.865 [AMR-03] STATE_TRANSITION EMERGENCY_STOP -> MOVING (intent=MOVE)
05:17:52.965 [AMR-03] STATE_TRANSITION MOVING -> EMERGENCY_STOP (intent=STOP)
05:17:52.965 [AMR-03] SAFETY_STOP min_obstacle_distance=1.05m <= 1.2m
05:17:53.066 [AMR-03] STATE_TRANSITION EMERGENCY_STOP -> MOVING (intent=MOVE)
05:17:53.166 [AMR-03] STATE_TRANSITION MOVING -> EMERGENCY_STOP (intent=STOP)
05:17:53.166 [AMR-03] SAFETY_STOP min_obstacle_distance=1.10m <= 1.2m
05:17:53.268 [AMR-03] STATE_TRANSITION EMERGENCY_STOP -> MOVING (intent=MOVE)
05:17:53.369 [AMR-03] STATE_TRANSITION MOVING -> EMERGENCY_STOP (intent=STOP)
05:17:53.369 [AMR-03] SAFETY_STOP min_obstacle_distance=1.07m <= 1.2m
05:17:53.471 [AMR-03] STATE_TRANSITION EMERGENCY_STOP -> MOVING (intent=MOVE)
05:17:53.571 [AMR-03] STATE_TRANSITION MOVING -> EMERGENCY_STOP (intent=STOP)
05:17:53.571 [AMR-03] SAFETY_STOP min_obstacle_distance=1.00m <= 1.2m
05:17:53.674 [AMR-03] STATE_TRANSITION EMERGENCY_STOP -> MOVING (intent=MOVE)
05:17:53.774 [AMR-03] STATE_TRANSITION MOVING -> EMERGENCY_STOP (intent=STOP)
05:17:53.774 [AMR-03] SAFETY_STOP min_obstacle_distance=1.01m <= 1.2m
05:17:53.875 [AMR-03] STATE_TRANSITION EMERGENCY_STOP -> MOVING (intent=MOVE)
05:17:53.976 [AMR-03] STATE_TRANSITION MOVING -> EMERGENCY_STOP (intent=STOP)
05:17:53.976 [AMR-03] SAFETY_STOP min_obstacle_distance=1.05m <= 1.2m
05:17:54.077 [AMR-03] STATE_TRANSITION EMERGENCY_STOP -> MOVING (intent=MOVE)
05:17:54.177 [AMR-03] STATE_TRANSITION MOVING -> EMERGENCY_STOP (intent=STOP)
05:17:54.177 [AMR-03] SAFETY_STOP min_obstacle_distance=1.10m <= 1.2m
05:17:54.279 [AMR-03] STATE_TRANSITION EMERGENCY_STOP -> MOVING (intent=MOVE)
05:17:54.378 [AMR-03] STATE_TRANSITION MOVING -> EMERGENCY_STOP (intent=STOP)
05:17:54.378 [AMR-03] SAFETY_STOP min_obstacle_distance=1.07m <= 1.2m
05:17:54.479 [AMR-03] STATE_TRANSITION EMERGENCY_STOP -> MOVING (intent=MOVE)
05:17:54.580 [AMR-03] STATE_TRANSITION MOVING -> EMERGENCY_STOP (intent=STOP)
05:17:54.580 [AMR-03] SAFETY_STOP min_obstacle_distance=1.00m <= 1.2m
05:17:54.681 [AMR-03] STATE_TRANSITION EMERGENCY_STOP -> MOVING (intent=MOVE)
05:17:54.781 [AMR-03] STATE_TRANSITION MOVING -> EMERGENCY_STOP (intent=STOP)
05:17:54.781 [AMR-03] SAFETY_STOP min_obstacle_distance=1.01m <= 1.2m
05:17:54.882 [AMR-03] STATE_TRANSITION EMERGENCY_STOP -> MOVING (intent=MOVE)
05:17:54.984 [AMR-03] STATE_TRANSITION MOVING -> EMERGENCY_STOP (intent=STOP)
05:17:54.984 [AMR-03] SAFETY_STOP min_obstacle_distance=1.04m <= 1.2m
05:17:55.086 [AMR-03] STATE_TRANSITION EMERGENCY_STOP -> MOVING (intent=MOVE)
05:17:55.187 [AMR-03] STATE_TRANSITION MOVING -> EMERGENCY_STOP (intent=STOP)
05:17:55.187 [AMR-03] SAFETY_STOP min_obstacle_distance=1.10m <= 1.2m
05:17:55.288 [AMR-03] STATE_TRANSITION EMERGENCY_STOP -> MOVING (intent=MOVE)
05:17:55.390 [AMR-03] STATE_TRANSITION MOVING -> EMERGENCY_STOP (intent=STOP)
05:17:55.390 [AMR-03] SAFETY_STOP min_obstacle_distance=1.07m <= 1.2m
05:17:55.490 [AMR-03] STATE_TRANSITION EMERGENCY_STOP -> MOVING (intent=MOVE)
05:17:55.591 [AMR-03] STATE_TRANSITION MOVING -> EMERGENCY_STOP (intent=STOP)
05:17:55.592 [AMR-03] SAFETY_STOP min_obstacle_distance=1.01m <= 1.2m
05:17:55.694 [AMR-03] STATE_TRANSITION EMERGENCY_STOP -> MOVING (intent=MOVE)
05:17:55.795 [AMR-03] STATE_TRANSITION MOVING -> EMERGENCY_STOP (intent=STOP)
05:17:55.795 [AMR-03] SAFETY_STOP min_obstacle_distance=1.04m <= 1.2m
05:17:55.897 [AMR-03] STATE_TRANSITION EMERGENCY_STOP -> MOVING (intent=MOVE)
05:17:55.999 [AMR-03] STATE_TRANSITION MOVING -> EMERGENCY_STOP (intent=STOP)
05:17:55.999 [AMR-03] SAFETY_STOP min_obstacle_distance=1.10m <= 1.2m
05:17:56.101 [AMR-03] STATE_TRANSITION EMERGENCY_STOP -> MOVING (intent=MOVE)
05:17:56.203 [AMR-03] STATE_TRANSITION MOVING -> EMERGENCY_STOP (intent=STOP)
05:17:56.203 [AMR-03] SAFETY_STOP min_obstacle_distance=1.07m <= 1.2m
05:17:56.303 [AMR-03] STATE_TRANSITION EMERGENCY_STOP -> MOVING (intent=MOVE)
05:17:56.404 [AMR-03] STATE_TRANSITION MOVING -> EMERGENCY_STOP (intent=STOP)
05:17:56.404 [AMR-03] SAFETY_STOP min_obstacle_distance=1.03m <= 1.2m
05:17:56.504 [AMR-03] STATE_TRANSITION EMERGENCY_STOP -> MOVING (intent=MOVE)
05:17:56.606 [AMR-03] STATE_TRANSITION MOVING -> EMERGENCY_STOP (intent=STOP)
05:17:56.607 [AMR-03] SAFETY_STOP min_obstacle_distance=1.01m <= 1.2m
05:17:56.706 [AMR-03] STATE_TRANSITION EMERGENCY_STOP -> MOVING (intent=MOVE)
05:17:56.806 [AMR-03] STATE_TRANSITION MOVING -> EMERGENCY_STOP (intent=STOP)
05:17:56.806 [AMR-03] SAFETY_STOP min_obstacle_distance=1.04m <= 1.2m
05:17:56.909 [AMR-03] STATE_TRANSITION EMERGENCY_STOP -> MOVING (intent=MOVE)
05:17:57.010 [AMR-03] STATE_TRANSITION MOVING -> EMERGENCY_STOP (intent=STOP)
05:17:57.010 [AMR-03] SAFETY_STOP min_obstacle_distance=1.10m <= 1.2m
05:17:57.112 [AMR-03] STATE_TRANSITION EMERGENCY_STOP -> MOVING (intent=MOVE)
05:17:57.214 [AMR-03] STATE_TRANSITION MOVING -> EMERGENCY_STOP (intent=STOP)
05:17:57.214 [AMR-03] SAFETY_STOP min_obstacle_distance=1.07m <= 1.2m
05:17:57.315 [AMR-03] STATE_TRANSITION EMERGENCY_STOP -> MOVING (intent=MOVE)
05:17:57.417 [AMR-03] STATE_TRANSITION MOVING -> EMERGENCY_STOP (intent=STOP)
05:17:57.417 [AMR-03] SAFETY_STOP min_obstacle_distance=1.03m <= 1.2m
05:17:57.517 [AMR-03] STATE_TRANSITION EMERGENCY_STOP -> MOVING (intent=MOVE)
05:17:57.619 [AMR-03] STATE_TRANSITION MOVING -> EMERGENCY_STOP (intent=STOP)
05:17:57.619 [AMR-03] SAFETY_STOP min_obstacle_distance=1.01m <= 1.2m
05:17:57.720 [AMR-03] STATE_TRANSITION EMERGENCY_STOP -> MOVING (intent=MOVE)
05:17:57.821 [AMR-03] STATE_TRANSITION MOVING -> EMERGENCY_STOP (intent=STOP)
05:17:57.821 [AMR-03] SAFETY_STOP min_obstacle_distance=1.04m <= 1.2m
05:17:57.922 [AMR-03] STATE_TRANSITION EMERGENCY_STOP -> MOVING (intent=MOVE)
05:17:58.024 [AMR-03] STATE_TRANSITION MOVING -> EMERGENCY_STOP (intent=STOP)
05:17:58.025 [AMR-03] SAFETY_STOP min_obstacle_distance=1.10m <= 1.2m
05:17:58.127 [AMR-03] STATE_TRANSITION EMERGENCY_STOP -> MOVING (intent=MOVE)
05:17:58.228 [AMR-03] STATE_TRANSITION MOVING -> EMERGENCY_STOP (intent=STOP)
05:17:58.228 [AMR-03] SAFETY_STOP min_obstacle_distance=1.07m <= 1.2m
05:17:58.329 [AMR-03] STATE_TRANSITION EMERGENCY_STOP -> MOVING (intent=MOVE)
05:17:58.431 [AMR-03] STATE_TRANSITION MOVING -> EMERGENCY_STOP (intent=STOP)
05:17:58.431 [AMR-03] SAFETY_STOP min_obstacle_distance=1.03m <= 1.2m
05:17:58.533 [AMR-03] STATE_TRANSITION EMERGENCY_STOP -> MOVING (intent=MOVE)
05:17:58.634 [AMR-03] STATE_TRANSITION MOVING -> EMERGENCY_STOP (intent=STOP)
05:17:58.634 [AMR-03] SAFETY_STOP min_obstacle_distance=1.01m <= 1.2m
05:17:58.734 [AMR-03] STATE_TRANSITION EMERGENCY_STOP -> MOVING (intent=MOVE)
05:17:58.836 [AMR-03] STATE_TRANSITION MOVING -> EMERGENCY_STOP (intent=STOP)
05:17:58.836 [AMR-03] SAFETY_STOP min_obstacle_distance=1.04m <= 1.2m
05:17:58.937 [AMR-03] STATE_TRANSITION EMERGENCY_STOP -> MOVING (intent=MOVE)
05:17:59.039 [AMR-03] STATE_TRANSITION MOVING -> EMERGENCY_STOP (intent=STOP)
05:17:59.039 [AMR-03] SAFETY_STOP min_obstacle_distance=1.10m <= 1.2m
05:17:59.141 [AMR-03] STATE_TRANSITION EMERGENCY_STOP -> MOVING (intent=MOVE)
05:17:59.242 [AMR-03] STATE_TRANSITION MOVING -> EMERGENCY_STOP (intent=STOP)
05:17:59.242 [AMR-03] SAFETY_STOP min_obstacle_distance=1.07m <= 1.2m
05:17:59.344 [AMR-03] STATE_TRANSITION EMERGENCY_STOP -> MOVING (intent=MOVE)
05:17:59.445 [AMR-03] STATE_TRANSITION MOVING -> EMERGENCY_STOP (intent=STOP)
05:17:59.445 [AMR-03] SAFETY_STOP min_obstacle_distance=1.03m <= 1.2m
05:17:59.546 [AMR-03] STATE_TRANSITION EMERGENCY_STOP -> MOVING (intent=MOVE)
05:17:59.647 [AMR-03] STATE_TRANSITION MOVING -> EMERGENCY_STOP (intent=STOP)
05:17:59.647 [AMR-03] SAFETY_STOP min_obstacle_distance=1.01m <= 1.2m
05:17:59.748 [AMR-03] STATE_TRANSITION EMERGENCY_STOP -> MOVING (intent=MOVE)
05:17:59.849 [AMR-03] STATE_TRANSITION MOVING -> EMERGENCY_STOP (intent=STOP)
05:17:59.849 [AMR-03] SAFETY_STOP min_obstacle_distance=1.04m <= 1.2m
05:17:59.950 [AMR-03] STATE_TRANSITION EMERGENCY_STOP -> MOVING (intent=MOVE)
05:18:00.052 [AMR-03] STATE_TRANSITION MOVING -> EMERGENCY_STOP (intent=STOP)
05:18:00.052 [AMR-03] SAFETY_STOP min_obstacle_distance=1.10m <= 1.2m
05:18:00.153 [AMR-03] STATE_TRANSITION EMERGENCY_STOP -> MOVING (intent=MOVE)
05:18:00.255 [AMR-03] STATE_TRANSITION MOVING -> EMERGENCY_STOP (intent=STOP)
05:18:00.255 [AMR-03] SAFETY_STOP min_obstacle_distance=1.07m <= 1.2m
05:18:00.356 [AMR-03] STATE_TRANSITION EMERGENCY_STOP -> MOVING (intent=MOVE)
05:18:00.458 [AMR-03] STATE_TRANSITION MOVING -> EMERGENCY_STOP (intent=STOP)
05:18:00.459 [AMR-03] SAFETY_STOP min_obstacle_distance=1.03m <= 1.2m
05:18:00.558 [AMR-03] STATE_TRANSITION EMERGENCY_STOP -> MOVING (intent=MOVE)
05:18:00.659 [AMR-03] STATE_TRANSITION MOVING -> EMERGENCY_STOP (intent=STOP)
05:18:00.659 [AMR-03] SAFETY_STOP min_obstacle_distance=1.01m <= 1.2m
05:18:00.761 [AMR-03] STATE_TRANSITION EMERGENCY_STOP -> MOVING (intent=MOVE)
05:18:00.862 [AMR-03] STATE_TRANSITION MOVING -> EMERGENCY_STOP (intent=STOP)
05:18:00.862 [AMR-03] SAFETY_STOP min_obstacle_distance=1.04m <= 1.2m
05:18:00.963 [AMR-03] STATE_TRANSITION EMERGENCY_STOP -> MOVING (intent=MOVE)
05:18:01.065 [AMR-03] STATE_TRANSITION MOVING -> EMERGENCY_STOP (intent=STOP)
05:18:01.065 [AMR-03] SAFETY_STOP min_obstacle_distance=1.10m <= 1.2m
05:18:01.167 [AMR-03] STATE_TRANSITION EMERGENCY_STOP -> MOVING (intent=MOVE)
05:18:01.268 [AMR-03] STATE_TRANSITION MOVING -> EMERGENCY_STOP (intent=STOP)
05:18:01.268 [AMR-03] SAFETY_STOP min_obstacle_distance=1.07m <= 1.2m
05:18:01.370 [AMR-03] STATE_TRANSITION EMERGENCY_STOP -> MOVING (intent=MOVE)
05:18:01.470 [AMR-03] STATE_TRANSITION MOVING -> EMERGENCY_STOP (intent=STOP)
05:18:01.470 [AMR-03] SAFETY_STOP min_obstacle_distance=1.03m <= 1.2m
05:18:01.571 [AMR-03] STATE_TRANSITION EMERGENCY_STOP -> MOVING (intent=MOVE)
05:18:01.672 [AMR-03] STATE_TRANSITION MOVING -> EMERGENCY_STOP (intent=STOP)
05:18:01.672 [AMR-03] SAFETY_STOP min_obstacle_distance=1.01m <= 1.2m
05:18:01.773 [AMR-03] STATE_TRANSITION EMERGENCY_STOP -> MOVING (intent=MOVE)
05:18:01.874 [AMR-03] STATE_TRANSITION MOVING -> EMERGENCY_STOP (intent=STOP)
05:18:01.874 [AMR-03] SAFETY_STOP min_obstacle_distance=1.05m <= 1.2m
05:18:01.977 [AMR-03] STATE_TRANSITION EMERGENCY_STOP -> MOVING (intent=MOVE)
05:18:02.078 [AMR-03] STATE_TRANSITION MOVING -> EMERGENCY_STOP (intent=STOP)
05:18:02.078 [AMR-03] SAFETY_STOP min_obstacle_distance=1.10m <= 1.2m
05:18:02.179 [AMR-03] STATE_TRANSITION EMERGENCY_STOP -> MOVING (intent=MOVE)
05:18:02.281 [AMR-03] STATE_TRANSITION MOVING -> EMERGENCY_STOP (intent=STOP)
05:18:02.281 [AMR-03] SAFETY_STOP min_obstacle_distance=1.07m <= 1.2m
05:18:02.384 [AMR-03] STATE_TRANSITION EMERGENCY_STOP -> MOVING (intent=MOVE)
05:18:02.482 [AMR-03] STATE_TRANSITION MOVING -> EMERGENCY_STOP (intent=STOP)
05:18:02.482 [AMR-03] SAFETY_STOP min_obstacle_distance=1.00m <= 1.2m
05:18:02.585 [AMR-03] STATE_TRANSITION EMERGENCY_STOP -> MOVING (intent=MOVE)
05:18:02.686 [AMR-03] STATE_TRANSITION MOVING -> EMERGENCY_STOP (intent=STOP)
05:18:02.686 [AMR-03] SAFETY_STOP min_obstacle_distance=1.01m <= 1.2m
05:18:02.787 [AMR-03] STATE_TRANSITION EMERGENCY_STOP -> MOVING (intent=MOVE)
05:18:02.889 [AMR-03] STATE_TRANSITION MOVING -> EMERGENCY_STOP (intent=STOP)
05:18:02.889 [AMR-03] SAFETY_STOP min_obstacle_distance=1.05m <= 1.2m
05:18:02.990 [AMR-03] STATE_TRANSITION EMERGENCY_STOP -> MOVING (intent=MOVE)
05:18:03.092 [AMR-03] STATE_TRANSITION MOVING -> EMERGENCY_STOP (intent=STOP)
05:18:03.092 [AMR-03] SAFETY_STOP min_obstacle_distance=1.10m <= 1.2m
05:18:03.194 [AMR-03] STATE_TRANSITION EMERGENCY_STOP -> MOVING (intent=MOVE)
05:18:03.295 [AMR-03] STATE_TRANSITION MOVING -> EMERGENCY_STOP (intent=STOP)
05:18:03.295 [AMR-03] SAFETY_STOP min_obstacle_distance=1.07m <= 1.2m
05:18:03.397 [AMR-03] STATE_TRANSITION EMERGENCY_STOP -> MOVING (intent=MOVE)
05:18:03.497 [AMR-03] STATE_TRANSITION MOVING -> EMERGENCY_STOP (intent=STOP)
05:18:03.497 [AMR-03] SAFETY_STOP min_obstacle_distance=1.00m <= 1.2m
05:18:03.599 [AMR-03] STATE_TRANSITION EMERGENCY_STOP -> MOVING (intent=MOVE)
05:18:03.700 [AMR-03] STATE_TRANSITION MOVING -> EMERGENCY_STOP (intent=STOP)
05:18:03.701 [AMR-03] SAFETY_STOP min_obstacle_distance=1.01m <= 1.2m
05:18:03.802 [AMR-03] STATE_TRANSITION EMERGENCY_STOP -> MOVING (intent=MOVE)
05:18:03.904 [AMR-03] STATE_TRANSITION MOVING -> EMERGENCY_STOP (intent=STOP)
05:18:03.904 [AMR-03] SAFETY_STOP min_obstacle_distance=1.05m <= 1.2m
05:18:04.006 [AMR-03] STATE_TRANSITION EMERGENCY_STOP -> MOVING (intent=MOVE)
05:18:04.107 [AMR-03] STATE_TRANSITION MOVING -> EMERGENCY_STOP (intent=STOP)
05:18:04.107 [AMR-03] SAFETY_STOP min_obstacle_distance=1.10m <= 1.2m
05:18:04.208 [AMR-03] STATE_TRANSITION EMERGENCY_STOP -> MOVING (intent=MOVE)
05:18:04.309 [AMR-03] STATE_TRANSITION MOVING -> EMERGENCY_STOP (intent=STOP)
05:18:04.309 [AMR-03] SAFETY_STOP min_obstacle_distance=1.07m <= 1.2m
05:18:04.411 [AMR-03] STATE_TRANSITION EMERGENCY_STOP -> MOVING (intent=MOVE)
05:18:04.512 [AMR-03] STATE_TRANSITION MOVING -> EMERGENCY_STOP (intent=STOP)
05:18:04.512 [AMR-03] SAFETY_STOP min_obstacle_distance=1.03m <= 1.2m
05:18:04.612 [AMR-03] STATE_TRANSITION EMERGENCY_STOP -> MOVING (intent=MOVE)
05:18:04.714 [AMR-03] STATE_TRANSITION MOVING -> EMERGENCY_STOP (intent=STOP)
05:18:04.715 [AMR-03] SAFETY_STOP min_obstacle_distance=1.01m <= 1.2m
05:18:04.816 [AMR-03] STATE_TRANSITION EMERGENCY_STOP -> MOVING (intent=MOVE)
05:18:04.918 [AMR-03] STATE_TRANSITION MOVING -> EMERGENCY_STOP (intent=STOP)
05:18:04.918 [AMR-03] SAFETY_STOP min_obstacle_distance=1.05m <= 1.2m
05:18:05.019 [AMR-03] STATE_TRANSITION EMERGENCY_STOP -> MOVING (intent=MOVE)
05:18:05.120 [AMR-03] STATE_TRANSITION MOVING -> EMERGENCY_STOP (intent=STOP)
05:18:05.120 [AMR-03] SAFETY_STOP min_obstacle_distance=1.10m <= 1.2m
05:18:05.223 [AMR-03] STATE_TRANSITION EMERGENCY_STOP -> MOVING (intent=MOVE)
05:18:05.324 [AMR-03] STATE_TRANSITION MOVING -> EMERGENCY_STOP (intent=STOP)
05:18:05.324 [AMR-03] SAFETY_STOP min_obstacle_distance=1.07m <= 1.2m
05:18:05.426 [AMR-03] STATE_TRANSITION EMERGENCY_STOP -> MOVING (intent=MOVE)
05:18:05.525 [AMR-03] STATE_TRANSITION MOVING -> EMERGENCY_STOP (intent=STOP)
05:18:05.525 [AMR-03] SAFETY_STOP min_obstacle_distance=1.00m <= 1.2m
05:18:05.628 [AMR-03] STATE_TRANSITION EMERGENCY_STOP -> MOVING (intent=MOVE)
05:18:05.728 [AMR-03] STATE_TRANSITION MOVING -> EMERGENCY_STOP (intent=STOP)
05:18:05.728 [AMR-03] SAFETY_STOP min_obstacle_distance=1.01m <= 1.2m
05:18:05.829 [AMR-03] STATE_TRANSITION EMERGENCY_STOP -> MOVING (intent=MOVE)
05:18:05.931 [AMR-03] STATE_TRANSITION MOVING -> EMERGENCY_STOP (intent=STOP)
05:18:05.931 [AMR-03] SAFETY_STOP min_obstacle_distance=1.05m <= 1.2m
05:18:06.033 [AMR-03] STATE_TRANSITION EMERGENCY_STOP -> MOVING (intent=MOVE)
05:18:06.134 [AMR-03] STATE_TRANSITION MOVING -> EMERGENCY_STOP (intent=STOP)
05:18:06.134 [AMR-03] SAFETY_STOP min_obstacle_distance=1.10m <= 1.2m
05:18:06.235 [AMR-03] STATE_TRANSITION EMERGENCY_STOP -> MOVING (intent=MOVE)
05:18:06.337 [AMR-03] STATE_TRANSITION MOVING -> EMERGENCY_STOP (intent=STOP)
05:18:06.337 [AMR-03] SAFETY_STOP min_obstacle_distance=1.07m <= 1.2m
05:18:06.439 [AMR-03] STATE_TRANSITION EMERGENCY_STOP -> MOVING (intent=MOVE)
05:18:06.539 [AMR-03] STATE_TRANSITION MOVING -> EMERGENCY_STOP (intent=STOP)
05:18:06.539 [AMR-03] SAFETY_STOP min_obstacle_distance=1.00m <= 1.2m
05:18:06.641 [AMR-03] STATE_TRANSITION EMERGENCY_STOP -> MOVING (intent=MOVE)
05:18:06.742 [AMR-03] STATE_TRANSITION MOVING -> EMERGENCY_STOP (intent=STOP)
05:18:06.742 [AMR-03] SAFETY_STOP min_obstacle_distance=1.01m <= 1.2m
05:18:06.844 [AMR-03] STATE_TRANSITION EMERGENCY_STOP -> MOVING (intent=MOVE)
05:18:06.945 [AMR-03] STATE_TRANSITION MOVING -> EMERGENCY_STOP (intent=STOP)
05:18:06.945 [AMR-03] SAFETY_STOP min_obstacle_distance=1.05m <= 1.2m
05:18:07.047 [AMR-03] STATE_TRANSITION EMERGENCY_STOP -> MOVING (intent=MOVE)
05:18:07.149 [AMR-03] STATE_TRANSITION MOVING -> EMERGENCY_STOP (intent=STOP)
05:18:07.149 [AMR-03] SAFETY_STOP min_obstacle_distance=1.10m <= 1.2m
05:18:07.250 [AMR-03] STATE_TRANSITION EMERGENCY_STOP -> MOVING (intent=MOVE)
05:18:07.351 [AMR-03] STATE_TRANSITION MOVING -> EMERGENCY_STOP (intent=STOP)
05:18:07.351 [AMR-03] SAFETY_STOP min_obstacle_distance=1.07m <= 1.2m
05:18:07.453 [AMR-03] STATE_TRANSITION EMERGENCY_STOP -> MOVING (intent=MOVE)
05:18:07.552 [AMR-03] STATE_TRANSITION MOVING -> EMERGENCY_STOP (intent=STOP)
05:18:07.552 [AMR-03] SAFETY_STOP min_obstacle_distance=1.00m <= 1.2m
05:18:07.656 [AMR-03] STATE_TRANSITION EMERGENCY_STOP -> MOVING (intent=MOVE)
05:18:07.757 [AMR-03] STATE_TRANSITION MOVING -> EMERGENCY_STOP (intent=STOP)
05:18:07.757 [AMR-03] SAFETY_STOP min_obstacle_distance=1.01m <= 1.2m
05:18:07.858 [AMR-03] STATE_TRANSITION EMERGENCY_STOP -> MOVING (intent=MOVE)
05:18:07.958 [AMR-03] STATE_TRANSITION MOVING -> EMERGENCY_STOP (intent=STOP)
05:18:07.958 [AMR-03] SAFETY_STOP min_obstacle_distance=1.05m <= 1.2m
05:18:08.059 [AMR-03] STATE_TRANSITION EMERGENCY_STOP -> MOVING (intent=MOVE)
05:18:08.159 [AMR-03] STATE_TRANSITION MOVING -> EMERGENCY_STOP (intent=STOP)
05:18:08.159 [AMR-03] SAFETY_STOP min_obstacle_distance=1.10m <= 1.2m
05:18:08.259 [AMR-03] STATE_TRANSITION EMERGENCY_STOP -> MOVING (intent=MOVE)
05:18:08.360 [AMR-03] STATE_TRANSITION MOVING -> EMERGENCY_STOP (intent=STOP)
05:18:08.360 [AMR-03] SAFETY_STOP min_obstacle_distance=1.07m <= 1.2m
05:18:08.461 [AMR-03] STATE_TRANSITION EMERGENCY_STOP -> MOVING (intent=MOVE)
05:18:08.561 [AMR-03] STATE_TRANSITION MOVING -> EMERGENCY_STOP (intent=STOP)
05:18:08.561 [AMR-03] SAFETY_STOP min_obstacle_distance=1.00m <= 1.2m
05:18:08.662 [AMR-03] STATE_TRANSITION EMERGENCY_STOP -> MOVING (intent=MOVE)
05:18:08.763 [AMR-03] STATE_TRANSITION MOVING -> EMERGENCY_STOP (intent=STOP)
05:18:08.763 [AMR-03] SAFETY_STOP min_obstacle_distance=1.01m <= 1.2m
05:18:08.864 [AMR-03] STATE_TRANSITION EMERGENCY_STOP -> MOVING (intent=MOVE)
05:18:08.964 [AMR-03] STATE_TRANSITION MOVING -> EMERGENCY_STOP (intent=STOP)
05:18:08.965 [AMR-03] SAFETY_STOP min_obstacle_distance=1.04m <= 1.2m
05:18:09.065 [AMR-03] STATE_TRANSITION EMERGENCY_STOP -> MOVING (intent=MOVE)
05:18:09.166 [AMR-03] STATE_TRANSITION MOVING -> EMERGENCY_STOP (intent=STOP)
05:18:09.166 [AMR-03] SAFETY_STOP min_obstacle_distance=1.10m <= 1.2m
05:18:09.267 [AMR-03] STATE_TRANSITION EMERGENCY_STOP -> MOVING (intent=MOVE)
05:18:09.368 [AMR-03] STATE_TRANSITION MOVING -> EMERGENCY_STOP (intent=STOP)
05:18:09.369 [AMR-03] SAFETY_STOP min_obstacle_distance=1.08m <= 1.2m
05:18:09.469 [AMR-03] STATE_TRANSITION EMERGENCY_STOP -> MOVING (intent=MOVE)
05:18:09.569 [AMR-03] STATE_TRANSITION MOVING -> EMERGENCY_STOP (intent=STOP)
05:18:09.569 [AMR-03] SAFETY_STOP min_obstacle_distance=1.00m <= 1.2m
05:18:09.669 [AMR-03] STATE_TRANSITION EMERGENCY_STOP -> MOVING (intent=MOVE)
05:18:09.770 [AMR-03] STATE_TRANSITION MOVING -> EMERGENCY_STOP (intent=STOP)
05:18:09.770 [AMR-03] SAFETY_STOP min_obstacle_distance=1.01m <= 1.2m
05:18:09.870 [AMR-03] STATE_TRANSITION EMERGENCY_STOP -> MOVING (intent=MOVE)
05:18:09.970 [AMR-03] STATE_TRANSITION MOVING -> EMERGENCY_STOP (intent=STOP)
05:18:09.970 [AMR-03] SAFETY_STOP min_obstacle_distance=1.04m <= 1.2m
05:18:10.071 [AMR-03] STATE_TRANSITION EMERGENCY_STOP -> MOVING (intent=MOVE)
05:18:10.172 [AMR-03] STATE_TRANSITION MOVING -> EMERGENCY_STOP (intent=STOP)
05:18:10.172 [AMR-03] SAFETY_STOP min_obstacle_distance=1.10m <= 1.2m
05:18:10.273 [AMR-03] STATE_TRANSITION EMERGENCY_STOP -> MOVING (intent=MOVE)
05:18:10.373 [AMR-03] STATE_TRANSITION MOVING -> EMERGENCY_STOP (intent=STOP)
05:18:10.373 [AMR-03] SAFETY_STOP min_obstacle_distance=1.08m <= 1.2m
05:18:10.474 [AMR-03] STATE_TRANSITION EMERGENCY_STOP -> MOVING (intent=MOVE)
05:18:10.574 [AMR-03] STATE_TRANSITION MOVING -> EMERGENCY_STOP (intent=STOP)
05:18:10.574 [AMR-03] SAFETY_STOP min_obstacle_distance=1.00m <= 1.2m
05:18:10.675 [AMR-03] STATE_TRANSITION EMERGENCY_STOP -> MOVING (intent=MOVE)
05:18:10.776 [AMR-03] STATE_TRANSITION MOVING -> EMERGENCY_STOP (intent=STOP)
05:18:10.776 [AMR-03] SAFETY_STOP min_obstacle_distance=1.01m <= 1.2m
05:18:10.877 [AMR-03] STATE_TRANSITION EMERGENCY_STOP -> MOVING (intent=MOVE)
05:18:10.978 [AMR-03] STATE_TRANSITION MOVING -> EMERGENCY_STOP (intent=STOP)
05:18:10.978 [AMR-03] SAFETY_STOP min_obstacle_distance=1.04m <= 1.2m
05:18:11.079 [AMR-03] STATE_TRANSITION EMERGENCY_STOP -> MOVING (intent=MOVE)
05:18:11.179 [AMR-03] STATE_TRANSITION MOVING -> EMERGENCY_STOP (intent=STOP)
05:18:11.179 [AMR-03] SAFETY_STOP min_obstacle_distance=1.10m <= 1.2m
05:18:11.279 [AMR-03] STATE_TRANSITION EMERGENCY_STOP -> MOVING (intent=MOVE)
05:18:11.379 [AMR-03] STATE_TRANSITION MOVING -> EMERGENCY_STOP (intent=STOP)
05:18:11.379 [AMR-03] SAFETY_STOP min_obstacle_distance=1.08m <= 1.2m
05:18:11.481 [AMR-03] STATE_TRANSITION EMERGENCY_STOP -> MOVING (intent=MOVE)
05:18:11.581 [AMR-03] STATE_TRANSITION MOVING -> EMERGENCY_STOP (intent=STOP)
05:18:11.581 [AMR-03] SAFETY_STOP min_obstacle_distance=1.00m <= 1.2m
05:18:11.681 [AMR-03] STATE_TRANSITION EMERGENCY_STOP -> MOVING (intent=MOVE)
05:18:11.782 [AMR-03] STATE_TRANSITION MOVING -> EMERGENCY_STOP (intent=STOP)
05:18:11.782 [AMR-03] SAFETY_STOP min_obstacle_distance=1.01m <= 1.2m
05:18:11.883 [AMR-03] STATE_TRANSITION EMERGENCY_STOP -> MOVING (intent=MOVE)
05:18:11.984 [AMR-03] STATE_TRANSITION MOVING -> EMERGENCY_STOP (intent=STOP)
05:18:11.984 [AMR-03] SAFETY_STOP min_obstacle_distance=1.04m <= 1.2m
05:18:12.086 [AMR-03] STATE_TRANSITION EMERGENCY_STOP -> MOVING (intent=MOVE)
05:18:12.186 [AMR-03] STATE_TRANSITION MOVING -> EMERGENCY_STOP (intent=STOP)
05:18:12.186 [AMR-03] SAFETY_STOP min_obstacle_distance=1.10m <= 1.2m
05:18:12.287 [AMR-03] STATE_TRANSITION EMERGENCY_STOP -> MOVING (intent=MOVE)
05:18:12.387 [AMR-03] STATE_TRANSITION MOVING -> EMERGENCY_STOP (intent=STOP)
05:18:12.387 [AMR-03] SAFETY_STOP min_obstacle_distance=1.08m <= 1.2m
05:18:12.488 [AMR-03] STATE_TRANSITION EMERGENCY_STOP -> MOVING (intent=MOVE)
05:18:12.588 [AMR-03] STATE_TRANSITION MOVING -> EMERGENCY_STOP (intent=STOP)
05:18:12.588 [AMR-03] SAFETY_STOP min_obstacle_distance=1.00m <= 1.2m
05:18:12.688 [AMR-03] STATE_TRANSITION EMERGENCY_STOP -> MOVING (intent=MOVE)
05:18:12.789 [AMR-03] STATE_TRANSITION MOVING -> EMERGENCY_STOP (intent=STOP)
05:18:12.789 [AMR-03] SAFETY_STOP min_obstacle_distance=1.01m <= 1.2m
05:18:12.890 [AMR-03] STATE_TRANSITION EMERGENCY_STOP -> MOVING (intent=MOVE)
05:18:12.990 [AMR-03] STATE_TRANSITION MOVING -> EMERGENCY_STOP (intent=STOP)
05:18:12.990 [AMR-03] SAFETY_STOP min_obstacle_distance=1.04m <= 1.2m
05:18:13.092 [AMR-03] STATE_TRANSITION EMERGENCY_STOP -> MOVING (intent=MOVE)
05:18:13.192 [AMR-03] STATE_TRANSITION MOVING -> EMERGENCY_STOP (intent=STOP)
05:18:13.192 [AMR-03] SAFETY_STOP min_obstacle_distance=1.10m <= 1.2m
05:18:13.293 [AMR-03] STATE_TRANSITION EMERGENCY_STOP -> MOVING (intent=MOVE)
05:18:13.393 [AMR-03] STATE_TRANSITION MOVING -> EMERGENCY_STOP (intent=STOP)
05:18:13.393 [AMR-03] SAFETY_STOP min_obstacle_distance=1.08m <= 1.2m
05:18:13.493 [AMR-03] STATE_TRANSITION EMERGENCY_STOP -> MOVING (intent=MOVE)
05:18:13.594 [AMR-03] STATE_TRANSITION MOVING -> EMERGENCY_STOP (intent=STOP)
05:18:13.594 [AMR-03] SAFETY_STOP min_obstacle_distance=1.01m <= 1.2m
05:18:13.694 [AMR-03] STATE_TRANSITION EMERGENCY_STOP -> MOVING (intent=MOVE)
05:18:13.795 [AMR-03] STATE_TRANSITION MOVING -> EMERGENCY_STOP (intent=STOP)
05:18:13.795 [AMR-03] SAFETY_STOP min_obstacle_distance=1.04m <= 1.2m
05:18:13.897 [AMR-03] STATE_TRANSITION EMERGENCY_STOP -> MOVING (intent=MOVE)
05:18:13.997 [AMR-03] STATE_TRANSITION MOVING -> EMERGENCY_STOP (intent=STOP)
05:18:13.997 [AMR-03] SAFETY_STOP min_obstacle_distance=1.10m <= 1.2m
05:18:14.098 [AMR-03] STATE_TRANSITION EMERGENCY_STOP -> MOVING (intent=MOVE)
05:18:14.199 [AMR-03] STATE_TRANSITION MOVING -> EMERGENCY_STOP (intent=STOP)
05:18:14.199 [AMR-03] SAFETY_STOP min_obstacle_distance=1.08m <= 1.2m
05:18:14.300 [AMR-03] STATE_TRANSITION EMERGENCY_STOP -> MOVING (intent=MOVE)
05:18:14.400 [AMR-03] STATE_TRANSITION MOVING -> EMERGENCY_STOP (intent=STOP)
05:18:14.400 [AMR-03] SAFETY_STOP min_obstacle_distance=1.03m <= 1.2m
05:18:14.501 [AMR-03] STATE_TRANSITION EMERGENCY_STOP -> MOVING (intent=MOVE)
05:18:14.601 [AMR-03] STATE_TRANSITION MOVING -> EMERGENCY_STOP (intent=STOP)
05:18:14.601 [AMR-03] SAFETY_STOP min_obstacle_distance=1.00m <= 1.2m
05:18:14.702 [AMR-03] STATE_TRANSITION EMERGENCY_STOP -> MOVING (intent=MOVE)
05:18:14.803 [AMR-03] STATE_TRANSITION MOVING -> EMERGENCY_STOP (intent=STOP)
05:18:14.803 [AMR-03] SAFETY_STOP min_obstacle_distance=1.01m <= 1.2m
05:18:14.905 [AMR-03] STATE_TRANSITION EMERGENCY_STOP -> MOVING (intent=MOVE)
05:18:15.006 [AMR-03] STATE_TRANSITION MOVING -> EMERGENCY_STOP (intent=STOP)
05:18:15.006 [AMR-03] SAFETY_STOP min_obstacle_distance=1.04m <= 1.2m
05:18:15.107 [AMR-03] STATE_TRANSITION EMERGENCY_STOP -> MOVING (intent=MOVE)
05:18:15.208 [AMR-03] STATE_TRANSITION MOVING -> EMERGENCY_STOP (intent=STOP)
05:18:15.208 [AMR-03] SAFETY_STOP min_obstacle_distance=1.10m <= 1.2m
05:18:15.309 [AMR-03] STATE_TRANSITION EMERGENCY_STOP -> MOVING (intent=MOVE)
05:18:15.409 [AMR-03] STATE_TRANSITION MOVING -> EMERGENCY_STOP (intent=STOP)
05:18:15.409 [AMR-03] SAFETY_STOP min_obstacle_distance=1.07m <= 1.2m
05:18:15.509 [AMR-03] STATE_TRANSITION EMERGENCY_STOP -> MOVING (intent=MOVE)
05:18:15.610 [AMR-03] STATE_TRANSITION MOVING -> EMERGENCY_STOP (intent=STOP)
05:18:15.610 [AMR-03] SAFETY_STOP min_obstacle_distance=1.01m <= 1.2m
05:18:15.711 [AMR-03] STATE_TRANSITION EMERGENCY_STOP -> MOVING (intent=MOVE)
05:18:15.812 [AMR-03] STATE_TRANSITION MOVING -> EMERGENCY_STOP (intent=STOP)
05:18:15.812 [AMR-03] SAFETY_STOP min_obstacle_distance=1.04m <= 1.2m
05:18:15.912 [AMR-03] STATE_TRANSITION EMERGENCY_STOP -> MOVING (intent=MOVE)
05:18:16.013 [AMR-03] STATE_TRANSITION MOVING -> EMERGENCY_STOP (intent=STOP)
05:18:16.013 [AMR-03] SAFETY_STOP min_obstacle_distance=1.10m <= 1.2m
05:18:16.114 [AMR-03] STATE_TRANSITION EMERGENCY_STOP -> MOVING (intent=MOVE)
05:18:16.214 [AMR-03] STATE_TRANSITION MOVING -> EMERGENCY_STOP (intent=STOP)
05:18:16.214 [AMR-03] SAFETY_STOP min_obstacle_distance=1.08m <= 1.2m
05:18:16.315 [AMR-03] STATE_TRANSITION EMERGENCY_STOP -> MOVING (intent=MOVE)
05:18:16.416 [AMR-03] STATE_TRANSITION MOVING -> EMERGENCY_STOP (intent=STOP)
05:18:16.416 [AMR-03] SAFETY_STOP min_obstacle_distance=1.03m <= 1.2m
05:18:16.516 [AMR-03] STATE_TRANSITION EMERGENCY_STOP -> MOVING (intent=MOVE)
05:18:16.616 [AMR-03] STATE_TRANSITION MOVING -> EMERGENCY_STOP (intent=STOP)
05:18:16.617 [AMR-03] SAFETY_STOP min_obstacle_distance=1.00m <= 1.2m
05:18:16.717 [AMR-03] STATE_TRANSITION EMERGENCY_STOP -> MOVING (intent=MOVE)
05:18:16.818 [AMR-03] STATE_TRANSITION MOVING -> EMERGENCY_STOP (intent=STOP)
05:18:16.818 [AMR-03] SAFETY_STOP min_obstacle_distance=1.01m <= 1.2m
05:18:16.919 [AMR-03] STATE_TRANSITION EMERGENCY_STOP -> MOVING (intent=MOVE)
05:18:17.019 [AMR-03] STATE_TRANSITION MOVING -> EMERGENCY_STOP (intent=STOP)
05:18:17.019 [AMR-03] SAFETY_STOP min_obstacle_distance=1.04m <= 1.2m
05:18:17.120 [AMR-03] STATE_TRANSITION EMERGENCY_STOP -> MOVING (intent=MOVE)
05:18:17.220 [AMR-03] STATE_TRANSITION MOVING -> EMERGENCY_STOP (intent=STOP)
05:18:17.220 [AMR-03] SAFETY_STOP min_obstacle_distance=1.10m <= 1.2m
05:18:17.321 [AMR-03] STATE_TRANSITION EMERGENCY_STOP -> MOVING (intent=MOVE)
05:18:17.421 [AMR-03] STATE_TRANSITION MOVING -> EMERGENCY_STOP (intent=STOP)
05:18:17.421 [AMR-03] SAFETY_STOP min_obstacle_distance=1.08m <= 1.2m
05:18:17.523 [AMR-03] STATE_TRANSITION EMERGENCY_STOP -> MOVING (intent=MOVE)
05:18:17.622 [AMR-03] STATE_TRANSITION MOVING -> EMERGENCY_STOP (intent=STOP)
05:18:17.622 [AMR-03] SAFETY_STOP min_obstacle_distance=1.00m <= 1.2m
05:18:17.723 [AMR-03] STATE_TRANSITION EMERGENCY_STOP -> MOVING (intent=MOVE)
05:18:17.823 [AMR-03] STATE_TRANSITION MOVING -> EMERGENCY_STOP (intent=STOP)
05:18:17.823 [AMR-03] SAFETY_STOP min_obstacle_distance=1.01m <= 1.2m
05:18:17.924 [AMR-03] STATE_TRANSITION EMERGENCY_STOP -> MOVING (intent=MOVE)
05:18:18.025 [AMR-03] STATE_TRANSITION MOVING -> EMERGENCY_STOP (intent=STOP)
05:18:18.025 [AMR-03] SAFETY_STOP min_obstacle_distance=1.04m <= 1.2m
05:18:18.126 [AMR-03] STATE_TRANSITION EMERGENCY_STOP -> MOVING (intent=MOVE)
05:18:18.227 [AMR-03] STATE_TRANSITION MOVING -> EMERGENCY_STOP (intent=STOP)
05:18:18.227 [AMR-03] SAFETY_STOP min_obstacle_distance=1.10m <= 1.2m
05:18:18.328 [AMR-03] STATE_TRANSITION EMERGENCY_STOP -> MOVING (intent=MOVE)
05:18:18.428 [AMR-03] STATE_TRANSITION MOVING -> EMERGENCY_STOP (intent=STOP)
05:18:18.428 [AMR-03] SAFETY_STOP min_obstacle_distance=1.08m <= 1.2m
05:18:18.529 [AMR-03] STATE_TRANSITION EMERGENCY_STOP -> MOVING (intent=MOVE)
05:18:18.630 [AMR-03] STATE_TRANSITION MOVING -> EMERGENCY_STOP (intent=STOP)
05:18:18.630 [AMR-03] SAFETY_STOP min_obstacle_distance=1.01m <= 1.2m
05:18:18.730 [AMR-03] STATE_TRANSITION EMERGENCY_STOP -> MOVING (intent=MOVE)
05:18:18.831 [AMR-03] STATE_TRANSITION MOVING -> EMERGENCY_STOP (intent=STOP)
05:18:18.831 [AMR-03] SAFETY_STOP min_obstacle_distance=1.04m <= 1.2m
05:18:18.931 [AMR-03] STATE_TRANSITION EMERGENCY_STOP -> MOVING (intent=MOVE)
05:18:19.032 [AMR-03] STATE_TRANSITION MOVING -> EMERGENCY_STOP (intent=STOP)
05:18:19.032 [AMR-03] SAFETY_STOP min_obstacle_distance=1.10m <= 1.2m
05:18:19.133 [AMR-03] STATE_TRANSITION EMERGENCY_STOP -> MOVING (intent=MOVE)
05:18:19.233 [AMR-03] STATE_TRANSITION MOVING -> EMERGENCY_STOP (intent=STOP)
05:18:19.234 [AMR-03] SAFETY_STOP min_obstacle_distance=1.08m <= 1.2m
05:18:19.334 [AMR-03] STATE_TRANSITION EMERGENCY_STOP -> MOVING (intent=MOVE)
05:18:19.435 [AMR-03] STATE_TRANSITION MOVING -> EMERGENCY_STOP (intent=STOP)
05:18:19.435 [AMR-03] SAFETY_STOP min_obstacle_distance=1.03m <= 1.2m
05:18:19.535 [AMR-03] STATE_TRANSITION EMERGENCY_STOP -> MOVING (intent=MOVE)
05:18:19.635 [AMR-03] STATE_TRANSITION MOVING -> EMERGENCY_STOP (intent=STOP)
05:18:19.636 [AMR-03] SAFETY_STOP min_obstacle_distance=1.01m <= 1.2m
05:18:19.736 [AMR-03] STATE_TRANSITION EMERGENCY_STOP -> MOVING (intent=MOVE)
05:18:19.837 [AMR-03] STATE_TRANSITION MOVING -> EMERGENCY_STOP (intent=STOP)
05:18:19.837 [AMR-03] SAFETY_STOP min_obstacle_distance=1.04m <= 1.2m
05:18:19.938 [AMR-03] STATE_TRANSITION EMERGENCY_STOP -> MOVING (intent=MOVE)
05:18:20.039 [AMR-03] STATE_TRANSITION MOVING -> EMERGENCY_STOP (intent=STOP)
05:18:20.039 [AMR-03] SAFETY_STOP min_obstacle_distance=1.10m <= 1.2m
05:18:20.139 [AMR-03] STATE_TRANSITION EMERGENCY_STOP -> MOVING (intent=MOVE)
05:18:20.241 [AMR-03] STATE_TRANSITION MOVING -> EMERGENCY_STOP (intent=STOP)
05:18:20.241 [AMR-03] SAFETY_STOP min_obstacle_distance=1.08m <= 1.2m
05:18:20.341 [AMR-03] STATE_TRANSITION EMERGENCY_STOP -> MOVING (intent=MOVE)
05:18:20.442 [AMR-03] STATE_TRANSITION MOVING -> EMERGENCY_STOP (intent=STOP)
05:18:20.442 [AMR-03] SAFETY_STOP min_obstacle_distance=1.03m <= 1.2m
05:18:20.543 [AMR-03] STATE_TRANSITION EMERGENCY_STOP -> MOVING (intent=MOVE)
05:18:20.643 [AMR-03] STATE_TRANSITION MOVING -> EMERGENCY_STOP (intent=STOP)
05:18:20.643 [AMR-03] SAFETY_STOP min_obstacle_distance=1.01m <= 1.2m
05:18:20.743 [AMR-03] STATE_TRANSITION EMERGENCY_STOP -> MOVING (intent=MOVE)
05:18:20.844 [AMR-03] STATE_TRANSITION MOVING -> EMERGENCY_STOP (intent=STOP)
05:18:20.844 [AMR-03] SAFETY_STOP min_obstacle_distance=1.04m <= 1.2m
05:18:20.945 [AMR-03] STATE_TRANSITION EMERGENCY_STOP -> MOVING (intent=MOVE)
05:18:21.046 [AMR-03] STATE_TRANSITION MOVING -> EMERGENCY_STOP (intent=STOP)
05:18:21.046 [AMR-03] SAFETY_STOP min_obstacle_distance=1.10m <= 1.2m
05:18:21.147 [AMR-03] STATE_TRANSITION EMERGENCY_STOP -> MOVING (intent=MOVE)
05:18:21.246 [AMR-03] STATE_TRANSITION MOVING -> EMERGENCY_STOP (intent=STOP)
05:18:21.247 [AMR-03] SAFETY_STOP min_obstacle_distance=1.08m <= 1.2m
05:18:21.347 [AMR-03] STATE_TRANSITION EMERGENCY_STOP -> MOVING (intent=MOVE)
05:18:21.447 [AMR-03] STATE_TRANSITION MOVING -> EMERGENCY_STOP (intent=STOP)
05:18:21.447 [AMR-03] SAFETY_STOP min_obstacle_distance=1.03m <= 1.2m
05:18:21.548 [AMR-03] STATE_TRANSITION EMERGENCY_STOP -> MOVING (intent=MOVE)
05:18:21.649 [AMR-03] STATE_TRANSITION MOVING -> EMERGENCY_STOP (intent=STOP)
05:18:21.649 [AMR-03] SAFETY_STOP min_obstacle_distance=1.01m <= 1.2m
05:18:21.749 [AMR-03] STATE_TRANSITION EMERGENCY_STOP -> MOVING (intent=MOVE)
05:18:21.850 [AMR-03] STATE_TRANSITION MOVING -> EMERGENCY_STOP (intent=STOP)
05:18:21.850 [AMR-03] SAFETY_STOP min_obstacle_distance=1.04m <= 1.2m
05:18:21.951 [AMR-03] STATE_TRANSITION EMERGENCY_STOP -> MOVING (intent=MOVE)
05:18:22.052 [AMR-03] STATE_TRANSITION MOVING -> EMERGENCY_STOP (intent=STOP)
05:18:22.052 [AMR-03] SAFETY_STOP min_obstacle_distance=1.10m <= 1.2m
05:18:22.152 [AMR-03] STATE_TRANSITION EMERGENCY_STOP -> MOVING (intent=MOVE)
05:18:22.253 [AMR-03] STATE_TRANSITION MOVING -> EMERGENCY_STOP (intent=STOP)
05:18:22.253 [AMR-03] SAFETY_STOP min_obstacle_distance=1.08m <= 1.2m
05:18:22.353 [AMR-03] STATE_TRANSITION EMERGENCY_STOP -> MOVING (intent=MOVE)
05:18:22.454 [AMR-03] STATE_TRANSITION MOVING -> EMERGENCY_STOP (intent=STOP)
05:18:22.455 [AMR-03] SAFETY_STOP min_obstacle_distance=1.03m <= 1.2m
05:18:22.555 [AMR-03] STATE_TRANSITION EMERGENCY_STOP -> MOVING (intent=MOVE)
05:18:22.655 [AMR-03] STATE_TRANSITION MOVING -> EMERGENCY_STOP (intent=STOP)
05:18:22.655 [AMR-03] SAFETY_STOP min_obstacle_distance=1.01m <= 1.2m
05:18:22.757 [AMR-03] STATE_TRANSITION EMERGENCY_STOP -> MOVING (intent=MOVE)
05:18:22.857 [AMR-03] STATE_TRANSITION MOVING -> EMERGENCY_STOP (intent=STOP)
05:18:22.858 [AMR-03] SAFETY_STOP min_obstacle_distance=1.04m <= 1.2m
05:18:22.958 [AMR-03] STATE_TRANSITION EMERGENCY_STOP -> MOVING (intent=MOVE)
05:18:23.058 [AMR-03] STATE_TRANSITION MOVING -> EMERGENCY_STOP (intent=STOP)
05:18:23.058 [AMR-03] SAFETY_STOP min_obstacle_distance=1.10m <= 1.2m
05:18:23.159 [AMR-03] STATE_TRANSITION EMERGENCY_STOP -> MOVING (intent=MOVE)
05:18:23.260 [AMR-03] STATE_TRANSITION MOVING -> EMERGENCY_STOP (intent=STOP)
05:18:23.260 [AMR-03] SAFETY_STOP min_obstacle_distance=1.08m <= 1.2m
05:18:23.361 [AMR-03] STATE_TRANSITION EMERGENCY_STOP -> MOVING (intent=MOVE)
05:18:23.461 [AMR-03] STATE_TRANSITION MOVING -> EMERGENCY_STOP (intent=STOP)
05:18:23.461 [AMR-03] SAFETY_STOP min_obstacle_distance=1.03m <= 1.2m
05:18:23.562 [AMR-03] STATE_TRANSITION EMERGENCY_STOP -> MOVING (intent=MOVE)
05:18:23.662 [AMR-03] STATE_TRANSITION MOVING -> EMERGENCY_STOP (intent=STOP)
05:18:23.662 [AMR-03] SAFETY_STOP min_obstacle_distance=1.01m <= 1.2m
05:18:23.763 [AMR-03] STATE_TRANSITION EMERGENCY_STOP -> MOVING (intent=MOVE)
05:18:23.864 [AMR-03] STATE_TRANSITION MOVING -> EMERGENCY_STOP (intent=STOP)
05:18:23.864 [AMR-03] SAFETY_STOP min_obstacle_distance=1.04m <= 1.2m
05:18:23.964 [AMR-03] STATE_TRANSITION EMERGENCY_STOP -> MOVING (intent=MOVE)
05:18:24.064 [AMR-03] STATE_TRANSITION MOVING -> EMERGENCY_STOP (intent=STOP)
05:18:24.064 [AMR-03] SAFETY_STOP min_obstacle_distance=1.10m <= 1.2m
05:18:24.166 [AMR-03] STATE_TRANSITION EMERGENCY_STOP -> MOVING (intent=MOVE)
05:18:24.266 [AMR-03] STATE_TRANSITION MOVING -> EMERGENCY_STOP (intent=STOP)
05:18:24.267 [AMR-03] SAFETY_STOP min_obstacle_distance=1.08m <= 1.2m
05:18:24.368 [AMR-03] STATE_TRANSITION EMERGENCY_STOP -> MOVING (intent=MOVE)
05:18:24.468 [AMR-03] STATE_TRANSITION MOVING -> EMERGENCY_STOP (intent=STOP)
05:18:24.468 [AMR-03] SAFETY_STOP min_obstacle_distance=1.03m <= 1.2m
05:18:24.568 [AMR-03] STATE_TRANSITION EMERGENCY_STOP -> MOVING (intent=MOVE)
05:18:24.669 [AMR-03] STATE_TRANSITION MOVING -> EMERGENCY_STOP (intent=STOP)
05:18:24.669 [AMR-03] SAFETY_STOP min_obstacle_distance=1.01m <= 1.2m
05:18:24.769 [AMR-03] STATE_TRANSITION EMERGENCY_STOP -> MOVING (intent=MOVE)
05:18:24.869 [AMR-03] STATE_TRANSITION MOVING -> EMERGENCY_STOP (intent=STOP)
05:18:24.870 [AMR-03] SAFETY_STOP min_obstacle_distance=1.04m <= 1.2m
05:18:24.970 [AMR-03] STATE_TRANSITION EMERGENCY_STOP -> MOVING (intent=MOVE)
05:18:25.071 [AMR-03] STATE_TRANSITION MOVING -> EMERGENCY_STOP (intent=STOP)
05:18:25.071 [AMR-03] SAFETY_STOP min_obstacle_distance=1.10m <= 1.2m
05:18:25.172 [AMR-03] STATE_TRANSITION EMERGENCY_STOP -> MOVING (intent=MOVE)
05:18:25.273 [AMR-03] STATE_TRANSITION MOVING -> EMERGENCY_STOP (intent=STOP)
05:18:25.273 [AMR-03] SAFETY_STOP min_obstacle_distance=1.08m <= 1.2m
05:18:25.373 [AMR-03] STATE_TRANSITION EMERGENCY_STOP -> MOVING (intent=MOVE)
05:18:25.474 [AMR-03] STATE_TRANSITION MOVING -> EMERGENCY_STOP (intent=STOP)
05:18:25.474 [AMR-03] SAFETY_STOP min_obstacle_distance=1.03m <= 1.2m
05:18:25.575 [AMR-03] STATE_TRANSITION EMERGENCY_STOP -> MOVING (intent=MOVE)
05:18:25.675 [AMR-03] STATE_TRANSITION MOVING -> EMERGENCY_STOP (intent=STOP)
05:18:25.675 [AMR-03] SAFETY_STOP min_obstacle_distance=1.01m <= 1.2m
05:18:25.776 [AMR-03] STATE_TRANSITION EMERGENCY_STOP -> MOVING (intent=MOVE)
05:18:25.877 [AMR-03] STATE_TRANSITION MOVING -> EMERGENCY_STOP (intent=STOP)
05:18:25.877 [AMR-03] SAFETY_STOP min_obstacle_distance=1.04m <= 1.2m
05:18:25.978 [AMR-03] STATE_TRANSITION EMERGENCY_STOP -> MOVING (intent=MOVE)
05:18:26.078 [AMR-03] STATE_TRANSITION MOVING -> EMERGENCY_STOP (intent=STOP)
05:18:26.078 [AMR-03] SAFETY_STOP min_obstacle_distance=1.10m <= 1.2m
05:18:26.180 [AMR-03] STATE_TRANSITION EMERGENCY_STOP -> MOVING (intent=MOVE)
05:18:26.280 [AMR-03] STATE_TRANSITION MOVING -> EMERGENCY_STOP (intent=STOP)
05:18:26.280 [AMR-03] SAFETY_STOP min_obstacle_distance=1.08m <= 1.2m
05:18:26.381 [AMR-03] STATE_TRANSITION EMERGENCY_STOP -> MOVING (intent=MOVE)
05:18:26.482 [AMR-03] STATE_TRANSITION MOVING -> EMERGENCY_STOP (intent=STOP)
05:18:26.482 [AMR-03] SAFETY_STOP min_obstacle_distance=1.03m <= 1.2m
05:18:26.582 [AMR-03] STATE_TRANSITION EMERGENCY_STOP -> MOVING (intent=MOVE)
05:18:26.683 [AMR-03] STATE_TRANSITION MOVING -> EMERGENCY_STOP (intent=STOP)
05:18:26.683 [AMR-03] SAFETY_STOP min_obstacle_distance=1.01m <= 1.2m
05:18:26.785 [AMR-03] STATE_TRANSITION EMERGENCY_STOP -> MOVING (intent=MOVE)
05:18:26.886 [AMR-03] STATE_TRANSITION MOVING -> EMERGENCY_STOP (intent=STOP)
05:18:26.886 [AMR-03] SAFETY_STOP min_obstacle_distance=1.05m <= 1.2m
05:18:26.987 [AMR-03] STATE_TRANSITION EMERGENCY_STOP -> MOVING (intent=MOVE)
05:18:27.089 [AMR-03] STATE_TRANSITION MOVING -> EMERGENCY_STOP (intent=STOP)
05:18:27.089 [AMR-03] SAFETY_STOP min_obstacle_distance=1.10m <= 1.2m
05:18:27.190 [AMR-03] STATE_TRANSITION EMERGENCY_STOP -> MOVING (intent=MOVE)
05:18:27.291 [AMR-03] STATE_TRANSITION MOVING -> EMERGENCY_STOP (intent=STOP)
05:18:27.291 [AMR-03] SAFETY_STOP min_obstacle_distance=1.07m <= 1.2m
05:18:27.392 [AMR-03] STATE_TRANSITION EMERGENCY_STOP -> MOVING (intent=MOVE)
05:18:27.494 [AMR-03] STATE_TRANSITION MOVING -> EMERGENCY_STOP (intent=STOP)
05:18:27.495 [AMR-03] SAFETY_STOP min_obstacle_distance=1.03m <= 1.2m
05:18:27.595 [AMR-03] STATE_TRANSITION EMERGENCY_STOP -> MOVING (intent=MOVE)
05:18:27.696 [AMR-03] STATE_TRANSITION MOVING -> EMERGENCY_STOP (intent=STOP)
05:18:27.696 [AMR-03] SAFETY_STOP min_obstacle_distance=1.01m <= 1.2m
05:18:27.797 [AMR-03] STATE_TRANSITION EMERGENCY_STOP -> MOVING (intent=MOVE)
05:18:27.900 [AMR-03] STATE_TRANSITION MOVING -> EMERGENCY_STOP (intent=STOP)
05:18:27.900 [AMR-03] SAFETY_STOP min_obstacle_distance=1.05m <= 1.2m
05:18:28.000 [AMR-03] STATE_TRANSITION EMERGENCY_STOP -> MOVING (intent=MOVE)
05:18:28.102 [AMR-03] STATE_TRANSITION MOVING -> EMERGENCY_STOP (intent=STOP)
05:18:28.102 [AMR-03] SAFETY_STOP min_obstacle_distance=1.10m <= 1.2m
05:18:28.205 [AMR-03] STATE_TRANSITION EMERGENCY_STOP -> MOVING (intent=MOVE)
05:18:28.305 [AMR-03] STATE_TRANSITION MOVING -> EMERGENCY_STOP (intent=STOP)
05:18:28.305 [AMR-03] SAFETY_STOP min_obstacle_distance=1.07m <= 1.2m
05:18:28.407 [AMR-03] STATE_TRANSITION EMERGENCY_STOP -> MOVING (intent=MOVE)
05:18:28.508 [AMR-03] STATE_TRANSITION MOVING -> EMERGENCY_STOP (intent=STOP)
05:18:28.509 [AMR-03] SAFETY_STOP min_obstacle_distance=1.00m <= 1.2m
05:18:28.608 [AMR-03] STATE_TRANSITION EMERGENCY_STOP -> MOVING (intent=MOVE)
05:18:28.709 [AMR-03] STATE_TRANSITION MOVING -> EMERGENCY_STOP (intent=STOP)
05:18:28.709 [AMR-03] SAFETY_STOP min_obstacle_distance=1.01m <= 1.2m
05:18:28.810 [AMR-03] STATE_TRANSITION EMERGENCY_STOP -> MOVING (intent=MOVE)
05:18:28.911 [AMR-03] STATE_TRANSITION MOVING -> EMERGENCY_STOP (intent=STOP)
05:18:28.911 [AMR-03] SAFETY_STOP min_obstacle_distance=1.04m <= 1.2m
05:18:29.012 [AMR-03] STATE_TRANSITION EMERGENCY_STOP -> MOVING (intent=MOVE)
05:18:29.114 [AMR-03] STATE_TRANSITION MOVING -> EMERGENCY_STOP (intent=STOP)
05:18:29.114 [AMR-03] SAFETY_STOP min_obstacle_distance=1.10m <= 1.2m
05:18:29.217 [AMR-03] STATE_TRANSITION EMERGENCY_STOP -> MOVING (intent=MOVE)
05:18:29.317 [AMR-03] STATE_TRANSITION MOVING -> EMERGENCY_STOP (intent=STOP)
05:18:29.317 [AMR-03] SAFETY_STOP min_obstacle_distance=1.07m <= 1.2m
05:18:29.418 [AMR-03] STATE_TRANSITION EMERGENCY_STOP -> MOVING (intent=MOVE)
05:18:29.519 [AMR-03] STATE_TRANSITION MOVING -> EMERGENCY_STOP (intent=STOP)
05:18:29.519 [AMR-03] SAFETY_STOP min_obstacle_distance=1.03m <= 1.2m
05:18:29.618 [AMR-03] STATE_TRANSITION EMERGENCY_STOP -> MOVING (intent=MOVE)
05:18:29.719 [AMR-03] STATE_TRANSITION MOVING -> EMERGENCY_STOP (intent=STOP)
05:18:29.719 [AMR-03] SAFETY_STOP min_obstacle_distance=1.01m <= 1.2m
05:18:29.820 [AMR-03] STATE_TRANSITION EMERGENCY_STOP -> MOVING (intent=MOVE)
05:18:29.921 [AMR-03] STATE_TRANSITION MOVING -> EMERGENCY_STOP (intent=STOP)
05:18:29.921 [AMR-03] SAFETY_STOP min_obstacle_distance=1.04m <= 1.2m
05:18:30.022 [AMR-03] STATE_TRANSITION EMERGENCY_STOP -> MOVING (intent=MOVE)
05:18:30.123 [AMR-03] STATE_TRANSITION MOVING -> EMERGENCY_STOP (intent=STOP)
05:18:30.123 [AMR-03] SAFETY_STOP min_obstacle_distance=1.10m <= 1.2m
05:18:30.223 [AMR-03] STATE_TRANSITION EMERGENCY_STOP -> MOVING (intent=MOVE)
05:18:30.324 [AMR-03] STATE_TRANSITION MOVING -> EMERGENCY_STOP (intent=STOP)
05:18:30.324 [AMR-03] SAFETY_STOP min_obstacle_distance=1.08m <= 1.2m
05:18:30.424 [AMR-03] STATE_TRANSITION EMERGENCY_STOP -> MOVING (intent=MOVE)
05:18:30.525 [AMR-03] STATE_TRANSITION MOVING -> EMERGENCY_STOP (intent=STOP)
05:18:30.525 [AMR-03] SAFETY_STOP min_obstacle_distance=1.00m <= 1.2m
05:18:30.626 [AMR-03] STATE_TRANSITION EMERGENCY_STOP -> MOVING (intent=MOVE)
05:18:30.727 [AMR-03] STATE_TRANSITION MOVING -> EMERGENCY_STOP (intent=STOP)
05:18:30.727 [AMR-03] SAFETY_STOP min_obstacle_distance=1.01m <= 1.2m
05:18:30.828 [AMR-03] STATE_TRANSITION EMERGENCY_STOP -> MOVING (intent=MOVE)
05:18:30.929 [AMR-03] STATE_TRANSITION MOVING -> EMERGENCY_STOP (intent=STOP)
05:18:30.929 [AMR-03] SAFETY_STOP min_obstacle_distance=1.04m <= 1.2m
05:18:31.030 [AMR-03] STATE_TRANSITION EMERGENCY_STOP -> MOVING (intent=MOVE)
05:18:31.131 [AMR-03] STATE_TRANSITION MOVING -> EMERGENCY_STOP (intent=STOP)
05:18:31.131 [AMR-03] SAFETY_STOP min_obstacle_distance=1.10m <= 1.2m
05:18:31.233 [AMR-03] STATE_TRANSITION EMERGENCY_STOP -> MOVING (intent=MOVE)
05:18:31.334 [AMR-03] STATE_TRANSITION MOVING -> EMERGENCY_STOP (intent=STOP)
05:18:31.334 [AMR-03] SAFETY_STOP min_obstacle_distance=1.07m <= 1.2m
05:18:31.436 [AMR-03] STATE_TRANSITION EMERGENCY_STOP -> MOVING (intent=MOVE)
05:18:31.539 [AMR-03] STATE_TRANSITION MOVING -> EMERGENCY_STOP (intent=STOP)
05:18:31.539 [AMR-03] SAFETY_STOP min_obstacle_distance=1.03m <= 1.2m
05:18:31.637 [AMR-03] STATE_TRANSITION EMERGENCY_STOP -> MOVING (intent=MOVE)
05:18:31.738 [AMR-03] STATE_TRANSITION MOVING -> EMERGENCY_STOP (intent=STOP)
05:18:31.738 [AMR-03] SAFETY_STOP min_obstacle_distance=1.01m <= 1.2m
05:18:31.838 [AMR-03] STATE_TRANSITION EMERGENCY_STOP -> MOVING (intent=MOVE)
05:18:31.940 [AMR-03] STATE_TRANSITION MOVING -> EMERGENCY_STOP (intent=STOP)
05:18:31.940 [AMR-03] SAFETY_STOP min_obstacle_distance=1.04m <= 1.2m
05:18:32.042 [AMR-03] STATE_TRANSITION EMERGENCY_STOP -> MOVING (intent=MOVE)
05:18:32.143 [AMR-03] STATE_TRANSITION MOVING -> EMERGENCY_STOP (intent=STOP)
05:18:32.143 [AMR-03] SAFETY_STOP min_obstacle_distance=1.10m <= 1.2m
05:18:32.245 [AMR-03] STATE_TRANSITION EMERGENCY_STOP -> MOVING (intent=MOVE)
05:18:32.346 [AMR-03] STATE_TRANSITION MOVING -> EMERGENCY_STOP (intent=STOP)
05:18:32.346 [AMR-03] SAFETY_STOP min_obstacle_distance=1.07m <= 1.2m
05:18:32.448 [AMR-03] STATE_TRANSITION EMERGENCY_STOP -> MOVING (intent=MOVE)
05:18:32.549 [AMR-03] STATE_TRANSITION MOVING -> EMERGENCY_STOP (intent=STOP)
05:18:32.549 [AMR-03] SAFETY_STOP min_obstacle_distance=1.00m <= 1.2m
05:18:32.649 [AMR-03] STATE_TRANSITION EMERGENCY_STOP -> MOVING (intent=MOVE)
05:18:32.750 [AMR-03] STATE_TRANSITION MOVING -> EMERGENCY_STOP (intent=STOP)
05:18:32.750 [AMR-03] SAFETY_STOP min_obstacle_distance=1.01m <= 1.2m
05:18:32.851 [AMR-03] STATE_TRANSITION EMERGENCY_STOP -> MOVING (intent=MOVE)
05:18:32.952 [AMR-03] STATE_TRANSITION MOVING -> EMERGENCY_STOP (intent=STOP)
05:18:32.953 [AMR-03] SAFETY_STOP min_obstacle_distance=1.04m <= 1.2m
05:18:33.054 [AMR-03] STATE_TRANSITION EMERGENCY_STOP -> MOVING (intent=MOVE)
05:18:33.155 [AMR-03] STATE_TRANSITION MOVING -> EMERGENCY_STOP (intent=STOP)
05:18:33.155 [AMR-03] SAFETY_STOP min_obstacle_distance=1.10m <= 1.2m
05:18:33.257 [AMR-03] STATE_TRANSITION EMERGENCY_STOP -> MOVING (intent=MOVE)
05:18:33.356 [AMR-03] STATE_TRANSITION MOVING -> EMERGENCY_STOP (intent=STOP)
05:18:33.356 [AMR-03] SAFETY_STOP min_obstacle_distance=1.07m <= 1.2m
05:18:33.459 [AMR-03] STATE_TRANSITION EMERGENCY_STOP -> MOVING (intent=MOVE)
05:18:33.558 [AMR-03] STATE_TRANSITION MOVING -> EMERGENCY_STOP (intent=STOP)
05:18:33.558 [AMR-03] SAFETY_STOP min_obstacle_distance=1.00m <= 1.2m
05:18:33.659 [AMR-03] STATE_TRANSITION EMERGENCY_STOP -> MOVING (intent=MOVE)
05:18:33.760 [AMR-03] STATE_TRANSITION MOVING -> EMERGENCY_STOP (intent=STOP)
05:18:33.760 [AMR-03] SAFETY_STOP min_obstacle_distance=1.01m <= 1.2m
05:18:33.862 [AMR-03] STATE_TRANSITION EMERGENCY_STOP -> MOVING (intent=MOVE)
05:18:33.963 [AMR-03] STATE_TRANSITION MOVING -> EMERGENCY_STOP (intent=STOP)
05:18:33.963 [AMR-03] SAFETY_STOP min_obstacle_distance=1.04m <= 1.2m
05:18:34.065 [AMR-03] STATE_TRANSITION EMERGENCY_STOP -> MOVING (intent=MOVE)
05:18:34.166 [AMR-03] STATE_TRANSITION MOVING -> EMERGENCY_STOP (intent=STOP)
05:18:34.166 [AMR-03] SAFETY_STOP min_obstacle_distance=1.10m <= 1.2m
05:18:34.268 [AMR-03] STATE_TRANSITION EMERGENCY_STOP -> MOVING (intent=MOVE)
05:18:34.369 [AMR-03] STATE_TRANSITION MOVING -> EMERGENCY_STOP (intent=STOP)
05:18:34.369 [AMR-03] SAFETY_STOP min_obstacle_distance=1.07m <= 1.2m
05:18:34.469 [AMR-03] STATE_TRANSITION EMERGENCY_STOP -> MOVING (intent=MOVE)
05:18:34.570 [AMR-03] STATE_TRANSITION MOVING -> EMERGENCY_STOP (intent=STOP)
05:18:34.570 [AMR-03] SAFETY_STOP min_obstacle_distance=1.00m <= 1.2m
05:18:34.671 [AMR-03] STATE_TRANSITION EMERGENCY_STOP -> MOVING (intent=MOVE)
05:18:34.771 [AMR-03] STATE_TRANSITION MOVING -> EMERGENCY_STOP (intent=STOP)
05:18:34.771 [AMR-03] SAFETY_STOP min_obstacle_distance=1.01m <= 1.2m
05:18:34.871 [AMR-03] STATE_TRANSITION EMERGENCY_STOP -> MOVING (intent=MOVE)
05:18:34.972 [AMR-03] STATE_TRANSITION MOVING -> EMERGENCY_STOP (intent=STOP)
05:18:34.972 [AMR-03] SAFETY_STOP min_obstacle_distance=1.04m <= 1.2m
05:18:35.073 [AMR-03] STATE_TRANSITION EMERGENCY_STOP -> MOVING (intent=MOVE)
05:18:35.173 [AMR-03] STATE_TRANSITION MOVING -> EMERGENCY_STOP (intent=STOP)
05:18:35.173 [AMR-03] SAFETY_STOP min_obstacle_distance=1.10m <= 1.2m
05:18:35.273 [AMR-03] STATE_TRANSITION EMERGENCY_STOP -> MOVING (intent=MOVE)
05:18:35.375 [AMR-03] STATE_TRANSITION MOVING -> EMERGENCY_STOP (intent=STOP)
05:18:35.375 [AMR-03] SAFETY_STOP min_obstacle_distance=1.08m <= 1.2m
05:18:35.475 [AMR-03] STATE_TRANSITION EMERGENCY_STOP -> MOVING (intent=MOVE)
05:18:35.576 [AMR-03] STATE_TRANSITION MOVING -> EMERGENCY_STOP (intent=STOP)
05:18:35.576 [AMR-03] SAFETY_STOP min_obstacle_distance=1.00m <= 1.2m
05:18:35.676 [AMR-03] STATE_TRANSITION EMERGENCY_STOP -> MOVING (intent=MOVE)
05:18:35.776 [AMR-03] STATE_TRANSITION MOVING -> EMERGENCY_STOP (intent=STOP)
05:18:35.776 [AMR-03] SAFETY_STOP min_obstacle_distance=1.01m <= 1.2m
05:18:35.878 [AMR-03] STATE_TRANSITION EMERGENCY_STOP -> MOVING (intent=MOVE)
05:18:35.980 [AMR-03] STATE_TRANSITION MOVING -> EMERGENCY_STOP (intent=STOP)
05:18:35.980 [AMR-03] SAFETY_STOP min_obstacle_distance=1.04m <= 1.2m
05:18:36.080 [AMR-03] STATE_TRANSITION EMERGENCY_STOP -> MOVING (intent=MOVE)
05:18:36.182 [AMR-03] STATE_TRANSITION MOVING -> EMERGENCY_STOP (intent=STOP)
05:18:36.182 [AMR-03] SAFETY_STOP min_obstacle_distance=1.10m <= 1.2m
05:18:36.282 [AMR-03] STATE_TRANSITION EMERGENCY_STOP -> MOVING (intent=MOVE)
05:18:36.384 [AMR-03] STATE_TRANSITION MOVING -> EMERGENCY_STOP (intent=STOP)
05:18:36.384 [AMR-03] SAFETY_STOP min_obstacle_distance=1.08m <= 1.2m
05:18:36.485 [AMR-03] STATE_TRANSITION EMERGENCY_STOP -> MOVING (intent=MOVE)
05:18:36.586 [AMR-03] STATE_TRANSITION MOVING -> EMERGENCY_STOP (intent=STOP)
05:18:36.586 [AMR-03] SAFETY_STOP min_obstacle_distance=1.01m <= 1.2m
05:18:36.687 [AMR-03] STATE_TRANSITION EMERGENCY_STOP -> MOVING (intent=MOVE)
05:18:36.789 [AMR-03] STATE_TRANSITION MOVING -> EMERGENCY_STOP (intent=STOP)
05:18:36.789 [AMR-03] SAFETY_STOP min_obstacle_distance=1.04m <= 1.2m
05:18:36.890 [AMR-03] STATE_TRANSITION EMERGENCY_STOP -> MOVING (intent=MOVE)
05:18:36.991 [AMR-03] STATE_TRANSITION MOVING -> EMERGENCY_STOP (intent=STOP)
05:18:36.991 [AMR-03] SAFETY_STOP min_obstacle_distance=1.10m <= 1.2m
05:18:37.092 [AMR-03] STATE_TRANSITION EMERGENCY_STOP -> MOVING (intent=MOVE)
05:18:37.194 [AMR-03] STATE_TRANSITION MOVING -> EMERGENCY_STOP (intent=STOP)
05:18:37.194 [AMR-03] SAFETY_STOP min_obstacle_distance=1.07m <= 1.2m
05:18:37.294 [AMR-03] STATE_TRANSITION EMERGENCY_STOP -> MOVING (intent=MOVE)
05:18:37.396 [AMR-03] STATE_TRANSITION MOVING -> EMERGENCY_STOP (intent=STOP)
05:18:37.396 [AMR-03] SAFETY_STOP min_obstacle_distance=1.03m <= 1.2m
05:18:37.497 [AMR-03] STATE_TRANSITION EMERGENCY_STOP -> MOVING (intent=MOVE)
05:18:37.598 [AMR-03] STATE_TRANSITION MOVING -> EMERGENCY_STOP (intent=STOP)
05:18:37.598 [AMR-03] SAFETY_STOP min_obstacle_distance=1.00m <= 1.2m
05:18:37.700 [AMR-03] STATE_TRANSITION EMERGENCY_STOP -> MOVING (intent=MOVE)
05:18:37.801 [AMR-03] STATE_TRANSITION MOVING -> EMERGENCY_STOP (intent=STOP)
05:18:37.802 [AMR-03] SAFETY_STOP min_obstacle_distance=1.01m <= 1.2m
05:18:37.903 [AMR-03] STATE_TRANSITION EMERGENCY_STOP -> MOVING (intent=MOVE)
05:18:38.004 [AMR-03] STATE_TRANSITION MOVING -> EMERGENCY_STOP (intent=STOP)
05:18:38.005 [AMR-03] SAFETY_STOP min_obstacle_distance=1.05m <= 1.2m
05:18:38.107 [AMR-03] STATE_TRANSITION EMERGENCY_STOP -> MOVING (intent=MOVE)
05:18:38.207 [AMR-03] STATE_TRANSITION MOVING -> EMERGENCY_STOP (intent=STOP)
05:18:38.207 [AMR-03] SAFETY_STOP min_obstacle_distance=1.10m <= 1.2m
05:18:38.309 [AMR-03] STATE_TRANSITION EMERGENCY_STOP -> MOVING (intent=MOVE)
05:18:38.410 [AMR-03] STATE_TRANSITION MOVING -> EMERGENCY_STOP (intent=STOP)
05:18:38.410 [AMR-03] SAFETY_STOP min_obstacle_distance=1.07m <= 1.2m
05:18:38.512 [AMR-03] STATE_TRANSITION EMERGENCY_STOP -> MOVING (intent=MOVE)
05:18:38.612 [AMR-03] STATE_TRANSITION MOVING -> EMERGENCY_STOP (intent=STOP)
05:18:38.612 [AMR-03] SAFETY_STOP min_obstacle_distance=1.00m <= 1.2m
05:18:38.713 [AMR-03] STATE_TRANSITION EMERGENCY_STOP -> MOVING (intent=MOVE)
05:18:38.814 [AMR-03] STATE_TRANSITION MOVING -> EMERGENCY_STOP (intent=STOP)
05:18:38.814 [AMR-03] SAFETY_STOP min_obstacle_distance=1.01m <= 1.2m
05:18:38.915 [AMR-03] STATE_TRANSITION EMERGENCY_STOP -> MOVING (intent=MOVE)
05:18:39.016 [AMR-03] STATE_TRANSITION MOVING -> EMERGENCY_STOP (intent=STOP)
05:18:39.016 [AMR-03] SAFETY_STOP min_obstacle_distance=1.04m <= 1.2m
05:18:39.118 [AMR-03] STATE_TRANSITION EMERGENCY_STOP -> MOVING (intent=MOVE)
05:18:39.219 [AMR-03] STATE_TRANSITION MOVING -> EMERGENCY_STOP (intent=STOP)
05:18:39.219 [AMR-03] SAFETY_STOP min_obstacle_distance=1.10m <= 1.2m
05:18:39.320 [AMR-03] STATE_TRANSITION EMERGENCY_STOP -> MOVING (intent=MOVE)
05:18:39.422 [AMR-03] STATE_TRANSITION MOVING -> EMERGENCY_STOP (intent=STOP)
05:18:39.422 [AMR-03] SAFETY_STOP min_obstacle_distance=1.07m <= 1.2m
05:18:39.524 [AMR-03] STATE_TRANSITION EMERGENCY_STOP -> MOVING (intent=MOVE)
05:18:39.622 [AMR-03] STATE_TRANSITION MOVING -> EMERGENCY_STOP (intent=STOP)
05:18:39.622 [AMR-03] SAFETY_STOP min_obstacle_distance=1.00m <= 1.2m
05:18:39.723 [AMR-03] STATE_TRANSITION EMERGENCY_STOP -> MOVING (intent=MOVE)
05:18:39.823 [AMR-03] STATE_TRANSITION MOVING -> EMERGENCY_STOP (intent=STOP)
05:18:39.823 [AMR-03] SAFETY_STOP min_obstacle_distance=1.01m <= 1.2m
05:18:39.924 [AMR-03] STATE_TRANSITION EMERGENCY_STOP -> MOVING (intent=MOVE)
05:18:40.025 [AMR-03] STATE_TRANSITION MOVING -> EMERGENCY_STOP (intent=STOP)
05:18:40.025 [AMR-03] SAFETY_STOP min_obstacle_distance=1.04m <= 1.2m
05:18:40.125 [AMR-03] STATE_TRANSITION EMERGENCY_STOP -> MOVING (intent=MOVE)
05:18:40.226 [AMR-03] STATE_TRANSITION MOVING -> EMERGENCY_STOP (intent=STOP)
05:18:40.226 [AMR-03] SAFETY_STOP min_obstacle_distance=1.10m <= 1.2m
05:18:40.328 [AMR-03] STATE_TRANSITION EMERGENCY_STOP -> MOVING (intent=MOVE)
05:18:40.429 [AMR-03] STATE_TRANSITION MOVING -> EMERGENCY_STOP (intent=STOP)
05:18:40.429 [AMR-03] SAFETY_STOP min_obstacle_distance=1.08m <= 1.2m
05:18:40.530 [AMR-03] STATE_TRANSITION EMERGENCY_STOP -> MOVING (intent=MOVE)
05:18:40.631 [AMR-03] STATE_TRANSITION MOVING -> EMERGENCY_STOP (intent=STOP)
05:18:40.631 [AMR-03] SAFETY_STOP min_obstacle_distance=1.01m <= 1.2m
05:18:40.732 [AMR-03] STATE_TRANSITION EMERGENCY_STOP -> MOVING (intent=MOVE)
05:18:40.832 [AMR-03] STATE_TRANSITION MOVING -> EMERGENCY_STOP (intent=STOP)
05:18:40.833 [AMR-03] SAFETY_STOP min_obstacle_distance=1.04m <= 1.2m
05:18:40.933 [AMR-03] STATE_TRANSITION EMERGENCY_STOP -> MOVING (intent=MOVE)
05:18:41.034 [AMR-03] STATE_TRANSITION MOVING -> EMERGENCY_STOP (intent=STOP)
05:18:41.034 [AMR-03] SAFETY_STOP min_obstacle_distance=1.10m <= 1.2m
05:18:41.135 [AMR-03] STATE_TRANSITION EMERGENCY_STOP -> MOVING (intent=MOVE)
05:18:41.235 [AMR-03] STATE_TRANSITION MOVING -> EMERGENCY_STOP (intent=STOP)
05:18:41.235 [AMR-03] SAFETY_STOP min_obstacle_distance=1.08m <= 1.2m
05:18:41.336 [AMR-03] STATE_TRANSITION EMERGENCY_STOP -> MOVING (intent=MOVE)
05:18:41.438 [AMR-03] STATE_TRANSITION MOVING -> EMERGENCY_STOP (intent=STOP)
05:18:41.438 [AMR-03] SAFETY_STOP min_obstacle_distance=1.03m <= 1.2m
05:18:41.539 [AMR-03] STATE_TRANSITION EMERGENCY_STOP -> MOVING (intent=MOVE)
05:18:41.639 [AMR-03] STATE_TRANSITION MOVING -> EMERGENCY_STOP (intent=STOP)
05:18:41.639 [AMR-03] SAFETY_STOP min_obstacle_distance=1.01m <= 1.2m
05:18:41.740 [AMR-03] STATE_TRANSITION EMERGENCY_STOP -> MOVING (intent=MOVE)
05:18:41.840 [AMR-03] STATE_TRANSITION MOVING -> EMERGENCY_STOP (intent=STOP)
05:18:41.841 [AMR-03] SAFETY_STOP min_obstacle_distance=1.04m <= 1.2m
05:18:41.941 [AMR-03] STATE_TRANSITION EMERGENCY_STOP -> MOVING (intent=MOVE)
05:18:42.041 [AMR-03] STATE_TRANSITION MOVING -> EMERGENCY_STOP (intent=STOP)
05:18:42.041 [AMR-03] SAFETY_STOP min_obstacle_distance=1.10m <= 1.2m
05:18:42.141 [AMR-03] STATE_TRANSITION EMERGENCY_STOP -> MOVING (intent=MOVE)
05:18:42.243 [AMR-03] STATE_TRANSITION MOVING -> EMERGENCY_STOP (intent=STOP)
05:18:42.243 [AMR-03] SAFETY_STOP min_obstacle_distance=1.08m <= 1.2m
05:18:42.342 [AMR-03] STATE_TRANSITION EMERGENCY_STOP -> MOVING (intent=MOVE)
05:18:42.443 [AMR-03] STATE_TRANSITION MOVING -> EMERGENCY_STOP (intent=STOP)
05:18:42.444 [AMR-03] SAFETY_STOP min_obstacle_distance=1.03m <= 1.2m
05:18:42.545 [AMR-03] STATE_TRANSITION EMERGENCY_STOP -> MOVING (intent=MOVE)
05:18:42.646 [AMR-03] STATE_TRANSITION MOVING -> EMERGENCY_STOP (intent=STOP)
05:18:42.646 [AMR-03] SAFETY_STOP min_obstacle_distance=1.01m <= 1.2m
05:18:42.747 [AMR-03] STATE_TRANSITION EMERGENCY_STOP -> MOVING (intent=MOVE)
05:18:42.848 [AMR-03] STATE_TRANSITION MOVING -> EMERGENCY_STOP (intent=STOP)
05:18:42.848 [AMR-03] SAFETY_STOP min_obstacle_distance=1.05m <= 1.2m
05:18:42.949 [AMR-03] STATE_TRANSITION EMERGENCY_STOP -> MOVING (intent=MOVE)
05:18:43.050 [AMR-03] STATE_TRANSITION MOVING -> EMERGENCY_STOP (intent=STOP)
05:18:43.050 [AMR-03] SAFETY_STOP min_obstacle_distance=1.10m <= 1.2m
05:18:43.151 [AMR-03] STATE_TRANSITION EMERGENCY_STOP -> MOVING (intent=MOVE)
05:18:43.252 [AMR-03] STATE_TRANSITION MOVING -> EMERGENCY_STOP (intent=STOP)
05:18:43.253 [AMR-03] SAFETY_STOP min_obstacle_distance=1.07m <= 1.2m
05:18:43.354 [AMR-03] STATE_TRANSITION EMERGENCY_STOP -> MOVING (intent=MOVE)
05:18:43.455 [AMR-03] STATE_TRANSITION MOVING -> EMERGENCY_STOP (intent=STOP)
05:18:43.455 [AMR-03] SAFETY_STOP min_obstacle_distance=1.03m <= 1.2m
05:18:43.555 [AMR-03] STATE_TRANSITION EMERGENCY_STOP -> MOVING (intent=MOVE)
05:18:43.656 [AMR-03] STATE_TRANSITION MOVING -> EMERGENCY_STOP (intent=STOP)
05:18:43.657 [AMR-03] SAFETY_STOP min_obstacle_distance=1.01m <= 1.2m
05:18:43.757 [AMR-03] STATE_TRANSITION EMERGENCY_STOP -> MOVING (intent=MOVE)
05:18:43.858 [AMR-03] STATE_TRANSITION MOVING -> EMERGENCY_STOP (intent=STOP)
05:18:43.858 [AMR-03] SAFETY_STOP min_obstacle_distance=1.04m <= 1.2m
05:18:43.960 [AMR-03] STATE_TRANSITION EMERGENCY_STOP -> MOVING (intent=MOVE)
05:18:44.061 [AMR-03] STATE_TRANSITION MOVING -> EMERGENCY_STOP (intent=STOP)
05:18:44.061 [AMR-03] SAFETY_STOP min_obstacle_distance=1.10m <= 1.2m
05:18:44.162 [AMR-03] STATE_TRANSITION EMERGENCY_STOP -> MOVING (intent=MOVE)
05:18:44.264 [AMR-03] STATE_TRANSITION MOVING -> EMERGENCY_STOP (intent=STOP)
05:18:44.264 [AMR-03] SAFETY_STOP min_obstacle_distance=1.07m <= 1.2m
05:18:44.365 [AMR-03] STATE_TRANSITION EMERGENCY_STOP -> MOVING (intent=MOVE)
05:18:44.467 [AMR-03] STATE_TRANSITION MOVING -> EMERGENCY_STOP (intent=STOP)
05:18:44.467 [AMR-03] SAFETY_STOP min_obstacle_distance=1.03m <= 1.2m
05:18:44.568 [AMR-03] STATE_TRANSITION EMERGENCY_STOP -> MOVING (intent=MOVE)
05:18:44.669 [AMR-03] STATE_TRANSITION MOVING -> EMERGENCY_STOP (intent=STOP)
05:18:44.669 [AMR-03] SAFETY_STOP min_obstacle_distance=1.01m <= 1.2m
05:18:44.770 [AMR-03] STATE_TRANSITION EMERGENCY_STOP -> MOVING (intent=MOVE)
05:18:44.871 [AMR-03] STATE_TRANSITION MOVING -> EMERGENCY_STOP (intent=STOP)
05:18:44.871 [AMR-03] SAFETY_STOP min_obstacle_distance=1.05m <= 1.2m
05:18:44.972 [AMR-03] STATE_TRANSITION EMERGENCY_STOP -> MOVING (intent=MOVE)
05:18:45.073 [AMR-03] STATE_TRANSITION MOVING -> EMERGENCY_STOP (intent=STOP)
05:18:45.073 [AMR-03] SAFETY_STOP min_obstacle_distance=1.10m <= 1.2m
05:18:45.175 [AMR-03] STATE_TRANSITION EMERGENCY_STOP -> MOVING (intent=MOVE)
05:18:45.276 [AMR-03] STATE_TRANSITION MOVING -> EMERGENCY_STOP (intent=STOP)
05:18:45.276 [AMR-03] SAFETY_STOP min_obstacle_distance=1.07m <= 1.2m
05:18:45.377 [AMR-03] STATE_TRANSITION EMERGENCY_STOP -> MOVING (intent=MOVE)
05:18:45.479 [AMR-03] STATE_TRANSITION MOVING -> EMERGENCY_STOP (intent=STOP)
05:18:45.479 [AMR-03] SAFETY_STOP min_obstacle_distance=1.03m <= 1.2m
05:18:45.579 [AMR-03] STATE_TRANSITION EMERGENCY_STOP -> MOVING (intent=MOVE)
05:18:45.680 [AMR-03] STATE_TRANSITION MOVING -> EMERGENCY_STOP (intent=STOP)
05:18:45.680 [AMR-03] SAFETY_STOP min_obstacle_distance=1.01m <= 1.2m
05:18:45.782 [AMR-03] STATE_TRANSITION EMERGENCY_STOP -> MOVING (intent=MOVE)
05:18:45.883 [AMR-03] STATE_TRANSITION MOVING -> EMERGENCY_STOP (intent=STOP)
05:18:45.883 [AMR-03] SAFETY_STOP min_obstacle_distance=1.04m <= 1.2m
05:18:45.985 [AMR-03] STATE_TRANSITION EMERGENCY_STOP -> MOVING (intent=MOVE)
05:18:46.087 [AMR-03] STATE_TRANSITION MOVING -> EMERGENCY_STOP (intent=STOP)
05:18:46.087 [AMR-03] SAFETY_STOP min_obstacle_distance=1.10m <= 1.2m
05:18:46.187 [AMR-03] STATE_TRANSITION EMERGENCY_STOP -> MOVING (intent=MOVE)
05:18:46.289 [AMR-03] STATE_TRANSITION MOVING -> EMERGENCY_STOP (intent=STOP)
05:18:46.289 [AMR-03] SAFETY_STOP min_obstacle_distance=1.07m <= 1.2m
05:18:46.391 [AMR-03] STATE_TRANSITION EMERGENCY_STOP -> MOVING (intent=MOVE)
05:18:46.491 [AMR-03] STATE_TRANSITION MOVING -> EMERGENCY_STOP (intent=STOP)
05:18:46.491 [AMR-03] SAFETY_STOP min_obstacle_distance=1.00m <= 1.2m
05:18:46.593 [AMR-03] STATE_TRANSITION EMERGENCY_STOP -> MOVING (intent=MOVE)
05:18:46.693 [AMR-03] STATE_TRANSITION MOVING -> EMERGENCY_STOP (intent=STOP)
05:18:46.693 [AMR-03] SAFETY_STOP min_obstacle_distance=1.01m <= 1.2m
05:18:46.794 [AMR-03] STATE_TRANSITION EMERGENCY_STOP -> MOVING (intent=MOVE)
05:18:46.895 [AMR-03] STATE_TRANSITION MOVING -> EMERGENCY_STOP (intent=STOP)
05:18:46.895 [AMR-03] SAFETY_STOP min_obstacle_distance=1.05m <= 1.2m
05:18:46.996 [AMR-03] STATE_TRANSITION EMERGENCY_STOP -> MOVING (intent=MOVE)
05:18:47.097 [AMR-03] STATE_TRANSITION MOVING -> EMERGENCY_STOP (intent=STOP)
05:18:47.097 [AMR-03] SAFETY_STOP min_obstacle_distance=1.10m <= 1.2m
05:18:47.198 [AMR-03] STATE_TRANSITION EMERGENCY_STOP -> MOVING (intent=MOVE)
05:18:47.298 [AMR-03] STATE_TRANSITION MOVING -> EMERGENCY_STOP (intent=STOP)
05:18:47.298 [AMR-03] SAFETY_STOP min_obstacle_distance=1.07m <= 1.2m
05:18:47.399 [AMR-03] STATE_TRANSITION EMERGENCY_STOP -> MOVING (intent=MOVE)
05:18:47.500 [AMR-03] STATE_TRANSITION MOVING -> EMERGENCY_STOP (intent=STOP)
05:18:47.500 [AMR-03] SAFETY_STOP min_obstacle_distance=1.03m <= 1.2m
05:18:47.600 [AMR-03] STATE_TRANSITION EMERGENCY_STOP -> MOVING (intent=MOVE)
05:18:47.700 [AMR-03] STATE_TRANSITION MOVING -> EMERGENCY_STOP (intent=STOP)
05:18:47.700 [AMR-03] SAFETY_STOP min_obstacle_distance=1.01m <= 1.2m
05:18:47.801 [AMR-03] STATE_TRANSITION EMERGENCY_STOP -> MOVING (intent=MOVE)
05:18:47.902 [AMR-03] STATE_TRANSITION MOVING -> EMERGENCY_STOP (intent=STOP)
05:18:47.902 [AMR-03] SAFETY_STOP min_obstacle_distance=1.04m <= 1.2m
05:18:48.003 [AMR-03] STATE_TRANSITION EMERGENCY_STOP -> MOVING (intent=MOVE)
05:18:48.104 [AMR-03] STATE_TRANSITION MOVING -> EMERGENCY_STOP (intent=STOP)
05:18:48.104 [AMR-03] SAFETY_STOP min_obstacle_distance=1.10m <= 1.2m
05:18:48.204 [AMR-03] STATE_TRANSITION EMERGENCY_STOP -> MOVING (intent=MOVE)
05:18:48.305 [AMR-03] STATE_TRANSITION MOVING -> EMERGENCY_STOP (intent=STOP)
05:18:48.305 [AMR-03] SAFETY_STOP min_obstacle_distance=1.08m <= 1.2m
05:18:48.405 [AMR-03] STATE_TRANSITION EMERGENCY_STOP -> MOVING (intent=MOVE)
05:18:48.505 [AMR-03] STATE_TRANSITION MOVING -> EMERGENCY_STOP (intent=STOP)
05:18:48.505 [AMR-03] SAFETY_STOP min_obstacle_distance=1.00m <= 1.2m
05:18:48.606 [AMR-03] STATE_TRANSITION EMERGENCY_STOP -> MOVING (intent=MOVE)
05:18:48.707 [AMR-03] STATE_TRANSITION MOVING -> EMERGENCY_STOP (intent=STOP)
05:18:48.707 [AMR-03] SAFETY_STOP min_obstacle_distance=1.01m <= 1.2m
05:18:48.808 [AMR-03] STATE_TRANSITION EMERGENCY_STOP -> MOVING (intent=MOVE)
05:18:48.908 [AMR-03] STATE_TRANSITION MOVING -> EMERGENCY_STOP (intent=STOP)
05:18:48.908 [AMR-03] SAFETY_STOP min_obstacle_distance=1.04m <= 1.2m
05:18:49.009 [AMR-03] STATE_TRANSITION EMERGENCY_STOP -> MOVING (intent=MOVE)
05:18:49.109 [AMR-03] STATE_TRANSITION MOVING -> EMERGENCY_STOP (intent=STOP)
05:18:49.109 [AMR-03] SAFETY_STOP min_obstacle_distance=1.10m <= 1.2m
05:18:49.209 [AMR-03] STATE_TRANSITION EMERGENCY_STOP -> MOVING (intent=MOVE)
05:18:49.309 [AMR-03] STATE_TRANSITION MOVING -> EMERGENCY_STOP (intent=STOP)
05:18:49.309 [AMR-03] SAFETY_STOP min_obstacle_distance=1.08m <= 1.2m
05:18:49.410 [AMR-03] STATE_TRANSITION EMERGENCY_STOP -> MOVING (intent=MOVE)
05:18:49.511 [AMR-03] STATE_TRANSITION MOVING -> EMERGENCY_STOP (intent=STOP)
05:18:49.512 [AMR-03] SAFETY_STOP min_obstacle_distance=1.00m <= 1.2m
05:18:49.611 [AMR-03] STATE_TRANSITION EMERGENCY_STOP -> MOVING (intent=MOVE)
05:18:49.711 [AMR-03] STATE_TRANSITION MOVING -> EMERGENCY_STOP (intent=STOP)
05:18:49.712 [AMR-03] SAFETY_STOP min_obstacle_distance=1.01m <= 1.2m
05:18:49.812 [AMR-03] STATE_TRANSITION EMERGENCY_STOP -> MOVING (intent=MOVE)
05:18:49.912 [AMR-03] STATE_TRANSITION MOVING -> EMERGENCY_STOP (intent=STOP)
05:18:49.912 [AMR-03] SAFETY_STOP min_obstacle_distance=1.04m <= 1.2m
05:18:50.013 [AMR-03] STATE_TRANSITION EMERGENCY_STOP -> MOVING (intent=MOVE)
05:18:50.115 [AMR-03] STATE_TRANSITION MOVING -> EMERGENCY_STOP (intent=STOP)
05:18:50.115 [AMR-03] SAFETY_STOP min_obstacle_distance=1.10m <= 1.2m
05:18:50.215 [AMR-03] STATE_TRANSITION EMERGENCY_STOP -> MOVING (intent=MOVE)
05:18:50.316 [AMR-03] STATE_TRANSITION MOVING -> EMERGENCY_STOP (intent=STOP)
05:18:50.316 [AMR-03] SAFETY_STOP min_obstacle_distance=1.08m <= 1.2m
05:18:50.416 [AMR-03] STATE_TRANSITION EMERGENCY_STOP -> MOVING (intent=MOVE)
05:18:50.518 [AMR-03] STATE_TRANSITION MOVING -> EMERGENCY_STOP (intent=STOP)
05:18:50.518 [AMR-03] SAFETY_STOP min_obstacle_distance=1.00m <= 1.2m
05:18:50.618 [AMR-03] STATE_TRANSITION EMERGENCY_STOP -> MOVING (intent=MOVE)
05:18:50.719 [AMR-03] STATE_TRANSITION MOVING -> EMERGENCY_STOP (intent=STOP)
05:18:50.719 [AMR-03] SAFETY_STOP min_obstacle_distance=1.01m <= 1.2m
05:18:50.819 [AMR-03] STATE_TRANSITION EMERGENCY_STOP -> MOVING (intent=MOVE)
05:18:50.919 [AMR-03] STATE_TRANSITION MOVING -> EMERGENCY_STOP (intent=STOP)
05:18:50.919 [AMR-03] SAFETY_STOP min_obstacle_distance=1.04m <= 1.2m
05:18:51.019 [AMR-03] STATE_TRANSITION EMERGENCY_STOP -> MOVING (intent=MOVE)
05:18:51.120 [AMR-03] STATE_TRANSITION MOVING -> EMERGENCY_STOP (intent=STOP)
05:18:51.120 [AMR-03] SAFETY_STOP min_obstacle_distance=1.10m <= 1.2m
05:18:51.221 [AMR-03] STATE_TRANSITION EMERGENCY_STOP -> MOVING (intent=MOVE)
05:18:51.321 [AMR-03] STATE_TRANSITION MOVING -> EMERGENCY_STOP (intent=STOP)
05:18:51.321 [AMR-03] SAFETY_STOP min_obstacle_distance=1.08m <= 1.2m
05:18:51.421 [AMR-03] STATE_TRANSITION EMERGENCY_STOP -> MOVING (intent=MOVE)
05:18:51.522 [AMR-03] STATE_TRANSITION MOVING -> EMERGENCY_STOP (intent=STOP)
05:18:51.522 [AMR-03] SAFETY_STOP min_obstacle_distance=1.00m <= 1.2m
05:18:51.622 [AMR-03] STATE_TRANSITION EMERGENCY_STOP -> MOVING (intent=MOVE)
05:18:51.723 [AMR-03] STATE_TRANSITION MOVING -> EMERGENCY_STOP (intent=STOP)
05:18:51.723 [AMR-03] SAFETY_STOP min_obstacle_distance=1.01m <= 1.2m
05:18:51.825 [AMR-03] STATE_TRANSITION EMERGENCY_STOP -> MOVING (intent=MOVE)
05:18:51.926 [AMR-03] STATE_TRANSITION MOVING -> EMERGENCY_STOP (intent=STOP)
05:18:51.926 [AMR-03] SAFETY_STOP min_obstacle_distance=1.05m <= 1.2m
05:18:52.028 [AMR-03] STATE_TRANSITION EMERGENCY_STOP -> MOVING (intent=MOVE)
05:18:52.128 [AMR-03] STATE_TRANSITION MOVING -> EMERGENCY_STOP (intent=STOP)
05:18:52.128 [AMR-03] SAFETY_STOP min_obstacle_distance=1.10m <= 1.2m
05:18:52.229 [AMR-03] STATE_TRANSITION EMERGENCY_STOP -> MOVING (intent=MOVE)
05:18:52.329 [AMR-03] STATE_TRANSITION MOVING -> EMERGENCY_STOP (intent=STOP)
05:18:52.329 [AMR-03] SAFETY_STOP min_obstacle_distance=1.07m <= 1.2m
05:18:52.430 [AMR-03] STATE_TRANSITION EMERGENCY_STOP -> MOVING (intent=MOVE)
05:18:52.531 [AMR-03] STATE_TRANSITION MOVING -> EMERGENCY_STOP (intent=STOP)
05:18:52.531 [AMR-03] SAFETY_STOP min_obstacle_distance=1.00m <= 1.2m
05:18:52.631 [AMR-03] STATE_TRANSITION EMERGENCY_STOP -> MOVING (intent=MOVE)
05:18:52.732 [AMR-03] STATE_TRANSITION MOVING -> EMERGENCY_STOP (intent=STOP)
05:18:52.732 [AMR-03] SAFETY_STOP min_obstacle_distance=1.01m <= 1.2m
05:18:52.832 [AMR-03] STATE_TRANSITION EMERGENCY_STOP -> MOVING (intent=MOVE)
05:18:52.934 [AMR-03] STATE_TRANSITION MOVING -> EMERGENCY_STOP (intent=STOP)
05:18:52.934 [AMR-03] SAFETY_STOP min_obstacle_distance=1.04m <= 1.2m
05:18:53.035 [AMR-03] STATE_TRANSITION EMERGENCY_STOP -> MOVING (intent=MOVE)
05:18:53.135 [AMR-03] STATE_TRANSITION MOVING -> EMERGENCY_STOP (intent=STOP)
05:18:53.135 [AMR-03] SAFETY_STOP min_obstacle_distance=1.10m <= 1.2m
05:18:53.235 [AMR-03] STATE_TRANSITION EMERGENCY_STOP -> MOVING (intent=MOVE)
05:18:53.336 [AMR-03] STATE_TRANSITION MOVING -> EMERGENCY_STOP (intent=STOP)
05:18:53.336 [AMR-03] SAFETY_STOP min_obstacle_distance=1.08m <= 1.2m
05:18:53.437 [AMR-03] STATE_TRANSITION EMERGENCY_STOP -> MOVING (intent=MOVE)
05:18:53.536 [AMR-03] STATE_TRANSITION MOVING -> EMERGENCY_STOP (intent=STOP)
05:18:53.537 [AMR-03] SAFETY_STOP min_obstacle_distance=1.00m <= 1.2m
05:18:53.637 [AMR-03] STATE_TRANSITION EMERGENCY_STOP -> MOVING (intent=MOVE)
05:18:53.738 [AMR-03] STATE_TRANSITION MOVING -> EMERGENCY_STOP (intent=STOP)
05:18:53.738 [AMR-03] SAFETY_STOP min_obstacle_distance=1.01m <= 1.2m
05:18:53.838 [AMR-03] STATE_TRANSITION EMERGENCY_STOP -> MOVING (intent=MOVE)
05:18:53.939 [AMR-03] STATE_TRANSITION MOVING -> EMERGENCY_STOP (intent=STOP)
05:18:53.939 [AMR-03] SAFETY_STOP min_obstacle_distance=1.04m <= 1.2m
05:18:54.040 [AMR-03] STATE_TRANSITION EMERGENCY_STOP -> MOVING (intent=MOVE)
05:18:54.141 [AMR-03] STATE_TRANSITION MOVING -> EMERGENCY_STOP (intent=STOP)
05:18:54.141 [AMR-03] SAFETY_STOP min_obstacle_distance=1.10m <= 1.2m
05:18:54.242 [AMR-03] STATE_TRANSITION EMERGENCY_STOP -> MOVING (intent=MOVE)
05:18:54.342 [AMR-03] STATE_TRANSITION MOVING -> EMERGENCY_STOP (intent=STOP)
05:18:54.342 [AMR-03] SAFETY_STOP min_obstacle_distance=1.08m <= 1.2m
05:18:54.443 [AMR-03] STATE_TRANSITION EMERGENCY_STOP -> MOVING (intent=MOVE)
05:18:54.543 [AMR-03] STATE_TRANSITION MOVING -> EMERGENCY_STOP (intent=STOP)
05:18:54.544 [AMR-03] SAFETY_STOP min_obstacle_distance=1.00m <= 1.2m
05:18:54.644 [AMR-03] STATE_TRANSITION EMERGENCY_STOP -> MOVING (intent=MOVE)
05:18:54.744 [AMR-03] STATE_TRANSITION MOVING -> EMERGENCY_STOP (intent=STOP)
05:18:54.744 [AMR-03] SAFETY_STOP min_obstacle_distance=1.01m <= 1.2m
05:18:54.845 [AMR-03] STATE_TRANSITION EMERGENCY_STOP -> MOVING (intent=MOVE)
05:18:54.946 [AMR-03] STATE_TRANSITION MOVING -> EMERGENCY_STOP (intent=STOP)
05:18:54.947 [AMR-03] SAFETY_STOP min_obstacle_distance=1.04m <= 1.2m
05:18:55.048 [AMR-03] STATE_TRANSITION EMERGENCY_STOP -> MOVING (intent=MOVE)
05:18:55.148 [AMR-03] STATE_TRANSITION MOVING -> EMERGENCY_STOP (intent=STOP)
05:18:55.148 [AMR-03] SAFETY_STOP min_obstacle_distance=1.10m <= 1.2m
05:18:55.249 [AMR-03] STATE_TRANSITION EMERGENCY_STOP -> MOVING (intent=MOVE)
05:18:55.350 [AMR-03] STATE_TRANSITION MOVING -> EMERGENCY_STOP (intent=STOP)
05:18:55.350 [AMR-03] SAFETY_STOP min_obstacle_distance=1.08m <= 1.2m
05:18:55.450 [AMR-03] STATE_TRANSITION EMERGENCY_STOP -> MOVING (intent=MOVE)
05:18:55.551 [AMR-03] STATE_TRANSITION MOVING -> EMERGENCY_STOP (intent=STOP)
05:18:55.551 [AMR-03] SAFETY_STOP min_obstacle_distance=1.00m <= 1.2m
05:18:55.651 [AMR-03] STATE_TRANSITION EMERGENCY_STOP -> MOVING (intent=MOVE)
05:18:55.751 [AMR-03] STATE_TRANSITION MOVING -> EMERGENCY_STOP (intent=STOP)
05:18:55.751 [AMR-03] SAFETY_STOP min_obstacle_distance=1.01m <= 1.2m
05:18:55.852 [AMR-03] STATE_TRANSITION EMERGENCY_STOP -> MOVING (intent=MOVE)
05:18:55.953 [AMR-03] STATE_TRANSITION MOVING -> EMERGENCY_STOP (intent=STOP)
05:18:55.953 [AMR-03] SAFETY_STOP min_obstacle_distance=1.04m <= 1.2m
05:18:56.054 [AMR-03] STATE_TRANSITION EMERGENCY_STOP -> MOVING (intent=MOVE)
05:18:56.154 [AMR-03] STATE_TRANSITION MOVING -> EMERGENCY_STOP (intent=STOP)
05:18:56.154 [AMR-03] SAFETY_STOP min_obstacle_distance=1.10m <= 1.2m
05:18:56.255 [AMR-03] STATE_TRANSITION EMERGENCY_STOP -> MOVING (intent=MOVE)
05:18:56.355 [AMR-03] STATE_TRANSITION MOVING -> EMERGENCY_STOP (intent=STOP)
05:18:56.355 [AMR-03] SAFETY_STOP min_obstacle_distance=1.08m <= 1.2m
05:18:56.455 [AMR-03] STATE_TRANSITION EMERGENCY_STOP -> MOVING (intent=MOVE)
05:18:56.556 [AMR-03] STATE_TRANSITION MOVING -> EMERGENCY_STOP (intent=STOP)
05:18:56.556 [AMR-03] SAFETY_STOP min_obstacle_distance=1.00m <= 1.2m
05:18:56.657 [AMR-03] STATE_TRANSITION EMERGENCY_STOP -> MOVING (intent=MOVE)
05:18:56.758 [AMR-03] STATE_TRANSITION MOVING -> EMERGENCY_STOP (intent=STOP)
05:18:56.758 [AMR-03] SAFETY_STOP min_obstacle_distance=1.01m <= 1.2m
05:18:56.859 [AMR-03] STATE_TRANSITION EMERGENCY_STOP -> MOVING (intent=MOVE)
05:18:56.959 [AMR-03] STATE_TRANSITION MOVING -> EMERGENCY_STOP (intent=STOP)
05:18:56.959 [AMR-03] SAFETY_STOP min_obstacle_distance=1.04m <= 1.2m
05:18:57.061 [AMR-03] STATE_TRANSITION EMERGENCY_STOP -> MOVING (intent=MOVE)
05:18:57.161 [AMR-03] STATE_TRANSITION MOVING -> EMERGENCY_STOP (intent=STOP)
05:18:57.161 [AMR-03] SAFETY_STOP min_obstacle_distance=1.10m <= 1.2m
05:18:57.261 [AMR-03] STATE_TRANSITION EMERGENCY_STOP -> MOVING (intent=MOVE)
05:18:57.362 [AMR-03] STATE_TRANSITION MOVING -> EMERGENCY_STOP (intent=STOP)
05:18:57.362 [AMR-03] SAFETY_STOP min_obstacle_distance=1.08m <= 1.2m
05:18:57.463 [AMR-03] STATE_TRANSITION EMERGENCY_STOP -> MOVING (intent=MOVE)
05:18:57.562 [AMR-03] STATE_TRANSITION MOVING -> EMERGENCY_STOP (intent=STOP)
05:18:57.562 [AMR-03] SAFETY_STOP min_obstacle_distance=1.00m <= 1.2m
05:18:57.663 [AMR-03] STATE_TRANSITION EMERGENCY_STOP -> MOVING (intent=MOVE)
05:18:57.763 [AMR-03] STATE_TRANSITION MOVING -> EMERGENCY_STOP (intent=STOP)
05:18:57.763 [AMR-03] SAFETY_STOP min_obstacle_distance=1.01m <= 1.2m
05:18:57.864 [AMR-03] STATE_TRANSITION EMERGENCY_STOP -> MOVING (intent=MOVE)
05:18:57.964 [AMR-03] STATE_TRANSITION MOVING -> EMERGENCY_STOP (intent=STOP)
05:18:57.964 [AMR-03] SAFETY_STOP min_obstacle_distance=1.04m <= 1.2m
05:18:58.065 [AMR-03] STATE_TRANSITION EMERGENCY_STOP -> MOVING (intent=MOVE)
05:18:58.166 [AMR-03] STATE_TRANSITION MOVING -> EMERGENCY_STOP (intent=STOP)
05:18:58.166 [AMR-03] SAFETY_STOP min_obstacle_distance=1.10m <= 1.2m
05:18:58.266 [AMR-03] STATE_TRANSITION EMERGENCY_STOP -> MOVING (intent=MOVE)
05:18:58.366 [AMR-03] STATE_TRANSITION MOVING -> EMERGENCY_STOP (intent=STOP)
05:18:58.366 [AMR-03] SAFETY_STOP min_obstacle_distance=1.08m <= 1.2m
05:18:58.467 [AMR-03] STATE_TRANSITION EMERGENCY_STOP -> MOVING (intent=MOVE)
05:18:58.567 [AMR-03] STATE_TRANSITION MOVING -> EMERGENCY_STOP (intent=STOP)
05:18:58.567 [AMR-03] SAFETY_STOP min_obstacle_distance=1.00m <= 1.2m
05:18:58.667 [AMR-03] STATE_TRANSITION EMERGENCY_STOP -> MOVING (intent=MOVE)
05:18:58.768 [AMR-03] STATE_TRANSITION MOVING -> EMERGENCY_STOP (intent=STOP)
05:18:58.768 [AMR-03] SAFETY_STOP min_obstacle_distance=1.01m <= 1.2m
05:18:58.868 [AMR-03] STATE_TRANSITION EMERGENCY_STOP -> MOVING (intent=MOVE)
05:18:58.969 [AMR-03] STATE_TRANSITION MOVING -> EMERGENCY_STOP (intent=STOP)
05:18:58.969 [AMR-03] SAFETY_STOP min_obstacle_distance=1.04m <= 1.2m
05:18:59.070 [AMR-03] STATE_TRANSITION EMERGENCY_STOP -> MOVING (intent=MOVE)
05:18:59.170 [AMR-03] STATE_TRANSITION MOVING -> EMERGENCY_STOP (intent=STOP)
05:18:59.171 [AMR-03] SAFETY_STOP min_obstacle_distance=1.10m <= 1.2m
05:18:59.271 [AMR-03] STATE_TRANSITION EMERGENCY_STOP -> MOVING (intent=MOVE)
05:18:59.372 [AMR-03] STATE_TRANSITION MOVING -> EMERGENCY_STOP (intent=STOP)
05:18:59.372 [AMR-03] SAFETY_STOP min_obstacle_distance=1.08m <= 1.2m
05:18:59.473 [AMR-03] STATE_TRANSITION EMERGENCY_STOP -> MOVING (intent=MOVE)
05:18:59.573 [AMR-03] STATE_TRANSITION MOVING -> EMERGENCY_STOP (intent=STOP)
05:18:59.573 [AMR-03] SAFETY_STOP min_obstacle_distance=1.00m <= 1.2m
05:18:59.673 [AMR-03] STATE_TRANSITION EMERGENCY_STOP -> MOVING (intent=MOVE)
05:18:59.773 [AMR-03] STATE_TRANSITION MOVING -> EMERGENCY_STOP (intent=STOP)
05:18:59.773 [AMR-03] SAFETY_STOP min_obstacle_distance=1.01m <= 1.2m
05:18:59.874 [AMR-03] STATE_TRANSITION EMERGENCY_STOP -> MOVING (intent=MOVE)
05:18:59.974 [AMR-03] STATE_TRANSITION MOVING -> EMERGENCY_STOP (intent=STOP)
05:18:59.974 [AMR-03] SAFETY_STOP min_obstacle_distance=1.04m <= 1.2m
05:19:00.075 [AMR-03] STATE_TRANSITION EMERGENCY_STOP -> MOVING (intent=MOVE)
05:19:00.175 [AMR-03] STATE_TRANSITION MOVING -> EMERGENCY_STOP (intent=STOP)
05:19:00.176 [AMR-03] SAFETY_STOP min_obstacle_distance=1.10m <= 1.2m
05:19:00.278 [AMR-03] STATE_TRANSITION EMERGENCY_STOP -> MOVING (intent=MOVE)
05:19:00.377 [AMR-03] STATE_TRANSITION MOVING -> EMERGENCY_STOP (intent=STOP)
05:19:00.378 [AMR-03] SAFETY_STOP min_obstacle_distance=1.08m <= 1.2m
05:19:00.479 [AMR-03] STATE_TRANSITION EMERGENCY_STOP -> MOVING (intent=MOVE)
05:19:00.578 [AMR-03] STATE_TRANSITION MOVING -> EMERGENCY_STOP (intent=STOP)
05:19:00.578 [AMR-03] SAFETY_STOP min_obstacle_distance=1.00m <= 1.2m
05:19:00.679 [AMR-03] STATE_TRANSITION EMERGENCY_STOP -> MOVING (intent=MOVE)
05:19:00.780 [AMR-03] STATE_TRANSITION MOVING -> EMERGENCY_STOP (intent=STOP)
05:19:00.780 [AMR-03] SAFETY_STOP min_obstacle_distance=1.01m <= 1.2m
05:19:00.881 [AMR-03] STATE_TRANSITION EMERGENCY_STOP -> MOVING (intent=MOVE)
05:19:00.981 [AMR-03] STATE_TRANSITION MOVING -> EMERGENCY_STOP (intent=STOP)
05:19:00.981 [AMR-03] SAFETY_STOP min_obstacle_distance=1.04m <= 1.2m
05:19:01.082 [AMR-03] STATE_TRANSITION EMERGENCY_STOP -> MOVING (intent=MOVE)
05:19:01.182 [AMR-03] STATE_TRANSITION MOVING -> EMERGENCY_STOP (intent=STOP)
05:19:01.182 [AMR-03] SAFETY_STOP min_obstacle_distance=1.10m <= 1.2m
05:19:01.282 [AMR-03] STATE_TRANSITION EMERGENCY_STOP -> MOVING (intent=MOVE)
05:19:01.383 [AMR-03] STATE_TRANSITION MOVING -> EMERGENCY_STOP (intent=STOP)
05:19:01.383 [AMR-03] SAFETY_STOP min_obstacle_distance=1.08m <= 1.2m
05:19:01.485 [AMR-03] STATE_TRANSITION EMERGENCY_STOP -> MOVING (intent=MOVE)
05:19:01.584 [AMR-03] STATE_TRANSITION MOVING -> EMERGENCY_STOP (intent=STOP)
05:19:01.584 [AMR-03] SAFETY_STOP min_obstacle_distance=1.00m <= 1.2m
05:19:01.686 [AMR-03] STATE_TRANSITION EMERGENCY_STOP -> MOVING (intent=MOVE)
05:19:01.786 [AMR-03] STATE_TRANSITION MOVING -> EMERGENCY_STOP (intent=STOP)
05:19:01.786 [AMR-03] SAFETY_STOP min_obstacle_distance=1.01m <= 1.2m
05:19:01.887 [AMR-03] STATE_TRANSITION EMERGENCY_STOP -> MOVING (intent=MOVE)
05:19:01.988 [AMR-03] STATE_TRANSITION MOVING -> EMERGENCY_STOP (intent=STOP)
05:19:01.988 [AMR-03] SAFETY_STOP min_obstacle_distance=1.04m <= 1.2m
05:19:02.089 [AMR-03] STATE_TRANSITION EMERGENCY_STOP -> MOVING (intent=MOVE)
05:19:02.189 [AMR-03] STATE_TRANSITION MOVING -> EMERGENCY_STOP (intent=STOP)
05:19:02.189 [AMR-03] SAFETY_STOP min_obstacle_distance=1.10m <= 1.2m
05:19:02.290 [AMR-03] STATE_TRANSITION EMERGENCY_STOP -> MOVING (intent=MOVE)
05:19:02.391 [AMR-03] STATE_TRANSITION MOVING -> EMERGENCY_STOP (intent=STOP)
05:19:02.391 [AMR-03] SAFETY_STOP min_obstacle_distance=1.08m <= 1.2m
05:19:02.492 [AMR-03] STATE_TRANSITION EMERGENCY_STOP -> MOVING (intent=MOVE)
05:19:02.592 [AMR-03] STATE_TRANSITION MOVING -> EMERGENCY_STOP (intent=STOP)
05:19:02.593 [AMR-03] SAFETY_STOP min_obstacle_distance=1.00m <= 1.2m
05:19:02.693 [AMR-03] STATE_TRANSITION EMERGENCY_STOP -> MOVING (intent=MOVE)
05:19:02.794 [AMR-03] STATE_TRANSITION MOVING -> EMERGENCY_STOP (intent=STOP)
05:19:02.794 [AMR-03] SAFETY_STOP min_obstacle_distance=1.01m <= 1.2m
05:19:02.894 [AMR-03] STATE_TRANSITION EMERGENCY_STOP -> MOVING (intent=MOVE)
05:19:02.994 [AMR-03] STATE_TRANSITION MOVING -> EMERGENCY_STOP (intent=STOP)
05:19:02.994 [AMR-03] SAFETY_STOP min_obstacle_distance=1.04m <= 1.2m
05:19:03.096 [AMR-03] STATE_TRANSITION EMERGENCY_STOP -> MOVING (intent=MOVE)
05:19:03.196 [AMR-03] STATE_TRANSITION MOVING -> EMERGENCY_STOP (intent=STOP)
05:19:03.197 [AMR-03] SAFETY_STOP min_obstacle_distance=1.10m <= 1.2m
05:19:03.297 [AMR-03] STATE_TRANSITION EMERGENCY_STOP -> MOVING (intent=MOVE)
05:19:03.397 [AMR-03] STATE_TRANSITION MOVING -> EMERGENCY_STOP (intent=STOP)
05:19:03.397 [AMR-03] SAFETY_STOP min_obstacle_distance=1.08m <= 1.2m
05:19:03.499 [AMR-03] STATE_TRANSITION EMERGENCY_STOP -> MOVING (intent=MOVE)
05:19:03.599 [AMR-03] STATE_TRANSITION MOVING -> EMERGENCY_STOP (intent=STOP)
05:19:03.599 [AMR-03] SAFETY_STOP min_obstacle_distance=1.00m <= 1.2m
05:19:03.699 [AMR-03] STATE_TRANSITION EMERGENCY_STOP -> MOVING (intent=MOVE)
05:19:03.800 [AMR-03] STATE_TRANSITION MOVING -> EMERGENCY_STOP (intent=STOP)
05:19:03.800 [AMR-03] SAFETY_STOP min_obstacle_distance=1.01m <= 1.2m
05:19:03.900 [AMR-03] STATE_TRANSITION EMERGENCY_STOP -> MOVING (intent=MOVE)
05:19:04.001 [AMR-03] STATE_TRANSITION MOVING -> EMERGENCY_STOP (intent=STOP)
05:19:04.001 [AMR-03] SAFETY_STOP min_obstacle_distance=1.04m <= 1.2m
05:19:04.101 [AMR-03] STATE_TRANSITION EMERGENCY_STOP -> MOVING (intent=MOVE)
05:19:04.202 [AMR-03] STATE_TRANSITION MOVING -> EMERGENCY_STOP (intent=STOP)
05:19:04.202 [AMR-03] SAFETY_STOP min_obstacle_distance=1.10m <= 1.2m
05:19:04.303 [AMR-03] STATE_TRANSITION EMERGENCY_STOP -> MOVING (intent=MOVE)
05:19:04.403 [AMR-03] STATE_TRANSITION MOVING -> EMERGENCY_STOP (intent=STOP)
05:19:04.403 [AMR-03] SAFETY_STOP min_obstacle_distance=1.08m <= 1.2m
05:19:04.505 [AMR-03] STATE_TRANSITION EMERGENCY_STOP -> MOVING (intent=MOVE)
05:19:04.605 [AMR-03] STATE_TRANSITION MOVING -> EMERGENCY_STOP (intent=STOP)
05:19:04.605 [AMR-03] SAFETY_STOP min_obstacle_distance=1.00m <= 1.2m
05:19:04.705 [AMR-03] STATE_TRANSITION EMERGENCY_STOP -> MOVING (intent=MOVE)
05:19:04.806 [AMR-03] STATE_TRANSITION MOVING -> EMERGENCY_STOP (intent=STOP)
05:19:04.806 [AMR-03] SAFETY_STOP min_obstacle_distance=1.01m <= 1.2m
05:19:04.908 [AMR-03] STATE_TRANSITION EMERGENCY_STOP -> MOVING (intent=MOVE)
05:19:05.008 [AMR-03] STATE_TRANSITION MOVING -> EMERGENCY_STOP (intent=STOP)
05:19:05.008 [AMR-03] SAFETY_STOP min_obstacle_distance=1.04m <= 1.2m
05:19:05.109 [AMR-03] STATE_TRANSITION EMERGENCY_STOP -> MOVING (intent=MOVE)
05:19:05.210 [AMR-03] STATE_TRANSITION MOVING -> EMERGENCY_STOP (intent=STOP)
05:19:05.210 [AMR-03] SAFETY_STOP min_obstacle_distance=1.10m <= 1.2m
05:19:05.310 [AMR-03] STATE_TRANSITION EMERGENCY_STOP -> MOVING (intent=MOVE)
05:19:05.411 [AMR-03] STATE_TRANSITION MOVING -> EMERGENCY_STOP (intent=STOP)
05:19:05.411 [AMR-03] SAFETY_STOP min_obstacle_distance=1.08m <= 1.2m
05:19:05.512 [AMR-03] STATE_TRANSITION EMERGENCY_STOP -> MOVING (intent=MOVE)
05:19:05.612 [AMR-03] STATE_TRANSITION MOVING -> EMERGENCY_STOP (intent=STOP)
05:19:05.612 [AMR-03] SAFETY_STOP min_obstacle_distance=1.01m <= 1.2m
05:19:05.712 [AMR-03] STATE_TRANSITION EMERGENCY_STOP -> MOVING (intent=MOVE)
05:19:05.814 [AMR-03] STATE_TRANSITION MOVING -> EMERGENCY_STOP (intent=STOP)
05:19:05.814 [AMR-03] SAFETY_STOP min_obstacle_distance=1.04m <= 1.2m
05:19:05.916 [AMR-03] STATE_TRANSITION EMERGENCY_STOP -> MOVING (intent=MOVE)
05:19:06.017 [AMR-03] STATE_TRANSITION MOVING -> EMERGENCY_STOP (intent=STOP)
05:19:06.017 [AMR-03] SAFETY_STOP min_obstacle_distance=1.10m <= 1.2m
05:19:06.118 [AMR-03] STATE_TRANSITION EMERGENCY_STOP -> MOVING (intent=MOVE)
05:19:06.219 [AMR-03] STATE_TRANSITION MOVING -> EMERGENCY_STOP (intent=STOP)
05:19:06.219 [AMR-03] SAFETY_STOP min_obstacle_distance=1.07m <= 1.2m
05:19:06.320 [AMR-03] STATE_TRANSITION EMERGENCY_STOP -> MOVING (intent=MOVE)
05:19:06.422 [AMR-03] STATE_TRANSITION MOVING -> EMERGENCY_STOP (intent=STOP)
05:19:06.422 [AMR-03] SAFETY_STOP min_obstacle_distance=1.03m <= 1.2m
05:19:06.524 [AMR-03] STATE_TRANSITION EMERGENCY_STOP -> MOVING (intent=MOVE)
05:19:06.623 [AMR-03] STATE_TRANSITION MOVING -> EMERGENCY_STOP (intent=STOP)
05:19:06.623 [AMR-03] SAFETY_STOP min_obstacle_distance=1.00m <= 1.2m
05:19:06.725 [AMR-03] STATE_TRANSITION EMERGENCY_STOP -> MOVING (intent=MOVE)
05:19:06.826 [AMR-03] STATE_TRANSITION MOVING -> EMERGENCY_STOP (intent=STOP)
05:19:06.826 [AMR-03] SAFETY_STOP min_obstacle_distance=1.01m <= 1.2m
05:19:06.928 [AMR-03] STATE_TRANSITION EMERGENCY_STOP -> MOVING (intent=MOVE)
05:19:07.029 [AMR-03] STATE_TRANSITION MOVING -> EMERGENCY_STOP (intent=STOP)
05:19:07.029 [AMR-03] SAFETY_STOP min_obstacle_distance=1.04m <= 1.2m
05:19:07.130 [AMR-03] STATE_TRANSITION EMERGENCY_STOP -> MOVING (intent=MOVE)
05:19:07.231 [AMR-03] STATE_TRANSITION MOVING -> EMERGENCY_STOP (intent=STOP)
05:19:07.231 [AMR-03] SAFETY_STOP min_obstacle_distance=1.10m <= 1.2m
05:19:07.332 [AMR-03] STATE_TRANSITION EMERGENCY_STOP -> MOVING (intent=MOVE)
05:19:07.434 [AMR-03] STATE_TRANSITION MOVING -> EMERGENCY_STOP (intent=STOP)
05:19:07.434 [AMR-03] SAFETY_STOP min_obstacle_distance=1.07m <= 1.2m
05:19:07.535 [AMR-03] STATE_TRANSITION EMERGENCY_STOP -> MOVING (intent=MOVE)
05:19:07.636 [AMR-03] STATE_TRANSITION MOVING -> EMERGENCY_STOP (intent=STOP)
05:19:07.636 [AMR-03] SAFETY_STOP min_obstacle_distance=1.01m <= 1.2m
05:19:07.738 [AMR-03] STATE_TRANSITION EMERGENCY_STOP -> MOVING (intent=MOVE)
05:19:07.838 [AMR-03] STATE_TRANSITION MOVING -> EMERGENCY_STOP (intent=STOP)
05:19:07.838 [AMR-03] SAFETY_STOP min_obstacle_distance=1.05m <= 1.2m
05:19:07.938 [AMR-03] STATE_TRANSITION EMERGENCY_STOP -> MOVING (intent=MOVE)
05:19:08.039 [AMR-03] STATE_TRANSITION MOVING -> EMERGENCY_STOP (intent=STOP)
05:19:08.039 [AMR-03] SAFETY_STOP min_obstacle_distance=1.10m <= 1.2m
05:19:08.140 [AMR-03] STATE_TRANSITION EMERGENCY_STOP -> MOVING (intent=MOVE)
05:19:08.240 [AMR-03] STATE_TRANSITION MOVING -> EMERGENCY_STOP (intent=STOP)
05:19:08.241 [AMR-03] SAFETY_STOP min_obstacle_distance=1.07m <= 1.2m
05:19:08.340 [AMR-03] STATE_TRANSITION EMERGENCY_STOP -> MOVING (intent=MOVE)
05:19:08.441 [AMR-03] STATE_TRANSITION MOVING -> EMERGENCY_STOP (intent=STOP)
05:19:08.441 [AMR-03] SAFETY_STOP min_obstacle_distance=1.03m <= 1.2m
05:19:08.542 [AMR-03] STATE_TRANSITION EMERGENCY_STOP -> MOVING (intent=MOVE)
05:19:08.643 [AMR-03] STATE_TRANSITION MOVING -> EMERGENCY_STOP (intent=STOP)
05:19:08.643 [AMR-03] SAFETY_STOP min_obstacle_distance=1.01m <= 1.2m
05:19:08.745 [AMR-03] STATE_TRANSITION EMERGENCY_STOP -> MOVING (intent=MOVE)
05:19:08.846 [AMR-03] STATE_TRANSITION MOVING -> EMERGENCY_STOP (intent=STOP)
05:19:08.846 [AMR-03] SAFETY_STOP min_obstacle_distance=1.04m <= 1.2m
05:19:08.947 [AMR-03] STATE_TRANSITION EMERGENCY_STOP -> MOVING (intent=MOVE)
05:19:09.048 [AMR-03] STATE_TRANSITION MOVING -> EMERGENCY_STOP (intent=STOP)
05:19:09.049 [AMR-03] SAFETY_STOP min_obstacle_distance=1.10m <= 1.2m
05:19:09.150 [AMR-03] STATE_TRANSITION EMERGENCY_STOP -> MOVING (intent=MOVE)
05:19:09.251 [AMR-03] STATE_TRANSITION MOVING -> EMERGENCY_STOP (intent=STOP)
05:19:09.251 [AMR-03] SAFETY_STOP min_obstacle_distance=1.07m <= 1.2m
05:19:09.352 [AMR-03] STATE_TRANSITION EMERGENCY_STOP -> MOVING (intent=MOVE)
05:19:09.453 [AMR-03] STATE_TRANSITION MOVING -> EMERGENCY_STOP (intent=STOP)
05:19:09.453 [AMR-03] SAFETY_STOP min_obstacle_distance=1.03m <= 1.2m
05:19:09.554 [AMR-03] STATE_TRANSITION EMERGENCY_STOP -> MOVING (intent=MOVE)
05:19:09.655 [AMR-03] STATE_TRANSITION MOVING -> EMERGENCY_STOP (intent=STOP)
05:19:09.655 [AMR-03] SAFETY_STOP min_obstacle_distance=1.01m <= 1.2m
05:19:09.756 [AMR-03] STATE_TRANSITION EMERGENCY_STOP -> MOVING (intent=MOVE)
05:19:09.857 [AMR-03] STATE_TRANSITION MOVING -> EMERGENCY_STOP (intent=STOP)
05:19:09.858 [AMR-03] SAFETY_STOP min_obstacle_distance=1.04m <= 1.2m
05:19:09.961 [AMR-03] STATE_TRANSITION EMERGENCY_STOP -> MOVING (intent=MOVE)
05:19:10.060 [AMR-03] STATE_TRANSITION MOVING -> EMERGENCY_STOP (intent=STOP)
05:19:10.060 [AMR-03] SAFETY_STOP min_obstacle_distance=1.10m <= 1.2m
05:19:10.161 [AMR-03] STATE_TRANSITION EMERGENCY_STOP -> MOVING (intent=MOVE)
05:19:10.262 [AMR-03] STATE_TRANSITION MOVING -> EMERGENCY_STOP (intent=STOP)
05:19:10.262 [AMR-03] SAFETY_STOP min_obstacle_distance=1.07m <= 1.2m
05:19:10.363 [AMR-03] STATE_TRANSITION EMERGENCY_STOP -> MOVING (intent=MOVE)
05:19:10.464 [AMR-03] STATE_TRANSITION MOVING -> EMERGENCY_STOP (intent=STOP)
05:19:10.464 [AMR-03] SAFETY_STOP min_obstacle_distance=1.03m <= 1.2m
05:19:10.565 [AMR-03] STATE_TRANSITION EMERGENCY_STOP -> MOVING (intent=MOVE)
05:19:10.666 [AMR-03] STATE_TRANSITION MOVING -> EMERGENCY_STOP (intent=STOP)
05:19:10.666 [AMR-03] SAFETY_STOP min_obstacle_distance=1.01m <= 1.2m
05:19:10.767 [AMR-03] STATE_TRANSITION EMERGENCY_STOP -> MOVING (intent=MOVE)
05:19:10.868 [AMR-03] STATE_TRANSITION MOVING -> EMERGENCY_STOP (intent=STOP)
05:19:10.868 [AMR-03] SAFETY_STOP min_obstacle_distance=1.04m <= 1.2m
05:19:10.969 [AMR-03] STATE_TRANSITION EMERGENCY_STOP -> MOVING (intent=MOVE)
05:19:11.070 [AMR-03] STATE_TRANSITION MOVING -> EMERGENCY_STOP (intent=STOP)
05:19:11.071 [AMR-03] SAFETY_STOP min_obstacle_distance=1.10m <= 1.2m
05:19:11.172 [AMR-03] STATE_TRANSITION EMERGENCY_STOP -> MOVING (intent=MOVE)
05:19:11.273 [AMR-03] STATE_TRANSITION MOVING -> EMERGENCY_STOP (intent=STOP)
05:19:11.273 [AMR-03] SAFETY_STOP min_obstacle_distance=1.07m <= 1.2m
05:19:11.375 [AMR-03] STATE_TRANSITION EMERGENCY_STOP -> MOVING (intent=MOVE)
05:19:11.477 [AMR-03] STATE_TRANSITION MOVING -> EMERGENCY_STOP (intent=STOP)
05:19:11.477 [AMR-03] SAFETY_STOP min_obstacle_distance=1.03m <= 1.2m
05:19:11.577 [AMR-03] STATE_TRANSITION EMERGENCY_STOP -> MOVING (intent=MOVE)
05:19:11.678 [AMR-03] STATE_TRANSITION MOVING -> EMERGENCY_STOP (intent=STOP)
05:19:11.678 [AMR-03] SAFETY_STOP min_obstacle_distance=1.01m <= 1.2m
05:19:11.779 [AMR-03] STATE_TRANSITION EMERGENCY_STOP -> MOVING (intent=MOVE)
05:19:11.881 [AMR-03] STATE_TRANSITION MOVING -> EMERGENCY_STOP (intent=STOP)
05:19:11.881 [AMR-03] SAFETY_STOP min_obstacle_distance=1.04m <= 1.2m
05:19:11.982 [AMR-03] STATE_TRANSITION EMERGENCY_STOP -> MOVING (intent=MOVE)
05:19:12.083 [AMR-03] STATE_TRANSITION MOVING -> EMERGENCY_STOP (intent=STOP)
05:19:12.083 [AMR-03] SAFETY_STOP min_obstacle_distance=1.10m <= 1.2m
05:19:12.185 [AMR-03] STATE_TRANSITION EMERGENCY_STOP -> MOVING (intent=MOVE)
05:19:12.287 [AMR-03] STATE_TRANSITION MOVING -> EMERGENCY_STOP (intent=STOP)
05:19:12.287 [AMR-03] SAFETY_STOP min_obstacle_distance=1.07m <= 1.2m
05:19:12.388 [AMR-03] STATE_TRANSITION EMERGENCY_STOP -> MOVING (intent=MOVE)
05:19:12.489 [AMR-03] STATE_TRANSITION MOVING -> EMERGENCY_STOP (intent=STOP)
05:19:12.489 [AMR-03] SAFETY_STOP min_obstacle_distance=1.03m <= 1.2m
05:19:12.590 [AMR-03] STATE_TRANSITION EMERGENCY_STOP -> MOVING (intent=MOVE)
05:19:12.691 [AMR-03] STATE_TRANSITION MOVING -> EMERGENCY_STOP (intent=STOP)
05:19:12.691 [AMR-03] SAFETY_STOP min_obstacle_distance=1.01m <= 1.2m
05:19:12.792 [AMR-03] STATE_TRANSITION EMERGENCY_STOP -> MOVING (intent=MOVE)
05:19:12.894 [AMR-03] STATE_TRANSITION MOVING -> EMERGENCY_STOP (intent=STOP)
05:19:12.894 [AMR-03] SAFETY_STOP min_obstacle_distance=1.04m <= 1.2m
05:19:12.996 [AMR-03] STATE_TRANSITION EMERGENCY_STOP -> MOVING (intent=MOVE)
05:19:13.096 [AMR-03] STATE_TRANSITION MOVING -> EMERGENCY_STOP (intent=STOP)
05:19:13.096 [AMR-03] SAFETY_STOP min_obstacle_distance=1.10m <= 1.2m
05:19:13.196 [AMR-03] STATE_TRANSITION EMERGENCY_STOP -> MOVING (intent=MOVE)
05:19:13.296 [AMR-03] STATE_TRANSITION MOVING -> EMERGENCY_STOP (intent=STOP)
05:19:13.296 [AMR-03] SAFETY_STOP min_obstacle_distance=1.07m <= 1.2m
05:19:13.398 [AMR-03] STATE_TRANSITION EMERGENCY_STOP -> MOVING (intent=MOVE)
05:19:13.498 [AMR-03] STATE_TRANSITION MOVING -> EMERGENCY_STOP (intent=STOP)
05:19:13.498 [AMR-03] SAFETY_STOP min_obstacle_distance=1.00m <= 1.2m
05:19:13.599 [AMR-03] STATE_TRANSITION EMERGENCY_STOP -> MOVING (intent=MOVE)
05:19:13.701 [AMR-03] STATE_TRANSITION MOVING -> EMERGENCY_STOP (intent=STOP)
05:19:13.701 [AMR-03] SAFETY_STOP min_obstacle_distance=1.01m <= 1.2m
05:19:13.802 [AMR-03] STATE_TRANSITION EMERGENCY_STOP -> MOVING (intent=MOVE)
05:19:13.902 [AMR-03] STATE_TRANSITION MOVING -> EMERGENCY_STOP (intent=STOP)
05:19:13.902 [AMR-03] SAFETY_STOP min_obstacle_distance=1.05m <= 1.2m
05:19:14.004 [AMR-03] STATE_TRANSITION EMERGENCY_STOP -> MOVING (intent=MOVE)
05:19:14.103 [AMR-03] STATE_TRANSITION MOVING -> EMERGENCY_STOP (intent=STOP)
05:19:14.103 [AMR-03] SAFETY_STOP min_obstacle_distance=1.10m <= 1.2m
05:19:14.206 [AMR-03] STATE_TRANSITION EMERGENCY_STOP -> MOVING (intent=MOVE)
05:19:14.308 [AMR-03] STATE_TRANSITION MOVING -> EMERGENCY_STOP (intent=STOP)
05:19:14.308 [AMR-03] SAFETY_STOP min_obstacle_distance=1.07m <= 1.2m
05:19:14.408 [AMR-03] STATE_TRANSITION EMERGENCY_STOP -> MOVING (intent=MOVE)
05:19:14.510 [AMR-03] STATE_TRANSITION MOVING -> EMERGENCY_STOP (intent=STOP)
05:19:14.511 [AMR-03] SAFETY_STOP min_obstacle_distance=1.00m <= 1.2m
05:19:14.611 [AMR-03] STATE_TRANSITION EMERGENCY_STOP -> MOVING (intent=MOVE)
05:19:14.713 [AMR-03] STATE_TRANSITION MOVING -> EMERGENCY_STOP (intent=STOP)
05:19:14.713 [AMR-03] SAFETY_STOP min_obstacle_distance=1.01m <= 1.2m
05:19:14.814 [AMR-03] STATE_TRANSITION EMERGENCY_STOP -> MOVING (intent=MOVE)
05:19:14.916 [AMR-03] STATE_TRANSITION MOVING -> EMERGENCY_STOP (intent=STOP)
05:19:14.916 [AMR-03] SAFETY_STOP min_obstacle_distance=1.05m <= 1.2m
05:19:15.016 [AMR-03] STATE_TRANSITION EMERGENCY_STOP -> MOVING (intent=MOVE)
05:19:15.117 [AMR-03] STATE_TRANSITION MOVING -> EMERGENCY_STOP (intent=STOP)
05:19:15.117 [AMR-03] SAFETY_STOP min_obstacle_distance=1.10m <= 1.2m
05:19:15.218 [AMR-03] STATE_TRANSITION EMERGENCY_STOP -> MOVING (intent=MOVE)
05:19:15.318 [AMR-03] STATE_TRANSITION MOVING -> EMERGENCY_STOP (intent=STOP)
05:19:15.318 [AMR-03] SAFETY_STOP min_obstacle_distance=1.07m <= 1.2m
05:19:15.419 [AMR-03] STATE_TRANSITION EMERGENCY_STOP -> MOVING (intent=MOVE)
05:19:15.520 [AMR-03] STATE_TRANSITION MOVING -> EMERGENCY_STOP (intent=STOP)
05:19:15.520 [AMR-03] SAFETY_STOP min_obstacle_distance=1.00m <= 1.2m
05:19:15.621 [AMR-03] STATE_TRANSITION EMERGENCY_STOP -> MOVING (intent=MOVE)
05:19:15.722 [AMR-03] STATE_TRANSITION MOVING -> EMERGENCY_STOP (intent=STOP)
05:19:15.722 [AMR-03] SAFETY_STOP min_obstacle_distance=1.01m <= 1.2m
05:19:15.823 [AMR-03] STATE_TRANSITION EMERGENCY_STOP -> MOVING (intent=MOVE)
05:19:15.924 [AMR-03] STATE_TRANSITION MOVING -> EMERGENCY_STOP (intent=STOP)
05:19:15.924 [AMR-03] SAFETY_STOP min_obstacle_distance=1.05m <= 1.2m
05:19:16.025 [AMR-03] STATE_TRANSITION EMERGENCY_STOP -> MOVING (intent=MOVE)
05:19:16.127 [AMR-03] STATE_TRANSITION MOVING -> EMERGENCY_STOP (intent=STOP)
05:19:16.127 [AMR-03] SAFETY_STOP min_obstacle_distance=1.10m <= 1.2m
05:19:16.228 [AMR-03] STATE_TRANSITION EMERGENCY_STOP -> MOVING (intent=MOVE)
05:19:16.329 [AMR-03] STATE_TRANSITION MOVING -> EMERGENCY_STOP (intent=STOP)
05:19:16.329 [AMR-03] SAFETY_STOP min_obstacle_distance=1.07m <= 1.2m
05:19:16.431 [AMR-03] STATE_TRANSITION EMERGENCY_STOP -> MOVING (intent=MOVE)
05:19:16.531 [AMR-03] STATE_TRANSITION MOVING -> EMERGENCY_STOP (intent=STOP)
05:19:16.531 [AMR-03] SAFETY_STOP min_obstacle_distance=1.00m <= 1.2m
05:19:16.633 [AMR-03] STATE_TRANSITION EMERGENCY_STOP -> MOVING (intent=MOVE)
05:19:16.734 [AMR-03] STATE_TRANSITION MOVING -> EMERGENCY_STOP (intent=STOP)
05:19:16.734 [AMR-03] SAFETY_STOP min_obstacle_distance=1.01m <= 1.2m
05:19:16.835 [AMR-03] STATE_TRANSITION EMERGENCY_STOP -> MOVING (intent=MOVE)
05:19:16.936 [AMR-03] STATE_TRANSITION MOVING -> EMERGENCY_STOP (intent=STOP)
05:19:16.936 [AMR-03] SAFETY_STOP min_obstacle_distance=1.05m <= 1.2m
05:19:17.038 [AMR-03] STATE_TRANSITION EMERGENCY_STOP -> MOVING (intent=MOVE)
05:19:17.139 [AMR-03] STATE_TRANSITION MOVING -> EMERGENCY_STOP (intent=STOP)
05:19:17.140 [AMR-03] SAFETY_STOP min_obstacle_distance=1.10m <= 1.2m
05:19:17.241 [AMR-03] STATE_TRANSITION EMERGENCY_STOP -> MOVING (intent=MOVE)
05:19:17.343 [AMR-03] STATE_TRANSITION MOVING -> EMERGENCY_STOP (intent=STOP)
05:19:17.343 [AMR-03] SAFETY_STOP min_obstacle_distance=1.07m <= 1.2m
05:19:17.445 [AMR-03] STATE_TRANSITION EMERGENCY_STOP -> MOVING (intent=MOVE)
05:19:17.545 [AMR-03] STATE_TRANSITION MOVING -> EMERGENCY_STOP (intent=STOP)
05:19:17.546 [AMR-03] SAFETY_STOP min_obstacle_distance=1.00m <= 1.2m
05:19:17.646 [AMR-03] STATE_TRANSITION EMERGENCY_STOP -> MOVING (intent=MOVE)
05:19:17.747 [AMR-03] STATE_TRANSITION MOVING -> EMERGENCY_STOP (intent=STOP)
05:19:17.747 [AMR-03] SAFETY_STOP min_obstacle_distance=1.01m <= 1.2m
05:19:17.849 [AMR-03] STATE_TRANSITION EMERGENCY_STOP -> MOVING (intent=MOVE)
05:19:17.949 [AMR-03] STATE_TRANSITION MOVING -> EMERGENCY_STOP (intent=STOP)
05:19:17.949 [AMR-03] SAFETY_STOP min_obstacle_distance=1.04m <= 1.2m
05:19:18.050 [AMR-03] STATE_TRANSITION EMERGENCY_STOP -> MOVING (intent=MOVE)
05:19:18.151 [AMR-03] STATE_TRANSITION MOVING -> EMERGENCY_STOP (intent=STOP)
05:19:18.151 [AMR-03] SAFETY_STOP min_obstacle_distance=1.10m <= 1.2m
05:19:18.251 [AMR-03] STATE_TRANSITION EMERGENCY_STOP -> MOVING (intent=MOVE)
05:19:18.352 [AMR-03] STATE_TRANSITION MOVING -> EMERGENCY_STOP (intent=STOP)
05:19:18.352 [AMR-03] SAFETY_STOP min_obstacle_distance=1.08m <= 1.2m
05:19:18.453 [AMR-03] STATE_TRANSITION EMERGENCY_STOP -> MOVING (intent=MOVE)
05:19:18.553 [AMR-03] STATE_TRANSITION MOVING -> EMERGENCY_STOP (intent=STOP)
05:19:18.553 [AMR-03] SAFETY_STOP min_obstacle_distance=1.00m <= 1.2m
05:19:18.654 [AMR-03] STATE_TRANSITION EMERGENCY_STOP -> MOVING (intent=MOVE)
05:19:18.755 [AMR-03] STATE_TRANSITION MOVING -> EMERGENCY_STOP (intent=STOP)
05:19:18.755 [AMR-03] SAFETY_STOP min_obstacle_distance=1.01m <= 1.2m
05:19:18.855 [AMR-03] STATE_TRANSITION EMERGENCY_STOP -> MOVING (intent=MOVE)
05:19:18.955 [AMR-03] STATE_TRANSITION MOVING -> EMERGENCY_STOP (intent=STOP)
05:19:18.955 [AMR-03] SAFETY_STOP min_obstacle_distance=1.04m <= 1.2m
05:19:19.058 [AMR-03] STATE_TRANSITION EMERGENCY_STOP -> MOVING (intent=MOVE)
05:19:19.159 [AMR-03] STATE_TRANSITION MOVING -> EMERGENCY_STOP (intent=STOP)
05:19:19.159 [AMR-03] SAFETY_STOP min_obstacle_distance=1.10m <= 1.2m
05:19:19.261 [AMR-03] STATE_TRANSITION EMERGENCY_STOP -> MOVING (intent=MOVE)
05:19:19.361 [AMR-03] STATE_TRANSITION MOVING -> EMERGENCY_STOP (intent=STOP)
05:19:19.362 [AMR-03] SAFETY_STOP min_obstacle_distance=1.07m <= 1.2m
05:19:19.464 [AMR-03] STATE_TRANSITION EMERGENCY_STOP -> MOVING (intent=MOVE)
05:19:19.564 [AMR-03] STATE_TRANSITION MOVING -> EMERGENCY_STOP (intent=STOP)
05:19:19.564 [AMR-03] SAFETY_STOP min_obstacle_distance=1.00m <= 1.2m
05:19:19.665 [AMR-03] STATE_TRANSITION EMERGENCY_STOP -> MOVING (intent=MOVE)
05:19:19.766 [AMR-03] STATE_TRANSITION MOVING -> EMERGENCY_STOP (intent=STOP)
05:19:19.766 [AMR-03] SAFETY_STOP min_obstacle_distance=1.01m <= 1.2m
05:19:19.868 [AMR-03] STATE_TRANSITION EMERGENCY_STOP -> MOVING (intent=MOVE)
05:19:19.970 [AMR-03] STATE_TRANSITION MOVING -> EMERGENCY_STOP (intent=STOP)
05:19:19.970 [AMR-03] SAFETY_STOP min_obstacle_distance=1.04m <= 1.2m
05:19:20.070 [AMR-03] STATE_TRANSITION EMERGENCY_STOP -> MOVING (intent=MOVE)
05:19:20.172 [AMR-03] STATE_TRANSITION MOVING -> EMERGENCY_STOP (intent=STOP)
05:19:20.172 [AMR-03] SAFETY_STOP min_obstacle_distance=1.10m <= 1.2m
05:19:20.274 [AMR-03] STATE_TRANSITION EMERGENCY_STOP -> MOVING (intent=MOVE)
05:19:20.375 [AMR-03] STATE_TRANSITION MOVING -> EMERGENCY_STOP (intent=STOP)
05:19:20.375 [AMR-03] SAFETY_STOP min_obstacle_distance=1.07m <= 1.2m
05:19:20.477 [AMR-03] STATE_TRANSITION EMERGENCY_STOP -> MOVING (intent=MOVE)
05:19:20.578 [AMR-03] STATE_TRANSITION MOVING -> EMERGENCY_STOP (intent=STOP)
05:19:20.578 [AMR-03] SAFETY_STOP min_obstacle_distance=1.00m <= 1.2m
05:19:20.680 [AMR-03] STATE_TRANSITION EMERGENCY_STOP -> MOVING (intent=MOVE)
05:19:20.781 [AMR-03] STATE_TRANSITION MOVING -> EMERGENCY_STOP (intent=STOP)
05:19:20.781 [AMR-03] SAFETY_STOP min_obstacle_distance=1.01m <= 1.2m
05:19:20.882 [AMR-03] STATE_TRANSITION EMERGENCY_STOP -> MOVING (intent=MOVE)
05:19:20.984 [AMR-03] STATE_TRANSITION MOVING -> EMERGENCY_STOP (intent=STOP)
05:19:20.984 [AMR-03] SAFETY_STOP min_obstacle_distance=1.05m <= 1.2m
05:19:21.085 [AMR-03] STATE_TRANSITION EMERGENCY_STOP -> MOVING (intent=MOVE)
05:19:21.186 [AMR-03] STATE_TRANSITION MOVING -> EMERGENCY_STOP (intent=STOP)
05:19:21.187 [AMR-03] SAFETY_STOP min_obstacle_distance=1.10m <= 1.2m
05:19:21.288 [AMR-03] STATE_TRANSITION EMERGENCY_STOP -> MOVING (intent=MOVE)
05:19:21.389 [AMR-03] STATE_TRANSITION MOVING -> EMERGENCY_STOP (intent=STOP)
05:19:21.390 [AMR-03] SAFETY_STOP min_obstacle_distance=1.07m <= 1.2m
05:19:21.492 [AMR-03] STATE_TRANSITION EMERGENCY_STOP -> MOVING (intent=MOVE)
05:19:21.592 [AMR-03] STATE_TRANSITION MOVING -> EMERGENCY_STOP (intent=STOP)
05:19:21.592 [AMR-03] SAFETY_STOP min_obstacle_distance=1.00m <= 1.2m
05:19:21.693 [AMR-03] STATE_TRANSITION EMERGENCY_STOP -> MOVING (intent=MOVE)
05:19:21.794 [AMR-03] STATE_TRANSITION MOVING -> EMERGENCY_STOP (intent=STOP)
05:19:21.794 [AMR-03] SAFETY_STOP min_obstacle_distance=1.01m <= 1.2m
05:19:21.895 [AMR-03] STATE_TRANSITION EMERGENCY_STOP -> MOVING (intent=MOVE)
05:19:21.996 [AMR-03] STATE_TRANSITION MOVING -> EMERGENCY_STOP (intent=STOP)
05:19:21.996 [AMR-03] SAFETY_STOP min_obstacle_distance=1.04m <= 1.2m
05:19:22.097 [AMR-03] STATE_TRANSITION EMERGENCY_STOP -> MOVING (intent=MOVE)
05:19:22.199 [AMR-03] STATE_TRANSITION MOVING -> EMERGENCY_STOP (intent=STOP)
05:19:22.199 [AMR-03] SAFETY_STOP min_obstacle_distance=1.10m <= 1.2m
05:19:22.300 [AMR-03] STATE_TRANSITION EMERGENCY_STOP -> MOVING (intent=MOVE)
05:19:22.401 [AMR-03] STATE_TRANSITION MOVING -> EMERGENCY_STOP (intent=STOP)
05:19:22.401 [AMR-03] SAFETY_STOP min_obstacle_distance=1.07m <= 1.2m
05:19:22.502 [AMR-03] STATE_TRANSITION EMERGENCY_STOP -> MOVING (intent=MOVE)
05:19:22.603 [AMR-03] STATE_TRANSITION MOVING -> EMERGENCY_STOP (intent=STOP)
05:19:22.603 [AMR-03] SAFETY_STOP min_obstacle_distance=1.01m <= 1.2m
05:19:22.705 [AMR-03] STATE_TRANSITION EMERGENCY_STOP -> MOVING (intent=MOVE)
05:19:22.807 [AMR-03] STATE_TRANSITION MOVING -> EMERGENCY_STOP (intent=STOP)
05:19:22.807 [AMR-03] SAFETY_STOP min_obstacle_distance=1.05m <= 1.2m
05:19:22.909 [AMR-03] STATE_TRANSITION EMERGENCY_STOP -> MOVING (intent=MOVE)
05:19:23.010 [AMR-03] STATE_TRANSITION MOVING -> EMERGENCY_STOP (intent=STOP)
05:19:23.010 [AMR-03] SAFETY_STOP min_obstacle_distance=1.10m <= 1.2m
05:19:23.112 [AMR-03] STATE_TRANSITION EMERGENCY_STOP -> MOVING (intent=MOVE)
05:19:23.214 [AMR-03] STATE_TRANSITION MOVING -> EMERGENCY_STOP (intent=STOP)
05:19:23.214 [AMR-03] SAFETY_STOP min_obstacle_distance=1.07m <= 1.2m
05:19:23.315 [AMR-03] STATE_TRANSITION EMERGENCY_STOP -> MOVING (intent=MOVE)
05:19:23.418 [AMR-03] STATE_TRANSITION MOVING -> EMERGENCY_STOP (intent=STOP)
05:19:23.418 [AMR-03] SAFETY_STOP min_obstacle_distance=1.03m <= 1.2m
05:19:23.520 [AMR-03] STATE_TRANSITION EMERGENCY_STOP -> MOVING (intent=MOVE)
05:19:23.619 [AMR-03] STATE_TRANSITION MOVING -> EMERGENCY_STOP (intent=STOP)
05:19:23.619 [AMR-03] SAFETY_STOP min_obstacle_distance=1.01m <= 1.2m
05:19:23.721 [AMR-03] STATE_TRANSITION EMERGENCY_STOP -> MOVING (intent=MOVE)
05:19:23.822 [AMR-03] STATE_TRANSITION MOVING -> EMERGENCY_STOP (intent=STOP)
05:19:23.822 [AMR-03] SAFETY_STOP min_obstacle_distance=1.05m <= 1.2m
05:19:23.922 [AMR-03] STATE_TRANSITION EMERGENCY_STOP -> MOVING (intent=MOVE)
05:19:24.024 [AMR-03] STATE_TRANSITION MOVING -> EMERGENCY_STOP (intent=STOP)
05:19:24.024 [AMR-03] SAFETY_STOP min_obstacle_distance=1.10m <= 1.2m
05:19:24.126 [AMR-03] STATE_TRANSITION EMERGENCY_STOP -> MOVING (intent=MOVE)
05:19:24.227 [AMR-03] STATE_TRANSITION MOVING -> EMERGENCY_STOP (intent=STOP)
05:19:24.228 [AMR-03] SAFETY_STOP min_obstacle_distance=1.07m <= 1.2m
05:19:24.328 [AMR-03] STATE_TRANSITION EMERGENCY_STOP -> MOVING (intent=MOVE)
05:19:24.430 [AMR-03] STATE_TRANSITION MOVING -> EMERGENCY_STOP (intent=STOP)
05:19:24.430 [AMR-03] SAFETY_STOP min_obstacle_distance=1.03m <= 1.2m
05:19:24.531 [AMR-03] STATE_TRANSITION EMERGENCY_STOP -> MOVING (intent=MOVE)
05:19:24.631 [AMR-03] STATE_TRANSITION MOVING -> EMERGENCY_STOP (intent=STOP)
05:19:24.631 [AMR-03] SAFETY_STOP min_obstacle_distance=1.00m <= 1.2m
05:19:24.733 [AMR-03] STATE_TRANSITION EMERGENCY_STOP -> MOVING (intent=MOVE)
05:19:24.834 [AMR-03] STATE_TRANSITION MOVING -> EMERGENCY_STOP (intent=STOP)
05:19:24.834 [AMR-03] SAFETY_STOP min_obstacle_distance=1.01m <= 1.2m
05:19:24.935 [AMR-03] STATE_TRANSITION EMERGENCY_STOP -> MOVING (intent=MOVE)
05:19:25.038 [AMR-03] STATE_TRANSITION MOVING -> EMERGENCY_STOP (intent=STOP)
05:19:25.038 [AMR-03] SAFETY_STOP min_obstacle_distance=1.04m <= 1.2m
05:19:25.139 [AMR-03] STATE_TRANSITION EMERGENCY_STOP -> MOVING (intent=MOVE)
05:19:25.241 [AMR-03] STATE_TRANSITION MOVING -> EMERGENCY_STOP (intent=STOP)
05:19:25.241 [AMR-03] SAFETY_STOP min_obstacle_distance=1.10m <= 1.2m
05:19:25.342 [AMR-03] STATE_TRANSITION EMERGENCY_STOP -> MOVING (intent=MOVE)
05:19:25.444 [AMR-03] STATE_TRANSITION MOVING -> EMERGENCY_STOP (intent=STOP)
05:19:25.444 [AMR-03] SAFETY_STOP min_obstacle_distance=1.07m <= 1.2m
05:19:25.544 [AMR-03] STATE_TRANSITION EMERGENCY_STOP -> MOVING (intent=MOVE)
05:19:25.645 [AMR-03] STATE_TRANSITION MOVING -> EMERGENCY_STOP (intent=STOP)
05:19:25.645 [AMR-03] SAFETY_STOP min_obstacle_distance=1.01m <= 1.2m
05:19:25.748 [AMR-03] STATE_TRANSITION EMERGENCY_STOP -> MOVING (intent=MOVE)
05:19:25.850 [AMR-03] STATE_TRANSITION MOVING -> EMERGENCY_STOP (intent=STOP)
05:19:25.850 [AMR-03] SAFETY_STOP min_obstacle_distance=1.05m <= 1.2m
05:19:25.951 [AMR-03] STATE_TRANSITION EMERGENCY_STOP -> MOVING (intent=MOVE)
05:19:26.052 [AMR-03] STATE_TRANSITION MOVING -> EMERGENCY_STOP (intent=STOP)
05:19:26.052 [AMR-03] SAFETY_STOP min_obstacle_distance=1.10m <= 1.2m
05:19:26.154 [AMR-03] STATE_TRANSITION EMERGENCY_STOP -> MOVING (intent=MOVE)
05:19:26.256 [AMR-03] STATE_TRANSITION MOVING -> EMERGENCY_STOP (intent=STOP)
05:19:26.256 [AMR-03] SAFETY_STOP min_obstacle_distance=1.07m <= 1.2m
05:19:26.358 [AMR-03] STATE_TRANSITION EMERGENCY_STOP -> MOVING (intent=MOVE)
05:19:26.459 [AMR-03] STATE_TRANSITION MOVING -> EMERGENCY_STOP (intent=STOP)
05:19:26.460 [AMR-03] SAFETY_STOP min_obstacle_distance=1.03m <= 1.2m
05:19:26.559 [AMR-03] STATE_TRANSITION EMERGENCY_STOP -> MOVING (intent=MOVE)
05:19:26.660 [AMR-03] STATE_TRANSITION MOVING -> EMERGENCY_STOP (intent=STOP)
05:19:26.660 [AMR-03] SAFETY_STOP min_obstacle_distance=1.01m <= 1.2m
05:19:26.761 [AMR-03] STATE_TRANSITION EMERGENCY_STOP -> MOVING (intent=MOVE)
05:19:26.862 [AMR-03] STATE_TRANSITION MOVING -> EMERGENCY_STOP (intent=STOP)
05:19:26.862 [AMR-03] SAFETY_STOP min_obstacle_distance=1.04m <= 1.2m
05:19:26.965 [AMR-03] STATE_TRANSITION EMERGENCY_STOP -> MOVING (intent=MOVE)
05:19:27.065 [AMR-03] STATE_TRANSITION MOVING -> EMERGENCY_STOP (intent=STOP)
05:19:27.065 [AMR-03] SAFETY_STOP min_obstacle_distance=1.10m <= 1.2m
05:19:27.167 [AMR-03] STATE_TRANSITION EMERGENCY_STOP -> MOVING (intent=MOVE)
05:19:27.267 [AMR-03] STATE_TRANSITION MOVING -> EMERGENCY_STOP (intent=STOP)
05:19:27.267 [AMR-03] SAFETY_STOP min_obstacle_distance=1.07m <= 1.2m
05:19:27.369 [AMR-03] STATE_TRANSITION EMERGENCY_STOP -> MOVING (intent=MOVE)
05:19:27.471 [AMR-03] STATE_TRANSITION MOVING -> EMERGENCY_STOP (intent=STOP)
05:19:27.471 [AMR-03] SAFETY_STOP min_obstacle_distance=1.03m <= 1.2m
05:19:27.571 [AMR-03] STATE_TRANSITION EMERGENCY_STOP -> MOVING (intent=MOVE)
05:19:27.672 [AMR-03] STATE_TRANSITION MOVING -> EMERGENCY_STOP (intent=STOP)
05:19:27.672 [AMR-03] SAFETY_STOP min_obstacle_distance=1.01m <= 1.2m
05:19:27.773 [AMR-03] STATE_TRANSITION EMERGENCY_STOP -> MOVING (intent=MOVE)
05:19:27.874 [AMR-03] STATE_TRANSITION MOVING -> EMERGENCY_STOP (intent=STOP)
05:19:27.874 [AMR-03] SAFETY_STOP min_obstacle_distance=1.04m <= 1.2m
05:19:27.975 [AMR-03] STATE_TRANSITION EMERGENCY_STOP -> MOVING (intent=MOVE)
05:19:28.076 [AMR-03] STATE_TRANSITION MOVING -> EMERGENCY_STOP (intent=STOP)
05:19:28.076 [AMR-03] SAFETY_STOP min_obstacle_distance=1.10m <= 1.2m
05:19:28.177 [AMR-03] STATE_TRANSITION EMERGENCY_STOP -> MOVING (intent=MOVE)
05:19:28.278 [AMR-03] STATE_TRANSITION MOVING -> EMERGENCY_STOP (intent=STOP)
05:19:28.278 [AMR-03] SAFETY_STOP min_obstacle_distance=1.07m <= 1.2m
05:19:28.380 [AMR-03] STATE_TRANSITION EMERGENCY_STOP -> MOVING (intent=MOVE)
05:19:28.481 [AMR-03] STATE_TRANSITION MOVING -> EMERGENCY_STOP (intent=STOP)
05:19:28.481 [AMR-03] SAFETY_STOP min_obstacle_distance=1.03m <= 1.2m
05:19:28.582 [AMR-03] STATE_TRANSITION EMERGENCY_STOP -> MOVING (intent=MOVE)
05:19:28.683 [AMR-03] STATE_TRANSITION MOVING -> EMERGENCY_STOP (intent=STOP)
05:19:28.683 [AMR-03] SAFETY_STOP min_obstacle_distance=1.01m <= 1.2m
05:19:28.784 [AMR-03] STATE_TRANSITION EMERGENCY_STOP -> MOVING (intent=MOVE)
05:19:28.885 [AMR-03] STATE_TRANSITION MOVING -> EMERGENCY_STOP (intent=STOP)
05:19:28.885 [AMR-03] SAFETY_STOP min_obstacle_distance=1.04m <= 1.2m
05:19:28.986 [AMR-03] STATE_TRANSITION EMERGENCY_STOP -> MOVING (intent=MOVE)
05:19:29.087 [AMR-03] STATE_TRANSITION MOVING -> EMERGENCY_STOP (intent=STOP)
05:19:29.087 [AMR-03] SAFETY_STOP min_obstacle_distance=1.10m <= 1.2m
05:19:29.188 [AMR-03] STATE_TRANSITION EMERGENCY_STOP -> MOVING (intent=MOVE)
05:19:29.289 [AMR-03] STATE_TRANSITION MOVING -> EMERGENCY_STOP (intent=STOP)
05:19:29.289 [AMR-03] SAFETY_STOP min_obstacle_distance=1.07m <= 1.2m
05:19:29.390 [AMR-03] STATE_TRANSITION EMERGENCY_STOP -> MOVING (intent=MOVE)
05:19:29.492 [AMR-03] STATE_TRANSITION MOVING -> EMERGENCY_STOP (intent=STOP)
05:19:29.492 [AMR-03] SAFETY_STOP min_obstacle_distance=1.03m <= 1.2m
05:19:29.592 [AMR-03] STATE_TRANSITION EMERGENCY_STOP -> MOVING (intent=MOVE)
05:19:29.693 [AMR-03] STATE_TRANSITION MOVING -> EMERGENCY_STOP (intent=STOP)
05:19:29.693 [AMR-03] SAFETY_STOP min_obstacle_distance=1.01m <= 1.2m
05:19:29.794 [AMR-03] STATE_TRANSITION EMERGENCY_STOP -> MOVING (intent=MOVE)
05:19:29.896 [AMR-03] STATE_TRANSITION MOVING -> EMERGENCY_STOP (intent=STOP)
05:19:29.896 [AMR-03] SAFETY_STOP min_obstacle_distance=1.04m <= 1.2m
05:19:29.998 [AMR-03] STATE_TRANSITION EMERGENCY_STOP -> MOVING (intent=MOVE)
05:19:30.100 [AMR-03] STATE_TRANSITION MOVING -> EMERGENCY_STOP (intent=STOP)
05:19:30.100 [AMR-03] SAFETY_STOP min_obstacle_distance=1.10m <= 1.2m
05:19:30.201 [AMR-03] STATE_TRANSITION EMERGENCY_STOP -> MOVING (intent=MOVE)
05:19:30.303 [AMR-03] STATE_TRANSITION MOVING -> EMERGENCY_STOP (intent=STOP)
05:19:30.303 [AMR-03] SAFETY_STOP min_obstacle_distance=1.07m <= 1.2m
05:19:30.405 [AMR-03] STATE_TRANSITION EMERGENCY_STOP -> MOVING (intent=MOVE)
05:19:30.505 [AMR-03] STATE_TRANSITION MOVING -> EMERGENCY_STOP (intent=STOP)
05:19:30.505 [AMR-03] SAFETY_STOP min_obstacle_distance=1.00m <= 1.2m
05:19:30.606 [AMR-03] STATE_TRANSITION EMERGENCY_STOP -> MOVING (intent=MOVE)
05:19:30.707 [AMR-03] STATE_TRANSITION MOVING -> EMERGENCY_STOP (intent=STOP)
05:19:30.707 [AMR-03] SAFETY_STOP min_obstacle_distance=1.01m <= 1.2m
05:19:30.808 [AMR-03] STATE_TRANSITION EMERGENCY_STOP -> MOVING (intent=MOVE)
05:19:30.909 [AMR-03] STATE_TRANSITION MOVING -> EMERGENCY_STOP (intent=STOP)
05:19:30.909 [AMR-03] SAFETY_STOP min_obstacle_distance=1.04m <= 1.2m
05:19:31.010 [AMR-03] STATE_TRANSITION EMERGENCY_STOP -> MOVING (intent=MOVE)
05:19:31.111 [AMR-03] STATE_TRANSITION MOVING -> EMERGENCY_STOP (intent=STOP)
05:19:31.112 [AMR-03] SAFETY_STOP min_obstacle_distance=1.10m <= 1.2m
05:19:31.213 [AMR-03] STATE_TRANSITION EMERGENCY_STOP -> MOVING (intent=MOVE)
05:19:31.313 [AMR-03] STATE_TRANSITION MOVING -> EMERGENCY_STOP (intent=STOP)
05:19:31.314 [AMR-03] SAFETY_STOP min_obstacle_distance=1.07m <= 1.2m
05:19:31.415 [AMR-03] STATE_TRANSITION EMERGENCY_STOP -> MOVING (intent=MOVE)
05:19:31.516 [AMR-03] STATE_TRANSITION MOVING -> EMERGENCY_STOP (intent=STOP)
05:19:31.516 [AMR-03] SAFETY_STOP min_obstacle_distance=1.00m <= 1.2m
05:19:31.617 [AMR-03] STATE_TRANSITION EMERGENCY_STOP -> MOVING (intent=MOVE)
05:19:31.718 [AMR-03] STATE_TRANSITION MOVING -> EMERGENCY_STOP (intent=STOP)
05:19:31.718 [AMR-03] SAFETY_STOP min_obstacle_distance=1.01m <= 1.2m
05:19:31.819 [AMR-03] STATE_TRANSITION EMERGENCY_STOP -> MOVING (intent=MOVE)
05:19:31.921 [AMR-03] STATE_TRANSITION MOVING -> EMERGENCY_STOP (intent=STOP)
05:19:31.921 [AMR-03] SAFETY_STOP min_obstacle_distance=1.05m <= 1.2m
05:19:32.023 [AMR-03] STATE_TRANSITION EMERGENCY_STOP -> MOVING (intent=MOVE)
05:19:32.124 [AMR-03] STATE_TRANSITION MOVING -> EMERGENCY_STOP (intent=STOP)
05:19:32.124 [AMR-03] SAFETY_STOP min_obstacle_distance=1.10m <= 1.2m
05:19:32.226 [AMR-03] STATE_TRANSITION EMERGENCY_STOP -> MOVING (intent=MOVE)
05:19:32.327 [AMR-03] STATE_TRANSITION MOVING -> EMERGENCY_STOP (intent=STOP)
05:19:32.327 [AMR-03] SAFETY_STOP min_obstacle_distance=1.07m <= 1.2m
05:19:32.428 [AMR-03] STATE_TRANSITION EMERGENCY_STOP -> MOVING (intent=MOVE)
05:19:32.531 [AMR-03] STATE_TRANSITION MOVING -> EMERGENCY_STOP (intent=STOP)
05:19:32.532 [AMR-03] SAFETY_STOP min_obstacle_distance=1.03m <= 1.2m
05:19:32.631 [AMR-03] STATE_TRANSITION EMERGENCY_STOP -> MOVING (intent=MOVE)
05:19:32.732 [AMR-03] STATE_TRANSITION MOVING -> EMERGENCY_STOP (intent=STOP)
05:19:32.732 [AMR-03] SAFETY_STOP min_obstacle_distance=1.01m <= 1.2m
05:19:32.832 [AMR-03] STATE_TRANSITION EMERGENCY_STOP -> MOVING (intent=MOVE)
05:19:32.933 [AMR-03] STATE_TRANSITION MOVING -> EMERGENCY_STOP (intent=STOP)
05:19:32.933 [AMR-03] SAFETY_STOP min_obstacle_distance=1.04m <= 1.2m
05:19:33.035 [AMR-03] STATE_TRANSITION EMERGENCY_STOP -> MOVING (intent=MOVE)
05:19:33.137 [AMR-03] STATE_TRANSITION MOVING -> EMERGENCY_STOP (intent=STOP)
05:19:33.137 [AMR-03] SAFETY_STOP min_obstacle_distance=1.10m <= 1.2m
05:19:33.239 [AMR-03] STATE_TRANSITION EMERGENCY_STOP -> MOVING (intent=MOVE)
05:19:33.341 [AMR-03] STATE_TRANSITION MOVING -> EMERGENCY_STOP (intent=STOP)
05:19:33.341 [AMR-03] SAFETY_STOP min_obstacle_distance=1.07m <= 1.2m
05:19:33.442 [AMR-03] STATE_TRANSITION EMERGENCY_STOP -> MOVING (intent=MOVE)
05:19:33.543 [AMR-03] STATE_TRANSITION MOVING -> EMERGENCY_STOP (intent=STOP)
05:19:33.543 [AMR-03] SAFETY_STOP min_obstacle_distance=1.00m <= 1.2m
05:19:33.644 [AMR-03] STATE_TRANSITION EMERGENCY_STOP -> MOVING (intent=MOVE)
05:19:33.746 [AMR-03] STATE_TRANSITION MOVING -> EMERGENCY_STOP (intent=STOP)
05:19:33.746 [AMR-03] SAFETY_STOP min_obstacle_distance=1.01m <= 1.2m
05:19:33.847 [AMR-03] STATE_TRANSITION EMERGENCY_STOP -> MOVING (intent=MOVE)
05:19:33.948 [AMR-03] STATE_TRANSITION MOVING -> EMERGENCY_STOP (intent=STOP)
05:19:33.948 [AMR-03] SAFETY_STOP min_obstacle_distance=1.05m <= 1.2m
05:19:34.048 [AMR-03] STATE_TRANSITION EMERGENCY_STOP -> MOVING (intent=MOVE)
05:19:34.148 [AMR-03] STATE_TRANSITION MOVING -> EMERGENCY_STOP (intent=STOP)
05:19:34.148 [AMR-03] SAFETY_STOP min_obstacle_distance=1.10m <= 1.2m
05:19:34.249 [AMR-03] STATE_TRANSITION EMERGENCY_STOP -> MOVING (intent=MOVE)
05:19:34.349 [AMR-03] STATE_TRANSITION MOVING -> EMERGENCY_STOP (intent=STOP)
05:19:34.349 [AMR-03] SAFETY_STOP min_obstacle_distance=1.08m <= 1.2m
05:19:34.451 [AMR-03] STATE_TRANSITION EMERGENCY_STOP -> MOVING (intent=MOVE)
05:19:34.551 [AMR-03] STATE_TRANSITION MOVING -> EMERGENCY_STOP (intent=STOP)
05:19:34.551 [AMR-03] SAFETY_STOP min_obstacle_distance=1.00m <= 1.2m
05:19:34.652 [AMR-03] STATE_TRANSITION EMERGENCY_STOP -> MOVING (intent=MOVE)
05:19:34.752 [AMR-03] STATE_TRANSITION MOVING -> EMERGENCY_STOP (intent=STOP)
05:19:34.752 [AMR-03] SAFETY_STOP min_obstacle_distance=1.01m <= 1.2m
05:19:34.853 [AMR-03] STATE_TRANSITION EMERGENCY_STOP -> MOVING (intent=MOVE)
05:19:34.953 [AMR-03] STATE_TRANSITION MOVING -> EMERGENCY_STOP (intent=STOP)
05:19:34.953 [AMR-03] SAFETY_STOP min_obstacle_distance=1.04m <= 1.2m
05:19:35.053 [AMR-03] STATE_TRANSITION EMERGENCY_STOP -> MOVING (intent=MOVE)
05:19:35.154 [AMR-03] STATE_TRANSITION MOVING -> EMERGENCY_STOP (intent=STOP)
05:19:35.154 [AMR-03] SAFETY_STOP min_obstacle_distance=1.10m <= 1.2m
05:19:35.254 [AMR-03] STATE_TRANSITION EMERGENCY_STOP -> MOVING (intent=MOVE)
05:19:35.355 [AMR-03] STATE_TRANSITION MOVING -> EMERGENCY_STOP (intent=STOP)
05:19:35.355 [AMR-03] SAFETY_STOP min_obstacle_distance=1.08m <= 1.2m
05:19:35.457 [AMR-03] STATE_TRANSITION EMERGENCY_STOP -> MOVING (intent=MOVE)
05:19:35.557 [AMR-03] STATE_TRANSITION MOVING -> EMERGENCY_STOP (intent=STOP)
05:19:35.557 [AMR-03] SAFETY_STOP min_obstacle_distance=1.00m <= 1.2m
05:19:35.659 [AMR-03] STATE_TRANSITION EMERGENCY_STOP -> MOVING (intent=MOVE)
05:19:35.760 [AMR-03] STATE_TRANSITION MOVING -> EMERGENCY_STOP (intent=STOP)
05:19:35.760 [AMR-03] SAFETY_STOP min_obstacle_distance=1.01m <= 1.2m
05:19:35.862 [AMR-03] STATE_TRANSITION EMERGENCY_STOP -> MOVING (intent=MOVE)
05:19:35.963 [AMR-03] STATE_TRANSITION MOVING -> EMERGENCY_STOP (intent=STOP)
05:19:35.963 [AMR-03] SAFETY_STOP min_obstacle_distance=1.05m <= 1.2m
05:19:36.064 [AMR-03] STATE_TRANSITION EMERGENCY_STOP -> MOVING (intent=MOVE)
05:19:36.165 [AMR-03] STATE_TRANSITION MOVING -> EMERGENCY_STOP (intent=STOP)
05:19:36.165 [AMR-03] SAFETY_STOP min_obstacle_distance=1.10m <= 1.2m
05:19:36.265 [AMR-03] STATE_TRANSITION EMERGENCY_STOP -> MOVING (intent=MOVE)
05:19:36.365 [AMR-03] STATE_TRANSITION MOVING -> EMERGENCY_STOP (intent=STOP)
05:19:36.365 [AMR-03] SAFETY_STOP min_obstacle_distance=1.08m <= 1.2m
05:19:36.466 [AMR-03] STATE_TRANSITION EMERGENCY_STOP -> MOVING (intent=MOVE)
05:19:36.568 [AMR-03] STATE_TRANSITION MOVING -> EMERGENCY_STOP (intent=STOP)
05:19:36.568 [AMR-03] SAFETY_STOP min_obstacle_distance=1.00m <= 1.2m
05:19:36.669 [AMR-03] STATE_TRANSITION EMERGENCY_STOP -> MOVING (intent=MOVE)
05:19:36.770 [AMR-03] STATE_TRANSITION MOVING -> EMERGENCY_STOP (intent=STOP)
05:19:36.770 [AMR-03] SAFETY_STOP min_obstacle_distance=1.01m <= 1.2m
05:19:36.871 [AMR-03] STATE_TRANSITION EMERGENCY_STOP -> MOVING (intent=MOVE)
05:19:36.972 [AMR-03] STATE_TRANSITION MOVING -> EMERGENCY_STOP (intent=STOP)
05:19:36.972 [AMR-03] SAFETY_STOP min_obstacle_distance=1.05m <= 1.2m
05:19:37.073 [AMR-03] STATE_TRANSITION EMERGENCY_STOP -> MOVING (intent=MOVE)
05:19:37.173 [AMR-03] STATE_TRANSITION MOVING -> EMERGENCY_STOP (intent=STOP)
05:19:37.173 [AMR-03] SAFETY_STOP min_obstacle_distance=1.10m <= 1.2m
05:19:37.274 [AMR-03] STATE_TRANSITION EMERGENCY_STOP -> MOVING (intent=MOVE)
05:19:37.374 [AMR-03] STATE_TRANSITION MOVING -> EMERGENCY_STOP (intent=STOP)
05:19:37.374 [AMR-03] SAFETY_STOP min_obstacle_distance=1.07m <= 1.2m
05:19:37.475 [AMR-03] STATE_TRANSITION EMERGENCY_STOP -> MOVING (intent=MOVE)
05:19:37.575 [AMR-03] STATE_TRANSITION MOVING -> EMERGENCY_STOP (intent=STOP)
05:19:37.575 [AMR-03] SAFETY_STOP min_obstacle_distance=1.00m <= 1.2m
05:19:37.675 [AMR-03] STATE_TRANSITION EMERGENCY_STOP -> MOVING (intent=MOVE)
05:19:37.776 [AMR-03] STATE_TRANSITION MOVING -> EMERGENCY_STOP (intent=STOP)
05:19:37.776 [AMR-03] SAFETY_STOP min_obstacle_distance=1.01m <= 1.2m
05:19:37.877 [AMR-03] STATE_TRANSITION EMERGENCY_STOP -> MOVING (intent=MOVE)
05:19:37.977 [AMR-03] STATE_TRANSITION MOVING -> EMERGENCY_STOP (intent=STOP)
05:19:37.977 [AMR-03] SAFETY_STOP min_obstacle_distance=1.04m <= 1.2m
05:19:38.078 [AMR-03] STATE_TRANSITION EMERGENCY_STOP -> MOVING (intent=MOVE)
05:19:38.178 [AMR-03] STATE_TRANSITION MOVING -> EMERGENCY_STOP (intent=STOP)
05:19:38.179 [AMR-03] SAFETY_STOP min_obstacle_distance=1.10m <= 1.2m
05:19:38.279 [AMR-03] STATE_TRANSITION EMERGENCY_STOP -> MOVING (intent=MOVE)
05:19:38.380 [AMR-03] STATE_TRANSITION MOVING -> EMERGENCY_STOP (intent=STOP)
05:19:38.381 [AMR-03] SAFETY_STOP min_obstacle_distance=1.08m <= 1.2m
05:19:38.481 [AMR-03] STATE_TRANSITION EMERGENCY_STOP -> MOVING (intent=MOVE)
05:19:38.581 [AMR-03] STATE_TRANSITION MOVING -> EMERGENCY_STOP (intent=STOP)
05:19:38.581 [AMR-03] SAFETY_STOP min_obstacle_distance=1.00m <= 1.2m
05:19:38.682 [AMR-03] STATE_TRANSITION EMERGENCY_STOP -> MOVING (intent=MOVE)
05:19:38.782 [AMR-03] STATE_TRANSITION MOVING -> EMERGENCY_STOP (intent=STOP)
05:19:38.782 [AMR-03] SAFETY_STOP min_obstacle_distance=1.01m <= 1.2m
05:19:38.883 [AMR-03] STATE_TRANSITION EMERGENCY_STOP -> MOVING (intent=MOVE)
05:19:38.983 [AMR-03] STATE_TRANSITION MOVING -> EMERGENCY_STOP (intent=STOP)
05:19:38.983 [AMR-03] SAFETY_STOP min_obstacle_distance=1.04m <= 1.2m
05:19:39.085 [AMR-03] STATE_TRANSITION EMERGENCY_STOP -> MOVING (intent=MOVE)
05:19:39.185 [AMR-03] STATE_TRANSITION MOVING -> EMERGENCY_STOP (intent=STOP)
05:19:39.185 [AMR-03] SAFETY_STOP min_obstacle_distance=1.10m <= 1.2m
05:19:39.286 [AMR-03] STATE_TRANSITION EMERGENCY_STOP -> MOVING (intent=MOVE)
05:19:39.386 [AMR-03] STATE_TRANSITION MOVING -> EMERGENCY_STOP (intent=STOP)
05:19:39.386 [AMR-03] SAFETY_STOP min_obstacle_distance=1.08m <= 1.2m
05:19:39.487 [AMR-03] STATE_TRANSITION EMERGENCY_STOP -> MOVING (intent=MOVE)
05:19:39.588 [AMR-03] STATE_TRANSITION MOVING -> EMERGENCY_STOP (intent=STOP)
05:19:39.589 [AMR-03] SAFETY_STOP min_obstacle_distance=1.00m <= 1.2m
05:19:39.689 [AMR-03] STATE_TRANSITION EMERGENCY_STOP -> MOVING (intent=MOVE)
05:19:39.791 [AMR-03] STATE_TRANSITION MOVING -> EMERGENCY_STOP (intent=STOP)
05:19:39.791 [AMR-03] SAFETY_STOP min_obstacle_distance=1.01m <= 1.2m
05:19:39.891 [AMR-03] STATE_TRANSITION EMERGENCY_STOP -> MOVING (intent=MOVE)
05:19:39.992 [AMR-03] STATE_TRANSITION MOVING -> EMERGENCY_STOP (intent=STOP)
05:19:39.993 [AMR-03] SAFETY_STOP min_obstacle_distance=1.04m <= 1.2m
05:19:40.095 [AMR-03] STATE_TRANSITION EMERGENCY_STOP -> MOVING (intent=MOVE)
05:19:40.195 [AMR-03] STATE_TRANSITION MOVING -> EMERGENCY_STOP (intent=STOP)
05:19:40.195 [AMR-03] SAFETY_STOP min_obstacle_distance=1.10m <= 1.2m
05:19:40.296 [AMR-03] STATE_TRANSITION EMERGENCY_STOP -> MOVING (intent=MOVE)
05:19:40.396 [AMR-03] STATE_TRANSITION MOVING -> EMERGENCY_STOP (intent=STOP)
05:19:40.396 [AMR-03] SAFETY_STOP min_obstacle_distance=1.07m <= 1.2m
05:19:40.496 [AMR-03] STATE_TRANSITION EMERGENCY_STOP -> MOVING (intent=MOVE)
05:19:40.598 [AMR-03] STATE_TRANSITION MOVING -> EMERGENCY_STOP (intent=STOP)
05:19:40.598 [AMR-03] SAFETY_STOP min_obstacle_distance=1.00m <= 1.2m
05:19:40.699 [AMR-03] STATE_TRANSITION EMERGENCY_STOP -> MOVING (intent=MOVE)
05:19:40.800 [AMR-03] STATE_TRANSITION MOVING -> EMERGENCY_STOP (intent=STOP)
05:19:40.800 [AMR-03] SAFETY_STOP min_obstacle_distance=1.01m <= 1.2m
05:19:40.902 [AMR-03] STATE_TRANSITION EMERGENCY_STOP -> MOVING (intent=MOVE)
05:19:41.003 [AMR-03] STATE_TRANSITION MOVING -> EMERGENCY_STOP (intent=STOP)
05:19:41.004 [AMR-03] SAFETY_STOP min_obstacle_distance=1.04m <= 1.2m
05:19:41.105 [AMR-03] STATE_TRANSITION EMERGENCY_STOP -> MOVING (intent=MOVE)
05:19:41.207 [AMR-03] STATE_TRANSITION MOVING -> EMERGENCY_STOP (intent=STOP)
05:19:41.207 [AMR-03] SAFETY_STOP min_obstacle_distance=1.10m <= 1.2m
05:19:41.308 [AMR-03] STATE_TRANSITION EMERGENCY_STOP -> MOVING (intent=MOVE)
05:19:41.409 [AMR-03] STATE_TRANSITION MOVING -> EMERGENCY_STOP (intent=STOP)
05:19:41.410 [AMR-03] SAFETY_STOP min_obstacle_distance=1.07m <= 1.2m
05:19:41.511 [AMR-03] STATE_TRANSITION EMERGENCY_STOP -> MOVING (intent=MOVE)
05:19:41.612 [AMR-03] STATE_TRANSITION MOVING -> EMERGENCY_STOP (intent=STOP)
05:19:41.612 [AMR-03] SAFETY_STOP min_obstacle_distance=1.00m <= 1.2m
05:19:41.712 [AMR-03] STATE_TRANSITION EMERGENCY_STOP -> MOVING (intent=MOVE)
05:19:41.813 [AMR-03] STATE_TRANSITION MOVING -> EMERGENCY_STOP (intent=STOP)
05:19:41.813 [AMR-03] SAFETY_STOP min_obstacle_distance=1.01m <= 1.2m
05:19:41.914 [AMR-03] STATE_TRANSITION EMERGENCY_STOP -> MOVING (intent=MOVE)
05:19:42.016 [AMR-03] STATE_TRANSITION MOVING -> EMERGENCY_STOP (intent=STOP)
05:19:42.016 [AMR-03] SAFETY_STOP min_obstacle_distance=1.04m <= 1.2m
05:19:42.117 [AMR-03] STATE_TRANSITION EMERGENCY_STOP -> MOVING (intent=MOVE)
05:19:42.218 [AMR-03] STATE_TRANSITION MOVING -> EMERGENCY_STOP (intent=STOP)
05:19:42.218 [AMR-03] SAFETY_STOP min_obstacle_distance=1.10m <= 1.2m
05:19:42.321 [AMR-03] STATE_TRANSITION EMERGENCY_STOP -> MOVING (intent=MOVE)
05:19:42.421 [AMR-03] STATE_TRANSITION MOVING -> EMERGENCY_STOP (intent=STOP)
05:19:42.421 [AMR-03] SAFETY_STOP min_obstacle_distance=1.07m <= 1.2m
05:19:42.521 [AMR-03] STATE_TRANSITION EMERGENCY_STOP -> MOVING (intent=MOVE)
05:19:42.622 [AMR-03] STATE_TRANSITION MOVING -> EMERGENCY_STOP (intent=STOP)
05:19:42.622 [AMR-03] SAFETY_STOP min_obstacle_distance=1.01m <= 1.2m
05:19:42.723 [AMR-03] STATE_TRANSITION EMERGENCY_STOP -> MOVING (intent=MOVE)
05:19:42.824 [AMR-03] STATE_TRANSITION MOVING -> EMERGENCY_STOP (intent=STOP)
05:19:42.824 [AMR-03] SAFETY_STOP min_obstacle_distance=1.04m <= 1.2m
05:19:42.926 [AMR-03] STATE_TRANSITION EMERGENCY_STOP -> MOVING (intent=MOVE)
05:19:43.028 [AMR-03] STATE_TRANSITION MOVING -> EMERGENCY_STOP (intent=STOP)
05:19:43.028 [AMR-03] SAFETY_STOP min_obstacle_distance=1.10m <= 1.2m
05:19:43.129 [AMR-03] STATE_TRANSITION EMERGENCY_STOP -> MOVING (intent=MOVE)
05:19:43.231 [AMR-03] STATE_TRANSITION MOVING -> EMERGENCY_STOP (intent=STOP)
05:19:43.231 [AMR-03] SAFETY_STOP min_obstacle_distance=1.07m <= 1.2m
05:19:43.332 [AMR-03] STATE_TRANSITION EMERGENCY_STOP -> MOVING (intent=MOVE)
05:19:43.432 [AMR-03] STATE_TRANSITION MOVING -> EMERGENCY_STOP (intent=STOP)
05:19:43.432 [AMR-03] SAFETY_STOP min_obstacle_distance=1.03m <= 1.2m
05:19:43.533 [AMR-03] STATE_TRANSITION EMERGENCY_STOP -> MOVING (intent=MOVE)
05:19:43.634 [AMR-03] STATE_TRANSITION MOVING -> EMERGENCY_STOP (intent=STOP)
05:19:43.634 [AMR-03] SAFETY_STOP min_obstacle_distance=1.01m <= 1.2m
05:19:43.735 [AMR-03] STATE_TRANSITION EMERGENCY_STOP -> MOVING (intent=MOVE)
05:19:43.837 [AMR-03] STATE_TRANSITION MOVING -> EMERGENCY_STOP (intent=STOP)
05:19:43.837 [AMR-03] SAFETY_STOP min_obstacle_distance=1.05m <= 1.2m
05:19:43.938 [AMR-03] STATE_TRANSITION EMERGENCY_STOP -> MOVING (intent=MOVE)
05:19:44.040 [AMR-03] STATE_TRANSITION MOVING -> EMERGENCY_STOP (intent=STOP)
05:19:44.040 [AMR-03] SAFETY_STOP min_obstacle_distance=1.10m <= 1.2m
05:19:44.141 [AMR-03] STATE_TRANSITION EMERGENCY_STOP -> MOVING (intent=MOVE)
05:19:44.242 [AMR-03] STATE_TRANSITION MOVING -> EMERGENCY_STOP (intent=STOP)
05:19:44.242 [AMR-03] SAFETY_STOP min_obstacle_distance=1.07m <= 1.2m
05:19:44.344 [AMR-03] STATE_TRANSITION EMERGENCY_STOP -> MOVING (intent=MOVE)
05:19:44.446 [AMR-03] STATE_TRANSITION MOVING -> EMERGENCY_STOP (intent=STOP)
05:19:44.446 [AMR-03] SAFETY_STOP min_obstacle_distance=1.03m <= 1.2m
05:19:44.547 [AMR-03] STATE_TRANSITION EMERGENCY_STOP -> MOVING (intent=MOVE)
05:19:44.648 [AMR-03] STATE_TRANSITION MOVING -> EMERGENCY_STOP (intent=STOP)
05:19:44.648 [AMR-03] SAFETY_STOP min_obstacle_distance=1.01m <= 1.2m
05:19:44.749 [AMR-03] STATE_TRANSITION EMERGENCY_STOP -> MOVING (intent=MOVE)
05:19:44.851 [AMR-03] STATE_TRANSITION MOVING -> EMERGENCY_STOP (intent=STOP)
05:19:44.851 [AMR-03] SAFETY_STOP min_obstacle_distance=1.04m <= 1.2m
05:19:44.953 [AMR-03] STATE_TRANSITION EMERGENCY_STOP -> MOVING (intent=MOVE)
05:19:45.053 [AMR-03] STATE_TRANSITION MOVING -> EMERGENCY_STOP (intent=STOP)
05:19:45.053 [AMR-03] SAFETY_STOP min_obstacle_distance=1.10m <= 1.2m
05:19:45.156 [AMR-03] STATE_TRANSITION EMERGENCY_STOP -> MOVING (intent=MOVE)
05:19:45.257 [AMR-03] STATE_TRANSITION MOVING -> EMERGENCY_STOP (intent=STOP)
05:19:45.257 [AMR-03] SAFETY_STOP min_obstacle_distance=1.07m <= 1.2m
05:19:45.359 [AMR-03] STATE_TRANSITION EMERGENCY_STOP -> MOVING (intent=MOVE)
05:19:45.460 [AMR-03] STATE_TRANSITION MOVING -> EMERGENCY_STOP (intent=STOP)
05:19:45.460 [AMR-03] SAFETY_STOP min_obstacle_distance=1.03m <= 1.2m
05:19:45.561 [AMR-03] STATE_TRANSITION EMERGENCY_STOP -> MOVING (intent=MOVE)
05:19:45.662 [AMR-03] STATE_TRANSITION MOVING -> EMERGENCY_STOP (intent=STOP)
05:19:45.662 [AMR-03] SAFETY_STOP min_obstacle_distance=1.01m <= 1.2m
05:19:45.763 [AMR-03] STATE_TRANSITION EMERGENCY_STOP -> MOVING (intent=MOVE)
05:19:45.865 [AMR-03] STATE_TRANSITION MOVING -> EMERGENCY_STOP (intent=STOP)
05:19:45.865 [AMR-03] SAFETY_STOP min_obstacle_distance=1.05m <= 1.2m
05:19:45.965 [AMR-03] STATE_TRANSITION EMERGENCY_STOP -> MOVING (intent=MOVE)
05:19:46.067 [AMR-03] STATE_TRANSITION MOVING -> EMERGENCY_STOP (intent=STOP)
05:19:46.067 [AMR-03] SAFETY_STOP min_obstacle_distance=1.10m <= 1.2m
05:19:46.168 [AMR-03] STATE_TRANSITION EMERGENCY_STOP -> MOVING (intent=MOVE)
05:19:46.269 [AMR-03] STATE_TRANSITION MOVING -> EMERGENCY_STOP (intent=STOP)
05:19:46.270 [AMR-03] SAFETY_STOP min_obstacle_distance=1.08m <= 1.2m
05:19:46.370 [AMR-03] STATE_TRANSITION EMERGENCY_STOP -> MOVING (intent=MOVE)
05:19:46.471 [AMR-03] STATE_TRANSITION MOVING -> EMERGENCY_STOP (intent=STOP)
05:19:46.471 [AMR-03] SAFETY_STOP min_obstacle_distance=1.03m <= 1.2m
05:19:46.572 [AMR-03] STATE_TRANSITION EMERGENCY_STOP -> MOVING (intent=MOVE)
05:19:46.674 [AMR-03] STATE_TRANSITION MOVING -> EMERGENCY_STOP (intent=STOP)
05:19:46.674 [AMR-03] SAFETY_STOP min_obstacle_distance=1.01m <= 1.2m
05:19:46.775 [AMR-03] STATE_TRANSITION EMERGENCY_STOP -> MOVING (intent=MOVE)
05:19:46.877 [AMR-03] STATE_TRANSITION MOVING -> EMERGENCY_STOP (intent=STOP)
05:19:46.877 [AMR-03] SAFETY_STOP min_obstacle_distance=1.05m <= 1.2m
05:19:46.979 [AMR-03] STATE_TRANSITION EMERGENCY_STOP -> MOVING (intent=MOVE)
05:19:47.081 [AMR-03] STATE_TRANSITION MOVING -> EMERGENCY_STOP (intent=STOP)
05:19:47.081 [AMR-03] SAFETY_STOP min_obstacle_distance=1.10m <= 1.2m
05:19:47.182 [AMR-03] STATE_TRANSITION EMERGENCY_STOP -> MOVING (intent=MOVE)
05:19:47.283 [AMR-03] STATE_TRANSITION MOVING -> EMERGENCY_STOP (intent=STOP)
05:19:47.283 [AMR-03] SAFETY_STOP min_obstacle_distance=1.07m <= 1.2m
05:19:47.384 [AMR-03] STATE_TRANSITION EMERGENCY_STOP -> MOVING (intent=MOVE)
05:19:47.484 [AMR-03] STATE_TRANSITION MOVING -> EMERGENCY_STOP (intent=STOP)
05:19:47.484 [AMR-03] SAFETY_STOP min_obstacle_distance=1.03m <= 1.2m
05:19:47.586 [AMR-03] STATE_TRANSITION EMERGENCY_STOP -> MOVING (intent=MOVE)
05:19:47.688 [AMR-03] STATE_TRANSITION MOVING -> EMERGENCY_STOP (intent=STOP)
05:19:47.688 [AMR-03] SAFETY_STOP min_obstacle_distance=1.01m <= 1.2m
05:19:47.788 [AMR-03] STATE_TRANSITION EMERGENCY_STOP -> MOVING (intent=MOVE)
05:19:47.889 [AMR-03] STATE_TRANSITION MOVING -> EMERGENCY_STOP (intent=STOP)
05:19:47.890 [AMR-03] SAFETY_STOP min_obstacle_distance=1.04m <= 1.2m
05:19:47.989 [AMR-03] STATE_TRANSITION EMERGENCY_STOP -> MOVING (intent=MOVE)
05:19:48.091 [AMR-03] STATE_TRANSITION MOVING -> EMERGENCY_STOP (intent=STOP)
05:19:48.091 [AMR-03] SAFETY_STOP min_obstacle_distance=1.10m <= 1.2m
05:19:48.192 [AMR-03] STATE_TRANSITION EMERGENCY_STOP -> MOVING (intent=MOVE)
05:19:48.294 [AMR-03] STATE_TRANSITION MOVING -> EMERGENCY_STOP (intent=STOP)
05:19:48.294 [AMR-03] SAFETY_STOP min_obstacle_distance=1.07m <= 1.2m
05:19:48.396 [AMR-03] STATE_TRANSITION EMERGENCY_STOP -> MOVING (intent=MOVE)
05:19:48.498 [AMR-03] STATE_TRANSITION MOVING -> EMERGENCY_STOP (intent=STOP)
05:19:48.498 [AMR-03] SAFETY_STOP min_obstacle_distance=1.03m <= 1.2m
05:19:48.598 [AMR-03] STATE_TRANSITION EMERGENCY_STOP -> MOVING (intent=MOVE)
05:19:48.699 [AMR-03] STATE_TRANSITION MOVING -> EMERGENCY_STOP (intent=STOP)
05:19:48.699 [AMR-03] SAFETY_STOP min_obstacle_distance=1.01m <= 1.2m
05:19:48.799 [AMR-03] STATE_TRANSITION EMERGENCY_STOP -> MOVING (intent=MOVE)
05:19:48.901 [AMR-03] STATE_TRANSITION MOVING -> EMERGENCY_STOP (intent=STOP)
05:19:48.901 [AMR-03] SAFETY_STOP min_obstacle_distance=1.04m <= 1.2m
05:19:49.002 [AMR-03] STATE_TRANSITION EMERGENCY_STOP -> MOVING (intent=MOVE)
05:19:49.104 [AMR-03] STATE_TRANSITION MOVING -> EMERGENCY_STOP (intent=STOP)
05:19:49.104 [AMR-03] SAFETY_STOP min_obstacle_distance=1.10m <= 1.2m
05:19:49.206 [AMR-03] STATE_TRANSITION EMERGENCY_STOP -> MOVING (intent=MOVE)
05:19:49.307 [AMR-03] STATE_TRANSITION MOVING -> EMERGENCY_STOP (intent=STOP)
05:19:49.307 [AMR-03] SAFETY_STOP min_obstacle_distance=1.07m <= 1.2m
05:19:49.408 [AMR-03] STATE_TRANSITION EMERGENCY_STOP -> MOVING (intent=MOVE)
05:19:49.508 [AMR-03] STATE_TRANSITION MOVING -> EMERGENCY_STOP (intent=STOP)
05:19:49.508 [AMR-03] SAFETY_STOP min_obstacle_distance=1.00m <= 1.2m
05:19:49.610 [AMR-03] STATE_TRANSITION EMERGENCY_STOP -> MOVING (intent=MOVE)
05:19:49.711 [AMR-03] STATE_TRANSITION MOVING -> EMERGENCY_STOP (intent=STOP)
05:19:49.711 [AMR-03] SAFETY_STOP min_obstacle_distance=1.01m <= 1.2m
05:19:49.813 [AMR-03] STATE_TRANSITION EMERGENCY_STOP -> MOVING (intent=MOVE)
05:19:49.914 [AMR-03] STATE_TRANSITION MOVING -> EMERGENCY_STOP (intent=STOP)
05:19:49.914 [AMR-03] SAFETY_STOP min_obstacle_distance=1.05m <= 1.2m
05:19:50.015 [AMR-03] STATE_TRANSITION EMERGENCY_STOP -> MOVING (intent=MOVE)
05:19:50.116 [AMR-03] STATE_TRANSITION MOVING -> EMERGENCY_STOP (intent=STOP)
05:19:50.116 [AMR-03] SAFETY_STOP min_obstacle_distance=1.10m <= 1.2m
05:19:50.218 [AMR-03] STATE_TRANSITION EMERGENCY_STOP -> MOVING (intent=MOVE)
05:19:50.319 [AMR-03] STATE_TRANSITION MOVING -> EMERGENCY_STOP (intent=STOP)
05:19:50.319 [AMR-03] SAFETY_STOP min_obstacle_distance=1.07m <= 1.2m
05:19:50.420 [AMR-03] STATE_TRANSITION EMERGENCY_STOP -> MOVING (intent=MOVE)
05:19:50.521 [AMR-03] STATE_TRANSITION MOVING -> EMERGENCY_STOP (intent=STOP)
05:19:50.522 [AMR-03] SAFETY_STOP min_obstacle_distance=1.00m <= 1.2m
05:19:50.622 [AMR-03] STATE_TRANSITION EMERGENCY_STOP -> MOVING (intent=MOVE)
05:19:50.723 [AMR-03] STATE_TRANSITION MOVING -> EMERGENCY_STOP (intent=STOP)
05:19:50.723 [AMR-03] SAFETY_STOP min_obstacle_distance=1.01m <= 1.2m
05:19:50.824 [AMR-03] STATE_TRANSITION EMERGENCY_STOP -> MOVING (intent=MOVE)
05:19:50.925 [AMR-03] STATE_TRANSITION MOVING -> EMERGENCY_STOP (intent=STOP)
05:19:50.925 [AMR-03] SAFETY_STOP min_obstacle_distance=1.04m <= 1.2m
05:19:51.026 [AMR-03] STATE_TRANSITION EMERGENCY_STOP -> MOVING (intent=MOVE)
05:19:51.128 [AMR-03] STATE_TRANSITION MOVING -> EMERGENCY_STOP (intent=STOP)
05:19:51.128 [AMR-03] SAFETY_STOP min_obstacle_distance=1.10m <= 1.2m
05:19:51.230 [AMR-03] STATE_TRANSITION EMERGENCY_STOP -> MOVING (intent=MOVE)
05:19:51.332 [AMR-03] STATE_TRANSITION MOVING -> EMERGENCY_STOP (intent=STOP)
05:19:51.332 [AMR-03] SAFETY_STOP min_obstacle_distance=1.07m <= 1.2m
05:19:51.434 [AMR-03] STATE_TRANSITION EMERGENCY_STOP -> MOVING (intent=MOVE)
05:19:51.534 [AMR-03] STATE_TRANSITION MOVING -> EMERGENCY_STOP (intent=STOP)
05:19:51.534 [AMR-03] SAFETY_STOP min_obstacle_distance=1.00m <= 1.2m
05:19:51.635 [AMR-03] STATE_TRANSITION EMERGENCY_STOP -> MOVING (intent=MOVE)
05:19:51.736 [AMR-03] STATE_TRANSITION MOVING -> EMERGENCY_STOP (intent=STOP)
05:19:51.736 [AMR-03] SAFETY_STOP min_obstacle_distance=1.01m <= 1.2m
05:19:51.837 [AMR-03] STATE_TRANSITION EMERGENCY_STOP -> MOVING (intent=MOVE)
05:19:51.938 [AMR-03] STATE_TRANSITION MOVING -> EMERGENCY_STOP (intent=STOP)
05:19:51.938 [AMR-03] SAFETY_STOP min_obstacle_distance=1.04m <= 1.2m
05:19:52.040 [AMR-03] STATE_TRANSITION EMERGENCY_STOP -> MOVING (intent=MOVE)
05:19:52.140 [AMR-03] STATE_TRANSITION MOVING -> EMERGENCY_STOP (intent=STOP)
05:19:52.140 [AMR-03] SAFETY_STOP min_obstacle_distance=1.10m <= 1.2m
05:19:52.242 [AMR-03] STATE_TRANSITION EMERGENCY_STOP -> MOVING (intent=MOVE)
05:19:52.343 [AMR-03] STATE_TRANSITION MOVING -> EMERGENCY_STOP (intent=STOP)
05:19:52.343 [AMR-03] SAFETY_STOP min_obstacle_distance=1.07m <= 1.2m
05:19:52.444 [AMR-03] STATE_TRANSITION EMERGENCY_STOP -> MOVING (intent=MOVE)
05:19:52.545 [AMR-03] STATE_TRANSITION MOVING -> EMERGENCY_STOP (intent=STOP)
05:19:52.545 [AMR-03] SAFETY_STOP min_obstacle_distance=1.00m <= 1.2m
05:19:52.644 [AMR-03] STATE_TRANSITION EMERGENCY_STOP -> MOVING (intent=MOVE)
05:19:52.745 [AMR-03] STATE_TRANSITION MOVING -> EMERGENCY_STOP (intent=STOP)
05:19:52.745 [AMR-03] SAFETY_STOP min_obstacle_distance=1.01m <= 1.2m
05:19:52.847 [AMR-03] STATE_TRANSITION EMERGENCY_STOP -> MOVING (intent=MOVE)
05:19:52.948 [AMR-03] STATE_TRANSITION MOVING -> EMERGENCY_STOP (intent=STOP)
05:19:52.948 [AMR-03] SAFETY_STOP min_obstacle_distance=1.05m <= 1.2m
05:19:53.049 [AMR-03] STATE_TRANSITION EMERGENCY_STOP -> MOVING (intent=MOVE)
05:19:53.150 [AMR-03] STATE_TRANSITION MOVING -> EMERGENCY_STOP (intent=STOP)
05:19:53.150 [AMR-03] SAFETY_STOP min_obstacle_distance=1.10m <= 1.2m
05:19:53.251 [AMR-03] STATE_TRANSITION EMERGENCY_STOP -> MOVING (intent=MOVE)
05:19:53.353 [AMR-03] STATE_TRANSITION MOVING -> EMERGENCY_STOP (intent=STOP)
05:19:53.353 [AMR-03] SAFETY_STOP min_obstacle_distance=1.07m <= 1.2m
05:19:53.454 [AMR-03] STATE_TRANSITION EMERGENCY_STOP -> MOVING (intent=MOVE)
05:19:53.555 [AMR-03] STATE_TRANSITION MOVING -> EMERGENCY_STOP (intent=STOP)
05:19:53.555 [AMR-03] SAFETY_STOP min_obstacle_distance=1.00m <= 1.2m
05:19:53.656 [AMR-03] STATE_TRANSITION EMERGENCY_STOP -> MOVING (intent=MOVE)
05:19:53.757 [AMR-03] STATE_TRANSITION MOVING -> EMERGENCY_STOP (intent=STOP)
05:19:53.757 [AMR-03] SAFETY_STOP min_obstacle_distance=1.01m <= 1.2m
05:19:53.858 [AMR-03] STATE_TRANSITION EMERGENCY_STOP -> MOVING (intent=MOVE)
05:19:53.959 [AMR-03] STATE_TRANSITION MOVING -> EMERGENCY_STOP (intent=STOP)
05:19:53.959 [AMR-03] SAFETY_STOP min_obstacle_distance=1.04m <= 1.2m
05:19:54.061 [AMR-03] STATE_TRANSITION EMERGENCY_STOP -> MOVING (intent=MOVE)
05:19:54.162 [AMR-03] STATE_TRANSITION MOVING -> EMERGENCY_STOP (intent=STOP)
05:19:54.162 [AMR-03] SAFETY_STOP min_obstacle_distance=1.10m <= 1.2m
05:19:54.264 [AMR-03] STATE_TRANSITION EMERGENCY_STOP -> MOVING (intent=MOVE)
05:19:54.365 [AMR-03] STATE_TRANSITION MOVING -> EMERGENCY_STOP (intent=STOP)
05:19:54.365 [AMR-03] SAFETY_STOP min_obstacle_distance=1.07m <= 1.2m
05:19:54.466 [AMR-03] STATE_TRANSITION EMERGENCY_STOP -> MOVING (intent=MOVE)
05:19:54.566 [AMR-03] STATE_TRANSITION MOVING -> EMERGENCY_STOP (intent=STOP)
05:19:54.566 [AMR-03] SAFETY_STOP min_obstacle_distance=1.00m <= 1.2m
05:19:54.668 [AMR-03] STATE_TRANSITION EMERGENCY_STOP -> MOVING (intent=MOVE)
05:19:54.769 [AMR-03] STATE_TRANSITION MOVING -> EMERGENCY_STOP (intent=STOP)
05:19:54.769 [AMR-03] SAFETY_STOP min_obstacle_distance=1.01m <= 1.2m
05:19:54.870 [AMR-03] STATE_TRANSITION EMERGENCY_STOP -> MOVING (intent=MOVE)
05:19:54.971 [AMR-03] STATE_TRANSITION MOVING -> EMERGENCY_STOP (intent=STOP)
05:19:54.971 [AMR-03] SAFETY_STOP min_obstacle_distance=1.04m <= 1.2m
05:19:55.072 [AMR-03] STATE_TRANSITION EMERGENCY_STOP -> MOVING (intent=MOVE)
05:19:55.173 [AMR-03] STATE_TRANSITION MOVING -> EMERGENCY_STOP (intent=STOP)
05:19:55.173 [AMR-03] SAFETY_STOP min_obstacle_distance=1.10m <= 1.2m
05:19:55.274 [AMR-03] STATE_TRANSITION EMERGENCY_STOP -> MOVING (intent=MOVE)
05:19:55.375 [AMR-03] STATE_TRANSITION MOVING -> EMERGENCY_STOP (intent=STOP)
05:19:55.375 [AMR-03] SAFETY_STOP min_obstacle_distance=1.08m <= 1.2m
05:19:55.476 [AMR-03] STATE_TRANSITION EMERGENCY_STOP -> MOVING (intent=MOVE)
05:19:55.576 [AMR-03] STATE_TRANSITION MOVING -> EMERGENCY_STOP (intent=STOP)
05:19:55.576 [AMR-03] SAFETY_STOP min_obstacle_distance=1.00m <= 1.2m
05:19:55.677 [AMR-03] STATE_TRANSITION EMERGENCY_STOP -> MOVING (intent=MOVE)
05:19:55.778 [AMR-03] STATE_TRANSITION MOVING -> EMERGENCY_STOP (intent=STOP)
05:19:55.778 [AMR-03] SAFETY_STOP min_obstacle_distance=1.01m <= 1.2m
05:19:55.879 [AMR-03] STATE_TRANSITION EMERGENCY_STOP -> MOVING (intent=MOVE)
05:19:55.981 [AMR-03] STATE_TRANSITION MOVING -> EMERGENCY_STOP (intent=STOP)
05:19:55.981 [AMR-03] SAFETY_STOP min_obstacle_distance=1.05m <= 1.2m
05:19:56.082 [AMR-03] STATE_TRANSITION EMERGENCY_STOP -> MOVING (intent=MOVE)
05:19:56.184 [AMR-03] STATE_TRANSITION MOVING -> EMERGENCY_STOP (intent=STOP)
05:19:56.184 [AMR-03] SAFETY_STOP min_obstacle_distance=1.10m <= 1.2m
05:19:56.286 [AMR-03] STATE_TRANSITION EMERGENCY_STOP -> MOVING (intent=MOVE)
05:19:56.387 [AMR-03] STATE_TRANSITION MOVING -> EMERGENCY_STOP (intent=STOP)
05:19:56.387 [AMR-03] SAFETY_STOP min_obstacle_distance=1.07m <= 1.2m
05:19:56.489 [AMR-03] STATE_TRANSITION EMERGENCY_STOP -> MOVING (intent=MOVE)
05:19:56.589 [AMR-03] STATE_TRANSITION MOVING -> EMERGENCY_STOP (intent=STOP)
05:19:56.589 [AMR-03] SAFETY_STOP min_obstacle_distance=1.00m <= 1.2m
05:19:56.690 [AMR-03] STATE_TRANSITION EMERGENCY_STOP -> MOVING (intent=MOVE)
05:19:56.792 [AMR-03] STATE_TRANSITION MOVING -> EMERGENCY_STOP (intent=STOP)
05:19:56.792 [AMR-03] SAFETY_STOP min_obstacle_distance=1.01m <= 1.2m
05:19:56.892 [AMR-03] STATE_TRANSITION EMERGENCY_STOP -> MOVING (intent=MOVE)
05:19:56.993 [AMR-03] STATE_TRANSITION MOVING -> EMERGENCY_STOP (intent=STOP)
05:19:56.993 [AMR-03] SAFETY_STOP min_obstacle_distance=1.04m <= 1.2m
05:19:57.094 [AMR-03] STATE_TRANSITION EMERGENCY_STOP -> MOVING (intent=MOVE)
05:19:57.194 [AMR-03] STATE_TRANSITION MOVING -> EMERGENCY_STOP (intent=STOP)
05:19:57.194 [AMR-03] SAFETY_STOP min_obstacle_distance=1.10m <= 1.2m
05:19:57.294 [AMR-03] STATE_TRANSITION EMERGENCY_STOP -> MOVING (intent=MOVE)
05:19:57.395 [AMR-03] STATE_TRANSITION MOVING -> EMERGENCY_STOP (intent=STOP)
05:19:57.395 [AMR-03] SAFETY_STOP min_obstacle_distance=1.08m <= 1.2m
05:19:57.495 [AMR-03] STATE_TRANSITION EMERGENCY_STOP -> MOVING (intent=MOVE)
05:19:57.596 [AMR-03] STATE_TRANSITION MOVING -> EMERGENCY_STOP (intent=STOP)
05:19:57.596 [AMR-03] SAFETY_STOP min_obstacle_distance=1.00m <= 1.2m
05:19:57.696 [AMR-03] STATE_TRANSITION EMERGENCY_STOP -> MOVING (intent=MOVE)
05:19:57.797 [AMR-03] STATE_TRANSITION MOVING -> EMERGENCY_STOP (intent=STOP)
05:19:57.797 [AMR-03] SAFETY_STOP min_obstacle_distance=1.01m <= 1.2m
05:19:57.898 [AMR-03] STATE_TRANSITION EMERGENCY_STOP -> MOVING (intent=MOVE)
05:19:57.999 [AMR-03] STATE_TRANSITION MOVING -> EMERGENCY_STOP (intent=STOP)
05:19:57.999 [AMR-03] SAFETY_STOP min_obstacle_distance=1.04m <= 1.2m
05:19:58.099 [AMR-03] STATE_TRANSITION EMERGENCY_STOP -> MOVING (intent=MOVE)
05:19:58.200 [AMR-03] STATE_TRANSITION MOVING -> EMERGENCY_STOP (intent=STOP)
05:19:58.200 [AMR-03] SAFETY_STOP min_obstacle_distance=1.10m <= 1.2m
05:19:58.301 [AMR-03] STATE_TRANSITION EMERGENCY_STOP -> MOVING (intent=MOVE)
05:19:58.402 [AMR-03] STATE_TRANSITION MOVING -> EMERGENCY_STOP (intent=STOP)
05:19:58.402 [AMR-03] SAFETY_STOP min_obstacle_distance=1.08m <= 1.2m
05:19:58.503 [AMR-03] STATE_TRANSITION EMERGENCY_STOP -> MOVING (intent=MOVE)
05:19:58.602 [AMR-03] STATE_TRANSITION MOVING -> EMERGENCY_STOP (intent=STOP)
05:19:58.602 [AMR-03] SAFETY_STOP min_obstacle_distance=1.00m <= 1.2m
05:19:58.703 [AMR-03] STATE_TRANSITION EMERGENCY_STOP -> MOVING (intent=MOVE)
05:19:58.803 [AMR-03] STATE_TRANSITION MOVING -> EMERGENCY_STOP (intent=STOP)
05:19:58.803 [AMR-03] SAFETY_STOP min_obstacle_distance=1.01m <= 1.2m
05:19:58.904 [AMR-03] STATE_TRANSITION EMERGENCY_STOP -> MOVING (intent=MOVE)
05:19:59.005 [AMR-03] STATE_TRANSITION MOVING -> EMERGENCY_STOP (intent=STOP)
05:19:59.005 [AMR-03] SAFETY_STOP min_obstacle_distance=1.04m <= 1.2m
05:19:59.105 [AMR-03] STATE_TRANSITION EMERGENCY_STOP -> MOVING (intent=MOVE)
05:19:59.205 [AMR-03] STATE_TRANSITION MOVING -> EMERGENCY_STOP (intent=STOP)
05:19:59.205 [AMR-03] SAFETY_STOP min_obstacle_distance=1.10m <= 1.2m
05:19:59.306 [AMR-03] STATE_TRANSITION EMERGENCY_STOP -> MOVING (intent=MOVE)
05:19:59.406 [AMR-03] STATE_TRANSITION MOVING -> EMERGENCY_STOP (intent=STOP)
05:19:59.406 [AMR-03] SAFETY_STOP min_obstacle_distance=1.08m <= 1.2m
05:19:59.507 [AMR-03] STATE_TRANSITION EMERGENCY_STOP -> MOVING (intent=MOVE)
05:19:59.607 [AMR-03] STATE_TRANSITION MOVING -> EMERGENCY_STOP (intent=STOP)
05:19:59.607 [AMR-03] SAFETY_STOP min_obstacle_distance=1.00m <= 1.2m
05:19:59.708 [AMR-03] STATE_TRANSITION EMERGENCY_STOP -> MOVING (intent=MOVE)
05:19:59.808 [AMR-03] STATE_TRANSITION MOVING -> EMERGENCY_STOP (intent=STOP)
05:19:59.808 [AMR-03] SAFETY_STOP min_obstacle_distance=1.01m <= 1.2m
05:19:59.909 [AMR-03] STATE_TRANSITION EMERGENCY_STOP -> MOVING (intent=MOVE)
05:20:00.009 [AMR-03] STATE_TRANSITION MOVING -> EMERGENCY_STOP (intent=STOP)
05:20:00.009 [AMR-03] SAFETY_STOP min_obstacle_distance=1.04m <= 1.2m
05:20:00.110 [AMR-03] STATE_TRANSITION EMERGENCY_STOP -> MOVING (intent=MOVE)
05:20:00.209 [AMR-03] STATE_TRANSITION MOVING -> EMERGENCY_STOP (intent=STOP)
05:20:00.210 [AMR-03] SAFETY_STOP min_obstacle_distance=1.10m <= 1.2m
05:20:00.311 [AMR-03] STATE_TRANSITION EMERGENCY_STOP -> MOVING (intent=MOVE)
05:20:00.411 [AMR-03] STATE_TRANSITION MOVING -> EMERGENCY_STOP (intent=STOP)
05:20:00.411 [AMR-03] SAFETY_STOP min_obstacle_distance=1.08m <= 1.2m
05:20:00.511 [AMR-03] STATE_TRANSITION EMERGENCY_STOP -> MOVING (intent=MOVE)
05:20:00.611 [AMR-03] STATE_TRANSITION MOVING -> EMERGENCY_STOP (intent=STOP)
05:20:00.611 [AMR-03] SAFETY_STOP min_obstacle_distance=1.01m <= 1.2m
05:20:00.712 [AMR-03] STATE_TRANSITION EMERGENCY_STOP -> MOVING (intent=MOVE)
05:20:00.813 [AMR-03] STATE_TRANSITION MOVING -> EMERGENCY_STOP (intent=STOP)
05:20:00.813 [AMR-03] SAFETY_STOP min_obstacle_distance=1.04m <= 1.2m
05:20:00.914 [AMR-03] STATE_TRANSITION EMERGENCY_STOP -> MOVING (intent=MOVE)
05:20:01.015 [AMR-03] STATE_TRANSITION MOVING -> EMERGENCY_STOP (intent=STOP)
05:20:01.015 [AMR-03] SAFETY_STOP min_obstacle_distance=1.10m <= 1.2m
05:20:01.115 [AMR-03] STATE_TRANSITION EMERGENCY_STOP -> MOVING (intent=MOVE)
05:20:01.215 [AMR-03] STATE_TRANSITION MOVING -> EMERGENCY_STOP (intent=STOP)
05:20:01.215 [AMR-03] SAFETY_STOP min_obstacle_distance=1.08m <= 1.2m
05:20:01.316 [AMR-03] STATE_TRANSITION EMERGENCY_STOP -> MOVING (intent=MOVE)
05:20:01.417 [AMR-03] STATE_TRANSITION MOVING -> EMERGENCY_STOP (intent=STOP)
05:20:01.417 [AMR-03] SAFETY_STOP min_obstacle_distance=1.03m <= 1.2m
05:20:01.517 [AMR-03] STATE_TRANSITION EMERGENCY_STOP -> MOVING (intent=MOVE)
05:20:01.617 [AMR-03] STATE_TRANSITION MOVING -> EMERGENCY_STOP (intent=STOP)
05:20:01.617 [AMR-03] SAFETY_STOP min_obstacle_distance=1.01m <= 1.2m
05:20:01.719 [AMR-03] STATE_TRANSITION EMERGENCY_STOP -> MOVING (intent=MOVE)
05:20:01.819 [AMR-03] STATE_TRANSITION MOVING -> EMERGENCY_STOP (intent=STOP)
05:20:01.819 [AMR-03] SAFETY_STOP min_obstacle_distance=1.04m <= 1.2m
05:20:01.920 [AMR-03] STATE_TRANSITION EMERGENCY_STOP -> MOVING (intent=MOVE)
05:20:02.021 [AMR-03] STATE_TRANSITION MOVING -> EMERGENCY_STOP (intent=STOP)
05:20:02.021 [AMR-03] SAFETY_STOP min_obstacle_distance=1.10m <= 1.2m
05:20:02.122 [AMR-03] STATE_TRANSITION EMERGENCY_STOP -> MOVING (intent=MOVE)
05:20:02.223 [AMR-03] STATE_TRANSITION MOVING -> EMERGENCY_STOP (intent=STOP)
05:20:02.223 [AMR-03] SAFETY_STOP min_obstacle_distance=1.08m <= 1.2m
05:20:02.323 [AMR-03] STATE_TRANSITION EMERGENCY_STOP -> MOVING (intent=MOVE)
05:20:02.424 [AMR-03] STATE_TRANSITION MOVING -> EMERGENCY_STOP (intent=STOP)
05:20:02.425 [AMR-03] SAFETY_STOP min_obstacle_distance=1.03m <= 1.2m
05:20:02.525 [AMR-03] STATE_TRANSITION EMERGENCY_STOP -> MOVING (intent=MOVE)
05:20:02.625 [AMR-03] STATE_TRANSITION MOVING -> EMERGENCY_STOP (intent=STOP)
05:20:02.625 [AMR-03] SAFETY_STOP min_obstacle_distance=1.01m <= 1.2m
05:20:02.726 [AMR-03] STATE_TRANSITION EMERGENCY_STOP -> MOVING (intent=MOVE)
05:20:02.827 [AMR-03] STATE_TRANSITION MOVING -> EMERGENCY_STOP (intent=STOP)
05:20:02.827 [AMR-03] SAFETY_STOP min_obstacle_distance=1.04m <= 1.2m
05:20:02.928 [AMR-03] STATE_TRANSITION EMERGENCY_STOP -> MOVING (intent=MOVE)
05:20:03.029 [AMR-03] STATE_TRANSITION MOVING -> EMERGENCY_STOP (intent=STOP)
05:20:03.029 [AMR-03] SAFETY_STOP min_obstacle_distance=1.10m <= 1.2m
05:20:03.130 [AMR-03] STATE_TRANSITION EMERGENCY_STOP -> MOVING (intent=MOVE)
05:20:03.231 [AMR-03] STATE_TRANSITION MOVING -> EMERGENCY_STOP (intent=STOP)
05:20:03.231 [AMR-03] SAFETY_STOP min_obstacle_distance=1.08m <= 1.2m
05:20:03.331 [AMR-03] STATE_TRANSITION EMERGENCY_STOP -> MOVING (intent=MOVE)
05:20:03.432 [AMR-03] STATE_TRANSITION MOVING -> EMERGENCY_STOP (intent=STOP)
05:20:03.432 [AMR-03] SAFETY_STOP min_obstacle_distance=1.03m <= 1.2m
05:20:03.534 [AMR-03] STATE_TRANSITION EMERGENCY_STOP -> MOVING (intent=MOVE)
05:20:03.634 [AMR-03] STATE_TRANSITION MOVING -> EMERGENCY_STOP (intent=STOP)
05:20:03.634 [AMR-03] SAFETY_STOP min_obstacle_distance=1.01m <= 1.2m
05:20:03.734 [AMR-03] STATE_TRANSITION EMERGENCY_STOP -> MOVING (intent=MOVE)
05:20:03.834 [AMR-03] STATE_TRANSITION MOVING -> EMERGENCY_STOP (intent=STOP)
05:20:03.834 [AMR-03] SAFETY_STOP min_obstacle_distance=1.04m <= 1.2m
05:20:03.935 [AMR-03] STATE_TRANSITION EMERGENCY_STOP -> MOVING (intent=MOVE)
05:20:04.036 [AMR-03] STATE_TRANSITION MOVING -> EMERGENCY_STOP (intent=STOP)
05:20:04.036 [AMR-03] SAFETY_STOP min_obstacle_distance=1.10m <= 1.2m
05:20:04.136 [AMR-03] STATE_TRANSITION EMERGENCY_STOP -> MOVING (intent=MOVE)
05:20:04.237 [AMR-03] STATE_TRANSITION MOVING -> EMERGENCY_STOP (intent=STOP)
05:20:04.237 [AMR-03] SAFETY_STOP min_obstacle_distance=1.08m <= 1.2m
05:20:04.337 [AMR-03] STATE_TRANSITION EMERGENCY_STOP -> MOVING (intent=MOVE)
05:20:04.439 [AMR-03] STATE_TRANSITION MOVING -> EMERGENCY_STOP (intent=STOP)
05:20:04.439 [AMR-03] SAFETY_STOP min_obstacle_distance=1.03m <= 1.2m
05:20:04.539 [AMR-03] STATE_TRANSITION EMERGENCY_STOP -> MOVING (intent=MOVE)
05:20:04.639 [AMR-03] STATE_TRANSITION MOVING -> EMERGENCY_STOP (intent=STOP)
05:20:04.639 [AMR-03] SAFETY_STOP min_obstacle_distance=1.00m <= 1.2m
05:20:04.741 [AMR-03] STATE_TRANSITION EMERGENCY_STOP -> MOVING (intent=MOVE)
05:20:04.841 [AMR-03] STATE_TRANSITION MOVING -> EMERGENCY_STOP (intent=STOP)
05:20:04.842 [AMR-03] SAFETY_STOP min_obstacle_distance=1.01m <= 1.2m
05:20:04.942 [AMR-03] STATE_TRANSITION EMERGENCY_STOP -> MOVING (intent=MOVE)
05:20:05.043 [AMR-03] STATE_TRANSITION MOVING -> EMERGENCY_STOP (intent=STOP)
05:20:05.043 [AMR-03] SAFETY_STOP min_obstacle_distance=1.04m <= 1.2m
05:20:05.143 [AMR-03] STATE_TRANSITION EMERGENCY_STOP -> MOVING (intent=MOVE)
05:20:05.243 [AMR-03] STATE_TRANSITION MOVING -> EMERGENCY_STOP (intent=STOP)
05:20:05.244 [AMR-03] SAFETY_STOP min_obstacle_distance=1.10m <= 1.2m
05:20:05.344 [AMR-03] STATE_TRANSITION EMERGENCY_STOP -> MOVING (intent=MOVE)
05:20:05.444 [AMR-03] STATE_TRANSITION MOVING -> EMERGENCY_STOP (intent=STOP)
05:20:05.444 [AMR-03] SAFETY_STOP min_obstacle_distance=1.08m <= 1.2m
05:20:05.546 [AMR-03] STATE_TRANSITION EMERGENCY_STOP -> MOVING (intent=MOVE)
05:20:05.645 [AMR-03] STATE_TRANSITION MOVING -> EMERGENCY_STOP (intent=STOP)
05:20:05.646 [AMR-03] SAFETY_STOP min_obstacle_distance=1.01m <= 1.2m
05:20:05.746 [AMR-03] STATE_TRANSITION EMERGENCY_STOP -> MOVING (intent=MOVE)
05:20:05.847 [AMR-03] STATE_TRANSITION MOVING -> EMERGENCY_STOP (intent=STOP)
05:20:05.847 [AMR-03] SAFETY_STOP min_obstacle_distance=1.04m <= 1.2m
05:20:05.948 [AMR-03] STATE_TRANSITION EMERGENCY_STOP -> MOVING (intent=MOVE)
05:20:06.049 [AMR-03] STATE_TRANSITION MOVING -> EMERGENCY_STOP (intent=STOP)
05:20:06.049 [AMR-03] SAFETY_STOP min_obstacle_distance=1.10m <= 1.2m
05:20:06.150 [AMR-03] STATE_TRANSITION EMERGENCY_STOP -> MOVING (intent=MOVE)
05:20:06.251 [AMR-03] STATE_TRANSITION MOVING -> EMERGENCY_STOP (intent=STOP)
05:20:06.251 [AMR-03] SAFETY_STOP min_obstacle_distance=1.08m <= 1.2m
05:20:06.352 [AMR-03] STATE_TRANSITION EMERGENCY_STOP -> MOVING (intent=MOVE)
05:20:06.452 [AMR-03] STATE_TRANSITION MOVING -> EMERGENCY_STOP (intent=STOP)
05:20:06.452 [AMR-03] SAFETY_STOP min_obstacle_distance=1.03m <= 1.2m
05:20:06.553 [AMR-03] STATE_TRANSITION EMERGENCY_STOP -> MOVING (intent=MOVE)
05:20:06.654 [AMR-03] STATE_TRANSITION MOVING -> EMERGENCY_STOP (intent=STOP)
05:20:06.654 [AMR-03] SAFETY_STOP min_obstacle_distance=1.01m <= 1.2m
05:20:06.755 [AMR-03] STATE_TRANSITION EMERGENCY_STOP -> MOVING (intent=MOVE)
05:20:06.855 [AMR-03] STATE_TRANSITION MOVING -> EMERGENCY_STOP (intent=STOP)
05:20:06.855 [AMR-03] SAFETY_STOP min_obstacle_distance=1.04m <= 1.2m
05:20:06.956 [AMR-03] STATE_TRANSITION EMERGENCY_STOP -> MOVING (intent=MOVE)
05:20:07.057 [AMR-03] STATE_TRANSITION MOVING -> EMERGENCY_STOP (intent=STOP)
05:20:07.057 [AMR-03] SAFETY_STOP min_obstacle_distance=1.10m <= 1.2m
05:20:07.158 [AMR-03] STATE_TRANSITION EMERGENCY_STOP -> MOVING (intent=MOVE)
05:20:07.258 [AMR-03] STATE_TRANSITION MOVING -> EMERGENCY_STOP (intent=STOP)
05:20:07.258 [AMR-03] SAFETY_STOP min_obstacle_distance=1.08m <= 1.2m
05:20:07.358 [AMR-03] STATE_TRANSITION EMERGENCY_STOP -> MOVING (intent=MOVE)
05:20:07.460 [AMR-03] STATE_TRANSITION MOVING -> EMERGENCY_STOP (intent=STOP)
05:20:07.460 [AMR-03] SAFETY_STOP min_obstacle_distance=1.03m <= 1.2m
05:20:07.560 [AMR-03] STATE_TRANSITION EMERGENCY_STOP -> MOVING (intent=MOVE)
05:20:07.661 [AMR-03] STATE_TRANSITION MOVING -> EMERGENCY_STOP (intent=STOP)
05:20:07.661 [AMR-03] SAFETY_STOP min_obstacle_distance=1.01m <= 1.2m
05:20:07.761 [AMR-03] STATE_TRANSITION EMERGENCY_STOP -> MOVING (intent=MOVE)
05:20:07.861 [AMR-03] STATE_TRANSITION MOVING -> EMERGENCY_STOP (intent=STOP)
05:20:07.861 [AMR-03] SAFETY_STOP min_obstacle_distance=1.04m <= 1.2m
05:20:07.962 [AMR-03] STATE_TRANSITION EMERGENCY_STOP -> MOVING (intent=MOVE)
05:20:08.064 [AMR-03] STATE_TRANSITION MOVING -> EMERGENCY_STOP (intent=STOP)
05:20:08.065 [AMR-03] SAFETY_STOP min_obstacle_distance=1.10m <= 1.2m
05:20:08.165 [AMR-03] STATE_TRANSITION EMERGENCY_STOP -> MOVING (intent=MOVE)
05:20:08.265 [AMR-03] STATE_TRANSITION MOVING -> EMERGENCY_STOP (intent=STOP)
05:20:08.266 [AMR-03] SAFETY_STOP min_obstacle_distance=1.08m <= 1.2m
05:20:08.367 [AMR-03] STATE_TRANSITION EMERGENCY_STOP -> MOVING (intent=MOVE)
05:20:08.468 [AMR-03] STATE_TRANSITION MOVING -> EMERGENCY_STOP (intent=STOP)
05:20:08.468 [AMR-03] SAFETY_STOP min_obstacle_distance=1.03m <= 1.2m
05:20:08.568 [AMR-03] STATE_TRANSITION EMERGENCY_STOP -> MOVING (intent=MOVE)
05:20:08.669 [AMR-03] STATE_TRANSITION MOVING -> EMERGENCY_STOP (intent=STOP)
05:20:08.669 [AMR-03] SAFETY_STOP min_obstacle_distance=1.01m <= 1.2m
05:20:08.770 [AMR-03] STATE_TRANSITION EMERGENCY_STOP -> MOVING (intent=MOVE)
05:20:08.871 [AMR-03] STATE_TRANSITION MOVING -> EMERGENCY_STOP (intent=STOP)
05:20:08.872 [AMR-03] SAFETY_STOP min_obstacle_distance=1.04m <= 1.2m
05:20:08.972 [AMR-03] STATE_TRANSITION EMERGENCY_STOP -> MOVING (intent=MOVE)
05:20:09.072 [AMR-03] STATE_TRANSITION MOVING -> EMERGENCY_STOP (intent=STOP)
05:20:09.073 [AMR-03] SAFETY_STOP min_obstacle_distance=1.10m <= 1.2m
05:20:09.174 [AMR-03] STATE_TRANSITION EMERGENCY_STOP -> MOVING (intent=MOVE)
05:20:09.274 [AMR-03] STATE_TRANSITION MOVING -> EMERGENCY_STOP (intent=STOP)
05:20:09.274 [AMR-03] SAFETY_STOP min_obstacle_distance=1.07m <= 1.2m
05:20:09.375 [AMR-03] STATE_TRANSITION EMERGENCY_STOP -> MOVING (intent=MOVE)
05:20:09.476 [AMR-03] STATE_TRANSITION MOVING -> EMERGENCY_STOP (intent=STOP)
05:20:09.476 [AMR-03] SAFETY_STOP min_obstacle_distance=1.03m <= 1.2m
05:20:09.576 [AMR-03] STATE_TRANSITION EMERGENCY_STOP -> MOVING (intent=MOVE)
05:20:09.676 [AMR-03] STATE_TRANSITION MOVING -> EMERGENCY_STOP (intent=STOP)
05:20:09.676 [AMR-03] SAFETY_STOP min_obstacle_distance=1.01m <= 1.2m
05:20:09.776 [AMR-03] STATE_TRANSITION EMERGENCY_STOP -> MOVING (intent=MOVE)
05:20:09.877 [AMR-03] STATE_TRANSITION MOVING -> EMERGENCY_STOP (intent=STOP)
05:20:09.877 [AMR-03] SAFETY_STOP min_obstacle_distance=1.04m <= 1.2m
05:20:09.977 [AMR-03] STATE_TRANSITION EMERGENCY_STOP -> MOVING (intent=MOVE)
05:20:10.078 [AMR-03] STATE_TRANSITION MOVING -> EMERGENCY_STOP (intent=STOP)
05:20:10.078 [AMR-03] SAFETY_STOP min_obstacle_distance=1.10m <= 1.2m
05:20:10.179 [AMR-03] STATE_TRANSITION EMERGENCY_STOP -> MOVING (intent=MOVE)
05:20:10.279 [AMR-03] STATE_TRANSITION MOVING -> EMERGENCY_STOP (intent=STOP)
05:20:10.279 [AMR-03] SAFETY_STOP min_obstacle_distance=1.08m <= 1.2m
05:20:10.380 [AMR-03] STATE_TRANSITION EMERGENCY_STOP -> MOVING (intent=MOVE)
05:20:10.480 [AMR-03] STATE_TRANSITION MOVING -> EMERGENCY_STOP (intent=STOP)
05:20:10.480 [AMR-03] SAFETY_STOP min_obstacle_distance=1.03m <= 1.2m
05:20:10.581 [AMR-03] STATE_TRANSITION EMERGENCY_STOP -> MOVING (intent=MOVE)
05:20:10.683 [AMR-03] STATE_TRANSITION MOVING -> EMERGENCY_STOP (intent=STOP)
05:20:10.684 [AMR-03] SAFETY_STOP min_obstacle_distance=1.01m <= 1.2m
05:20:10.783 [AMR-03] STATE_TRANSITION EMERGENCY_STOP -> MOVING (intent=MOVE)
05:20:10.884 [AMR-03] STATE_TRANSITION MOVING -> EMERGENCY_STOP (intent=STOP)
05:20:10.884 [AMR-03] SAFETY_STOP min_obstacle_distance=1.04m <= 1.2m
05:20:10.985 [AMR-03] STATE_TRANSITION EMERGENCY_STOP -> MOVING (intent=MOVE)
05:20:11.085 [AMR-03] STATE_TRANSITION MOVING -> EMERGENCY_STOP (intent=STOP)
05:20:11.085 [AMR-03] SAFETY_STOP min_obstacle_distance=1.10m <= 1.2m
05:20:11.186 [AMR-03] STATE_TRANSITION EMERGENCY_STOP -> MOVING (intent=MOVE)
05:20:11.286 [AMR-03] STATE_TRANSITION MOVING -> EMERGENCY_STOP (intent=STOP)
05:20:11.286 [AMR-03] SAFETY_STOP min_obstacle_distance=1.08m <= 1.2m
05:20:11.387 [AMR-03] STATE_TRANSITION EMERGENCY_STOP -> MOVING (intent=MOVE)
05:20:11.488 [AMR-03] STATE_TRANSITION MOVING -> EMERGENCY_STOP (intent=STOP)
05:20:11.488 [AMR-03] SAFETY_STOP min_obstacle_distance=1.03m <= 1.2m
05:20:11.588 [AMR-03] STATE_TRANSITION EMERGENCY_STOP -> MOVING (intent=MOVE)
05:20:11.688 [AMR-03] STATE_TRANSITION MOVING -> EMERGENCY_STOP (intent=STOP)
05:20:11.688 [AMR-03] SAFETY_STOP min_obstacle_distance=1.01m <= 1.2m
05:20:11.789 [AMR-03] STATE_TRANSITION EMERGENCY_STOP -> MOVING (intent=MOVE)
05:20:11.890 [AMR-03] STATE_TRANSITION MOVING -> EMERGENCY_STOP (intent=STOP)
05:20:11.890 [AMR-03] SAFETY_STOP min_obstacle_distance=1.04m <= 1.2m
05:20:11.991 [AMR-03] STATE_TRANSITION EMERGENCY_STOP -> MOVING (intent=MOVE)
05:20:12.091 [AMR-03] STATE_TRANSITION MOVING -> EMERGENCY_STOP (intent=STOP)
05:20:12.091 [AMR-03] SAFETY_STOP min_obstacle_distance=1.10m <= 1.2m
05:20:12.193 [AMR-03] STATE_TRANSITION EMERGENCY_STOP -> MOVING (intent=MOVE)
05:20:12.293 [AMR-03] STATE_TRANSITION MOVING -> EMERGENCY_STOP (intent=STOP)
05:20:12.293 [AMR-03] SAFETY_STOP min_obstacle_distance=1.08m <= 1.2m
05:20:12.394 [AMR-03] STATE_TRANSITION EMERGENCY_STOP -> MOVING (intent=MOVE)
05:20:12.494 [AMR-03] STATE_TRANSITION MOVING -> EMERGENCY_STOP (intent=STOP)
05:20:12.494 [AMR-03] SAFETY_STOP min_obstacle_distance=1.03m <= 1.2m
05:20:12.595 [AMR-03] STATE_TRANSITION EMERGENCY_STOP -> MOVING (intent=MOVE)
05:20:12.695 [AMR-03] STATE_TRANSITION MOVING -> EMERGENCY_STOP (intent=STOP)
05:20:12.695 [AMR-03] SAFETY_STOP min_obstacle_distance=1.01m <= 1.2m
05:20:12.796 [AMR-03] STATE_TRANSITION EMERGENCY_STOP -> MOVING (intent=MOVE)
05:20:12.897 [AMR-03] STATE_TRANSITION MOVING -> EMERGENCY_STOP (intent=STOP)
05:20:12.897 [AMR-03] SAFETY_STOP min_obstacle_distance=1.04m <= 1.2m
05:20:12.998 [AMR-03] STATE_TRANSITION EMERGENCY_STOP -> MOVING (intent=MOVE)
05:20:13.099 [AMR-03] STATE_TRANSITION MOVING -> EMERGENCY_STOP (intent=STOP)
05:20:13.099 [AMR-03] SAFETY_STOP min_obstacle_distance=1.10m <= 1.2m
05:20:13.200 [AMR-03] STATE_TRANSITION EMERGENCY_STOP -> MOVING (intent=MOVE)
05:20:13.300 [AMR-03] STATE_TRANSITION MOVING -> EMERGENCY_STOP (intent=STOP)
05:20:13.300 [AMR-03] SAFETY_STOP min_obstacle_distance=1.08m <= 1.2m
05:20:13.401 [AMR-03] STATE_TRANSITION EMERGENCY_STOP -> MOVING (intent=MOVE)
05:20:13.502 [AMR-03] STATE_TRANSITION MOVING -> EMERGENCY_STOP (intent=STOP)
05:20:13.502 [AMR-03] SAFETY_STOP min_obstacle_distance=1.03m <= 1.2m
05:20:13.602 [AMR-03] STATE_TRANSITION EMERGENCY_STOP -> MOVING (intent=MOVE)
05:20:13.703 [AMR-03] STATE_TRANSITION MOVING -> EMERGENCY_STOP (intent=STOP)
05:20:13.703 [AMR-03] SAFETY_STOP min_obstacle_distance=1.01m <= 1.2m
05:20:13.804 [AMR-03] STATE_TRANSITION EMERGENCY_STOP -> MOVING (intent=MOVE)
05:20:13.904 [AMR-03] STATE_TRANSITION MOVING -> EMERGENCY_STOP (intent=STOP)
05:20:13.904 [AMR-03] SAFETY_STOP min_obstacle_distance=1.04m <= 1.2m
05:20:14.006 [AMR-03] STATE_TRANSITION EMERGENCY_STOP -> MOVING (intent=MOVE)
05:20:14.106 [AMR-03] STATE_TRANSITION MOVING -> EMERGENCY_STOP (intent=STOP)
05:20:14.106 [AMR-03] SAFETY_STOP min_obstacle_distance=1.10m <= 1.2m
05:20:14.207 [AMR-03] STATE_TRANSITION EMERGENCY_STOP -> MOVING (intent=MOVE)
05:20:14.307 [AMR-03] STATE_TRANSITION MOVING -> EMERGENCY_STOP (intent=STOP)
05:20:14.307 [AMR-03] SAFETY_STOP min_obstacle_distance=1.07m <= 1.2m
05:20:14.408 [AMR-03] STATE_TRANSITION EMERGENCY_STOP -> MOVING (intent=MOVE)
05:20:14.508 [AMR-03] STATE_TRANSITION MOVING -> EMERGENCY_STOP (intent=STOP)
05:20:14.509 [AMR-03] SAFETY_STOP min_obstacle_distance=1.03m <= 1.2m
05:20:14.608 [AMR-03] STATE_TRANSITION EMERGENCY_STOP -> MOVING (intent=MOVE)
05:20:14.710 [AMR-03] STATE_TRANSITION MOVING -> EMERGENCY_STOP (intent=STOP)
05:20:14.710 [AMR-03] SAFETY_STOP min_obstacle_distance=1.01m <= 1.2m
05:20:14.811 [AMR-03] STATE_TRANSITION EMERGENCY_STOP -> MOVING (intent=MOVE)
05:20:14.912 [AMR-03] STATE_TRANSITION MOVING -> EMERGENCY_STOP (intent=STOP)
05:20:14.912 [AMR-03] SAFETY_STOP min_obstacle_distance=1.04m <= 1.2m
05:20:15.013 [AMR-03] STATE_TRANSITION EMERGENCY_STOP -> MOVING (intent=MOVE)
05:20:15.114 [AMR-03] STATE_TRANSITION MOVING -> EMERGENCY_STOP (intent=STOP)
05:20:15.114 [AMR-03] SAFETY_STOP min_obstacle_distance=1.10m <= 1.2m
05:20:15.214 [AMR-03] STATE_TRANSITION EMERGENCY_STOP -> MOVING (intent=MOVE)
05:20:15.314 [AMR-03] STATE_TRANSITION MOVING -> EMERGENCY_STOP (intent=STOP)
05:20:15.314 [AMR-03] SAFETY_STOP min_obstacle_distance=1.08m <= 1.2m
05:20:15.416 [AMR-03] STATE_TRANSITION EMERGENCY_STOP -> MOVING (intent=MOVE)
05:20:15.517 [AMR-03] STATE_TRANSITION MOVING -> EMERGENCY_STOP (intent=STOP)
05:20:15.517 [AMR-03] SAFETY_STOP min_obstacle_distance=1.00m <= 1.2m
05:20:15.618 [AMR-03] STATE_TRANSITION EMERGENCY_STOP -> MOVING (intent=MOVE)
05:20:15.718 [AMR-03] STATE_TRANSITION MOVING -> EMERGENCY_STOP (intent=STOP)
05:20:15.719 [AMR-03] SAFETY_STOP min_obstacle_distance=1.01m <= 1.2m
05:20:15.820 [AMR-03] STATE_TRANSITION EMERGENCY_STOP -> MOVING (intent=MOVE)
05:20:15.920 [AMR-03] STATE_TRANSITION MOVING -> EMERGENCY_STOP (intent=STOP)
05:20:15.921 [AMR-03] SAFETY_STOP min_obstacle_distance=1.04m <= 1.2m
05:20:16.022 [AMR-03] STATE_TRANSITION EMERGENCY_STOP -> MOVING (intent=MOVE)
05:20:16.122 [AMR-03] STATE_TRANSITION MOVING -> EMERGENCY_STOP (intent=STOP)
05:20:16.122 [AMR-03] SAFETY_STOP min_obstacle_distance=1.10m <= 1.2m
05:20:16.222 [AMR-03] STATE_TRANSITION EMERGENCY_STOP -> MOVING (intent=MOVE)
05:20:16.323 [AMR-03] STATE_TRANSITION MOVING -> EMERGENCY_STOP (intent=STOP)
05:20:16.323 [AMR-03] SAFETY_STOP min_obstacle_distance=1.08m <= 1.2m
05:20:16.423 [AMR-03] STATE_TRANSITION EMERGENCY_STOP -> MOVING (intent=MOVE)
05:20:16.526 [AMR-03] STATE_TRANSITION MOVING -> EMERGENCY_STOP (intent=STOP)
05:20:16.526 [AMR-03] SAFETY_STOP min_obstacle_distance=1.03m <= 1.2m
05:20:16.625 [AMR-03] STATE_TRANSITION EMERGENCY_STOP -> MOVING (intent=MOVE)
05:20:16.726 [AMR-03] STATE_TRANSITION MOVING -> EMERGENCY_STOP (intent=STOP)
05:20:16.726 [AMR-03] SAFETY_STOP min_obstacle_distance=1.01m <= 1.2m
05:20:16.827 [AMR-03] STATE_TRANSITION EMERGENCY_STOP -> MOVING (intent=MOVE)
05:20:16.927 [AMR-03] STATE_TRANSITION MOVING -> EMERGENCY_STOP (intent=STOP)
05:20:16.928 [AMR-03] SAFETY_STOP min_obstacle_distance=1.04m <= 1.2m
05:20:17.028 [AMR-03] STATE_TRANSITION EMERGENCY_STOP -> MOVING (intent=MOVE)
05:20:17.129 [AMR-03] STATE_TRANSITION MOVING -> EMERGENCY_STOP (intent=STOP)
05:20:17.129 [AMR-03] SAFETY_STOP min_obstacle_distance=1.10m <= 1.2m
05:20:17.230 [AMR-03] STATE_TRANSITION EMERGENCY_STOP -> MOVING (intent=MOVE)
05:20:17.330 [AMR-03] STATE_TRANSITION MOVING -> EMERGENCY_STOP (intent=STOP)
05:20:17.330 [AMR-03] SAFETY_STOP min_obstacle_distance=1.08m <= 1.2m
05:20:17.431 [AMR-03] STATE_TRANSITION EMERGENCY_STOP -> MOVING (intent=MOVE)
05:20:17.534 [AMR-03] STATE_TRANSITION MOVING -> EMERGENCY_STOP (intent=STOP)
05:20:17.534 [AMR-03] SAFETY_STOP min_obstacle_distance=1.00m <= 1.2m
05:20:17.634 [AMR-03] STATE_TRANSITION EMERGENCY_STOP -> MOVING (intent=MOVE)
05:20:17.735 [AMR-03] STATE_TRANSITION MOVING -> EMERGENCY_STOP (intent=STOP)
05:20:17.735 [AMR-03] SAFETY_STOP min_obstacle_distance=1.01m <= 1.2m
05:20:17.836 [AMR-03] STATE_TRANSITION EMERGENCY_STOP -> MOVING (intent=MOVE)
05:20:17.936 [AMR-03] STATE_TRANSITION MOVING -> EMERGENCY_STOP (intent=STOP)
05:20:17.936 [AMR-03] SAFETY_STOP min_obstacle_distance=1.04m <= 1.2m
05:20:18.036 [AMR-03] STATE_TRANSITION EMERGENCY_STOP -> MOVING (intent=MOVE)
05:20:18.137 [AMR-03] STATE_TRANSITION MOVING -> EMERGENCY_STOP (intent=STOP)
05:20:18.137 [AMR-03] SAFETY_STOP min_obstacle_distance=1.10m <= 1.2m
05:20:18.237 [AMR-03] STATE_TRANSITION EMERGENCY_STOP -> MOVING (intent=MOVE)
05:20:18.339 [AMR-03] STATE_TRANSITION MOVING -> EMERGENCY_STOP (intent=STOP)
05:20:18.339 [AMR-03] SAFETY_STOP min_obstacle_distance=1.08m <= 1.2m
05:20:18.440 [AMR-03] STATE_TRANSITION EMERGENCY_STOP -> MOVING (intent=MOVE)
05:20:18.539 [AMR-03] STATE_TRANSITION MOVING -> EMERGENCY_STOP (intent=STOP)
05:20:18.539 [AMR-03] SAFETY_STOP min_obstacle_distance=1.00m <= 1.2m
05:20:18.640 [AMR-03] STATE_TRANSITION EMERGENCY_STOP -> MOVING (intent=MOVE)
05:20:18.741 [AMR-03] STATE_TRANSITION MOVING -> EMERGENCY_STOP (intent=STOP)
05:20:18.741 [AMR-03] SAFETY_STOP min_obstacle_distance=1.01m <= 1.2m
05:20:18.843 [AMR-03] STATE_TRANSITION EMERGENCY_STOP -> MOVING (intent=MOVE)
05:20:18.943 [AMR-03] STATE_TRANSITION MOVING -> EMERGENCY_STOP (intent=STOP)
05:20:18.943 [AMR-03] SAFETY_STOP min_obstacle_distance=1.04m <= 1.2m
05:20:19.043 [AMR-03] STATE_TRANSITION EMERGENCY_STOP -> MOVING (intent=MOVE)
05:20:19.143 [AMR-03] STATE_TRANSITION MOVING -> EMERGENCY_STOP (intent=STOP)
05:20:19.144 [AMR-03] SAFETY_STOP min_obstacle_distance=1.10m <= 1.2m
05:20:19.244 [AMR-03] STATE_TRANSITION EMERGENCY_STOP -> MOVING (intent=MOVE)
05:20:19.345 [AMR-03] STATE_TRANSITION MOVING -> EMERGENCY_STOP (intent=STOP)
05:20:19.345 [AMR-03] SAFETY_STOP min_obstacle_distance=1.08m <= 1.2m
05:20:19.446 [AMR-03] STATE_TRANSITION EMERGENCY_STOP -> MOVING (intent=MOVE)
05:20:19.546 [AMR-03] STATE_TRANSITION MOVING -> EMERGENCY_STOP (intent=STOP)
05:20:19.546 [AMR-03] SAFETY_STOP min_obstacle_distance=1.00m <= 1.2m
05:20:19.648 [AMR-03] STATE_TRANSITION EMERGENCY_STOP -> MOVING (intent=MOVE)
05:20:19.748 [AMR-03] STATE_TRANSITION MOVING -> EMERGENCY_STOP (intent=STOP)
05:20:19.748 [AMR-03] SAFETY_STOP min_obstacle_distance=1.01m <= 1.2m
05:20:19.849 [AMR-03] STATE_TRANSITION EMERGENCY_STOP -> MOVING (intent=MOVE)
05:20:19.950 [AMR-03] STATE_TRANSITION MOVING -> EMERGENCY_STOP (intent=STOP)
05:20:19.950 [AMR-03] SAFETY_STOP min_obstacle_distance=1.04m <= 1.2m
05:20:20.050 [AMR-03] STATE_TRANSITION EMERGENCY_STOP -> MOVING (intent=MOVE)
05:20:20.151 [AMR-03] STATE_TRANSITION MOVING -> EMERGENCY_STOP (intent=STOP)
05:20:20.151 [AMR-03] SAFETY_STOP min_obstacle_distance=1.10m <= 1.2m
05:20:20.252 [AMR-03] STATE_TRANSITION EMERGENCY_STOP -> MOVING (intent=MOVE)
05:20:20.352 [AMR-03] STATE_TRANSITION MOVING -> EMERGENCY_STOP (intent=STOP)
05:20:20.353 [AMR-03] SAFETY_STOP min_obstacle_distance=1.07m <= 1.2m
05:20:20.454 [AMR-03] STATE_TRANSITION EMERGENCY_STOP -> MOVING (intent=MOVE)
05:20:20.555 [AMR-03] STATE_TRANSITION MOVING -> EMERGENCY_STOP (intent=STOP)
05:20:20.555 [AMR-03] SAFETY_STOP min_obstacle_distance=1.00m <= 1.2m
05:20:20.654 [AMR-03] STATE_TRANSITION EMERGENCY_STOP -> MOVING (intent=MOVE)
05:20:20.755 [AMR-03] STATE_TRANSITION MOVING -> EMERGENCY_STOP (intent=STOP)
05:20:20.755 [AMR-03] SAFETY_STOP min_obstacle_distance=1.01m <= 1.2m
05:20:20.855 [AMR-03] STATE_TRANSITION EMERGENCY_STOP -> MOVING (intent=MOVE)
05:20:20.956 [AMR-03] STATE_TRANSITION MOVING -> EMERGENCY_STOP (intent=STOP)
05:20:20.956 [AMR-03] SAFETY_STOP min_obstacle_distance=1.04m <= 1.2m
05:20:21.058 [AMR-03] STATE_TRANSITION EMERGENCY_STOP -> MOVING (intent=MOVE)
05:20:21.158 [AMR-03] STATE_TRANSITION MOVING -> EMERGENCY_STOP (intent=STOP)
05:20:21.159 [AMR-03] SAFETY_STOP min_obstacle_distance=1.10m <= 1.2m
05:20:21.259 [AMR-03] STATE_TRANSITION EMERGENCY_STOP -> MOVING (intent=MOVE)
05:20:21.360 [AMR-03] STATE_TRANSITION MOVING -> EMERGENCY_STOP (intent=STOP)
05:20:21.360 [AMR-03] SAFETY_STOP min_obstacle_distance=1.08m <= 1.2m
05:20:21.460 [AMR-03] STATE_TRANSITION EMERGENCY_STOP -> MOVING (intent=MOVE)
05:20:21.560 [AMR-03] STATE_TRANSITION MOVING -> EMERGENCY_STOP (intent=STOP)
05:20:21.560 [AMR-03] SAFETY_STOP min_obstacle_distance=1.00m <= 1.2m
05:20:21.660 [AMR-03] STATE_TRANSITION EMERGENCY_STOP -> MOVING (intent=MOVE)
05:20:21.761 [AMR-03] STATE_TRANSITION MOVING -> EMERGENCY_STOP (intent=STOP)
05:20:21.761 [AMR-03] SAFETY_STOP min_obstacle_distance=1.01m <= 1.2m
05:20:21.862 [AMR-03] STATE_TRANSITION EMERGENCY_STOP -> MOVING (intent=MOVE)
05:20:21.963 [AMR-03] STATE_TRANSITION MOVING -> EMERGENCY_STOP (intent=STOP)
05:20:21.963 [AMR-03] SAFETY_STOP min_obstacle_distance=1.04m <= 1.2m
05:20:22.064 [AMR-03] STATE_TRANSITION EMERGENCY_STOP -> MOVING (intent=MOVE)
05:20:22.164 [AMR-03] STATE_TRANSITION MOVING -> EMERGENCY_STOP (intent=STOP)
05:20:22.165 [AMR-03] SAFETY_STOP min_obstacle_distance=1.10m <= 1.2m
05:20:22.265 [AMR-03] STATE_TRANSITION EMERGENCY_STOP -> MOVING (intent=MOVE)
05:20:22.365 [AMR-03] STATE_TRANSITION MOVING -> EMERGENCY_STOP (intent=STOP)
05:20:22.365 [AMR-03] SAFETY_STOP min_obstacle_distance=1.08m <= 1.2m
05:20:22.466 [AMR-03] STATE_TRANSITION EMERGENCY_STOP -> MOVING (intent=MOVE)
05:20:22.566 [AMR-03] STATE_TRANSITION MOVING -> EMERGENCY_STOP (intent=STOP)
05:20:22.566 [AMR-03] SAFETY_STOP min_obstacle_distance=1.00m <= 1.2m
05:20:22.668 [AMR-03] STATE_TRANSITION EMERGENCY_STOP -> MOVING (intent=MOVE)
05:20:22.768 [AMR-03] STATE_TRANSITION MOVING -> EMERGENCY_STOP (intent=STOP)
05:20:22.768 [AMR-03] SAFETY_STOP min_obstacle_distance=1.01m <= 1.2m
05:20:22.869 [AMR-03] STATE_TRANSITION EMERGENCY_STOP -> MOVING (intent=MOVE)
05:20:22.970 [AMR-03] STATE_TRANSITION MOVING -> EMERGENCY_STOP (intent=STOP)
05:20:22.970 [AMR-03] SAFETY_STOP min_obstacle_distance=1.04m <= 1.2m
05:20:23.070 [AMR-03] STATE_TRANSITION EMERGENCY_STOP -> MOVING (intent=MOVE)
05:20:23.171 [AMR-03] STATE_TRANSITION MOVING -> EMERGENCY_STOP (intent=STOP)
05:20:23.171 [AMR-03] SAFETY_STOP min_obstacle_distance=1.10m <= 1.2m
05:20:23.272 [AMR-03] STATE_TRANSITION EMERGENCY_STOP -> MOVING (intent=MOVE)
05:20:23.373 [AMR-03] STATE_TRANSITION MOVING -> EMERGENCY_STOP (intent=STOP)
05:20:23.373 [AMR-03] SAFETY_STOP min_obstacle_distance=1.07m <= 1.2m
05:20:23.474 [AMR-03] STATE_TRANSITION EMERGENCY_STOP -> MOVING (intent=MOVE)
05:20:23.574 [AMR-03] STATE_TRANSITION MOVING -> EMERGENCY_STOP (intent=STOP)
05:20:23.574 [AMR-03] SAFETY_STOP min_obstacle_distance=1.00m <= 1.2m
05:20:23.674 [AMR-03] STATE_TRANSITION EMERGENCY_STOP -> MOVING (intent=MOVE)
05:20:23.774 [AMR-03] STATE_TRANSITION MOVING -> EMERGENCY_STOP (intent=STOP)
05:20:23.774 [AMR-03] SAFETY_STOP min_obstacle_distance=1.01m <= 1.2m
05:20:23.875 [AMR-03] STATE_TRANSITION EMERGENCY_STOP -> MOVING (intent=MOVE)
05:20:23.975 [AMR-03] STATE_TRANSITION MOVING -> EMERGENCY_STOP (intent=STOP)
05:20:23.975 [AMR-03] SAFETY_STOP min_obstacle_distance=1.04m <= 1.2m
05:20:24.076 [AMR-03] STATE_TRANSITION EMERGENCY_STOP -> MOVING (intent=MOVE)
05:20:24.177 [AMR-03] STATE_TRANSITION MOVING -> EMERGENCY_STOP (intent=STOP)
05:20:24.177 [AMR-03] SAFETY_STOP min_obstacle_distance=1.10m <= 1.2m
05:20:24.278 [AMR-03] STATE_TRANSITION EMERGENCY_STOP -> MOVING (intent=MOVE)
05:20:24.378 [AMR-03] STATE_TRANSITION MOVING -> EMERGENCY_STOP (intent=STOP)
05:20:24.378 [AMR-03] SAFETY_STOP min_obstacle_distance=1.08m <= 1.2m
05:20:24.479 [AMR-03] STATE_TRANSITION EMERGENCY_STOP -> MOVING (intent=MOVE)
05:20:24.580 [AMR-03] STATE_TRANSITION MOVING -> EMERGENCY_STOP (intent=STOP)
05:20:24.580 [AMR-03] SAFETY_STOP min_obstacle_distance=1.00m <= 1.2m
05:20:24.680 [AMR-03] STATE_TRANSITION EMERGENCY_STOP -> MOVING (intent=MOVE)
05:20:24.782 [AMR-03] STATE_TRANSITION MOVING -> EMERGENCY_STOP (intent=STOP)
05:20:24.782 [AMR-03] SAFETY_STOP min_obstacle_distance=1.01m <= 1.2m
05:20:24.882 [AMR-03] STATE_TRANSITION EMERGENCY_STOP -> MOVING (intent=MOVE)
05:20:24.982 [AMR-03] STATE_TRANSITION MOVING -> EMERGENCY_STOP (intent=STOP)
05:20:24.983 [AMR-03] SAFETY_STOP min_obstacle_distance=1.04m <= 1.2m
05:20:25.083 [AMR-03] STATE_TRANSITION EMERGENCY_STOP -> MOVING (intent=MOVE)
05:20:25.184 [AMR-03] STATE_TRANSITION MOVING -> EMERGENCY_STOP (intent=STOP)
05:20:25.184 [AMR-03] SAFETY_STOP min_obstacle_distance=1.10m <= 1.2m
05:20:25.284 [AMR-03] STATE_TRANSITION EMERGENCY_STOP -> MOVING (intent=MOVE)
05:20:25.385 [AMR-03] STATE_TRANSITION MOVING -> EMERGENCY_STOP (intent=STOP)
05:20:25.385 [AMR-03] SAFETY_STOP min_obstacle_distance=1.08m <= 1.2m
05:20:25.487 [AMR-03] STATE_TRANSITION EMERGENCY_STOP -> MOVING (intent=MOVE)
05:20:25.587 [AMR-03] STATE_TRANSITION MOVING -> EMERGENCY_STOP (intent=STOP)
05:20:25.587 [AMR-03] SAFETY_STOP min_obstacle_distance=1.00m <= 1.2m
05:20:25.688 [AMR-03] STATE_TRANSITION EMERGENCY_STOP -> MOVING (intent=MOVE)
05:20:25.788 [AMR-03] STATE_TRANSITION MOVING -> EMERGENCY_STOP (intent=STOP)
05:20:25.788 [AMR-03] SAFETY_STOP min_obstacle_distance=1.01m <= 1.2m
05:20:25.890 [AMR-03] STATE_TRANSITION EMERGENCY_STOP -> MOVING (intent=MOVE)
05:20:25.990 [AMR-03] STATE_TRANSITION MOVING -> EMERGENCY_STOP (intent=STOP)
05:20:25.990 [AMR-03] SAFETY_STOP min_obstacle_distance=1.04m <= 1.2m
05:20:26.091 [AMR-03] STATE_TRANSITION EMERGENCY_STOP -> MOVING (intent=MOVE)
05:20:26.192 [AMR-03] STATE_TRANSITION MOVING -> EMERGENCY_STOP (intent=STOP)
05:20:26.192 [AMR-03] SAFETY_STOP min_obstacle_distance=1.10m <= 1.2m
05:20:26.294 [AMR-03] STATE_TRANSITION EMERGENCY_STOP -> MOVING (intent=MOVE)
05:20:26.395 [AMR-03] STATE_TRANSITION MOVING -> EMERGENCY_STOP (intent=STOP)
05:20:26.395 [AMR-03] SAFETY_STOP min_obstacle_distance=1.08m <= 1.2m
05:20:26.496 [AMR-03] STATE_TRANSITION EMERGENCY_STOP -> MOVING (intent=MOVE)
05:20:26.597 [AMR-03] STATE_TRANSITION MOVING -> EMERGENCY_STOP (intent=STOP)
05:20:26.597 [AMR-03] SAFETY_STOP min_obstacle_distance=1.00m <= 1.2m
05:20:26.698 [AMR-03] STATE_TRANSITION EMERGENCY_STOP -> MOVING (intent=MOVE)
05:20:26.799 [AMR-03] STATE_TRANSITION MOVING -> EMERGENCY_STOP (intent=STOP)
05:20:26.799 [AMR-03] SAFETY_STOP min_obstacle_distance=1.01m <= 1.2m
05:20:26.900 [AMR-03] STATE_TRANSITION EMERGENCY_STOP -> MOVING (intent=MOVE)
05:20:27.001 [AMR-03] STATE_TRANSITION MOVING -> EMERGENCY_STOP (intent=STOP)
05:20:27.001 [AMR-03] SAFETY_STOP min_obstacle_distance=1.04m <= 1.2m
05:20:27.102 [AMR-03] STATE_TRANSITION EMERGENCY_STOP -> MOVING (intent=MOVE)
05:20:27.204 [AMR-03] STATE_TRANSITION MOVING -> EMERGENCY_STOP (intent=STOP)
05:20:27.204 [AMR-03] SAFETY_STOP min_obstacle_distance=1.10m <= 1.2m
05:20:27.306 [AMR-03] STATE_TRANSITION EMERGENCY_STOP -> MOVING (intent=MOVE)
05:20:27.408 [AMR-03] STATE_TRANSITION MOVING -> EMERGENCY_STOP (intent=STOP)
05:20:27.408 [AMR-03] SAFETY_STOP min_obstacle_distance=1.07m <= 1.2m
05:20:27.508 [AMR-03] STATE_TRANSITION EMERGENCY_STOP -> MOVING (intent=MOVE)
05:20:27.609 [AMR-03] STATE_TRANSITION MOVING -> EMERGENCY_STOP (intent=STOP)
05:20:27.609 [AMR-03] SAFETY_STOP min_obstacle_distance=1.00m <= 1.2m
05:20:27.710 [AMR-03] STATE_TRANSITION EMERGENCY_STOP -> MOVING (intent=MOVE)
05:20:27.812 [AMR-03] STATE_TRANSITION MOVING -> EMERGENCY_STOP (intent=STOP)
05:20:27.813 [AMR-03] SAFETY_STOP min_obstacle_distance=1.01m <= 1.2m
05:20:27.913 [AMR-03] STATE_TRANSITION EMERGENCY_STOP -> MOVING (intent=MOVE)
05:20:28.016 [AMR-03] STATE_TRANSITION MOVING -> EMERGENCY_STOP (intent=STOP)
05:20:28.016 [AMR-03] SAFETY_STOP min_obstacle_distance=1.04m <= 1.2m
05:20:28.117 [AMR-03] STATE_TRANSITION EMERGENCY_STOP -> MOVING (intent=MOVE)
05:20:28.218 [AMR-03] STATE_TRANSITION MOVING -> EMERGENCY_STOP (intent=STOP)
05:20:28.218 [AMR-03] SAFETY_STOP min_obstacle_distance=1.10m <= 1.2m
05:20:28.319 [AMR-03] STATE_TRANSITION EMERGENCY_STOP -> MOVING (intent=MOVE)
05:20:28.421 [AMR-03] STATE_TRANSITION MOVING -> EMERGENCY_STOP (intent=STOP)
05:20:28.421 [AMR-03] SAFETY_STOP min_obstacle_distance=1.07m <= 1.2m
05:20:28.523 [AMR-03] STATE_TRANSITION EMERGENCY_STOP -> MOVING (intent=MOVE)
05:20:28.624 [AMR-03] STATE_TRANSITION MOVING -> EMERGENCY_STOP (intent=STOP)
05:20:28.624 [AMR-03] SAFETY_STOP min_obstacle_distance=1.01m <= 1.2m
05:20:28.725 [AMR-03] STATE_TRANSITION EMERGENCY_STOP -> MOVING (intent=MOVE)
05:20:28.826 [AMR-03] STATE_TRANSITION MOVING -> EMERGENCY_STOP (intent=STOP)
05:20:28.826 [AMR-03] SAFETY_STOP min_obstacle_distance=1.05m <= 1.2m
05:20:28.928 [AMR-03] STATE_TRANSITION EMERGENCY_STOP -> MOVING (intent=MOVE)
05:20:29.030 [AMR-03] STATE_TRANSITION MOVING -> EMERGENCY_STOP (intent=STOP)
05:20:29.030 [AMR-03] SAFETY_STOP min_obstacle_distance=1.10m <= 1.2m
05:20:29.131 [AMR-03] STATE_TRANSITION EMERGENCY_STOP -> MOVING (intent=MOVE)
05:20:29.233 [AMR-03] STATE_TRANSITION MOVING -> EMERGENCY_STOP (intent=STOP)
05:20:29.233 [AMR-03] SAFETY_STOP min_obstacle_distance=1.07m <= 1.2m
05:20:29.334 [AMR-03] STATE_TRANSITION EMERGENCY_STOP -> MOVING (intent=MOVE)
05:20:29.435 [AMR-03] STATE_TRANSITION MOVING -> EMERGENCY_STOP (intent=STOP)
05:20:29.435 [AMR-03] SAFETY_STOP min_obstacle_distance=1.03m <= 1.2m
05:20:29.538 [AMR-03] STATE_TRANSITION EMERGENCY_STOP -> MOVING (intent=MOVE)
05:20:29.637 [AMR-03] STATE_TRANSITION MOVING -> EMERGENCY_STOP (intent=STOP)
05:20:29.637 [AMR-03] SAFETY_STOP min_obstacle_distance=1.00m <= 1.2m
05:20:29.737 [AMR-03] STATE_TRANSITION EMERGENCY_STOP -> MOVING (intent=MOVE)
05:20:29.837 [AMR-03] STATE_TRANSITION MOVING -> EMERGENCY_STOP (intent=STOP)
05:20:29.837 [AMR-03] SAFETY_STOP min_obstacle_distance=1.01m <= 1.2m
05:20:29.938 [AMR-03] STATE_TRANSITION EMERGENCY_STOP -> MOVING (intent=MOVE)
05:20:30.038 [AMR-03] STATE_TRANSITION MOVING -> EMERGENCY_STOP (intent=STOP)
05:20:30.038 [AMR-03] SAFETY_STOP min_obstacle_distance=1.04m <= 1.2m
05:20:30.140 [AMR-03] STATE_TRANSITION EMERGENCY_STOP -> MOVING (intent=MOVE)
05:20:30.240 [AMR-03] STATE_TRANSITION MOVING -> EMERGENCY_STOP (intent=STOP)
05:20:30.241 [AMR-03] SAFETY_STOP min_obstacle_distance=1.10m <= 1.2m
05:20:30.340 [AMR-03] STATE_TRANSITION EMERGENCY_STOP -> MOVING (intent=MOVE)
05:20:30.441 [AMR-03] STATE_TRANSITION MOVING -> EMERGENCY_STOP (intent=STOP)
05:20:30.442 [AMR-03] SAFETY_STOP min_obstacle_distance=1.08m <= 1.2m
05:20:30.542 [AMR-03] STATE_TRANSITION EMERGENCY_STOP -> MOVING (intent=MOVE)
05:20:30.642 [AMR-03] STATE_TRANSITION MOVING -> EMERGENCY_STOP (intent=STOP)
05:20:30.642 [AMR-03] SAFETY_STOP min_obstacle_distance=1.00m <= 1.2m
05:20:30.743 [AMR-03] STATE_TRANSITION EMERGENCY_STOP -> MOVING (intent=MOVE)
05:20:30.843 [AMR-03] STATE_TRANSITION MOVING -> EMERGENCY_STOP (intent=STOP)
05:20:30.843 [AMR-03] SAFETY_STOP min_obstacle_distance=1.01m <= 1.2m
05:20:30.945 [AMR-03] STATE_TRANSITION EMERGENCY_STOP -> MOVING (intent=MOVE)
05:20:31.045 [AMR-03] STATE_TRANSITION MOVING -> EMERGENCY_STOP (intent=STOP)
05:20:31.046 [AMR-03] SAFETY_STOP min_obstacle_distance=1.04m <= 1.2m
05:20:31.147 [AMR-03] STATE_TRANSITION EMERGENCY_STOP -> MOVING (intent=MOVE)
05:20:31.247 [AMR-03] STATE_TRANSITION MOVING -> EMERGENCY_STOP (intent=STOP)
05:20:31.248 [AMR-03] SAFETY_STOP min_obstacle_distance=1.10m <= 1.2m
05:20:31.348 [AMR-03] STATE_TRANSITION EMERGENCY_STOP -> MOVING (intent=MOVE)
05:20:31.449 [AMR-03] STATE_TRANSITION MOVING -> EMERGENCY_STOP (intent=STOP)
05:20:31.449 [AMR-03] SAFETY_STOP min_obstacle_distance=1.08m <= 1.2m
05:20:31.549 [AMR-03] STATE_TRANSITION EMERGENCY_STOP -> MOVING (intent=MOVE)
05:20:31.650 [AMR-03] STATE_TRANSITION MOVING -> EMERGENCY_STOP (intent=STOP)
05:20:31.650 [AMR-03] SAFETY_STOP min_obstacle_distance=1.01m <= 1.2m
05:20:31.751 [AMR-03] STATE_TRANSITION EMERGENCY_STOP -> MOVING (intent=MOVE)
05:20:31.851 [AMR-03] STATE_TRANSITION MOVING -> EMERGENCY_STOP (intent=STOP)
05:20:31.851 [AMR-03] SAFETY_STOP min_obstacle_distance=1.04m <= 1.2m
05:20:31.952 [AMR-03] STATE_TRANSITION EMERGENCY_STOP -> MOVING (intent=MOVE)
05:20:32.053 [AMR-03] STATE_TRANSITION MOVING -> EMERGENCY_STOP (intent=STOP)
05:20:32.053 [AMR-03] SAFETY_STOP min_obstacle_distance=1.10m <= 1.2m
05:20:32.154 [AMR-03] STATE_TRANSITION EMERGENCY_STOP -> MOVING (intent=MOVE)
05:20:32.254 [AMR-03] STATE_TRANSITION MOVING -> EMERGENCY_STOP (intent=STOP)
05:20:32.254 [AMR-03] SAFETY_STOP min_obstacle_distance=1.07m <= 1.2m
05:20:32.354 [AMR-03] STATE_TRANSITION EMERGENCY_STOP -> MOVING (intent=MOVE)
05:20:32.455 [AMR-03] STATE_TRANSITION MOVING -> EMERGENCY_STOP (intent=STOP)
05:20:32.455 [AMR-03] SAFETY_STOP min_obstacle_distance=1.03m <= 1.2m
05:20:32.556 [AMR-03] STATE_TRANSITION EMERGENCY_STOP -> MOVING (intent=MOVE)
05:20:32.656 [AMR-03] STATE_TRANSITION MOVING -> EMERGENCY_STOP (intent=STOP)
05:20:32.656 [AMR-03] SAFETY_STOP min_obstacle_distance=1.01m <= 1.2m
05:20:32.756 [AMR-03] STATE_TRANSITION EMERGENCY_STOP -> MOVING (intent=MOVE)
05:20:32.856 [AMR-03] STATE_TRANSITION MOVING -> EMERGENCY_STOP (intent=STOP)
05:20:32.856 [AMR-03] SAFETY_STOP min_obstacle_distance=1.04m <= 1.2m
05:20:32.958 [AMR-03] STATE_TRANSITION EMERGENCY_STOP -> MOVING (intent=MOVE)
05:20:33.058 [AMR-03] STATE_TRANSITION MOVING -> EMERGENCY_STOP (intent=STOP)
05:20:33.058 [AMR-03] SAFETY_STOP min_obstacle_distance=1.10m <= 1.2m
05:20:33.159 [AMR-03] STATE_TRANSITION EMERGENCY_STOP -> MOVING (intent=MOVE)
05:20:33.260 [AMR-03] STATE_TRANSITION MOVING -> EMERGENCY_STOP (intent=STOP)
05:20:33.260 [AMR-03] SAFETY_STOP min_obstacle_distance=1.08m <= 1.2m
05:20:33.360 [AMR-03] STATE_TRANSITION EMERGENCY_STOP -> MOVING (intent=MOVE)
05:20:33.461 [AMR-03] STATE_TRANSITION MOVING -> EMERGENCY_STOP (intent=STOP)
05:20:33.461 [AMR-03] SAFETY_STOP min_obstacle_distance=1.03m <= 1.2m
05:20:33.562 [AMR-03] STATE_TRANSITION EMERGENCY_STOP -> MOVING (intent=MOVE)
05:20:33.662 [AMR-03] STATE_TRANSITION MOVING -> EMERGENCY_STOP (intent=STOP)
05:20:33.662 [AMR-03] SAFETY_STOP min_obstacle_distance=1.01m <= 1.2m
05:20:33.764 [AMR-03] STATE_TRANSITION EMERGENCY_STOP -> MOVING (intent=MOVE)
05:20:33.864 [AMR-03] STATE_TRANSITION MOVING -> EMERGENCY_STOP (intent=STOP)
05:20:33.864 [AMR-03] SAFETY_STOP min_obstacle_distance=1.04m <= 1.2m
05:20:33.964 [AMR-03] STATE_TRANSITION EMERGENCY_STOP -> MOVING (intent=MOVE)
05:20:34.065 [AMR-03] STATE_TRANSITION MOVING -> EMERGENCY_STOP (intent=STOP)
05:20:34.065 [AMR-03] SAFETY_STOP min_obstacle_distance=1.10m <= 1.2m
05:20:34.165 [AMR-03] STATE_TRANSITION EMERGENCY_STOP -> MOVING (intent=MOVE)
05:20:34.265 [AMR-03] STATE_TRANSITION MOVING -> EMERGENCY_STOP (intent=STOP)
05:20:34.266 [AMR-03] SAFETY_STOP min_obstacle_distance=1.08m <= 1.2m
05:20:34.366 [AMR-03] STATE_TRANSITION EMERGENCY_STOP -> MOVING (intent=MOVE)
05:20:34.466 [AMR-03] STATE_TRANSITION MOVING -> EMERGENCY_STOP (intent=STOP)
05:20:34.466 [AMR-03] SAFETY_STOP min_obstacle_distance=1.03m <= 1.2m
05:20:34.568 [AMR-03] STATE_TRANSITION EMERGENCY_STOP -> MOVING (intent=MOVE)
05:20:34.667 [AMR-03] STATE_TRANSITION MOVING -> EMERGENCY_STOP (intent=STOP)
05:20:34.667 [AMR-03] SAFETY_STOP min_obstacle_distance=1.01m <= 1.2m
05:20:34.768 [AMR-03] STATE_TRANSITION EMERGENCY_STOP -> MOVING (intent=MOVE)
05:20:34.868 [AMR-03] STATE_TRANSITION MOVING -> EMERGENCY_STOP (intent=STOP)
05:20:34.868 [AMR-03] SAFETY_STOP min_obstacle_distance=1.04m <= 1.2m
05:20:34.969 [AMR-03] STATE_TRANSITION EMERGENCY_STOP -> MOVING (intent=MOVE)
05:20:35.070 [AMR-03] STATE_TRANSITION MOVING -> EMERGENCY_STOP (intent=STOP)
05:20:35.070 [AMR-03] SAFETY_STOP min_obstacle_distance=1.10m <= 1.2m
05:20:35.170 [AMR-03] STATE_TRANSITION EMERGENCY_STOP -> MOVING (intent=MOVE)
05:20:35.271 [AMR-03] STATE_TRANSITION MOVING -> EMERGENCY_STOP (intent=STOP)
05:20:35.271 [AMR-03] SAFETY_STOP min_obstacle_distance=1.08m <= 1.2m
05:20:35.371 [AMR-03] STATE_TRANSITION EMERGENCY_STOP -> MOVING (intent=MOVE)
05:20:35.472 [AMR-03] STATE_TRANSITION MOVING -> EMERGENCY_STOP (intent=STOP)
05:20:35.472 [AMR-03] SAFETY_STOP min_obstacle_distance=1.03m <= 1.2m
05:20:35.573 [AMR-03] STATE_TRANSITION EMERGENCY_STOP -> MOVING (intent=MOVE)
05:20:35.673 [AMR-03] STATE_TRANSITION MOVING -> EMERGENCY_STOP (intent=STOP)
05:20:35.673 [AMR-03] SAFETY_STOP min_obstacle_distance=1.01m <= 1.2m
05:20:35.773 [AMR-03] STATE_TRANSITION EMERGENCY_STOP -> MOVING (intent=MOVE)
05:20:35.873 [AMR-03] STATE_TRANSITION MOVING -> EMERGENCY_STOP (intent=STOP)
05:20:35.873 [AMR-03] SAFETY_STOP min_obstacle_distance=1.04m <= 1.2m
05:20:35.975 [AMR-03] STATE_TRANSITION EMERGENCY_STOP -> MOVING (intent=MOVE)
05:20:36.074 [AMR-03] STATE_TRANSITION MOVING -> EMERGENCY_STOP (intent=STOP)
05:20:36.074 [AMR-03] SAFETY_STOP min_obstacle_distance=1.10m <= 1.2m
05:20:36.175 [AMR-03] STATE_TRANSITION EMERGENCY_STOP -> MOVING (intent=MOVE)
05:20:36.275 [AMR-03] STATE_TRANSITION MOVING -> EMERGENCY_STOP (intent=STOP)
05:20:36.275 [AMR-03] SAFETY_STOP min_obstacle_distance=1.08m <= 1.2m
05:20:36.376 [AMR-03] STATE_TRANSITION EMERGENCY_STOP -> MOVING (intent=MOVE)
05:20:36.477 [AMR-03] STATE_TRANSITION MOVING -> EMERGENCY_STOP (intent=STOP)
05:20:36.477 [AMR-03] SAFETY_STOP min_obstacle_distance=1.03m <= 1.2m
05:20:36.577 [AMR-03] STATE_TRANSITION EMERGENCY_STOP -> MOVING (intent=MOVE)
05:20:36.678 [AMR-03] STATE_TRANSITION MOVING -> EMERGENCY_STOP (intent=STOP)
05:20:36.678 [AMR-03] SAFETY_STOP min_obstacle_distance=1.01m <= 1.2m
05:20:36.779 [AMR-03] STATE_TRANSITION EMERGENCY_STOP -> MOVING (intent=MOVE)
05:20:36.879 [AMR-03] STATE_TRANSITION MOVING -> EMERGENCY_STOP (intent=STOP)
05:20:36.879 [AMR-03] SAFETY_STOP min_obstacle_distance=1.04m <= 1.2m
05:20:36.979 [AMR-03] STATE_TRANSITION EMERGENCY_STOP -> MOVING (intent=MOVE)
05:20:37.080 [AMR-03] STATE_TRANSITION MOVING -> EMERGENCY_STOP (intent=STOP)
05:20:37.080 [AMR-03] SAFETY_STOP min_obstacle_distance=1.10m <= 1.2m
05:20:37.180 [AMR-03] STATE_TRANSITION EMERGENCY_STOP -> MOVING (intent=MOVE)
05:20:37.281 [AMR-03] STATE_TRANSITION MOVING -> EMERGENCY_STOP (intent=STOP)
05:20:37.281 [AMR-03] SAFETY_STOP min_obstacle_distance=1.08m <= 1.2m
05:20:37.381 [AMR-03] STATE_TRANSITION EMERGENCY_STOP -> MOVING (intent=MOVE)
05:20:37.482 [AMR-03] STATE_TRANSITION MOVING -> EMERGENCY_STOP (intent=STOP)
05:20:37.482 [AMR-03] SAFETY_STOP min_obstacle_distance=1.03m <= 1.2m
05:20:37.582 [AMR-03] STATE_TRANSITION EMERGENCY_STOP -> MOVING (intent=MOVE)
05:20:37.683 [AMR-03] STATE_TRANSITION MOVING -> EMERGENCY_STOP (intent=STOP)
05:20:37.683 [AMR-03] SAFETY_STOP min_obstacle_distance=1.01m <= 1.2m
05:20:37.784 [AMR-03] STATE_TRANSITION EMERGENCY_STOP -> MOVING (intent=MOVE)
05:20:37.885 [AMR-03] STATE_TRANSITION MOVING -> EMERGENCY_STOP (intent=STOP)
05:20:37.885 [AMR-03] SAFETY_STOP min_obstacle_distance=1.04m <= 1.2m
05:20:37.985 [AMR-03] STATE_TRANSITION EMERGENCY_STOP -> MOVING (intent=MOVE)
05:20:38.085 [AMR-03] STATE_TRANSITION MOVING -> EMERGENCY_STOP (intent=STOP)
05:20:38.086 [AMR-03] SAFETY_STOP min_obstacle_distance=1.10m <= 1.2m
05:20:38.186 [AMR-03] STATE_TRANSITION EMERGENCY_STOP -> MOVING (intent=MOVE)
05:20:38.286 [AMR-03] STATE_TRANSITION MOVING -> EMERGENCY_STOP (intent=STOP)
05:20:38.286 [AMR-03] SAFETY_STOP min_obstacle_distance=1.08m <= 1.2m
05:20:38.387 [AMR-03] STATE_TRANSITION EMERGENCY_STOP -> MOVING (intent=MOVE)
05:20:38.488 [AMR-03] STATE_TRANSITION MOVING -> EMERGENCY_STOP (intent=STOP)
05:20:38.489 [AMR-03] SAFETY_STOP min_obstacle_distance=1.03m <= 1.2m
05:20:38.589 [AMR-03] STATE_TRANSITION EMERGENCY_STOP -> MOVING (intent=MOVE)
05:20:38.690 [AMR-03] STATE_TRANSITION MOVING -> EMERGENCY_STOP (intent=STOP)
05:20:38.690 [AMR-03] SAFETY_STOP min_obstacle_distance=1.01m <= 1.2m
05:20:38.791 [AMR-03] STATE_TRANSITION EMERGENCY_STOP -> MOVING (intent=MOVE)
05:20:38.892 [AMR-03] STATE_TRANSITION MOVING -> EMERGENCY_STOP (intent=STOP)
05:20:38.892 [AMR-03] SAFETY_STOP min_obstacle_distance=1.04m <= 1.2m
05:20:38.992 [AMR-03] STATE_TRANSITION EMERGENCY_STOP -> MOVING (intent=MOVE)
05:20:39.093 [AMR-03] STATE_TRANSITION MOVING -> EMERGENCY_STOP (intent=STOP)
05:20:39.093 [AMR-03] SAFETY_STOP min_obstacle_distance=1.10m <= 1.2m
05:20:39.193 [AMR-03] STATE_TRANSITION EMERGENCY_STOP -> MOVING (intent=MOVE)
05:20:39.295 [AMR-03] STATE_TRANSITION MOVING -> EMERGENCY_STOP (intent=STOP)
05:20:39.295 [AMR-03] SAFETY_STOP min_obstacle_distance=1.08m <= 1.2m
05:20:39.395 [AMR-03] STATE_TRANSITION EMERGENCY_STOP -> MOVING (intent=MOVE)
05:20:39.495 [AMR-03] STATE_TRANSITION MOVING -> EMERGENCY_STOP (intent=STOP)
05:20:39.495 [AMR-03] SAFETY_STOP min_obstacle_distance=1.03m <= 1.2m
05:20:39.595 [AMR-03] STATE_TRANSITION EMERGENCY_STOP -> MOVING (intent=MOVE)
05:20:39.696 [AMR-03] STATE_TRANSITION MOVING -> EMERGENCY_STOP (intent=STOP)
05:20:39.696 [AMR-03] SAFETY_STOP min_obstacle_distance=1.01m <= 1.2m
05:20:39.797 [AMR-03] STATE_TRANSITION EMERGENCY_STOP -> MOVING (intent=MOVE)
05:20:39.898 [AMR-03] STATE_TRANSITION MOVING -> EMERGENCY_STOP (intent=STOP)
05:20:39.898 [AMR-03] SAFETY_STOP min_obstacle_distance=1.04m <= 1.2m
05:20:39.999 [AMR-03] STATE_TRANSITION EMERGENCY_STOP -> MOVING (intent=MOVE)
05:20:40.100 [AMR-03] STATE_TRANSITION MOVING -> EMERGENCY_STOP (intent=STOP)
05:20:40.100 [AMR-03] SAFETY_STOP min_obstacle_distance=1.10m <= 1.2m
05:20:40.202 [AMR-03] STATE_TRANSITION EMERGENCY_STOP -> MOVING (intent=MOVE)
05:20:40.302 [AMR-03] STATE_TRANSITION MOVING -> EMERGENCY_STOP (intent=STOP)
05:20:40.302 [AMR-03] SAFETY_STOP min_obstacle_distance=1.08m <= 1.2m
05:20:40.404 [AMR-03] STATE_TRANSITION EMERGENCY_STOP -> MOVING (intent=MOVE)
05:20:40.505 [AMR-03] STATE_TRANSITION MOVING -> EMERGENCY_STOP (intent=STOP)
05:20:40.505 [AMR-03] SAFETY_STOP min_obstacle_distance=1.03m <= 1.2m
05:20:40.604 [AMR-03] STATE_TRANSITION EMERGENCY_STOP -> MOVING (intent=MOVE)
05:20:40.705 [AMR-03] STATE_TRANSITION MOVING -> EMERGENCY_STOP (intent=STOP)
05:20:40.705 [AMR-03] SAFETY_STOP min_obstacle_distance=1.01m <= 1.2m
05:20:40.806 [AMR-03] STATE_TRANSITION EMERGENCY_STOP -> MOVING (intent=MOVE)
05:20:40.907 [AMR-03] STATE_TRANSITION MOVING -> EMERGENCY_STOP (intent=STOP)
05:20:40.907 [AMR-03] SAFETY_STOP min_obstacle_distance=1.04m <= 1.2m
05:20:41.009 [AMR-03] STATE_TRANSITION EMERGENCY_STOP -> MOVING (intent=MOVE)
05:20:41.109 [AMR-03] STATE_TRANSITION MOVING -> EMERGENCY_STOP (intent=STOP)
05:20:41.110 [AMR-03] SAFETY_STOP min_obstacle_distance=1.10m <= 1.2m
05:20:41.210 [AMR-03] STATE_TRANSITION EMERGENCY_STOP -> MOVING (intent=MOVE)
05:20:41.311 [AMR-03] STATE_TRANSITION MOVING -> EMERGENCY_STOP (intent=STOP)
05:20:41.311 [AMR-03] SAFETY_STOP min_obstacle_distance=1.08m <= 1.2m
05:20:41.411 [AMR-03] STATE_TRANSITION EMERGENCY_STOP -> MOVING (intent=MOVE)
05:20:41.511 [AMR-03] STATE_TRANSITION MOVING -> EMERGENCY_STOP (intent=STOP)
05:20:41.511 [AMR-03] SAFETY_STOP min_obstacle_distance=1.00m <= 1.2m
05:20:41.612 [AMR-03] STATE_TRANSITION EMERGENCY_STOP -> MOVING (intent=MOVE)
05:20:41.712 [AMR-03] STATE_TRANSITION MOVING -> EMERGENCY_STOP (intent=STOP)
05:20:41.712 [AMR-03] SAFETY_STOP min_obstacle_distance=1.01m <= 1.2m
05:20:41.812 [AMR-03] STATE_TRANSITION EMERGENCY_STOP -> MOVING (intent=MOVE)
05:20:41.912 [AMR-03] STATE_TRANSITION MOVING -> EMERGENCY_STOP (intent=STOP)
05:20:41.912 [AMR-03] SAFETY_STOP min_obstacle_distance=1.04m <= 1.2m
05:20:42.013 [AMR-03] STATE_TRANSITION EMERGENCY_STOP -> MOVING (intent=MOVE)
05:20:42.113 [AMR-03] STATE_TRANSITION MOVING -> EMERGENCY_STOP (intent=STOP)
05:20:42.113 [AMR-03] SAFETY_STOP min_obstacle_distance=1.10m <= 1.2m
05:20:42.213 [AMR-03] STATE_TRANSITION EMERGENCY_STOP -> MOVING (intent=MOVE)
05:20:42.314 [AMR-03] STATE_TRANSITION MOVING -> EMERGENCY_STOP (intent=STOP)
05:20:42.314 [AMR-03] SAFETY_STOP min_obstacle_distance=1.08m <= 1.2m
05:20:42.414 [AMR-03] STATE_TRANSITION EMERGENCY_STOP -> MOVING (intent=MOVE)
05:20:42.515 [AMR-03] STATE_TRANSITION MOVING -> EMERGENCY_STOP (intent=STOP)
05:20:42.515 [AMR-03] SAFETY_STOP min_obstacle_distance=1.00m <= 1.2m
05:20:42.615 [AMR-03] STATE_TRANSITION EMERGENCY_STOP -> MOVING (intent=MOVE)
05:20:42.716 [AMR-03] STATE_TRANSITION MOVING -> EMERGENCY_STOP (intent=STOP)
05:20:42.716 [AMR-03] SAFETY_STOP min_obstacle_distance=1.01m <= 1.2m
05:20:42.816 [AMR-03] STATE_TRANSITION EMERGENCY_STOP -> MOVING (intent=MOVE)
05:20:42.917 [AMR-03] STATE_TRANSITION MOVING -> EMERGENCY_STOP (intent=STOP)
05:20:42.917 [AMR-03] SAFETY_STOP min_obstacle_distance=1.04m <= 1.2m
05:20:43.017 [AMR-03] STATE_TRANSITION EMERGENCY_STOP -> MOVING (intent=MOVE)
05:20:43.118 [AMR-03] STATE_TRANSITION MOVING -> EMERGENCY_STOP (intent=STOP)
05:20:43.118 [AMR-03] SAFETY_STOP min_obstacle_distance=1.10m <= 1.2m
05:20:43.219 [AMR-03] STATE_TRANSITION EMERGENCY_STOP -> MOVING (intent=MOVE)
05:20:43.319 [AMR-03] STATE_TRANSITION MOVING -> EMERGENCY_STOP (intent=STOP)
05:20:43.319 [AMR-03] SAFETY_STOP min_obstacle_distance=1.08m <= 1.2m
05:20:43.421 [AMR-03] STATE_TRANSITION EMERGENCY_STOP -> MOVING (intent=MOVE)
05:20:43.522 [AMR-03] STATE_TRANSITION MOVING -> EMERGENCY_STOP (intent=STOP)
05:20:43.523 [AMR-03] SAFETY_STOP min_obstacle_distance=1.03m <= 1.2m
05:20:43.622 [AMR-03] STATE_TRANSITION EMERGENCY_STOP -> MOVING (intent=MOVE)
05:20:43.723 [AMR-03] STATE_TRANSITION MOVING -> EMERGENCY_STOP (intent=STOP)
05:20:43.723 [AMR-03] SAFETY_STOP min_obstacle_distance=1.01m <= 1.2m
05:20:43.823 [AMR-03] STATE_TRANSITION EMERGENCY_STOP -> MOVING (intent=MOVE)
05:20:43.924 [AMR-03] STATE_TRANSITION MOVING -> EMERGENCY_STOP (intent=STOP)
05:20:43.924 [AMR-03] SAFETY_STOP min_obstacle_distance=1.04m <= 1.2m
05:20:44.025 [AMR-03] STATE_TRANSITION EMERGENCY_STOP -> MOVING (intent=MOVE)
05:20:44.126 [AMR-03] STATE_TRANSITION MOVING -> EMERGENCY_STOP (intent=STOP)
05:20:44.126 [AMR-03] SAFETY_STOP min_obstacle_distance=1.10m <= 1.2m
05:20:44.227 [AMR-03] STATE_TRANSITION EMERGENCY_STOP -> MOVING (intent=MOVE)
05:20:44.327 [AMR-03] STATE_TRANSITION MOVING -> EMERGENCY_STOP (intent=STOP)
05:20:44.327 [AMR-03] SAFETY_STOP min_obstacle_distance=1.08m <= 1.2m
05:20:44.428 [AMR-03] STATE_TRANSITION EMERGENCY_STOP -> MOVING (intent=MOVE)
05:20:44.530 [AMR-03] STATE_TRANSITION MOVING -> EMERGENCY_STOP (intent=STOP)
05:20:44.531 [AMR-03] SAFETY_STOP min_obstacle_distance=1.03m <= 1.2m
05:20:44.630 [AMR-03] STATE_TRANSITION EMERGENCY_STOP -> MOVING (intent=MOVE)
05:20:44.730 [AMR-03] STATE_TRANSITION MOVING -> EMERGENCY_STOP (intent=STOP)
05:20:44.730 [AMR-03] SAFETY_STOP min_obstacle_distance=1.01m <= 1.2m
05:20:44.831 [AMR-03] STATE_TRANSITION EMERGENCY_STOP -> MOVING (intent=MOVE)
05:20:44.931 [AMR-03] STATE_TRANSITION MOVING -> EMERGENCY_STOP (intent=STOP)
05:20:44.931 [AMR-03] SAFETY_STOP min_obstacle_distance=1.04m <= 1.2m
05:20:45.032 [AMR-03] STATE_TRANSITION EMERGENCY_STOP -> MOVING (intent=MOVE)
05:20:45.133 [AMR-03] STATE_TRANSITION MOVING -> EMERGENCY_STOP (intent=STOP)
05:20:45.133 [AMR-03] SAFETY_STOP min_obstacle_distance=1.10m <= 1.2m
05:20:45.234 [AMR-03] STATE_TRANSITION EMERGENCY_STOP -> MOVING (intent=MOVE)
05:20:45.334 [AMR-03] STATE_TRANSITION MOVING -> EMERGENCY_STOP (intent=STOP)
05:20:45.334 [AMR-03] SAFETY_STOP min_obstacle_distance=1.08m <= 1.2m
05:20:45.435 [AMR-03] STATE_TRANSITION EMERGENCY_STOP -> MOVING (intent=MOVE)
05:20:45.536 [AMR-03] STATE_TRANSITION MOVING -> EMERGENCY_STOP (intent=STOP)
05:20:45.536 [AMR-03] SAFETY_STOP min_obstacle_distance=1.03m <= 1.2m
05:20:45.636 [AMR-03] STATE_TRANSITION EMERGENCY_STOP -> MOVING (intent=MOVE)
05:20:45.736 [AMR-03] STATE_TRANSITION MOVING -> EMERGENCY_STOP (intent=STOP)
05:20:45.736 [AMR-03] SAFETY_STOP min_obstacle_distance=1.01m <= 1.2m
05:20:45.837 [AMR-03] STATE_TRANSITION EMERGENCY_STOP -> MOVING (intent=MOVE)
05:20:45.937 [AMR-03] STATE_TRANSITION MOVING -> EMERGENCY_STOP (intent=STOP)
05:20:45.937 [AMR-03] SAFETY_STOP min_obstacle_distance=1.04m <= 1.2m
05:20:46.038 [AMR-03] STATE_TRANSITION EMERGENCY_STOP -> MOVING (intent=MOVE)
05:20:46.138 [AMR-03] STATE_TRANSITION MOVING -> EMERGENCY_STOP (intent=STOP)
05:20:46.138 [AMR-03] SAFETY_STOP min_obstacle_distance=1.10m <= 1.2m
05:20:46.238 [AMR-03] STATE_TRANSITION EMERGENCY_STOP -> MOVING (intent=MOVE)
05:20:46.339 [AMR-03] STATE_TRANSITION MOVING -> EMERGENCY_STOP (intent=STOP)
05:20:46.339 [AMR-03] SAFETY_STOP min_obstacle_distance=1.08m <= 1.2m
05:20:46.441 [AMR-03] STATE_TRANSITION EMERGENCY_STOP -> MOVING (intent=MOVE)
05:20:46.541 [AMR-03] STATE_TRANSITION MOVING -> EMERGENCY_STOP (intent=STOP)
05:20:46.541 [AMR-03] SAFETY_STOP min_obstacle_distance=1.00m <= 1.2m
05:20:46.642 [AMR-03] STATE_TRANSITION EMERGENCY_STOP -> MOVING (intent=MOVE)
05:20:46.743 [AMR-03] STATE_TRANSITION MOVING -> EMERGENCY_STOP (intent=STOP)
05:20:46.743 [AMR-03] SAFETY_STOP min_obstacle_distance=1.01m <= 1.2m
05:20:46.844 [AMR-03] STATE_TRANSITION EMERGENCY_STOP -> MOVING (intent=MOVE)
05:20:46.944 [AMR-03] STATE_TRANSITION MOVING -> EMERGENCY_STOP (intent=STOP)
05:20:46.944 [AMR-03] SAFETY_STOP min_obstacle_distance=1.04m <= 1.2m
05:20:47.045 [AMR-03] STATE_TRANSITION EMERGENCY_STOP -> MOVING (intent=MOVE)
05:20:47.145 [AMR-03] STATE_TRANSITION MOVING -> EMERGENCY_STOP (intent=STOP)
05:20:47.145 [AMR-03] SAFETY_STOP min_obstacle_distance=1.10m <= 1.2m
05:20:47.245 [AMR-03] STATE_TRANSITION EMERGENCY_STOP -> MOVING (intent=MOVE)
05:20:47.345 [AMR-03] STATE_TRANSITION MOVING -> EMERGENCY_STOP (intent=STOP)
05:20:47.345 [AMR-03] SAFETY_STOP min_obstacle_distance=1.08m <= 1.2m
05:20:47.447 [AMR-03] STATE_TRANSITION EMERGENCY_STOP -> MOVING (intent=MOVE)
05:20:47.548 [AMR-03] STATE_TRANSITION MOVING -> EMERGENCY_STOP (intent=STOP)
05:20:47.549 [AMR-03] SAFETY_STOP min_obstacle_distance=1.00m <= 1.2m
05:20:47.648 [AMR-03] STATE_TRANSITION EMERGENCY_STOP -> MOVING (intent=MOVE)
05:20:47.749 [AMR-03] STATE_TRANSITION MOVING -> EMERGENCY_STOP (intent=STOP)
05:20:47.749 [AMR-03] SAFETY_STOP min_obstacle_distance=1.01m <= 1.2m
05:20:47.850 [AMR-03] STATE_TRANSITION EMERGENCY_STOP -> MOVING (intent=MOVE)
05:20:47.950 [AMR-03] STATE_TRANSITION MOVING -> EMERGENCY_STOP (intent=STOP)
05:20:47.950 [AMR-03] SAFETY_STOP min_obstacle_distance=1.04m <= 1.2m
05:20:48.051 [AMR-03] STATE_TRANSITION EMERGENCY_STOP -> MOVING (intent=MOVE)
05:20:48.152 [AMR-03] STATE_TRANSITION MOVING -> EMERGENCY_STOP (intent=STOP)
05:20:48.152 [AMR-03] SAFETY_STOP min_obstacle_distance=1.10m <= 1.2m
05:20:48.253 [AMR-03] STATE_TRANSITION EMERGENCY_STOP -> MOVING (intent=MOVE)
05:20:48.354 [AMR-03] STATE_TRANSITION MOVING -> EMERGENCY_STOP (intent=STOP)
05:20:48.354 [AMR-03] SAFETY_STOP min_obstacle_distance=1.07m <= 1.2m
05:20:48.454 [AMR-03] STATE_TRANSITION EMERGENCY_STOP -> MOVING (intent=MOVE)
05:20:48.554 [AMR-03] STATE_TRANSITION MOVING -> EMERGENCY_STOP (intent=STOP)
05:20:48.554 [AMR-03] SAFETY_STOP min_obstacle_distance=1.00m <= 1.2m
05:20:48.655 [AMR-03] STATE_TRANSITION EMERGENCY_STOP -> MOVING (intent=MOVE)
05:20:48.755 [AMR-03] STATE_TRANSITION MOVING -> EMERGENCY_STOP (intent=STOP)
05:20:48.755 [AMR-03] SAFETY_STOP min_obstacle_distance=1.01m <= 1.2m
05:20:48.856 [AMR-03] STATE_TRANSITION EMERGENCY_STOP -> MOVING (intent=MOVE)
05:20:48.957 [AMR-03] STATE_TRANSITION MOVING -> EMERGENCY_STOP (intent=STOP)
05:20:48.957 [AMR-03] SAFETY_STOP min_obstacle_distance=1.04m <= 1.2m
05:20:49.059 [AMR-03] STATE_TRANSITION EMERGENCY_STOP -> MOVING (intent=MOVE)
05:20:49.160 [AMR-03] STATE_TRANSITION MOVING -> EMERGENCY_STOP (intent=STOP)
05:20:49.160 [AMR-03] SAFETY_STOP min_obstacle_distance=1.10m <= 1.2m
05:20:49.259 [AMR-03] STATE_TRANSITION EMERGENCY_STOP -> MOVING (intent=MOVE)
05:20:49.359 [AMR-03] STATE_TRANSITION MOVING -> EMERGENCY_STOP (intent=STOP)
05:20:49.359 [AMR-03] SAFETY_STOP min_obstacle_distance=1.08m <= 1.2m
05:20:49.461 [AMR-03] STATE_TRANSITION EMERGENCY_STOP -> MOVING (intent=MOVE)
05:20:49.561 [AMR-03] STATE_TRANSITION MOVING -> EMERGENCY_STOP (intent=STOP)
05:20:49.561 [AMR-03] SAFETY_STOP min_obstacle_distance=1.00m <= 1.2m
05:20:49.662 [AMR-03] STATE_TRANSITION EMERGENCY_STOP -> MOVING (intent=MOVE)
05:20:49.763 [AMR-03] STATE_TRANSITION MOVING -> EMERGENCY_STOP (intent=STOP)
05:20:49.763 [AMR-03] SAFETY_STOP min_obstacle_distance=1.01m <= 1.2m
05:20:49.864 [AMR-03] STATE_TRANSITION EMERGENCY_STOP -> MOVING (intent=MOVE)
05:20:49.965 [AMR-03] STATE_TRANSITION MOVING -> EMERGENCY_STOP (intent=STOP)
05:20:49.965 [AMR-03] SAFETY_STOP min_obstacle_distance=1.04m <= 1.2m
05:20:50.067 [AMR-03] STATE_TRANSITION EMERGENCY_STOP -> MOVING (intent=MOVE)
05:20:50.167 [AMR-03] STATE_TRANSITION MOVING -> EMERGENCY_STOP (intent=STOP)
05:20:50.167 [AMR-03] SAFETY_STOP min_obstacle_distance=1.10m <= 1.2m
05:20:50.268 [AMR-03] STATE_TRANSITION EMERGENCY_STOP -> MOVING (intent=MOVE)
05:20:50.368 [AMR-03] STATE_TRANSITION MOVING -> EMERGENCY_STOP (intent=STOP)
05:20:50.368 [AMR-03] SAFETY_STOP min_obstacle_distance=1.08m <= 1.2m
05:20:50.469 [AMR-03] STATE_TRANSITION EMERGENCY_STOP -> MOVING (intent=MOVE)
05:20:50.569 [AMR-03] STATE_TRANSITION MOVING -> EMERGENCY_STOP (intent=STOP)
05:20:50.569 [AMR-03] SAFETY_STOP min_obstacle_distance=1.00m <= 1.2m
05:20:50.671 [AMR-03] STATE_TRANSITION EMERGENCY_STOP -> MOVING (intent=MOVE)
05:20:50.771 [AMR-03] STATE_TRANSITION MOVING -> EMERGENCY_STOP (intent=STOP)
05:20:50.771 [AMR-03] SAFETY_STOP min_obstacle_distance=1.01m <= 1.2m
05:20:50.871 [AMR-03] STATE_TRANSITION EMERGENCY_STOP -> MOVING (intent=MOVE)
05:20:50.972 [AMR-03] STATE_TRANSITION MOVING -> EMERGENCY_STOP (intent=STOP)
05:20:50.972 [AMR-03] SAFETY_STOP min_obstacle_distance=1.04m <= 1.2m
05:20:51.072 [AMR-03] STATE_TRANSITION EMERGENCY_STOP -> MOVING (intent=MOVE)
05:20:51.173 [AMR-03] STATE_TRANSITION MOVING -> EMERGENCY_STOP (intent=STOP)
05:20:51.173 [AMR-03] SAFETY_STOP min_obstacle_distance=1.10m <= 1.2m
05:20:51.274 [AMR-03] STATE_TRANSITION EMERGENCY_STOP -> MOVING (intent=MOVE)
05:20:51.374 [AMR-03] STATE_TRANSITION MOVING -> EMERGENCY_STOP (intent=STOP)
05:20:51.374 [AMR-03] SAFETY_STOP min_obstacle_distance=1.08m <= 1.2m
05:20:51.475 [AMR-03] STATE_TRANSITION EMERGENCY_STOP -> MOVING (intent=MOVE)
05:20:51.575 [AMR-03] STATE_TRANSITION MOVING -> EMERGENCY_STOP (intent=STOP)
05:20:51.575 [AMR-03] SAFETY_STOP min_obstacle_distance=1.00m <= 1.2m
05:20:51.676 [AMR-03] STATE_TRANSITION EMERGENCY_STOP -> MOVING (intent=MOVE)
05:20:51.776 [AMR-03] STATE_TRANSITION MOVING -> EMERGENCY_STOP (intent=STOP)
05:20:51.777 [AMR-03] SAFETY_STOP min_obstacle_distance=1.01m <= 1.2m
05:20:51.878 [AMR-03] STATE_TRANSITION EMERGENCY_STOP -> MOVING (intent=MOVE)
05:20:51.979 [AMR-03] STATE_TRANSITION MOVING -> EMERGENCY_STOP (intent=STOP)
05:20:51.979 [AMR-03] SAFETY_STOP min_obstacle_distance=1.04m <= 1.2m
05:20:52.080 [AMR-03] STATE_TRANSITION EMERGENCY_STOP -> MOVING (intent=MOVE)
05:20:52.180 [AMR-03] STATE_TRANSITION MOVING -> EMERGENCY_STOP (intent=STOP)
05:20:52.180 [AMR-03] SAFETY_STOP min_obstacle_distance=1.10m <= 1.2m
05:20:52.281 [AMR-03] STATE_TRANSITION EMERGENCY_STOP -> MOVING (intent=MOVE)
05:20:52.381 [AMR-03] STATE_TRANSITION MOVING -> EMERGENCY_STOP (intent=STOP)
05:20:52.381 [AMR-03] SAFETY_STOP min_obstacle_distance=1.08m <= 1.2m
05:20:52.482 [AMR-03] STATE_TRANSITION EMERGENCY_STOP -> MOVING (intent=MOVE)
05:20:52.582 [AMR-03] STATE_TRANSITION MOVING -> EMERGENCY_STOP (intent=STOP)
05:20:52.582 [AMR-03] SAFETY_STOP min_obstacle_distance=1.00m <= 1.2m
05:20:52.684 [AMR-03] STATE_TRANSITION EMERGENCY_STOP -> MOVING (intent=MOVE)
05:20:52.784 [AMR-03] STATE_TRANSITION MOVING -> EMERGENCY_STOP (intent=STOP)
05:20:52.785 [AMR-03] SAFETY_STOP min_obstacle_distance=1.01m <= 1.2m
05:20:52.885 [AMR-03] STATE_TRANSITION EMERGENCY_STOP -> MOVING (intent=MOVE)
05:20:52.985 [AMR-03] STATE_TRANSITION MOVING -> EMERGENCY_STOP (intent=STOP)
05:20:52.985 [AMR-03] SAFETY_STOP min_obstacle_distance=1.04m <= 1.2m
05:20:53.087 [AMR-03] STATE_TRANSITION EMERGENCY_STOP -> MOVING (intent=MOVE)
05:20:53.187 [AMR-03] STATE_TRANSITION MOVING -> EMERGENCY_STOP (intent=STOP)
05:20:53.187 [AMR-03] SAFETY_STOP min_obstacle_distance=1.10m <= 1.2m
05:20:53.288 [AMR-03] STATE_TRANSITION EMERGENCY_STOP -> MOVING (intent=MOVE)
05:20:53.389 [AMR-03] STATE_TRANSITION MOVING -> EMERGENCY_STOP (intent=STOP)
05:20:53.389 [AMR-03] SAFETY_STOP min_obstacle_distance=1.08m <= 1.2m
05:20:53.489 [AMR-03] STATE_TRANSITION EMERGENCY_STOP -> MOVING (intent=MOVE)
05:20:53.590 [AMR-03] STATE_TRANSITION MOVING -> EMERGENCY_STOP (intent=STOP)
05:20:53.590 [AMR-03] SAFETY_STOP min_obstacle_distance=1.00m <= 1.2m
05:20:53.690 [AMR-03] STATE_TRANSITION EMERGENCY_STOP -> MOVING (intent=MOVE)
05:20:53.791 [AMR-03] STATE_TRANSITION MOVING -> EMERGENCY_STOP (intent=STOP)
05:20:53.791 [AMR-03] SAFETY_STOP min_obstacle_distance=1.01m <= 1.2m
05:20:53.892 [AMR-03] STATE_TRANSITION EMERGENCY_STOP -> MOVING (intent=MOVE)
05:20:53.993 [AMR-03] STATE_TRANSITION MOVING -> EMERGENCY_STOP (intent=STOP)
05:20:53.993 [AMR-03] SAFETY_STOP min_obstacle_distance=1.04m <= 1.2m
05:20:54.094 [AMR-03] STATE_TRANSITION EMERGENCY_STOP -> MOVING (intent=MOVE)
05:20:54.194 [AMR-03] STATE_TRANSITION MOVING -> EMERGENCY_STOP (intent=STOP)
05:20:54.194 [AMR-03] SAFETY_STOP min_obstacle_distance=1.10m <= 1.2m
05:20:54.294 [AMR-03] STATE_TRANSITION EMERGENCY_STOP -> MOVING (intent=MOVE)
05:20:54.395 [AMR-03] STATE_TRANSITION MOVING -> EMERGENCY_STOP (intent=STOP)
05:20:54.396 [AMR-03] SAFETY_STOP min_obstacle_distance=1.08m <= 1.2m
05:20:54.497 [AMR-03] STATE_TRANSITION EMERGENCY_STOP -> MOVING (intent=MOVE)
05:20:54.596 [AMR-03] STATE_TRANSITION MOVING -> EMERGENCY_STOP (intent=STOP)
05:20:54.596 [AMR-03] SAFETY_STOP min_obstacle_distance=1.00m <= 1.2m
05:20:54.698 [AMR-03] STATE_TRANSITION EMERGENCY_STOP -> MOVING (intent=MOVE)
05:20:54.798 [AMR-03] STATE_TRANSITION MOVING -> EMERGENCY_STOP (intent=STOP)
05:20:54.798 [AMR-03] SAFETY_STOP min_obstacle_distance=1.01m <= 1.2m
05:20:54.899 [AMR-03] STATE_TRANSITION EMERGENCY_STOP -> MOVING (intent=MOVE)
05:20:54.999 [AMR-03] STATE_TRANSITION MOVING -> EMERGENCY_STOP (intent=STOP)
05:20:54.999 [AMR-03] SAFETY_STOP min_obstacle_distance=1.04m <= 1.2m
05:20:55.100 [AMR-03] STATE_TRANSITION EMERGENCY_STOP -> MOVING (intent=MOVE)
05:20:55.201 [AMR-03] STATE_TRANSITION MOVING -> EMERGENCY_STOP (intent=STOP)
05:20:55.201 [AMR-03] SAFETY_STOP min_obstacle_distance=1.10m <= 1.2m
05:20:55.302 [AMR-03] STATE_TRANSITION EMERGENCY_STOP -> MOVING (intent=MOVE)
05:20:55.402 [AMR-03] STATE_TRANSITION MOVING -> EMERGENCY_STOP (intent=STOP)
05:20:55.402 [AMR-03] SAFETY_STOP min_obstacle_distance=1.08m <= 1.2m
05:20:55.503 [AMR-03] STATE_TRANSITION EMERGENCY_STOP -> MOVING (intent=MOVE)
05:20:55.604 [AMR-03] STATE_TRANSITION MOVING -> EMERGENCY_STOP (intent=STOP)
05:20:55.604 [AMR-03] SAFETY_STOP min_obstacle_distance=1.00m <= 1.2m
05:20:55.704 [AMR-03] STATE_TRANSITION EMERGENCY_STOP -> MOVING (intent=MOVE)
05:20:55.804 [AMR-03] STATE_TRANSITION MOVING -> EMERGENCY_STOP (intent=STOP)
05:20:55.804 [AMR-03] SAFETY_STOP min_obstacle_distance=1.00m <= 1.2m
05:20:55.905 [AMR-03] STATE_TRANSITION EMERGENCY_STOP -> MOVING (intent=MOVE)
05:20:56.006 [AMR-03] STATE_TRANSITION MOVING -> EMERGENCY_STOP (intent=STOP)
05:20:56.006 [AMR-03] SAFETY_STOP min_obstacle_distance=1.00m <= 1.2m
05:20:56.107 [AMR-03] STATE_TRANSITION EMERGENCY_STOP -> MOVING (intent=MOVE)
05:20:56.207 [AMR-03] STATE_TRANSITION MOVING -> EMERGENCY_STOP (intent=STOP)
05:20:56.207 [AMR-03] SAFETY_STOP min_obstacle_distance=1.00m <= 1.2m
05:20:56.307 [AMR-03] STATE_TRANSITION EMERGENCY_STOP -> MOVING (intent=MOVE)
05:20:56.409 [AMR-03] STATE_TRANSITION MOVING -> EMERGENCY_STOP (intent=STOP)
05:20:56.409 [AMR-03] SAFETY_STOP min_obstacle_distance=1.01m <= 1.2m
05:20:56.510 [AMR-03] STATE_TRANSITION EMERGENCY_STOP -> MOVING (intent=MOVE)
05:20:56.610 [AMR-03] STATE_TRANSITION MOVING -> EMERGENCY_STOP (intent=STOP)
05:20:56.610 [AMR-03] SAFETY_STOP min_obstacle_distance=1.00m <= 1.2m
05:20:56.711 [AMR-03] STATE_TRANSITION EMERGENCY_STOP -> MOVING (intent=MOVE)
05:20:56.811 [AMR-03] STATE_TRANSITION MOVING -> EMERGENCY_STOP (intent=STOP)
05:20:56.811 [AMR-03] SAFETY_STOP min_obstacle_distance=1.01m <= 1.2m
05:20:56.912 [AMR-03] STATE_TRANSITION EMERGENCY_STOP -> MOVING (intent=MOVE)
05:20:57.013 [AMR-03] STATE_TRANSITION MOVING -> EMERGENCY_STOP (intent=STOP)
05:20:57.013 [AMR-03] SAFETY_STOP min_obstacle_distance=1.04m <= 1.2m
05:20:57.114 [AMR-03] STATE_TRANSITION EMERGENCY_STOP -> MOVING (intent=MOVE)
05:20:57.214 [AMR-03] STATE_TRANSITION MOVING -> EMERGENCY_STOP (intent=STOP)
05:20:57.214 [AMR-03] SAFETY_STOP min_obstacle_distance=1.10m <= 1.2m
05:20:57.315 [AMR-03] STATE_TRANSITION EMERGENCY_STOP -> MOVING (intent=MOVE)
05:20:57.416 [AMR-03] STATE_TRANSITION MOVING -> EMERGENCY_STOP (intent=STOP)
05:20:57.416 [AMR-03] SAFETY_STOP min_obstacle_distance=1.08m <= 1.2m
05:20:57.517 [AMR-03] STATE_TRANSITION EMERGENCY_STOP -> MOVING (intent=MOVE)
05:20:57.617 [AMR-03] STATE_TRANSITION MOVING -> EMERGENCY_STOP (intent=STOP)
05:20:57.618 [AMR-03] SAFETY_STOP min_obstacle_distance=1.01m <= 1.2m
05:20:57.717 [AMR-03] STATE_TRANSITION EMERGENCY_STOP -> MOVING (intent=MOVE)
05:20:57.818 [AMR-03] STATE_TRANSITION MOVING -> EMERGENCY_STOP (intent=STOP)
05:20:57.819 [AMR-03] SAFETY_STOP min_obstacle_distance=1.04m <= 1.2m
05:20:57.919 [AMR-03] STATE_TRANSITION EMERGENCY_STOP -> MOVING (intent=MOVE)
05:20:58.019 [AMR-03] STATE_TRANSITION MOVING -> EMERGENCY_STOP (intent=STOP)
05:20:58.019 [AMR-03] SAFETY_STOP min_obstacle_distance=1.10m <= 1.2m
05:20:58.120 [AMR-03] STATE_TRANSITION EMERGENCY_STOP -> MOVING (intent=MOVE)
05:20:58.221 [AMR-03] STATE_TRANSITION MOVING -> EMERGENCY_STOP (intent=STOP)
05:20:58.221 [AMR-03] SAFETY_STOP min_obstacle_distance=1.08m <= 1.2m
05:20:58.321 [AMR-03] STATE_TRANSITION EMERGENCY_STOP -> MOVING (intent=MOVE)
05:20:58.422 [AMR-03] STATE_TRANSITION MOVING -> EMERGENCY_STOP (intent=STOP)
05:20:58.422 [AMR-03] SAFETY_STOP min_obstacle_distance=1.03m <= 1.2m
05:20:58.523 [AMR-03] STATE_TRANSITION EMERGENCY_STOP -> MOVING (intent=MOVE)
05:20:58.624 [AMR-03] STATE_TRANSITION MOVING -> EMERGENCY_STOP (intent=STOP)
05:20:58.624 [AMR-03] SAFETY_STOP min_obstacle_distance=1.01m <= 1.2m
05:20:58.725 [AMR-03] STATE_TRANSITION EMERGENCY_STOP -> MOVING (intent=MOVE)
05:20:58.826 [AMR-03] STATE_TRANSITION MOVING -> EMERGENCY_STOP (intent=STOP)
05:20:58.826 [AMR-03] SAFETY_STOP min_obstacle_distance=1.04m <= 1.2m
05:20:58.926 [AMR-03] STATE_TRANSITION EMERGENCY_STOP -> MOVING (intent=MOVE)
05:20:59.026 [AMR-03] STATE_TRANSITION MOVING -> EMERGENCY_STOP (intent=STOP)
05:20:59.026 [AMR-03] SAFETY_STOP min_obstacle_distance=1.10m <= 1.2m
05:20:59.127 [AMR-03] STATE_TRANSITION EMERGENCY_STOP -> MOVING (intent=MOVE)
05:20:59.228 [AMR-03] STATE_TRANSITION MOVING -> EMERGENCY_STOP (intent=STOP)
05:20:59.229 [AMR-03] SAFETY_STOP min_obstacle_distance=1.08m <= 1.2m
05:20:59.330 [AMR-03] STATE_TRANSITION EMERGENCY_STOP -> MOVING (intent=MOVE)
05:20:59.431 [AMR-03] STATE_TRANSITION MOVING -> EMERGENCY_STOP (intent=STOP)
05:20:59.431 [AMR-03] SAFETY_STOP min_obstacle_distance=1.03m <= 1.2m
05:20:59.531 [AMR-03] STATE_TRANSITION EMERGENCY_STOP -> MOVING (intent=MOVE)
05:20:59.632 [AMR-03] STATE_TRANSITION MOVING -> EMERGENCY_STOP (intent=STOP)
05:20:59.632 [AMR-03] SAFETY_STOP min_obstacle_distance=1.01m <= 1.2m
05:20:59.733 [AMR-03] STATE_TRANSITION EMERGENCY_STOP -> MOVING (intent=MOVE)
05:20:59.834 [AMR-03] STATE_TRANSITION MOVING -> EMERGENCY_STOP (intent=STOP)
05:20:59.834 [AMR-03] SAFETY_STOP min_obstacle_distance=1.04m <= 1.2m
05:20:59.935 [AMR-03] STATE_TRANSITION EMERGENCY_STOP -> MOVING (intent=MOVE)
05:21:00.035 [AMR-03] STATE_TRANSITION MOVING -> EMERGENCY_STOP (intent=STOP)
05:21:00.035 [AMR-03] SAFETY_STOP min_obstacle_distance=1.10m <= 1.2m
05:21:00.136 [AMR-03] STATE_TRANSITION EMERGENCY_STOP -> MOVING (intent=MOVE)
05:21:00.236 [AMR-03] STATE_TRANSITION MOVING -> EMERGENCY_STOP (intent=STOP)
05:21:00.237 [AMR-03] SAFETY_STOP min_obstacle_distance=1.08m <= 1.2m
05:21:00.337 [AMR-03] STATE_TRANSITION EMERGENCY_STOP -> MOVING (intent=MOVE)
05:21:00.438 [AMR-03] STATE_TRANSITION MOVING -> EMERGENCY_STOP (intent=STOP)
05:21:00.438 [AMR-03] SAFETY_STOP min_obstacle_distance=1.03m <= 1.2m
05:21:00.539 [AMR-03] STATE_TRANSITION EMERGENCY_STOP -> MOVING (intent=MOVE)
05:21:00.639 [AMR-03] STATE_TRANSITION MOVING -> EMERGENCY_STOP (intent=STOP)
05:21:00.639 [AMR-03] SAFETY_STOP min_obstacle_distance=1.01m <= 1.2m
05:21:00.739 [AMR-03] STATE_TRANSITION EMERGENCY_STOP -> MOVING (intent=MOVE)
05:21:00.839 [AMR-03] STATE_TRANSITION MOVING -> EMERGENCY_STOP (intent=STOP)
05:21:00.839 [AMR-03] SAFETY_STOP min_obstacle_distance=1.04m <= 1.2m
05:21:00.940 [AMR-03] STATE_TRANSITION EMERGENCY_STOP -> MOVING (intent=MOVE)
05:21:01.041 [AMR-03] STATE_TRANSITION MOVING -> EMERGENCY_STOP (intent=STOP)
05:21:01.041 [AMR-03] SAFETY_STOP min_obstacle_distance=1.10m <= 1.2m
05:21:01.142 [AMR-03] STATE_TRANSITION EMERGENCY_STOP -> MOVING (intent=MOVE)
05:21:01.242 [AMR-03] STATE_TRANSITION MOVING -> EMERGENCY_STOP (intent=STOP)
05:21:01.242 [AMR-03] SAFETY_STOP min_obstacle_distance=1.08m <= 1.2m
05:21:01.343 [AMR-03] STATE_TRANSITION EMERGENCY_STOP -> MOVING (intent=MOVE)
05:21:01.444 [AMR-03] STATE_TRANSITION MOVING -> EMERGENCY_STOP (intent=STOP)
05:21:01.444 [AMR-03] SAFETY_STOP min_obstacle_distance=1.03m <= 1.2m
05:21:01.544 [AMR-03] STATE_TRANSITION EMERGENCY_STOP -> MOVING (intent=MOVE)
05:21:01.645 [AMR-03] STATE_TRANSITION MOVING -> EMERGENCY_STOP (intent=STOP)
05:21:01.645 [AMR-03] SAFETY_STOP min_obstacle_distance=1.01m <= 1.2m
05:21:01.745 [AMR-03] STATE_TRANSITION EMERGENCY_STOP -> MOVING (intent=MOVE)
05:21:01.845 [AMR-03] STATE_TRANSITION MOVING -> EMERGENCY_STOP (intent=STOP)
05:21:01.845 [AMR-03] SAFETY_STOP min_obstacle_distance=1.04m <= 1.2m
05:21:01.946 [AMR-03] STATE_TRANSITION EMERGENCY_STOP -> MOVING (intent=MOVE)
05:21:02.047 [AMR-03] STATE_TRANSITION MOVING -> EMERGENCY_STOP (intent=STOP)
05:21:02.047 [AMR-03] SAFETY_STOP min_obstacle_distance=1.10m <= 1.2m
05:21:02.147 [AMR-03] STATE_TRANSITION EMERGENCY_STOP -> MOVING (intent=MOVE)
05:21:02.248 [AMR-03] STATE_TRANSITION MOVING -> EMERGENCY_STOP (intent=STOP)
05:21:02.248 [AMR-03] SAFETY_STOP min_obstacle_distance=1.08m <= 1.2m
05:21:02.348 [AMR-03] STATE_TRANSITION EMERGENCY_STOP -> MOVING (intent=MOVE)
05:21:02.448 [AMR-03] STATE_TRANSITION MOVING -> EMERGENCY_STOP (intent=STOP)
05:21:02.448 [AMR-03] SAFETY_STOP min_obstacle_distance=1.03m <= 1.2m
05:21:02.549 [AMR-03] STATE_TRANSITION EMERGENCY_STOP -> MOVING (intent=MOVE)
05:21:02.650 [AMR-03] STATE_TRANSITION MOVING -> EMERGENCY_STOP (intent=STOP)
05:21:02.650 [AMR-03] SAFETY_STOP min_obstacle_distance=1.01m <= 1.2m
05:21:02.751 [AMR-03] STATE_TRANSITION EMERGENCY_STOP -> MOVING (intent=MOVE)
05:21:02.852 [AMR-03] STATE_TRANSITION MOVING -> EMERGENCY_STOP (intent=STOP)
05:21:02.852 [AMR-03] SAFETY_STOP min_obstacle_distance=1.04m <= 1.2m
05:21:02.953 [AMR-03] STATE_TRANSITION EMERGENCY_STOP -> MOVING (intent=MOVE)
05:21:03.054 [AMR-03] STATE_TRANSITION MOVING -> EMERGENCY_STOP (intent=STOP)
05:21:03.054 [AMR-03] SAFETY_STOP min_obstacle_distance=1.10m <= 1.2m
05:21:03.155 [AMR-03] STATE_TRANSITION EMERGENCY_STOP -> MOVING (intent=MOVE)
05:21:03.256 [AMR-03] STATE_TRANSITION MOVING -> EMERGENCY_STOP (intent=STOP)
05:21:03.256 [AMR-03] SAFETY_STOP min_obstacle_distance=1.08m <= 1.2m
05:21:03.357 [AMR-03] STATE_TRANSITION EMERGENCY_STOP -> MOVING (intent=MOVE)
05:21:03.458 [AMR-03] STATE_TRANSITION MOVING -> EMERGENCY_STOP (intent=STOP)
05:21:03.458 [AMR-03] SAFETY_STOP min_obstacle_distance=1.03m <= 1.2m
05:21:03.559 [AMR-03] STATE_TRANSITION EMERGENCY_STOP -> MOVING (intent=MOVE)
05:21:03.659 [AMR-03] STATE_TRANSITION MOVING -> EMERGENCY_STOP (intent=STOP)
05:21:03.660 [AMR-03] SAFETY_STOP min_obstacle_distance=1.01m <= 1.2m
05:21:03.761 [AMR-03] STATE_TRANSITION EMERGENCY_STOP -> MOVING (intent=MOVE)
05:21:03.862 [AMR-03] STATE_TRANSITION MOVING -> EMERGENCY_STOP (intent=STOP)
05:21:03.862 [AMR-03] SAFETY_STOP min_obstacle_distance=1.04m <= 1.2m
05:21:03.963 [AMR-03] STATE_TRANSITION EMERGENCY_STOP -> MOVING (intent=MOVE)
05:21:04.064 [AMR-03] STATE_TRANSITION MOVING -> EMERGENCY_STOP (intent=STOP)
05:21:04.064 [AMR-03] SAFETY_STOP min_obstacle_distance=1.10m <= 1.2m
05:21:04.165 [AMR-03] STATE_TRANSITION EMERGENCY_STOP -> MOVING (intent=MOVE)
05:21:04.266 [AMR-03] STATE_TRANSITION MOVING -> EMERGENCY_STOP (intent=STOP)
05:21:04.266 [AMR-03] SAFETY_STOP min_obstacle_distance=1.07m <= 1.2m
05:21:04.367 [AMR-03] STATE_TRANSITION EMERGENCY_STOP -> MOVING (intent=MOVE)
05:21:04.468 [AMR-03] STATE_TRANSITION MOVING -> EMERGENCY_STOP (intent=STOP)
05:21:04.468 [AMR-03] SAFETY_STOP min_obstacle_distance=1.03m <= 1.2m
05:21:04.569 [AMR-03] STATE_TRANSITION EMERGENCY_STOP -> MOVING (intent=MOVE)
05:21:04.669 [AMR-03] STATE_TRANSITION MOVING -> EMERGENCY_STOP (intent=STOP)
05:21:04.669 [AMR-03] SAFETY_STOP min_obstacle_distance=1.01m <= 1.2m
05:21:04.769 [AMR-03] STATE_TRANSITION EMERGENCY_STOP -> MOVING (intent=MOVE)
05:21:04.870 [AMR-03] STATE_TRANSITION MOVING -> EMERGENCY_STOP (intent=STOP)
05:21:04.870 [AMR-03] SAFETY_STOP min_obstacle_distance=1.04m <= 1.2m
05:21:04.970 [AMR-03] STATE_TRANSITION EMERGENCY_STOP -> MOVING (intent=MOVE)
05:21:05.070 [AMR-03] STATE_TRANSITION MOVING -> EMERGENCY_STOP (intent=STOP)
05:21:05.070 [AMR-03] SAFETY_STOP min_obstacle_distance=1.10m <= 1.2m
05:21:05.171 [AMR-03] STATE_TRANSITION EMERGENCY_STOP -> MOVING (intent=MOVE)
05:21:05.271 [AMR-03] STATE_TRANSITION MOVING -> EMERGENCY_STOP (intent=STOP)
05:21:05.271 [AMR-03] SAFETY_STOP min_obstacle_distance=1.08m <= 1.2m
05:21:05.372 [AMR-03] STATE_TRANSITION EMERGENCY_STOP -> MOVING (intent=MOVE)
05:21:05.472 [AMR-03] STATE_TRANSITION MOVING -> EMERGENCY_STOP (intent=STOP)
05:21:05.472 [AMR-03] SAFETY_STOP min_obstacle_distance=1.03m <= 1.2m
05:21:05.573 [AMR-03] STATE_TRANSITION EMERGENCY_STOP -> MOVING (intent=MOVE)
05:21:05.673 [AMR-03] STATE_TRANSITION MOVING -> EMERGENCY_STOP (intent=STOP)
05:21:05.673 [AMR-03] SAFETY_STOP min_obstacle_distance=1.01m <= 1.2m
05:21:05.773 [AMR-03] STATE_TRANSITION EMERGENCY_STOP -> MOVING (intent=MOVE)
05:21:05.874 [AMR-03] STATE_TRANSITION MOVING -> EMERGENCY_STOP (intent=STOP)
05:21:05.874 [AMR-03] SAFETY_STOP min_obstacle_distance=1.04m <= 1.2m
05:21:05.974 [AMR-03] STATE_TRANSITION EMERGENCY_STOP -> MOVING (intent=MOVE)
05:21:06.075 [AMR-03] STATE_TRANSITION MOVING -> EMERGENCY_STOP (intent=STOP)
05:21:06.075 [AMR-03] SAFETY_STOP min_obstacle_distance=1.10m <= 1.2m
05:21:06.175 [AMR-03] STATE_TRANSITION EMERGENCY_STOP -> MOVING (intent=MOVE)
05:21:06.275 [AMR-03] STATE_TRANSITION MOVING -> EMERGENCY_STOP (intent=STOP)
05:21:06.275 [AMR-03] SAFETY_STOP min_obstacle_distance=1.08m <= 1.2m
05:21:06.376 [AMR-03] STATE_TRANSITION EMERGENCY_STOP -> MOVING (intent=MOVE)
05:21:06.476 [AMR-03] STATE_TRANSITION MOVING -> EMERGENCY_STOP (intent=STOP)
05:21:06.477 [AMR-03] SAFETY_STOP min_obstacle_distance=1.03m <= 1.2m
05:21:06.577 [AMR-03] STATE_TRANSITION EMERGENCY_STOP -> MOVING (intent=MOVE)
05:21:06.678 [AMR-03] STATE_TRANSITION MOVING -> EMERGENCY_STOP (intent=STOP)
05:21:06.678 [AMR-03] SAFETY_STOP min_obstacle_distance=1.01m <= 1.2m
05:21:06.779 [AMR-03] STATE_TRANSITION EMERGENCY_STOP -> MOVING (intent=MOVE)
05:21:06.880 [AMR-03] STATE_TRANSITION MOVING -> EMERGENCY_STOP (intent=STOP)
05:21:06.881 [AMR-03] SAFETY_STOP min_obstacle_distance=1.04m <= 1.2m
05:21:06.981 [AMR-03] STATE_TRANSITION EMERGENCY_STOP -> MOVING (intent=MOVE)
05:21:07.081 [AMR-03] STATE_TRANSITION MOVING -> EMERGENCY_STOP (intent=STOP)
05:21:07.081 [AMR-03] SAFETY_STOP min_obstacle_distance=1.10m <= 1.2m
05:21:07.181 [AMR-03] STATE_TRANSITION EMERGENCY_STOP -> MOVING (intent=MOVE)
05:21:07.282 [AMR-03] STATE_TRANSITION MOVING -> EMERGENCY_STOP (intent=STOP)
05:21:07.282 [AMR-03] SAFETY_STOP min_obstacle_distance=1.08m <= 1.2m
05:21:07.383 [AMR-03] STATE_TRANSITION EMERGENCY_STOP -> MOVING (intent=MOVE)
05:21:07.484 [AMR-03] STATE_TRANSITION MOVING -> EMERGENCY_STOP (intent=STOP)
05:21:07.484 [AMR-03] SAFETY_STOP min_obstacle_distance=1.03m <= 1.2m
05:21:07.585 [AMR-03] STATE_TRANSITION EMERGENCY_STOP -> MOVING (intent=MOVE)
05:21:07.686 [AMR-03] STATE_TRANSITION MOVING -> EMERGENCY_STOP (intent=STOP)
05:21:07.686 [AMR-03] SAFETY_STOP min_obstacle_distance=1.01m <= 1.2m
05:21:07.786 [AMR-03] STATE_TRANSITION EMERGENCY_STOP -> MOVING (intent=MOVE)
05:21:07.887 [AMR-03] STATE_TRANSITION MOVING -> EMERGENCY_STOP (intent=STOP)
05:21:07.887 [AMR-03] SAFETY_STOP min_obstacle_distance=1.04m <= 1.2m
05:21:07.987 [AMR-03] STATE_TRANSITION EMERGENCY_STOP -> MOVING (intent=MOVE)
05:21:08.087 [AMR-03] STATE_TRANSITION MOVING -> EMERGENCY_STOP (intent=STOP)
05:21:08.087 [AMR-03] SAFETY_STOP min_obstacle_distance=1.10m <= 1.2m
05:21:08.187 [AMR-03] STATE_TRANSITION EMERGENCY_STOP -> MOVING (intent=MOVE)
05:21:08.288 [AMR-03] STATE_TRANSITION MOVING -> EMERGENCY_STOP (intent=STOP)
05:21:08.288 [AMR-03] SAFETY_STOP min_obstacle_distance=1.08m <= 1.2m
05:21:08.389 [AMR-03] STATE_TRANSITION EMERGENCY_STOP -> MOVING (intent=MOVE)
05:21:08.490 [AMR-03] STATE_TRANSITION MOVING -> EMERGENCY_STOP (intent=STOP)
05:21:08.490 [AMR-03] SAFETY_STOP min_obstacle_distance=1.03m <= 1.2m
05:21:08.590 [AMR-03] STATE_TRANSITION EMERGENCY_STOP -> MOVING (intent=MOVE)
05:21:08.690 [AMR-03] STATE_TRANSITION MOVING -> EMERGENCY_STOP (intent=STOP)
05:21:08.691 [AMR-03] SAFETY_STOP min_obstacle_distance=1.01m <= 1.2m
05:21:08.791 [AMR-03] STATE_TRANSITION EMERGENCY_STOP -> MOVING (intent=MOVE)
05:21:08.891 [AMR-03] STATE_TRANSITION MOVING -> EMERGENCY_STOP (intent=STOP)
05:21:08.891 [AMR-03] SAFETY_STOP min_obstacle_distance=1.04m <= 1.2m
05:21:08.991 [AMR-03] STATE_TRANSITION EMERGENCY_STOP -> MOVING (intent=MOVE)
05:21:09.091 [AMR-03] STATE_TRANSITION MOVING -> EMERGENCY_STOP (intent=STOP)
05:21:09.092 [AMR-03] SAFETY_STOP min_obstacle_distance=1.10m <= 1.2m
05:21:09.193 [AMR-03] STATE_TRANSITION EMERGENCY_STOP -> MOVING (intent=MOVE)
05:21:09.293 [AMR-03] STATE_TRANSITION MOVING -> EMERGENCY_STOP (intent=STOP)
05:21:09.293 [AMR-03] SAFETY_STOP min_obstacle_distance=1.08m <= 1.2m
05:21:09.394 [AMR-03] STATE_TRANSITION EMERGENCY_STOP -> MOVING (intent=MOVE)
05:21:09.495 [AMR-03] STATE_TRANSITION MOVING -> EMERGENCY_STOP (intent=STOP)
05:21:09.495 [AMR-03] SAFETY_STOP min_obstacle_distance=1.03m <= 1.2m
05:21:09.595 [AMR-03] STATE_TRANSITION EMERGENCY_STOP -> MOVING (intent=MOVE)
05:21:09.695 [AMR-03] STATE_TRANSITION MOVING -> EMERGENCY_STOP (intent=STOP)
05:21:09.696 [AMR-03] SAFETY_STOP min_obstacle_distance=1.01m <= 1.2m
05:21:09.796 [AMR-03] STATE_TRANSITION EMERGENCY_STOP -> MOVING (intent=MOVE)
05:21:09.896 [AMR-03] STATE_TRANSITION MOVING -> EMERGENCY_STOP (intent=STOP)
05:21:09.896 [AMR-03] SAFETY_STOP min_obstacle_distance=1.04m <= 1.2m
05:21:09.996 [AMR-03] STATE_TRANSITION EMERGENCY_STOP -> MOVING (intent=MOVE)
05:21:10.097 [AMR-03] STATE_TRANSITION MOVING -> EMERGENCY_STOP (intent=STOP)
05:21:10.097 [AMR-03] SAFETY_STOP min_obstacle_distance=1.10m <= 1.2m
05:21:10.198 [AMR-03] STATE_TRANSITION EMERGENCY_STOP -> MOVING (intent=MOVE)
05:21:10.298 [AMR-03] STATE_TRANSITION MOVING -> EMERGENCY_STOP (intent=STOP)
05:21:10.298 [AMR-03] SAFETY_STOP min_obstacle_distance=1.08m <= 1.2m
05:21:10.399 [AMR-03] STATE_TRANSITION EMERGENCY_STOP -> MOVING (intent=MOVE)
05:21:10.499 [AMR-03] STATE_TRANSITION MOVING -> EMERGENCY_STOP (intent=STOP)
05:21:10.499 [AMR-03] SAFETY_STOP min_obstacle_distance=1.03m <= 1.2m
05:21:10.600 [AMR-03] STATE_TRANSITION EMERGENCY_STOP -> MOVING (intent=MOVE)
05:21:10.700 [AMR-03] STATE_TRANSITION MOVING -> EMERGENCY_STOP (intent=STOP)
05:21:10.700 [AMR-03] SAFETY_STOP min_obstacle_distance=1.01m <= 1.2m
05:21:10.800 [AMR-03] STATE_TRANSITION EMERGENCY_STOP -> MOVING (intent=MOVE)
05:21:10.901 [AMR-03] STATE_TRANSITION MOVING -> EMERGENCY_STOP (intent=STOP)
05:21:10.901 [AMR-03] SAFETY_STOP min_obstacle_distance=1.04m <= 1.2m
05:21:11.001 [AMR-03] STATE_TRANSITION EMERGENCY_STOP -> MOVING (intent=MOVE)
05:21:11.102 [AMR-03] STATE_TRANSITION MOVING -> EMERGENCY_STOP (intent=STOP)
05:21:11.102 [AMR-03] SAFETY_STOP min_obstacle_distance=1.10m <= 1.2m
05:21:11.203 [AMR-03] STATE_TRANSITION EMERGENCY_STOP -> MOVING (intent=MOVE)
05:21:11.303 [AMR-03] STATE_TRANSITION MOVING -> EMERGENCY_STOP (intent=STOP)
05:21:11.303 [AMR-03] SAFETY_STOP min_obstacle_distance=1.08m <= 1.2m
05:21:11.403 [AMR-03] STATE_TRANSITION EMERGENCY_STOP -> MOVING (intent=MOVE)
05:21:11.504 [AMR-03] STATE_TRANSITION MOVING -> EMERGENCY_STOP (intent=STOP)
05:21:11.504 [AMR-03] SAFETY_STOP min_obstacle_distance=1.03m <= 1.2m
05:21:11.605 [AMR-03] STATE_TRANSITION EMERGENCY_STOP -> MOVING (intent=MOVE)
05:21:11.707 [AMR-03] STATE_TRANSITION MOVING -> EMERGENCY_STOP (intent=STOP)
05:21:11.707 [AMR-03] SAFETY_STOP min_obstacle_distance=1.01m <= 1.2m
05:21:11.807 [AMR-03] STATE_TRANSITION EMERGENCY_STOP -> MOVING (intent=MOVE)
05:21:11.908 [AMR-03] STATE_TRANSITION MOVING -> EMERGENCY_STOP (intent=STOP)
05:21:11.908 [AMR-03] SAFETY_STOP min_obstacle_distance=1.04m <= 1.2m
05:21:12.009 [AMR-03] STATE_TRANSITION EMERGENCY_STOP -> MOVING (intent=MOVE)
05:21:12.110 [AMR-03] STATE_TRANSITION MOVING -> EMERGENCY_STOP (intent=STOP)
05:21:12.110 [AMR-03] SAFETY_STOP min_obstacle_distance=1.10m <= 1.2m
05:21:12.211 [AMR-03] STATE_TRANSITION EMERGENCY_STOP -> MOVING (intent=MOVE)
05:21:12.312 [AMR-03] STATE_TRANSITION MOVING -> EMERGENCY_STOP (intent=STOP)
05:21:12.312 [AMR-03] SAFETY_STOP min_obstacle_distance=1.08m <= 1.2m
05:21:12.413 [AMR-03] STATE_TRANSITION EMERGENCY_STOP -> MOVING (intent=MOVE)
05:21:12.514 [AMR-03] STATE_TRANSITION MOVING -> EMERGENCY_STOP (intent=STOP)
05:21:12.514 [AMR-03] SAFETY_STOP min_obstacle_distance=1.00m <= 1.2m
05:21:12.615 [AMR-03] STATE_TRANSITION EMERGENCY_STOP -> MOVING (intent=MOVE)
05:21:12.716 [AMR-03] STATE_TRANSITION MOVING -> EMERGENCY_STOP (intent=STOP)
05:21:12.716 [AMR-03] SAFETY_STOP min_obstacle_distance=1.01m <= 1.2m
05:21:12.816 [AMR-03] STATE_TRANSITION EMERGENCY_STOP -> MOVING (intent=MOVE)
05:21:12.917 [AMR-03] STATE_TRANSITION MOVING -> EMERGENCY_STOP (intent=STOP)
05:21:12.917 [AMR-03] SAFETY_STOP min_obstacle_distance=1.04m <= 1.2m
05:21:13.017 [AMR-03] STATE_TRANSITION EMERGENCY_STOP -> MOVING (intent=MOVE)
05:21:13.117 [AMR-03] STATE_TRANSITION MOVING -> EMERGENCY_STOP (intent=STOP)
05:21:13.118 [AMR-03] SAFETY_STOP min_obstacle_distance=1.10m <= 1.2m
05:21:13.218 [AMR-03] STATE_TRANSITION EMERGENCY_STOP -> MOVING (intent=MOVE)
05:21:13.318 [AMR-03] STATE_TRANSITION MOVING -> EMERGENCY_STOP (intent=STOP)
05:21:13.318 [AMR-03] SAFETY_STOP min_obstacle_distance=1.08m <= 1.2m
05:21:13.419 [AMR-03] STATE_TRANSITION EMERGENCY_STOP -> MOVING (intent=MOVE)
05:21:13.519 [AMR-03] STATE_TRANSITION MOVING -> EMERGENCY_STOP (intent=STOP)
05:21:13.519 [AMR-03] SAFETY_STOP min_obstacle_distance=1.00m <= 1.2m
05:21:13.620 [AMR-03] STATE_TRANSITION EMERGENCY_STOP -> MOVING (intent=MOVE)
05:21:13.720 [AMR-03] STATE_TRANSITION MOVING -> EMERGENCY_STOP (intent=STOP)
05:21:13.720 [AMR-03] SAFETY_STOP min_obstacle_distance=1.01m <= 1.2m
05:21:13.821 [AMR-03] STATE_TRANSITION EMERGENCY_STOP -> MOVING (intent=MOVE)
05:21:13.922 [AMR-03] STATE_TRANSITION MOVING -> EMERGENCY_STOP (intent=STOP)
05:21:13.922 [AMR-03] SAFETY_STOP min_obstacle_distance=1.04m <= 1.2m
05:21:14.023 [AMR-03] STATE_TRANSITION EMERGENCY_STOP -> MOVING (intent=MOVE)
05:21:14.124 [AMR-03] STATE_TRANSITION MOVING -> EMERGENCY_STOP (intent=STOP)
05:21:14.125 [AMR-03] SAFETY_STOP min_obstacle_distance=1.10m <= 1.2m
05:21:14.225 [AMR-03] STATE_TRANSITION EMERGENCY_STOP -> MOVING (intent=MOVE)
05:21:14.326 [AMR-03] STATE_TRANSITION MOVING -> EMERGENCY_STOP (intent=STOP)
05:21:14.326 [AMR-03] SAFETY_STOP min_obstacle_distance=1.08m <= 1.2m
05:21:14.426 [AMR-03] STATE_TRANSITION EMERGENCY_STOP -> MOVING (intent=MOVE)
05:21:14.527 [AMR-03] STATE_TRANSITION MOVING -> EMERGENCY_STOP (intent=STOP)
05:21:14.527 [AMR-03] SAFETY_STOP min_obstacle_distance=1.00m <= 1.2m
05:21:14.627 [AMR-03] DEADLOCK_DETECTED cycle=['AMR-01', 'AMR-02'] -> Victim is AMR-02 -> WAITING
05:21:14.627 [AMR-03] STATE_TRANSITION EMERGENCY_STOP -> WAITING (intent=WAIT)
05:21:14.728 [AMR-03] STATE_TRANSITION WAITING -> MOVING (intent=MOVE)
05:21:14.829 [AMR-03] STATE_TRANSITION MOVING -> EMERGENCY_STOP (intent=STOP)
05:21:14.829 [AMR-03] SAFETY_STOP min_obstacle_distance=1.01m <= 1.2m
05:21:14.930 [AMR-03] STATE_TRANSITION EMERGENCY_STOP -> MOVING (intent=MOVE)
05:21:15.031 [AMR-03] STATE_TRANSITION MOVING -> EMERGENCY_STOP (intent=STOP)
05:21:15.031 [AMR-03] SAFETY_STOP min_obstacle_distance=1.04m <= 1.2m
05:21:15.132 [AMR-03] STATE_TRANSITION EMERGENCY_STOP -> MOVING (intent=MOVE)
05:21:15.232 [AMR-03] STATE_TRANSITION MOVING -> EMERGENCY_STOP (intent=STOP)
05:21:15.232 [AMR-03] SAFETY_STOP min_obstacle_distance=1.10m <= 1.2m
05:21:15.334 [AMR-03] STATE_TRANSITION EMERGENCY_STOP -> MOVING (intent=MOVE)
05:21:15.435 [AMR-03] STATE_TRANSITION MOVING -> EMERGENCY_STOP (intent=STOP)
05:21:15.435 [AMR-03] SAFETY_STOP min_obstacle_distance=1.07m <= 1.2m
05:21:15.536 [AMR-03] STATE_TRANSITION EMERGENCY_STOP -> MOVING (intent=MOVE)
05:21:15.636 [AMR-03] STATE_TRANSITION MOVING -> EMERGENCY_STOP (intent=STOP)
05:21:15.636 [AMR-03] SAFETY_STOP min_obstacle_distance=1.01m <= 1.2m
05:21:15.737 [AMR-03] STATE_TRANSITION EMERGENCY_STOP -> MOVING (intent=MOVE)
05:21:15.838 [AMR-03] STATE_TRANSITION MOVING -> EMERGENCY_STOP (intent=STOP)
05:21:15.838 [AMR-03] SAFETY_STOP min_obstacle_distance=1.04m <= 1.2m
05:21:15.938 [AMR-03] STATE_TRANSITION EMERGENCY_STOP -> MOVING (intent=MOVE)
05:21:16.039 [AMR-03] STATE_TRANSITION MOVING -> EMERGENCY_STOP (intent=STOP)
05:21:16.039 [AMR-03] SAFETY_STOP min_obstacle_distance=1.10m <= 1.2m
05:21:16.139 [AMR-03] STATE_TRANSITION EMERGENCY_STOP -> MOVING (intent=MOVE)
05:21:16.241 [AMR-03] STATE_TRANSITION MOVING -> EMERGENCY_STOP (intent=STOP)
05:21:16.241 [AMR-03] SAFETY_STOP min_obstacle_distance=1.08m <= 1.2m
05:21:16.341 [AMR-03] STATE_TRANSITION EMERGENCY_STOP -> MOVING (intent=MOVE)
05:21:16.442 [AMR-03] STATE_TRANSITION MOVING -> EMERGENCY_STOP (intent=STOP)
05:21:16.442 [AMR-03] SAFETY_STOP min_obstacle_distance=1.03m <= 1.2m
05:21:16.542 [AMR-03] STATE_TRANSITION EMERGENCY_STOP -> MOVING (intent=MOVE)
05:21:16.643 [AMR-03] STATE_TRANSITION MOVING -> EMERGENCY_STOP (intent=STOP)
05:21:16.643 [AMR-03] SAFETY_STOP min_obstacle_distance=1.01m <= 1.2m
05:21:16.744 [AMR-03] STATE_TRANSITION EMERGENCY_STOP -> MOVING (intent=MOVE)
05:21:16.845 [AMR-03] STATE_TRANSITION MOVING -> EMERGENCY_STOP (intent=STOP)
05:21:16.845 [AMR-03] SAFETY_STOP min_obstacle_distance=1.04m <= 1.2m
05:21:16.946 [AMR-03] STATE_TRANSITION EMERGENCY_STOP -> MOVING (intent=MOVE)
05:21:17.046 [AMR-03] STATE_TRANSITION MOVING -> EMERGENCY_STOP (intent=STOP)
05:21:17.046 [AMR-03] SAFETY_STOP min_obstacle_distance=1.10m <= 1.2m
05:21:17.146 [AMR-03] STATE_TRANSITION EMERGENCY_STOP -> MOVING (intent=MOVE)
05:21:17.247 [AMR-03] STATE_TRANSITION MOVING -> EMERGENCY_STOP (intent=STOP)
05:21:17.247 [AMR-03] SAFETY_STOP min_obstacle_distance=1.08m <= 1.2m
05:21:17.347 [AMR-03] STATE_TRANSITION EMERGENCY_STOP -> MOVING (intent=MOVE)
05:21:17.448 [AMR-03] STATE_TRANSITION MOVING -> EMERGENCY_STOP (intent=STOP)
05:21:17.448 [AMR-03] SAFETY_STOP min_obstacle_distance=1.03m <= 1.2m
05:21:17.548 [AMR-03] STATE_TRANSITION EMERGENCY_STOP -> MOVING (intent=MOVE)
05:21:17.649 [AMR-03] STATE_TRANSITION MOVING -> EMERGENCY_STOP (intent=STOP)
05:21:17.649 [AMR-03] SAFETY_STOP min_obstacle_distance=1.01m <= 1.2m
05:21:17.749 [AMR-03] STATE_TRANSITION EMERGENCY_STOP -> MOVING (intent=MOVE)
05:21:17.849 [AMR-03] STATE_TRANSITION MOVING -> EMERGENCY_STOP (intent=STOP)
05:21:17.849 [AMR-03] SAFETY_STOP min_obstacle_distance=1.04m <= 1.2m
05:21:17.950 [AMR-03] STATE_TRANSITION EMERGENCY_STOP -> MOVING (intent=MOVE)
05:21:18.051 [AMR-03] STATE_TRANSITION MOVING -> EMERGENCY_STOP (intent=STOP)
05:21:18.051 [AMR-03] SAFETY_STOP min_obstacle_distance=1.10m <= 1.2m
05:21:18.152 [AMR-03] STATE_TRANSITION EMERGENCY_STOP -> MOVING (intent=MOVE)
05:21:18.252 [AMR-03] STATE_TRANSITION MOVING -> EMERGENCY_STOP (intent=STOP)
05:21:18.252 [AMR-03] SAFETY_STOP min_obstacle_distance=1.08m <= 1.2m
05:21:18.353 [AMR-03] STATE_TRANSITION EMERGENCY_STOP -> MOVING (intent=MOVE)
05:21:18.453 [AMR-03] STATE_TRANSITION MOVING -> EMERGENCY_STOP (intent=STOP)
05:21:18.453 [AMR-03] SAFETY_STOP min_obstacle_distance=1.03m <= 1.2m
05:21:18.553 [AMR-03] STATE_TRANSITION EMERGENCY_STOP -> MOVING (intent=MOVE)
05:21:18.653 [AMR-03] STATE_TRANSITION MOVING -> EMERGENCY_STOP (intent=STOP)
05:21:18.653 [AMR-03] SAFETY_STOP min_obstacle_distance=1.01m <= 1.2m
05:21:18.755 [AMR-03] STATE_TRANSITION EMERGENCY_STOP -> MOVING (intent=MOVE)
05:21:18.855 [AMR-03] STATE_TRANSITION MOVING -> EMERGENCY_STOP (intent=STOP)
05:21:18.855 [AMR-03] SAFETY_STOP min_obstacle_distance=1.04m <= 1.2m
05:21:18.955 [AMR-03] STATE_TRANSITION EMERGENCY_STOP -> MOVING (intent=MOVE)
05:21:19.056 [AMR-03] STATE_TRANSITION MOVING -> EMERGENCY_STOP (intent=STOP)
05:21:19.056 [AMR-03] SAFETY_STOP min_obstacle_distance=1.10m <= 1.2m
05:21:19.157 [AMR-03] STATE_TRANSITION EMERGENCY_STOP -> MOVING (intent=MOVE)
05:21:19.258 [AMR-03] STATE_TRANSITION MOVING -> EMERGENCY_STOP (intent=STOP)
05:21:19.258 [AMR-03] SAFETY_STOP min_obstacle_distance=1.08m <= 1.2m
05:21:19.358 [AMR-03] STATE_TRANSITION EMERGENCY_STOP -> MOVING (intent=MOVE)
05:21:19.458 [AMR-03] STATE_TRANSITION MOVING -> EMERGENCY_STOP (intent=STOP)
05:21:19.458 [AMR-03] SAFETY_STOP min_obstacle_distance=1.03m <= 1.2m
05:21:19.559 [AMR-03] STATE_TRANSITION EMERGENCY_STOP -> MOVING (intent=MOVE)
05:21:19.660 [AMR-03] STATE_TRANSITION MOVING -> EMERGENCY_STOP (intent=STOP)
05:21:19.660 [AMR-03] SAFETY_STOP min_obstacle_distance=1.01m <= 1.2m
05:21:19.760 [AMR-03] STATE_TRANSITION EMERGENCY_STOP -> MOVING (intent=MOVE)
05:21:19.861 [AMR-03] STATE_TRANSITION MOVING -> EMERGENCY_STOP (intent=STOP)
05:21:19.861 [AMR-03] SAFETY_STOP min_obstacle_distance=1.04m <= 1.2m
05:21:19.961 [AMR-03] STATE_TRANSITION EMERGENCY_STOP -> MOVING (intent=MOVE)
05:21:20.061 [AMR-03] STATE_TRANSITION MOVING -> EMERGENCY_STOP (intent=STOP)
05:21:20.061 [AMR-03] SAFETY_STOP min_obstacle_distance=1.10m <= 1.2m
05:21:20.161 [AMR-03] STATE_TRANSITION EMERGENCY_STOP -> MOVING (intent=MOVE)
05:21:20.262 [AMR-03] STATE_TRANSITION MOVING -> EMERGENCY_STOP (intent=STOP)
05:21:20.262 [AMR-03] SAFETY_STOP min_obstacle_distance=1.08m <= 1.2m
05:21:20.362 [AMR-03] STATE_TRANSITION EMERGENCY_STOP -> MOVING (intent=MOVE)
05:21:20.462 [AMR-03] STATE_TRANSITION MOVING -> EMERGENCY_STOP (intent=STOP)
05:21:20.463 [AMR-03] SAFETY_STOP min_obstacle_distance=1.03m <= 1.2m
05:21:20.564 [AMR-03] STATE_TRANSITION EMERGENCY_STOP -> MOVING (intent=MOVE)
05:21:20.665 [AMR-03] STATE_TRANSITION MOVING -> EMERGENCY_STOP (intent=STOP)
05:21:20.665 [AMR-03] SAFETY_STOP min_obstacle_distance=1.01m <= 1.2m
05:21:20.766 [AMR-03] STATE_TRANSITION EMERGENCY_STOP -> MOVING (intent=MOVE)
05:21:20.866 [AMR-03] STATE_TRANSITION MOVING -> EMERGENCY_STOP (intent=STOP)
05:21:20.866 [AMR-03] SAFETY_STOP min_obstacle_distance=1.04m <= 1.2m
05:21:20.967 [AMR-03] STATE_TRANSITION EMERGENCY_STOP -> MOVING (intent=MOVE)
05:21:21.067 [AMR-03] STATE_TRANSITION MOVING -> EMERGENCY_STOP (intent=STOP)
05:21:21.067 [AMR-03] SAFETY_STOP min_obstacle_distance=1.10m <= 1.2m
05:21:21.168 [AMR-03] STATE_TRANSITION EMERGENCY_STOP -> MOVING (intent=MOVE)
05:21:21.269 [AMR-03] STATE_TRANSITION MOVING -> EMERGENCY_STOP (intent=STOP)
05:21:21.269 [AMR-03] SAFETY_STOP min_obstacle_distance=1.08m <= 1.2m
05:21:21.370 [AMR-03] STATE_TRANSITION EMERGENCY_STOP -> MOVING (intent=MOVE)
05:21:21.471 [AMR-03] STATE_TRANSITION MOVING -> EMERGENCY_STOP (intent=STOP)
05:21:21.471 [AMR-03] SAFETY_STOP min_obstacle_distance=1.03m <= 1.2m
05:21:21.572 [AMR-03] STATE_TRANSITION EMERGENCY_STOP -> MOVING (intent=MOVE)
05:21:21.672 [AMR-03] STATE_TRANSITION MOVING -> EMERGENCY_STOP (intent=STOP)
05:21:21.672 [AMR-03] SAFETY_STOP min_obstacle_distance=1.01m <= 1.2m
05:21:21.773 [AMR-03] STATE_TRANSITION EMERGENCY_STOP -> MOVING (intent=MOVE)
05:21:21.873 [AMR-03] STATE_TRANSITION MOVING -> EMERGENCY_STOP (intent=STOP)
05:21:21.873 [AMR-03] SAFETY_STOP min_obstacle_distance=1.04m <= 1.2m
05:21:21.973 [AMR-03] STATE_TRANSITION EMERGENCY_STOP -> MOVING (intent=MOVE)
05:21:22.074 [AMR-03] STATE_TRANSITION MOVING -> EMERGENCY_STOP (intent=STOP)
05:21:22.074 [AMR-03] SAFETY_STOP min_obstacle_distance=1.10m <= 1.2m
05:21:22.174 [AMR-03] STATE_TRANSITION EMERGENCY_STOP -> MOVING (intent=MOVE)
05:21:22.274 [AMR-03] STATE_TRANSITION MOVING -> EMERGENCY_STOP (intent=STOP)
05:21:22.274 [AMR-03] SAFETY_STOP min_obstacle_distance=1.08m <= 1.2m
05:21:22.375 [AMR-03] STATE_TRANSITION EMERGENCY_STOP -> MOVING (intent=MOVE)
05:21:22.477 [AMR-03] STATE_TRANSITION MOVING -> EMERGENCY_STOP (intent=STOP)
05:21:22.477 [AMR-03] SAFETY_STOP min_obstacle_distance=1.03m <= 1.2m
05:21:22.578 [AMR-03] STATE_TRANSITION EMERGENCY_STOP -> MOVING (intent=MOVE)
05:21:22.678 [AMR-03] STATE_TRANSITION MOVING -> EMERGENCY_STOP (intent=STOP)
05:21:22.679 [AMR-03] SAFETY_STOP min_obstacle_distance=1.01m <= 1.2m
05:21:22.779 [AMR-03] STATE_TRANSITION EMERGENCY_STOP -> MOVING (intent=MOVE)
05:21:22.879 [AMR-03] STATE_TRANSITION MOVING -> EMERGENCY_STOP (intent=STOP)
05:21:22.879 [AMR-03] SAFETY_STOP min_obstacle_distance=1.04m <= 1.2m
05:21:22.979 [AMR-03] STATE_TRANSITION EMERGENCY_STOP -> MOVING (intent=MOVE)
05:21:23.080 [AMR-03] STATE_TRANSITION MOVING -> EMERGENCY_STOP (intent=STOP)
05:21:23.080 [AMR-03] SAFETY_STOP min_obstacle_distance=1.10m <= 1.2m
05:21:23.181 [AMR-03] STATE_TRANSITION EMERGENCY_STOP -> MOVING (intent=MOVE)
05:21:23.281 [AMR-03] STATE_TRANSITION MOVING -> EMERGENCY_STOP (intent=STOP)
05:21:23.281 [AMR-03] SAFETY_STOP min_obstacle_distance=1.08m <= 1.2m
05:21:23.382 [AMR-03] STATE_TRANSITION EMERGENCY_STOP -> MOVING (intent=MOVE)
05:21:23.482 [AMR-03] STATE_TRANSITION MOVING -> EMERGENCY_STOP (intent=STOP)
05:21:23.482 [AMR-03] SAFETY_STOP min_obstacle_distance=1.03m <= 1.2m
05:21:23.583 [AMR-03] STATE_TRANSITION EMERGENCY_STOP -> MOVING (intent=MOVE)
05:21:23.683 [AMR-03] STATE_TRANSITION MOVING -> EMERGENCY_STOP (intent=STOP)
05:21:23.684 [AMR-03] SAFETY_STOP min_obstacle_distance=1.01m <= 1.2m
05:21:23.784 [AMR-03] STATE_TRANSITION EMERGENCY_STOP -> MOVING (intent=MOVE)
05:21:23.884 [AMR-03] STATE_TRANSITION MOVING -> EMERGENCY_STOP (intent=STOP)
05:21:23.884 [AMR-03] SAFETY_STOP min_obstacle_distance=1.04m <= 1.2m
05:21:23.985 [AMR-03] STATE_TRANSITION EMERGENCY_STOP -> MOVING (intent=MOVE)
05:21:24.086 [AMR-03] STATE_TRANSITION MOVING -> EMERGENCY_STOP (intent=STOP)
05:21:24.086 [AMR-03] SAFETY_STOP min_obstacle_distance=1.10m <= 1.2m
05:21:24.187 [AMR-03] STATE_TRANSITION EMERGENCY_STOP -> MOVING (intent=MOVE)
05:21:24.288 [AMR-03] STATE_TRANSITION MOVING -> EMERGENCY_STOP (intent=STOP)
05:21:24.288 [AMR-03] SAFETY_STOP min_obstacle_distance=1.08m <= 1.2m
05:21:24.388 [AMR-03] STATE_TRANSITION EMERGENCY_STOP -> MOVING (intent=MOVE)
05:21:24.489 [AMR-03] STATE_TRANSITION MOVING -> EMERGENCY_STOP (intent=STOP)
05:21:24.489 [AMR-03] SAFETY_STOP min_obstacle_distance=1.03m <= 1.2m
05:21:24.589 [AMR-03] STATE_TRANSITION EMERGENCY_STOP -> MOVING (intent=MOVE)
05:21:24.690 [AMR-03] STATE_TRANSITION MOVING -> EMERGENCY_STOP (intent=STOP)
05:21:24.690 [AMR-03] SAFETY_STOP min_obstacle_distance=1.01m <= 1.2m
05:21:24.791 [AMR-03] STATE_TRANSITION EMERGENCY_STOP -> MOVING (intent=MOVE)
05:21:24.891 [AMR-03] STATE_TRANSITION MOVING -> EMERGENCY_STOP (intent=STOP)
05:21:24.891 [AMR-03] SAFETY_STOP min_obstacle_distance=1.04m <= 1.2m
05:21:24.992 [AMR-03] STATE_TRANSITION EMERGENCY_STOP -> MOVING (intent=MOVE)
05:21:25.092 [AMR-03] STATE_TRANSITION MOVING -> EMERGENCY_STOP (intent=STOP)
05:21:25.092 [AMR-03] SAFETY_STOP min_obstacle_distance=1.10m <= 1.2m
05:21:25.192 [AMR-03] STATE_TRANSITION EMERGENCY_STOP -> MOVING (intent=MOVE)
05:21:25.293 [AMR-03] STATE_TRANSITION MOVING -> EMERGENCY_STOP (intent=STOP)
05:21:25.293 [AMR-03] SAFETY_STOP min_obstacle_distance=1.08m <= 1.2m
05:21:25.394 [AMR-03] STATE_TRANSITION EMERGENCY_STOP -> MOVING (intent=MOVE)
05:21:25.495 [AMR-03] STATE_TRANSITION MOVING -> EMERGENCY_STOP (intent=STOP)
05:21:25.495 [AMR-03] SAFETY_STOP min_obstacle_distance=1.00m <= 1.2m
05:21:25.595 [AMR-03] STATE_TRANSITION EMERGENCY_STOP -> MOVING (intent=MOVE)
05:21:25.695 [AMR-03] STATE_TRANSITION MOVING -> EMERGENCY_STOP (intent=STOP)
05:21:25.696 [AMR-03] SAFETY_STOP min_obstacle_distance=1.01m <= 1.2m
05:21:25.798 [AMR-03] STATE_TRANSITION EMERGENCY_STOP -> MOVING (intent=MOVE)
05:21:25.897 [AMR-03] STATE_TRANSITION MOVING -> EMERGENCY_STOP (intent=STOP)
05:21:25.897 [AMR-03] SAFETY_STOP min_obstacle_distance=1.04m <= 1.2m
05:21:25.997 [AMR-03] STATE_TRANSITION EMERGENCY_STOP -> MOVING (intent=MOVE)
05:21:26.098 [AMR-03] STATE_TRANSITION MOVING -> EMERGENCY_STOP (intent=STOP)
05:21:26.098 [AMR-03] SAFETY_STOP min_obstacle_distance=1.10m <= 1.2m
05:21:26.198 [AMR-03] STATE_TRANSITION EMERGENCY_STOP -> MOVING (intent=MOVE)
05:21:26.299 [AMR-03] STATE_TRANSITION MOVING -> EMERGENCY_STOP (intent=STOP)
05:21:26.299 [AMR-03] SAFETY_STOP min_obstacle_distance=1.08m <= 1.2m
05:21:26.400 [AMR-03] STATE_TRANSITION EMERGENCY_STOP -> MOVING (intent=MOVE)
05:21:26.501 [AMR-03] STATE_TRANSITION MOVING -> EMERGENCY_STOP (intent=STOP)
05:21:26.501 [AMR-03] SAFETY_STOP min_obstacle_distance=1.00m <= 1.2m
05:21:26.601 [AMR-03] STATE_TRANSITION EMERGENCY_STOP -> MOVING (intent=MOVE)
05:21:26.701 [AMR-03] STATE_TRANSITION MOVING -> EMERGENCY_STOP (intent=STOP)
05:21:26.701 [AMR-03] SAFETY_STOP min_obstacle_distance=1.01m <= 1.2m
05:21:26.801 [AMR-03] STATE_TRANSITION EMERGENCY_STOP -> MOVING (intent=MOVE)
05:21:26.902 [AMR-03] STATE_TRANSITION MOVING -> EMERGENCY_STOP (intent=STOP)
05:21:26.902 [AMR-03] SAFETY_STOP min_obstacle_distance=1.04m <= 1.2m
05:21:27.002 [AMR-03] STATE_TRANSITION EMERGENCY_STOP -> MOVING (intent=MOVE)
05:21:27.103 [AMR-03] STATE_TRANSITION MOVING -> EMERGENCY_STOP (intent=STOP)
05:21:27.103 [AMR-03] SAFETY_STOP min_obstacle_distance=1.10m <= 1.2m
05:21:27.203 [AMR-03] STATE_TRANSITION EMERGENCY_STOP -> MOVING (intent=MOVE)
05:21:27.304 [AMR-03] STATE_TRANSITION MOVING -> EMERGENCY_STOP (intent=STOP)
05:21:27.304 [AMR-03] SAFETY_STOP min_obstacle_distance=1.08m <= 1.2m
05:21:27.404 [AMR-03] STATE_TRANSITION EMERGENCY_STOP -> MOVING (intent=MOVE)
05:21:27.505 [AMR-03] STATE_TRANSITION MOVING -> EMERGENCY_STOP (intent=STOP)
05:21:27.505 [AMR-03] SAFETY_STOP min_obstacle_distance=1.00m <= 1.2m
05:21:27.606 [AMR-03] STATE_TRANSITION EMERGENCY_STOP -> MOVING (intent=MOVE)
05:21:27.706 [AMR-03] STATE_TRANSITION MOVING -> EMERGENCY_STOP (intent=STOP)
05:21:27.706 [AMR-03] SAFETY_STOP min_obstacle_distance=1.01m <= 1.2m
05:21:27.807 [AMR-03] STATE_TRANSITION EMERGENCY_STOP -> MOVING (intent=MOVE)
05:21:27.908 [AMR-03] STATE_TRANSITION MOVING -> EMERGENCY_STOP (intent=STOP)
05:21:27.908 [AMR-03] SAFETY_STOP min_obstacle_distance=1.04m <= 1.2m
05:21:28.008 [AMR-03] STATE_TRANSITION EMERGENCY_STOP -> MOVING (intent=MOVE)
05:21:28.109 [AMR-03] STATE_TRANSITION MOVING -> EMERGENCY_STOP (intent=STOP)
05:21:28.109 [AMR-03] SAFETY_STOP min_obstacle_distance=1.10m <= 1.2m
05:21:28.209 [AMR-03] STATE_TRANSITION EMERGENCY_STOP -> MOVING (intent=MOVE)
05:21:28.310 [AMR-03] STATE_TRANSITION MOVING -> EMERGENCY_STOP (intent=STOP)
05:21:28.310 [AMR-03] SAFETY_STOP min_obstacle_distance=1.08m <= 1.2m
05:21:28.410 [AMR-03] STATE_TRANSITION EMERGENCY_STOP -> MOVING (intent=MOVE)
05:21:28.511 [AMR-03] STATE_TRANSITION MOVING -> EMERGENCY_STOP (intent=STOP)
05:21:28.511 [AMR-03] SAFETY_STOP min_obstacle_distance=1.00m <= 1.2m
05:21:28.612 [AMR-03] STATE_TRANSITION EMERGENCY_STOP -> MOVING (intent=MOVE)
05:21:28.713 [AMR-03] STATE_TRANSITION MOVING -> EMERGENCY_STOP (intent=STOP)
05:21:28.713 [AMR-03] SAFETY_STOP min_obstacle_distance=1.01m <= 1.2m
05:21:28.813 [AMR-03] STATE_TRANSITION EMERGENCY_STOP -> MOVING (intent=MOVE)
05:21:28.914 [AMR-03] STATE_TRANSITION MOVING -> EMERGENCY_STOP (intent=STOP)
05:21:28.914 [AMR-03] SAFETY_STOP min_obstacle_distance=1.04m <= 1.2m
05:21:29.015 [AMR-03] STATE_TRANSITION EMERGENCY_STOP -> MOVING (intent=MOVE)
05:21:29.115 [AMR-03] STATE_TRANSITION MOVING -> EMERGENCY_STOP (intent=STOP)
05:21:29.116 [AMR-03] SAFETY_STOP min_obstacle_distance=1.10m <= 1.2m
05:21:29.217 [AMR-03] STATE_TRANSITION EMERGENCY_STOP -> MOVING (intent=MOVE)
05:21:29.318 [AMR-03] STATE_TRANSITION MOVING -> EMERGENCY_STOP (intent=STOP)
05:21:29.318 [AMR-03] SAFETY_STOP min_obstacle_distance=1.08m <= 1.2m
05:21:29.419 [AMR-03] STATE_TRANSITION EMERGENCY_STOP -> MOVING (intent=MOVE)
05:21:29.519 [AMR-03] STATE_TRANSITION MOVING -> EMERGENCY_STOP (intent=STOP)
05:21:29.519 [AMR-03] SAFETY_STOP min_obstacle_distance=1.00m <= 1.2m
05:21:29.621 [AMR-03] STATE_TRANSITION EMERGENCY_STOP -> MOVING (intent=MOVE)
05:21:29.722 [AMR-03] STATE_TRANSITION MOVING -> EMERGENCY_STOP (intent=STOP)
05:21:29.722 [AMR-03] SAFETY_STOP min_obstacle_distance=1.01m <= 1.2m
05:21:29.822 [AMR-03] STATE_TRANSITION EMERGENCY_STOP -> MOVING (intent=MOVE)
05:21:29.924 [AMR-03] STATE_TRANSITION MOVING -> EMERGENCY_STOP (intent=STOP)
05:21:29.924 [AMR-03] SAFETY_STOP min_obstacle_distance=1.05m <= 1.2m
05:21:30.026 [AMR-03] STATE_TRANSITION EMERGENCY_STOP -> MOVING (intent=MOVE)
05:21:30.126 [AMR-03] STATE_TRANSITION MOVING -> EMERGENCY_STOP (intent=STOP)
05:21:30.126 [AMR-03] SAFETY_STOP min_obstacle_distance=1.10m <= 1.2m
05:21:30.227 [AMR-03] STATE_TRANSITION EMERGENCY_STOP -> MOVING (intent=MOVE)
05:21:30.327 [AMR-03] STATE_TRANSITION MOVING -> EMERGENCY_STOP (intent=STOP)
05:21:30.327 [AMR-03] SAFETY_STOP min_obstacle_distance=1.07m <= 1.2m
05:21:30.428 [AMR-03] STATE_TRANSITION EMERGENCY_STOP -> MOVING (intent=MOVE)
05:21:30.528 [AMR-03] STATE_TRANSITION MOVING -> EMERGENCY_STOP (intent=STOP)
05:21:30.528 [AMR-03] SAFETY_STOP min_obstacle_distance=1.00m <= 1.2m
05:21:30.629 [AMR-03] STATE_TRANSITION EMERGENCY_STOP -> MOVING (intent=MOVE)
05:21:30.729 [AMR-03] STATE_TRANSITION MOVING -> EMERGENCY_STOP (intent=STOP)
05:21:30.730 [AMR-03] SAFETY_STOP min_obstacle_distance=1.01m <= 1.2m
05:21:30.830 [AMR-03] STATE_TRANSITION EMERGENCY_STOP -> MOVING (intent=MOVE)
05:21:30.931 [AMR-03] STATE_TRANSITION MOVING -> EMERGENCY_STOP (intent=STOP)
05:21:30.931 [AMR-03] SAFETY_STOP min_obstacle_distance=1.04m <= 1.2m
05:21:31.032 [AMR-03] STATE_TRANSITION EMERGENCY_STOP -> MOVING (intent=MOVE)
05:21:31.133 [AMR-03] STATE_TRANSITION MOVING -> EMERGENCY_STOP (intent=STOP)
05:21:31.133 [AMR-03] SAFETY_STOP min_obstacle_distance=1.10m <= 1.2m
05:21:31.234 [AMR-03] STATE_TRANSITION EMERGENCY_STOP -> MOVING (intent=MOVE)
05:21:31.334 [AMR-03] STATE_TRANSITION MOVING -> EMERGENCY_STOP (intent=STOP)
05:21:31.334 [AMR-03] SAFETY_STOP min_obstacle_distance=1.08m <= 1.2m
05:21:31.434 [AMR-03] STATE_TRANSITION EMERGENCY_STOP -> MOVING (intent=MOVE)
05:21:31.534 [AMR-03] STATE_TRANSITION MOVING -> EMERGENCY_STOP (intent=STOP)
05:21:31.534 [AMR-03] SAFETY_STOP min_obstacle_distance=1.00m <= 1.2m
05:21:31.635 [AMR-03] STATE_TRANSITION EMERGENCY_STOP -> MOVING (intent=MOVE)
05:21:31.735 [AMR-03] STATE_TRANSITION MOVING -> EMERGENCY_STOP (intent=STOP)
05:21:31.736 [AMR-03] SAFETY_STOP min_obstacle_distance=1.01m <= 1.2m
05:21:31.836 [AMR-03] STATE_TRANSITION EMERGENCY_STOP -> MOVING (intent=MOVE)
05:21:31.940 [AMR-03] STATE_TRANSITION MOVING -> EMERGENCY_STOP (intent=STOP)
05:21:31.940 [AMR-03] SAFETY_STOP min_obstacle_distance=1.04m <= 1.2m
05:21:32.039 [AMR-03] STATE_TRANSITION EMERGENCY_STOP -> MOVING (intent=MOVE)
05:21:32.140 [AMR-03] STATE_TRANSITION MOVING -> EMERGENCY_STOP (intent=STOP)
05:21:32.140 [AMR-03] SAFETY_STOP min_obstacle_distance=1.10m <= 1.2m
05:21:32.241 [AMR-03] STATE_TRANSITION EMERGENCY_STOP -> MOVING (intent=MOVE)
05:21:32.343 [AMR-03] STATE_TRANSITION MOVING -> EMERGENCY_STOP (intent=STOP)
05:21:32.343 [AMR-03] SAFETY_STOP min_obstacle_distance=1.08m <= 1.2m
05:21:32.443 [AMR-03] STATE_TRANSITION EMERGENCY_STOP -> MOVING (intent=MOVE)
05:21:32.543 [AMR-03] STATE_TRANSITION MOVING -> EMERGENCY_STOP (intent=STOP)
05:21:32.543 [AMR-03] SAFETY_STOP min_obstacle_distance=1.00m <= 1.2m
05:21:32.645 [AMR-03] STATE_TRANSITION EMERGENCY_STOP -> MOVING (intent=MOVE)
05:21:32.745 [AMR-03] STATE_TRANSITION MOVING -> EMERGENCY_STOP (intent=STOP)
05:21:32.745 [AMR-03] SAFETY_STOP min_obstacle_distance=1.01m <= 1.2m
05:21:32.845 [AMR-03] STATE_TRANSITION EMERGENCY_STOP -> MOVING (intent=MOVE)
05:21:32.946 [AMR-03] STATE_TRANSITION MOVING -> EMERGENCY_STOP (intent=STOP)
05:21:32.946 [AMR-03] SAFETY_STOP min_obstacle_distance=1.04m <= 1.2m
05:21:33.046 [AMR-03] STATE_TRANSITION EMERGENCY_STOP -> MOVING (intent=MOVE)
05:21:33.147 [AMR-03] STATE_TRANSITION MOVING -> EMERGENCY_STOP (intent=STOP)
05:21:33.147 [AMR-03] SAFETY_STOP min_obstacle_distance=1.10m <= 1.2m
05:21:33.247 [AMR-03] STATE_TRANSITION EMERGENCY_STOP -> MOVING (intent=MOVE)
05:21:33.347 [AMR-03] STATE_TRANSITION MOVING -> EMERGENCY_STOP (intent=STOP)
05:21:33.347 [AMR-03] SAFETY_STOP min_obstacle_distance=1.08m <= 1.2m
05:21:33.448 [AMR-03] STATE_TRANSITION EMERGENCY_STOP -> MOVING (intent=MOVE)
05:21:33.548 [AMR-03] STATE_TRANSITION MOVING -> EMERGENCY_STOP (intent=STOP)
05:21:33.548 [AMR-03] SAFETY_STOP min_obstacle_distance=1.00m <= 1.2m
05:21:33.648 [AMR-03] STATE_TRANSITION EMERGENCY_STOP -> MOVING (intent=MOVE)
05:21:33.749 [AMR-03] STATE_TRANSITION MOVING -> EMERGENCY_STOP (intent=STOP)
05:21:33.749 [AMR-03] SAFETY_STOP min_obstacle_distance=1.01m <= 1.2m
05:21:33.850 [AMR-03] STATE_TRANSITION EMERGENCY_STOP -> MOVING (intent=MOVE)
05:21:33.950 [AMR-03] STATE_TRANSITION MOVING -> EMERGENCY_STOP (intent=STOP)
05:21:33.951 [AMR-03] SAFETY_STOP min_obstacle_distance=1.04m <= 1.2m
05:21:34.052 [AMR-03] STATE_TRANSITION EMERGENCY_STOP -> MOVING (intent=MOVE)
05:21:34.152 [AMR-03] STATE_TRANSITION MOVING -> EMERGENCY_STOP (intent=STOP)
05:21:34.152 [AMR-03] SAFETY_STOP min_obstacle_distance=1.10m <= 1.2m
05:21:34.254 [AMR-03] STATE_TRANSITION EMERGENCY_STOP -> MOVING (intent=MOVE)
05:21:34.355 [AMR-03] STATE_TRANSITION MOVING -> EMERGENCY_STOP (intent=STOP)
05:21:34.355 [AMR-03] SAFETY_STOP min_obstacle_distance=1.08m <= 1.2m
05:21:34.455 [AMR-03] STATE_TRANSITION EMERGENCY_STOP -> MOVING (intent=MOVE)
05:21:34.556 [AMR-03] STATE_TRANSITION MOVING -> EMERGENCY_STOP (intent=STOP)
05:21:34.556 [AMR-03] SAFETY_STOP min_obstacle_distance=1.00m <= 1.2m
05:21:34.657 [AMR-03] STATE_TRANSITION EMERGENCY_STOP -> MOVING (intent=MOVE)
05:21:34.757 [AMR-03] STATE_TRANSITION MOVING -> EMERGENCY_STOP (intent=STOP)
05:21:34.757 [AMR-03] SAFETY_STOP min_obstacle_distance=1.01m <= 1.2m
05:21:34.858 [AMR-03] STATE_TRANSITION EMERGENCY_STOP -> MOVING (intent=MOVE)
05:21:34.958 [AMR-03] STATE_TRANSITION MOVING -> EMERGENCY_STOP (intent=STOP)
05:21:34.958 [AMR-03] SAFETY_STOP min_obstacle_distance=1.04m <= 1.2m
05:21:35.058 [AMR-03] STATE_TRANSITION EMERGENCY_STOP -> MOVING (intent=MOVE)
05:21:35.158 [AMR-03] STATE_TRANSITION MOVING -> EMERGENCY_STOP (intent=STOP)
05:21:35.158 [AMR-03] SAFETY_STOP min_obstacle_distance=1.10m <= 1.2m
05:21:35.260 [AMR-03] STATE_TRANSITION EMERGENCY_STOP -> MOVING (intent=MOVE)
05:21:35.360 [AMR-03] STATE_TRANSITION MOVING -> EMERGENCY_STOP (intent=STOP)
05:21:35.360 [AMR-03] SAFETY_STOP min_obstacle_distance=1.08m <= 1.2m
05:21:35.460 [AMR-03] STATE_TRANSITION EMERGENCY_STOP -> MOVING (intent=MOVE)
05:21:35.561 [AMR-03] STATE_TRANSITION MOVING -> EMERGENCY_STOP (intent=STOP)
05:21:35.561 [AMR-03] SAFETY_STOP min_obstacle_distance=1.00m <= 1.2m
05:21:35.661 [AMR-03] STATE_TRANSITION EMERGENCY_STOP -> MOVING (intent=MOVE)
05:21:35.762 [AMR-03] STATE_TRANSITION MOVING -> EMERGENCY_STOP (intent=STOP)
05:21:35.762 [AMR-03] SAFETY_STOP min_obstacle_distance=1.01m <= 1.2m
05:21:35.863 [AMR-03] STATE_TRANSITION EMERGENCY_STOP -> MOVING (intent=MOVE)
05:21:35.964 [AMR-03] STATE_TRANSITION MOVING -> EMERGENCY_STOP (intent=STOP)
05:21:35.964 [AMR-03] SAFETY_STOP min_obstacle_distance=1.04m <= 1.2m
05:21:36.064 [AMR-03] STATE_TRANSITION EMERGENCY_STOP -> MOVING (intent=MOVE)
05:21:36.164 [AMR-03] STATE_TRANSITION MOVING -> EMERGENCY_STOP (intent=STOP)
05:21:36.164 [AMR-03] SAFETY_STOP min_obstacle_distance=1.10m <= 1.2m
05:21:36.265 [AMR-03] STATE_TRANSITION EMERGENCY_STOP -> MOVING (intent=MOVE)
05:21:36.366 [AMR-03] STATE_TRANSITION MOVING -> EMERGENCY_STOP (intent=STOP)
05:21:36.366 [AMR-03] SAFETY_STOP min_obstacle_distance=1.08m <= 1.2m
05:21:36.466 [AMR-03] STATE_TRANSITION EMERGENCY_STOP -> MOVING (intent=MOVE)
05:21:36.568 [AMR-03] STATE_TRANSITION MOVING -> EMERGENCY_STOP (intent=STOP)
05:21:36.568 [AMR-03] SAFETY_STOP min_obstacle_distance=1.00m <= 1.2m
05:21:36.668 [AMR-03] STATE_TRANSITION EMERGENCY_STOP -> MOVING (intent=MOVE)
05:21:36.769 [AMR-03] STATE_TRANSITION MOVING -> EMERGENCY_STOP (intent=STOP)
05:21:36.769 [AMR-03] SAFETY_STOP min_obstacle_distance=1.01m <= 1.2m
05:21:36.869 [AMR-03] STATE_TRANSITION EMERGENCY_STOP -> MOVING (intent=MOVE)
05:21:36.970 [AMR-03] STATE_TRANSITION MOVING -> EMERGENCY_STOP (intent=STOP)
05:21:36.970 [AMR-03] SAFETY_STOP min_obstacle_distance=1.04m <= 1.2m
05:21:37.070 [AMR-03] STATE_TRANSITION EMERGENCY_STOP -> MOVING (intent=MOVE)
05:21:37.171 [AMR-03] STATE_TRANSITION MOVING -> EMERGENCY_STOP (intent=STOP)
05:21:37.171 [AMR-03] SAFETY_STOP min_obstacle_distance=1.10m <= 1.2m
05:21:37.271 [AMR-03] STATE_TRANSITION EMERGENCY_STOP -> MOVING (intent=MOVE)
05:21:37.371 [AMR-03] STATE_TRANSITION MOVING -> EMERGENCY_STOP (intent=STOP)
05:21:37.371 [AMR-03] SAFETY_STOP min_obstacle_distance=1.08m <= 1.2m
05:21:37.472 [AMR-03] STATE_TRANSITION EMERGENCY_STOP -> MOVING (intent=MOVE)
05:21:37.574 [AMR-03] STATE_TRANSITION MOVING -> EMERGENCY_STOP (intent=STOP)
05:21:37.574 [AMR-03] SAFETY_STOP min_obstacle_distance=1.00m <= 1.2m
05:21:37.674 [AMR-03] STATE_TRANSITION EMERGENCY_STOP -> MOVING (intent=MOVE)
05:21:37.775 [AMR-03] STATE_TRANSITION MOVING -> EMERGENCY_STOP (intent=STOP)
05:21:37.775 [AMR-03] SAFETY_STOP min_obstacle_distance=1.01m <= 1.2m
05:21:37.875 [AMR-03] STATE_TRANSITION EMERGENCY_STOP -> MOVING (intent=MOVE)
05:21:37.976 [AMR-03] STATE_TRANSITION MOVING -> EMERGENCY_STOP (intent=STOP)
05:21:37.976 [AMR-03] SAFETY_STOP min_obstacle_distance=1.04m <= 1.2m
05:21:38.077 [AMR-03] STATE_TRANSITION EMERGENCY_STOP -> MOVING (intent=MOVE)
05:21:38.177 [AMR-03] STATE_TRANSITION MOVING -> EMERGENCY_STOP (intent=STOP)
05:21:38.177 [AMR-03] SAFETY_STOP min_obstacle_distance=1.10m <= 1.2m
05:21:38.279 [AMR-03] STATE_TRANSITION EMERGENCY_STOP -> MOVING (intent=MOVE)
05:21:38.379 [AMR-03] STATE_TRANSITION MOVING -> EMERGENCY_STOP (intent=STOP)
05:21:38.379 [AMR-03] SAFETY_STOP min_obstacle_distance=1.08m <= 1.2m
05:21:38.479 [AMR-03] STATE_TRANSITION EMERGENCY_STOP -> MOVING (intent=MOVE)
05:21:38.582 [AMR-03] STATE_TRANSITION MOVING -> EMERGENCY_STOP (intent=STOP)
05:21:38.582 [AMR-03] SAFETY_STOP min_obstacle_distance=1.00m <= 1.2m
05:21:38.681 [AMR-03] STATE_TRANSITION EMERGENCY_STOP -> MOVING (intent=MOVE)
05:21:38.782 [AMR-03] STATE_TRANSITION MOVING -> EMERGENCY_STOP (intent=STOP)
05:21:38.782 [AMR-03] SAFETY_STOP min_obstacle_distance=1.01m <= 1.2m
05:21:38.882 [AMR-03] STATE_TRANSITION EMERGENCY_STOP -> MOVING (intent=MOVE)
05:21:38.982 [AMR-03] STATE_TRANSITION MOVING -> EMERGENCY_STOP (intent=STOP)
05:21:38.983 [AMR-03] SAFETY_STOP min_obstacle_distance=1.04m <= 1.2m
05:21:39.083 [AMR-03] STATE_TRANSITION EMERGENCY_STOP -> MOVING (intent=MOVE)
05:21:39.183 [AMR-03] STATE_TRANSITION MOVING -> EMERGENCY_STOP (intent=STOP)
05:21:39.183 [AMR-03] SAFETY_STOP min_obstacle_distance=1.10m <= 1.2m
05:21:39.284 [AMR-03] STATE_TRANSITION EMERGENCY_STOP -> MOVING (intent=MOVE)
05:21:39.384 [AMR-03] STATE_TRANSITION MOVING -> EMERGENCY_STOP (intent=STOP)
05:21:39.384 [AMR-03] SAFETY_STOP min_obstacle_distance=1.08m <= 1.2m
05:21:39.485 [AMR-03] STATE_TRANSITION EMERGENCY_STOP -> MOVING (intent=MOVE)
05:21:39.585 [AMR-03] STATE_TRANSITION MOVING -> EMERGENCY_STOP (intent=STOP)
05:21:39.585 [AMR-03] SAFETY_STOP min_obstacle_distance=1.00m <= 1.2m
05:21:39.686 [AMR-03] STATE_TRANSITION EMERGENCY_STOP -> MOVING (intent=MOVE)
05:21:39.786 [AMR-03] STATE_TRANSITION MOVING -> EMERGENCY_STOP (intent=STOP)
05:21:39.786 [AMR-03] SAFETY_STOP min_obstacle_distance=1.01m <= 1.2m
05:21:39.886 [AMR-03] STATE_TRANSITION EMERGENCY_STOP -> MOVING (intent=MOVE)
05:21:39.987 [AMR-03] STATE_TRANSITION MOVING -> EMERGENCY_STOP (intent=STOP)
05:21:39.987 [AMR-03] SAFETY_STOP min_obstacle_distance=1.04m <= 1.2m
05:21:40.087 [AMR-03] STATE_TRANSITION EMERGENCY_STOP -> MOVING (intent=MOVE)
05:21:40.188 [AMR-03] STATE_TRANSITION MOVING -> EMERGENCY_STOP (intent=STOP)
05:21:40.188 [AMR-03] SAFETY_STOP min_obstacle_distance=1.10m <= 1.2m
05:21:40.289 [AMR-03] STATE_TRANSITION EMERGENCY_STOP -> MOVING (intent=MOVE)
05:21:40.389 [AMR-03] STATE_TRANSITION MOVING -> EMERGENCY_STOP (intent=STOP)
05:21:40.390 [AMR-03] SAFETY_STOP min_obstacle_distance=1.08m <= 1.2m
05:21:40.490 [AMR-03] STATE_TRANSITION EMERGENCY_STOP -> MOVING (intent=MOVE)
05:21:40.591 [AMR-03] STATE_TRANSITION MOVING -> EMERGENCY_STOP (intent=STOP)
05:21:40.591 [AMR-03] SAFETY_STOP min_obstacle_distance=1.00m <= 1.2m
05:21:40.691 [AMR-03] STATE_TRANSITION EMERGENCY_STOP -> MOVING (intent=MOVE)
05:21:40.791 [AMR-03] STATE_TRANSITION MOVING -> EMERGENCY_STOP (intent=STOP)
05:21:40.791 [AMR-03] SAFETY_STOP min_obstacle_distance=1.01m <= 1.2m
05:21:40.892 [AMR-03] STATE_TRANSITION EMERGENCY_STOP -> MOVING (intent=MOVE)
05:21:40.993 [AMR-03] STATE_TRANSITION MOVING -> EMERGENCY_STOP (intent=STOP)
05:21:40.993 [AMR-03] SAFETY_STOP min_obstacle_distance=1.04m <= 1.2m
05:21:41.093 [AMR-03] STATE_TRANSITION EMERGENCY_STOP -> MOVING (intent=MOVE)
05:21:41.193 [AMR-03] STATE_TRANSITION MOVING -> EMERGENCY_STOP (intent=STOP)
05:21:41.193 [AMR-03] SAFETY_STOP min_obstacle_distance=1.10m <= 1.2m
05:21:41.294 [AMR-03] STATE_TRANSITION EMERGENCY_STOP -> MOVING (intent=MOVE)
05:21:41.394 [AMR-03] STATE_TRANSITION MOVING -> EMERGENCY_STOP (intent=STOP)
05:21:41.394 [AMR-03] SAFETY_STOP min_obstacle_distance=1.08m <= 1.2m
05:21:41.494 [AMR-03] STATE_TRANSITION EMERGENCY_STOP -> MOVING (intent=MOVE)
05:21:41.595 [AMR-03] STATE_TRANSITION MOVING -> EMERGENCY_STOP (intent=STOP)
05:21:41.595 [AMR-03] SAFETY_STOP min_obstacle_distance=1.01m <= 1.2m
05:21:41.695 [AMR-03] STATE_TRANSITION EMERGENCY_STOP -> MOVING (intent=MOVE)
05:21:41.795 [AMR-03] STATE_TRANSITION MOVING -> EMERGENCY_STOP (intent=STOP)
05:21:41.796 [AMR-03] SAFETY_STOP min_obstacle_distance=1.04m <= 1.2m
05:21:41.896 [AMR-03] STATE_TRANSITION EMERGENCY_STOP -> MOVING (intent=MOVE)
05:21:41.997 [AMR-03] STATE_TRANSITION MOVING -> EMERGENCY_STOP (intent=STOP)
05:21:41.997 [AMR-03] SAFETY_STOP min_obstacle_distance=1.10m <= 1.2m
05:21:42.097 [AMR-03] STATE_TRANSITION EMERGENCY_STOP -> MOVING (intent=MOVE)
05:21:42.198 [AMR-03] STATE_TRANSITION MOVING -> EMERGENCY_STOP (intent=STOP)
05:21:42.198 [AMR-03] SAFETY_STOP min_obstacle_distance=1.08m <= 1.2m
05:21:42.298 [AMR-03] STATE_TRANSITION EMERGENCY_STOP -> MOVING (intent=MOVE)
05:21:42.399 [AMR-03] STATE_TRANSITION MOVING -> EMERGENCY_STOP (intent=STOP)
05:21:42.399 [AMR-03] SAFETY_STOP min_obstacle_distance=1.03m <= 1.2m
05:21:42.499 [AMR-03] STATE_TRANSITION EMERGENCY_STOP -> MOVING (intent=MOVE)
05:21:42.600 [AMR-03] STATE_TRANSITION MOVING -> EMERGENCY_STOP (intent=STOP)
05:21:42.600 [AMR-03] SAFETY_STOP min_obstacle_distance=1.01m <= 1.2m
05:21:42.700 [AMR-03] STATE_TRANSITION EMERGENCY_STOP -> MOVING (intent=MOVE)
05:21:42.801 [AMR-03] STATE_TRANSITION MOVING -> EMERGENCY_STOP (intent=STOP)
05:21:42.801 [AMR-03] SAFETY_STOP min_obstacle_distance=1.04m <= 1.2m
05:21:42.901 [AMR-03] STATE_TRANSITION EMERGENCY_STOP -> MOVING (intent=MOVE)
05:21:43.002 [AMR-03] STATE_TRANSITION MOVING -> EMERGENCY_STOP (intent=STOP)
05:21:43.002 [AMR-03] SAFETY_STOP min_obstacle_distance=1.10m <= 1.2m
05:21:43.103 [AMR-03] STATE_TRANSITION EMERGENCY_STOP -> MOVING (intent=MOVE)
05:21:43.204 [AMR-03] STATE_TRANSITION MOVING -> EMERGENCY_STOP (intent=STOP)
05:21:43.204 [AMR-03] SAFETY_STOP min_obstacle_distance=1.08m <= 1.2m
05:21:43.304 [AMR-03] STATE_TRANSITION EMERGENCY_STOP -> MOVING (intent=MOVE)
05:21:43.405 [AMR-03] STATE_TRANSITION MOVING -> EMERGENCY_STOP (intent=STOP)
05:21:43.405 [AMR-03] SAFETY_STOP min_obstacle_distance=1.03m <= 1.2m
05:21:43.506 [AMR-03] STATE_TRANSITION EMERGENCY_STOP -> MOVING (intent=MOVE)
05:21:43.606 [AMR-03] STATE_TRANSITION MOVING -> EMERGENCY_STOP (intent=STOP)
05:21:43.606 [AMR-03] SAFETY_STOP min_obstacle_distance=1.01m <= 1.2m
05:21:43.707 [AMR-03] STATE_TRANSITION EMERGENCY_STOP -> MOVING (intent=MOVE)
05:21:43.807 [AMR-03] STATE_TRANSITION MOVING -> EMERGENCY_STOP (intent=STOP)
05:21:43.807 [AMR-03] SAFETY_STOP min_obstacle_distance=1.04m <= 1.2m
05:21:43.908 [AMR-03] STATE_TRANSITION EMERGENCY_STOP -> MOVING (intent=MOVE)
05:21:44.009 [AMR-03] STATE_TRANSITION MOVING -> EMERGENCY_STOP (intent=STOP)
05:21:44.009 [AMR-03] SAFETY_STOP min_obstacle_distance=1.10m <= 1.2m
05:21:44.110 [AMR-03] STATE_TRANSITION EMERGENCY_STOP -> MOVING (intent=MOVE)
05:21:44.210 [AMR-03] STATE_TRANSITION MOVING -> EMERGENCY_STOP (intent=STOP)
05:21:44.210 [AMR-03] SAFETY_STOP min_obstacle_distance=1.08m <= 1.2m
05:21:44.311 [AMR-03] STATE_TRANSITION EMERGENCY_STOP -> MOVING (intent=MOVE)
05:21:44.411 [AMR-03] STATE_TRANSITION MOVING -> EMERGENCY_STOP (intent=STOP)
05:21:44.411 [AMR-03] SAFETY_STOP min_obstacle_distance=1.03m <= 1.2m
05:21:44.512 [AMR-03] STATE_TRANSITION EMERGENCY_STOP -> MOVING (intent=MOVE)
05:21:44.612 [AMR-03] STATE_TRANSITION MOVING -> EMERGENCY_STOP (intent=STOP)
05:21:44.612 [AMR-03] SAFETY_STOP min_obstacle_distance=1.01m <= 1.2m
05:21:44.713 [AMR-03] STATE_TRANSITION EMERGENCY_STOP -> MOVING (intent=MOVE)
05:21:44.813 [AMR-03] STATE_TRANSITION MOVING -> EMERGENCY_STOP (intent=STOP)
05:21:44.814 [AMR-03] SAFETY_STOP min_obstacle_distance=1.04m <= 1.2m
05:21:44.914 [AMR-03] STATE_TRANSITION EMERGENCY_STOP -> MOVING (intent=MOVE)
05:21:45.015 [AMR-03] STATE_TRANSITION MOVING -> EMERGENCY_STOP (intent=STOP)
05:21:45.015 [AMR-03] SAFETY_STOP min_obstacle_distance=1.10m <= 1.2m
05:21:45.116 [AMR-03] STATE_TRANSITION EMERGENCY_STOP -> MOVING (intent=MOVE)
05:21:45.215 [AMR-03] STATE_TRANSITION MOVING -> EMERGENCY_STOP (intent=STOP)
05:21:45.216 [AMR-03] SAFETY_STOP min_obstacle_distance=1.08m <= 1.2m
05:21:45.316 [AMR-03] STATE_TRANSITION EMERGENCY_STOP -> MOVING (intent=MOVE)
05:21:45.417 [AMR-03] STATE_TRANSITION MOVING -> EMERGENCY_STOP (intent=STOP)
05:21:45.417 [AMR-03] SAFETY_STOP min_obstacle_distance=1.03m <= 1.2m
05:21:45.518 [AMR-03] STATE_TRANSITION EMERGENCY_STOP -> MOVING (intent=MOVE)
05:21:45.619 [AMR-03] STATE_TRANSITION MOVING -> EMERGENCY_STOP (intent=STOP)
05:21:45.619 [AMR-03] SAFETY_STOP min_obstacle_distance=1.01m <= 1.2m
05:21:45.719 [AMR-03] STATE_TRANSITION EMERGENCY_STOP -> MOVING (intent=MOVE)
05:21:45.820 [AMR-03] STATE_TRANSITION MOVING -> EMERGENCY_STOP (intent=STOP)
05:21:45.820 [AMR-03] SAFETY_STOP min_obstacle_distance=1.04m <= 1.2m
05:21:45.920 [AMR-03] STATE_TRANSITION EMERGENCY_STOP -> MOVING (intent=MOVE)
05:21:46.020 [AMR-03] STATE_TRANSITION MOVING -> EMERGENCY_STOP (intent=STOP)
05:21:46.020 [AMR-03] SAFETY_STOP min_obstacle_distance=1.10m <= 1.2m
05:21:46.121 [AMR-03] STATE_TRANSITION EMERGENCY_STOP -> MOVING (intent=MOVE)
05:21:46.221 [AMR-03] STATE_TRANSITION MOVING -> EMERGENCY_STOP (intent=STOP)
05:21:46.222 [AMR-03] SAFETY_STOP min_obstacle_distance=1.08m <= 1.2m
05:21:46.322 [AMR-03] STATE_TRANSITION EMERGENCY_STOP -> MOVING (intent=MOVE)
05:21:46.422 [AMR-03] STATE_TRANSITION MOVING -> EMERGENCY_STOP (intent=STOP)
05:21:46.423 [AMR-03] SAFETY_STOP min_obstacle_distance=1.03m <= 1.2m
05:21:46.524 [AMR-03] STATE_TRANSITION EMERGENCY_STOP -> MOVING (intent=MOVE)
05:21:46.623 [AMR-03] STATE_TRANSITION MOVING -> EMERGENCY_STOP (intent=STOP)
05:21:46.624 [AMR-03] SAFETY_STOP min_obstacle_distance=1.01m <= 1.2m
05:21:46.724 [AMR-03] STATE_TRANSITION EMERGENCY_STOP -> MOVING (intent=MOVE)
05:21:46.824 [AMR-03] STATE_TRANSITION MOVING -> EMERGENCY_STOP (intent=STOP)
05:21:46.825 [AMR-03] SAFETY_STOP min_obstacle_distance=1.04m <= 1.2m
05:21:46.925 [AMR-03] STATE_TRANSITION EMERGENCY_STOP -> MOVING (intent=MOVE)
05:21:47.025 [AMR-03] STATE_TRANSITION MOVING -> EMERGENCY_STOP (intent=STOP)
05:21:47.025 [AMR-03] SAFETY_STOP min_obstacle_distance=1.10m <= 1.2m
05:21:47.125 [AMR-03] STATE_TRANSITION EMERGENCY_STOP -> MOVING (intent=MOVE)
05:21:47.226 [AMR-03] STATE_TRANSITION MOVING -> EMERGENCY_STOP (intent=STOP)
05:21:47.226 [AMR-03] SAFETY_STOP min_obstacle_distance=1.08m <= 1.2m
05:21:47.327 [AMR-03] STATE_TRANSITION EMERGENCY_STOP -> MOVING (intent=MOVE)
05:21:47.427 [AMR-03] STATE_TRANSITION MOVING -> EMERGENCY_STOP (intent=STOP)
05:21:47.427 [AMR-03] SAFETY_STOP min_obstacle_distance=1.03m <= 1.2m
05:21:47.529 [AMR-03] STATE_TRANSITION EMERGENCY_STOP -> MOVING (intent=MOVE)
05:21:47.629 [AMR-03] STATE_TRANSITION MOVING -> EMERGENCY_STOP (intent=STOP)
05:21:47.629 [AMR-03] SAFETY_STOP min_obstacle_distance=1.01m <= 1.2m
05:21:47.730 [AMR-03] STATE_TRANSITION EMERGENCY_STOP -> MOVING (intent=MOVE)
05:21:47.830 [AMR-03] STATE_TRANSITION MOVING -> EMERGENCY_STOP (intent=STOP)
05:21:47.830 [AMR-03] SAFETY_STOP min_obstacle_distance=1.04m <= 1.2m
05:21:47.931 [AMR-03] STATE_TRANSITION EMERGENCY_STOP -> MOVING (intent=MOVE)
05:21:48.032 [AMR-03] STATE_TRANSITION MOVING -> EMERGENCY_STOP (intent=STOP)
05:21:48.032 [AMR-03] SAFETY_STOP min_obstacle_distance=1.10m <= 1.2m
05:21:48.132 [AMR-03] STATE_TRANSITION EMERGENCY_STOP -> MOVING (intent=MOVE)
05:21:48.233 [AMR-03] STATE_TRANSITION MOVING -> EMERGENCY_STOP (intent=STOP)
05:21:48.233 [AMR-03] SAFETY_STOP min_obstacle_distance=1.08m <= 1.2m
05:21:48.333 [AMR-03] STATE_TRANSITION EMERGENCY_STOP -> MOVING (intent=MOVE)
05:21:48.434 [AMR-03] STATE_TRANSITION MOVING -> EMERGENCY_STOP (intent=STOP)
05:21:48.434 [AMR-03] SAFETY_STOP min_obstacle_distance=1.03m <= 1.2m
05:21:48.535 [AMR-03] STATE_TRANSITION EMERGENCY_STOP -> MOVING (intent=MOVE)
05:21:48.636 [AMR-03] STATE_TRANSITION MOVING -> EMERGENCY_STOP (intent=STOP)
05:21:48.636 [AMR-03] SAFETY_STOP min_obstacle_distance=1.01m <= 1.2m
05:21:48.736 [AMR-03] STATE_TRANSITION EMERGENCY_STOP -> MOVING (intent=MOVE)
05:21:48.837 [AMR-03] STATE_TRANSITION MOVING -> EMERGENCY_STOP (intent=STOP)
05:21:48.837 [AMR-03] SAFETY_STOP min_obstacle_distance=1.04m <= 1.2m
05:21:48.937 [AMR-03] STATE_TRANSITION EMERGENCY_STOP -> MOVING (intent=MOVE)
05:21:49.039 [AMR-03] STATE_TRANSITION MOVING -> EMERGENCY_STOP (intent=STOP)
05:21:49.039 [AMR-03] SAFETY_STOP min_obstacle_distance=1.10m <= 1.2m
05:21:49.139 [AMR-03] STATE_TRANSITION EMERGENCY_STOP -> MOVING (intent=MOVE)
05:21:49.240 [AMR-03] STATE_TRANSITION MOVING -> EMERGENCY_STOP (intent=STOP)
05:21:49.240 [AMR-03] SAFETY_STOP min_obstacle_distance=1.08m <= 1.2m
05:21:49.341 [AMR-03] STATE_TRANSITION EMERGENCY_STOP -> MOVING (intent=MOVE)
05:21:49.441 [AMR-03] STATE_TRANSITION MOVING -> EMERGENCY_STOP (intent=STOP)
05:21:49.441 [AMR-03] SAFETY_STOP min_obstacle_distance=1.03m <= 1.2m
05:21:49.542 [AMR-03] STATE_TRANSITION EMERGENCY_STOP -> MOVING (intent=MOVE)
05:21:49.642 [AMR-03] STATE_TRANSITION MOVING -> EMERGENCY_STOP (intent=STOP)
05:21:49.642 [AMR-03] SAFETY_STOP min_obstacle_distance=1.01m <= 1.2m
05:21:49.742 [AMR-03] STATE_TRANSITION EMERGENCY_STOP -> MOVING (intent=MOVE)
05:21:49.843 [AMR-03] STATE_TRANSITION MOVING -> EMERGENCY_STOP (intent=STOP)
05:21:49.843 [AMR-03] SAFETY_STOP min_obstacle_distance=1.04m <= 1.2m
05:21:49.944 [AMR-03] STATE_TRANSITION EMERGENCY_STOP -> MOVING (intent=MOVE)
05:21:50.044 [AMR-03] STATE_TRANSITION MOVING -> EMERGENCY_STOP (intent=STOP)
05:21:50.044 [AMR-03] SAFETY_STOP min_obstacle_distance=1.10m <= 1.2m
05:21:50.147 [AMR-03] STATE_TRANSITION EMERGENCY_STOP -> MOVING (intent=MOVE)
05:21:50.247 [AMR-03] STATE_TRANSITION MOVING -> EMERGENCY_STOP (intent=STOP)
05:21:50.247 [AMR-03] SAFETY_STOP min_obstacle_distance=1.08m <= 1.2m
05:21:50.347 [AMR-03] STATE_TRANSITION EMERGENCY_STOP -> MOVING (intent=MOVE)
05:21:50.448 [AMR-03] STATE_TRANSITION MOVING -> EMERGENCY_STOP (intent=STOP)
05:21:50.448 [AMR-03] SAFETY_STOP min_obstacle_distance=1.03m <= 1.2m
05:21:50.549 [AMR-03] STATE_TRANSITION EMERGENCY_STOP -> MOVING (intent=MOVE)
05:21:50.649 [AMR-03] STATE_TRANSITION MOVING -> EMERGENCY_STOP (intent=STOP)
05:21:50.649 [AMR-03] SAFETY_STOP min_obstacle_distance=1.01m <= 1.2m
05:21:50.750 [AMR-03] STATE_TRANSITION EMERGENCY_STOP -> MOVING (intent=MOVE)
05:21:50.851 [AMR-03] STATE_TRANSITION MOVING -> EMERGENCY_STOP (intent=STOP)
05:21:50.851 [AMR-03] SAFETY_STOP min_obstacle_distance=1.04m <= 1.2m
05:21:50.951 [AMR-03] STATE_TRANSITION EMERGENCY_STOP -> MOVING (intent=MOVE)
05:21:51.052 [AMR-03] STATE_TRANSITION MOVING -> EMERGENCY_STOP (intent=STOP)
05:21:51.052 [AMR-03] SAFETY_STOP min_obstacle_distance=1.10m <= 1.2m
05:21:51.154 [AMR-03] STATE_TRANSITION EMERGENCY_STOP -> MOVING (intent=MOVE)
05:21:51.255 [AMR-03] STATE_TRANSITION MOVING -> EMERGENCY_STOP (intent=STOP)
05:21:51.256 [AMR-03] SAFETY_STOP min_obstacle_distance=1.07m <= 1.2m
05:21:51.357 [AMR-03] STATE_TRANSITION EMERGENCY_STOP -> MOVING (intent=MOVE)
05:21:51.459 [AMR-03] STATE_TRANSITION MOVING -> EMERGENCY_STOP (intent=STOP)
05:21:51.459 [AMR-03] SAFETY_STOP min_obstacle_distance=1.03m <= 1.2m
05:21:51.559 [AMR-03] STATE_TRANSITION EMERGENCY_STOP -> MOVING (intent=MOVE)
05:21:51.660 [AMR-03] STATE_TRANSITION MOVING -> EMERGENCY_STOP (intent=STOP)
05:21:51.660 [AMR-03] SAFETY_STOP min_obstacle_distance=1.01m <= 1.2m
05:21:51.762 [AMR-03] STATE_TRANSITION EMERGENCY_STOP -> MOVING (intent=MOVE)
05:21:51.862 [AMR-03] STATE_TRANSITION MOVING -> EMERGENCY_STOP (intent=STOP)
05:21:51.862 [AMR-03] SAFETY_STOP min_obstacle_distance=1.04m <= 1.2m
05:21:51.962 [AMR-03] STATE_TRANSITION EMERGENCY_STOP -> MOVING (intent=MOVE)
05:21:52.064 [AMR-03] STATE_TRANSITION MOVING -> EMERGENCY_STOP (intent=STOP)
05:21:52.064 [AMR-03] SAFETY_STOP min_obstacle_distance=1.10m <= 1.2m
05:21:52.165 [AMR-03] STATE_TRANSITION EMERGENCY_STOP -> MOVING (intent=MOVE)
05:21:52.267 [AMR-03] STATE_TRANSITION MOVING -> EMERGENCY_STOP (intent=STOP)
05:21:52.267 [AMR-03] SAFETY_STOP min_obstacle_distance=1.07m <= 1.2m
05:21:52.368 [AMR-03] STATE_TRANSITION EMERGENCY_STOP -> MOVING (intent=MOVE)
05:21:52.469 [AMR-03] STATE_TRANSITION MOVING -> EMERGENCY_STOP (intent=STOP)
05:21:52.469 [AMR-03] SAFETY_STOP min_obstacle_distance=1.03m <= 1.2m
05:21:52.571 [AMR-03] STATE_TRANSITION EMERGENCY_STOP -> MOVING (intent=MOVE)
05:21:52.672 [AMR-03] STATE_TRANSITION MOVING -> EMERGENCY_STOP (intent=STOP)
05:21:52.672 [AMR-03] SAFETY_STOP min_obstacle_distance=1.01m <= 1.2m
05:21:52.773 [AMR-03] STATE_TRANSITION EMERGENCY_STOP -> MOVING (intent=MOVE)
05:21:52.874 [AMR-03] STATE_TRANSITION MOVING -> EMERGENCY_STOP (intent=STOP)
05:21:52.874 [AMR-03] SAFETY_STOP min_obstacle_distance=1.05m <= 1.2m
05:21:52.975 [AMR-03] STATE_TRANSITION EMERGENCY_STOP -> MOVING (intent=MOVE)
05:21:53.076 [AMR-03] STATE_TRANSITION MOVING -> EMERGENCY_STOP (intent=STOP)
05:21:53.076 [AMR-03] SAFETY_STOP min_obstacle_distance=1.10m <= 1.2m
05:21:53.177 [AMR-03] STATE_TRANSITION EMERGENCY_STOP -> MOVING (intent=MOVE)
05:21:53.279 [AMR-03] STATE_TRANSITION MOVING -> EMERGENCY_STOP (intent=STOP)
05:21:53.279 [AMR-03] SAFETY_STOP min_obstacle_distance=1.07m <= 1.2m
05:21:53.380 [AMR-03] STATE_TRANSITION EMERGENCY_STOP -> MOVING (intent=MOVE)
05:21:53.480 [AMR-03] STATE_TRANSITION MOVING -> EMERGENCY_STOP (intent=STOP)
05:21:53.480 [AMR-03] SAFETY_STOP min_obstacle_distance=1.00m <= 1.2m
05:21:53.583 [AMR-03] STATE_TRANSITION EMERGENCY_STOP -> MOVING (intent=MOVE)
05:21:53.683 [AMR-03] STATE_TRANSITION MOVING -> EMERGENCY_STOP (intent=STOP)
05:21:53.683 [AMR-03] SAFETY_STOP min_obstacle_distance=1.01m <= 1.2m
05:21:53.785 [AMR-03] STATE_TRANSITION EMERGENCY_STOP -> MOVING (intent=MOVE)
05:21:53.886 [AMR-03] STATE_TRANSITION MOVING -> EMERGENCY_STOP (intent=STOP)
05:21:53.886 [AMR-03] SAFETY_STOP min_obstacle_distance=1.05m <= 1.2m
05:21:53.987 [AMR-03] STATE_TRANSITION EMERGENCY_STOP -> MOVING (intent=MOVE)
05:21:54.089 [AMR-03] STATE_TRANSITION MOVING -> EMERGENCY_STOP (intent=STOP)
05:21:54.089 [AMR-03] SAFETY_STOP min_obstacle_distance=1.10m <= 1.2m
05:21:54.191 [AMR-03] STATE_TRANSITION EMERGENCY_STOP -> MOVING (intent=MOVE)
05:21:54.292 [AMR-03] STATE_TRANSITION MOVING -> EMERGENCY_STOP (intent=STOP)
05:21:54.292 [AMR-03] SAFETY_STOP min_obstacle_distance=1.07m <= 1.2m
05:21:54.392 [AMR-03] STATE_TRANSITION EMERGENCY_STOP -> MOVING (intent=MOVE)
05:21:54.494 [AMR-03] STATE_TRANSITION MOVING -> EMERGENCY_STOP (intent=STOP)
05:21:54.494 [AMR-03] SAFETY_STOP min_obstacle_distance=1.00m <= 1.2m
05:21:54.595 [AMR-03] STATE_TRANSITION EMERGENCY_STOP -> MOVING (intent=MOVE)
05:21:54.696 [AMR-03] STATE_TRANSITION MOVING -> EMERGENCY_STOP (intent=STOP)
05:21:54.696 [AMR-03] SAFETY_STOP min_obstacle_distance=1.01m <= 1.2m
05:21:54.797 [AMR-03] STATE_TRANSITION EMERGENCY_STOP -> MOVING (intent=MOVE)
05:21:54.898 [AMR-03] STATE_TRANSITION MOVING -> EMERGENCY_STOP (intent=STOP)
05:21:54.898 [AMR-03] SAFETY_STOP min_obstacle_distance=1.05m <= 1.2m
05:21:54.999 [AMR-03] STATE_TRANSITION EMERGENCY_STOP -> MOVING (intent=MOVE)
05:21:55.101 [AMR-03] STATE_TRANSITION MOVING -> EMERGENCY_STOP (intent=STOP)
05:21:55.101 [AMR-03] SAFETY_STOP min_obstacle_distance=1.10m <= 1.2m
05:21:55.201 [AMR-03] STATE_TRANSITION EMERGENCY_STOP -> MOVING (intent=MOVE)
05:21:55.303 [AMR-03] STATE_TRANSITION MOVING -> EMERGENCY_STOP (intent=STOP)
05:21:55.303 [AMR-03] SAFETY_STOP min_obstacle_distance=1.08m <= 1.2m
05:21:55.404 [AMR-03] STATE_TRANSITION EMERGENCY_STOP -> MOVING (intent=MOVE)
05:21:55.505 [AMR-03] STATE_TRANSITION MOVING -> EMERGENCY_STOP (intent=STOP)
05:21:55.505 [AMR-03] SAFETY_STOP min_obstacle_distance=1.00m <= 1.2m
05:21:55.606 [AMR-03] STATE_TRANSITION EMERGENCY_STOP -> MOVING (intent=MOVE)
05:21:55.708 [AMR-03] STATE_TRANSITION MOVING -> EMERGENCY_STOP (intent=STOP)
05:21:55.708 [AMR-03] SAFETY_STOP min_obstacle_distance=1.01m <= 1.2m
05:21:55.809 [AMR-03] STATE_TRANSITION EMERGENCY_STOP -> MOVING (intent=MOVE)
05:21:55.911 [AMR-03] STATE_TRANSITION MOVING -> EMERGENCY_STOP (intent=STOP)
05:21:55.911 [AMR-03] SAFETY_STOP min_obstacle_distance=1.05m <= 1.2m
05:21:56.012 [AMR-03] STATE_TRANSITION EMERGENCY_STOP -> MOVING (intent=MOVE)
05:21:56.113 [AMR-03] STATE_TRANSITION MOVING -> EMERGENCY_STOP (intent=STOP)
05:21:56.113 [AMR-03] SAFETY_STOP min_obstacle_distance=1.10m <= 1.2m
05:21:56.214 [AMR-03] STATE_TRANSITION EMERGENCY_STOP -> MOVING (intent=MOVE)
05:21:56.315 [AMR-03] STATE_TRANSITION MOVING -> EMERGENCY_STOP (intent=STOP)
05:21:56.315 [AMR-03] SAFETY_STOP min_obstacle_distance=1.07m <= 1.2m
05:21:56.416 [AMR-03] STATE_TRANSITION EMERGENCY_STOP -> MOVING (intent=MOVE)
05:21:56.517 [AMR-03] STATE_TRANSITION MOVING -> EMERGENCY_STOP (intent=STOP)
05:21:56.517 [AMR-03] SAFETY_STOP min_obstacle_distance=1.00m <= 1.2m
05:21:56.618 [AMR-03] STATE_TRANSITION EMERGENCY_STOP -> MOVING (intent=MOVE)
05:21:56.719 [AMR-03] STATE_TRANSITION MOVING -> EMERGENCY_STOP (intent=STOP)
05:21:56.719 [AMR-03] SAFETY_STOP min_obstacle_distance=1.01m <= 1.2m
05:21:56.820 [AMR-03] STATE_TRANSITION EMERGENCY_STOP -> MOVING (intent=MOVE)
05:21:56.921 [AMR-03] STATE_TRANSITION MOVING -> EMERGENCY_STOP (intent=STOP)
05:21:56.921 [AMR-03] SAFETY_STOP min_obstacle_distance=1.04m <= 1.2m
05:21:57.022 [AMR-03] STATE_TRANSITION EMERGENCY_STOP -> MOVING (intent=MOVE)
05:21:57.123 [AMR-03] STATE_TRANSITION MOVING -> EMERGENCY_STOP (intent=STOP)
05:21:57.123 [AMR-03] SAFETY_STOP min_obstacle_distance=1.10m <= 1.2m
05:21:57.224 [AMR-03] STATE_TRANSITION EMERGENCY_STOP -> MOVING (intent=MOVE)
05:21:57.324 [AMR-03] STATE_TRANSITION MOVING -> EMERGENCY_STOP (intent=STOP)
05:21:57.324 [AMR-03] SAFETY_STOP min_obstacle_distance=1.07m <= 1.2m
05:21:57.426 [AMR-03] STATE_TRANSITION EMERGENCY_STOP -> MOVING (intent=MOVE)
05:21:57.527 [AMR-03] STATE_TRANSITION MOVING -> EMERGENCY_STOP (intent=STOP)
05:21:57.528 [AMR-03] SAFETY_STOP min_obstacle_distance=1.00m <= 1.2m
05:21:57.628 [AMR-03] STATE_TRANSITION EMERGENCY_STOP -> MOVING (intent=MOVE)
05:21:57.729 [AMR-03] STATE_TRANSITION MOVING -> EMERGENCY_STOP (intent=STOP)
05:21:57.730 [AMR-03] SAFETY_STOP min_obstacle_distance=1.01m <= 1.2m
05:21:57.832 [AMR-03] STATE_TRANSITION EMERGENCY_STOP -> MOVING (intent=MOVE)
05:21:57.932 [AMR-03] STATE_TRANSITION MOVING -> EMERGENCY_STOP (intent=STOP)
05:21:57.932 [AMR-03] SAFETY_STOP min_obstacle_distance=1.04m <= 1.2m
05:21:58.033 [AMR-03] STATE_TRANSITION EMERGENCY_STOP -> MOVING (intent=MOVE)
05:21:58.134 [AMR-03] STATE_TRANSITION MOVING -> EMERGENCY_STOP (intent=STOP)
05:21:58.134 [AMR-03] SAFETY_STOP min_obstacle_distance=1.10m <= 1.2m
05:21:58.235 [AMR-03] STATE_TRANSITION EMERGENCY_STOP -> MOVING (intent=MOVE)
05:21:58.335 [AMR-03] STATE_TRANSITION MOVING -> EMERGENCY_STOP (intent=STOP)
05:21:58.335 [AMR-03] SAFETY_STOP min_obstacle_distance=1.07m <= 1.2m
05:21:58.436 [AMR-03] STATE_TRANSITION EMERGENCY_STOP -> MOVING (intent=MOVE)
05:21:58.536 [AMR-03] STATE_TRANSITION MOVING -> EMERGENCY_STOP (intent=STOP)
05:21:58.536 [AMR-03] SAFETY_STOP min_obstacle_distance=1.00m <= 1.2m
05:21:58.637 [AMR-03] STATE_TRANSITION EMERGENCY_STOP -> MOVING (intent=MOVE)
05:21:58.737 [AMR-03] STATE_TRANSITION MOVING -> EMERGENCY_STOP (intent=STOP)
05:21:58.737 [AMR-03] SAFETY_STOP min_obstacle_distance=1.01m <= 1.2m
05:21:58.838 [AMR-03] STATE_TRANSITION EMERGENCY_STOP -> MOVING (intent=MOVE)
05:21:58.938 [AMR-03] STATE_TRANSITION MOVING -> EMERGENCY_STOP (intent=STOP)
05:21:58.938 [AMR-03] SAFETY_STOP min_obstacle_distance=1.04m <= 1.2m
05:21:59.040 [AMR-03] STATE_TRANSITION EMERGENCY_STOP -> MOVING (intent=MOVE)
05:21:59.141 [AMR-03] STATE_TRANSITION MOVING -> EMERGENCY_STOP (intent=STOP)
05:21:59.141 [AMR-03] SAFETY_STOP min_obstacle_distance=1.10m <= 1.2m
05:21:59.242 [AMR-03] STATE_TRANSITION EMERGENCY_STOP -> MOVING (intent=MOVE)
05:21:59.342 [AMR-03] STATE_TRANSITION MOVING -> EMERGENCY_STOP (intent=STOP)
05:21:59.342 [AMR-03] SAFETY_STOP min_obstacle_distance=1.08m <= 1.2m
05:21:59.443 [AMR-03] STATE_TRANSITION EMERGENCY_STOP -> MOVING (intent=MOVE)
05:21:59.544 [AMR-03] STATE_TRANSITION MOVING -> EMERGENCY_STOP (intent=STOP)
05:21:59.544 [AMR-03] SAFETY_STOP min_obstacle_distance=1.00m <= 1.2m
05:21:59.644 [AMR-03] STATE_TRANSITION EMERGENCY_STOP -> MOVING (intent=MOVE)
05:21:59.744 [AMR-03] STATE_TRANSITION MOVING -> EMERGENCY_STOP (intent=STOP)
05:21:59.744 [AMR-03] SAFETY_STOP min_obstacle_distance=1.01m <= 1.2m
05:21:59.845 [AMR-03] STATE_TRANSITION EMERGENCY_STOP -> MOVING (intent=MOVE)
05:21:59.946 [AMR-03] STATE_TRANSITION MOVING -> EMERGENCY_STOP (intent=STOP)
05:21:59.946 [AMR-03] SAFETY_STOP min_obstacle_distance=1.04m <= 1.2m
05:22:00.046 [AMR-03] STATE_TRANSITION EMERGENCY_STOP -> MOVING (intent=MOVE)
05:22:00.146 [AMR-03] STATE_TRANSITION MOVING -> EMERGENCY_STOP (intent=STOP)
05:22:00.146 [AMR-03] SAFETY_STOP min_obstacle_distance=1.10m <= 1.2m
05:22:00.247 [AMR-03] STATE_TRANSITION EMERGENCY_STOP -> MOVING (intent=MOVE)
05:22:00.347 [AMR-03] STATE_TRANSITION MOVING -> EMERGENCY_STOP (intent=STOP)
05:22:00.347 [AMR-03] SAFETY_STOP min_obstacle_distance=1.08m <= 1.2m
05:22:00.447 [AMR-03] STATE_TRANSITION EMERGENCY_STOP -> MOVING (intent=MOVE)
05:22:00.548 [AMR-03] STATE_TRANSITION MOVING -> EMERGENCY_STOP (intent=STOP)
05:22:00.548 [AMR-03] SAFETY_STOP min_obstacle_distance=1.00m <= 1.2m
05:22:00.649 [AMR-03] STATE_TRANSITION EMERGENCY_STOP -> MOVING (intent=MOVE)
05:22:00.749 [AMR-03] STATE_TRANSITION MOVING -> EMERGENCY_STOP (intent=STOP)
05:22:00.750 [AMR-03] SAFETY_STOP min_obstacle_distance=1.01m <= 1.2m
05:22:00.850 [AMR-03] STATE_TRANSITION EMERGENCY_STOP -> MOVING (intent=MOVE)
05:22:00.951 [AMR-03] STATE_TRANSITION MOVING -> EMERGENCY_STOP (intent=STOP)
05:22:00.951 [AMR-03] SAFETY_STOP min_obstacle_distance=1.04m <= 1.2m
05:22:01.051 [AMR-03] STATE_TRANSITION EMERGENCY_STOP -> MOVING (intent=MOVE)
05:22:01.152 [AMR-03] STATE_TRANSITION MOVING -> EMERGENCY_STOP (intent=STOP)
05:22:01.152 [AMR-03] SAFETY_STOP min_obstacle_distance=1.10m <= 1.2m
05:22:01.252 [AMR-03] STATE_TRANSITION EMERGENCY_STOP -> MOVING (intent=MOVE)
05:22:01.353 [AMR-03] STATE_TRANSITION MOVING -> EMERGENCY_STOP (intent=STOP)
05:22:01.353 [AMR-03] SAFETY_STOP min_obstacle_distance=1.08m <= 1.2m
05:22:01.453 [AMR-03] STATE_TRANSITION EMERGENCY_STOP -> MOVING (intent=MOVE)
05:22:01.554 [AMR-03] STATE_TRANSITION MOVING -> EMERGENCY_STOP (intent=STOP)
05:22:01.554 [AMR-03] SAFETY_STOP min_obstacle_distance=1.00m <= 1.2m
05:22:01.655 [AMR-03] STATE_TRANSITION EMERGENCY_STOP -> MOVING (intent=MOVE)
05:22:01.756 [AMR-03] STATE_TRANSITION MOVING -> EMERGENCY_STOP (intent=STOP)
05:22:01.756 [AMR-03] SAFETY_STOP min_obstacle_distance=1.01m <= 1.2m
05:22:01.857 [AMR-03] STATE_TRANSITION EMERGENCY_STOP -> MOVING (intent=MOVE)
05:22:01.958 [AMR-03] STATE_TRANSITION MOVING -> EMERGENCY_STOP (intent=STOP)
05:22:01.958 [AMR-03] SAFETY_STOP min_obstacle_distance=1.04m <= 1.2m
05:22:02.059 [AMR-03] STATE_TRANSITION EMERGENCY_STOP -> MOVING (intent=MOVE)
05:22:02.159 [AMR-03] STATE_TRANSITION MOVING -> EMERGENCY_STOP (intent=STOP)
05:22:02.159 [AMR-03] SAFETY_STOP min_obstacle_distance=1.10m <= 1.2m
05:22:02.261 [AMR-03] STATE_TRANSITION EMERGENCY_STOP -> MOVING (intent=MOVE)
05:22:02.361 [AMR-03] STATE_TRANSITION MOVING -> EMERGENCY_STOP (intent=STOP)
05:22:02.361 [AMR-03] SAFETY_STOP min_obstacle_distance=1.07m <= 1.2m
05:22:02.462 [AMR-03] STATE_TRANSITION EMERGENCY_STOP -> MOVING (intent=MOVE)
05:22:02.563 [AMR-03] STATE_TRANSITION MOVING -> EMERGENCY_STOP (intent=STOP)
05:22:02.563 [AMR-03] SAFETY_STOP min_obstacle_distance=1.00m <= 1.2m
05:22:02.664 [AMR-03] STATE_TRANSITION EMERGENCY_STOP -> MOVING (intent=MOVE)
05:22:02.764 [AMR-03] STATE_TRANSITION MOVING -> EMERGENCY_STOP (intent=STOP)
05:22:02.764 [AMR-03] SAFETY_STOP min_obstacle_distance=1.01m <= 1.2m
05:22:02.864 [AMR-03] STATE_TRANSITION EMERGENCY_STOP -> MOVING (intent=MOVE)
05:22:02.966 [AMR-03] STATE_TRANSITION MOVING -> EMERGENCY_STOP (intent=STOP)
05:22:02.966 [AMR-03] SAFETY_STOP min_obstacle_distance=1.04m <= 1.2m
05:22:03.067 [AMR-03] STATE_TRANSITION EMERGENCY_STOP -> MOVING (intent=MOVE)
05:22:03.169 [AMR-03] STATE_TRANSITION MOVING -> EMERGENCY_STOP (intent=STOP)
05:22:03.169 [AMR-03] SAFETY_STOP min_obstacle_distance=1.10m <= 1.2m
05:22:03.271 [AMR-03] STATE_TRANSITION EMERGENCY_STOP -> MOVING (intent=MOVE)
05:22:03.372 [AMR-03] STATE_TRANSITION MOVING -> EMERGENCY_STOP (intent=STOP)
05:22:03.372 [AMR-03] SAFETY_STOP min_obstacle_distance=1.07m <= 1.2m
05:22:03.473 [AMR-03] STATE_TRANSITION EMERGENCY_STOP -> MOVING (intent=MOVE)
05:22:03.574 [AMR-03] STATE_TRANSITION MOVING -> EMERGENCY_STOP (intent=STOP)
05:22:03.574 [AMR-03] SAFETY_STOP min_obstacle_distance=1.01m <= 1.2m
05:22:03.675 [AMR-03] STATE_TRANSITION EMERGENCY_STOP -> MOVING (intent=MOVE)
05:22:03.776 [AMR-03] STATE_TRANSITION MOVING -> EMERGENCY_STOP (intent=STOP)
05:22:03.776 [AMR-03] SAFETY_STOP min_obstacle_distance=1.04m <= 1.2m
05:22:03.877 [AMR-03] STATE_TRANSITION EMERGENCY_STOP -> MOVING (intent=MOVE)
05:22:03.978 [AMR-03] STATE_TRANSITION MOVING -> EMERGENCY_STOP (intent=STOP)
05:22:03.978 [AMR-03] SAFETY_STOP min_obstacle_distance=1.10m <= 1.2m
05:22:04.080 [AMR-03] STATE_TRANSITION EMERGENCY_STOP -> MOVING (intent=MOVE)
05:22:04.181 [AMR-03] STATE_TRANSITION MOVING -> EMERGENCY_STOP (intent=STOP)
05:22:04.181 [AMR-03] SAFETY_STOP min_obstacle_distance=1.07m <= 1.2m
05:22:04.284 [AMR-03] STATE_TRANSITION EMERGENCY_STOP -> MOVING (intent=MOVE)
05:22:04.384 [AMR-03] STATE_TRANSITION MOVING -> EMERGENCY_STOP (intent=STOP)
05:22:04.384 [AMR-03] SAFETY_STOP min_obstacle_distance=1.03m <= 1.2m
05:22:04.485 [AMR-03] STATE_TRANSITION EMERGENCY_STOP -> MOVING (intent=MOVE)
05:22:04.586 [AMR-03] STATE_TRANSITION MOVING -> EMERGENCY_STOP (intent=STOP)
05:22:04.586 [AMR-03] SAFETY_STOP min_obstacle_distance=1.01m <= 1.2m
05:22:04.686 [AMR-03] STATE_TRANSITION EMERGENCY_STOP -> MOVING (intent=MOVE)
05:22:04.787 [AMR-03] STATE_TRANSITION MOVING -> EMERGENCY_STOP (intent=STOP)
05:22:04.787 [AMR-03] SAFETY_STOP min_obstacle_distance=1.04m <= 1.2m
05:22:04.888 [AMR-03] STATE_TRANSITION EMERGENCY_STOP -> MOVING (intent=MOVE)
05:22:04.989 [AMR-03] STATE_TRANSITION MOVING -> EMERGENCY_STOP (intent=STOP)
05:22:04.989 [AMR-03] SAFETY_STOP min_obstacle_distance=1.10m <= 1.2m
05:22:05.090 [AMR-03] STATE_TRANSITION EMERGENCY_STOP -> MOVING (intent=MOVE)
05:22:05.190 [AMR-03] STATE_TRANSITION MOVING -> EMERGENCY_STOP (intent=STOP)
05:22:05.190 [AMR-03] SAFETY_STOP min_obstacle_distance=1.08m <= 1.2m
05:22:05.291 [AMR-03] STATE_TRANSITION EMERGENCY_STOP -> MOVING (intent=MOVE)
05:22:05.391 [AMR-03] STATE_TRANSITION MOVING -> EMERGENCY_STOP (intent=STOP)
05:22:05.391 [AMR-03] SAFETY_STOP min_obstacle_distance=1.03m <= 1.2m
05:22:05.492 [AMR-03] STATE_TRANSITION EMERGENCY_STOP -> MOVING (intent=MOVE)
05:22:05.593 [AMR-03] STATE_TRANSITION MOVING -> EMERGENCY_STOP (intent=STOP)
05:22:05.593 [AMR-03] SAFETY_STOP min_obstacle_distance=1.01m <= 1.2m
05:22:05.694 [AMR-03] STATE_TRANSITION EMERGENCY_STOP -> MOVING (intent=MOVE)
05:22:05.794 [AMR-03] STATE_TRANSITION MOVING -> EMERGENCY_STOP (intent=STOP)
05:22:05.794 [AMR-03] SAFETY_STOP min_obstacle_distance=1.04m <= 1.2m
05:22:05.895 [AMR-03] STATE_TRANSITION EMERGENCY_STOP -> MOVING (intent=MOVE)
05:22:05.996 [AMR-03] STATE_TRANSITION MOVING -> EMERGENCY_STOP (intent=STOP)
05:22:05.996 [AMR-03] SAFETY_STOP min_obstacle_distance=1.10m <= 1.2m
05:22:06.097 [AMR-03] STATE_TRANSITION EMERGENCY_STOP -> MOVING (intent=MOVE)
05:22:06.197 [AMR-03] STATE_TRANSITION MOVING -> EMERGENCY_STOP (intent=STOP)
05:22:06.197 [AMR-03] SAFETY_STOP min_obstacle_distance=1.08m <= 1.2m
05:22:06.298 [AMR-03] STATE_TRANSITION EMERGENCY_STOP -> MOVING (intent=MOVE)
05:22:06.399 [AMR-03] STATE_TRANSITION MOVING -> EMERGENCY_STOP (intent=STOP)
05:22:06.399 [AMR-03] SAFETY_STOP min_obstacle_distance=1.03m <= 1.2m
05:22:06.499 [AMR-03] STATE_TRANSITION EMERGENCY_STOP -> MOVING (intent=MOVE)
05:22:06.599 [AMR-03] STATE_TRANSITION MOVING -> EMERGENCY_STOP (intent=STOP)
05:22:06.600 [AMR-03] SAFETY_STOP min_obstacle_distance=1.01m <= 1.2m
05:22:06.700 [AMR-03] STATE_TRANSITION EMERGENCY_STOP -> MOVING (intent=MOVE)
05:22:06.800 [AMR-03] STATE_TRANSITION MOVING -> EMERGENCY_STOP (intent=STOP)
05:22:06.800 [AMR-03] SAFETY_STOP min_obstacle_distance=1.04m <= 1.2m
05:22:06.900 [AMR-03] STATE_TRANSITION EMERGENCY_STOP -> MOVING (intent=MOVE)
05:22:07.001 [AMR-03] STATE_TRANSITION MOVING -> EMERGENCY_STOP (intent=STOP)
05:22:07.001 [AMR-03] SAFETY_STOP min_obstacle_distance=1.10m <= 1.2m
05:22:07.102 [AMR-03] STATE_TRANSITION EMERGENCY_STOP -> MOVING (intent=MOVE)
05:22:07.203 [AMR-03] STATE_TRANSITION MOVING -> EMERGENCY_STOP (intent=STOP)
05:22:07.203 [AMR-03] SAFETY_STOP min_obstacle_distance=1.08m <= 1.2m
05:22:07.304 [AMR-03] STATE_TRANSITION EMERGENCY_STOP -> MOVING (intent=MOVE)
05:22:07.404 [AMR-03] STATE_TRANSITION MOVING -> EMERGENCY_STOP (intent=STOP)
05:22:07.404 [AMR-03] SAFETY_STOP min_obstacle_distance=1.03m <= 1.2m
05:22:07.505 [AMR-03] STATE_TRANSITION EMERGENCY_STOP -> MOVING (intent=MOVE)
05:22:07.606 [AMR-03] STATE_TRANSITION MOVING -> EMERGENCY_STOP (intent=STOP)
05:22:07.606 [AMR-03] SAFETY_STOP min_obstacle_distance=1.01m <= 1.2m
05:22:07.707 [AMR-03] STATE_TRANSITION EMERGENCY_STOP -> MOVING (intent=MOVE)
05:22:07.808 [AMR-03] STATE_TRANSITION MOVING -> EMERGENCY_STOP (intent=STOP)
05:22:07.808 [AMR-03] SAFETY_STOP min_obstacle_distance=1.04m <= 1.2m
05:22:07.908 [AMR-03] STATE_TRANSITION EMERGENCY_STOP -> MOVING (intent=MOVE)
05:22:08.009 [AMR-03] STATE_TRANSITION MOVING -> EMERGENCY_STOP (intent=STOP)
05:22:08.009 [AMR-03] SAFETY_STOP min_obstacle_distance=1.10m <= 1.2m
05:22:08.112 [AMR-03] STATE_TRANSITION EMERGENCY_STOP -> MOVING (intent=MOVE)
05:22:08.212 [AMR-03] STATE_TRANSITION MOVING -> EMERGENCY_STOP (intent=STOP)
05:22:08.212 [AMR-03] SAFETY_STOP min_obstacle_distance=1.07m <= 1.2m
05:22:08.312 [AMR-03] STATE_TRANSITION EMERGENCY_STOP -> MOVING (intent=MOVE)
05:22:08.413 [AMR-03] STATE_TRANSITION MOVING -> EMERGENCY_STOP (intent=STOP)
05:22:08.413 [AMR-03] SAFETY_STOP min_obstacle_distance=1.03m <= 1.2m
05:22:08.514 [AMR-03] STATE_TRANSITION EMERGENCY_STOP -> MOVING (intent=MOVE)
05:22:08.615 [AMR-03] STATE_TRANSITION MOVING -> EMERGENCY_STOP (intent=STOP)
05:22:08.615 [AMR-03] SAFETY_STOP min_obstacle_distance=1.01m <= 1.2m
05:22:08.715 [AMR-03] STATE_TRANSITION EMERGENCY_STOP -> MOVING (intent=MOVE)
05:22:08.815 [AMR-03] STATE_TRANSITION MOVING -> EMERGENCY_STOP (intent=STOP)
05:22:08.815 [AMR-03] SAFETY_STOP min_obstacle_distance=1.04m <= 1.2m
05:22:08.916 [AMR-03] STATE_TRANSITION EMERGENCY_STOP -> MOVING (intent=MOVE)
05:22:09.016 [AMR-03] STATE_TRANSITION MOVING -> EMERGENCY_STOP (intent=STOP)
05:22:09.016 [AMR-03] SAFETY_STOP min_obstacle_distance=1.10m <= 1.2m
05:22:09.117 [AMR-03] STATE_TRANSITION EMERGENCY_STOP -> MOVING (intent=MOVE)
05:22:09.217 [AMR-03] STATE_TRANSITION MOVING -> EMERGENCY_STOP (intent=STOP)
05:22:09.217 [AMR-03] SAFETY_STOP min_obstacle_distance=1.08m <= 1.2m
05:22:09.318 [AMR-03] STATE_TRANSITION EMERGENCY_STOP -> MOVING (intent=MOVE)
05:22:09.420 [AMR-03] STATE_TRANSITION MOVING -> EMERGENCY_STOP (intent=STOP)
05:22:09.420 [AMR-03] SAFETY_STOP min_obstacle_distance=1.03m <= 1.2m
05:22:09.520 [AMR-03] STATE_TRANSITION EMERGENCY_STOP -> MOVING (intent=MOVE)
05:22:09.620 [AMR-03] STATE_TRANSITION MOVING -> EMERGENCY_STOP (intent=STOP)
05:22:09.620 [AMR-03] SAFETY_STOP min_obstacle_distance=1.01m <= 1.2m
05:22:09.721 [AMR-03] STATE_TRANSITION EMERGENCY_STOP -> MOVING (intent=MOVE)
05:22:09.821 [AMR-03] STATE_TRANSITION MOVING -> EMERGENCY_STOP (intent=STOP)
05:22:09.821 [AMR-03] SAFETY_STOP min_obstacle_distance=1.04m <= 1.2m
05:22:09.921 [AMR-03] STATE_TRANSITION EMERGENCY_STOP -> MOVING (intent=MOVE)
05:22:10.022 [AMR-03] STATE_TRANSITION MOVING -> EMERGENCY_STOP (intent=STOP)
05:22:10.022 [AMR-03] SAFETY_STOP min_obstacle_distance=1.10m <= 1.2m
05:22:10.122 [AMR-03] STATE_TRANSITION EMERGENCY_STOP -> MOVING (intent=MOVE)
05:22:10.222 [AMR-03] STATE_TRANSITION MOVING -> EMERGENCY_STOP (intent=STOP)
05:22:10.222 [AMR-03] SAFETY_STOP min_obstacle_distance=1.08m <= 1.2m
05:22:10.323 [AMR-03] STATE_TRANSITION EMERGENCY_STOP -> MOVING (intent=MOVE)
05:22:10.424 [AMR-03] STATE_TRANSITION MOVING -> EMERGENCY_STOP (intent=STOP)
05:22:10.424 [AMR-03] SAFETY_STOP min_obstacle_distance=1.03m <= 1.2m
05:22:10.525 [AMR-03] STATE_TRANSITION EMERGENCY_STOP -> MOVING (intent=MOVE)
05:22:10.625 [AMR-03] STATE_TRANSITION MOVING -> EMERGENCY_STOP (intent=STOP)
05:22:10.625 [AMR-03] SAFETY_STOP min_obstacle_distance=1.01m <= 1.2m
05:22:10.725 [AMR-03] STATE_TRANSITION EMERGENCY_STOP -> MOVING (intent=MOVE)
05:22:10.826 [AMR-03] STATE_TRANSITION MOVING -> EMERGENCY_STOP (intent=STOP)
05:22:10.826 [AMR-03] SAFETY_STOP min_obstacle_distance=1.04m <= 1.2m
05:22:10.926 [AMR-03] STATE_TRANSITION EMERGENCY_STOP -> MOVING (intent=MOVE)
05:22:11.027 [AMR-03] STATE_TRANSITION MOVING -> EMERGENCY_STOP (intent=STOP)
05:22:11.027 [AMR-03] SAFETY_STOP min_obstacle_distance=1.10m <= 1.2m
05:22:11.127 [AMR-03] STATE_TRANSITION EMERGENCY_STOP -> MOVING (intent=MOVE)
05:22:11.228 [AMR-03] STATE_TRANSITION MOVING -> EMERGENCY_STOP (intent=STOP)
05:22:11.228 [AMR-03] SAFETY_STOP min_obstacle_distance=1.08m <= 1.2m
05:22:11.328 [AMR-03] STATE_TRANSITION EMERGENCY_STOP -> MOVING (intent=MOVE)
05:22:11.429 [AMR-03] STATE_TRANSITION MOVING -> EMERGENCY_STOP (intent=STOP)
05:22:11.429 [AMR-03] SAFETY_STOP min_obstacle_distance=1.03m <= 1.2m
05:22:11.529 [AMR-03] STATE_TRANSITION EMERGENCY_STOP -> MOVING (intent=MOVE)
05:22:11.630 [AMR-03] STATE_TRANSITION MOVING -> EMERGENCY_STOP (intent=STOP)
05:22:11.630 [AMR-03] SAFETY_STOP min_obstacle_distance=1.01m <= 1.2m
05:22:11.730 [AMR-03] STATE_TRANSITION EMERGENCY_STOP -> MOVING (intent=MOVE)
05:22:11.831 [AMR-03] STATE_TRANSITION MOVING -> EMERGENCY_STOP (intent=STOP)
05:22:11.831 [AMR-03] SAFETY_STOP min_obstacle_distance=1.04m <= 1.2m
05:22:11.931 [AMR-03] STATE_TRANSITION EMERGENCY_STOP -> MOVING (intent=MOVE)
05:22:12.031 [AMR-03] STATE_TRANSITION MOVING -> EMERGENCY_STOP (intent=STOP)
05:22:12.032 [AMR-03] SAFETY_STOP min_obstacle_distance=1.10m <= 1.2m
05:22:12.132 [AMR-03] STATE_TRANSITION EMERGENCY_STOP -> MOVING (intent=MOVE)
05:22:12.233 [AMR-03] STATE_TRANSITION MOVING -> EMERGENCY_STOP (intent=STOP)
05:22:12.233 [AMR-03] SAFETY_STOP min_obstacle_distance=1.08m <= 1.2m
05:22:12.334 [AMR-03] STATE_TRANSITION EMERGENCY_STOP -> MOVING (intent=MOVE)
05:22:12.435 [AMR-03] STATE_TRANSITION MOVING -> EMERGENCY_STOP (intent=STOP)
05:22:12.435 [AMR-03] SAFETY_STOP min_obstacle_distance=1.03m <= 1.2m
05:22:12.535 [AMR-03] STATE_TRANSITION EMERGENCY_STOP -> MOVING (intent=MOVE)
05:22:12.636 [AMR-03] STATE_TRANSITION MOVING -> EMERGENCY_STOP (intent=STOP)
05:22:12.636 [AMR-03] SAFETY_STOP min_obstacle_distance=1.01m <= 1.2m
05:22:12.736 [AMR-03] STATE_TRANSITION EMERGENCY_STOP -> MOVING (intent=MOVE)
05:22:12.838 [AMR-03] STATE_TRANSITION MOVING -> EMERGENCY_STOP (intent=STOP)
05:22:12.838 [AMR-03] SAFETY_STOP min_obstacle_distance=1.04m <= 1.2m
05:22:12.938 [AMR-03] STATE_TRANSITION EMERGENCY_STOP -> MOVING (intent=MOVE)
05:22:13.039 [AMR-03] STATE_TRANSITION MOVING -> EMERGENCY_STOP (intent=STOP)
05:22:13.039 [AMR-03] SAFETY_STOP min_obstacle_distance=1.10m <= 1.2m
05:22:13.141 [AMR-03] STATE_TRANSITION EMERGENCY_STOP -> MOVING (intent=MOVE)
05:22:13.241 [AMR-03] STATE_TRANSITION MOVING -> EMERGENCY_STOP (intent=STOP)
05:22:13.241 [AMR-03] SAFETY_STOP min_obstacle_distance=1.08m <= 1.2m
05:22:13.342 [AMR-03] STATE_TRANSITION EMERGENCY_STOP -> MOVING (intent=MOVE)
05:22:13.442 [AMR-03] STATE_TRANSITION MOVING -> EMERGENCY_STOP (intent=STOP)
05:22:13.442 [AMR-03] SAFETY_STOP min_obstacle_distance=1.03m <= 1.2m
05:22:13.542 [AMR-03] STATE_TRANSITION EMERGENCY_STOP -> MOVING (intent=MOVE)
05:22:13.644 [AMR-03] STATE_TRANSITION MOVING -> EMERGENCY_STOP (intent=STOP)
05:22:13.644 [AMR-03] SAFETY_STOP min_obstacle_distance=1.01m <= 1.2m
05:22:13.744 [AMR-03] STATE_TRANSITION EMERGENCY_STOP -> MOVING (intent=MOVE)
05:22:13.845 [AMR-03] STATE_TRANSITION MOVING -> EMERGENCY_STOP (intent=STOP)
05:22:13.846 [AMR-03] SAFETY_STOP min_obstacle_distance=1.04m <= 1.2m
05:22:13.946 [AMR-03] STATE_TRANSITION EMERGENCY_STOP -> MOVING (intent=MOVE)
05:22:14.046 [AMR-03] STATE_TRANSITION MOVING -> EMERGENCY_STOP (intent=STOP)
05:22:14.046 [AMR-03] SAFETY_STOP min_obstacle_distance=1.10m <= 1.2m
05:22:14.147 [AMR-03] STATE_TRANSITION EMERGENCY_STOP -> MOVING (intent=MOVE)
05:22:14.247 [AMR-03] STATE_TRANSITION MOVING -> EMERGENCY_STOP (intent=STOP)
05:22:14.247 [AMR-03] SAFETY_STOP min_obstacle_distance=1.08m <= 1.2m
05:22:14.348 [AMR-03] STATE_TRANSITION EMERGENCY_STOP -> MOVING (intent=MOVE)
05:22:14.449 [AMR-03] STATE_TRANSITION MOVING -> EMERGENCY_STOP (intent=STOP)
05:22:14.449 [AMR-03] SAFETY_STOP min_obstacle_distance=1.03m <= 1.2m
05:22:14.550 [AMR-03] STATE_TRANSITION EMERGENCY_STOP -> MOVING (intent=MOVE)
05:22:14.650 [AMR-03] STATE_TRANSITION MOVING -> EMERGENCY_STOP (intent=STOP)
05:22:14.650 [AMR-03] SAFETY_STOP min_obstacle_distance=1.01m <= 1.2m
05:22:14.751 [AMR-03] STATE_TRANSITION EMERGENCY_STOP -> MOVING (intent=MOVE)
05:22:14.851 [AMR-03] STATE_TRANSITION MOVING -> EMERGENCY_STOP (intent=STOP)
05:22:14.852 [AMR-03] SAFETY_STOP min_obstacle_distance=1.04m <= 1.2m
05:22:14.952 [AMR-03] STATE_TRANSITION EMERGENCY_STOP -> MOVING (intent=MOVE)
05:22:15.052 [AMR-03] STATE_TRANSITION MOVING -> EMERGENCY_STOP (intent=STOP)
05:22:15.052 [AMR-03] SAFETY_STOP min_obstacle_distance=1.10m <= 1.2m
05:22:15.153 [AMR-03] STATE_TRANSITION EMERGENCY_STOP -> MOVING (intent=MOVE)
05:22:15.253 [AMR-03] STATE_TRANSITION MOVING -> EMERGENCY_STOP (intent=STOP)
05:22:15.253 [AMR-03] SAFETY_STOP min_obstacle_distance=1.08m <= 1.2m
05:22:15.354 [AMR-03] STATE_TRANSITION EMERGENCY_STOP -> MOVING (intent=MOVE)
05:22:15.455 [AMR-03] STATE_TRANSITION MOVING -> EMERGENCY_STOP (intent=STOP)
05:22:15.455 [AMR-03] SAFETY_STOP min_obstacle_distance=1.03m <= 1.2m
05:22:15.556 [AMR-03] STATE_TRANSITION EMERGENCY_STOP -> MOVING (intent=MOVE)
05:22:15.656 [AMR-03] STATE_TRANSITION MOVING -> EMERGENCY_STOP (intent=STOP)
05:22:15.656 [AMR-03] SAFETY_STOP min_obstacle_distance=1.01m <= 1.2m
05:22:15.757 [AMR-03] STATE_TRANSITION EMERGENCY_STOP -> MOVING (intent=MOVE)
05:22:15.858 [AMR-03] STATE_TRANSITION MOVING -> EMERGENCY_STOP (intent=STOP)
05:22:15.858 [AMR-03] SAFETY_STOP min_obstacle_distance=1.04m <= 1.2m
05:22:15.959 [AMR-03] STATE_TRANSITION EMERGENCY_STOP -> MOVING (intent=MOVE)
05:22:16.060 [AMR-03] STATE_TRANSITION MOVING -> EMERGENCY_STOP (intent=STOP)
05:22:16.060 [AMR-03] SAFETY_STOP min_obstacle_distance=1.10m <= 1.2m
05:22:16.161 [AMR-03] STATE_TRANSITION EMERGENCY_STOP -> MOVING (intent=MOVE)
05:22:16.261 [AMR-03] STATE_TRANSITION MOVING -> EMERGENCY_STOP (intent=STOP)
05:22:16.261 [AMR-03] SAFETY_STOP min_obstacle_distance=1.08m <= 1.2m
05:22:16.362 [AMR-03] STATE_TRANSITION EMERGENCY_STOP -> MOVING (intent=MOVE)
05:22:16.463 [AMR-03] STATE_TRANSITION MOVING -> EMERGENCY_STOP (intent=STOP)
05:22:16.463 [AMR-03] SAFETY_STOP min_obstacle_distance=1.03m <= 1.2m
05:22:16.563 [AMR-03] STATE_TRANSITION EMERGENCY_STOP -> MOVING (intent=MOVE)
05:22:16.664 [AMR-03] STATE_TRANSITION MOVING -> EMERGENCY_STOP (intent=STOP)
05:22:16.664 [AMR-03] SAFETY_STOP min_obstacle_distance=1.01m <= 1.2m
05:22:16.765 [AMR-03] STATE_TRANSITION EMERGENCY_STOP -> MOVING (intent=MOVE)
05:22:16.866 [AMR-03] STATE_TRANSITION MOVING -> EMERGENCY_STOP (intent=STOP)
05:22:16.867 [AMR-03] SAFETY_STOP min_obstacle_distance=1.04m <= 1.2m
05:22:16.966 [AMR-03] STATE_TRANSITION EMERGENCY_STOP -> MOVING (intent=MOVE)
05:22:17.066 [AMR-03] STATE_TRANSITION MOVING -> EMERGENCY_STOP (intent=STOP)
05:22:17.066 [AMR-03] SAFETY_STOP min_obstacle_distance=1.10m <= 1.2m
05:22:17.166 [AMR-03] STATE_TRANSITION EMERGENCY_STOP -> MOVING (intent=MOVE)
05:22:17.267 [AMR-03] STATE_TRANSITION MOVING -> EMERGENCY_STOP (intent=STOP)
05:22:17.267 [AMR-03] SAFETY_STOP min_obstacle_distance=1.08m <= 1.2m
05:22:17.368 [AMR-03] STATE_TRANSITION EMERGENCY_STOP -> MOVING (intent=MOVE)
05:22:17.468 [AMR-03] STATE_TRANSITION MOVING -> EMERGENCY_STOP (intent=STOP)
05:22:17.468 [AMR-03] SAFETY_STOP min_obstacle_distance=1.03m <= 1.2m
05:22:17.568 [AMR-03] STATE_TRANSITION EMERGENCY_STOP -> MOVING (intent=MOVE)
05:22:17.669 [AMR-03] STATE_TRANSITION MOVING -> EMERGENCY_STOP (intent=STOP)
05:22:17.669 [AMR-03] SAFETY_STOP min_obstacle_distance=1.01m <= 1.2m
05:22:17.770 [AMR-03] STATE_TRANSITION EMERGENCY_STOP -> MOVING (intent=MOVE)
05:22:17.871 [AMR-03] STATE_TRANSITION MOVING -> EMERGENCY_STOP (intent=STOP)
05:22:17.871 [AMR-03] SAFETY_STOP min_obstacle_distance=1.04m <= 1.2m
05:22:17.972 [AMR-03] STATE_TRANSITION EMERGENCY_STOP -> MOVING (intent=MOVE)
05:22:18.074 [AMR-03] STATE_TRANSITION MOVING -> EMERGENCY_STOP (intent=STOP)
05:22:18.074 [AMR-03] SAFETY_STOP min_obstacle_distance=1.10m <= 1.2m
05:22:18.175 [AMR-03] STATE_TRANSITION EMERGENCY_STOP -> MOVING (intent=MOVE)
05:22:18.276 [AMR-03] STATE_TRANSITION MOVING -> EMERGENCY_STOP (intent=STOP)
05:22:18.276 [AMR-03] SAFETY_STOP min_obstacle_distance=1.07m <= 1.2m
05:22:18.378 [AMR-03] STATE_TRANSITION EMERGENCY_STOP -> MOVING (intent=MOVE)
05:22:18.479 [AMR-03] STATE_TRANSITION MOVING -> EMERGENCY_STOP (intent=STOP)
05:22:18.479 [AMR-03] SAFETY_STOP min_obstacle_distance=1.03m <= 1.2m
05:22:18.579 [AMR-03] STATE_TRANSITION EMERGENCY_STOP -> MOVING (intent=MOVE)
05:22:18.681 [AMR-03] STATE_TRANSITION MOVING -> EMERGENCY_STOP (intent=STOP)
05:22:18.681 [AMR-03] SAFETY_STOP min_obstacle_distance=1.01m <= 1.2m
05:22:18.783 [AMR-03] STATE_TRANSITION EMERGENCY_STOP -> MOVING (intent=MOVE)
05:22:18.884 [AMR-03] STATE_TRANSITION MOVING -> EMERGENCY_STOP (intent=STOP)
05:22:18.884 [AMR-03] SAFETY_STOP min_obstacle_distance=1.05m <= 1.2m
05:22:18.985 [AMR-03] STATE_TRANSITION EMERGENCY_STOP -> MOVING (intent=MOVE)
05:22:19.087 [AMR-03] STATE_TRANSITION MOVING -> EMERGENCY_STOP (intent=STOP)
05:22:19.087 [AMR-03] SAFETY_STOP min_obstacle_distance=1.10m <= 1.2m
05:22:19.188 [AMR-03] STATE_TRANSITION EMERGENCY_STOP -> MOVING (intent=MOVE)
05:22:19.289 [AMR-03] STATE_TRANSITION MOVING -> EMERGENCY_STOP (intent=STOP)
05:22:19.290 [AMR-03] SAFETY_STOP min_obstacle_distance=1.07m <= 1.2m
05:22:19.390 [AMR-03] STATE_TRANSITION EMERGENCY_STOP -> MOVING (intent=MOVE)
05:22:19.491 [AMR-03] STATE_TRANSITION MOVING -> EMERGENCY_STOP (intent=STOP)
05:22:19.491 [AMR-03] SAFETY_STOP min_obstacle_distance=1.00m <= 1.2m
05:22:19.592 [AMR-03] STATE_TRANSITION EMERGENCY_STOP -> MOVING (intent=MOVE)
05:22:19.693 [AMR-03] STATE_TRANSITION MOVING -> EMERGENCY_STOP (intent=STOP)
05:22:19.693 [AMR-03] SAFETY_STOP min_obstacle_distance=1.01m <= 1.2m
05:22:19.795 [AMR-03] STATE_TRANSITION EMERGENCY_STOP -> MOVING (intent=MOVE)
05:22:19.896 [AMR-03] STATE_TRANSITION MOVING -> EMERGENCY_STOP (intent=STOP)
05:22:19.896 [AMR-03] SAFETY_STOP min_obstacle_distance=1.05m <= 1.2m
05:22:19.997 [AMR-03] STATE_TRANSITION EMERGENCY_STOP -> MOVING (intent=MOVE)
05:22:20.100 [AMR-03] STATE_TRANSITION MOVING -> EMERGENCY_STOP (intent=STOP)
05:22:20.100 [AMR-03] SAFETY_STOP min_obstacle_distance=1.10m <= 1.2m
05:22:20.201 [AMR-03] STATE_TRANSITION EMERGENCY_STOP -> MOVING (intent=MOVE)
05:22:20.302 [AMR-03] STATE_TRANSITION MOVING -> EMERGENCY_STOP (intent=STOP)
05:22:20.302 [AMR-03] SAFETY_STOP min_obstacle_distance=1.07m <= 1.2m
05:22:20.403 [AMR-03] STATE_TRANSITION EMERGENCY_STOP -> MOVING (intent=MOVE)
05:22:20.503 [AMR-03] STATE_TRANSITION MOVING -> EMERGENCY_STOP (intent=STOP)
05:22:20.503 [AMR-03] SAFETY_STOP min_obstacle_distance=1.00m <= 1.2m
05:22:20.603 [AMR-03] STATE_TRANSITION EMERGENCY_STOP -> MOVING (intent=MOVE)
05:22:20.704 [AMR-03] STATE_TRANSITION MOVING -> EMERGENCY_STOP (intent=STOP)
05:22:20.705 [AMR-03] SAFETY_STOP min_obstacle_distance=1.01m <= 1.2m
05:22:20.805 [AMR-03] STATE_TRANSITION EMERGENCY_STOP -> MOVING (intent=MOVE)
05:22:20.907 [AMR-03] STATE_TRANSITION MOVING -> EMERGENCY_STOP (intent=STOP)
05:22:20.907 [AMR-03] SAFETY_STOP min_obstacle_distance=1.04m <= 1.2m
05:22:21.008 [AMR-03] STATE_TRANSITION EMERGENCY_STOP -> MOVING (intent=MOVE)
05:22:21.108 [AMR-03] STATE_TRANSITION MOVING -> EMERGENCY_STOP (intent=STOP)
05:22:21.108 [AMR-03] SAFETY_STOP min_obstacle_distance=1.10m <= 1.2m
05:22:21.208 [AMR-03] STATE_TRANSITION EMERGENCY_STOP -> MOVING (intent=MOVE)
05:22:21.308 [AMR-03] STATE_TRANSITION MOVING -> EMERGENCY_STOP (intent=STOP)
05:22:21.309 [AMR-03] SAFETY_STOP min_obstacle_distance=1.08m <= 1.2m
05:22:21.409 [AMR-03] STATE_TRANSITION EMERGENCY_STOP -> MOVING (intent=MOVE)
05:22:21.509 [AMR-03] STATE_TRANSITION MOVING -> EMERGENCY_STOP (intent=STOP)
05:22:21.509 [AMR-03] SAFETY_STOP min_obstacle_distance=1.00m <= 1.2m
05:22:21.610 [AMR-03] STATE_TRANSITION EMERGENCY_STOP -> MOVING (intent=MOVE)
05:22:21.711 [AMR-03] STATE_TRANSITION MOVING -> EMERGENCY_STOP (intent=STOP)
05:22:21.711 [AMR-03] SAFETY_STOP min_obstacle_distance=1.01m <= 1.2m
05:22:21.812 [AMR-03] STATE_TRANSITION EMERGENCY_STOP -> MOVING (intent=MOVE)
05:22:21.913 [AMR-03] STATE_TRANSITION MOVING -> EMERGENCY_STOP (intent=STOP)
05:22:21.913 [AMR-03] SAFETY_STOP min_obstacle_distance=1.04m <= 1.2m
05:22:22.013 [AMR-03] STATE_TRANSITION EMERGENCY_STOP -> MOVING (intent=MOVE)
05:22:22.114 [AMR-03] STATE_TRANSITION MOVING -> EMERGENCY_STOP (intent=STOP)
05:22:22.115 [AMR-03] SAFETY_STOP min_obstacle_distance=1.10m <= 1.2m
05:22:22.216 [AMR-03] STATE_TRANSITION EMERGENCY_STOP -> MOVING (intent=MOVE)
05:22:22.316 [AMR-03] STATE_TRANSITION MOVING -> EMERGENCY_STOP (intent=STOP)
05:22:22.316 [AMR-03] SAFETY_STOP min_obstacle_distance=1.08m <= 1.2m
05:22:22.417 [AMR-03] STATE_TRANSITION EMERGENCY_STOP -> MOVING (intent=MOVE)
05:22:22.517 [AMR-03] STATE_TRANSITION MOVING -> EMERGENCY_STOP (intent=STOP)
05:22:22.517 [AMR-03] SAFETY_STOP min_obstacle_distance=1.00m <= 1.2m
05:22:22.617 [AMR-03] STATE_TRANSITION EMERGENCY_STOP -> MOVING (intent=MOVE)
05:22:22.718 [AMR-03] STATE_TRANSITION MOVING -> EMERGENCY_STOP (intent=STOP)
05:22:22.718 [AMR-03] SAFETY_STOP min_obstacle_distance=1.01m <= 1.2m
05:22:22.819 [AMR-03] STATE_TRANSITION EMERGENCY_STOP -> MOVING (intent=MOVE)
05:22:22.919 [AMR-03] STATE_TRANSITION MOVING -> EMERGENCY_STOP (intent=STOP)
05:22:22.919 [AMR-03] SAFETY_STOP min_obstacle_distance=1.04m <= 1.2m
05:22:23.020 [AMR-03] STATE_TRANSITION EMERGENCY_STOP -> MOVING (intent=MOVE)
05:22:23.120 [AMR-03] STATE_TRANSITION MOVING -> EMERGENCY_STOP (intent=STOP)
05:22:23.120 [AMR-03] SAFETY_STOP min_obstacle_distance=1.10m <= 1.2m
05:22:23.221 [AMR-03] STATE_TRANSITION EMERGENCY_STOP -> MOVING (intent=MOVE)
05:22:23.321 [AMR-03] STATE_TRANSITION MOVING -> EMERGENCY_STOP (intent=STOP)
05:22:23.321 [AMR-03] SAFETY_STOP min_obstacle_distance=1.08m <= 1.2m
05:22:23.421 [AMR-03] STATE_TRANSITION EMERGENCY_STOP -> MOVING (intent=MOVE)
05:22:23.522 [AMR-03] STATE_TRANSITION MOVING -> EMERGENCY_STOP (intent=STOP)
05:22:23.522 [AMR-03] SAFETY_STOP min_obstacle_distance=1.00m <= 1.2m
05:22:23.623 [AMR-03] STATE_TRANSITION EMERGENCY_STOP -> MOVING (intent=MOVE)
05:22:23.724 [AMR-03] STATE_TRANSITION MOVING -> EMERGENCY_STOP (intent=STOP)
05:22:23.724 [AMR-03] SAFETY_STOP min_obstacle_distance=1.01m <= 1.2m
05:22:23.824 [AMR-03] STATE_TRANSITION EMERGENCY_STOP -> MOVING (intent=MOVE)
05:22:23.925 [AMR-03] STATE_TRANSITION MOVING -> EMERGENCY_STOP (intent=STOP)
05:22:23.925 [AMR-03] SAFETY_STOP min_obstacle_distance=1.04m <= 1.2m
05:22:24.025 [AMR-03] STATE_TRANSITION EMERGENCY_STOP -> MOVING (intent=MOVE)
05:22:24.126 [AMR-03] STATE_TRANSITION MOVING -> EMERGENCY_STOP (intent=STOP)
05:22:24.126 [AMR-03] SAFETY_STOP min_obstacle_distance=1.10m <= 1.2m
05:22:24.227 [AMR-03] STATE_TRANSITION EMERGENCY_STOP -> MOVING (intent=MOVE)
05:22:24.328 [AMR-03] STATE_TRANSITION MOVING -> EMERGENCY_STOP (intent=STOP)
05:22:24.328 [AMR-03] SAFETY_STOP min_obstacle_distance=1.08m <= 1.2m
05:22:24.431 [AMR-03] STATE_TRANSITION EMERGENCY_STOP -> MOVING (intent=MOVE)
05:22:24.532 [AMR-03] STATE_TRANSITION MOVING -> EMERGENCY_STOP (intent=STOP)
05:22:24.532 [AMR-03] SAFETY_STOP min_obstacle_distance=1.00m <= 1.2m
05:22:24.633 [AMR-03] STATE_TRANSITION EMERGENCY_STOP -> MOVING (intent=MOVE)
05:22:24.733 [AMR-03] STATE_TRANSITION MOVING -> EMERGENCY_STOP (intent=STOP)
05:22:24.733 [AMR-03] SAFETY_STOP min_obstacle_distance=1.01m <= 1.2m
05:22:24.834 [AMR-03] STATE_TRANSITION EMERGENCY_STOP -> MOVING (intent=MOVE)
05:22:24.935 [AMR-03] STATE_TRANSITION MOVING -> EMERGENCY_STOP (intent=STOP)
05:22:24.935 [AMR-03] SAFETY_STOP min_obstacle_distance=1.04m <= 1.2m
05:22:25.035 [AMR-03] STATE_TRANSITION EMERGENCY_STOP -> MOVING (intent=MOVE)
05:22:25.135 [AMR-03] STATE_TRANSITION MOVING -> EMERGENCY_STOP (intent=STOP)
05:22:25.135 [AMR-03] SAFETY_STOP min_obstacle_distance=1.10m <= 1.2m
05:22:25.236 [AMR-03] STATE_TRANSITION EMERGENCY_STOP -> MOVING (intent=MOVE)
05:22:25.336 [AMR-03] STATE_TRANSITION MOVING -> EMERGENCY_STOP (intent=STOP)
05:22:25.336 [AMR-03] SAFETY_STOP min_obstacle_distance=1.08m <= 1.2m
05:22:25.436 [AMR-03] STATE_TRANSITION EMERGENCY_STOP -> MOVING (intent=MOVE)
05:22:25.537 [AMR-03] STATE_TRANSITION MOVING -> EMERGENCY_STOP (intent=STOP)
05:22:25.537 [AMR-03] SAFETY_STOP min_obstacle_distance=1.00m <= 1.2m
05:22:25.637 [AMR-03] STATE_TRANSITION EMERGENCY_STOP -> MOVING (intent=MOVE)
05:22:25.738 [AMR-03] STATE_TRANSITION MOVING -> EMERGENCY_STOP (intent=STOP)
05:22:25.738 [AMR-03] SAFETY_STOP min_obstacle_distance=1.01m <= 1.2m
05:22:25.838 [AMR-03] STATE_TRANSITION EMERGENCY_STOP -> MOVING (intent=MOVE)
05:22:25.938 [AMR-03] STATE_TRANSITION MOVING -> EMERGENCY_STOP (intent=STOP)
05:22:25.938 [AMR-03] SAFETY_STOP min_obstacle_distance=1.04m <= 1.2m
05:22:26.040 [AMR-03] STATE_TRANSITION EMERGENCY_STOP -> MOVING (intent=MOVE)
05:22:26.139 [AMR-03] STATE_TRANSITION MOVING -> EMERGENCY_STOP (intent=STOP)
05:22:26.139 [AMR-03] SAFETY_STOP min_obstacle_distance=1.10m <= 1.2m
05:22:26.240 [AMR-03] STATE_TRANSITION EMERGENCY_STOP -> MOVING (intent=MOVE)
05:22:26.340 [AMR-03] STATE_TRANSITION MOVING -> EMERGENCY_STOP (intent=STOP)
05:22:26.340 [AMR-03] SAFETY_STOP min_obstacle_distance=1.08m <= 1.2m
05:22:26.441 [AMR-03] STATE_TRANSITION EMERGENCY_STOP -> MOVING (intent=MOVE)
05:22:26.543 [AMR-03] STATE_TRANSITION MOVING -> EMERGENCY_STOP (intent=STOP)
05:22:26.543 [AMR-03] SAFETY_STOP min_obstacle_distance=1.00m <= 1.2m
05:22:26.643 [AMR-03] STATE_TRANSITION EMERGENCY_STOP -> MOVING (intent=MOVE)
05:22:26.743 [AMR-03] STATE_TRANSITION MOVING -> EMERGENCY_STOP (intent=STOP)
05:22:26.744 [AMR-03] SAFETY_STOP min_obstacle_distance=1.01m <= 1.2m
05:22:26.844 [AMR-03] STATE_TRANSITION EMERGENCY_STOP -> MOVING (intent=MOVE)
05:22:26.944 [AMR-03] STATE_TRANSITION MOVING -> EMERGENCY_STOP (intent=STOP)
05:22:26.944 [AMR-03] SAFETY_STOP min_obstacle_distance=1.04m <= 1.2m
05:22:27.046 [AMR-03] STATE_TRANSITION EMERGENCY_STOP -> MOVING (intent=MOVE)
05:22:27.146 [AMR-03] STATE_TRANSITION MOVING -> EMERGENCY_STOP (intent=STOP)
05:22:27.147 [AMR-03] SAFETY_STOP min_obstacle_distance=1.10m <= 1.2m
05:22:27.248 [AMR-03] STATE_TRANSITION EMERGENCY_STOP -> MOVING (intent=MOVE)
05:22:27.349 [AMR-03] STATE_TRANSITION MOVING -> EMERGENCY_STOP (intent=STOP)
05:22:27.349 [AMR-03] SAFETY_STOP min_obstacle_distance=1.08m <= 1.2m
05:22:27.450 [AMR-03] STATE_TRANSITION EMERGENCY_STOP -> MOVING (intent=MOVE)
05:22:27.551 [AMR-03] STATE_TRANSITION MOVING -> EMERGENCY_STOP (intent=STOP)
05:22:27.551 [AMR-03] SAFETY_STOP min_obstacle_distance=1.00m <= 1.2m
05:22:27.651 [AMR-03] STATE_TRANSITION EMERGENCY_STOP -> MOVING (intent=MOVE)
05:22:27.751 [AMR-03] STATE_TRANSITION MOVING -> EMERGENCY_STOP (intent=STOP)
05:22:27.751 [AMR-03] SAFETY_STOP min_obstacle_distance=1.01m <= 1.2m
05:22:27.853 [AMR-03] STATE_TRANSITION EMERGENCY_STOP -> MOVING (intent=MOVE)
05:22:27.953 [AMR-03] STATE_TRANSITION MOVING -> EMERGENCY_STOP (intent=STOP)
05:22:27.953 [AMR-03] SAFETY_STOP min_obstacle_distance=1.04m <= 1.2m
05:22:28.054 [AMR-03] STATE_TRANSITION EMERGENCY_STOP -> MOVING (intent=MOVE)
05:22:28.154 [AMR-03] STATE_TRANSITION MOVING -> EMERGENCY_STOP (intent=STOP)
05:22:28.154 [AMR-03] SAFETY_STOP min_obstacle_distance=1.10m <= 1.2m
05:22:28.254 [AMR-03] STATE_TRANSITION EMERGENCY_STOP -> MOVING (intent=MOVE)
05:22:28.355 [AMR-03] STATE_TRANSITION MOVING -> EMERGENCY_STOP (intent=STOP)
05:22:28.355 [AMR-03] SAFETY_STOP min_obstacle_distance=1.08m <= 1.2m
05:22:28.456 [AMR-03] STATE_TRANSITION EMERGENCY_STOP -> MOVING (intent=MOVE)
05:22:28.557 [AMR-03] STATE_TRANSITION MOVING -> EMERGENCY_STOP (intent=STOP)
05:22:28.557 [AMR-03] SAFETY_STOP min_obstacle_distance=1.00m <= 1.2m
05:22:28.657 [AMR-03] STATE_TRANSITION EMERGENCY_STOP -> MOVING (intent=MOVE)
05:22:28.758 [AMR-03] STATE_TRANSITION MOVING -> EMERGENCY_STOP (intent=STOP)
05:22:28.758 [AMR-03] SAFETY_STOP min_obstacle_distance=1.01m <= 1.2m
05:22:28.859 [AMR-03] STATE_TRANSITION EMERGENCY_STOP -> MOVING (intent=MOVE)
05:22:28.959 [AMR-03] STATE_TRANSITION MOVING -> EMERGENCY_STOP (intent=STOP)
05:22:28.959 [AMR-03] SAFETY_STOP min_obstacle_distance=1.04m <= 1.2m
05:22:29.060 [AMR-03] STATE_TRANSITION EMERGENCY_STOP -> MOVING (intent=MOVE)
05:22:29.160 [AMR-03] STATE_TRANSITION MOVING -> EMERGENCY_STOP (intent=STOP)
05:22:29.160 [AMR-03] SAFETY_STOP min_obstacle_distance=1.10m <= 1.2m
05:22:29.261 [AMR-03] STATE_TRANSITION EMERGENCY_STOP -> MOVING (intent=MOVE)
05:22:29.362 [AMR-03] STATE_TRANSITION MOVING -> EMERGENCY_STOP (intent=STOP)
05:22:29.362 [AMR-03] SAFETY_STOP min_obstacle_distance=1.08m <= 1.2m
05:22:29.463 [AMR-03] STATE_TRANSITION EMERGENCY_STOP -> MOVING (intent=MOVE)
05:22:29.563 [AMR-03] STATE_TRANSITION MOVING -> EMERGENCY_STOP (intent=STOP)
05:22:29.563 [AMR-03] SAFETY_STOP min_obstacle_distance=1.00m <= 1.2m
05:22:29.664 [AMR-03] STATE_TRANSITION EMERGENCY_STOP -> MOVING (intent=MOVE)
05:22:29.765 [AMR-03] STATE_TRANSITION MOVING -> EMERGENCY_STOP (intent=STOP)
05:22:29.765 [AMR-03] SAFETY_STOP min_obstacle_distance=1.01m <= 1.2m
05:22:29.866 [AMR-03] STATE_TRANSITION EMERGENCY_STOP -> MOVING (intent=MOVE)
05:22:29.967 [AMR-03] STATE_TRANSITION MOVING -> EMERGENCY_STOP (intent=STOP)
05:22:29.967 [AMR-03] SAFETY_STOP min_obstacle_distance=1.04m <= 1.2m
05:22:30.068 [AMR-03] STATE_TRANSITION EMERGENCY_STOP -> MOVING (intent=MOVE)
05:22:30.168 [AMR-03] STATE_TRANSITION MOVING -> EMERGENCY_STOP (intent=STOP)
05:22:30.168 [AMR-03] SAFETY_STOP min_obstacle_distance=1.10m <= 1.2m
05:22:30.269 [AMR-03] STATE_TRANSITION EMERGENCY_STOP -> MOVING (intent=MOVE)
05:22:30.370 [AMR-03] STATE_TRANSITION MOVING -> EMERGENCY_STOP (intent=STOP)
05:22:30.370 [AMR-03] SAFETY_STOP min_obstacle_distance=1.08m <= 1.2m
05:22:30.471 [AMR-03] STATE_TRANSITION EMERGENCY_STOP -> MOVING (intent=MOVE)
05:22:30.571 [AMR-03] STATE_TRANSITION MOVING -> EMERGENCY_STOP (intent=STOP)
05:22:30.571 [AMR-03] SAFETY_STOP min_obstacle_distance=1.01m <= 1.2m
05:22:30.672 [AMR-03] STATE_TRANSITION EMERGENCY_STOP -> MOVING (intent=MOVE)
05:22:30.772 [AMR-03] STATE_TRANSITION MOVING -> EMERGENCY_STOP (intent=STOP)
05:22:30.772 [AMR-03] SAFETY_STOP min_obstacle_distance=1.04m <= 1.2m
05:22:30.873 [AMR-03] STATE_TRANSITION EMERGENCY_STOP -> MOVING (intent=MOVE)
05:22:30.974 [AMR-03] STATE_TRANSITION MOVING -> EMERGENCY_STOP (intent=STOP)
05:22:30.974 [AMR-03] SAFETY_STOP min_obstacle_distance=1.10m <= 1.2m
05:22:31.074 [AMR-03] STATE_TRANSITION EMERGENCY_STOP -> MOVING (intent=MOVE)
05:22:31.175 [AMR-03] STATE_TRANSITION MOVING -> EMERGENCY_STOP (intent=STOP)
05:22:31.175 [AMR-03] SAFETY_STOP min_obstacle_distance=1.08m <= 1.2m
05:22:31.275 [AMR-03] STATE_TRANSITION EMERGENCY_STOP -> MOVING (intent=MOVE)
05:22:31.376 [AMR-03] STATE_TRANSITION MOVING -> EMERGENCY_STOP (intent=STOP)
05:22:31.376 [AMR-03] SAFETY_STOP min_obstacle_distance=1.03m <= 1.2m
05:22:31.476 [AMR-03] STATE_TRANSITION EMERGENCY_STOP -> MOVING (intent=MOVE)
05:22:31.576 [AMR-03] STATE_TRANSITION MOVING -> EMERGENCY_STOP (intent=STOP)
05:22:31.577 [AMR-03] SAFETY_STOP min_obstacle_distance=1.01m <= 1.2m
05:22:31.678 [AMR-03] STATE_TRANSITION EMERGENCY_STOP -> MOVING (intent=MOVE)
05:22:31.778 [AMR-03] STATE_TRANSITION MOVING -> EMERGENCY_STOP (intent=STOP)
05:22:31.778 [AMR-03] SAFETY_STOP min_obstacle_distance=1.04m <= 1.2m
05:22:31.878 [AMR-03] STATE_TRANSITION EMERGENCY_STOP -> MOVING (intent=MOVE)
05:22:31.979 [AMR-03] STATE_TRANSITION MOVING -> EMERGENCY_STOP (intent=STOP)
05:22:31.979 [AMR-03] SAFETY_STOP min_obstacle_distance=1.10m <= 1.2m
05:22:32.079 [AMR-03] STATE_TRANSITION EMERGENCY_STOP -> MOVING (intent=MOVE)
05:22:32.180 [AMR-03] STATE_TRANSITION MOVING -> EMERGENCY_STOP (intent=STOP)
05:22:32.180 [AMR-03] SAFETY_STOP min_obstacle_distance=1.08m <= 1.2m
05:22:32.280 [AMR-03] STATE_TRANSITION EMERGENCY_STOP -> MOVING (intent=MOVE)
05:22:32.380 [AMR-03] STATE_TRANSITION MOVING -> EMERGENCY_STOP (intent=STOP)
05:22:32.380 [AMR-03] SAFETY_STOP min_obstacle_distance=1.03m <= 1.2m
05:22:32.482 [AMR-03] STATE_TRANSITION EMERGENCY_STOP -> MOVING (intent=MOVE)
05:22:32.583 [AMR-03] STATE_TRANSITION MOVING -> EMERGENCY_STOP (intent=STOP)
05:22:32.583 [AMR-03] SAFETY_STOP min_obstacle_distance=1.01m <= 1.2m
05:22:32.684 [AMR-03] STATE_TRANSITION EMERGENCY_STOP -> MOVING (intent=MOVE)
05:22:32.785 [AMR-03] STATE_TRANSITION MOVING -> EMERGENCY_STOP (intent=STOP)
05:22:32.785 [AMR-03] SAFETY_STOP min_obstacle_distance=1.05m <= 1.2m
05:22:32.886 [AMR-03] STATE_TRANSITION EMERGENCY_STOP -> MOVING (intent=MOVE)
05:22:32.986 [AMR-03] STATE_TRANSITION MOVING -> EMERGENCY_STOP (intent=STOP)
05:22:32.986 [AMR-03] SAFETY_STOP min_obstacle_distance=1.10m <= 1.2m
05:22:33.086 [AMR-03] STATE_TRANSITION EMERGENCY_STOP -> MOVING (intent=MOVE)
05:22:33.187 [AMR-03] STATE_TRANSITION MOVING -> EMERGENCY_STOP (intent=STOP)
05:22:33.187 [AMR-03] SAFETY_STOP min_obstacle_distance=1.07m <= 1.2m
05:22:33.288 [AMR-03] STATE_TRANSITION EMERGENCY_STOP -> MOVING (intent=MOVE)
05:22:33.388 [AMR-03] STATE_TRANSITION MOVING -> EMERGENCY_STOP (intent=STOP)
05:22:33.388 [AMR-03] SAFETY_STOP min_obstacle_distance=1.03m <= 1.2m
05:22:33.489 [AMR-03] STATE_TRANSITION EMERGENCY_STOP -> MOVING (intent=MOVE)
05:22:33.589 [AMR-03] STATE_TRANSITION MOVING -> EMERGENCY_STOP (intent=STOP)
05:22:33.589 [AMR-03] SAFETY_STOP min_obstacle_distance=1.01m <= 1.2m
05:22:33.690 [AMR-03] STATE_TRANSITION EMERGENCY_STOP -> MOVING (intent=MOVE)
05:22:33.790 [AMR-03] STATE_TRANSITION MOVING -> EMERGENCY_STOP (intent=STOP)
05:22:33.790 [AMR-03] SAFETY_STOP min_obstacle_distance=1.04m <= 1.2m
05:22:33.891 [AMR-03] STATE_TRANSITION EMERGENCY_STOP -> MOVING (intent=MOVE)
05:22:33.992 [AMR-03] STATE_TRANSITION MOVING -> EMERGENCY_STOP (intent=STOP)
05:22:33.992 [AMR-03] SAFETY_STOP min_obstacle_distance=1.10m <= 1.2m
05:22:34.092 [AMR-03] STATE_TRANSITION EMERGENCY_STOP -> MOVING (intent=MOVE)
05:22:34.193 [AMR-03] STATE_TRANSITION MOVING -> EMERGENCY_STOP (intent=STOP)
05:22:34.193 [AMR-03] SAFETY_STOP min_obstacle_distance=1.08m <= 1.2m
05:22:34.294 [AMR-03] STATE_TRANSITION EMERGENCY_STOP -> MOVING (intent=MOVE)
05:22:34.395 [AMR-03] STATE_TRANSITION MOVING -> EMERGENCY_STOP (intent=STOP)
05:22:34.395 [AMR-03] SAFETY_STOP min_obstacle_distance=1.03m <= 1.2m
05:22:34.496 [AMR-03] STATE_TRANSITION EMERGENCY_STOP -> MOVING (intent=MOVE)
05:22:34.596 [AMR-03] STATE_TRANSITION MOVING -> EMERGENCY_STOP (intent=STOP)
05:22:34.596 [AMR-03] SAFETY_STOP min_obstacle_distance=1.01m <= 1.2m
05:22:34.697 [AMR-03] STATE_TRANSITION EMERGENCY_STOP -> MOVING (intent=MOVE)
05:22:34.797 [AMR-03] STATE_TRANSITION MOVING -> EMERGENCY_STOP (intent=STOP)
05:22:34.797 [AMR-03] SAFETY_STOP min_obstacle_distance=1.04m <= 1.2m
05:22:34.899 [AMR-03] STATE_TRANSITION EMERGENCY_STOP -> MOVING (intent=MOVE)
05:22:34.999 [AMR-03] STATE_TRANSITION MOVING -> EMERGENCY_STOP (intent=STOP)
05:22:34.999 [AMR-03] SAFETY_STOP min_obstacle_distance=1.10m <= 1.2m
05:22:35.100 [AMR-03] STATE_TRANSITION EMERGENCY_STOP -> MOVING (intent=MOVE)
05:22:35.201 [AMR-03] STATE_TRANSITION MOVING -> EMERGENCY_STOP (intent=STOP)
05:22:35.201 [AMR-03] SAFETY_STOP min_obstacle_distance=1.08m <= 1.2m
05:22:35.302 [AMR-03] STATE_TRANSITION EMERGENCY_STOP -> MOVING (intent=MOVE)
05:22:35.403 [AMR-03] STATE_TRANSITION MOVING -> EMERGENCY_STOP (intent=STOP)
05:22:35.403 [AMR-03] SAFETY_STOP min_obstacle_distance=1.03m <= 1.2m
05:22:35.503 [AMR-03] STATE_TRANSITION EMERGENCY_STOP -> MOVING (intent=MOVE)
05:22:35.604 [AMR-03] STATE_TRANSITION MOVING -> EMERGENCY_STOP (intent=STOP)
05:22:35.604 [AMR-03] SAFETY_STOP min_obstacle_distance=1.01m <= 1.2m
05:22:35.704 [AMR-03] STATE_TRANSITION EMERGENCY_STOP -> MOVING (intent=MOVE)
05:22:35.805 [AMR-03] STATE_TRANSITION MOVING -> EMERGENCY_STOP (intent=STOP)
05:22:35.805 [AMR-03] SAFETY_STOP min_obstacle_distance=1.04m <= 1.2m
05:22:35.906 [AMR-03] STATE_TRANSITION EMERGENCY_STOP -> MOVING (intent=MOVE)
05:22:36.006 [AMR-03] STATE_TRANSITION MOVING -> EMERGENCY_STOP (intent=STOP)
05:22:36.006 [AMR-03] SAFETY_STOP min_obstacle_distance=1.10m <= 1.2m
05:22:36.107 [AMR-03] STATE_TRANSITION EMERGENCY_STOP -> MOVING (intent=MOVE)
05:22:36.207 [AMR-03] STATE_TRANSITION MOVING -> EMERGENCY_STOP (intent=STOP)
05:22:36.208 [AMR-03] SAFETY_STOP min_obstacle_distance=1.08m <= 1.2m
05:22:36.310 [AMR-03] STATE_TRANSITION EMERGENCY_STOP -> MOVING (intent=MOVE)
05:22:36.410 [AMR-03] STATE_TRANSITION MOVING -> EMERGENCY_STOP (intent=STOP)
05:22:36.410 [AMR-03] SAFETY_STOP min_obstacle_distance=1.03m <= 1.2m
05:22:36.511 [AMR-03] STATE_TRANSITION EMERGENCY_STOP -> MOVING (intent=MOVE)
05:22:36.612 [AMR-03] STATE_TRANSITION MOVING -> EMERGENCY_STOP (intent=STOP)
05:22:36.612 [AMR-03] SAFETY_STOP min_obstacle_distance=1.01m <= 1.2m
05:22:36.712 [AMR-03] STATE_TRANSITION EMERGENCY_STOP -> MOVING (intent=MOVE)
05:22:36.813 [AMR-03] STATE_TRANSITION MOVING -> EMERGENCY_STOP (intent=STOP)
05:22:36.813 [AMR-03] SAFETY_STOP min_obstacle_distance=1.04m <= 1.2m
05:22:36.913 [AMR-03] STATE_TRANSITION EMERGENCY_STOP -> MOVING (intent=MOVE)
05:22:37.013 [AMR-03] STATE_TRANSITION MOVING -> EMERGENCY_STOP (intent=STOP)
05:22:37.013 [AMR-03] SAFETY_STOP min_obstacle_distance=1.10m <= 1.2m
05:22:37.114 [AMR-03] STATE_TRANSITION EMERGENCY_STOP -> MOVING (intent=MOVE)
05:22:37.214 [AMR-03] STATE_TRANSITION MOVING -> EMERGENCY_STOP (intent=STOP)
05:22:37.215 [AMR-03] SAFETY_STOP min_obstacle_distance=1.08m <= 1.2m
05:22:37.315 [AMR-03] STATE_TRANSITION EMERGENCY_STOP -> MOVING (intent=MOVE)
05:22:37.416 [AMR-03] STATE_TRANSITION MOVING -> EMERGENCY_STOP (intent=STOP)
05:22:37.416 [AMR-03] SAFETY_STOP min_obstacle_distance=1.03m <= 1.2m
05:22:37.518 [AMR-03] STATE_TRANSITION EMERGENCY_STOP -> MOVING (intent=MOVE)
05:22:37.619 [AMR-03] STATE_TRANSITION MOVING -> EMERGENCY_STOP (intent=STOP)
05:22:37.619 [AMR-03] SAFETY_STOP min_obstacle_distance=1.01m <= 1.2m
05:22:37.720 [AMR-03] STATE_TRANSITION EMERGENCY_STOP -> MOVING (intent=MOVE)
05:22:37.820 [AMR-03] STATE_TRANSITION MOVING -> EMERGENCY_STOP (intent=STOP)
05:22:37.820 [AMR-03] SAFETY_STOP min_obstacle_distance=1.05m <= 1.2m
05:22:37.921 [AMR-03] STATE_TRANSITION EMERGENCY_STOP -> MOVING (intent=MOVE)
05:22:38.022 [AMR-03] STATE_TRANSITION MOVING -> EMERGENCY_STOP (intent=STOP)
05:22:38.022 [AMR-03] SAFETY_STOP min_obstacle_distance=1.10m <= 1.2m
05:22:38.122 [AMR-03] STATE_TRANSITION EMERGENCY_STOP -> MOVING (intent=MOVE)
05:22:38.223 [AMR-03] STATE_TRANSITION MOVING -> EMERGENCY_STOP (intent=STOP)
05:22:38.223 [AMR-03] SAFETY_STOP min_obstacle_distance=1.07m <= 1.2m
05:22:38.324 [AMR-03] STATE_TRANSITION EMERGENCY_STOP -> MOVING (intent=MOVE)
05:22:38.424 [AMR-03] STATE_TRANSITION MOVING -> EMERGENCY_STOP (intent=STOP)
05:22:38.424 [AMR-03] SAFETY_STOP min_obstacle_distance=1.03m <= 1.2m
05:22:38.525 [AMR-03] STATE_TRANSITION EMERGENCY_STOP -> MOVING (intent=MOVE)
05:22:38.626 [AMR-03] STATE_TRANSITION MOVING -> EMERGENCY_STOP (intent=STOP)
05:22:38.627 [AMR-03] SAFETY_STOP min_obstacle_distance=1.01m <= 1.2m
05:22:38.727 [AMR-03] STATE_TRANSITION EMERGENCY_STOP -> MOVING (intent=MOVE)
05:22:38.828 [AMR-03] STATE_TRANSITION MOVING -> EMERGENCY_STOP (intent=STOP)
05:22:38.828 [AMR-03] SAFETY_STOP min_obstacle_distance=1.04m <= 1.2m
05:22:38.929 [AMR-03] STATE_TRANSITION EMERGENCY_STOP -> MOVING (intent=MOVE)
05:22:39.029 [AMR-03] STATE_TRANSITION MOVING -> EMERGENCY_STOP (intent=STOP)
05:22:39.029 [AMR-03] SAFETY_STOP min_obstacle_distance=1.10m <= 1.2m
05:22:39.130 [AMR-03] STATE_TRANSITION EMERGENCY_STOP -> MOVING (intent=MOVE)
05:22:39.231 [AMR-03] STATE_TRANSITION MOVING -> EMERGENCY_STOP (intent=STOP)
05:22:39.231 [AMR-03] SAFETY_STOP min_obstacle_distance=1.08m <= 1.2m
05:22:39.331 [AMR-03] STATE_TRANSITION EMERGENCY_STOP -> MOVING (intent=MOVE)
05:22:39.431 [AMR-03] STATE_TRANSITION MOVING -> EMERGENCY_STOP (intent=STOP)
05:22:39.431 [AMR-03] SAFETY_STOP min_obstacle_distance=1.03m <= 1.2m
05:22:39.532 [AMR-03] STATE_TRANSITION EMERGENCY_STOP -> MOVING (intent=MOVE)
05:22:39.633 [AMR-03] STATE_TRANSITION MOVING -> EMERGENCY_STOP (intent=STOP)
05:22:39.633 [AMR-03] SAFETY_STOP min_obstacle_distance=1.01m <= 1.2m
05:22:39.734 [AMR-03] STATE_TRANSITION EMERGENCY_STOP -> MOVING (intent=MOVE)
05:22:39.835 [AMR-03] STATE_TRANSITION MOVING -> EMERGENCY_STOP (intent=STOP)
05:22:39.835 [AMR-03] SAFETY_STOP min_obstacle_distance=1.04m <= 1.2m
05:22:39.935 [AMR-03] STATE_TRANSITION EMERGENCY_STOP -> MOVING (intent=MOVE)
05:22:40.036 [AMR-03] STATE_TRANSITION MOVING -> EMERGENCY_STOP (intent=STOP)
05:22:40.036 [AMR-03] SAFETY_STOP min_obstacle_distance=1.10m <= 1.2m
05:22:40.137 [AMR-03] STATE_TRANSITION EMERGENCY_STOP -> MOVING (intent=MOVE)
05:22:40.237 [AMR-03] STATE_TRANSITION MOVING -> EMERGENCY_STOP (intent=STOP)
05:22:40.237 [AMR-03] SAFETY_STOP min_obstacle_distance=1.08m <= 1.2m
05:22:40.339 [AMR-03] STATE_TRANSITION EMERGENCY_STOP -> MOVING (intent=MOVE)
05:22:40.440 [AMR-03] STATE_TRANSITION MOVING -> EMERGENCY_STOP (intent=STOP)
05:22:40.440 [AMR-03] SAFETY_STOP min_obstacle_distance=1.03m <= 1.2m
05:22:40.540 [AMR-03] STATE_TRANSITION EMERGENCY_STOP -> MOVING (intent=MOVE)
05:22:40.641 [AMR-03] STATE_TRANSITION MOVING -> EMERGENCY_STOP (intent=STOP)
05:22:40.641 [AMR-03] SAFETY_STOP min_obstacle_distance=1.01m <= 1.2m
05:22:40.741 [AMR-03] STATE_TRANSITION EMERGENCY_STOP -> MOVING (intent=MOVE)
05:22:40.842 [AMR-03] STATE_TRANSITION MOVING -> EMERGENCY_STOP (intent=STOP)
05:22:40.842 [AMR-03] SAFETY_STOP min_obstacle_distance=1.04m <= 1.2m
05:22:40.942 [AMR-03] STATE_TRANSITION EMERGENCY_STOP -> MOVING (intent=MOVE)
05:22:41.042 [AMR-03] STATE_TRANSITION MOVING -> EMERGENCY_STOP (intent=STOP)
05:22:41.042 [AMR-03] SAFETY_STOP min_obstacle_distance=1.10m <= 1.2m
05:22:41.143 [AMR-03] STATE_TRANSITION EMERGENCY_STOP -> MOVING (intent=MOVE)
05:22:41.244 [AMR-03] STATE_TRANSITION MOVING -> EMERGENCY_STOP (intent=STOP)
05:22:41.244 [AMR-03] SAFETY_STOP min_obstacle_distance=1.08m <= 1.2m
05:22:41.344 [AMR-03] STATE_TRANSITION EMERGENCY_STOP -> MOVING (intent=MOVE)
05:22:41.445 [AMR-03] STATE_TRANSITION MOVING -> EMERGENCY_STOP (intent=STOP)
05:22:41.445 [AMR-03] SAFETY_STOP min_obstacle_distance=1.03m <= 1.2m
05:22:41.546 [AMR-03] STATE_TRANSITION EMERGENCY_STOP -> MOVING (intent=MOVE)
05:22:41.646 [AMR-03] STATE_TRANSITION MOVING -> EMERGENCY_STOP (intent=STOP)
05:22:41.647 [AMR-03] SAFETY_STOP min_obstacle_distance=1.01m <= 1.2m
05:22:41.747 [AMR-03] STATE_TRANSITION EMERGENCY_STOP -> MOVING (intent=MOVE)
05:22:41.848 [AMR-03] STATE_TRANSITION MOVING -> EMERGENCY_STOP (intent=STOP)
05:22:41.848 [AMR-03] SAFETY_STOP min_obstacle_distance=1.04m <= 1.2m
05:22:41.949 [AMR-03] STATE_TRANSITION EMERGENCY_STOP -> MOVING (intent=MOVE)
05:22:42.049 [AMR-03] STATE_TRANSITION MOVING -> EMERGENCY_STOP (intent=STOP)
05:22:42.049 [AMR-03] SAFETY_STOP min_obstacle_distance=1.10m <= 1.2m
05:22:42.151 [AMR-03] STATE_TRANSITION EMERGENCY_STOP -> MOVING (intent=MOVE)
05:22:42.250 [AMR-03] STATE_TRANSITION MOVING -> EMERGENCY_STOP (intent=STOP)
05:22:42.250 [AMR-03] SAFETY_STOP min_obstacle_distance=1.08m <= 1.2m
05:22:42.351 [AMR-03] STATE_TRANSITION EMERGENCY_STOP -> MOVING (intent=MOVE)
05:22:42.452 [AMR-03] STATE_TRANSITION MOVING -> EMERGENCY_STOP (intent=STOP)
05:22:42.452 [AMR-03] SAFETY_STOP min_obstacle_distance=1.03m <= 1.2m
05:22:42.553 [AMR-03] STATE_TRANSITION EMERGENCY_STOP -> MOVING (intent=MOVE)
05:22:42.653 [AMR-03] STATE_TRANSITION MOVING -> EMERGENCY_STOP (intent=STOP)
05:22:42.653 [AMR-03] SAFETY_STOP min_obstacle_distance=1.01m <= 1.2m
05:22:42.753 [AMR-03] STATE_TRANSITION EMERGENCY_STOP -> MOVING (intent=MOVE)
05:22:42.854 [AMR-03] STATE_TRANSITION MOVING -> EMERGENCY_STOP (intent=STOP)
05:22:42.854 [AMR-03] SAFETY_STOP min_obstacle_distance=1.04m <= 1.2m
05:22:42.954 [AMR-03] STATE_TRANSITION EMERGENCY_STOP -> MOVING (intent=MOVE)
05:22:43.055 [AMR-03] STATE_TRANSITION MOVING -> EMERGENCY_STOP (intent=STOP)
05:22:43.055 [AMR-03] SAFETY_STOP min_obstacle_distance=1.10m <= 1.2m
05:22:43.155 [AMR-03] STATE_TRANSITION EMERGENCY_STOP -> MOVING (intent=MOVE)
05:22:43.256 [AMR-03] STATE_TRANSITION MOVING -> EMERGENCY_STOP (intent=STOP)
05:22:43.256 [AMR-03] SAFETY_STOP min_obstacle_distance=1.08m <= 1.2m
05:22:43.357 [AMR-03] STATE_TRANSITION EMERGENCY_STOP -> MOVING (intent=MOVE)
05:22:43.457 [AMR-03] STATE_TRANSITION MOVING -> EMERGENCY_STOP (intent=STOP)
05:22:43.457 [AMR-03] SAFETY_STOP min_obstacle_distance=1.03m <= 1.2m
05:22:43.558 [AMR-03] STATE_TRANSITION EMERGENCY_STOP -> MOVING (intent=MOVE)
05:22:43.660 [AMR-03] STATE_TRANSITION MOVING -> EMERGENCY_STOP (intent=STOP)
05:22:43.660 [AMR-03] SAFETY_STOP min_obstacle_distance=1.01m <= 1.2m
05:22:43.760 [AMR-03] STATE_TRANSITION EMERGENCY_STOP -> MOVING (intent=MOVE)
05:22:43.861 [AMR-03] STATE_TRANSITION MOVING -> EMERGENCY_STOP (intent=STOP)
05:22:43.861 [AMR-03] SAFETY_STOP min_obstacle_distance=1.04m <= 1.2m
05:22:43.961 [AMR-03] STATE_TRANSITION EMERGENCY_STOP -> MOVING (intent=MOVE)
05:22:44.061 [AMR-03] STATE_TRANSITION MOVING -> EMERGENCY_STOP (intent=STOP)
05:22:44.061 [AMR-03] SAFETY_STOP min_obstacle_distance=1.10m <= 1.2m
05:22:44.163 [AMR-03] STATE_TRANSITION EMERGENCY_STOP -> MOVING (intent=MOVE)
05:22:44.263 [AMR-03] STATE_TRANSITION MOVING -> EMERGENCY_STOP (intent=STOP)
05:22:44.263 [AMR-03] SAFETY_STOP min_obstacle_distance=1.08m <= 1.2m
05:22:44.364 [AMR-03] STATE_TRANSITION EMERGENCY_STOP -> MOVING (intent=MOVE)
05:22:44.464 [AMR-03] STATE_TRANSITION MOVING -> EMERGENCY_STOP (intent=STOP)
05:22:44.464 [AMR-03] SAFETY_STOP min_obstacle_distance=1.03m <= 1.2m
05:22:44.565 [AMR-03] STATE_TRANSITION EMERGENCY_STOP -> MOVING (intent=MOVE)
05:22:44.666 [AMR-03] STATE_TRANSITION MOVING -> EMERGENCY_STOP (intent=STOP)
05:22:44.666 [AMR-03] SAFETY_STOP min_obstacle_distance=1.01m <= 1.2m
05:22:44.766 [AMR-03] STATE_TRANSITION EMERGENCY_STOP -> MOVING (intent=MOVE)
05:22:44.867 [AMR-03] STATE_TRANSITION MOVING -> EMERGENCY_STOP (intent=STOP)
05:22:44.867 [AMR-03] SAFETY_STOP min_obstacle_distance=1.04m <= 1.2m
05:22:44.967 [AMR-03] STATE_TRANSITION EMERGENCY_STOP -> MOVING (intent=MOVE)
05:22:45.068 [AMR-03] STATE_TRANSITION MOVING -> EMERGENCY_STOP (intent=STOP)
05:22:45.068 [AMR-03] SAFETY_STOP min_obstacle_distance=1.10m <= 1.2m
05:22:45.168 [AMR-03] STATE_TRANSITION EMERGENCY_STOP -> MOVING (intent=MOVE)
05:22:45.269 [AMR-03] STATE_TRANSITION MOVING -> EMERGENCY_STOP (intent=STOP)
05:22:45.269 [AMR-03] SAFETY_STOP min_obstacle_distance=1.08m <= 1.2m
05:22:45.370 [AMR-03] STATE_TRANSITION EMERGENCY_STOP -> MOVING (intent=MOVE)
05:22:45.471 [AMR-03] STATE_TRANSITION MOVING -> EMERGENCY_STOP (intent=STOP)
05:22:45.471 [AMR-03] SAFETY_STOP min_obstacle_distance=1.00m <= 1.2m
05:22:45.572 [AMR-03] STATE_TRANSITION EMERGENCY_STOP -> MOVING (intent=MOVE)
05:22:45.672 [AMR-03] STATE_TRANSITION MOVING -> EMERGENCY_STOP (intent=STOP)
05:22:45.672 [AMR-03] SAFETY_STOP min_obstacle_distance=1.01m <= 1.2m
05:22:45.773 [AMR-03] STATE_TRANSITION EMERGENCY_STOP -> MOVING (intent=MOVE)
05:22:45.873 [AMR-03] STATE_TRANSITION MOVING -> EMERGENCY_STOP (intent=STOP)
05:22:45.873 [AMR-03] SAFETY_STOP min_obstacle_distance=1.04m <= 1.2m
05:22:45.974 [AMR-03] STATE_TRANSITION EMERGENCY_STOP -> MOVING (intent=MOVE)
05:22:46.074 [AMR-03] STATE_TRANSITION MOVING -> EMERGENCY_STOP (intent=STOP)
05:22:46.074 [AMR-03] SAFETY_STOP min_obstacle_distance=1.10m <= 1.2m
05:22:46.175 [AMR-03] STATE_TRANSITION EMERGENCY_STOP -> MOVING (intent=MOVE)
05:22:46.276 [AMR-03] STATE_TRANSITION MOVING -> EMERGENCY_STOP (intent=STOP)
05:22:46.276 [AMR-03] SAFETY_STOP min_obstacle_distance=1.08m <= 1.2m
05:22:46.378 [AMR-03] STATE_TRANSITION EMERGENCY_STOP -> MOVING (intent=MOVE)
05:22:46.478 [AMR-03] STATE_TRANSITION MOVING -> EMERGENCY_STOP (intent=STOP)
05:22:46.478 [AMR-03] SAFETY_STOP min_obstacle_distance=1.03m <= 1.2m
05:22:46.579 [AMR-03] STATE_TRANSITION EMERGENCY_STOP -> MOVING (intent=MOVE)
05:22:46.679 [AMR-03] STATE_TRANSITION MOVING -> EMERGENCY_STOP (intent=STOP)
05:22:46.679 [AMR-03] SAFETY_STOP min_obstacle_distance=1.01m <= 1.2m
05:22:46.780 [AMR-03] STATE_TRANSITION EMERGENCY_STOP -> MOVING (intent=MOVE)
05:22:46.880 [AMR-03] STATE_TRANSITION MOVING -> EMERGENCY_STOP (intent=STOP)
05:22:46.880 [AMR-03] SAFETY_STOP min_obstacle_distance=1.04m <= 1.2m
05:22:46.981 [AMR-03] STATE_TRANSITION EMERGENCY_STOP -> MOVING (intent=MOVE)
05:22:47.082 [AMR-03] STATE_TRANSITION MOVING -> EMERGENCY_STOP (intent=STOP)
05:22:47.082 [AMR-03] SAFETY_STOP min_obstacle_distance=1.10m <= 1.2m
05:22:47.183 [AMR-03] STATE_TRANSITION EMERGENCY_STOP -> MOVING (intent=MOVE)
05:22:47.283 [AMR-03] STATE_TRANSITION MOVING -> EMERGENCY_STOP (intent=STOP)
05:22:47.283 [AMR-03] SAFETY_STOP min_obstacle_distance=1.08m <= 1.2m
05:22:47.383 [AMR-03] STATE_TRANSITION EMERGENCY_STOP -> MOVING (intent=MOVE)
05:22:47.485 [AMR-03] STATE_TRANSITION MOVING -> EMERGENCY_STOP (intent=STOP)
05:22:47.485 [AMR-03] SAFETY_STOP min_obstacle_distance=1.00m <= 1.2m
05:22:47.586 [AMR-03] STATE_TRANSITION EMERGENCY_STOP -> MOVING (intent=MOVE)
05:22:47.686 [AMR-03] STATE_TRANSITION MOVING -> EMERGENCY_STOP (intent=STOP)
05:22:47.686 [AMR-03] SAFETY_STOP min_obstacle_distance=1.01m <= 1.2m
05:22:47.786 [AMR-03] STATE_TRANSITION EMERGENCY_STOP -> MOVING (intent=MOVE)
05:22:47.887 [AMR-03] STATE_TRANSITION MOVING -> EMERGENCY_STOP (intent=STOP)
05:22:47.887 [AMR-03] SAFETY_STOP min_obstacle_distance=1.04m <= 1.2m
05:22:47.987 [AMR-03] STATE_TRANSITION EMERGENCY_STOP -> MOVING (intent=MOVE)
05:22:48.088 [AMR-03] STATE_TRANSITION MOVING -> EMERGENCY_STOP (intent=STOP)
05:22:48.088 [AMR-03] SAFETY_STOP min_obstacle_distance=1.10m <= 1.2m
05:22:48.189 [AMR-03] STATE_TRANSITION EMERGENCY_STOP -> MOVING (intent=MOVE)
05:22:48.289 [AMR-03] STATE_TRANSITION MOVING -> EMERGENCY_STOP (intent=STOP)
05:22:48.289 [AMR-03] SAFETY_STOP min_obstacle_distance=1.08m <= 1.2m
05:22:48.390 [AMR-03] STATE_TRANSITION EMERGENCY_STOP -> MOVING (intent=MOVE)
05:22:48.491 [AMR-03] STATE_TRANSITION MOVING -> EMERGENCY_STOP (intent=STOP)
05:22:48.491 [AMR-03] SAFETY_STOP min_obstacle_distance=1.00m <= 1.2m
05:22:48.592 [AMR-03] STATE_TRANSITION EMERGENCY_STOP -> MOVING (intent=MOVE)
05:22:48.692 [AMR-03] STATE_TRANSITION MOVING -> EMERGENCY_STOP (intent=STOP)
05:22:48.692 [AMR-03] SAFETY_STOP min_obstacle_distance=1.01m <= 1.2m
05:22:48.793 [AMR-03] STATE_TRANSITION EMERGENCY_STOP -> MOVING (intent=MOVE)
05:22:48.893 [AMR-03] STATE_TRANSITION MOVING -> EMERGENCY_STOP (intent=STOP)
05:22:48.893 [AMR-03] SAFETY_STOP min_obstacle_distance=1.04m <= 1.2m
05:22:48.994 [AMR-03] STATE_TRANSITION EMERGENCY_STOP -> MOVING (intent=MOVE)
05:22:49.093 [AMR-03] STATE_TRANSITION MOVING -> EMERGENCY_STOP (intent=STOP)
05:22:49.093 [AMR-03] SAFETY_STOP min_obstacle_distance=1.10m <= 1.2m
05:22:49.194 [AMR-03] STATE_TRANSITION EMERGENCY_STOP -> MOVING (intent=MOVE)
05:22:49.294 [AMR-03] STATE_TRANSITION MOVING -> EMERGENCY_STOP (intent=STOP)
05:22:49.294 [AMR-03] SAFETY_STOP min_obstacle_distance=1.08m <= 1.2m
05:22:49.395 [AMR-03] STATE_TRANSITION EMERGENCY_STOP -> MOVING (intent=MOVE)
05:22:49.496 [AMR-03] STATE_TRANSITION MOVING -> EMERGENCY_STOP (intent=STOP)
05:22:49.496 [AMR-03] SAFETY_STOP min_obstacle_distance=1.00m <= 1.2m
05:22:49.596 [AMR-03] STATE_TRANSITION EMERGENCY_STOP -> MOVING (intent=MOVE)
05:22:49.696 [AMR-03] STATE_TRANSITION MOVING -> EMERGENCY_STOP (intent=STOP)
05:22:49.696 [AMR-03] SAFETY_STOP min_obstacle_distance=1.01m <= 1.2m
05:22:49.796 [AMR-03] STATE_TRANSITION EMERGENCY_STOP -> MOVING (intent=MOVE)
05:22:49.897 [AMR-03] STATE_TRANSITION MOVING -> EMERGENCY_STOP (intent=STOP)
05:22:49.897 [AMR-03] SAFETY_STOP min_obstacle_distance=1.04m <= 1.2m
05:22:49.997 [AMR-03] STATE_TRANSITION EMERGENCY_STOP -> MOVING (intent=MOVE)
05:22:50.098 [AMR-03] STATE_TRANSITION MOVING -> EMERGENCY_STOP (intent=STOP)
05:22:50.098 [AMR-03] SAFETY_STOP min_obstacle_distance=1.10m <= 1.2m
05:22:50.199 [AMR-03] STATE_TRANSITION EMERGENCY_STOP -> MOVING (intent=MOVE)
05:22:50.300 [AMR-03] STATE_TRANSITION MOVING -> EMERGENCY_STOP (intent=STOP)
05:22:50.300 [AMR-03] SAFETY_STOP min_obstacle_distance=1.08m <= 1.2m
05:22:50.400 [AMR-03] STATE_TRANSITION EMERGENCY_STOP -> MOVING (intent=MOVE)
05:22:50.501 [AMR-03] STATE_TRANSITION MOVING -> EMERGENCY_STOP (intent=STOP)
05:22:50.501 [AMR-03] SAFETY_STOP min_obstacle_distance=1.00m <= 1.2m
05:22:50.601 [AMR-03] STATE_TRANSITION EMERGENCY_STOP -> MOVING (intent=MOVE)
05:22:50.704 [AMR-03] STATE_TRANSITION MOVING -> EMERGENCY_STOP (intent=STOP)
05:22:50.704 [AMR-03] SAFETY_STOP min_obstacle_distance=1.01m <= 1.2m
05:22:50.804 [AMR-03] STATE_TRANSITION EMERGENCY_STOP -> MOVING (intent=MOVE)
05:22:50.904 [AMR-03] STATE_TRANSITION MOVING -> EMERGENCY_STOP (intent=STOP)
05:22:50.904 [AMR-03] SAFETY_STOP min_obstacle_distance=1.04m <= 1.2m
05:22:51.005 [AMR-03] STATE_TRANSITION EMERGENCY_STOP -> MOVING (intent=MOVE)
05:22:51.105 [AMR-03] STATE_TRANSITION MOVING -> EMERGENCY_STOP (intent=STOP)
05:22:51.105 [AMR-03] SAFETY_STOP min_obstacle_distance=1.10m <= 1.2m
05:22:51.206 [AMR-03] STATE_TRANSITION EMERGENCY_STOP -> MOVING (intent=MOVE)
05:22:51.306 [AMR-03] STATE_TRANSITION MOVING -> EMERGENCY_STOP (intent=STOP)
05:22:51.307 [AMR-03] SAFETY_STOP min_obstacle_distance=1.08m <= 1.2m
05:22:51.408 [AMR-03] STATE_TRANSITION EMERGENCY_STOP -> MOVING (intent=MOVE)
05:22:51.509 [AMR-03] STATE_TRANSITION MOVING -> EMERGENCY_STOP (intent=STOP)
05:22:51.509 [AMR-03] SAFETY_STOP min_obstacle_distance=1.00m <= 1.2m
05:22:51.610 [AMR-03] STATE_TRANSITION EMERGENCY_STOP -> MOVING (intent=MOVE)
05:22:51.710 [AMR-03] STATE_TRANSITION MOVING -> EMERGENCY_STOP (intent=STOP)
05:22:51.710 [AMR-03] SAFETY_STOP min_obstacle_distance=1.01m <= 1.2m
05:22:51.811 [AMR-03] STATE_TRANSITION EMERGENCY_STOP -> MOVING (intent=MOVE)
05:22:51.911 [AMR-03] STATE_TRANSITION MOVING -> EMERGENCY_STOP (intent=STOP)
05:22:51.911 [AMR-03] SAFETY_STOP min_obstacle_distance=1.04m <= 1.2m
05:22:52.012 [AMR-03] STATE_TRANSITION EMERGENCY_STOP -> MOVING (intent=MOVE)
05:22:52.113 [AMR-03] STATE_TRANSITION MOVING -> EMERGENCY_STOP (intent=STOP)
05:22:52.113 [AMR-03] SAFETY_STOP min_obstacle_distance=1.10m <= 1.2m
05:22:52.214 [AMR-03] STATE_TRANSITION EMERGENCY_STOP -> MOVING (intent=MOVE)
05:22:52.314 [AMR-03] STATE_TRANSITION MOVING -> EMERGENCY_STOP (intent=STOP)
05:22:52.314 [AMR-03] SAFETY_STOP min_obstacle_distance=1.08m <= 1.2m
05:22:52.415 [AMR-03] STATE_TRANSITION EMERGENCY_STOP -> MOVING (intent=MOVE)
05:22:52.515 [AMR-03] STATE_TRANSITION MOVING -> EMERGENCY_STOP (intent=STOP)
05:22:52.515 [AMR-03] SAFETY_STOP min_obstacle_distance=1.00m <= 1.2m
05:22:52.616 [AMR-03] STATE_TRANSITION EMERGENCY_STOP -> MOVING (intent=MOVE)
05:22:52.716 [AMR-03] STATE_TRANSITION MOVING -> EMERGENCY_STOP (intent=STOP)
05:22:52.717 [AMR-03] SAFETY_STOP min_obstacle_distance=1.01m <= 1.2m
05:22:52.817 [AMR-03] STATE_TRANSITION EMERGENCY_STOP -> MOVING (intent=MOVE)
05:22:52.918 [AMR-03] STATE_TRANSITION MOVING -> EMERGENCY_STOP (intent=STOP)
05:22:52.918 [AMR-03] SAFETY_STOP min_obstacle_distance=1.04m <= 1.2m
05:22:53.018 [AMR-03] STATE_TRANSITION EMERGENCY_STOP -> MOVING (intent=MOVE)
05:22:53.119 [AMR-03] STATE_TRANSITION MOVING -> EMERGENCY_STOP (intent=STOP)
05:22:53.119 [AMR-03] SAFETY_STOP min_obstacle_distance=1.10m <= 1.2m
05:22:53.220 [AMR-03] STATE_TRANSITION EMERGENCY_STOP -> MOVING (intent=MOVE)
05:22:53.322 [AMR-03] STATE_TRANSITION MOVING -> EMERGENCY_STOP (intent=STOP)
05:22:53.323 [AMR-03] SAFETY_STOP min_obstacle_distance=1.08m <= 1.2m
05:22:53.422 [AMR-03] STATE_TRANSITION EMERGENCY_STOP -> MOVING (intent=MOVE)
05:22:53.523 [AMR-03] STATE_TRANSITION MOVING -> EMERGENCY_STOP (intent=STOP)
05:22:53.523 [AMR-03] SAFETY_STOP min_obstacle_distance=1.00m <= 1.2m
05:22:53.624 [AMR-03] STATE_TRANSITION EMERGENCY_STOP -> MOVING (intent=MOVE)
05:22:53.724 [AMR-03] STATE_TRANSITION MOVING -> EMERGENCY_STOP (intent=STOP)
05:22:53.724 [AMR-03] SAFETY_STOP min_obstacle_distance=1.01m <= 1.2m
05:22:53.825 [AMR-03] STATE_TRANSITION EMERGENCY_STOP -> MOVING (intent=MOVE)
05:22:53.926 [AMR-03] STATE_TRANSITION MOVING -> EMERGENCY_STOP (intent=STOP)
05:22:53.926 [AMR-03] SAFETY_STOP min_obstacle_distance=1.04m <= 1.2m
05:22:54.027 [AMR-03] STATE_TRANSITION EMERGENCY_STOP -> MOVING (intent=MOVE)
05:22:54.127 [AMR-03] STATE_TRANSITION MOVING -> EMERGENCY_STOP (intent=STOP)
05:22:54.127 [AMR-03] SAFETY_STOP min_obstacle_distance=1.10m <= 1.2m
05:22:54.228 [AMR-03] STATE_TRANSITION EMERGENCY_STOP -> MOVING (intent=MOVE)
05:22:54.329 [AMR-03] STATE_TRANSITION MOVING -> EMERGENCY_STOP (intent=STOP)
05:22:54.329 [AMR-03] SAFETY_STOP min_obstacle_distance=1.08m <= 1.2m
05:22:54.430 [AMR-03] STATE_TRANSITION EMERGENCY_STOP -> MOVING (intent=MOVE)
05:22:54.530 [AMR-03] STATE_TRANSITION MOVING -> EMERGENCY_STOP (intent=STOP)
05:22:54.530 [AMR-03] SAFETY_STOP min_obstacle_distance=1.00m <= 1.2m
05:22:54.631 [AMR-03] STATE_TRANSITION EMERGENCY_STOP -> MOVING (intent=MOVE)
05:22:54.731 [AMR-03] STATE_TRANSITION MOVING -> EMERGENCY_STOP (intent=STOP)
05:22:54.731 [AMR-03] SAFETY_STOP min_obstacle_distance=1.01m <= 1.2m
05:22:54.832 [AMR-03] STATE_TRANSITION EMERGENCY_STOP -> MOVING (intent=MOVE)
05:22:54.933 [AMR-03] STATE_TRANSITION MOVING -> EMERGENCY_STOP (intent=STOP)
05:22:54.934 [AMR-03] SAFETY_STOP min_obstacle_distance=1.04m <= 1.2m
05:22:55.034 [AMR-03] STATE_TRANSITION EMERGENCY_STOP -> MOVING (intent=MOVE)
05:22:55.135 [AMR-03] STATE_TRANSITION MOVING -> EMERGENCY_STOP (intent=STOP)
05:22:55.135 [AMR-03] SAFETY_STOP min_obstacle_distance=1.10m <= 1.2m
05:22:55.235 [AMR-03] STATE_TRANSITION EMERGENCY_STOP -> MOVING (intent=MOVE)
05:22:55.336 [AMR-03] STATE_TRANSITION MOVING -> EMERGENCY_STOP (intent=STOP)
05:22:55.336 [AMR-03] SAFETY_STOP min_obstacle_distance=1.08m <= 1.2m
05:22:55.437 [AMR-03] STATE_TRANSITION EMERGENCY_STOP -> MOVING (intent=MOVE)
05:22:55.537 [AMR-03] STATE_TRANSITION MOVING -> EMERGENCY_STOP (intent=STOP)
05:22:55.538 [AMR-03] SAFETY_STOP min_obstacle_distance=1.00m <= 1.2m
05:22:55.638 [AMR-03] STATE_TRANSITION EMERGENCY_STOP -> MOVING (intent=MOVE)
05:22:55.739 [AMR-03] STATE_TRANSITION MOVING -> EMERGENCY_STOP (intent=STOP)
05:22:55.739 [AMR-03] SAFETY_STOP min_obstacle_distance=1.01m <= 1.2m
05:22:55.840 [AMR-03] STATE_TRANSITION EMERGENCY_STOP -> MOVING (intent=MOVE)
05:22:55.940 [AMR-03] STATE_TRANSITION MOVING -> EMERGENCY_STOP (intent=STOP)
05:22:55.940 [AMR-03] SAFETY_STOP min_obstacle_distance=1.04m <= 1.2m
05:22:56.041 [AMR-03] STATE_TRANSITION EMERGENCY_STOP -> MOVING (intent=MOVE)
05:22:56.142 [AMR-03] STATE_TRANSITION MOVING -> EMERGENCY_STOP (intent=STOP)
05:22:56.142 [AMR-03] SAFETY_STOP min_obstacle_distance=1.10m <= 1.2m
05:22:56.243 [AMR-03] STATE_TRANSITION EMERGENCY_STOP -> MOVING (intent=MOVE)
05:22:56.343 [AMR-03] STATE_TRANSITION MOVING -> EMERGENCY_STOP (intent=STOP)
05:22:56.343 [AMR-03] SAFETY_STOP min_obstacle_distance=1.08m <= 1.2m
05:22:56.444 [AMR-03] STATE_TRANSITION EMERGENCY_STOP -> MOVING (intent=MOVE)
05:22:56.544 [AMR-03] STATE_TRANSITION MOVING -> EMERGENCY_STOP (intent=STOP)
05:22:56.544 [AMR-03] SAFETY_STOP min_obstacle_distance=1.00m <= 1.2m
05:22:56.645 [AMR-03] STATE_TRANSITION EMERGENCY_STOP -> MOVING (intent=MOVE)
05:22:56.745 [AMR-03] STATE_TRANSITION MOVING -> EMERGENCY_STOP (intent=STOP)
05:22:56.745 [AMR-03] SAFETY_STOP min_obstacle_distance=1.01m <= 1.2m
05:22:56.846 [AMR-03] STATE_TRANSITION EMERGENCY_STOP -> MOVING (intent=MOVE)
05:22:56.946 [AMR-03] STATE_TRANSITION MOVING -> EMERGENCY_STOP (intent=STOP)
05:22:56.946 [AMR-03] SAFETY_STOP min_obstacle_distance=1.04m <= 1.2m
05:22:57.047 [AMR-03] STATE_TRANSITION EMERGENCY_STOP -> MOVING (intent=MOVE)
05:22:57.147 [AMR-03] STATE_TRANSITION MOVING -> EMERGENCY_STOP (intent=STOP)
05:22:57.147 [AMR-03] SAFETY_STOP min_obstacle_distance=1.10m <= 1.2m
05:22:57.248 [AMR-03] STATE_TRANSITION EMERGENCY_STOP -> MOVING (intent=MOVE)
05:22:57.348 [AMR-03] STATE_TRANSITION MOVING -> EMERGENCY_STOP (intent=STOP)
05:22:57.348 [AMR-03] SAFETY_STOP min_obstacle_distance=1.08m <= 1.2m
05:22:57.449 [AMR-03] STATE_TRANSITION EMERGENCY_STOP -> MOVING (intent=MOVE)
05:22:57.549 [AMR-03] STATE_TRANSITION MOVING -> EMERGENCY_STOP (intent=STOP)
05:22:57.549 [AMR-03] SAFETY_STOP min_obstacle_distance=1.00m <= 1.2m
05:22:57.650 [AMR-03] STATE_TRANSITION EMERGENCY_STOP -> MOVING (intent=MOVE)
05:22:57.750 [AMR-03] STATE_TRANSITION MOVING -> EMERGENCY_STOP (intent=STOP)
05:22:57.751 [AMR-03] SAFETY_STOP min_obstacle_distance=1.01m <= 1.2m
05:22:57.851 [AMR-03] STATE_TRANSITION EMERGENCY_STOP -> MOVING (intent=MOVE)
05:22:57.952 [AMR-03] STATE_TRANSITION MOVING -> EMERGENCY_STOP (intent=STOP)
05:22:57.952 [AMR-03] SAFETY_STOP min_obstacle_distance=1.04m <= 1.2m
05:22:58.052 [AMR-03] STATE_TRANSITION EMERGENCY_STOP -> MOVING (intent=MOVE)
05:22:58.153 [AMR-03] STATE_TRANSITION MOVING -> EMERGENCY_STOP (intent=STOP)
05:22:58.153 [AMR-03] SAFETY_STOP min_obstacle_distance=1.10m <= 1.2m
05:22:58.253 [AMR-03] STATE_TRANSITION EMERGENCY_STOP -> MOVING (intent=MOVE)
05:22:58.354 [AMR-03] STATE_TRANSITION MOVING -> EMERGENCY_STOP (intent=STOP)
05:22:58.354 [AMR-03] SAFETY_STOP min_obstacle_distance=1.08m <= 1.2m
05:22:58.455 [AMR-03] STATE_TRANSITION EMERGENCY_STOP -> MOVING (intent=MOVE)
05:22:58.556 [AMR-03] STATE_TRANSITION MOVING -> EMERGENCY_STOP (intent=STOP)
05:22:58.557 [AMR-03] SAFETY_STOP min_obstacle_distance=1.00m <= 1.2m
05:22:58.657 [AMR-03] STATE_TRANSITION EMERGENCY_STOP -> MOVING (intent=MOVE)
05:22:58.757 [AMR-03] STATE_TRANSITION MOVING -> EMERGENCY_STOP (intent=STOP)
05:22:58.758 [AMR-03] SAFETY_STOP min_obstacle_distance=1.01m <= 1.2m
05:22:58.858 [AMR-03] STATE_TRANSITION EMERGENCY_STOP -> MOVING (intent=MOVE)
05:22:58.959 [AMR-03] STATE_TRANSITION MOVING -> EMERGENCY_STOP (intent=STOP)
05:22:58.959 [AMR-03] SAFETY_STOP min_obstacle_distance=1.04m <= 1.2m
05:22:59.059 [AMR-03] STATE_TRANSITION EMERGENCY_STOP -> MOVING (intent=MOVE)
05:22:59.160 [AMR-03] STATE_TRANSITION MOVING -> EMERGENCY_STOP (intent=STOP)
05:22:59.160 [AMR-03] SAFETY_STOP min_obstacle_distance=1.10m <= 1.2m
05:22:59.260 [AMR-03] STATE_TRANSITION EMERGENCY_STOP -> MOVING (intent=MOVE)
05:22:59.361 [AMR-03] STATE_TRANSITION MOVING -> EMERGENCY_STOP (intent=STOP)
05:22:59.361 [AMR-03] SAFETY_STOP min_obstacle_distance=1.08m <= 1.2m
05:22:59.462 [AMR-03] STATE_TRANSITION EMERGENCY_STOP -> MOVING (intent=MOVE)
05:22:59.562 [AMR-03] STATE_TRANSITION MOVING -> EMERGENCY_STOP (intent=STOP)
05:22:59.562 [AMR-03] SAFETY_STOP min_obstacle_distance=1.00m <= 1.2m
05:22:59.662 [AMR-03] STATE_TRANSITION EMERGENCY_STOP -> MOVING (intent=MOVE)
05:22:59.764 [AMR-03] STATE_TRANSITION MOVING -> EMERGENCY_STOP (intent=STOP)
05:22:59.764 [AMR-03] SAFETY_STOP min_obstacle_distance=1.01m <= 1.2m
05:22:59.864 [AMR-03] STATE_TRANSITION EMERGENCY_STOP -> MOVING (intent=MOVE)
05:22:59.965 [AMR-03] STATE_TRANSITION MOVING -> EMERGENCY_STOP (intent=STOP)
05:22:59.965 [AMR-03] SAFETY_STOP min_obstacle_distance=1.04m <= 1.2m
05:23:00.065 [AMR-03] STATE_TRANSITION EMERGENCY_STOP -> MOVING (intent=MOVE)
05:23:00.166 [AMR-03] STATE_TRANSITION MOVING -> EMERGENCY_STOP (intent=STOP)
05:23:00.166 [AMR-03] SAFETY_STOP min_obstacle_distance=1.10m <= 1.2m
05:23:00.267 [AMR-03] STATE_TRANSITION EMERGENCY_STOP -> MOVING (intent=MOVE)
05:23:00.368 [AMR-03] STATE_TRANSITION MOVING -> EMERGENCY_STOP (intent=STOP)
05:23:00.368 [AMR-03] SAFETY_STOP min_obstacle_distance=1.08m <= 1.2m
05:23:00.469 [AMR-03] STATE_TRANSITION EMERGENCY_STOP -> MOVING (intent=MOVE)
05:23:00.569 [AMR-03] STATE_TRANSITION MOVING -> EMERGENCY_STOP (intent=STOP)
05:23:00.569 [AMR-03] SAFETY_STOP min_obstacle_distance=1.00m <= 1.2m
05:23:00.670 [AMR-03] STATE_TRANSITION EMERGENCY_STOP -> MOVING (intent=MOVE)
05:23:00.770 [AMR-03] STATE_TRANSITION MOVING -> EMERGENCY_STOP (intent=STOP)
05:23:00.770 [AMR-03] SAFETY_STOP min_obstacle_distance=1.01m <= 1.2m
05:23:00.872 [AMR-03] STATE_TRANSITION EMERGENCY_STOP -> MOVING (intent=MOVE)
05:23:00.971 [AMR-03] STATE_TRANSITION MOVING -> EMERGENCY_STOP (intent=STOP)
05:23:00.971 [AMR-03] SAFETY_STOP min_obstacle_distance=1.04m <= 1.2m
05:23:01.073 [AMR-03] STATE_TRANSITION EMERGENCY_STOP -> MOVING (intent=MOVE)
05:23:01.173 [AMR-03] STATE_TRANSITION MOVING -> EMERGENCY_STOP (intent=STOP)
05:23:01.173 [AMR-03] SAFETY_STOP min_obstacle_distance=1.10m <= 1.2m
05:23:01.274 [AMR-03] STATE_TRANSITION EMERGENCY_STOP -> MOVING (intent=MOVE)
05:23:01.374 [AMR-03] STATE_TRANSITION MOVING -> EMERGENCY_STOP (intent=STOP)
05:23:01.374 [AMR-03] SAFETY_STOP min_obstacle_distance=1.08m <= 1.2m
05:23:01.477 [AMR-03] STATE_TRANSITION EMERGENCY_STOP -> MOVING (intent=MOVE)
05:23:01.577 [AMR-03] STATE_TRANSITION MOVING -> EMERGENCY_STOP (intent=STOP)
05:23:01.577 [AMR-03] SAFETY_STOP min_obstacle_distance=1.00m <= 1.2m
05:23:01.678 [AMR-03] STATE_TRANSITION EMERGENCY_STOP -> MOVING (intent=MOVE)
05:23:01.779 [AMR-03] STATE_TRANSITION MOVING -> EMERGENCY_STOP (intent=STOP)
05:23:01.779 [AMR-03] SAFETY_STOP min_obstacle_distance=1.01m <= 1.2m
05:23:01.880 [AMR-03] STATE_TRANSITION EMERGENCY_STOP -> MOVING (intent=MOVE)
05:23:01.981 [AMR-03] STATE_TRANSITION MOVING -> EMERGENCY_STOP (intent=STOP)
05:23:01.981 [AMR-03] SAFETY_STOP min_obstacle_distance=1.05m <= 1.2m
05:23:02.081 [AMR-03] STATE_TRANSITION EMERGENCY_STOP -> MOVING (intent=MOVE)
05:23:02.183 [AMR-03] STATE_TRANSITION MOVING -> EMERGENCY_STOP (intent=STOP)
05:23:02.183 [AMR-03] SAFETY_STOP min_obstacle_distance=1.10m <= 1.2m
05:23:02.284 [AMR-03] STATE_TRANSITION EMERGENCY_STOP -> MOVING (intent=MOVE)
05:23:02.384 [AMR-03] STATE_TRANSITION MOVING -> EMERGENCY_STOP (intent=STOP)
05:23:02.384 [AMR-03] SAFETY_STOP min_obstacle_distance=1.08m <= 1.2m
05:23:02.485 [AMR-03] STATE_TRANSITION EMERGENCY_STOP -> MOVING (intent=MOVE)
05:23:02.585 [AMR-03] STATE_TRANSITION MOVING -> EMERGENCY_STOP (intent=STOP)
05:23:02.586 [AMR-03] SAFETY_STOP min_obstacle_distance=1.01m <= 1.2m
05:23:02.686 [AMR-03] STATE_TRANSITION EMERGENCY_STOP -> MOVING (intent=MOVE)
05:23:02.786 [AMR-03] STATE_TRANSITION MOVING -> EMERGENCY_STOP (intent=STOP)
05:23:02.787 [AMR-03] SAFETY_STOP min_obstacle_distance=1.04m <= 1.2m
05:23:02.887 [AMR-03] STATE_TRANSITION EMERGENCY_STOP -> MOVING (intent=MOVE)
05:23:02.988 [AMR-03] STATE_TRANSITION MOVING -> EMERGENCY_STOP (intent=STOP)
05:23:02.988 [AMR-03] SAFETY_STOP min_obstacle_distance=1.10m <= 1.2m
05:23:03.089 [AMR-03] STATE_TRANSITION EMERGENCY_STOP -> MOVING (intent=MOVE)
05:23:03.189 [AMR-03] STATE_TRANSITION MOVING -> EMERGENCY_STOP (intent=STOP)
05:23:03.190 [AMR-03] SAFETY_STOP min_obstacle_distance=1.08m <= 1.2m
05:23:03.290 [AMR-03] STATE_TRANSITION EMERGENCY_STOP -> MOVING (intent=MOVE)
05:23:03.390 [AMR-03] STATE_TRANSITION MOVING -> EMERGENCY_STOP (intent=STOP)
05:23:03.391 [AMR-03] SAFETY_STOP min_obstacle_distance=1.03m <= 1.2m
05:23:03.492 [AMR-03] STATE_TRANSITION EMERGENCY_STOP -> MOVING (intent=MOVE)
05:23:03.592 [AMR-03] STATE_TRANSITION MOVING -> EMERGENCY_STOP (intent=STOP)
05:23:03.592 [AMR-03] SAFETY_STOP min_obstacle_distance=1.00m <= 1.2m
05:23:03.693 [AMR-03] STATE_TRANSITION EMERGENCY_STOP -> MOVING (intent=MOVE)
05:23:03.793 [AMR-03] STATE_TRANSITION MOVING -> EMERGENCY_STOP (intent=STOP)
05:23:03.793 [AMR-03] SAFETY_STOP min_obstacle_distance=1.01m <= 1.2m
05:23:03.894 [AMR-03] STATE_TRANSITION EMERGENCY_STOP -> MOVING (intent=MOVE)
05:23:03.994 [AMR-03] STATE_TRANSITION MOVING -> EMERGENCY_STOP (intent=STOP)
05:23:03.994 [AMR-03] SAFETY_STOP min_obstacle_distance=1.04m <= 1.2m
05:23:04.094 [AMR-03] STATE_TRANSITION EMERGENCY_STOP -> MOVING (intent=MOVE)
05:23:04.195 [AMR-03] STATE_TRANSITION MOVING -> EMERGENCY_STOP (intent=STOP)
05:23:04.195 [AMR-03] SAFETY_STOP min_obstacle_distance=1.10m <= 1.2m
05:23:04.296 [AMR-03] STATE_TRANSITION EMERGENCY_STOP -> MOVING (intent=MOVE)
05:23:04.398 [AMR-03] STATE_TRANSITION MOVING -> EMERGENCY_STOP (intent=STOP)
05:23:04.398 [AMR-03] SAFETY_STOP min_obstacle_distance=1.08m <= 1.2m
05:23:04.499 [AMR-03] STATE_TRANSITION EMERGENCY_STOP -> MOVING (intent=MOVE)
05:23:04.600 [AMR-03] STATE_TRANSITION MOVING -> EMERGENCY_STOP (intent=STOP)
05:23:04.600 [AMR-03] SAFETY_STOP min_obstacle_distance=1.01m <= 1.2m
05:23:04.700 [AMR-03] STATE_TRANSITION EMERGENCY_STOP -> MOVING (intent=MOVE)
05:23:04.800 [AMR-03] STATE_TRANSITION MOVING -> EMERGENCY_STOP (intent=STOP)
05:23:04.801 [AMR-03] SAFETY_STOP min_obstacle_distance=1.04m <= 1.2m
05:23:04.901 [AMR-03] STATE_TRANSITION EMERGENCY_STOP -> MOVING (intent=MOVE)
05:23:05.001 [AMR-03] STATE_TRANSITION MOVING -> EMERGENCY_STOP (intent=STOP)
05:23:05.001 [AMR-03] SAFETY_STOP min_obstacle_distance=1.10m <= 1.2m
05:23:05.101 [AMR-03] STATE_TRANSITION EMERGENCY_STOP -> MOVING (intent=MOVE)
05:23:05.201 [AMR-03] STATE_TRANSITION MOVING -> EMERGENCY_STOP (intent=STOP)
05:23:05.201 [AMR-03] SAFETY_STOP min_obstacle_distance=1.08m <= 1.2m
05:23:05.302 [AMR-03] STATE_TRANSITION EMERGENCY_STOP -> MOVING (intent=MOVE)
05:23:05.402 [AMR-03] STATE_TRANSITION MOVING -> EMERGENCY_STOP (intent=STOP)
05:23:05.402 [AMR-03] SAFETY_STOP min_obstacle_distance=1.03m <= 1.2m
05:23:05.503 [AMR-03] STATE_TRANSITION EMERGENCY_STOP -> MOVING (intent=MOVE)
05:23:05.604 [AMR-03] STATE_TRANSITION MOVING -> EMERGENCY_STOP (intent=STOP)
05:23:05.604 [AMR-03] SAFETY_STOP min_obstacle_distance=1.01m <= 1.2m
05:23:05.705 [AMR-03] STATE_TRANSITION EMERGENCY_STOP -> MOVING (intent=MOVE)
05:23:05.805 [AMR-03] STATE_TRANSITION MOVING -> EMERGENCY_STOP (intent=STOP)
05:23:05.805 [AMR-03] SAFETY_STOP min_obstacle_distance=1.04m <= 1.2m
05:23:05.906 [AMR-03] STATE_TRANSITION EMERGENCY_STOP -> MOVING (intent=MOVE)
05:23:06.007 [AMR-03] STATE_TRANSITION MOVING -> EMERGENCY_STOP (intent=STOP)
05:23:06.007 [AMR-03] SAFETY_STOP min_obstacle_distance=1.10m <= 1.2m
05:23:06.107 [AMR-03] STATE_TRANSITION EMERGENCY_STOP -> MOVING (intent=MOVE)
05:23:06.208 [AMR-03] STATE_TRANSITION MOVING -> EMERGENCY_STOP (intent=STOP)
05:23:06.208 [AMR-03] SAFETY_STOP min_obstacle_distance=1.08m <= 1.2m
05:23:06.308 [AMR-03] STATE_TRANSITION EMERGENCY_STOP -> MOVING (intent=MOVE)
05:23:06.408 [AMR-03] STATE_TRANSITION MOVING -> EMERGENCY_STOP (intent=STOP)
05:23:06.408 [AMR-03] SAFETY_STOP min_obstacle_distance=1.03m <= 1.2m
05:23:06.509 [AMR-03] STATE_TRANSITION EMERGENCY_STOP -> MOVING (intent=MOVE)
05:23:06.610 [AMR-03] STATE_TRANSITION MOVING -> EMERGENCY_STOP (intent=STOP)
05:23:06.610 [AMR-03] SAFETY_STOP min_obstacle_distance=1.01m <= 1.2m
05:23:06.712 [AMR-03] STATE_TRANSITION EMERGENCY_STOP -> MOVING (intent=MOVE)
05:23:06.812 [AMR-03] STATE_TRANSITION MOVING -> EMERGENCY_STOP (intent=STOP)
05:23:06.813 [AMR-03] SAFETY_STOP min_obstacle_distance=1.05m <= 1.2m
05:23:06.913 [AMR-03] STATE_TRANSITION EMERGENCY_STOP -> MOVING (intent=MOVE)
05:23:07.013 [AMR-03] STATE_TRANSITION MOVING -> EMERGENCY_STOP (intent=STOP)
05:23:07.014 [AMR-03] SAFETY_STOP min_obstacle_distance=1.10m <= 1.2m
05:23:07.114 [AMR-03] STATE_TRANSITION EMERGENCY_STOP -> MOVING (intent=MOVE)
05:23:07.214 [AMR-03] STATE_TRANSITION MOVING -> EMERGENCY_STOP (intent=STOP)
05:23:07.214 [AMR-03] SAFETY_STOP min_obstacle_distance=1.08m <= 1.2m
05:23:07.315 [AMR-03] STATE_TRANSITION EMERGENCY_STOP -> MOVING (intent=MOVE)
05:23:07.418 [AMR-03] STATE_TRANSITION MOVING -> EMERGENCY_STOP (intent=STOP)
05:23:07.418 [AMR-03] SAFETY_STOP min_obstacle_distance=1.03m <= 1.2m
05:23:07.519 [AMR-03] STATE_TRANSITION EMERGENCY_STOP -> MOVING (intent=MOVE)
05:23:07.619 [AMR-03] STATE_TRANSITION MOVING -> EMERGENCY_STOP (intent=STOP)
05:23:07.619 [AMR-03] SAFETY_STOP min_obstacle_distance=1.01m <= 1.2m
05:23:07.719 [AMR-03] STATE_TRANSITION EMERGENCY_STOP -> MOVING (intent=MOVE)
05:23:07.820 [AMR-03] STATE_TRANSITION MOVING -> EMERGENCY_STOP (intent=STOP)
05:23:07.820 [AMR-03] SAFETY_STOP min_obstacle_distance=1.04m <= 1.2m
05:23:07.920 [AMR-03] STATE_TRANSITION EMERGENCY_STOP -> MOVING (intent=MOVE)
05:23:08.020 [AMR-03] STATE_TRANSITION MOVING -> EMERGENCY_STOP (intent=STOP)
05:23:08.020 [AMR-03] SAFETY_STOP min_obstacle_distance=1.10m <= 1.2m
05:23:08.121 [AMR-03] STATE_TRANSITION EMERGENCY_STOP -> MOVING (intent=MOVE)
05:23:08.221 [AMR-03] STATE_TRANSITION MOVING -> EMERGENCY_STOP (intent=STOP)
05:23:08.221 [AMR-03] SAFETY_STOP min_obstacle_distance=1.08m <= 1.2m
05:23:08.322 [AMR-03] STATE_TRANSITION EMERGENCY_STOP -> MOVING (intent=MOVE)
05:23:08.424 [AMR-03] STATE_TRANSITION MOVING -> EMERGENCY_STOP (intent=STOP)
05:23:08.424 [AMR-03] SAFETY_STOP min_obstacle_distance=1.03m <= 1.2m
05:23:08.525 [AMR-03] STATE_TRANSITION EMERGENCY_STOP -> MOVING (intent=MOVE)
05:23:08.626 [AMR-03] STATE_TRANSITION MOVING -> EMERGENCY_STOP (intent=STOP)
05:23:08.626 [AMR-03] SAFETY_STOP min_obstacle_distance=1.01m <= 1.2m
05:23:08.727 [AMR-03] STATE_TRANSITION EMERGENCY_STOP -> MOVING (intent=MOVE)
05:23:08.829 [AMR-03] STATE_TRANSITION MOVING -> EMERGENCY_STOP (intent=STOP)
05:23:08.830 [AMR-03] SAFETY_STOP min_obstacle_distance=1.04m <= 1.2m
05:23:08.930 [AMR-03] STATE_TRANSITION EMERGENCY_STOP -> MOVING (intent=MOVE)
05:23:09.032 [AMR-03] STATE_TRANSITION MOVING -> EMERGENCY_STOP (intent=STOP)
05:23:09.032 [AMR-03] SAFETY_STOP min_obstacle_distance=1.10m <= 1.2m
05:23:09.133 [AMR-03] STATE_TRANSITION EMERGENCY_STOP -> MOVING (intent=MOVE)
05:23:09.234 [AMR-03] STATE_TRANSITION MOVING -> EMERGENCY_STOP (intent=STOP)
05:23:09.234 [AMR-03] SAFETY_STOP min_obstacle_distance=1.07m <= 1.2m
05:23:09.336 [AMR-03] STATE_TRANSITION EMERGENCY_STOP -> MOVING (intent=MOVE)
05:23:09.440 [AMR-03] STATE_TRANSITION MOVING -> EMERGENCY_STOP (intent=STOP)
05:23:09.440 [AMR-03] SAFETY_STOP min_obstacle_distance=1.03m <= 1.2m
05:23:09.541 [AMR-03] STATE_TRANSITION EMERGENCY_STOP -> MOVING (intent=MOVE)
05:23:09.641 [AMR-03] STATE_TRANSITION MOVING -> EMERGENCY_STOP (intent=STOP)
05:23:09.641 [AMR-03] SAFETY_STOP min_obstacle_distance=1.01m <= 1.2m
05:23:09.742 [AMR-03] STATE_TRANSITION EMERGENCY_STOP -> MOVING (intent=MOVE)
05:23:09.842 [AMR-03] STATE_TRANSITION MOVING -> EMERGENCY_STOP (intent=STOP)
05:23:09.842 [AMR-03] SAFETY_STOP min_obstacle_distance=1.04m <= 1.2m
05:23:09.943 [AMR-03] STATE_TRANSITION EMERGENCY_STOP -> MOVING (intent=MOVE)
05:23:10.043 [AMR-03] STATE_TRANSITION MOVING -> EMERGENCY_STOP (intent=STOP)
05:23:10.043 [AMR-03] SAFETY_STOP min_obstacle_distance=1.10m <= 1.2m
05:23:10.143 [AMR-03] STATE_TRANSITION EMERGENCY_STOP -> MOVING (intent=MOVE)
05:23:10.245 [AMR-03] STATE_TRANSITION MOVING -> EMERGENCY_STOP (intent=STOP)
05:23:10.245 [AMR-03] SAFETY_STOP min_obstacle_distance=1.08m <= 1.2m
05:23:10.344 [AMR-03] STATE_TRANSITION EMERGENCY_STOP -> MOVING (intent=MOVE)
05:23:10.445 [AMR-03] STATE_TRANSITION MOVING -> EMERGENCY_STOP (intent=STOP)
05:23:10.445 [AMR-03] SAFETY_STOP min_obstacle_distance=1.03m <= 1.2m
05:23:10.546 [AMR-03] STATE_TRANSITION EMERGENCY_STOP -> MOVING (intent=MOVE)
05:23:10.647 [AMR-03] STATE_TRANSITION MOVING -> EMERGENCY_STOP (intent=STOP)
05:23:10.647 [AMR-03] SAFETY_STOP min_obstacle_distance=1.01m <= 1.2m
05:23:10.749 [AMR-03] STATE_TRANSITION EMERGENCY_STOP -> MOVING (intent=MOVE)
05:23:10.851 [AMR-03] STATE_TRANSITION MOVING -> EMERGENCY_STOP (intent=STOP)
05:23:10.851 [AMR-03] SAFETY_STOP min_obstacle_distance=1.05m <= 1.2m
05:23:10.952 [AMR-03] STATE_TRANSITION EMERGENCY_STOP -> MOVING (intent=MOVE)
05:23:11.053 [AMR-03] STATE_TRANSITION MOVING -> EMERGENCY_STOP (intent=STOP)
05:23:11.053 [AMR-03] SAFETY_STOP min_obstacle_distance=1.10m <= 1.2m
05:23:11.154 [AMR-03] STATE_TRANSITION EMERGENCY_STOP -> MOVING (intent=MOVE)
05:23:11.254 [AMR-03] STATE_TRANSITION MOVING -> EMERGENCY_STOP (intent=STOP)
05:23:11.254 [AMR-03] SAFETY_STOP min_obstacle_distance=1.07m <= 1.2m
05:23:11.355 [AMR-03] STATE_TRANSITION EMERGENCY_STOP -> MOVING (intent=MOVE)
05:23:11.456 [AMR-03] STATE_TRANSITION MOVING -> EMERGENCY_STOP (intent=STOP)
05:23:11.456 [AMR-03] SAFETY_STOP min_obstacle_distance=1.03m <= 1.2m
05:23:11.557 [AMR-03] STATE_TRANSITION EMERGENCY_STOP -> MOVING (intent=MOVE)
05:23:11.657 [AMR-03] STATE_TRANSITION MOVING -> EMERGENCY_STOP (intent=STOP)
05:23:11.658 [AMR-03] SAFETY_STOP min_obstacle_distance=1.01m <= 1.2m
05:23:11.758 [AMR-03] STATE_TRANSITION EMERGENCY_STOP -> MOVING (intent=MOVE)
05:23:11.859 [AMR-03] STATE_TRANSITION MOVING -> EMERGENCY_STOP (intent=STOP)
05:23:11.859 [AMR-03] SAFETY_STOP min_obstacle_distance=1.04m <= 1.2m
05:23:11.961 [AMR-03] STATE_TRANSITION EMERGENCY_STOP -> MOVING (intent=MOVE)
05:23:12.062 [AMR-03] STATE_TRANSITION MOVING -> EMERGENCY_STOP (intent=STOP)
05:23:12.062 [AMR-03] SAFETY_STOP min_obstacle_distance=1.10m <= 1.2m
05:23:12.163 [AMR-03] STATE_TRANSITION EMERGENCY_STOP -> MOVING (intent=MOVE)
05:23:12.265 [AMR-03] STATE_TRANSITION MOVING -> EMERGENCY_STOP (intent=STOP)
05:23:12.265 [AMR-03] SAFETY_STOP min_obstacle_distance=1.07m <= 1.2m
05:23:12.366 [AMR-03] STATE_TRANSITION EMERGENCY_STOP -> MOVING (intent=MOVE)
05:23:12.468 [AMR-03] STATE_TRANSITION MOVING -> EMERGENCY_STOP (intent=STOP)
05:23:12.468 [AMR-03] SAFETY_STOP min_obstacle_distance=1.03m <= 1.2m
05:23:12.569 [AMR-03] STATE_TRANSITION EMERGENCY_STOP -> MOVING (intent=MOVE)
05:23:12.670 [AMR-03] STATE_TRANSITION MOVING -> EMERGENCY_STOP (intent=STOP)
05:23:12.670 [AMR-03] SAFETY_STOP min_obstacle_distance=1.01m <= 1.2m
05:23:12.771 [AMR-03] STATE_TRANSITION EMERGENCY_STOP -> MOVING (intent=MOVE)
05:23:12.873 [AMR-03] STATE_TRANSITION MOVING -> EMERGENCY_STOP (intent=STOP)
05:23:12.873 [AMR-03] SAFETY_STOP min_obstacle_distance=1.04m <= 1.2m
05:23:12.974 [AMR-03] STATE_TRANSITION EMERGENCY_STOP -> MOVING (intent=MOVE)
05:23:13.075 [AMR-03] STATE_TRANSITION MOVING -> EMERGENCY_STOP (intent=STOP)
05:23:13.075 [AMR-03] SAFETY_STOP min_obstacle_distance=1.10m <= 1.2m
